  0
SECTION
  2
HEADER
  9
$ANGBASE
  50
0.0
  9
$ANGDIR
  70
1
  9
$MEASUREMENT
  70
1
  0
ENDSEC
  0
SECTION
  2
TABLES
  0
TABLE
  2
LTYPE
  70
4
  0
LTYPE
  5
40F
  2
CONTINUOUS
  70
0
  3
Solid line
  72
65
  73
0
  40
0.0
  0
LTYPE
  5
410
  2
DASHDOT
 70
0
  3
Dash Dot ____ _ ____ _
 72
65
 73
4
 40
2.0
 49
1.25
 49
-0.25
 49
0.25
 49
-0.25
  0
LTYPE
  5
411
  2
DASHED
 70
0
  3
Dashed __ __ __ __ __
 72
65
 73
2
 40
0.75
 49
0.5
 49
-0.25
  0
LTYPE
  5
43B
  2
DOTTED
 70
0
  3
Dotted .  .  .  .
 72
65
 73
2
 40
0.2
 49
0.0
 49
-0.2
  0
ENDTAB
  0
TABLE
  2
STYLE
  70
4
  0
STYLE
  2
KICAD
  70
0
  40
0
  41
1
  42
1
  50
0
  71
0
  3
isocp.shx
  0
STYLE
  2
KICADB
  70
0
  40
0
  41
1
  42
1
  50
0
  71
0
  3
isocp.shx
  0
STYLE
  2
KICADI
  70
0
  40
0
  41
1
  42
1
  50
15
  71
0
  3
isocp.shx
  0
STYLE
  2
KICADBI
  70
0
  40
0
  41
1
  42
1
  50
15
  71
0
  3
isocp.shx
  0
ENDTAB
  0
TABLE
  2
LAYER
  70
1
  0
LAYER
  2
BLACK
  70
0
  62
7
  6
CONTINUOUS
  0
ENDTAB
  0
ENDSEC
  0
SECTION
  2
ENTITIES
0
LINE
8
BLACK
6
CONTINUOUS
10
144.2239999999999895
20
-110.2360019999999992
11
144.2239999999999895
21
-107.695999999999998
0
LINE
8
BLACK
6
CONTINUOUS
10
138.2239999999999895
20
-110.2360019999999992
11
138.2239999999999895
21
-107.695999999999998
0
ARC
8
BLACK
10
149.7159999999999798
20
-107.695999999999998
40
0.508
50
0.00000000
51
180.00000000
0
LINE
8
BLACK
6
CONTINUOUS
10
155.2079999999999984
20
-110.2360019999999992
11
155.2079999999999984
21
-107.695999999999998
0
ARC
8
BLACK
10
167.8951999999999884
20
-108.2038999999999902
40
2.032113002460493
50
-89.99687032
51
-0.00281952
0
ARC
8
BLACK
10
125.584699999999998
20
-99.3550999999999931
40
3.5051411604243556
50
-0.02447015
51
49.78951917
0
LINE
8
BLACK
6
CONTINUOUS
10
137.2079999999999984
20
-110.2360019999999992
11
137.2079999999999984
21
-107.695999999999998
0
ARC
8
BLACK
10
173.4279999999999973
20
-99.2545999999999964
40
3.5006870013163129
50
130.39494890
51
179.99842877
0
LINE
8
BLACK
6
CONTINUOUS
10
141.2239999999999895
20
-110.2360019999999992
11
143.2079999999999984
21
-110.2360019999999992
0
LINE
8
BLACK
6
CONTINUOUS
10
140.2079999999999984
20
-110.2360019999999992
11
140.2079999999999984
21
-107.695999999999998
0
LINE
8
BLACK
6
CONTINUOUS
10
129.0898589999999899
20
-99.3565969999999936
11
129.0898589999999899
21
-108.2039999999999935
0
LINE
8
BLACK
6
CONTINUOUS
10
150.2239999999999895
20
-110.2360019999999992
11
150.2239999999999895
21
-107.695999999999998
0
LINE
8
BLACK
6
CONTINUOUS
10
169.9273129999999981
20
-99.2545039999999972
11
169.9273129999999981
21
-108.2039999999999935
0
ARC
8
BLACK
10
149.4505020000000002
20
-71.0742959999999897
40
33.5
50
0.00000000
51
180.00000000
0
ARC
8
BLACK
10
140.7159999999999798
20
-107.695999999999998
40
0.508
50
0.00000000
51
180.00000000
0
LINE
8
BLACK
6
CONTINUOUS
10
144.2239999999999895
20
-110.2360019999999992
11
146.2079999999999984
21
-110.2360019999999992
0
ARC
8
BLACK
10
143.7159999999999798
20
-107.695999999999998
40
0.508
50
0.00000000
51
180.00000000
0
ARC
8
BLACK
10
137.7159999999999798
20
-107.695999999999998
40
0.508
50
0.00000000
51
180.00000000
0
ARC
8
BLACK
10
131.1218000000000075
20
-108.2040999999999968
40
2.0319020008565865
50
-180.00281976
51
-89.99833631
0
ARC
8
BLACK
10
149.4504799999999989
20
-71.0742800000000017
40
33.500022000003824
50
-49.60704241
51
-0.00002737
0
ARC
8
BLACK
10
149.4505000000000052
20
-71.0742999999999938
40
33.4999958740311001
50
-180.00000684
51
-130.15536454
0
LINE
8
BLACK
6
CONTINUOUS
10
137.2079999999999984
20
-110.2360019999999992
11
131.1218590000000006
21
-110.2360019999999992
0
ARC
8
BLACK
10
155.7159999999999798
20
-107.695999999999998
40
0.508
50
0.00000000
51
180.00000000
0
LINE
8
BLACK
6
CONTINUOUS
10
167.8953109999999924
20
-110.23599999999999
11
156.2239999999999895
21
-110.2360019999999992
0
LINE
8
BLACK
6
CONTINUOUS
10
149.2079999999999984
20
-110.2360019999999992
11
149.2079999999999984
21
-107.695999999999998
0
ARC
8
BLACK
10
146.7159999999999798
20
-107.695999999999998
40
0.508
50
0.00000000
51
180.00000000
0
LINE
8
BLACK
6
CONTINUOUS
10
143.2079999999999984
20
-110.2360019999999992
11
143.2079999999999984
21
-107.695999999999998
0
LINE
8
BLACK
6
CONTINUOUS
10
152.2079999999999984
20
-110.2360019999999992
11
152.2079999999999984
21
-107.695999999999998
0
LINE
8
BLACK
6
CONTINUOUS
10
153.2239999999999895
20
-110.2360019999999992
11
155.2079999999999984
21
-110.2360019999999992
0
LINE
8
BLACK
6
CONTINUOUS
10
147.2239999999999895
20
-110.2360019999999992
11
149.2079999999999984
21
-110.2360019999999992
0
ARC
8
BLACK
10
152.7159999999999798
20
-107.695999999999998
40
0.508
50
0.00000000
51
180.00000000
0
LINE
8
BLACK
6
CONTINUOUS
10
141.2239999999999895
20
-110.2360019999999992
11
141.2239999999999895
21
-107.695999999999998
0
LINE
8
BLACK
6
CONTINUOUS
10
156.2239999999999895
20
-110.2360019999999992
11
156.2239999999999895
21
-107.695999999999998
0
LINE
8
BLACK
6
CONTINUOUS
10
153.2239999999999895
20
-110.2360019999999992
11
153.2239999999999895
21
-107.695999999999998
0
LINE
8
BLACK
6
CONTINUOUS
10
147.2239999999999895
20
-110.2360019999999992
11
147.2239999999999895
21
-107.695999999999998
0
LINE
8
BLACK
6
CONTINUOUS
10
150.2239999999999895
20
-110.2360019999999992
11
152.2079999999999984
21
-110.2360019999999992
0
LINE
8
BLACK
6
CONTINUOUS
10
138.2239999999999895
20
-110.2360019999999992
11
140.2079999999999984
21
-110.2360019999999992
0
LINE
8
BLACK
6
CONTINUOUS
10
146.2079999999999984
20
-110.2360019999999992
11
146.2079999999999984
21
-107.695999999999998
0
LINE
8
BLACK
6
CONTINUOUS
10
124.5499999999999972
20
-68.7999999999999972
11
124.9499999999999886
21
-69.2000000000000028
0
LINE
8
BLACK
6
CONTINUOUS
10
124.9499999999999886
20
-68.7999999999999972
11
124.5499999999999972
21
-69.2000000000000028
0
LINE
8
BLACK
6
CONTINUOUS
10
125.644999999999996
20
-77.7999999999999972
11
126.0449999999999875
21
-78.2000000000000028
0
LINE
8
BLACK
6
CONTINUOUS
10
126.0449999999999875
20
-77.7999999999999972
11
125.644999999999996
21
-78.2000000000000028
0
LINE
8
BLACK
6
CONTINUOUS
10
125.7124999999999915
20
-67.3875000000000028
11
126.1124999999999972
21
-67.7874999999999943
0
LINE
8
BLACK
6
CONTINUOUS
10
126.1124999999999972
20
-67.3875000000000028
11
125.7124999999999915
21
-67.7874999999999943
0
LINE
8
BLACK
6
CONTINUOUS
10
126.0499999999999972
20
-78.7999999999999972
11
126.4499999999999886
21
-79.2000000000000028
0
LINE
8
BLACK
6
CONTINUOUS
10
126.4499999999999886
20
-78.7999999999999972
11
126.0499999999999972
21
-79.2000000000000028
0
LINE
8
BLACK
6
CONTINUOUS
10
126.914999999999992
20
-72.7999999999999972
11
127.3149999999999977
21
-73.2000000000000028
0
LINE
8
BLACK
6
CONTINUOUS
10
127.3149999999999977
20
-72.7999999999999972
11
126.914999999999992
21
-73.2000000000000028
0
LINE
8
BLACK
6
CONTINUOUS
10
127.7999999999999972
20
-94.0499999999999972
11
128.1999999999999886
21
-94.4499999999999886
0
LINE
8
BLACK
6
CONTINUOUS
10
128.1999999999999886
20
-94.0499999999999972
11
127.7999999999999972
21
-94.4499999999999886
0
LINE
8
BLACK
6
CONTINUOUS
10
128.0499999999999829
20
-66.2999999999999972
11
128.4499999999999886
21
-66.7000000000000028
0
LINE
8
BLACK
6
CONTINUOUS
10
128.4499999999999886
20
-66.2999999999999972
11
128.0499999999999829
21
-66.7000000000000028
0
LINE
8
BLACK
6
CONTINUOUS
10
128.5
20
-73.7000000000000028
11
128.9000000000000057
21
-74.0999999999999943
0
LINE
8
BLACK
6
CONTINUOUS
10
128.9000000000000057
20
-73.7000000000000028
11
128.5
21
-74.0999999999999943
0
LINE
8
BLACK
6
CONTINUOUS
10
129.5499999999999829
20
-66.2999999999999972
11
129.9499999999999886
21
-66.7000000000000028
0
LINE
8
BLACK
6
CONTINUOUS
10
129.9499999999999886
20
-66.2999999999999972
11
129.5499999999999829
21
-66.7000000000000028
0
LINE
8
BLACK
6
CONTINUOUS
10
129.8624999999999829
20
-73.7374999999999972
11
130.2624999999999886
21
-74.1375000000000028
0
LINE
8
BLACK
6
CONTINUOUS
10
130.2624999999999886
20
-73.7374999999999972
11
129.8624999999999829
21
-74.1375000000000028
0
LINE
8
BLACK
6
CONTINUOUS
10
131.3719999999999857
20
-91.8719999999999999
11
131.7719999999999914
21
-92.2719999999999914
0
LINE
8
BLACK
6
CONTINUOUS
10
131.7719999999999914
20
-91.8719999999999999
11
131.3719999999999857
21
-92.2719999999999914
0
LINE
8
BLACK
6
CONTINUOUS
10
131.4056860000000029
20
-86.7022309999999976
11
131.8056859999999801
21
-87.1022309999999891
0
LINE
8
BLACK
6
CONTINUOUS
10
131.8056859999999801
20
-86.7022309999999976
11
131.4056860000000029
21
-87.1022309999999891
0
LINE
8
BLACK
6
CONTINUOUS
10
131.8874999999999886
20
-67.3875000000000028
11
132.2874999999999943
21
-67.7874999999999943
0
LINE
8
BLACK
6
CONTINUOUS
10
132.2874999999999943
20
-67.3875000000000028
11
131.8874999999999886
21
-67.7874999999999943
0
LINE
8
BLACK
6
CONTINUOUS
10
132.7303310000000067
20
-71.9303309999999954
11
133.130330999999984
21
-72.330331000000001
0
LINE
8
BLACK
6
CONTINUOUS
10
133.130330999999984
20
-71.9303309999999954
11
132.7303310000000067
21
-72.330331000000001
0
LINE
8
BLACK
6
CONTINUOUS
10
133.5310000000000059
20
-77.269999999999996
11
133.9309999999999832
21
-77.6700000000000017
0
LINE
8
BLACK
6
CONTINUOUS
10
133.9309999999999832
20
-77.269999999999996
11
133.5310000000000059
21
-77.6700000000000017
0
LINE
8
BLACK
6
CONTINUOUS
10
133.5999999999999943
20
-69.3999999999999915
11
134.
21
-69.7999999999999972
0
LINE
8
BLACK
6
CONTINUOUS
10
134.
20
-69.3999999999999915
11
133.5999999999999943
21
-69.7999999999999972
0
LINE
8
BLACK
6
CONTINUOUS
10
135.
20
-68.3999999999999915
11
135.4000000000000057
21
-68.7999999999999972
0
LINE
8
BLACK
6
CONTINUOUS
10
135.4000000000000057
20
-68.3999999999999915
11
135.
21
-68.7999999999999972
0
LINE
8
BLACK
6
CONTINUOUS
10
135.1819999999999879
20
-79.0480000000000018
11
135.5819999999999936
21
-79.4479999999999933
0
LINE
8
BLACK
6
CONTINUOUS
10
135.5819999999999936
20
-79.0480000000000018
11
135.1819999999999879
21
-79.4479999999999933
0
LINE
8
BLACK
6
CONTINUOUS
10
136.4000000000000057
20
-72.3999999999999915
11
136.7999999999999829
21
-72.7999999999999972
0
LINE
8
BLACK
6
CONTINUOUS
10
136.7999999999999829
20
-72.3999999999999915
11
136.4000000000000057
21
-72.7999999999999972
0
LINE
8
BLACK
6
CONTINUOUS
10
137.7333229999999844
20
-73.6720449999999971
11
138.1333229999999901
21
-74.0720450000000028
0
LINE
8
BLACK
6
CONTINUOUS
10
138.1333229999999901
20
-73.6720449999999971
11
137.7333229999999844
21
-74.0720450000000028
0
LINE
8
BLACK
6
CONTINUOUS
10
137.7999999999999829
20
-72.5999999999999943
11
138.1999999999999886
21
-73.
0
LINE
8
BLACK
6
CONTINUOUS
10
138.1999999999999886
20
-72.5999999999999943
11
137.7999999999999829
21
-73.
0
LINE
8
BLACK
6
CONTINUOUS
10
137.7999999999999829
20
-104.0499999999999972
11
138.1999999999999886
21
-104.4499999999999886
0
LINE
8
BLACK
6
CONTINUOUS
10
138.1999999999999886
20
-104.0499999999999972
11
137.7999999999999829
21
-104.4499999999999886
0
LINE
8
BLACK
6
CONTINUOUS
10
138.1954419999999857
20
-74.5588649999999973
11
138.5954419999999914
21
-74.958865000000003
0
LINE
8
BLACK
6
CONTINUOUS
10
138.5954419999999914
20
-74.5588649999999973
11
138.1954419999999857
21
-74.958865000000003
0
LINE
8
BLACK
6
CONTINUOUS
10
138.3055709999999863
20
-75.5527850000000001
11
138.705570999999992
21
-75.9527849999999916
0
LINE
8
BLACK
6
CONTINUOUS
10
138.705570999999992
20
-75.5527850000000001
11
138.3055709999999863
21
-75.9527849999999916
0
LINE
8
BLACK
6
CONTINUOUS
10
138.6924400000000048
20
-72.1082499999999982
11
139.0924399999999821
21
-72.5082499999999897
0
LINE
8
BLACK
6
CONTINUOUS
10
139.0924399999999821
20
-72.1082499999999982
11
138.6924400000000048
21
-72.5082499999999897
0
LINE
8
BLACK
6
CONTINUOUS
10
138.7379999999999995
20
-62.2839999999999989
11
139.1380000000000052
21
-62.6839999999999975
0
LINE
8
BLACK
6
CONTINUOUS
10
139.1380000000000052
20
-62.2839999999999989
11
138.7379999999999995
21
-62.6839999999999975
0
LINE
8
BLACK
6
CONTINUOUS
10
138.9919999999999902
20
-70.1580000000000013
11
139.3919999999999959
21
-70.5579999999999927
0
LINE
8
BLACK
6
CONTINUOUS
10
139.3919999999999959
20
-70.1580000000000013
11
138.9919999999999902
21
-70.5579999999999927
0
LINE
8
BLACK
6
CONTINUOUS
10
139.1999999999999886
20
-76.
11
139.5999999999999943
21
-76.3999999999999915
0
LINE
8
BLACK
6
CONTINUOUS
10
139.5999999999999943
20
-76.
11
139.1999999999999886
21
-76.3999999999999915
0
LINE
8
BLACK
6
CONTINUOUS
10
139.5
20
-65.8400000000000034
11
139.9000000000000057
21
-66.2399999999999949
0
LINE
8
BLACK
6
CONTINUOUS
10
139.9000000000000057
20
-65.8400000000000034
11
139.5
21
-66.2399999999999949
0
LINE
8
BLACK
6
CONTINUOUS
10
139.6269999999999811
20
-71.1739999999999924
11
140.0269999999999868
21
-71.5739999999999981
0
LINE
8
BLACK
6
CONTINUOUS
10
140.0269999999999868
20
-71.1739999999999924
11
139.6269999999999811
21
-71.5739999999999981
0
LINE
8
BLACK
6
CONTINUOUS
10
139.8140909999999906
20
-76.790458000000001
11
140.2140909999999963
21
-77.1904579999999925
0
LINE
8
BLACK
6
CONTINUOUS
10
140.2140909999999963
20
-76.790458000000001
11
139.8140909999999906
21
-77.1904579999999925
0
LINE
8
BLACK
6
CONTINUOUS
10
139.8810000000000002
20
-88.8269999999999982
11
140.2810000000000059
21
-89.2269999999999897
0
LINE
8
BLACK
6
CONTINUOUS
10
140.2810000000000059
20
-88.8269999999999982
11
139.8810000000000002
21
-89.2269999999999897
0
LINE
8
BLACK
6
CONTINUOUS
10
141.0240000000000009
20
-78.2860000000000014
11
141.4240000000000066
21
-78.6859999999999928
0
LINE
8
BLACK
6
CONTINUOUS
10
141.4240000000000066
20
-78.2860000000000014
11
141.0240000000000009
21
-78.6859999999999928
0
LINE
8
BLACK
6
CONTINUOUS
10
141.2390000000000043
20
-64.6970000000000027
11
141.6389999999999816
21
-65.0969999999999942
0
LINE
8
BLACK
6
CONTINUOUS
10
141.6389999999999816
20
-64.6970000000000027
11
141.2390000000000043
21
-65.0969999999999942
0
LINE
8
BLACK
6
CONTINUOUS
10
141.5499999999999829
20
-52.7999999999999972
11
141.9499999999999886
21
-53.1999999999999957
0
LINE
8
BLACK
6
CONTINUOUS
10
141.9499999999999886
20
-52.7999999999999972
11
141.5499999999999829
21
-53.1999999999999957
0
LINE
8
BLACK
6
CONTINUOUS
10
141.7860000000000014
20
-57.2040000000000006
11
142.186000000000007
21
-57.6039999999999992
0
LINE
8
BLACK
6
CONTINUOUS
10
142.186000000000007
20
-57.2040000000000006
11
141.7860000000000014
21
-57.6039999999999992
0
LINE
8
BLACK
6
CONTINUOUS
10
141.7860000000000014
20
-96.8279999999999887
11
142.186000000000007
21
-97.2279999999999944
0
LINE
8
BLACK
6
CONTINUOUS
10
142.186000000000007
20
-96.8279999999999887
11
141.7860000000000014
21
-97.2279999999999944
0
LINE
8
BLACK
6
CONTINUOUS
10
142.0499999999999829
20
-49.7999999999999972
11
142.4499999999999886
21
-50.1999999999999957
0
LINE
8
BLACK
6
CONTINUOUS
10
142.4499999999999886
20
-49.7999999999999972
11
142.0499999999999829
21
-50.1999999999999957
0
LINE
8
BLACK
6
CONTINUOUS
10
142.0499999999999829
20
-51.2999999999999972
11
142.4499999999999886
21
-51.6999999999999957
0
LINE
8
BLACK
6
CONTINUOUS
10
142.4499999999999886
20
-51.2999999999999972
11
142.0499999999999829
21
-51.6999999999999957
0
LINE
8
BLACK
6
CONTINUOUS
10
142.1670000000000016
20
-63.4269999999999996
11
142.5670000000000073
21
-63.8269999999999982
0
LINE
8
BLACK
6
CONTINUOUS
10
142.5670000000000073
20
-63.4269999999999996
11
142.1670000000000016
21
-63.8269999999999982
0
LINE
8
BLACK
6
CONTINUOUS
10
143.7750000000000057
20
-52.8180300000000003
11
144.1749999999999829
21
-53.2180299999999988
0
LINE
8
BLACK
6
CONTINUOUS
10
144.1749999999999829
20
-52.8180300000000003
11
143.7750000000000057
21
-53.2180299999999988
0
LINE
8
BLACK
6
CONTINUOUS
10
144.3259999999999934
20
-62.029999999999994
11
144.7259999999999991
21
-62.4299999999999997
0
LINE
8
BLACK
6
CONTINUOUS
10
144.7259999999999991
20
-62.029999999999994
11
144.3259999999999934
21
-62.4299999999999997
0
LINE
8
BLACK
6
CONTINUOUS
10
145.0499999999999829
20
-48.5499999999999972
11
145.4499999999999886
21
-48.9499999999999957
0
LINE
8
BLACK
6
CONTINUOUS
10
145.4499999999999886
20
-48.5499999999999972
11
145.0499999999999829
21
-48.9499999999999957
0
LINE
8
BLACK
6
CONTINUOUS
10
145.3419999999999845
20
-62.029999999999994
11
145.7419999999999902
21
-62.4299999999999997
0
LINE
8
BLACK
6
CONTINUOUS
10
145.7419999999999902
20
-62.029999999999994
11
145.3419999999999845
21
-62.4299999999999997
0
LINE
8
BLACK
6
CONTINUOUS
10
146.2906859999999938
20
-61.7137719999999987
11
146.6906859999999995
21
-62.1137719999999973
0
LINE
8
BLACK
6
CONTINUOUS
10
146.6906859999999995
20
-61.7137719999999987
11
146.2906859999999938
21
-62.1137719999999973
0
LINE
8
BLACK
6
CONTINUOUS
10
146.8659999999999854
20
-59.8200000000000003
11
147.2659999999999911
21
-60.2199999999999989
0
LINE
8
BLACK
6
CONTINUOUS
10
147.2659999999999911
20
-59.8200000000000003
11
146.8659999999999854
21
-60.2199999999999989
0
LINE
8
BLACK
6
CONTINUOUS
10
147.1200000000000045
20
-55.9339999999999975
11
147.5199999999999818
21
-56.3339999999999961
0
LINE
8
BLACK
6
CONTINUOUS
10
147.5199999999999818
20
-55.9339999999999975
11
147.1200000000000045
21
-56.3339999999999961
0
LINE
8
BLACK
6
CONTINUOUS
10
147.5010000000000048
20
-61.9029999999999987
11
147.900999999999982
21
-62.3029999999999973
0
LINE
8
BLACK
6
CONTINUOUS
10
147.900999999999982
20
-61.9029999999999987
11
147.5010000000000048
21
-62.3029999999999973
0
LINE
8
BLACK
6
CONTINUOUS
10
147.6279999999999859
20
-70.1580000000000013
11
148.0279999999999916
21
-70.5579999999999927
0
LINE
8
BLACK
6
CONTINUOUS
10
148.0279999999999916
20
-70.1580000000000013
11
147.6279999999999859
21
-70.5579999999999927
0
LINE
8
BLACK
6
CONTINUOUS
10
147.6279999999999859
20
-71.4279999999999973
11
148.0279999999999916
21
-71.828000000000003
0
LINE
8
BLACK
6
CONTINUOUS
10
148.0279999999999916
20
-71.4279999999999973
11
147.6279999999999859
21
-71.828000000000003
0
LINE
8
BLACK
6
CONTINUOUS
10
147.6279999999999859
20
-72.6979999999999933
11
148.0279999999999916
21
-73.097999999999999
0
LINE
8
BLACK
6
CONTINUOUS
10
148.0279999999999916
20
-72.6979999999999933
11
147.6279999999999859
21
-73.097999999999999
0
LINE
8
BLACK
6
CONTINUOUS
10
148.4350000000000023
20
-50.1649999999999991
11
148.8349999999999795
21
-50.5649999999999977
0
LINE
8
BLACK
6
CONTINUOUS
10
148.8349999999999795
20
-50.1649999999999991
11
148.4350000000000023
21
-50.5649999999999977
0
LINE
8
BLACK
6
CONTINUOUS
10
148.8979999999999961
20
-70.1580000000000013
11
149.2980000000000018
21
-70.5579999999999927
0
LINE
8
BLACK
6
CONTINUOUS
10
149.2980000000000018
20
-70.1580000000000013
11
148.8979999999999961
21
-70.5579999999999927
0
LINE
8
BLACK
6
CONTINUOUS
10
148.8979999999999961
20
-71.4279999999999973
11
149.2980000000000018
21
-71.828000000000003
0
LINE
8
BLACK
6
CONTINUOUS
10
149.2980000000000018
20
-71.4279999999999973
11
148.8979999999999961
21
-71.828000000000003
0
LINE
8
BLACK
6
CONTINUOUS
10
148.8979999999999961
20
-72.6979999999999933
11
149.2980000000000018
21
-73.097999999999999
0
LINE
8
BLACK
6
CONTINUOUS
10
149.2980000000000018
20
-72.6979999999999933
11
148.8979999999999961
21
-73.097999999999999
0
LINE
8
BLACK
6
CONTINUOUS
10
150.1680000000000064
20
-70.1580000000000013
11
150.5679999999999836
21
-70.5579999999999927
0
LINE
8
BLACK
6
CONTINUOUS
10
150.5679999999999836
20
-70.1580000000000013
11
150.1680000000000064
21
-70.5579999999999927
0
LINE
8
BLACK
6
CONTINUOUS
10
150.1680000000000064
20
-71.4279999999999973
11
150.5679999999999836
21
-71.828000000000003
0
LINE
8
BLACK
6
CONTINUOUS
10
150.5679999999999836
20
-71.4279999999999973
11
150.1680000000000064
21
-71.828000000000003
0
LINE
8
BLACK
6
CONTINUOUS
10
150.1680000000000064
20
-72.6979999999999933
11
150.5679999999999836
21
-73.097999999999999
0
LINE
8
BLACK
6
CONTINUOUS
10
150.5679999999999836
20
-72.6979999999999933
11
150.1680000000000064
21
-73.097999999999999
0
LINE
8
BLACK
6
CONTINUOUS
10
150.5490000000000066
20
-62.029999999999994
11
150.9489999999999839
21
-62.4299999999999997
0
LINE
8
BLACK
6
CONTINUOUS
10
150.9489999999999839
20
-62.029999999999994
11
150.5490000000000066
21
-62.4299999999999997
0
LINE
8
BLACK
6
CONTINUOUS
10
150.664999999999992
20
-51.742999999999995
11
151.0649999999999977
21
-52.1430000000000007
0
LINE
8
BLACK
6
CONTINUOUS
10
151.0649999999999977
20
-51.742999999999995
11
150.664999999999992
21
-52.1430000000000007
0
LINE
8
BLACK
6
CONTINUOUS
10
152.1999999999999886
20
-62.029999999999994
11
152.5999999999999943
21
-62.4299999999999997
0
LINE
8
BLACK
6
CONTINUOUS
10
152.5999999999999943
20
-62.029999999999994
11
152.1999999999999886
21
-62.4299999999999997
0
LINE
8
BLACK
6
CONTINUOUS
10
152.9619999999999891
20
-56.0625639999999947
11
153.3619999999999948
21
-56.4625640000000004
0
LINE
8
BLACK
6
CONTINUOUS
10
153.3619999999999948
20
-56.0625639999999947
11
152.9619999999999891
21
-56.4625640000000004
0
LINE
8
BLACK
6
CONTINUOUS
10
152.9619999999999891
20
-58.9819999999999993
11
153.3619999999999948
21
-59.3819999999999979
0
LINE
8
BLACK
6
CONTINUOUS
10
153.3619999999999948
20
-58.9819999999999993
11
152.9619999999999891
21
-59.3819999999999979
0
LINE
8
BLACK
6
CONTINUOUS
10
152.9619999999999891
20
-60.759999999999998
11
153.3619999999999948
21
-61.1599999999999966
0
LINE
8
BLACK
6
CONTINUOUS
10
153.3619999999999948
20
-60.759999999999998
11
152.9619999999999891
21
-61.1599999999999966
0
LINE
8
BLACK
6
CONTINUOUS
10
153.5499999999999829
20
-48.7999999999999972
11
153.9499999999999886
21
-49.1999999999999957
0
LINE
8
BLACK
6
CONTINUOUS
10
153.9499999999999886
20
-48.7999999999999972
11
153.5499999999999829
21
-49.1999999999999957
0
LINE
8
BLACK
6
CONTINUOUS
10
154.48599999999999
20
-80.8259999999999934
11
154.8859999999999957
21
-81.2259999999999991
0
LINE
8
BLACK
6
CONTINUOUS
10
154.8859999999999957
20
-80.8259999999999934
11
154.48599999999999
21
-81.2259999999999991
0
LINE
8
BLACK
6
CONTINUOUS
10
155.5019999999999811
20
-79.0480000000000018
11
155.9019999999999868
21
-79.4479999999999933
0
LINE
8
BLACK
6
CONTINUOUS
10
155.9019999999999868
20
-79.0480000000000018
11
155.5019999999999811
21
-79.4479999999999933
0
LINE
8
BLACK
6
CONTINUOUS
10
155.6624999999999943
20
-84.6875
11
156.0625
21
-85.0874999999999915
0
LINE
8
BLACK
6
CONTINUOUS
10
156.0625
20
-84.6875
11
155.6624999999999943
21
-85.0874999999999915
0
LINE
8
BLACK
6
CONTINUOUS
10
155.6875
20
-86.4124999999999943
11
156.0875000000000057
21
-86.8125
0
LINE
8
BLACK
6
CONTINUOUS
10
156.0875000000000057
20
-86.4124999999999943
11
155.6875
21
-86.8125
0
LINE
8
BLACK
6
CONTINUOUS
10
156.1370000000000005
20
-103.5589999999999975
11
156.5370000000000061
21
-103.958999999999989
0
LINE
8
BLACK
6
CONTINUOUS
10
156.5370000000000061
20
-103.5589999999999975
11
156.1370000000000005
21
-103.958999999999989
0
LINE
8
BLACK
6
CONTINUOUS
10
156.5499999999999829
20
-93.0499999999999972
11
156.9499999999999886
21
-93.4500000000000028
0
LINE
8
BLACK
6
CONTINUOUS
10
156.9499999999999886
20
-93.0499999999999972
11
156.5499999999999829
21
-93.4500000000000028
0
LINE
8
BLACK
6
CONTINUOUS
10
157.7879999999999825
20
-65.3319999999999936
11
158.1879999999999882
21
-65.7319999999999993
0
LINE
8
BLACK
6
CONTINUOUS
10
158.1879999999999882
20
-65.3319999999999936
11
157.7879999999999825
21
-65.7319999999999993
0
LINE
8
BLACK
6
CONTINUOUS
10
157.9770000000000039
20
-83.0499999999999972
11
158.3769999999999811
21
-83.4500000000000028
0
LINE
8
BLACK
6
CONTINUOUS
10
158.3769999999999811
20
-83.0499999999999972
11
157.9770000000000039
21
-83.4500000000000028
0
LINE
8
BLACK
6
CONTINUOUS
10
158.4253229999999917
20
-75.0877539999999897
11
158.8253229999999974
21
-75.4877539999999954
0
LINE
8
BLACK
6
CONTINUOUS
10
158.8253229999999974
20
-75.0877539999999897
11
158.4253229999999917
21
-75.4877539999999954
0
LINE
8
BLACK
6
CONTINUOUS
10
159.1999999999999886
20
-53.7999999999999972
11
159.5999999999999943
21
-54.1999999999999957
0
LINE
8
BLACK
6
CONTINUOUS
10
159.5999999999999943
20
-53.7999999999999972
11
159.1999999999999886
21
-54.1999999999999957
0
LINE
8
BLACK
6
CONTINUOUS
10
159.438999999999993
20
-79.429000000000002
11
159.8389999999999986
21
-79.8289999999999935
0
LINE
8
BLACK
6
CONTINUOUS
10
159.8389999999999986
20
-79.429000000000002
11
159.438999999999993
21
-79.8289999999999935
0
LINE
8
BLACK
6
CONTINUOUS
10
159.5999999999999943
20
-56.
11
160.
21
-56.3999999999999986
0
LINE
8
BLACK
6
CONTINUOUS
10
160.
20
-56.
11
159.5999999999999943
21
-56.3999999999999986
0
LINE
8
BLACK
6
CONTINUOUS
10
160.5819999999999936
20
-67.3639999999999901
11
160.9819999999999993
21
-67.7639999999999958
0
LINE
8
BLACK
6
CONTINUOUS
10
160.9819999999999993
20
-67.3639999999999901
11
160.5819999999999936
21
-67.7639999999999958
0
LINE
8
BLACK
6
CONTINUOUS
10
160.8359999999999843
20
-80.6989999999999981
11
161.23599999999999
21
-81.0989999999999895
0
LINE
8
BLACK
6
CONTINUOUS
10
161.23599999999999
20
-80.6989999999999981
11
160.8359999999999843
21
-81.0989999999999895
0
LINE
8
BLACK
6
CONTINUOUS
10
161.7999999999999829
20
-54.5999999999999943
11
162.1999999999999886
21
-55.
0
LINE
8
BLACK
6
CONTINUOUS
10
162.1999999999999886
20
-54.5999999999999943
11
161.7999999999999829
21
-55.
0
LINE
8
BLACK
6
CONTINUOUS
10
163.
20
-70.5999999999999943
11
163.4000000000000057
21
-71.
0
LINE
8
BLACK
6
CONTINUOUS
10
163.4000000000000057
20
-70.5999999999999943
11
163.
21
-71.
0
LINE
8
BLACK
6
CONTINUOUS
10
163.0204999999999984
20
-97.028499999999994
11
163.4205000000000041
21
-97.4284999999999997
0
LINE
8
BLACK
6
CONTINUOUS
10
163.4205000000000041
20
-97.028499999999994
11
163.0204999999999984
21
-97.4284999999999997
0
LINE
8
BLACK
6
CONTINUOUS
10
163.2150409999999852
20
-82.2569589999999948
11
163.6150409999999908
21
-82.6569590000000005
0
LINE
8
BLACK
6
CONTINUOUS
10
163.6150409999999908
20
-82.2569589999999948
11
163.2150409999999852
21
-82.6569590000000005
0
LINE
8
BLACK
6
CONTINUOUS
10
163.664999999999992
20
-76.1850000000000023
11
164.0649999999999977
21
-76.5849999999999937
0
LINE
8
BLACK
6
CONTINUOUS
10
164.0649999999999977
20
-76.1850000000000023
11
163.664999999999992
21
-76.5849999999999937
0
LINE
8
BLACK
6
CONTINUOUS
10
164.
20
-67.7999999999999972
11
164.4000000000000057
21
-68.2000000000000028
0
LINE
8
BLACK
6
CONTINUOUS
10
164.4000000000000057
20
-67.7999999999999972
11
164.
21
-68.2000000000000028
0
LINE
8
BLACK
6
CONTINUOUS
10
164.0109999999999957
20
-100.0030000000000001
11
164.4110000000000014
21
-100.4029999999999916
0
LINE
8
BLACK
6
CONTINUOUS
10
164.4110000000000014
20
-100.0030000000000001
11
164.0109999999999957
21
-100.4029999999999916
0
LINE
8
BLACK
6
CONTINUOUS
10
165.1539999999999964
20
-95.1769999999999925
11
165.554000000000002
21
-95.5769999999999982
0
LINE
8
BLACK
6
CONTINUOUS
10
165.554000000000002
20
-95.1769999999999925
11
165.1539999999999964
21
-95.5769999999999982
0
LINE
8
BLACK
6
CONTINUOUS
10
165.6620000000000061
20
-92.0019999999999953
11
166.0619999999999834
21
-92.402000000000001
0
LINE
8
BLACK
6
CONTINUOUS
10
166.0619999999999834
20
-92.0019999999999953
11
165.6620000000000061
21
-92.402000000000001
0
LINE
8
BLACK
6
CONTINUOUS
10
165.7947289999999896
20
-99.5900839999999903
11
166.1947289999999953
21
-99.990083999999996
0
LINE
8
BLACK
6
CONTINUOUS
10
166.1947289999999953
20
-99.5900839999999903
11
165.7947289999999896
21
-99.990083999999996
0
LINE
8
BLACK
6
CONTINUOUS
10
166.1699999999999875
20
-100.8919999999999959
11
166.5699999999999932
21
-101.2920000000000016
0
LINE
8
BLACK
6
CONTINUOUS
10
166.5699999999999932
20
-100.8919999999999959
11
166.1699999999999875
21
-101.2920000000000016
0
LINE
8
BLACK
6
CONTINUOUS
10
167.4399999999999977
20
-71.6820000000000022
11
167.8400000000000034
21
-72.0819999999999936
0
LINE
8
BLACK
6
CONTINUOUS
10
167.8400000000000034
20
-71.6820000000000022
11
167.4399999999999977
21
-72.0819999999999936
0
LINE
8
BLACK
6
CONTINUOUS
10
167.7094999999999914
20
-82.890500000000003
11
168.109499999999997
21
-83.2904999999999944
0
LINE
8
BLACK
6
CONTINUOUS
10
168.109499999999997
20
-82.890500000000003
11
167.7094999999999914
21
-83.2904999999999944
0
LINE
8
BLACK
6
CONTINUOUS
10
167.9375
20
-73.4375
11
168.3375000000000057
21
-73.8374999999999915
0
LINE
8
BLACK
6
CONTINUOUS
10
168.3375000000000057
20
-73.4375
11
167.9375
21
-73.8374999999999915
0
LINE
8
BLACK
6
CONTINUOUS
10
167.9375
20
-75.1624999999999943
11
168.3375000000000057
21
-75.5625
0
LINE
8
BLACK
6
CONTINUOUS
10
168.3375000000000057
20
-75.1624999999999943
11
167.9375
21
-75.5625
0
LINE
8
BLACK
6
CONTINUOUS
10
168.5829999999999984
20
-89.4619999999999891
11
168.9830000000000041
21
-89.8619999999999948
0
LINE
8
BLACK
6
CONTINUOUS
10
168.9830000000000041
20
-89.4619999999999891
11
168.5829999999999984
21
-89.8619999999999948
0
LINE
8
BLACK
6
CONTINUOUS
10
169.2999999999999829
20
-65.7999999999999972
11
169.6999999999999886
21
-66.2000000000000028
0
LINE
8
BLACK
6
CONTINUOUS
10
169.6999999999999886
20
-65.7999999999999972
11
169.2999999999999829
21
-66.2000000000000028
0
LINE
8
BLACK
6
CONTINUOUS
10
169.7693669999999884
20
-73.391925999999998
11
170.1693669999999941
21
-73.7919260000000037
0
LINE
8
BLACK
6
CONTINUOUS
10
170.1693669999999941
20
-73.391925999999998
11
169.7693669999999884
21
-73.7919260000000037
0
LINE
8
BLACK
6
CONTINUOUS
10
170.6500000000000057
20
-93.7800000000000011
11
171.0499999999999829
21
-94.1799999999999926
0
LINE
8
BLACK
6
CONTINUOUS
10
171.0499999999999829
20
-93.7800000000000011
11
170.6500000000000057
21
-94.1799999999999926
0
LINE
8
BLACK
6
CONTINUOUS
10
170.7999999999999829
20
-66.2999999999999972
11
171.1999999999999886
21
-66.7000000000000028
0
LINE
8
BLACK
6
CONTINUOUS
10
171.1999999999999886
20
-66.2999999999999972
11
170.7999999999999829
21
-66.7000000000000028
0
LINE
8
BLACK
6
CONTINUOUS
10
171.9350000000000023
20
-72.6850000000000023
11
172.3349999999999795
21
-73.0849999999999937
0
LINE
8
BLACK
6
CONTINUOUS
10
172.3349999999999795
20
-72.6850000000000023
11
171.9350000000000023
21
-73.0849999999999937
0
LINE
8
BLACK
6
CONTINUOUS
10
172.6079509999999857
20
-78.507206999999994
11
173.0079509999999914
21
-78.9072069999999997
0
LINE
8
BLACK
6
CONTINUOUS
10
173.0079509999999914
20
-78.507206999999994
11
172.6079509999999857
21
-78.9072069999999997
0
LINE
8
BLACK
6
CONTINUOUS
10
173.0499999999999829
20
-77.5499999999999972
11
173.4499999999999886
21
-77.9500000000000028
0
LINE
8
BLACK
6
CONTINUOUS
10
173.4499999999999886
20
-77.5499999999999972
11
173.0499999999999829
21
-77.9500000000000028
0
LINE
8
BLACK
6
CONTINUOUS
10
173.2125000000000057
20
-67.3875000000000028
11
173.6124999999999829
21
-67.7874999999999943
0
LINE
8
BLACK
6
CONTINUOUS
10
173.6124999999999829
20
-67.3875000000000028
11
173.2125000000000057
21
-67.7874999999999943
0
LINE
8
BLACK
6
CONTINUOUS
10
173.3865979999999922
20
-69.5482669999999956
11
173.7865979999999979
21
-69.9482670000000013
0
LINE
8
BLACK
6
CONTINUOUS
10
173.7865979999999979
20
-69.5482669999999956
11
173.3865979999999922
21
-69.9482670000000013
0
LINE
8
BLACK
6
CONTINUOUS
10
174.0499999999999829
20
-68.7999999999999972
11
174.4499999999999886
21
-69.2000000000000028
0
LINE
8
BLACK
6
CONTINUOUS
10
174.4499999999999886
20
-68.7999999999999972
11
174.0499999999999829
21
-69.2000000000000028
0
LINE
8
BLACK
6
CONTINUOUS
10
174.0499999999999829
20
-71.2999999999999972
11
174.4499999999999886
21
-71.7000000000000028
0
LINE
8
BLACK
6
CONTINUOUS
10
174.4499999999999886
20
-71.2999999999999972
11
174.0499999999999829
21
-71.7000000000000028
0
LINE
8
BLACK
6
CONTINUOUS
10
175.0499999999999829
20
-75.0499999999999972
11
175.4499999999999886
21
-75.4500000000000028
0
LINE
8
BLACK
6
CONTINUOUS
10
175.4499999999999886
20
-75.0499999999999972
11
175.0499999999999829
21
-75.4500000000000028
0
CIRCLE
8
BLACK
10
120.1419999999999959
20
-66.4209999999999923
40
0.325
0
CIRCLE
8
BLACK
10
120.1419999999999959
20
-67.6910000000000025
40
0.325
0
CIRCLE
8
BLACK
10
120.1419999999999959
20
-68.9609999999999985
40
0.325
0
CIRCLE
8
BLACK
10
120.1419999999999959
20
-70.2309999999999945
40
0.325
0
CIRCLE
8
BLACK
10
120.1419999999999959
20
-71.5009999999999906
40
0.325
0
CIRCLE
8
BLACK
10
120.1419999999999959
20
-72.7710000000000008
40
0.325
0
CIRCLE
8
BLACK
10
120.1419999999999959
20
-74.0409999999999968
40
0.325
0
CIRCLE
8
BLACK
10
120.1419999999999959
20
-75.3109999999999928
40
0.325
0
CIRCLE
8
BLACK
10
120.1419999999999959
20
-76.5810000000000031
40
0.325
0
CIRCLE
8
BLACK
10
120.1419999999999959
20
-77.8509999999999991
40
0.325
0
CIRCLE
8
BLACK
10
158.3689999999999998
20
-91.1859999999999928
40
0.325
0
CIRCLE
8
BLACK
10
159.6389999999999816
20
-91.1859999999999928
40
0.325
0
CIRCLE
8
BLACK
10
160.9089999999999918
20
-91.1859999999999928
40
0.325
0
CIRCLE
8
BLACK
10
162.179000000000002
20
-91.1859999999999928
40
0.325
0
CIRCLE
8
BLACK
10
178.8959999999999866
20
-66.4209999999999923
40
0.325
0
CIRCLE
8
BLACK
10
178.8959999999999866
20
-67.6910000000000025
40
0.325
0
CIRCLE
8
BLACK
10
178.8959999999999866
20
-68.9609999999999985
40
0.325
0
CIRCLE
8
BLACK
10
178.8959999999999866
20
-70.2309999999999945
40
0.325
0
CIRCLE
8
BLACK
10
178.8959999999999866
20
-71.5009999999999906
40
0.325
0
CIRCLE
8
BLACK
10
178.8959999999999866
20
-72.7710000000000008
40
0.325
0
CIRCLE
8
BLACK
10
178.8959999999999866
20
-74.0409999999999968
40
0.325
0
CIRCLE
8
BLACK
10
178.8959999999999866
20
-75.3109999999999928
40
0.325
0
CIRCLE
8
BLACK
10
178.8959999999999866
20
-76.5810000000000031
40
0.325
0
CIRCLE
8
BLACK
10
178.8959999999999866
20
-77.8509999999999991
40
0.325
0
LINE
8
BLACK
6
CONTINUOUS
10
124.7139999999999986
20
-85.6289999999999907
11
124.7139999999999986
21
-86.3289999999999935
0
LINE
8
BLACK
6
CONTINUOUS
10
124.3639999999999901
20
-85.9789999999999992
11
125.063999999999993
21
-85.9789999999999992
0
LINE
8
BLACK
6
CONTINUOUS
10
124.7139999999999986
20
-86.8990000000000009
11
124.7139999999999986
21
-87.5989999999999895
0
LINE
8
BLACK
6
CONTINUOUS
10
124.3639999999999901
20
-87.2489999999999952
11
125.063999999999993
21
-87.2489999999999952
0
LINE
8
BLACK
6
CONTINUOUS
10
133.5900000000000034
20
-59.25
11
133.5900000000000034
21
-59.9499999999999957
0
LINE
8
BLACK
6
CONTINUOUS
10
133.2399999999999807
20
-59.5999999999999943
11
133.9399999999999977
21
-59.5999999999999943
0
LINE
8
BLACK
6
CONTINUOUS
10
133.5900000000000034
20
-60.519999999999996
11
133.5900000000000034
21
-61.2199999999999989
0
LINE
8
BLACK
6
CONTINUOUS
10
133.2399999999999807
20
-60.8699999999999974
11
133.9399999999999977
21
-60.8699999999999974
0
LINE
8
BLACK
6
CONTINUOUS
10
134.8599999999999852
20
-59.25
11
134.8599999999999852
21
-59.9499999999999957
0
LINE
8
BLACK
6
CONTINUOUS
10
134.5099999999999909
20
-59.5999999999999943
11
135.210000000000008
21
-59.5999999999999943
0
LINE
8
BLACK
6
CONTINUOUS
10
134.8599999999999852
20
-60.519999999999996
11
134.8599999999999852
21
-61.2199999999999989
0
LINE
8
BLACK
6
CONTINUOUS
10
134.5099999999999909
20
-60.8699999999999974
11
135.210000000000008
21
-60.8699999999999974
0
LINE
8
BLACK
6
CONTINUOUS
10
136.1299999999999955
20
-59.25
11
136.1299999999999955
21
-59.9499999999999957
0
LINE
8
BLACK
6
CONTINUOUS
10
135.7800000000000011
20
-59.5999999999999943
11
136.4799999999999898
21
-59.5999999999999943
0
LINE
8
BLACK
6
CONTINUOUS
10
136.1299999999999955
20
-60.519999999999996
11
136.1299999999999955
21
-61.2199999999999989
0
LINE
8
BLACK
6
CONTINUOUS
10
135.7800000000000011
20
-60.8699999999999974
11
136.4799999999999898
21
-60.8699999999999974
0
LINE
8
BLACK
6
CONTINUOUS
10
137.4000000000000057
20
-59.25
11
137.4000000000000057
21
-59.9499999999999957
0
LINE
8
BLACK
6
CONTINUOUS
10
137.0499999999999829
20
-59.5999999999999943
11
137.75
21
-59.5999999999999943
0
LINE
8
BLACK
6
CONTINUOUS
10
137.4000000000000057
20
-60.519999999999996
11
137.4000000000000057
21
-61.2199999999999989
0
LINE
8
BLACK
6
CONTINUOUS
10
137.0499999999999829
20
-60.8699999999999974
11
137.75
21
-60.8699999999999974
0
LINE
8
BLACK
6
CONTINUOUS
10
138.6699999999999875
20
-59.25
11
138.6699999999999875
21
-59.9499999999999957
0
LINE
8
BLACK
6
CONTINUOUS
10
138.3199999999999932
20
-59.5999999999999943
11
139.0199999999999818
21
-59.5999999999999943
0
LINE
8
BLACK
6
CONTINUOUS
10
138.6699999999999875
20
-60.519999999999996
11
138.6699999999999875
21
-61.2199999999999989
0
LINE
8
BLACK
6
CONTINUOUS
10
138.3199999999999932
20
-60.8699999999999974
11
139.0199999999999818
21
-60.8699999999999974
0
LINE
8
BLACK
6
CONTINUOUS
10
174.3870000000000005
20
-85.6289999999999907
11
174.3870000000000005
21
-86.3289999999999935
0
LINE
8
BLACK
6
CONTINUOUS
10
174.0370000000000061
20
-85.9789999999999992
11
174.7369999999999948
21
-85.9789999999999992
0
LINE
8
BLACK
6
CONTINUOUS
10
174.3870000000000005
20
-86.8990000000000009
11
174.3870000000000005
21
-87.5989999999999895
0
LINE
8
BLACK
6
CONTINUOUS
10
174.0370000000000061
20
-87.2489999999999952
11
174.7369999999999948
21
-87.2489999999999952
0
LINE
8
BLACK
6
CONTINUOUS
10
137.8945569999999918
20
-64.8695570000000004
11
137.8945569999999918
21
-64.1624429999999961
0
LINE
8
BLACK
6
CONTINUOUS
10
137.8945569999999918
20
-64.1624429999999961
11
137.1874430000000018
21
-64.1624429999999961
0
LINE
8
BLACK
6
CONTINUOUS
10
137.1874430000000018
20
-64.1624429999999961
11
137.1874430000000018
21
-64.8695570000000004
0
LINE
8
BLACK
6
CONTINUOUS
10
137.1874430000000018
20
-64.8695570000000004
11
137.8945569999999918
21
-64.8695570000000004
0
LINE
8
BLACK
6
CONTINUOUS
10
139.1779999999999973
20
-108.195999999999998
11
139.6779999999999973
21
-107.695999999999998
0
LINE
8
BLACK
6
CONTINUOUS
10
139.6779999999999973
20
-107.695999999999998
11
139.1779999999999973
21
-107.195999999999998
0
LINE
8
BLACK
6
CONTINUOUS
10
139.1779999999999973
20
-107.195999999999998
11
138.6779999999999973
21
-107.695999999999998
0
LINE
8
BLACK
6
CONTINUOUS
10
138.6779999999999973
20
-107.695999999999998
11
139.1779999999999973
21
-108.195999999999998
0
LINE
8
BLACK
6
CONTINUOUS
10
142.1779999999999973
20
-108.195999999999998
11
142.6779999999999973
21
-107.695999999999998
0
LINE
8
BLACK
6
CONTINUOUS
10
142.6779999999999973
20
-107.695999999999998
11
142.1779999999999973
21
-107.195999999999998
0
LINE
8
BLACK
6
CONTINUOUS
10
142.1779999999999973
20
-107.195999999999998
11
141.6779999999999973
21
-107.695999999999998
0
LINE
8
BLACK
6
CONTINUOUS
10
141.6779999999999973
20
-107.695999999999998
11
142.1779999999999973
21
-108.195999999999998
0
LINE
8
BLACK
6
CONTINUOUS
10
145.1779999999999973
20
-108.195999999999998
11
145.6779999999999973
21
-107.695999999999998
0
LINE
8
BLACK
6
CONTINUOUS
10
145.6779999999999973
20
-107.695999999999998
11
145.1779999999999973
21
-107.195999999999998
0
LINE
8
BLACK
6
CONTINUOUS
10
145.1779999999999973
20
-107.195999999999998
11
144.6779999999999973
21
-107.695999999999998
0
LINE
8
BLACK
6
CONTINUOUS
10
144.6779999999999973
20
-107.695999999999998
11
145.1779999999999973
21
-108.195999999999998
0
LINE
8
BLACK
6
CONTINUOUS
10
148.1779999999999973
20
-108.195999999999998
11
148.6779999999999973
21
-107.695999999999998
0
LINE
8
BLACK
6
CONTINUOUS
10
148.6779999999999973
20
-107.695999999999998
11
148.1779999999999973
21
-107.195999999999998
0
LINE
8
BLACK
6
CONTINUOUS
10
148.1779999999999973
20
-107.195999999999998
11
147.6779999999999973
21
-107.695999999999998
0
LINE
8
BLACK
6
CONTINUOUS
10
147.6779999999999973
20
-107.695999999999998
11
148.1779999999999973
21
-108.195999999999998
0
LINE
8
BLACK
6
CONTINUOUS
10
151.1779999999999973
20
-108.195999999999998
11
151.6779999999999973
21
-107.695999999999998
0
LINE
8
BLACK
6
CONTINUOUS
10
151.6779999999999973
20
-107.695999999999998
11
151.1779999999999973
21
-107.195999999999998
0
LINE
8
BLACK
6
CONTINUOUS
10
151.1779999999999973
20
-107.195999999999998
11
150.6779999999999973
21
-107.695999999999998
0
LINE
8
BLACK
6
CONTINUOUS
10
150.6779999999999973
20
-107.695999999999998
11
151.1779999999999973
21
-108.195999999999998
0
LINE
8
BLACK
6
CONTINUOUS
10
154.1779999999999973
20
-108.195999999999998
11
154.6779999999999973
21
-107.695999999999998
0
LINE
8
BLACK
6
CONTINUOUS
10
154.6779999999999973
20
-107.695999999999998
11
154.1779999999999973
21
-107.195999999999998
0
LINE
8
BLACK
6
CONTINUOUS
10
154.1779999999999973
20
-107.195999999999998
11
153.6779999999999973
21
-107.695999999999998
0
LINE
8
BLACK
6
CONTINUOUS
10
153.6779999999999973
20
-107.695999999999998
11
154.1779999999999973
21
-108.195999999999998
0
LINE
8
BLACK
6
CONTINUOUS
10
158.75
20
-108.195999999999998
11
159.25
21
-107.695999999999998
0
LINE
8
BLACK
6
CONTINUOUS
10
159.25
20
-107.695999999999998
11
158.75
21
-107.195999999999998
0
LINE
8
BLACK
6
CONTINUOUS
10
158.75
20
-107.195999999999998
11
158.25
21
-107.695999999999998
0
LINE
8
BLACK
6
CONTINUOUS
10
158.25
20
-107.695999999999998
11
158.75
21
-108.195999999999998
0
LINE
8
BLACK
6
CONTINUOUS
10
161.289999999999992
20
-108.195999999999998
11
161.789999999999992
21
-107.695999999999998
0
LINE
8
BLACK
6
CONTINUOUS
10
161.789999999999992
20
-107.695999999999998
11
161.289999999999992
21
-107.195999999999998
0
LINE
8
BLACK
6
CONTINUOUS
10
161.289999999999992
20
-107.195999999999998
11
160.789999999999992
21
-107.695999999999998
0
LINE
8
BLACK
6
CONTINUOUS
10
160.789999999999992
20
-107.695999999999998
11
161.289999999999992
21
-108.195999999999998
0
LINE
8
BLACK
6
CONTINUOUS
10
163.8299999999999841
20
-108.195999999999998
11
164.3299999999999841
21
-107.695999999999998
0
LINE
8
BLACK
6
CONTINUOUS
10
164.3299999999999841
20
-107.695999999999998
11
163.8299999999999841
21
-107.195999999999998
0
LINE
8
BLACK
6
CONTINUOUS
10
163.8299999999999841
20
-107.195999999999998
11
163.3299999999999841
21
-107.695999999999998
0
LINE
8
BLACK
6
CONTINUOUS
10
163.3299999999999841
20
-107.695999999999998
11
163.8299999999999841
21
-108.195999999999998
0
LINE
8
BLACK
6
CONTINUOUS
10
166.3700000000000045
20
-108.195999999999998
11
166.8700000000000045
21
-107.695999999999998
0
LINE
8
BLACK
6
CONTINUOUS
10
166.8700000000000045
20
-107.695999999999998
11
166.3700000000000045
21
-107.195999999999998
0
LINE
8
BLACK
6
CONTINUOUS
10
166.3700000000000045
20
-107.195999999999998
11
165.8700000000000045
21
-107.695999999999998
0
LINE
8
BLACK
6
CONTINUOUS
10
165.8700000000000045
20
-107.695999999999998
11
166.3700000000000045
21
-108.195999999999998
0
LINE
8
BLACK
6
CONTINUOUS
10
122.642240000000001
20
-53.7232500000000002
11
131.6422399999999868
21
-62.7232500000000002
0
LINE
8
BLACK
6
CONTINUOUS
10
131.6422399999999868
20
-53.7232500000000002
11
122.642240000000001
21
-62.7232500000000002
0
CIRCLE
8
BLACK
10
127.142240000000001
20
-58.2232500000000002
40
4.5
0
LINE
8
BLACK
6
CONTINUOUS
10
144.8672399999999811
20
-39.1182499999999962
11
153.8672399999999811
21
-48.1182499999999962
0
LINE
8
BLACK
6
CONTINUOUS
10
153.8672399999999811
20
-39.1182499999999962
11
144.8672399999999811
21
-48.1182499999999962
0
CIRCLE
8
BLACK
10
149.3672399999999811
20
-43.6182499999999962
40
4.5
0
LINE
8
BLACK
6
CONTINUOUS
10
167.0922400000000039
20
-53.7232500000000002
11
176.0922400000000039
21
-62.7232500000000002
0
LINE
8
BLACK
6
CONTINUOUS
10
176.0922400000000039
20
-53.7232500000000002
11
167.0922400000000039
21
-62.7232500000000002
0
CIRCLE
8
BLACK
10
171.5922400000000039
20
-58.2232500000000002
40
4.5
0
LINE
8
BLACK
6
CONTINUOUS
10
118.4582699999999988
20
-113.4508399999999995
11
118.4582699999999988
21
-111.4508399999999995
0
LINE
8
BLACK
6
CONTINUOUS
10
118.4582699999999988
20
-111.4508399999999995
11
118.9344600000000014
21
-111.4508399999999995
0
LINE
8
BLACK
6
CONTINUOUS
10
118.9344600000000014
20
-111.4508399999999995
11
119.2201749999999976
21
-111.5460779999999943
0
LINE
8
BLACK
6
CONTINUOUS
10
119.2201749999999976
20
-111.5460779999999943
11
119.4106510000000014
21
-111.7365539999999982
0
LINE
8
BLACK
6
CONTINUOUS
10
119.4106510000000014
20
-111.7365539999999982
11
119.5058889999999963
21
-111.927030000000002
0
LINE
8
BLACK
6
CONTINUOUS
10
119.5058889999999963
20
-111.927030000000002
11
119.6011269999999911
21
-112.3079819999999955
0
LINE
8
BLACK
6
CONTINUOUS
10
119.6011269999999911
20
-112.3079819999999955
11
119.6011269999999911
21
-112.5936969999999917
0
LINE
8
BLACK
6
CONTINUOUS
10
119.6011269999999911
20
-112.5936969999999917
11
119.5058889999999963
21
-112.9746489999999994
0
LINE
8
BLACK
6
CONTINUOUS
10
119.5058889999999963
20
-112.9746489999999994
11
119.4106510000000014
21
-113.1651249999999891
0
LINE
8
BLACK
6
CONTINUOUS
10
119.4106510000000014
20
-113.1651249999999891
11
119.2201749999999976
21
-113.3556019999999904
0
LINE
8
BLACK
6
CONTINUOUS
10
119.2201749999999976
20
-113.3556019999999904
11
118.9344600000000014
21
-113.4508399999999995
0
LINE
8
BLACK
6
CONTINUOUS
10
118.9344600000000014
20
-113.4508399999999995
11
118.4582699999999988
21
-113.4508399999999995
0
LINE
8
BLACK
6
CONTINUOUS
10
120.4582699999999988
20
-113.4508399999999995
11
120.4582699999999988
21
-112.1175059999999917
0
LINE
8
BLACK
6
CONTINUOUS
10
120.4582699999999988
20
-112.4984589999999969
11
120.5535079999999937
21
-112.3079819999999955
0
LINE
8
BLACK
6
CONTINUOUS
10
120.5535079999999937
20
-112.3079819999999955
11
120.6487459999999885
21
-112.2127440000000007
0
LINE
8
BLACK
6
CONTINUOUS
10
120.6487459999999885
20
-112.2127440000000007
11
120.8392219999999924
21
-112.1175059999999917
0
LINE
8
BLACK
6
CONTINUOUS
10
120.8392219999999924
20
-112.1175059999999917
11
121.0296989999999937
21
-112.1175059999999917
0
LINE
8
BLACK
6
CONTINUOUS
10
121.6963650000000001
20
-113.4508399999999995
11
121.6963650000000001
21
-112.1175059999999917
0
LINE
8
BLACK
6
CONTINUOUS
10
121.6963650000000001
20
-111.4508399999999995
11
121.6011269999999911
21
-111.5460779999999943
0
LINE
8
BLACK
6
CONTINUOUS
10
121.6011269999999911
20
-111.5460779999999943
11
121.6963650000000001
21
-111.6413159999999891
0
LINE
8
BLACK
6
CONTINUOUS
10
121.6963650000000001
20
-111.6413159999999891
11
121.7916029999999949
21
-111.5460779999999943
0
LINE
8
BLACK
6
CONTINUOUS
10
121.7916029999999949
20
-111.5460779999999943
11
121.6963650000000001
21
-111.4508399999999995
0
LINE
8
BLACK
6
CONTINUOUS
10
121.6963650000000001
20
-111.4508399999999995
11
121.6963650000000001
21
-111.6413159999999891
0
LINE
8
BLACK
6
CONTINUOUS
10
122.9344600000000014
20
-113.4508399999999995
11
122.7439839999999975
21
-113.3556019999999904
0
LINE
8
BLACK
6
CONTINUOUS
10
122.7439839999999975
20
-113.3556019999999904
11
122.6487459999999885
21
-113.1651249999999891
0
LINE
8
BLACK
6
CONTINUOUS
10
122.6487459999999885
20
-113.1651249999999891
11
122.6487459999999885
21
-111.4508399999999995
0
LINE
8
BLACK
6
CONTINUOUS
10
123.9820789999999988
20
-113.4508399999999995
11
123.7916029999999949
21
-113.3556019999999904
0
LINE
8
BLACK
6
CONTINUOUS
10
123.7916029999999949
20
-113.3556019999999904
11
123.6963650000000001
21
-113.1651249999999891
0
LINE
8
BLACK
6
CONTINUOUS
10
123.6963650000000001
20
-113.1651249999999891
11
123.6963650000000001
21
-111.4508399999999995
0
LINE
8
BLACK
6
CONTINUOUS
10
126.267793999999995
20
-113.4508399999999995
11
126.267793999999995
21
-111.4508399999999995
0
LINE
8
BLACK
6
CONTINUOUS
10
126.267793999999995
20
-111.4508399999999995
11
126.9344609999999989
21
-112.8794109999999904
0
LINE
8
BLACK
6
CONTINUOUS
10
126.9344609999999989
20
-112.8794109999999904
11
127.6011269999999911
21
-111.4508399999999995
0
LINE
8
BLACK
6
CONTINUOUS
10
127.6011269999999911
20
-111.4508399999999995
11
127.6011269999999911
21
-113.4508399999999995
0
LINE
8
BLACK
6
CONTINUOUS
10
129.4106510000000014
20
-113.4508399999999995
11
129.4106510000000014
21
-112.4032209999999878
0
LINE
8
BLACK
6
CONTINUOUS
10
129.4106510000000014
20
-112.4032209999999878
11
129.3154130000000066
21
-112.2127440000000007
0
LINE
8
BLACK
6
CONTINUOUS
10
129.3154130000000066
20
-112.2127440000000007
11
129.1249369999999885
21
-112.1175059999999917
0
LINE
8
BLACK
6
CONTINUOUS
10
129.1249369999999885
20
-112.1175059999999917
11
128.7439839999999833
21
-112.1175059999999917
0
LINE
8
BLACK
6
CONTINUOUS
10
128.7439839999999833
20
-112.1175059999999917
11
128.5535079999999937
21
-112.2127440000000007
0
LINE
8
BLACK
6
CONTINUOUS
10
129.4106510000000014
20
-113.3556019999999904
11
129.2201749999999834
21
-113.4508399999999995
0
LINE
8
BLACK
6
CONTINUOUS
10
129.2201749999999834
20
-113.4508399999999995
11
128.7439839999999833
21
-113.4508399999999995
0
LINE
8
BLACK
6
CONTINUOUS
10
128.7439839999999833
20
-113.4508399999999995
11
128.5535079999999937
21
-113.3556019999999904
0
LINE
8
BLACK
6
CONTINUOUS
10
128.5535079999999937
20
-113.3556019999999904
11
128.4582699999999988
21
-113.1651249999999891
0
LINE
8
BLACK
6
CONTINUOUS
10
128.4582699999999988
20
-113.1651249999999891
11
128.4582699999999988
21
-112.9746489999999994
0
LINE
8
BLACK
6
CONTINUOUS
10
128.4582699999999988
20
-112.9746489999999994
11
128.5535079999999937
21
-112.7841729999999956
0
LINE
8
BLACK
6
CONTINUOUS
10
128.5535079999999937
20
-112.7841729999999956
11
128.7439839999999833
21
-112.6889350000000007
0
LINE
8
BLACK
6
CONTINUOUS
10
128.7439839999999833
20
-112.6889350000000007
11
129.2201749999999834
21
-112.6889350000000007
0
LINE
8
BLACK
6
CONTINUOUS
10
129.2201749999999834
20
-112.6889350000000007
11
129.4106510000000014
21
-112.5936969999999917
0
LINE
8
BLACK
6
CONTINUOUS
10
130.363032000000004
20
-112.1175059999999917
11
130.363032000000004
21
-114.1175059999999917
0
LINE
8
BLACK
6
CONTINUOUS
10
130.363032000000004
20
-112.2127440000000007
11
130.5535079999999937
21
-112.1175059999999917
0
LINE
8
BLACK
6
CONTINUOUS
10
130.5535079999999937
20
-112.1175059999999917
11
130.9344609999999989
21
-112.1175059999999917
0
LINE
8
BLACK
6
CONTINUOUS
10
130.9344609999999989
20
-112.1175059999999917
11
131.1249369999999885
21
-112.2127440000000007
0
LINE
8
BLACK
6
CONTINUOUS
10
131.1249369999999885
20
-112.2127440000000007
11
131.2201749999999834
21
-112.3079819999999955
0
LINE
8
BLACK
6
CONTINUOUS
10
131.2201749999999834
20
-112.3079819999999955
11
131.3154130000000066
21
-112.4984589999999969
0
LINE
8
BLACK
6
CONTINUOUS
10
131.3154130000000066
20
-112.4984589999999969
11
131.3154130000000066
21
-113.0698869999999943
0
LINE
8
BLACK
6
CONTINUOUS
10
131.3154130000000066
20
-113.0698869999999943
11
131.2201749999999834
21
-113.2603629999999981
0
LINE
8
BLACK
6
CONTINUOUS
10
131.2201749999999834
20
-113.2603629999999981
11
131.1249369999999885
21
-113.3556019999999904
0
LINE
8
BLACK
6
CONTINUOUS
10
131.1249369999999885
20
-113.3556019999999904
11
130.9344609999999989
21
-113.4508399999999995
0
LINE
8
BLACK
6
CONTINUOUS
10
130.9344609999999989
20
-113.4508399999999995
11
130.5535079999999937
21
-113.4508399999999995
0
LINE
8
BLACK
6
CONTINUOUS
10
130.5535079999999937
20
-113.4508399999999995
11
130.363032000000004
21
-113.3556019999999904
0
LINE
8
BLACK
6
CONTINUOUS
10
132.1725559999999859
20
-113.2603629999999981
11
132.2677939999999808
21
-113.3556019999999904
0
LINE
8
BLACK
6
CONTINUOUS
10
132.2677939999999808
20
-113.3556019999999904
11
132.1725559999999859
21
-113.4508399999999995
0
LINE
8
BLACK
6
CONTINUOUS
10
132.1725559999999859
20
-113.4508399999999995
11
132.0773179999999911
21
-113.3556019999999904
0
LINE
8
BLACK
6
CONTINUOUS
10
132.0773179999999911
20
-113.3556019999999904
11
132.1725559999999859
21
-113.2603629999999981
0
LINE
8
BLACK
6
CONTINUOUS
10
132.1725559999999859
20
-113.2603629999999981
11
132.1725559999999859
21
-113.4508399999999995
0
LINE
8
BLACK
6
CONTINUOUS
10
132.1725559999999859
20
-112.2127440000000007
11
132.2677939999999808
21
-112.3079819999999955
0
LINE
8
BLACK
6
CONTINUOUS
10
132.2677939999999808
20
-112.3079819999999955
11
132.1725559999999859
21
-112.4032209999999878
0
LINE
8
BLACK
6
CONTINUOUS
10
132.1725559999999859
20
-112.4032209999999878
11
132.0773179999999911
21
-112.3079819999999955
0
LINE
8
BLACK
6
CONTINUOUS
10
132.0773179999999911
20
-112.3079819999999955
11
132.1725559999999859
21
-112.2127440000000007
0
LINE
8
BLACK
6
CONTINUOUS
10
132.1725559999999859
20
-112.2127440000000007
11
132.1725559999999859
21
-112.4032209999999878
0
LINE
8
BLACK
6
CONTINUOUS
10
115.4505020000000002
20
-116.5360019999999963
11
115.8505019999999917
21
-116.9360019999999878
0
LINE
8
BLACK
6
CONTINUOUS
10
115.8505019999999917
20
-116.5360019999999963
11
115.4505020000000002
21
-116.9360019999999878
0
LINE
8
BLACK
6
CONTINUOUS
10
118.8392219999999924
20
-115.6508399999999881
11
119.0296989999999937
21
-115.6508399999999881
0
LINE
8
BLACK
6
CONTINUOUS
10
119.0296989999999937
20
-115.6508399999999881
11
119.2201749999999976
21
-115.7460779999999971
0
LINE
8
BLACK
6
CONTINUOUS
10
119.2201749999999976
20
-115.7460779999999971
11
119.3154129999999924
21
-115.841315999999992
0
LINE
8
BLACK
6
CONTINUOUS
10
119.3154129999999924
20
-115.841315999999992
11
119.4106510000000014
21
-116.0317919999999958
0
LINE
8
BLACK
6
CONTINUOUS
10
119.4106510000000014
20
-116.0317919999999958
11
119.5058889999999963
21
-116.4127439999999893
0
LINE
8
BLACK
6
CONTINUOUS
10
119.5058889999999963
20
-116.4127439999999893
11
119.5058889999999963
21
-116.8889349999999894
0
LINE
8
BLACK
6
CONTINUOUS
10
119.5058889999999963
20
-116.8889349999999894
11
119.4106510000000014
21
-117.2698869999999971
0
LINE
8
BLACK
6
CONTINUOUS
10
119.4106510000000014
20
-117.2698869999999971
11
119.3154129999999924
21
-117.460363000000001
0
LINE
8
BLACK
6
CONTINUOUS
10
119.3154129999999924
20
-117.460363000000001
11
119.2201749999999976
21
-117.5556019999999933
0
LINE
8
BLACK
6
CONTINUOUS
10
119.2201749999999976
20
-117.5556019999999933
11
119.0296989999999937
21
-117.6508399999999881
0
LINE
8
BLACK
6
CONTINUOUS
10
119.0296989999999937
20
-117.6508399999999881
11
118.8392219999999924
21
-117.6508399999999881
0
LINE
8
BLACK
6
CONTINUOUS
10
118.8392219999999924
20
-117.6508399999999881
11
118.6487459999999885
21
-117.5556019999999933
0
LINE
8
BLACK
6
CONTINUOUS
10
118.6487459999999885
20
-117.5556019999999933
11
118.5535079999999937
21
-117.460363000000001
0
LINE
8
BLACK
6
CONTINUOUS
10
118.5535079999999937
20
-117.460363000000001
11
118.4582699999999988
21
-117.2698869999999971
0
LINE
8
BLACK
6
CONTINUOUS
10
118.4582699999999988
20
-117.2698869999999971
11
118.3630319999999898
21
-116.8889349999999894
0
LINE
8
BLACK
6
CONTINUOUS
10
118.3630319999999898
20
-116.8889349999999894
11
118.3630319999999898
21
-116.4127439999999893
0
LINE
8
BLACK
6
CONTINUOUS
10
118.3630319999999898
20
-116.4127439999999893
11
118.4582699999999988
21
-116.0317919999999958
0
LINE
8
BLACK
6
CONTINUOUS
10
118.4582699999999988
20
-116.0317919999999958
11
118.5535079999999937
21
-115.841315999999992
0
LINE
8
BLACK
6
CONTINUOUS
10
118.5535079999999937
20
-115.841315999999992
11
118.6487459999999885
21
-115.7460779999999971
0
LINE
8
BLACK
6
CONTINUOUS
10
118.6487459999999885
20
-115.7460779999999971
11
118.8392219999999924
21
-115.6508399999999881
0
LINE
8
BLACK
6
CONTINUOUS
10
120.3630319999999898
20
-117.460363000000001
11
120.4582699999999988
21
-117.5556019999999933
0
LINE
8
BLACK
6
CONTINUOUS
10
120.4582699999999988
20
-117.5556019999999933
11
120.3630319999999898
21
-117.6508399999999881
0
LINE
8
BLACK
6
CONTINUOUS
10
120.3630319999999898
20
-117.6508399999999881
11
120.267793999999995
21
-117.5556019999999933
0
LINE
8
BLACK
6
CONTINUOUS
10
120.267793999999995
20
-117.5556019999999933
11
120.3630319999999898
21
-117.460363000000001
0
LINE
8
BLACK
6
CONTINUOUS
10
120.3630319999999898
20
-117.460363000000001
11
120.3630319999999898
21
-117.6508399999999881
0
LINE
8
BLACK
6
CONTINUOUS
10
122.1725560000000002
20
-116.3175059999999945
11
122.1725560000000002
21
-117.6508399999999881
0
LINE
8
BLACK
6
CONTINUOUS
10
121.6963650000000001
20
-115.5556019999999933
11
121.2201749999999976
21
-116.9841729999999984
0
LINE
8
BLACK
6
CONTINUOUS
10
121.2201749999999976
20
-116.9841729999999984
11
122.4582699999999988
21
-116.9841729999999984
0
LINE
8
BLACK
6
CONTINUOUS
10
123.6011269999999911
20
-115.6508399999999881
11
123.7916039999999924
21
-115.6508399999999881
0
LINE
8
BLACK
6
CONTINUOUS
10
123.7916039999999924
20
-115.6508399999999881
11
123.9820799999999963
21
-115.7460779999999971
0
LINE
8
BLACK
6
CONTINUOUS
10
123.9820799999999963
20
-115.7460779999999971
11
124.0773179999999911
21
-115.841315999999992
0
LINE
8
BLACK
6
CONTINUOUS
10
124.0773179999999911
20
-115.841315999999992
11
124.1725560000000002
21
-116.0317919999999958
0
LINE
8
BLACK
6
CONTINUOUS
10
124.1725560000000002
20
-116.0317919999999958
11
124.267793999999995
21
-116.4127439999999893
0
LINE
8
BLACK
6
CONTINUOUS
10
124.267793999999995
20
-116.4127439999999893
11
124.267793999999995
21
-116.8889349999999894
0
LINE
8
BLACK
6
CONTINUOUS
10
124.267793999999995
20
-116.8889349999999894
11
124.1725560000000002
21
-117.2698869999999971
0
LINE
8
BLACK
6
CONTINUOUS
10
124.1725560000000002
20
-117.2698869999999971
11
124.0773179999999911
21
-117.460363000000001
0
LINE
8
BLACK
6
CONTINUOUS
10
124.0773179999999911
20
-117.460363000000001
11
123.9820799999999963
21
-117.5556019999999933
0
LINE
8
BLACK
6
CONTINUOUS
10
123.9820799999999963
20
-117.5556019999999933
11
123.7916039999999924
21
-117.6508399999999881
0
LINE
8
BLACK
6
CONTINUOUS
10
123.7916039999999924
20
-117.6508399999999881
11
123.6011269999999911
21
-117.6508399999999881
0
LINE
8
BLACK
6
CONTINUOUS
10
123.6011269999999911
20
-117.6508399999999881
11
123.4106510000000014
21
-117.5556019999999933
0
LINE
8
BLACK
6
CONTINUOUS
10
123.4106510000000014
20
-117.5556019999999933
11
123.3154129999999924
21
-117.460363000000001
0
LINE
8
BLACK
6
CONTINUOUS
10
123.3154129999999924
20
-117.460363000000001
11
123.2201749999999976
21
-117.2698869999999971
0
LINE
8
BLACK
6
CONTINUOUS
10
123.2201749999999976
20
-117.2698869999999971
11
123.1249369999999885
21
-116.8889349999999894
0
LINE
8
BLACK
6
CONTINUOUS
10
123.1249369999999885
20
-116.8889349999999894
11
123.1249369999999885
21
-116.4127439999999893
0
LINE
8
BLACK
6
CONTINUOUS
10
123.1249369999999885
20
-116.4127439999999893
11
123.2201749999999976
21
-116.0317919999999958
0
LINE
8
BLACK
6
CONTINUOUS
10
123.2201749999999976
20
-116.0317919999999958
11
123.3154129999999924
21
-115.841315999999992
0
LINE
8
BLACK
6
CONTINUOUS
10
123.3154129999999924
20
-115.841315999999992
11
123.4106510000000014
21
-115.7460779999999971
0
LINE
8
BLACK
6
CONTINUOUS
10
123.4106510000000014
20
-115.7460779999999971
11
123.6011269999999911
21
-115.6508399999999881
0
LINE
8
BLACK
6
CONTINUOUS
10
125.5058889999999963
20
-115.6508399999999881
11
125.6963659999999976
21
-115.6508399999999881
0
LINE
8
BLACK
6
CONTINUOUS
10
125.6963659999999976
20
-115.6508399999999881
11
125.8868419999999873
21
-115.7460779999999971
0
LINE
8
BLACK
6
CONTINUOUS
10
125.8868419999999873
20
-115.7460779999999971
11
125.9820799999999963
21
-115.841315999999992
0
LINE
8
BLACK
6
CONTINUOUS
10
125.9820799999999963
20
-115.841315999999992
11
126.0773179999999911
21
-116.0317919999999958
0
LINE
8
BLACK
6
CONTINUOUS
10
126.0773179999999911
20
-116.0317919999999958
11
126.1725560000000002
21
-116.4127439999999893
0
LINE
8
BLACK
6
CONTINUOUS
10
126.1725560000000002
20
-116.4127439999999893
11
126.1725560000000002
21
-116.8889349999999894
0
LINE
8
BLACK
6
CONTINUOUS
10
126.1725560000000002
20
-116.8889349999999894
11
126.0773179999999911
21
-117.2698869999999971
0
LINE
8
BLACK
6
CONTINUOUS
10
126.0773179999999911
20
-117.2698869999999971
11
125.9820799999999963
21
-117.460363000000001
0
LINE
8
BLACK
6
CONTINUOUS
10
125.9820799999999963
20
-117.460363000000001
11
125.8868419999999873
21
-117.5556019999999933
0
LINE
8
BLACK
6
CONTINUOUS
10
125.8868419999999873
20
-117.5556019999999933
11
125.6963659999999976
21
-117.6508399999999881
0
LINE
8
BLACK
6
CONTINUOUS
10
125.6963659999999976
20
-117.6508399999999881
11
125.5058889999999963
21
-117.6508399999999881
0
LINE
8
BLACK
6
CONTINUOUS
10
125.5058889999999963
20
-117.6508399999999881
11
125.3154129999999924
21
-117.5556019999999933
0
LINE
8
BLACK
6
CONTINUOUS
10
125.3154129999999924
20
-117.5556019999999933
11
125.2201749999999976
21
-117.460363000000001
0
LINE
8
BLACK
6
CONTINUOUS
10
125.2201749999999976
20
-117.460363000000001
11
125.1249369999999885
21
-117.2698869999999971
0
LINE
8
BLACK
6
CONTINUOUS
10
125.1249369999999885
20
-117.2698869999999971
11
125.0296989999999937
21
-116.8889349999999894
0
LINE
8
BLACK
6
CONTINUOUS
10
125.0296989999999937
20
-116.8889349999999894
11
125.0296989999999937
21
-116.4127439999999893
0
LINE
8
BLACK
6
CONTINUOUS
10
125.0296989999999937
20
-116.4127439999999893
11
125.1249369999999885
21
-116.0317919999999958
0
LINE
8
BLACK
6
CONTINUOUS
10
125.1249369999999885
20
-116.0317919999999958
11
125.2201749999999976
21
-115.841315999999992
0
LINE
8
BLACK
6
CONTINUOUS
10
125.2201749999999976
20
-115.841315999999992
11
125.3154129999999924
21
-115.7460779999999971
0
LINE
8
BLACK
6
CONTINUOUS
10
125.3154129999999924
20
-115.7460779999999971
11
125.5058889999999963
21
-115.6508399999999881
0
LINE
8
BLACK
6
CONTINUOUS
10
127.0296989999999937
20
-117.6508399999999881
11
127.0296989999999937
21
-116.3175059999999945
0
LINE
8
BLACK
6
CONTINUOUS
10
127.0296989999999937
20
-116.5079819999999984
11
127.1249369999999885
21
-116.4127439999999893
0
LINE
8
BLACK
6
CONTINUOUS
10
127.1249369999999885
20
-116.4127439999999893
11
127.3154129999999924
21
-116.3175059999999945
0
LINE
8
BLACK
6
CONTINUOUS
10
127.3154129999999924
20
-116.3175059999999945
11
127.6011279999999886
21
-116.3175059999999945
0
LINE
8
BLACK
6
CONTINUOUS
10
127.6011279999999886
20
-116.3175059999999945
11
127.7916039999999924
21
-116.4127439999999893
0
LINE
8
BLACK
6
CONTINUOUS
10
127.7916039999999924
20
-116.4127439999999893
11
127.8868419999999873
21
-116.6032209999999907
0
LINE
8
BLACK
6
CONTINUOUS
10
127.8868419999999873
20
-116.6032209999999907
11
127.8868419999999873
21
-117.6508399999999881
0
LINE
8
BLACK
6
CONTINUOUS
10
127.8868419999999873
20
-116.6032209999999907
11
127.9820799999999963
21
-116.4127439999999893
0
LINE
8
BLACK
6
CONTINUOUS
10
127.9820799999999963
20
-116.4127439999999893
11
128.1725559999999859
21
-116.3175059999999945
0
LINE
8
BLACK
6
CONTINUOUS
10
128.1725559999999859
20
-116.3175059999999945
11
128.4582699999999988
21
-116.3175059999999945
0
LINE
8
BLACK
6
CONTINUOUS
10
128.4582699999999988
20
-116.3175059999999945
11
128.648746999999986
21
-116.4127439999999893
0
LINE
8
BLACK
6
CONTINUOUS
10
128.648746999999986
20
-116.4127439999999893
11
128.7439849999999808
21
-116.6032209999999907
0
LINE
8
BLACK
6
CONTINUOUS
10
128.7439849999999808
20
-116.6032209999999907
11
128.7439849999999808
21
-117.6508399999999881
0
LINE
8
BLACK
6
CONTINUOUS
10
129.6963659999999834
20
-117.6508399999999881
11
129.6963659999999834
21
-116.3175059999999945
0
LINE
8
BLACK
6
CONTINUOUS
10
129.6963659999999834
20
-116.5079819999999984
11
129.7916040000000066
21
-116.4127439999999893
0
LINE
8
BLACK
6
CONTINUOUS
10
129.7916040000000066
20
-116.4127439999999893
11
129.9820799999999963
21
-116.3175059999999945
0
LINE
8
BLACK
6
CONTINUOUS
10
129.9820799999999963
20
-116.3175059999999945
11
130.2677950000000067
21
-116.3175059999999945
0
LINE
8
BLACK
6
CONTINUOUS
10
130.2677950000000067
20
-116.3175059999999945
11
130.4582709999999963
21
-116.4127439999999893
0
LINE
8
BLACK
6
CONTINUOUS
10
130.4582709999999963
20
-116.4127439999999893
11
130.5535089999999911
21
-116.6032209999999907
0
LINE
8
BLACK
6
CONTINUOUS
10
130.5535089999999911
20
-116.6032209999999907
11
130.5535089999999911
21
-117.6508399999999881
0
LINE
8
BLACK
6
CONTINUOUS
10
130.5535089999999911
20
-116.6032209999999907
11
130.648746999999986
21
-116.4127439999999893
0
LINE
8
BLACK
6
CONTINUOUS
10
130.648746999999986
20
-116.4127439999999893
11
130.839223000000004
21
-116.3175059999999945
0
LINE
8
BLACK
6
CONTINUOUS
10
130.839223000000004
20
-116.3175059999999945
11
131.1249369999999885
21
-116.3175059999999945
0
LINE
8
BLACK
6
CONTINUOUS
10
131.1249369999999885
20
-116.3175059999999945
11
131.3154140000000041
21
-116.4127439999999893
0
LINE
8
BLACK
6
CONTINUOUS
10
131.3154140000000041
20
-116.4127439999999893
11
131.4106519999999989
21
-116.6032209999999907
0
LINE
8
BLACK
6
CONTINUOUS
10
131.4106519999999989
20
-116.6032209999999907
11
131.4106519999999989
21
-117.6508399999999881
0
LINE
8
BLACK
6
CONTINUOUS
10
135.3154140000000041
20
-115.5556019999999933
11
133.601128999999986
21
-118.1270299999999907
0
LINE
8
BLACK
6
CONTINUOUS
10
137.8868429999999989
20
-115.6508399999999881
11
138.0773199999999861
21
-115.6508399999999881
0
LINE
8
BLACK
6
CONTINUOUS
10
138.0773199999999861
20
-115.6508399999999881
11
138.2677960000000041
21
-115.7460779999999971
0
LINE
8
BLACK
6
CONTINUOUS
10
138.2677960000000041
20
-115.7460779999999971
11
138.363033999999999
21
-115.841315999999992
0
LINE
8
BLACK
6
CONTINUOUS
10
138.363033999999999
20
-115.841315999999992
11
138.4582719999999938
21
-116.0317919999999958
0
LINE
8
BLACK
6
CONTINUOUS
10
138.4582719999999938
20
-116.0317919999999958
11
138.5535099999999886
21
-116.4127439999999893
0
LINE
8
BLACK
6
CONTINUOUS
10
138.5535099999999886
20
-116.4127439999999893
11
138.5535099999999886
21
-116.8889349999999894
0
LINE
8
BLACK
6
CONTINUOUS
10
138.5535099999999886
20
-116.8889349999999894
11
138.4582719999999938
21
-117.2698869999999971
0
LINE
8
BLACK
6
CONTINUOUS
10
138.4582719999999938
20
-117.2698869999999971
11
138.363033999999999
21
-117.460363000000001
0
LINE
8
BLACK
6
CONTINUOUS
10
138.363033999999999
20
-117.460363000000001
11
138.2677960000000041
21
-117.5556019999999933
0
LINE
8
BLACK
6
CONTINUOUS
10
138.2677960000000041
20
-117.5556019999999933
11
138.0773199999999861
21
-117.6508399999999881
0
LINE
8
BLACK
6
CONTINUOUS
10
138.0773199999999861
20
-117.6508399999999881
11
137.8868429999999989
21
-117.6508399999999881
0
LINE
8
BLACK
6
CONTINUOUS
10
137.8868429999999989
20
-117.6508399999999881
11
137.6963669999999809
21
-117.5556019999999933
0
LINE
8
BLACK
6
CONTINUOUS
10
137.6963669999999809
20
-117.5556019999999933
11
137.601128999999986
21
-117.460363000000001
0
LINE
8
BLACK
6
CONTINUOUS
10
137.601128999999986
20
-117.460363000000001
11
137.5058909999999912
21
-117.2698869999999971
0
LINE
8
BLACK
6
CONTINUOUS
10
137.5058909999999912
20
-117.2698869999999971
11
137.4106529999999964
21
-116.8889349999999894
0
LINE
8
BLACK
6
CONTINUOUS
10
137.4106529999999964
20
-116.8889349999999894
11
137.4106529999999964
21
-116.4127439999999893
0
LINE
8
BLACK
6
CONTINUOUS
10
137.4106529999999964
20
-116.4127439999999893
11
137.5058909999999912
21
-116.0317919999999958
0
LINE
8
BLACK
6
CONTINUOUS
10
137.5058909999999912
20
-116.0317919999999958
11
137.601128999999986
21
-115.841315999999992
0
LINE
8
BLACK
6
CONTINUOUS
10
137.601128999999986
20
-115.841315999999992
11
137.6963669999999809
21
-115.7460779999999971
0
LINE
8
BLACK
6
CONTINUOUS
10
137.6963669999999809
20
-115.7460779999999971
11
137.8868429999999989
21
-115.6508399999999881
0
LINE
8
BLACK
6
CONTINUOUS
10
139.4106529999999964
20
-117.460363000000001
11
139.5058909999999912
21
-117.5556019999999933
0
LINE
8
BLACK
6
CONTINUOUS
10
139.5058909999999912
20
-117.5556019999999933
11
139.4106529999999964
21
-117.6508399999999881
0
LINE
8
BLACK
6
CONTINUOUS
10
139.4106529999999964
20
-117.6508399999999881
11
139.3154150000000016
21
-117.5556019999999933
0
LINE
8
BLACK
6
CONTINUOUS
10
139.3154150000000016
20
-117.5556019999999933
11
139.4106529999999964
21
-117.460363000000001
0
LINE
8
BLACK
6
CONTINUOUS
10
139.4106529999999964
20
-117.460363000000001
11
139.4106529999999964
21
-117.6508399999999881
0
LINE
8
BLACK
6
CONTINUOUS
10
140.7439860000000067
20
-115.6508399999999881
11
140.9344629999999938
21
-115.6508399999999881
0
LINE
8
BLACK
6
CONTINUOUS
10
140.9344629999999938
20
-115.6508399999999881
11
141.1249389999999835
21
-115.7460779999999971
0
LINE
8
BLACK
6
CONTINUOUS
10
141.1249389999999835
20
-115.7460779999999971
11
141.2201770000000067
21
-115.841315999999992
0
LINE
8
BLACK
6
CONTINUOUS
10
141.2201770000000067
20
-115.841315999999992
11
141.3154150000000016
21
-116.0317919999999958
0
LINE
8
BLACK
6
CONTINUOUS
10
141.3154150000000016
20
-116.0317919999999958
11
141.4106529999999964
21
-116.4127439999999893
0
LINE
8
BLACK
6
CONTINUOUS
10
141.4106529999999964
20
-116.4127439999999893
11
141.4106529999999964
21
-116.8889349999999894
0
LINE
8
BLACK
6
CONTINUOUS
10
141.4106529999999964
20
-116.8889349999999894
11
141.3154150000000016
21
-117.2698869999999971
0
LINE
8
BLACK
6
CONTINUOUS
10
141.3154150000000016
20
-117.2698869999999971
11
141.2201770000000067
21
-117.460363000000001
0
LINE
8
BLACK
6
CONTINUOUS
10
141.2201770000000067
20
-117.460363000000001
11
141.1249389999999835
21
-117.5556019999999933
0
LINE
8
BLACK
6
CONTINUOUS
10
141.1249389999999835
20
-117.5556019999999933
11
140.9344629999999938
21
-117.6508399999999881
0
LINE
8
BLACK
6
CONTINUOUS
10
140.9344629999999938
20
-117.6508399999999881
11
140.7439860000000067
21
-117.6508399999999881
0
LINE
8
BLACK
6
CONTINUOUS
10
140.7439860000000067
20
-117.6508399999999881
11
140.5535099999999886
21
-117.5556019999999933
0
LINE
8
BLACK
6
CONTINUOUS
10
140.5535099999999886
20
-117.5556019999999933
11
140.4582719999999938
21
-117.460363000000001
0
LINE
8
BLACK
6
CONTINUOUS
10
140.4582719999999938
20
-117.460363000000001
11
140.363033999999999
21
-117.2698869999999971
0
LINE
8
BLACK
6
CONTINUOUS
10
140.363033999999999
20
-117.2698869999999971
11
140.2677960000000041
21
-116.8889349999999894
0
LINE
8
BLACK
6
CONTINUOUS
10
140.2677960000000041
20
-116.8889349999999894
11
140.2677960000000041
21
-116.4127439999999893
0
LINE
8
BLACK
6
CONTINUOUS
10
140.2677960000000041
20
-116.4127439999999893
11
140.363033999999999
21
-116.0317919999999958
0
LINE
8
BLACK
6
CONTINUOUS
10
140.363033999999999
20
-116.0317919999999958
11
140.4582719999999938
21
-115.841315999999992
0
LINE
8
BLACK
6
CONTINUOUS
10
140.4582719999999938
20
-115.841315999999992
11
140.5535099999999886
21
-115.7460779999999971
0
LINE
8
BLACK
6
CONTINUOUS
10
140.5535099999999886
20
-115.7460779999999971
11
140.7439860000000067
21
-115.6508399999999881
0
LINE
8
BLACK
6
CONTINUOUS
10
143.3154150000000016
20
-117.6508399999999881
11
142.1725579999999809
21
-117.6508399999999881
0
LINE
8
BLACK
6
CONTINUOUS
10
142.7439860000000067
20
-117.6508399999999881
11
142.7439860000000067
21
-115.6508399999999881
0
LINE
8
BLACK
6
CONTINUOUS
10
142.7439860000000067
20
-115.6508399999999881
11
142.5535099999999886
21
-115.936554000000001
0
LINE
8
BLACK
6
CONTINUOUS
10
142.5535099999999886
20
-115.936554000000001
11
142.363033999999999
21
-116.1270299999999907
0
LINE
8
BLACK
6
CONTINUOUS
10
142.363033999999999
20
-116.1270299999999907
11
142.1725579999999809
21
-116.2222679999999997
0
LINE
8
BLACK
6
CONTINUOUS
10
145.1249389999999835
20
-115.6508399999999881
11
144.1725579999999809
21
-115.6508399999999881
0
LINE
8
BLACK
6
CONTINUOUS
10
144.1725579999999809
20
-115.6508399999999881
11
144.0773199999999861
21
-116.6032209999999907
0
LINE
8
BLACK
6
CONTINUOUS
10
144.0773199999999861
20
-116.6032209999999907
11
144.1725579999999809
21
-116.5079819999999984
0
LINE
8
BLACK
6
CONTINUOUS
10
144.1725579999999809
20
-116.5079819999999984
11
144.363033999999999
21
-116.4127439999999893
0
LINE
8
BLACK
6
CONTINUOUS
10
144.363033999999999
20
-116.4127439999999893
11
144.839224999999999
21
-116.4127439999999893
0
LINE
8
BLACK
6
CONTINUOUS
10
144.839224999999999
20
-116.4127439999999893
11
145.0297009999999887
21
-116.5079819999999984
0
LINE
8
BLACK
6
CONTINUOUS
10
145.0297009999999887
20
-116.5079819999999984
11
145.1249389999999835
21
-116.6032209999999907
0
LINE
8
BLACK
6
CONTINUOUS
10
145.1249389999999835
20
-116.6032209999999907
11
145.2201770000000067
21
-116.7936969999999945
0
LINE
8
BLACK
6
CONTINUOUS
10
145.2201770000000067
20
-116.7936969999999945
11
145.2201770000000067
21
-117.2698869999999971
0
LINE
8
BLACK
6
CONTINUOUS
10
145.2201770000000067
20
-117.2698869999999971
11
145.1249389999999835
21
-117.460363000000001
0
LINE
8
BLACK
6
CONTINUOUS
10
145.1249389999999835
20
-117.460363000000001
11
145.0297009999999887
21
-117.5556019999999933
0
LINE
8
BLACK
6
CONTINUOUS
10
145.0297009999999887
20
-117.5556019999999933
11
144.839224999999999
21
-117.6508399999999881
0
LINE
8
BLACK
6
CONTINUOUS
10
144.839224999999999
20
-117.6508399999999881
11
144.363033999999999
21
-117.6508399999999881
0
LINE
8
BLACK
6
CONTINUOUS
10
144.363033999999999
20
-117.6508399999999881
11
144.1725579999999809
21
-117.5556019999999933
0
LINE
8
BLACK
6
CONTINUOUS
10
144.1725579999999809
20
-117.5556019999999933
11
144.0773199999999861
21
-117.460363000000001
0
LINE
8
BLACK
6
CONTINUOUS
10
145.8868439999999964
20
-115.6508399999999881
11
147.2201770000000067
21
-115.6508399999999881
0
LINE
8
BLACK
6
CONTINUOUS
10
147.2201770000000067
20
-115.6508399999999881
11
146.363033999999999
21
-117.6508399999999881
0
LINE
8
BLACK
6
CONTINUOUS
10
147.8868439999999964
20
-115.6508399999999881
11
147.8868439999999964
21
-116.0317919999999958
0
LINE
8
BLACK
6
CONTINUOUS
10
148.6487489999999809
20
-115.6508399999999881
11
148.6487489999999809
21
-116.0317919999999958
0
LINE
8
BLACK
6
CONTINUOUS
10
151.601130999999981
20
-118.4127439999999893
11
151.5058919999999887
21
-118.3175059999999945
0
LINE
8
BLACK
6
CONTINUOUS
10
151.5058919999999887
20
-118.3175059999999945
11
151.315415999999999
21
-118.0317919999999958
0
LINE
8
BLACK
6
CONTINUOUS
10
151.315415999999999
20
-118.0317919999999958
11
151.2201780000000042
21
-117.841315999999992
0
LINE
8
BLACK
6
CONTINUOUS
10
151.2201780000000042
20
-117.841315999999992
11
151.124939999999981
21
-117.5556019999999933
0
LINE
8
BLACK
6
CONTINUOUS
10
151.124939999999981
20
-117.5556019999999933
11
151.0297019999999861
21
-117.0794109999999932
0
LINE
8
BLACK
6
CONTINUOUS
10
151.0297019999999861
20
-117.0794109999999932
11
151.0297019999999861
21
-116.6984589999999997
0
LINE
8
BLACK
6
CONTINUOUS
10
151.0297019999999861
20
-116.6984589999999997
11
151.124939999999981
21
-116.2222679999999997
0
LINE
8
BLACK
6
CONTINUOUS
10
151.124939999999981
20
-116.2222679999999997
11
151.2201780000000042
21
-115.936554000000001
0
LINE
8
BLACK
6
CONTINUOUS
10
151.2201780000000042
20
-115.936554000000001
11
151.315415999999999
21
-115.7460779999999971
0
LINE
8
BLACK
6
CONTINUOUS
10
151.315415999999999
20
-115.7460779999999971
11
151.5058919999999887
21
-115.460363000000001
0
LINE
8
BLACK
6
CONTINUOUS
10
151.5058919999999887
20
-115.460363000000001
11
151.601130999999981
21
-115.3651249999999919
0
LINE
8
BLACK
6
CONTINUOUS
10
153.4106539999999939
20
-117.6508399999999881
11
152.2677970000000016
21
-117.6508399999999881
0
LINE
8
BLACK
6
CONTINUOUS
10
152.839224999999999
20
-117.6508399999999881
11
152.839224999999999
21
-115.6508399999999881
0
LINE
8
BLACK
6
CONTINUOUS
10
152.839224999999999
20
-115.6508399999999881
11
152.6487489999999809
21
-115.936554000000001
0
LINE
8
BLACK
6
CONTINUOUS
10
152.6487489999999809
20
-115.936554000000001
11
152.4582729999999913
21
-116.1270299999999907
0
LINE
8
BLACK
6
CONTINUOUS
10
152.4582729999999913
20
-116.1270299999999907
11
152.2677970000000016
21
-116.2222679999999997
0
LINE
8
BLACK
6
CONTINUOUS
10
154.6487489999999809
20
-115.6508399999999881
11
154.8392259999999965
21
-115.6508399999999881
0
LINE
8
BLACK
6
CONTINUOUS
10
154.8392259999999965
20
-115.6508399999999881
11
155.0297019999999861
21
-115.7460779999999971
0
LINE
8
BLACK
6
CONTINUOUS
10
155.0297019999999861
20
-115.7460779999999971
11
155.124939999999981
21
-115.841315999999992
0
LINE
8
BLACK
6
CONTINUOUS
10
155.124939999999981
20
-115.841315999999992
11
155.2201780000000042
21
-116.0317919999999958
0
LINE
8
BLACK
6
CONTINUOUS
10
155.2201780000000042
20
-116.0317919999999958
11
155.315415999999999
21
-116.4127439999999893
0
LINE
8
BLACK
6
CONTINUOUS
10
155.315415999999999
20
-116.4127439999999893
11
155.315415999999999
21
-116.8889349999999894
0
LINE
8
BLACK
6
CONTINUOUS
10
155.315415999999999
20
-116.8889349999999894
11
155.2201780000000042
21
-117.2698869999999971
0
LINE
8
BLACK
6
CONTINUOUS
10
155.2201780000000042
20
-117.2698869999999971
11
155.124939999999981
21
-117.460363000000001
0
LINE
8
BLACK
6
CONTINUOUS
10
155.124939999999981
20
-117.460363000000001
11
155.0297019999999861
21
-117.5556019999999933
0
LINE
8
BLACK
6
CONTINUOUS
10
155.0297019999999861
20
-117.5556019999999933
11
154.8392259999999965
21
-117.6508399999999881
0
LINE
8
BLACK
6
CONTINUOUS
10
154.8392259999999965
20
-117.6508399999999881
11
154.6487489999999809
21
-117.6508399999999881
0
LINE
8
BLACK
6
CONTINUOUS
10
154.6487489999999809
20
-117.6508399999999881
11
154.4582729999999913
21
-117.5556019999999933
0
LINE
8
BLACK
6
CONTINUOUS
10
154.4582729999999913
20
-117.5556019999999933
11
154.3630349999999964
21
-117.460363000000001
0
LINE
8
BLACK
6
CONTINUOUS
10
154.3630349999999964
20
-117.460363000000001
11
154.2677970000000016
21
-117.2698869999999971
0
LINE
8
BLACK
6
CONTINUOUS
10
154.2677970000000016
20
-117.2698869999999971
11
154.1725590000000068
21
-116.8889349999999894
0
LINE
8
BLACK
6
CONTINUOUS
10
154.1725590000000068
20
-116.8889349999999894
11
154.1725590000000068
21
-116.4127439999999893
0
LINE
8
BLACK
6
CONTINUOUS
10
154.1725590000000068
20
-116.4127439999999893
11
154.2677970000000016
21
-116.0317919999999958
0
LINE
8
BLACK
6
CONTINUOUS
10
154.2677970000000016
20
-116.0317919999999958
11
154.3630349999999964
21
-115.841315999999992
0
LINE
8
BLACK
6
CONTINUOUS
10
154.3630349999999964
20
-115.841315999999992
11
154.4582729999999913
21
-115.7460779999999971
0
LINE
8
BLACK
6
CONTINUOUS
10
154.4582729999999913
20
-115.7460779999999971
11
154.6487489999999809
21
-115.6508399999999881
0
LINE
8
BLACK
6
CONTINUOUS
10
155.9820829999999887
20
-115.6508399999999881
11
157.315415999999999
21
-115.6508399999999881
0
LINE
8
BLACK
6
CONTINUOUS
10
157.315415999999999
20
-115.6508399999999881
11
156.4582729999999913
21
-117.6508399999999881
0
LINE
8
BLACK
6
CONTINUOUS
10
159.601130999999981
20
-117.6508399999999881
11
159.601130999999981
21
-115.6508399999999881
0
LINE
8
BLACK
6
CONTINUOUS
10
160.4582739999999887
20
-117.6508399999999881
11
160.4582739999999887
21
-116.6032209999999907
0
LINE
8
BLACK
6
CONTINUOUS
10
160.4582739999999887
20
-116.6032209999999907
11
160.3630359999999939
21
-116.4127439999999893
0
LINE
8
BLACK
6
CONTINUOUS
10
160.3630359999999939
20
-116.4127439999999893
11
160.1725600000000043
21
-116.3175059999999945
0
LINE
8
BLACK
6
CONTINUOUS
10
160.1725600000000043
20
-116.3175059999999945
11
159.8868449999999939
21
-116.3175059999999945
0
LINE
8
BLACK
6
CONTINUOUS
10
159.8868449999999939
20
-116.3175059999999945
11
159.6963690000000042
21
-116.4127439999999893
0
LINE
8
BLACK
6
CONTINUOUS
10
159.6963690000000042
20
-116.4127439999999893
11
159.601130999999981
21
-116.5079819999999984
0
LINE
8
BLACK
6
CONTINUOUS
10
161.6963690000000042
20
-117.6508399999999881
11
161.5058929999999862
21
-117.5556019999999933
0
LINE
8
BLACK
6
CONTINUOUS
10
161.5058929999999862
20
-117.5556019999999933
11
161.4106549999999913
21
-117.460363000000001
0
LINE
8
BLACK
6
CONTINUOUS
10
161.4106549999999913
20
-117.460363000000001
11
161.3154169999999965
21
-117.2698869999999971
0
LINE
8
BLACK
6
CONTINUOUS
10
161.3154169999999965
20
-117.2698869999999971
11
161.3154169999999965
21
-116.6984589999999997
0
LINE
8
BLACK
6
CONTINUOUS
10
161.3154169999999965
20
-116.6984589999999997
11
161.4106549999999913
21
-116.5079819999999984
0
LINE
8
BLACK
6
CONTINUOUS
10
161.4106549999999913
20
-116.5079819999999984
11
161.5058929999999862
21
-116.4127439999999893
0
LINE
8
BLACK
6
CONTINUOUS
10
161.5058929999999862
20
-116.4127439999999893
11
161.6963690000000042
21
-116.3175059999999945
0
LINE
8
BLACK
6
CONTINUOUS
10
161.6963690000000042
20
-116.3175059999999945
11
161.9820839999999862
21
-116.3175059999999945
0
LINE
8
BLACK
6
CONTINUOUS
10
161.9820839999999862
20
-116.3175059999999945
11
162.1725600000000043
21
-116.4127439999999893
0
LINE
8
BLACK
6
CONTINUOUS
10
162.1725600000000043
20
-116.4127439999999893
11
162.2677979999999991
21
-116.5079819999999984
0
LINE
8
BLACK
6
CONTINUOUS
10
162.2677979999999991
20
-116.5079819999999984
11
162.3630359999999939
21
-116.6984589999999997
0
LINE
8
BLACK
6
CONTINUOUS
10
162.3630359999999939
20
-116.6984589999999997
11
162.3630359999999939
21
-117.2698869999999971
0
LINE
8
BLACK
6
CONTINUOUS
10
162.3630359999999939
20
-117.2698869999999971
11
162.2677979999999991
21
-117.460363000000001
0
LINE
8
BLACK
6
CONTINUOUS
10
162.2677979999999991
20
-117.460363000000001
11
162.1725600000000043
21
-117.5556019999999933
0
LINE
8
BLACK
6
CONTINUOUS
10
162.1725600000000043
20
-117.5556019999999933
11
161.9820839999999862
21
-117.6508399999999881
0
LINE
8
BLACK
6
CONTINUOUS
10
161.9820839999999862
20
-117.6508399999999881
11
161.6963690000000042
21
-117.6508399999999881
0
LINE
8
BLACK
6
CONTINUOUS
10
163.5058929999999862
20
-117.6508399999999881
11
163.3154169999999965
21
-117.5556019999999933
0
LINE
8
BLACK
6
CONTINUOUS
10
163.3154169999999965
20
-117.5556019999999933
11
163.2201790000000017
21
-117.3651249999999919
0
LINE
8
BLACK
6
CONTINUOUS
10
163.2201790000000017
20
-117.3651249999999919
11
163.2201790000000017
21
-115.6508399999999881
0
LINE
8
BLACK
6
CONTINUOUS
10
165.0297029999999836
20
-117.5556019999999933
11
164.839226999999994
21
-117.6508399999999881
0
LINE
8
BLACK
6
CONTINUOUS
10
164.839226999999994
20
-117.6508399999999881
11
164.4582739999999887
21
-117.6508399999999881
0
LINE
8
BLACK
6
CONTINUOUS
10
164.4582739999999887
20
-117.6508399999999881
11
164.2677979999999991
21
-117.5556019999999933
0
LINE
8
BLACK
6
CONTINUOUS
10
164.2677979999999991
20
-117.5556019999999933
11
164.1725600000000043
21
-117.3651249999999919
0
LINE
8
BLACK
6
CONTINUOUS
10
164.1725600000000043
20
-117.3651249999999919
11
164.1725600000000043
21
-116.6032209999999907
0
LINE
8
BLACK
6
CONTINUOUS
10
164.1725600000000043
20
-116.6032209999999907
11
164.2677979999999991
21
-116.4127439999999893
0
LINE
8
BLACK
6
CONTINUOUS
10
164.2677979999999991
20
-116.4127439999999893
11
164.4582739999999887
21
-116.3175059999999945
0
LINE
8
BLACK
6
CONTINUOUS
10
164.4582739999999887
20
-116.3175059999999945
11
164.839226999999994
21
-116.3175059999999945
0
LINE
8
BLACK
6
CONTINUOUS
10
164.839226999999994
20
-116.3175059999999945
11
165.0297029999999836
21
-116.4127439999999893
0
LINE
8
BLACK
6
CONTINUOUS
10
165.0297029999999836
20
-116.4127439999999893
11
165.1249409999999784
21
-116.6032209999999907
0
LINE
8
BLACK
6
CONTINUOUS
10
165.1249409999999784
20
-116.6032209999999907
11
165.1249409999999784
21
-116.7936969999999945
0
LINE
8
BLACK
6
CONTINUOUS
10
165.1249409999999784
20
-116.7936969999999945
11
164.1725600000000043
21
-116.9841729999999984
0
LINE
8
BLACK
6
CONTINUOUS
10
165.8868459999999914
20
-117.5556019999999933
11
166.077321999999981
21
-117.6508399999999881
0
LINE
8
BLACK
6
CONTINUOUS
10
166.077321999999981
20
-117.6508399999999881
11
166.4582739999999887
21
-117.6508399999999881
0
LINE
8
BLACK
6
CONTINUOUS
10
166.4582739999999887
20
-117.6508399999999881
11
166.6487510000000043
21
-117.5556019999999933
0
LINE
8
BLACK
6
CONTINUOUS
10
166.6487510000000043
20
-117.5556019999999933
11
166.7439889999999991
21
-117.3651249999999919
0
LINE
8
BLACK
6
CONTINUOUS
10
166.7439889999999991
20
-117.3651249999999919
11
166.7439889999999991
21
-117.2698869999999971
0
LINE
8
BLACK
6
CONTINUOUS
10
166.7439889999999991
20
-117.2698869999999971
11
166.6487510000000043
21
-117.0794109999999932
0
LINE
8
BLACK
6
CONTINUOUS
10
166.6487510000000043
20
-117.0794109999999932
11
166.4582739999999887
21
-116.9841729999999984
0
LINE
8
BLACK
6
CONTINUOUS
10
166.4582739999999887
20
-116.9841729999999984
11
166.1725600000000043
21
-116.9841729999999984
0
LINE
8
BLACK
6
CONTINUOUS
10
166.1725600000000043
20
-116.9841729999999984
11
165.9820839999999862
21
-116.8889349999999894
0
LINE
8
BLACK
6
CONTINUOUS
10
165.9820839999999862
20
-116.8889349999999894
11
165.8868459999999914
21
-116.6984589999999997
0
LINE
8
BLACK
6
CONTINUOUS
10
165.8868459999999914
20
-116.6984589999999997
11
165.8868459999999914
21
-116.6032209999999907
0
LINE
8
BLACK
6
CONTINUOUS
10
165.8868459999999914
20
-116.6032209999999907
11
165.9820839999999862
21
-116.4127439999999893
0
LINE
8
BLACK
6
CONTINUOUS
10
165.9820839999999862
20
-116.4127439999999893
11
166.1725600000000043
21
-116.3175059999999945
0
LINE
8
BLACK
6
CONTINUOUS
10
166.1725600000000043
20
-116.3175059999999945
11
166.4582739999999887
21
-116.3175059999999945
0
LINE
8
BLACK
6
CONTINUOUS
10
166.4582739999999887
20
-116.3175059999999945
11
166.6487510000000043
21
-116.4127439999999893
0
LINE
8
BLACK
6
CONTINUOUS
10
167.4106559999999888
20
-118.4127439999999893
11
167.5058939999999836
21
-118.3175059999999945
0
LINE
8
BLACK
6
CONTINUOUS
10
167.5058939999999836
20
-118.3175059999999945
11
167.6963700000000017
21
-118.0317919999999958
0
LINE
8
BLACK
6
CONTINUOUS
10
167.6963700000000017
20
-118.0317919999999958
11
167.7916079999999965
21
-117.841315999999992
0
LINE
8
BLACK
6
CONTINUOUS
10
167.7916079999999965
20
-117.841315999999992
11
167.8868459999999914
21
-117.5556019999999933
0
LINE
8
BLACK
6
CONTINUOUS
10
167.8868459999999914
20
-117.5556019999999933
11
167.9820839999999862
21
-117.0794109999999932
0
LINE
8
BLACK
6
CONTINUOUS
10
167.9820839999999862
20
-117.0794109999999932
11
167.9820839999999862
21
-116.6984589999999997
0
LINE
8
BLACK
6
CONTINUOUS
10
167.9820839999999862
20
-116.6984589999999997
11
167.8868459999999914
21
-116.2222679999999997
0
LINE
8
BLACK
6
CONTINUOUS
10
167.8868459999999914
20
-116.2222679999999997
11
167.7916079999999965
21
-115.936554000000001
0
LINE
8
BLACK
6
CONTINUOUS
10
167.7916079999999965
20
-115.936554000000001
11
167.6963700000000017
21
-115.7460779999999971
0
LINE
8
BLACK
6
CONTINUOUS
10
167.6963700000000017
20
-115.7460779999999971
11
167.5058939999999836
21
-115.460363000000001
0
LINE
8
BLACK
6
CONTINUOUS
10
167.5058939999999836
20
-115.460363000000001
11
167.4106559999999888
21
-115.3651249999999919
0
CIRCLE
8
BLACK
10
115.5255019999999888
20
-119.3760019999999997
40
0.325
0
LINE
8
BLACK
6
CONTINUOUS
10
118.8392219999999924
20
-118.2908399999999887
11
119.0296989999999937
21
-118.2908399999999887
0
LINE
8
BLACK
6
CONTINUOUS
10
119.0296989999999937
20
-118.2908399999999887
11
119.2201749999999976
21
-118.3860779999999977
0
LINE
8
BLACK
6
CONTINUOUS
10
119.2201749999999976
20
-118.3860779999999977
11
119.3154129999999924
21
-118.4813159999999925
0
LINE
8
BLACK
6
CONTINUOUS
10
119.3154129999999924
20
-118.4813159999999925
11
119.4106510000000014
21
-118.6717919999999964
0
LINE
8
BLACK
6
CONTINUOUS
10
119.4106510000000014
20
-118.6717919999999964
11
119.5058889999999963
21
-119.0527439999999899
0
LINE
8
BLACK
6
CONTINUOUS
10
119.5058889999999963
20
-119.0527439999999899
11
119.5058889999999963
21
-119.5289349999999899
0
LINE
8
BLACK
6
CONTINUOUS
10
119.5058889999999963
20
-119.5289349999999899
11
119.4106510000000014
21
-119.9098869999999977
0
LINE
8
BLACK
6
CONTINUOUS
10
119.4106510000000014
20
-119.9098869999999977
11
119.3154129999999924
21
-120.1003630000000015
0
LINE
8
BLACK
6
CONTINUOUS
10
119.3154129999999924
20
-120.1003630000000015
11
119.2201749999999976
21
-120.1956019999999938
0
LINE
8
BLACK
6
CONTINUOUS
10
119.2201749999999976
20
-120.1956019999999938
11
119.0296989999999937
21
-120.2908399999999887
0
LINE
8
BLACK
6
CONTINUOUS
10
119.0296989999999937
20
-120.2908399999999887
11
118.8392219999999924
21
-120.2908399999999887
0
LINE
8
BLACK
6
CONTINUOUS
10
118.8392219999999924
20
-120.2908399999999887
11
118.6487459999999885
21
-120.1956019999999938
0
LINE
8
BLACK
6
CONTINUOUS
10
118.6487459999999885
20
-120.1956019999999938
11
118.5535079999999937
21
-120.1003630000000015
0
LINE
8
BLACK
6
CONTINUOUS
10
118.5535079999999937
20
-120.1003630000000015
11
118.4582699999999988
21
-119.9098869999999977
0
LINE
8
BLACK
6
CONTINUOUS
10
118.4582699999999988
20
-119.9098869999999977
11
118.3630319999999898
21
-119.5289349999999899
0
LINE
8
BLACK
6
CONTINUOUS
10
118.3630319999999898
20
-119.5289349999999899
11
118.3630319999999898
21
-119.0527439999999899
0
LINE
8
BLACK
6
CONTINUOUS
10
118.3630319999999898
20
-119.0527439999999899
11
118.4582699999999988
21
-118.6717919999999964
0
LINE
8
BLACK
6
CONTINUOUS
10
118.4582699999999988
20
-118.6717919999999964
11
118.5535079999999937
21
-118.4813159999999925
0
LINE
8
BLACK
6
CONTINUOUS
10
118.5535079999999937
20
-118.4813159999999925
11
118.6487459999999885
21
-118.3860779999999977
0
LINE
8
BLACK
6
CONTINUOUS
10
118.6487459999999885
20
-118.3860779999999977
11
118.8392219999999924
21
-118.2908399999999887
0
LINE
8
BLACK
6
CONTINUOUS
10
120.3630319999999898
20
-120.1003630000000015
11
120.4582699999999988
21
-120.1956019999999938
0
LINE
8
BLACK
6
CONTINUOUS
10
120.4582699999999988
20
-120.1956019999999938
11
120.3630319999999898
21
-120.2908399999999887
0
LINE
8
BLACK
6
CONTINUOUS
10
120.3630319999999898
20
-120.2908399999999887
11
120.267793999999995
21
-120.1956019999999938
0
LINE
8
BLACK
6
CONTINUOUS
10
120.267793999999995
20
-120.1956019999999938
11
120.3630319999999898
21
-120.1003630000000015
0
LINE
8
BLACK
6
CONTINUOUS
10
120.3630319999999898
20
-120.1003630000000015
11
120.3630319999999898
21
-120.2908399999999887
0
LINE
8
BLACK
6
CONTINUOUS
10
122.1725560000000002
20
-118.2908399999999887
11
121.7916029999999949
21
-118.2908399999999887
0
LINE
8
BLACK
6
CONTINUOUS
10
121.7916029999999949
20
-118.2908399999999887
11
121.6011269999999911
21
-118.3860779999999977
0
LINE
8
BLACK
6
CONTINUOUS
10
121.6011269999999911
20
-118.3860779999999977
11
121.5058889999999963
21
-118.4813159999999925
0
LINE
8
BLACK
6
CONTINUOUS
10
121.5058889999999963
20
-118.4813159999999925
11
121.3154129999999924
21
-118.7670299999999912
0
LINE
8
BLACK
6
CONTINUOUS
10
121.3154129999999924
20
-118.7670299999999912
11
121.2201749999999976
21
-119.1479819999999989
0
LINE
8
BLACK
6
CONTINUOUS
10
121.2201749999999976
20
-119.1479819999999989
11
121.2201749999999976
21
-119.9098869999999977
0
LINE
8
BLACK
6
CONTINUOUS
10
121.2201749999999976
20
-119.9098869999999977
11
121.3154129999999924
21
-120.1003630000000015
0
LINE
8
BLACK
6
CONTINUOUS
10
121.3154129999999924
20
-120.1003630000000015
11
121.4106510000000014
21
-120.1956019999999938
0
LINE
8
BLACK
6
CONTINUOUS
10
121.4106510000000014
20
-120.1956019999999938
11
121.6011269999999911
21
-120.2908399999999887
0
LINE
8
BLACK
6
CONTINUOUS
10
121.6011269999999911
20
-120.2908399999999887
11
121.9820799999999963
21
-120.2908399999999887
0
LINE
8
BLACK
6
CONTINUOUS
10
121.9820799999999963
20
-120.2908399999999887
11
122.1725560000000002
21
-120.1956019999999938
0
LINE
8
BLACK
6
CONTINUOUS
10
122.1725560000000002
20
-120.1956019999999938
11
122.267793999999995
21
-120.1003630000000015
0
LINE
8
BLACK
6
CONTINUOUS
10
122.267793999999995
20
-120.1003630000000015
11
122.3630319999999898
21
-119.9098869999999977
0
LINE
8
BLACK
6
CONTINUOUS
10
122.3630319999999898
20
-119.9098869999999977
11
122.3630319999999898
21
-119.4336969999999951
0
LINE
8
BLACK
6
CONTINUOUS
10
122.3630319999999898
20
-119.4336969999999951
11
122.267793999999995
21
-119.2432209999999912
0
LINE
8
BLACK
6
CONTINUOUS
10
122.267793999999995
20
-119.2432209999999912
11
122.1725560000000002
21
-119.1479819999999989
0
LINE
8
BLACK
6
CONTINUOUS
10
122.1725560000000002
20
-119.1479819999999989
11
121.9820799999999963
21
-119.0527439999999899
0
LINE
8
BLACK
6
CONTINUOUS
10
121.9820799999999963
20
-119.0527439999999899
11
121.6011269999999911
21
-119.0527439999999899
0
LINE
8
BLACK
6
CONTINUOUS
10
121.6011269999999911
20
-119.0527439999999899
11
121.4106510000000014
21
-119.1479819999999989
0
LINE
8
BLACK
6
CONTINUOUS
10
121.4106510000000014
20
-119.1479819999999989
11
121.3154129999999924
21
-119.2432209999999912
0
LINE
8
BLACK
6
CONTINUOUS
10
121.3154129999999924
20
-119.2432209999999912
11
121.2201749999999976
21
-119.4336969999999951
0
LINE
8
BLACK
6
CONTINUOUS
10
124.1725560000000002
20
-118.2908399999999887
11
123.2201749999999976
21
-118.2908399999999887
0
LINE
8
BLACK
6
CONTINUOUS
10
123.2201749999999976
20
-118.2908399999999887
11
123.1249369999999885
21
-119.2432209999999912
0
LINE
8
BLACK
6
CONTINUOUS
10
123.1249369999999885
20
-119.2432209999999912
11
123.2201749999999976
21
-119.1479819999999989
0
LINE
8
BLACK
6
CONTINUOUS
10
123.2201749999999976
20
-119.1479819999999989
11
123.4106510000000014
21
-119.0527439999999899
0
LINE
8
BLACK
6
CONTINUOUS
10
123.4106510000000014
20
-119.0527439999999899
11
123.8868420000000015
21
-119.0527439999999899
0
LINE
8
BLACK
6
CONTINUOUS
10
123.8868420000000015
20
-119.0527439999999899
11
124.0773179999999911
21
-119.1479819999999989
0
LINE
8
BLACK
6
CONTINUOUS
10
124.0773179999999911
20
-119.1479819999999989
11
124.1725560000000002
21
-119.2432209999999912
0
LINE
8
BLACK
6
CONTINUOUS
10
124.1725560000000002
20
-119.2432209999999912
11
124.267793999999995
21
-119.4336969999999951
0
LINE
8
BLACK
6
CONTINUOUS
10
124.267793999999995
20
-119.4336969999999951
11
124.267793999999995
21
-119.9098869999999977
0
LINE
8
BLACK
6
CONTINUOUS
10
124.267793999999995
20
-119.9098869999999977
11
124.1725560000000002
21
-120.1003630000000015
0
LINE
8
BLACK
6
CONTINUOUS
10
124.1725560000000002
20
-120.1003630000000015
11
124.0773179999999911
21
-120.1956019999999938
0
LINE
8
BLACK
6
CONTINUOUS
10
124.0773179999999911
20
-120.1956019999999938
11
123.8868420000000015
21
-120.2908399999999887
0
LINE
8
BLACK
6
CONTINUOUS
10
123.8868420000000015
20
-120.2908399999999887
11
123.4106510000000014
21
-120.2908399999999887
0
LINE
8
BLACK
6
CONTINUOUS
10
123.4106510000000014
20
-120.2908399999999887
11
123.2201749999999976
21
-120.1956019999999938
0
LINE
8
BLACK
6
CONTINUOUS
10
123.2201749999999976
20
-120.1956019999999938
11
123.1249369999999885
21
-120.1003630000000015
0
LINE
8
BLACK
6
CONTINUOUS
10
125.5058889999999963
20
-118.2908399999999887
11
125.6963659999999976
21
-118.2908399999999887
0
LINE
8
BLACK
6
CONTINUOUS
10
125.6963659999999976
20
-118.2908399999999887
11
125.8868419999999873
21
-118.3860779999999977
0
LINE
8
BLACK
6
CONTINUOUS
10
125.8868419999999873
20
-118.3860779999999977
11
125.9820799999999963
21
-118.4813159999999925
0
LINE
8
BLACK
6
CONTINUOUS
10
125.9820799999999963
20
-118.4813159999999925
11
126.0773179999999911
21
-118.6717919999999964
0
LINE
8
BLACK
6
CONTINUOUS
10
126.0773179999999911
20
-118.6717919999999964
11
126.1725560000000002
21
-119.0527439999999899
0
LINE
8
BLACK
6
CONTINUOUS
10
126.1725560000000002
20
-119.0527439999999899
11
126.1725560000000002
21
-119.5289349999999899
0
LINE
8
BLACK
6
CONTINUOUS
10
126.1725560000000002
20
-119.5289349999999899
11
126.0773179999999911
21
-119.9098869999999977
0
LINE
8
BLACK
6
CONTINUOUS
10
126.0773179999999911
20
-119.9098869999999977
11
125.9820799999999963
21
-120.1003630000000015
0
LINE
8
BLACK
6
CONTINUOUS
10
125.9820799999999963
20
-120.1003630000000015
11
125.8868419999999873
21
-120.1956019999999938
0
LINE
8
BLACK
6
CONTINUOUS
10
125.8868419999999873
20
-120.1956019999999938
11
125.6963659999999976
21
-120.2908399999999887
0
LINE
8
BLACK
6
CONTINUOUS
10
125.6963659999999976
20
-120.2908399999999887
11
125.5058889999999963
21
-120.2908399999999887
0
LINE
8
BLACK
6
CONTINUOUS
10
125.5058889999999963
20
-120.2908399999999887
11
125.3154129999999924
21
-120.1956019999999938
0
LINE
8
BLACK
6
CONTINUOUS
10
125.3154129999999924
20
-120.1956019999999938
11
125.2201749999999976
21
-120.1003630000000015
0
LINE
8
BLACK
6
CONTINUOUS
10
125.2201749999999976
20
-120.1003630000000015
11
125.1249369999999885
21
-119.9098869999999977
0
LINE
8
BLACK
6
CONTINUOUS
10
125.1249369999999885
20
-119.9098869999999977
11
125.0296989999999937
21
-119.5289349999999899
0
LINE
8
BLACK
6
CONTINUOUS
10
125.0296989999999937
20
-119.5289349999999899
11
125.0296989999999937
21
-119.0527439999999899
0
LINE
8
BLACK
6
CONTINUOUS
10
125.0296989999999937
20
-119.0527439999999899
11
125.1249369999999885
21
-118.6717919999999964
0
LINE
8
BLACK
6
CONTINUOUS
10
125.1249369999999885
20
-118.6717919999999964
11
125.2201749999999976
21
-118.4813159999999925
0
LINE
8
BLACK
6
CONTINUOUS
10
125.2201749999999976
20
-118.4813159999999925
11
125.3154129999999924
21
-118.3860779999999977
0
LINE
8
BLACK
6
CONTINUOUS
10
125.3154129999999924
20
-118.3860779999999977
11
125.5058889999999963
21
-118.2908399999999887
0
LINE
8
BLACK
6
CONTINUOUS
10
127.0296989999999937
20
-120.2908399999999887
11
127.0296989999999937
21
-118.9575059999999951
0
LINE
8
BLACK
6
CONTINUOUS
10
127.0296989999999937
20
-119.1479819999999989
11
127.1249369999999885
21
-119.0527439999999899
0
LINE
8
BLACK
6
CONTINUOUS
10
127.1249369999999885
20
-119.0527439999999899
11
127.3154129999999924
21
-118.9575059999999951
0
LINE
8
BLACK
6
CONTINUOUS
10
127.3154129999999924
20
-118.9575059999999951
11
127.6011279999999886
21
-118.9575059999999951
0
LINE
8
BLACK
6
CONTINUOUS
10
127.6011279999999886
20
-118.9575059999999951
11
127.7916039999999924
21
-119.0527439999999899
0
LINE
8
BLACK
6
CONTINUOUS
10
127.7916039999999924
20
-119.0527439999999899
11
127.8868419999999873
21
-119.2432209999999912
0
LINE
8
BLACK
6
CONTINUOUS
10
127.8868419999999873
20
-119.2432209999999912
11
127.8868419999999873
21
-120.2908399999999887
0
LINE
8
BLACK
6
CONTINUOUS
10
127.8868419999999873
20
-119.2432209999999912
11
127.9820799999999963
21
-119.0527439999999899
0
LINE
8
BLACK
6
CONTINUOUS
10
127.9820799999999963
20
-119.0527439999999899
11
128.1725559999999859
21
-118.9575059999999951
0
LINE
8
BLACK
6
CONTINUOUS
10
128.1725559999999859
20
-118.9575059999999951
11
128.4582699999999988
21
-118.9575059999999951
0
LINE
8
BLACK
6
CONTINUOUS
10
128.4582699999999988
20
-118.9575059999999951
11
128.648746999999986
21
-119.0527439999999899
0
LINE
8
BLACK
6
CONTINUOUS
10
128.648746999999986
20
-119.0527439999999899
11
128.7439849999999808
21
-119.2432209999999912
0
LINE
8
BLACK
6
CONTINUOUS
10
128.7439849999999808
20
-119.2432209999999912
11
128.7439849999999808
21
-120.2908399999999887
0
LINE
8
BLACK
6
CONTINUOUS
10
129.6963659999999834
20
-120.2908399999999887
11
129.6963659999999834
21
-118.9575059999999951
0
LINE
8
BLACK
6
CONTINUOUS
10
129.6963659999999834
20
-119.1479819999999989
11
129.7916040000000066
21
-119.0527439999999899
0
LINE
8
BLACK
6
CONTINUOUS
10
129.7916040000000066
20
-119.0527439999999899
11
129.9820799999999963
21
-118.9575059999999951
0
LINE
8
BLACK
6
CONTINUOUS
10
129.9820799999999963
20
-118.9575059999999951
11
130.2677950000000067
21
-118.9575059999999951
0
LINE
8
BLACK
6
CONTINUOUS
10
130.2677950000000067
20
-118.9575059999999951
11
130.4582709999999963
21
-119.0527439999999899
0
LINE
8
BLACK
6
CONTINUOUS
10
130.4582709999999963
20
-119.0527439999999899
11
130.5535089999999911
21
-119.2432209999999912
0
LINE
8
BLACK
6
CONTINUOUS
10
130.5535089999999911
20
-119.2432209999999912
11
130.5535089999999911
21
-120.2908399999999887
0
LINE
8
BLACK
6
CONTINUOUS
10
130.5535089999999911
20
-119.2432209999999912
11
130.648746999999986
21
-119.0527439999999899
0
LINE
8
BLACK
6
CONTINUOUS
10
130.648746999999986
20
-119.0527439999999899
11
130.839223000000004
21
-118.9575059999999951
0
LINE
8
BLACK
6
CONTINUOUS
10
130.839223000000004
20
-118.9575059999999951
11
131.1249369999999885
21
-118.9575059999999951
0
LINE
8
BLACK
6
CONTINUOUS
10
131.1249369999999885
20
-118.9575059999999951
11
131.3154140000000041
21
-119.0527439999999899
0
LINE
8
BLACK
6
CONTINUOUS
10
131.3154140000000041
20
-119.0527439999999899
11
131.4106519999999989
21
-119.2432209999999912
0
LINE
8
BLACK
6
CONTINUOUS
10
131.4106519999999989
20
-119.2432209999999912
11
131.4106519999999989
21
-120.2908399999999887
0
LINE
8
BLACK
6
CONTINUOUS
10
135.3154140000000041
20
-118.1956019999999938
11
133.601128999999986
21
-120.7670299999999912
0
LINE
8
BLACK
6
CONTINUOUS
10
137.8868429999999989
20
-118.2908399999999887
11
138.0773199999999861
21
-118.2908399999999887
0
LINE
8
BLACK
6
CONTINUOUS
10
138.0773199999999861
20
-118.2908399999999887
11
138.2677960000000041
21
-118.3860779999999977
0
LINE
8
BLACK
6
CONTINUOUS
10
138.2677960000000041
20
-118.3860779999999977
11
138.363033999999999
21
-118.4813159999999925
0
LINE
8
BLACK
6
CONTINUOUS
10
138.363033999999999
20
-118.4813159999999925
11
138.4582719999999938
21
-118.6717919999999964
0
LINE
8
BLACK
6
CONTINUOUS
10
138.4582719999999938
20
-118.6717919999999964
11
138.5535099999999886
21
-119.0527439999999899
0
LINE
8
BLACK
6
CONTINUOUS
10
138.5535099999999886
20
-119.0527439999999899
11
138.5535099999999886
21
-119.5289349999999899
0
LINE
8
BLACK
6
CONTINUOUS
10
138.5535099999999886
20
-119.5289349999999899
11
138.4582719999999938
21
-119.9098869999999977
0
LINE
8
BLACK
6
CONTINUOUS
10
138.4582719999999938
20
-119.9098869999999977
11
138.363033999999999
21
-120.1003630000000015
0
LINE
8
BLACK
6
CONTINUOUS
10
138.363033999999999
20
-120.1003630000000015
11
138.2677960000000041
21
-120.1956019999999938
0
LINE
8
BLACK
6
CONTINUOUS
10
138.2677960000000041
20
-120.1956019999999938
11
138.0773199999999861
21
-120.2908399999999887
0
LINE
8
BLACK
6
CONTINUOUS
10
138.0773199999999861
20
-120.2908399999999887
11
137.8868429999999989
21
-120.2908399999999887
0
LINE
8
BLACK
6
CONTINUOUS
10
137.8868429999999989
20
-120.2908399999999887
11
137.6963669999999809
21
-120.1956019999999938
0
LINE
8
BLACK
6
CONTINUOUS
10
137.6963669999999809
20
-120.1956019999999938
11
137.601128999999986
21
-120.1003630000000015
0
LINE
8
BLACK
6
CONTINUOUS
10
137.601128999999986
20
-120.1003630000000015
11
137.5058909999999912
21
-119.9098869999999977
0
LINE
8
BLACK
6
CONTINUOUS
10
137.5058909999999912
20
-119.9098869999999977
11
137.4106529999999964
21
-119.5289349999999899
0
LINE
8
BLACK
6
CONTINUOUS
10
137.4106529999999964
20
-119.5289349999999899
11
137.4106529999999964
21
-119.0527439999999899
0
LINE
8
BLACK
6
CONTINUOUS
10
137.4106529999999964
20
-119.0527439999999899
11
137.5058909999999912
21
-118.6717919999999964
0
LINE
8
BLACK
6
CONTINUOUS
10
137.5058909999999912
20
-118.6717919999999964
11
137.601128999999986
21
-118.4813159999999925
0
LINE
8
BLACK
6
CONTINUOUS
10
137.601128999999986
20
-118.4813159999999925
11
137.6963669999999809
21
-118.3860779999999977
0
LINE
8
BLACK
6
CONTINUOUS
10
137.6963669999999809
20
-118.3860779999999977
11
137.8868429999999989
21
-118.2908399999999887
0
LINE
8
BLACK
6
CONTINUOUS
10
139.4106529999999964
20
-120.1003630000000015
11
139.5058909999999912
21
-120.1956019999999938
0
LINE
8
BLACK
6
CONTINUOUS
10
139.5058909999999912
20
-120.1956019999999938
11
139.4106529999999964
21
-120.2908399999999887
0
LINE
8
BLACK
6
CONTINUOUS
10
139.4106529999999964
20
-120.2908399999999887
11
139.3154150000000016
21
-120.1956019999999938
0
LINE
8
BLACK
6
CONTINUOUS
10
139.3154150000000016
20
-120.1956019999999938
11
139.4106529999999964
21
-120.1003630000000015
0
LINE
8
BLACK
6
CONTINUOUS
10
139.4106529999999964
20
-120.1003630000000015
11
139.4106529999999964
21
-120.2908399999999887
0
LINE
8
BLACK
6
CONTINUOUS
10
140.7439860000000067
20
-118.2908399999999887
11
140.9344629999999938
21
-118.2908399999999887
0
LINE
8
BLACK
6
CONTINUOUS
10
140.9344629999999938
20
-118.2908399999999887
11
141.1249389999999835
21
-118.3860779999999977
0
LINE
8
BLACK
6
CONTINUOUS
10
141.1249389999999835
20
-118.3860779999999977
11
141.2201770000000067
21
-118.4813159999999925
0
LINE
8
BLACK
6
CONTINUOUS
10
141.2201770000000067
20
-118.4813159999999925
11
141.3154150000000016
21
-118.6717919999999964
0
LINE
8
BLACK
6
CONTINUOUS
10
141.3154150000000016
20
-118.6717919999999964
11
141.4106529999999964
21
-119.0527439999999899
0
LINE
8
BLACK
6
CONTINUOUS
10
141.4106529999999964
20
-119.0527439999999899
11
141.4106529999999964
21
-119.5289349999999899
0
LINE
8
BLACK
6
CONTINUOUS
10
141.4106529999999964
20
-119.5289349999999899
11
141.3154150000000016
21
-119.9098869999999977
0
LINE
8
BLACK
6
CONTINUOUS
10
141.3154150000000016
20
-119.9098869999999977
11
141.2201770000000067
21
-120.1003630000000015
0
LINE
8
BLACK
6
CONTINUOUS
10
141.2201770000000067
20
-120.1003630000000015
11
141.1249389999999835
21
-120.1956019999999938
0
LINE
8
BLACK
6
CONTINUOUS
10
141.1249389999999835
20
-120.1956019999999938
11
140.9344629999999938
21
-120.2908399999999887
0
LINE
8
BLACK
6
CONTINUOUS
10
140.9344629999999938
20
-120.2908399999999887
11
140.7439860000000067
21
-120.2908399999999887
0
LINE
8
BLACK
6
CONTINUOUS
10
140.7439860000000067
20
-120.2908399999999887
11
140.5535099999999886
21
-120.1956019999999938
0
LINE
8
BLACK
6
CONTINUOUS
10
140.5535099999999886
20
-120.1956019999999938
11
140.4582719999999938
21
-120.1003630000000015
0
LINE
8
BLACK
6
CONTINUOUS
10
140.4582719999999938
20
-120.1003630000000015
11
140.363033999999999
21
-119.9098869999999977
0
LINE
8
BLACK
6
CONTINUOUS
10
140.363033999999999
20
-119.9098869999999977
11
140.2677960000000041
21
-119.5289349999999899
0
LINE
8
BLACK
6
CONTINUOUS
10
140.2677960000000041
20
-119.5289349999999899
11
140.2677960000000041
21
-119.0527439999999899
0
LINE
8
BLACK
6
CONTINUOUS
10
140.2677960000000041
20
-119.0527439999999899
11
140.363033999999999
21
-118.6717919999999964
0
LINE
8
BLACK
6
CONTINUOUS
10
140.363033999999999
20
-118.6717919999999964
11
140.4582719999999938
21
-118.4813159999999925
0
LINE
8
BLACK
6
CONTINUOUS
10
140.4582719999999938
20
-118.4813159999999925
11
140.5535099999999886
21
-118.3860779999999977
0
LINE
8
BLACK
6
CONTINUOUS
10
140.5535099999999886
20
-118.3860779999999977
11
140.7439860000000067
21
-118.2908399999999887
0
LINE
8
BLACK
6
CONTINUOUS
10
142.1725579999999809
20
-118.4813159999999925
11
142.2677960000000041
21
-118.3860779999999977
0
LINE
8
BLACK
6
CONTINUOUS
10
142.2677960000000041
20
-118.3860779999999977
11
142.4582719999999938
21
-118.2908399999999887
0
LINE
8
BLACK
6
CONTINUOUS
10
142.4582719999999938
20
-118.2908399999999887
11
142.9344629999999938
21
-118.2908399999999887
0
LINE
8
BLACK
6
CONTINUOUS
10
142.9344629999999938
20
-118.2908399999999887
11
143.1249389999999835
21
-118.3860779999999977
0
LINE
8
BLACK
6
CONTINUOUS
10
143.1249389999999835
20
-118.3860779999999977
11
143.2201770000000067
21
-118.4813159999999925
0
LINE
8
BLACK
6
CONTINUOUS
10
143.2201770000000067
20
-118.4813159999999925
11
143.3154150000000016
21
-118.6717919999999964
0
LINE
8
BLACK
6
CONTINUOUS
10
143.3154150000000016
20
-118.6717919999999964
11
143.3154150000000016
21
-118.8622680000000003
0
LINE
8
BLACK
6
CONTINUOUS
10
143.3154150000000016
20
-118.8622680000000003
11
143.2201770000000067
21
-119.1479819999999989
0
LINE
8
BLACK
6
CONTINUOUS
10
143.2201770000000067
20
-119.1479819999999989
11
142.0773199999999861
21
-120.2908399999999887
0
LINE
8
BLACK
6
CONTINUOUS
10
142.0773199999999861
20
-120.2908399999999887
11
143.3154150000000016
21
-120.2908399999999887
0
LINE
8
BLACK
6
CONTINUOUS
10
145.1249389999999835
20
-118.2908399999999887
11
144.1725579999999809
21
-118.2908399999999887
0
LINE
8
BLACK
6
CONTINUOUS
10
144.1725579999999809
20
-118.2908399999999887
11
144.0773199999999861
21
-119.2432209999999912
0
LINE
8
BLACK
6
CONTINUOUS
10
144.0773199999999861
20
-119.2432209999999912
11
144.1725579999999809
21
-119.1479819999999989
0
LINE
8
BLACK
6
CONTINUOUS
10
144.1725579999999809
20
-119.1479819999999989
11
144.363033999999999
21
-119.0527439999999899
0
LINE
8
BLACK
6
CONTINUOUS
10
144.363033999999999
20
-119.0527439999999899
11
144.839224999999999
21
-119.0527439999999899
0
LINE
8
BLACK
6
CONTINUOUS
10
144.839224999999999
20
-119.0527439999999899
11
145.0297009999999887
21
-119.1479819999999989
0
LINE
8
BLACK
6
CONTINUOUS
10
145.0297009999999887
20
-119.1479819999999989
11
145.1249389999999835
21
-119.2432209999999912
0
LINE
8
BLACK
6
CONTINUOUS
10
145.1249389999999835
20
-119.2432209999999912
11
145.2201770000000067
21
-119.4336969999999951
0
LINE
8
BLACK
6
CONTINUOUS
10
145.2201770000000067
20
-119.4336969999999951
11
145.2201770000000067
21
-119.9098869999999977
0
LINE
8
BLACK
6
CONTINUOUS
10
145.2201770000000067
20
-119.9098869999999977
11
145.1249389999999835
21
-120.1003630000000015
0
LINE
8
BLACK
6
CONTINUOUS
10
145.1249389999999835
20
-120.1003630000000015
11
145.0297009999999887
21
-120.1956019999999938
0
LINE
8
BLACK
6
CONTINUOUS
10
145.0297009999999887
20
-120.1956019999999938
11
144.839224999999999
21
-120.2908399999999887
0
LINE
8
BLACK
6
CONTINUOUS
10
144.839224999999999
20
-120.2908399999999887
11
144.363033999999999
21
-120.2908399999999887
0
LINE
8
BLACK
6
CONTINUOUS
10
144.363033999999999
20
-120.2908399999999887
11
144.1725579999999809
21
-120.1956019999999938
0
LINE
8
BLACK
6
CONTINUOUS
10
144.1725579999999809
20
-120.1956019999999938
11
144.0773199999999861
21
-120.1003630000000015
0
LINE
8
BLACK
6
CONTINUOUS
10
146.9344629999999938
20
-118.2908399999999887
11
146.5535099999999886
21
-118.2908399999999887
0
LINE
8
BLACK
6
CONTINUOUS
10
146.5535099999999886
20
-118.2908399999999887
11
146.363033999999999
21
-118.3860779999999977
0
LINE
8
BLACK
6
CONTINUOUS
10
146.363033999999999
20
-118.3860779999999977
11
146.2677960000000041
21
-118.4813159999999925
0
LINE
8
BLACK
6
CONTINUOUS
10
146.2677960000000041
20
-118.4813159999999925
11
146.0773199999999861
21
-118.7670299999999912
0
LINE
8
BLACK
6
CONTINUOUS
10
146.0773199999999861
20
-118.7670299999999912
11
145.9820819999999912
21
-119.1479819999999989
0
LINE
8
BLACK
6
CONTINUOUS
10
145.9820819999999912
20
-119.1479819999999989
11
145.9820819999999912
21
-119.9098869999999977
0
LINE
8
BLACK
6
CONTINUOUS
10
145.9820819999999912
20
-119.9098869999999977
11
146.0773199999999861
21
-120.1003630000000015
0
LINE
8
BLACK
6
CONTINUOUS
10
146.0773199999999861
20
-120.1003630000000015
11
146.1725579999999809
21
-120.1956019999999938
0
LINE
8
BLACK
6
CONTINUOUS
10
146.1725579999999809
20
-120.1956019999999938
11
146.363033999999999
21
-120.2908399999999887
0
LINE
8
BLACK
6
CONTINUOUS
10
146.363033999999999
20
-120.2908399999999887
11
146.7439870000000042
21
-120.2908399999999887
0
LINE
8
BLACK
6
CONTINUOUS
10
146.7439870000000042
20
-120.2908399999999887
11
146.9344629999999938
21
-120.1956019999999938
0
LINE
8
BLACK
6
CONTINUOUS
10
146.9344629999999938
20
-120.1956019999999938
11
147.0297009999999887
21
-120.1003630000000015
0
LINE
8
BLACK
6
CONTINUOUS
10
147.0297009999999887
20
-120.1003630000000015
11
147.1249389999999835
21
-119.9098869999999977
0
LINE
8
BLACK
6
CONTINUOUS
10
147.1249389999999835
20
-119.9098869999999977
11
147.1249389999999835
21
-119.4336969999999951
0
LINE
8
BLACK
6
CONTINUOUS
10
147.1249389999999835
20
-119.4336969999999951
11
147.0297009999999887
21
-119.2432209999999912
0
LINE
8
BLACK
6
CONTINUOUS
10
147.0297009999999887
20
-119.2432209999999912
11
146.9344629999999938
21
-119.1479819999999989
0
LINE
8
BLACK
6
CONTINUOUS
10
146.9344629999999938
20
-119.1479819999999989
11
146.7439870000000042
21
-119.0527439999999899
0
LINE
8
BLACK
6
CONTINUOUS
10
146.7439870000000042
20
-119.0527439999999899
11
146.363033999999999
21
-119.0527439999999899
0
LINE
8
BLACK
6
CONTINUOUS
10
146.363033999999999
20
-119.0527439999999899
11
146.1725579999999809
21
-119.1479819999999989
0
LINE
8
BLACK
6
CONTINUOUS
10
146.1725579999999809
20
-119.1479819999999989
11
146.0773199999999861
21
-119.2432209999999912
0
LINE
8
BLACK
6
CONTINUOUS
10
146.0773199999999861
20
-119.2432209999999912
11
145.9820819999999912
21
-119.4336969999999951
0
LINE
8
BLACK
6
CONTINUOUS
10
147.8868439999999964
20
-118.2908399999999887
11
147.8868439999999964
21
-118.6717919999999964
0
LINE
8
BLACK
6
CONTINUOUS
10
148.6487489999999809
20
-118.2908399999999887
11
148.6487489999999809
21
-118.6717919999999964
0
LINE
8
BLACK
6
CONTINUOUS
10
151.601130999999981
20
-121.0527439999999899
11
151.5058919999999887
21
-120.9575059999999951
0
LINE
8
BLACK
6
CONTINUOUS
10
151.5058919999999887
20
-120.9575059999999951
11
151.315415999999999
21
-120.6717919999999964
0
LINE
8
BLACK
6
CONTINUOUS
10
151.315415999999999
20
-120.6717919999999964
11
151.2201780000000042
21
-120.4813159999999925
0
LINE
8
BLACK
6
CONTINUOUS
10
151.2201780000000042
20
-120.4813159999999925
11
151.124939999999981
21
-120.1956019999999938
0
LINE
8
BLACK
6
CONTINUOUS
10
151.124939999999981
20
-120.1956019999999938
11
151.0297019999999861
21
-119.7194109999999938
0
LINE
8
BLACK
6
CONTINUOUS
10
151.0297019999999861
20
-119.7194109999999938
11
151.0297019999999861
21
-119.3384590000000003
0
LINE
8
BLACK
6
CONTINUOUS
10
151.0297019999999861
20
-119.3384590000000003
11
151.124939999999981
21
-118.8622680000000003
0
LINE
8
BLACK
6
CONTINUOUS
10
151.124939999999981
20
-118.8622680000000003
11
151.2201780000000042
21
-118.5765540000000016
0
LINE
8
BLACK
6
CONTINUOUS
10
151.2201780000000042
20
-118.5765540000000016
11
151.315415999999999
21
-118.3860779999999977
0
LINE
8
BLACK
6
CONTINUOUS
10
151.315415999999999
20
-118.3860779999999977
11
151.5058919999999887
21
-118.1003630000000015
0
LINE
8
BLACK
6
CONTINUOUS
10
151.5058919999999887
20
-118.1003630000000015
11
151.601130999999981
21
-118.0051249999999925
0
LINE
8
BLACK
6
CONTINUOUS
10
152.2677970000000016
20
-118.4813159999999925
11
152.3630349999999964
21
-118.3860779999999977
0
LINE
8
BLACK
6
CONTINUOUS
10
152.3630349999999964
20
-118.3860779999999977
11
152.5535109999999861
21
-118.2908399999999887
0
LINE
8
BLACK
6
CONTINUOUS
10
152.5535109999999861
20
-118.2908399999999887
11
153.0297019999999861
21
-118.2908399999999887
0
LINE
8
BLACK
6
CONTINUOUS
10
153.0297019999999861
20
-118.2908399999999887
11
153.2201780000000042
21
-118.3860779999999977
0
LINE
8
BLACK
6
CONTINUOUS
10
153.2201780000000042
20
-118.3860779999999977
11
153.315415999999999
21
-118.4813159999999925
0
LINE
8
BLACK
6
CONTINUOUS
10
153.315415999999999
20
-118.4813159999999925
11
153.4106539999999939
21
-118.6717919999999964
0
LINE
8
BLACK
6
CONTINUOUS
10
153.4106539999999939
20
-118.6717919999999964
11
153.4106539999999939
21
-118.8622680000000003
0
LINE
8
BLACK
6
CONTINUOUS
10
153.4106539999999939
20
-118.8622680000000003
11
153.315415999999999
21
-119.1479819999999989
0
LINE
8
BLACK
6
CONTINUOUS
10
153.315415999999999
20
-119.1479819999999989
11
152.1725590000000068
21
-120.2908399999999887
0
LINE
8
BLACK
6
CONTINUOUS
10
152.1725590000000068
20
-120.2908399999999887
11
153.4106539999999939
21
-120.2908399999999887
0
LINE
8
BLACK
6
CONTINUOUS
10
155.124939999999981
20
-118.9575059999999951
11
155.124939999999981
21
-120.2908399999999887
0
LINE
8
BLACK
6
CONTINUOUS
10
154.6487489999999809
20
-118.1956019999999938
11
154.1725590000000068
21
-119.624172999999999
0
LINE
8
BLACK
6
CONTINUOUS
10
154.1725590000000068
20
-119.624172999999999
11
155.4106539999999939
21
-119.624172999999999
0
LINE
8
BLACK
6
CONTINUOUS
10
157.6963690000000042
20
-120.2908399999999887
11
157.6963690000000042
21
-118.2908399999999887
0
LINE
8
BLACK
6
CONTINUOUS
10
158.5535119999999836
20
-120.2908399999999887
11
158.5535119999999836
21
-119.2432209999999912
0
LINE
8
BLACK
6
CONTINUOUS
10
158.5535119999999836
20
-119.2432209999999912
11
158.4582739999999887
21
-119.0527439999999899
0
LINE
8
BLACK
6
CONTINUOUS
10
158.4582739999999887
20
-119.0527439999999899
11
158.2677979999999991
21
-118.9575059999999951
0
LINE
8
BLACK
6
CONTINUOUS
10
158.2677979999999991
20
-118.9575059999999951
11
157.9820829999999887
21
-118.9575059999999951
0
LINE
8
BLACK
6
CONTINUOUS
10
157.9820829999999887
20
-118.9575059999999951
11
157.7916069999999991
21
-119.0527439999999899
0
LINE
8
BLACK
6
CONTINUOUS
10
157.7916069999999991
20
-119.0527439999999899
11
157.6963690000000042
21
-119.1479819999999989
0
LINE
8
BLACK
6
CONTINUOUS
10
159.7916069999999991
20
-120.2908399999999887
11
159.601130999999981
21
-120.1956019999999938
0
LINE
8
BLACK
6
CONTINUOUS
10
159.601130999999981
20
-120.1956019999999938
11
159.5058929999999862
21
-120.1003630000000015
0
LINE
8
BLACK
6
CONTINUOUS
10
159.5058929999999862
20
-120.1003630000000015
11
159.4106549999999913
21
-119.9098869999999977
0
LINE
8
BLACK
6
CONTINUOUS
10
159.4106549999999913
20
-119.9098869999999977
11
159.4106549999999913
21
-119.3384590000000003
0
LINE
8
BLACK
6
CONTINUOUS
10
159.4106549999999913
20
-119.3384590000000003
11
159.5058929999999862
21
-119.1479819999999989
0
LINE
8
BLACK
6
CONTINUOUS
10
159.5058929999999862
20
-119.1479819999999989
11
159.601130999999981
21
-119.0527439999999899
0
LINE
8
BLACK
6
CONTINUOUS
10
159.601130999999981
20
-119.0527439999999899
11
159.7916069999999991
21
-118.9575059999999951
0
LINE
8
BLACK
6
CONTINUOUS
10
159.7916069999999991
20
-118.9575059999999951
11
160.077321999999981
21
-118.9575059999999951
0
LINE
8
BLACK
6
CONTINUOUS
10
160.077321999999981
20
-118.9575059999999951
11
160.2677979999999991
21
-119.0527439999999899
0
LINE
8
BLACK
6
CONTINUOUS
10
160.2677979999999991
20
-119.0527439999999899
11
160.3630359999999939
21
-119.1479819999999989
0
LINE
8
BLACK
6
CONTINUOUS
10
160.3630359999999939
20
-119.1479819999999989
11
160.4582739999999887
21
-119.3384590000000003
0
LINE
8
BLACK
6
CONTINUOUS
10
160.4582739999999887
20
-119.3384590000000003
11
160.4582739999999887
21
-119.9098869999999977
0
LINE
8
BLACK
6
CONTINUOUS
10
160.4582739999999887
20
-119.9098869999999977
11
160.3630359999999939
21
-120.1003630000000015
0
LINE
8
BLACK
6
CONTINUOUS
10
160.3630359999999939
20
-120.1003630000000015
11
160.2677979999999991
21
-120.1956019999999938
0
LINE
8
BLACK
6
CONTINUOUS
10
160.2677979999999991
20
-120.1956019999999938
11
160.077321999999981
21
-120.2908399999999887
0
LINE
8
BLACK
6
CONTINUOUS
10
160.077321999999981
20
-120.2908399999999887
11
159.7916069999999991
21
-120.2908399999999887
0
LINE
8
BLACK
6
CONTINUOUS
10
161.601130999999981
20
-120.2908399999999887
11
161.4106549999999913
21
-120.1956019999999938
0
LINE
8
BLACK
6
CONTINUOUS
10
161.4106549999999913
20
-120.1956019999999938
11
161.3154169999999965
21
-120.0051249999999925
0
LINE
8
BLACK
6
CONTINUOUS
10
161.3154169999999965
20
-120.0051249999999925
11
161.3154169999999965
21
-118.2908399999999887
0
LINE
8
BLACK
6
CONTINUOUS
10
163.1249409999999784
20
-120.1956019999999938
11
162.9344649999999888
21
-120.2908399999999887
0
LINE
8
BLACK
6
CONTINUOUS
10
162.9344649999999888
20
-120.2908399999999887
11
162.5535119999999836
21
-120.2908399999999887
0
LINE
8
BLACK
6
CONTINUOUS
10
162.5535119999999836
20
-120.2908399999999887
11
162.3630359999999939
21
-120.1956019999999938
0
LINE
8
BLACK
6
CONTINUOUS
10
162.3630359999999939
20
-120.1956019999999938
11
162.2677979999999991
21
-120.0051249999999925
0
LINE
8
BLACK
6
CONTINUOUS
10
162.2677979999999991
20
-120.0051249999999925
11
162.2677979999999991
21
-119.2432209999999912
0
LINE
8
BLACK
6
CONTINUOUS
10
162.2677979999999991
20
-119.2432209999999912
11
162.3630359999999939
21
-119.0527439999999899
0
LINE
8
BLACK
6
CONTINUOUS
10
162.3630359999999939
20
-119.0527439999999899
11
162.5535119999999836
21
-118.9575059999999951
0
LINE
8
BLACK
6
CONTINUOUS
10
162.5535119999999836
20
-118.9575059999999951
11
162.9344649999999888
21
-118.9575059999999951
0
LINE
8
BLACK
6
CONTINUOUS
10
162.9344649999999888
20
-118.9575059999999951
11
163.1249409999999784
21
-119.0527439999999899
0
LINE
8
BLACK
6
CONTINUOUS
10
163.1249409999999784
20
-119.0527439999999899
11
163.2201790000000017
21
-119.2432209999999912
0
LINE
8
BLACK
6
CONTINUOUS
10
163.2201790000000017
20
-119.2432209999999912
11
163.2201790000000017
21
-119.4336969999999951
0
LINE
8
BLACK
6
CONTINUOUS
10
163.2201790000000017
20
-119.4336969999999951
11
162.2677979999999991
21
-119.624172999999999
0
LINE
8
BLACK
6
CONTINUOUS
10
163.9820839999999862
20
-120.1956019999999938
11
164.1725600000000043
21
-120.2908399999999887
0
LINE
8
BLACK
6
CONTINUOUS
10
164.1725600000000043
20
-120.2908399999999887
11
164.5535119999999836
21
-120.2908399999999887
0
LINE
8
BLACK
6
CONTINUOUS
10
164.5535119999999836
20
-120.2908399999999887
11
164.7439889999999991
21
-120.1956019999999938
0
LINE
8
BLACK
6
CONTINUOUS
10
164.7439889999999991
20
-120.1956019999999938
11
164.839226999999994
21
-120.0051249999999925
0
LINE
8
BLACK
6
CONTINUOUS
10
164.839226999999994
20
-120.0051249999999925
11
164.839226999999994
21
-119.9098869999999977
0
LINE
8
BLACK
6
CONTINUOUS
10
164.839226999999994
20
-119.9098869999999977
11
164.7439889999999991
21
-119.7194109999999938
0
LINE
8
BLACK
6
CONTINUOUS
10
164.7439889999999991
20
-119.7194109999999938
11
164.5535119999999836
21
-119.624172999999999
0
LINE
8
BLACK
6
CONTINUOUS
10
164.5535119999999836
20
-119.624172999999999
11
164.2677979999999991
21
-119.624172999999999
0
LINE
8
BLACK
6
CONTINUOUS
10
164.2677979999999991
20
-119.624172999999999
11
164.077321999999981
21
-119.5289349999999899
0
LINE
8
BLACK
6
CONTINUOUS
10
164.077321999999981
20
-119.5289349999999899
11
163.9820839999999862
21
-119.3384590000000003
0
LINE
8
BLACK
6
CONTINUOUS
10
163.9820839999999862
20
-119.3384590000000003
11
163.9820839999999862
21
-119.2432209999999912
0
LINE
8
BLACK
6
CONTINUOUS
10
163.9820839999999862
20
-119.2432209999999912
11
164.077321999999981
21
-119.0527439999999899
0
LINE
8
BLACK
6
CONTINUOUS
10
164.077321999999981
20
-119.0527439999999899
11
164.2677979999999991
21
-118.9575059999999951
0
LINE
8
BLACK
6
CONTINUOUS
10
164.2677979999999991
20
-118.9575059999999951
11
164.5535119999999836
21
-118.9575059999999951
0
LINE
8
BLACK
6
CONTINUOUS
10
164.5535119999999836
20
-118.9575059999999951
11
164.7439889999999991
21
-119.0527439999999899
0
LINE
8
BLACK
6
CONTINUOUS
10
165.5058939999999836
20
-121.0527439999999899
11
165.6011319999999785
21
-120.9575059999999951
0
LINE
8
BLACK
6
CONTINUOUS
10
165.6011319999999785
20
-120.9575059999999951
11
165.7916079999999965
21
-120.6717919999999964
0
LINE
8
BLACK
6
CONTINUOUS
10
165.7916079999999965
20
-120.6717919999999964
11
165.8868459999999914
21
-120.4813159999999925
0
LINE
8
BLACK
6
CONTINUOUS
10
165.8868459999999914
20
-120.4813159999999925
11
165.9820839999999862
21
-120.1956019999999938
0
LINE
8
BLACK
6
CONTINUOUS
10
165.9820839999999862
20
-120.1956019999999938
11
166.077321999999981
21
-119.7194109999999938
0
LINE
8
BLACK
6
CONTINUOUS
10
166.077321999999981
20
-119.7194109999999938
11
166.077321999999981
21
-119.3384590000000003
0
LINE
8
BLACK
6
CONTINUOUS
10
166.077321999999981
20
-119.3384590000000003
11
165.9820839999999862
21
-118.8622680000000003
0
LINE
8
BLACK
6
CONTINUOUS
10
165.9820839999999862
20
-118.8622680000000003
11
165.8868459999999914
21
-118.5765540000000016
0
LINE
8
BLACK
6
CONTINUOUS
10
165.8868459999999914
20
-118.5765540000000016
11
165.7916079999999965
21
-118.3860779999999977
0
LINE
8
BLACK
6
CONTINUOUS
10
165.7916079999999965
20
-118.3860779999999977
11
165.6011319999999785
21
-118.1003630000000015
0
LINE
8
BLACK
6
CONTINUOUS
10
165.6011319999999785
20
-118.1003630000000015
11
165.5058939999999836
21
-118.0051249999999925
0
LINE
8
BLACK
6
CONTINUOUS
10
115.5005019999999973
20
-121.6660019999999918
11
115.5005019999999973
21
-122.3660019999999946
0
LINE
8
BLACK
6
CONTINUOUS
10
115.1505019999999888
20
-122.0160020000000003
11
115.8505019999999917
21
-122.0160020000000003
0
LINE
8
BLACK
6
CONTINUOUS
10
118.8392219999999924
20
-120.9308399999999892
11
119.0296989999999937
21
-120.9308399999999892
0
LINE
8
BLACK
6
CONTINUOUS
10
119.0296989999999937
20
-120.9308399999999892
11
119.2201749999999976
21
-121.0260779999999983
0
LINE
8
BLACK
6
CONTINUOUS
10
119.2201749999999976
20
-121.0260779999999983
11
119.3154129999999924
21
-121.1213159999999931
0
LINE
8
BLACK
6
CONTINUOUS
10
119.3154129999999924
20
-121.1213159999999931
11
119.4106510000000014
21
-121.311791999999997
0
LINE
8
BLACK
6
CONTINUOUS
10
119.4106510000000014
20
-121.311791999999997
11
119.5058889999999963
21
-121.6927439999999905
0
LINE
8
BLACK
6
CONTINUOUS
10
119.5058889999999963
20
-121.6927439999999905
11
119.5058889999999963
21
-122.1689349999999905
0
LINE
8
BLACK
6
CONTINUOUS
10
119.5058889999999963
20
-122.1689349999999905
11
119.4106510000000014
21
-122.5498869999999982
0
LINE
8
BLACK
6
CONTINUOUS
10
119.4106510000000014
20
-122.5498869999999982
11
119.3154129999999924
21
-122.7403629999999879
0
LINE
8
BLACK
6
CONTINUOUS
10
119.3154129999999924
20
-122.7403629999999879
11
119.2201749999999976
21
-122.8356019999999944
0
LINE
8
BLACK
6
CONTINUOUS
10
119.2201749999999976
20
-122.8356019999999944
11
119.0296989999999937
21
-122.9308399999999892
0
LINE
8
BLACK
6
CONTINUOUS
10
119.0296989999999937
20
-122.9308399999999892
11
118.8392219999999924
21
-122.9308399999999892
0
LINE
8
BLACK
6
CONTINUOUS
10
118.8392219999999924
20
-122.9308399999999892
11
118.6487459999999885
21
-122.8356019999999944
0
LINE
8
BLACK
6
CONTINUOUS
10
118.6487459999999885
20
-122.8356019999999944
11
118.5535079999999937
21
-122.7403629999999879
0
LINE
8
BLACK
6
CONTINUOUS
10
118.5535079999999937
20
-122.7403629999999879
11
118.4582699999999988
21
-122.5498869999999982
0
LINE
8
BLACK
6
CONTINUOUS
10
118.4582699999999988
20
-122.5498869999999982
11
118.3630319999999898
21
-122.1689349999999905
0
LINE
8
BLACK
6
CONTINUOUS
10
118.3630319999999898
20
-122.1689349999999905
11
118.3630319999999898
21
-121.6927439999999905
0
LINE
8
BLACK
6
CONTINUOUS
10
118.3630319999999898
20
-121.6927439999999905
11
118.4582699999999988
21
-121.311791999999997
0
LINE
8
BLACK
6
CONTINUOUS
10
118.4582699999999988
20
-121.311791999999997
11
118.5535079999999937
21
-121.1213159999999931
0
LINE
8
BLACK
6
CONTINUOUS
10
118.5535079999999937
20
-121.1213159999999931
11
118.6487459999999885
21
-121.0260779999999983
0
LINE
8
BLACK
6
CONTINUOUS
10
118.6487459999999885
20
-121.0260779999999983
11
118.8392219999999924
21
-120.9308399999999892
0
LINE
8
BLACK
6
CONTINUOUS
10
120.3630319999999898
20
-122.7403629999999879
11
120.4582699999999988
21
-122.8356019999999944
0
LINE
8
BLACK
6
CONTINUOUS
10
120.4582699999999988
20
-122.8356019999999944
11
120.3630319999999898
21
-122.9308399999999892
0
LINE
8
BLACK
6
CONTINUOUS
10
120.3630319999999898
20
-122.9308399999999892
11
120.267793999999995
21
-122.8356019999999944
0
LINE
8
BLACK
6
CONTINUOUS
10
120.267793999999995
20
-122.8356019999999944
11
120.3630319999999898
21
-122.7403629999999879
0
LINE
8
BLACK
6
CONTINUOUS
10
120.3630319999999898
20
-122.7403629999999879
11
120.3630319999999898
21
-122.9308399999999892
0
LINE
8
BLACK
6
CONTINUOUS
10
121.1249369999999885
20
-120.9308399999999892
11
122.4582699999999988
21
-120.9308399999999892
0
LINE
8
BLACK
6
CONTINUOUS
10
122.4582699999999988
20
-120.9308399999999892
11
121.6011269999999911
21
-122.9308399999999892
0
LINE
8
BLACK
6
CONTINUOUS
10
123.6011269999999911
20
-120.9308399999999892
11
123.7916039999999924
21
-120.9308399999999892
0
LINE
8
BLACK
6
CONTINUOUS
10
123.7916039999999924
20
-120.9308399999999892
11
123.9820799999999963
21
-121.0260779999999983
0
LINE
8
BLACK
6
CONTINUOUS
10
123.9820799999999963
20
-121.0260779999999983
11
124.0773179999999911
21
-121.1213159999999931
0
LINE
8
BLACK
6
CONTINUOUS
10
124.0773179999999911
20
-121.1213159999999931
11
124.1725560000000002
21
-121.311791999999997
0
LINE
8
BLACK
6
CONTINUOUS
10
124.1725560000000002
20
-121.311791999999997
11
124.267793999999995
21
-121.6927439999999905
0
LINE
8
BLACK
6
CONTINUOUS
10
124.267793999999995
20
-121.6927439999999905
11
124.267793999999995
21
-122.1689349999999905
0
LINE
8
BLACK
6
CONTINUOUS
10
124.267793999999995
20
-122.1689349999999905
11
124.1725560000000002
21
-122.5498869999999982
0
LINE
8
BLACK
6
CONTINUOUS
10
124.1725560000000002
20
-122.5498869999999982
11
124.0773179999999911
21
-122.7403629999999879
0
LINE
8
BLACK
6
CONTINUOUS
10
124.0773179999999911
20
-122.7403629999999879
11
123.9820799999999963
21
-122.8356019999999944
0
LINE
8
BLACK
6
CONTINUOUS
10
123.9820799999999963
20
-122.8356019999999944
11
123.7916039999999924
21
-122.9308399999999892
0
LINE
8
BLACK
6
CONTINUOUS
10
123.7916039999999924
20
-122.9308399999999892
11
123.6011269999999911
21
-122.9308399999999892
0
LINE
8
BLACK
6
CONTINUOUS
10
123.6011269999999911
20
-122.9308399999999892
11
123.4106510000000014
21
-122.8356019999999944
0
LINE
8
BLACK
6
CONTINUOUS
10
123.4106510000000014
20
-122.8356019999999944
11
123.3154129999999924
21
-122.7403629999999879
0
LINE
8
BLACK
6
CONTINUOUS
10
123.3154129999999924
20
-122.7403629999999879
11
123.2201749999999976
21
-122.5498869999999982
0
LINE
8
BLACK
6
CONTINUOUS
10
123.2201749999999976
20
-122.5498869999999982
11
123.1249369999999885
21
-122.1689349999999905
0
LINE
8
BLACK
6
CONTINUOUS
10
123.1249369999999885
20
-122.1689349999999905
11
123.1249369999999885
21
-121.6927439999999905
0
LINE
8
BLACK
6
CONTINUOUS
10
123.1249369999999885
20
-121.6927439999999905
11
123.2201749999999976
21
-121.311791999999997
0
LINE
8
BLACK
6
CONTINUOUS
10
123.2201749999999976
20
-121.311791999999997
11
123.3154129999999924
21
-121.1213159999999931
0
LINE
8
BLACK
6
CONTINUOUS
10
123.3154129999999924
20
-121.1213159999999931
11
123.4106510000000014
21
-121.0260779999999983
0
LINE
8
BLACK
6
CONTINUOUS
10
123.4106510000000014
20
-121.0260779999999983
11
123.6011269999999911
21
-120.9308399999999892
0
LINE
8
BLACK
6
CONTINUOUS
10
125.5058889999999963
20
-120.9308399999999892
11
125.6963659999999976
21
-120.9308399999999892
0
LINE
8
BLACK
6
CONTINUOUS
10
125.6963659999999976
20
-120.9308399999999892
11
125.8868419999999873
21
-121.0260779999999983
0
LINE
8
BLACK
6
CONTINUOUS
10
125.8868419999999873
20
-121.0260779999999983
11
125.9820799999999963
21
-121.1213159999999931
0
LINE
8
BLACK
6
CONTINUOUS
10
125.9820799999999963
20
-121.1213159999999931
11
126.0773179999999911
21
-121.311791999999997
0
LINE
8
BLACK
6
CONTINUOUS
10
126.0773179999999911
20
-121.311791999999997
11
126.1725560000000002
21
-121.6927439999999905
0
LINE
8
BLACK
6
CONTINUOUS
10
126.1725560000000002
20
-121.6927439999999905
11
126.1725560000000002
21
-122.1689349999999905
0
LINE
8
BLACK
6
CONTINUOUS
10
126.1725560000000002
20
-122.1689349999999905
11
126.0773179999999911
21
-122.5498869999999982
0
LINE
8
BLACK
6
CONTINUOUS
10
126.0773179999999911
20
-122.5498869999999982
11
125.9820799999999963
21
-122.7403629999999879
0
LINE
8
BLACK
6
CONTINUOUS
10
125.9820799999999963
20
-122.7403629999999879
11
125.8868419999999873
21
-122.8356019999999944
0
LINE
8
BLACK
6
CONTINUOUS
10
125.8868419999999873
20
-122.8356019999999944
11
125.6963659999999976
21
-122.9308399999999892
0
LINE
8
BLACK
6
CONTINUOUS
10
125.6963659999999976
20
-122.9308399999999892
11
125.5058889999999963
21
-122.9308399999999892
0
LINE
8
BLACK
6
CONTINUOUS
10
125.5058889999999963
20
-122.9308399999999892
11
125.3154129999999924
21
-122.8356019999999944
0
LINE
8
BLACK
6
CONTINUOUS
10
125.3154129999999924
20
-122.8356019999999944
11
125.2201749999999976
21
-122.7403629999999879
0
LINE
8
BLACK
6
CONTINUOUS
10
125.2201749999999976
20
-122.7403629999999879
11
125.1249369999999885
21
-122.5498869999999982
0
LINE
8
BLACK
6
CONTINUOUS
10
125.1249369999999885
20
-122.5498869999999982
11
125.0296989999999937
21
-122.1689349999999905
0
LINE
8
BLACK
6
CONTINUOUS
10
125.0296989999999937
20
-122.1689349999999905
11
125.0296989999999937
21
-121.6927439999999905
0
LINE
8
BLACK
6
CONTINUOUS
10
125.0296989999999937
20
-121.6927439999999905
11
125.1249369999999885
21
-121.311791999999997
0
LINE
8
BLACK
6
CONTINUOUS
10
125.1249369999999885
20
-121.311791999999997
11
125.2201749999999976
21
-121.1213159999999931
0
LINE
8
BLACK
6
CONTINUOUS
10
125.2201749999999976
20
-121.1213159999999931
11
125.3154129999999924
21
-121.0260779999999983
0
LINE
8
BLACK
6
CONTINUOUS
10
125.3154129999999924
20
-121.0260779999999983
11
125.5058889999999963
21
-120.9308399999999892
0
LINE
8
BLACK
6
CONTINUOUS
10
127.0296989999999937
20
-122.9308399999999892
11
127.0296989999999937
21
-121.5975059999999957
0
LINE
8
BLACK
6
CONTINUOUS
10
127.0296989999999937
20
-121.7879819999999995
11
127.1249369999999885
21
-121.6927439999999905
0
LINE
8
BLACK
6
CONTINUOUS
10
127.1249369999999885
20
-121.6927439999999905
11
127.3154129999999924
21
-121.5975059999999957
0
LINE
8
BLACK
6
CONTINUOUS
10
127.3154129999999924
20
-121.5975059999999957
11
127.6011279999999886
21
-121.5975059999999957
0
LINE
8
BLACK
6
CONTINUOUS
10
127.6011279999999886
20
-121.5975059999999957
11
127.7916039999999924
21
-121.6927439999999905
0
LINE
8
BLACK
6
CONTINUOUS
10
127.7916039999999924
20
-121.6927439999999905
11
127.8868419999999873
21
-121.8832209999999918
0
LINE
8
BLACK
6
CONTINUOUS
10
127.8868419999999873
20
-121.8832209999999918
11
127.8868419999999873
21
-122.9308399999999892
0
LINE
8
BLACK
6
CONTINUOUS
10
127.8868419999999873
20
-121.8832209999999918
11
127.9820799999999963
21
-121.6927439999999905
0
LINE
8
BLACK
6
CONTINUOUS
10
127.9820799999999963
20
-121.6927439999999905
11
128.1725559999999859
21
-121.5975059999999957
0
LINE
8
BLACK
6
CONTINUOUS
10
128.1725559999999859
20
-121.5975059999999957
11
128.4582699999999988
21
-121.5975059999999957
0
LINE
8
BLACK
6
CONTINUOUS
10
128.4582699999999988
20
-121.5975059999999957
11
128.648746999999986
21
-121.6927439999999905
0
LINE
8
BLACK
6
CONTINUOUS
10
128.648746999999986
20
-121.6927439999999905
11
128.7439849999999808
21
-121.8832209999999918
0
LINE
8
BLACK
6
CONTINUOUS
10
128.7439849999999808
20
-121.8832209999999918
11
128.7439849999999808
21
-122.9308399999999892
0
LINE
8
BLACK
6
CONTINUOUS
10
129.6963659999999834
20
-122.9308399999999892
11
129.6963659999999834
21
-121.5975059999999957
0
LINE
8
BLACK
6
CONTINUOUS
10
129.6963659999999834
20
-121.7879819999999995
11
129.7916040000000066
21
-121.6927439999999905
0
LINE
8
BLACK
6
CONTINUOUS
10
129.7916040000000066
20
-121.6927439999999905
11
129.9820799999999963
21
-121.5975059999999957
0
LINE
8
BLACK
6
CONTINUOUS
10
129.9820799999999963
20
-121.5975059999999957
11
130.2677950000000067
21
-121.5975059999999957
0
LINE
8
BLACK
6
CONTINUOUS
10
130.2677950000000067
20
-121.5975059999999957
11
130.4582709999999963
21
-121.6927439999999905
0
LINE
8
BLACK
6
CONTINUOUS
10
130.4582709999999963
20
-121.6927439999999905
11
130.5535089999999911
21
-121.8832209999999918
0
LINE
8
BLACK
6
CONTINUOUS
10
130.5535089999999911
20
-121.8832209999999918
11
130.5535089999999911
21
-122.9308399999999892
0
LINE
8
BLACK
6
CONTINUOUS
10
130.5535089999999911
20
-121.8832209999999918
11
130.648746999999986
21
-121.6927439999999905
0
LINE
8
BLACK
6
CONTINUOUS
10
130.648746999999986
20
-121.6927439999999905
11
130.839223000000004
21
-121.5975059999999957
0
LINE
8
BLACK
6
CONTINUOUS
10
130.839223000000004
20
-121.5975059999999957
11
131.1249369999999885
21
-121.5975059999999957
0
LINE
8
BLACK
6
CONTINUOUS
10
131.1249369999999885
20
-121.5975059999999957
11
131.3154140000000041
21
-121.6927439999999905
0
LINE
8
BLACK
6
CONTINUOUS
10
131.3154140000000041
20
-121.6927439999999905
11
131.4106519999999989
21
-121.8832209999999918
0
LINE
8
BLACK
6
CONTINUOUS
10
131.4106519999999989
20
-121.8832209999999918
11
131.4106519999999989
21
-122.9308399999999892
0
LINE
8
BLACK
6
CONTINUOUS
10
135.3154140000000041
20
-120.8356019999999944
11
133.601128999999986
21
-123.4070299999999918
0
LINE
8
BLACK
6
CONTINUOUS
10
137.8868429999999989
20
-120.9308399999999892
11
138.0773199999999861
21
-120.9308399999999892
0
LINE
8
BLACK
6
CONTINUOUS
10
138.0773199999999861
20
-120.9308399999999892
11
138.2677960000000041
21
-121.0260779999999983
0
LINE
8
BLACK
6
CONTINUOUS
10
138.2677960000000041
20
-121.0260779999999983
11
138.363033999999999
21
-121.1213159999999931
0
LINE
8
BLACK
6
CONTINUOUS
10
138.363033999999999
20
-121.1213159999999931
11
138.4582719999999938
21
-121.311791999999997
0
LINE
8
BLACK
6
CONTINUOUS
10
138.4582719999999938
20
-121.311791999999997
11
138.5535099999999886
21
-121.6927439999999905
0
LINE
8
BLACK
6
CONTINUOUS
10
138.5535099999999886
20
-121.6927439999999905
11
138.5535099999999886
21
-122.1689349999999905
0
LINE
8
BLACK
6
CONTINUOUS
10
138.5535099999999886
20
-122.1689349999999905
11
138.4582719999999938
21
-122.5498869999999982
0
LINE
8
BLACK
6
CONTINUOUS
10
138.4582719999999938
20
-122.5498869999999982
11
138.363033999999999
21
-122.7403629999999879
0
LINE
8
BLACK
6
CONTINUOUS
10
138.363033999999999
20
-122.7403629999999879
11
138.2677960000000041
21
-122.8356019999999944
0
LINE
8
BLACK
6
CONTINUOUS
10
138.2677960000000041
20
-122.8356019999999944
11
138.0773199999999861
21
-122.9308399999999892
0
LINE
8
BLACK
6
CONTINUOUS
10
138.0773199999999861
20
-122.9308399999999892
11
137.8868429999999989
21
-122.9308399999999892
0
LINE
8
BLACK
6
CONTINUOUS
10
137.8868429999999989
20
-122.9308399999999892
11
137.6963669999999809
21
-122.8356019999999944
0
LINE
8
BLACK
6
CONTINUOUS
10
137.6963669999999809
20
-122.8356019999999944
11
137.601128999999986
21
-122.7403629999999879
0
LINE
8
BLACK
6
CONTINUOUS
10
137.601128999999986
20
-122.7403629999999879
11
137.5058909999999912
21
-122.5498869999999982
0
LINE
8
BLACK
6
CONTINUOUS
10
137.5058909999999912
20
-122.5498869999999982
11
137.4106529999999964
21
-122.1689349999999905
0
LINE
8
BLACK
6
CONTINUOUS
10
137.4106529999999964
20
-122.1689349999999905
11
137.4106529999999964
21
-121.6927439999999905
0
LINE
8
BLACK
6
CONTINUOUS
10
137.4106529999999964
20
-121.6927439999999905
11
137.5058909999999912
21
-121.311791999999997
0
LINE
8
BLACK
6
CONTINUOUS
10
137.5058909999999912
20
-121.311791999999997
11
137.601128999999986
21
-121.1213159999999931
0
LINE
8
BLACK
6
CONTINUOUS
10
137.601128999999986
20
-121.1213159999999931
11
137.6963669999999809
21
-121.0260779999999983
0
LINE
8
BLACK
6
CONTINUOUS
10
137.6963669999999809
20
-121.0260779999999983
11
137.8868429999999989
21
-120.9308399999999892
0
LINE
8
BLACK
6
CONTINUOUS
10
139.4106529999999964
20
-122.7403629999999879
11
139.5058909999999912
21
-122.8356019999999944
0
LINE
8
BLACK
6
CONTINUOUS
10
139.5058909999999912
20
-122.8356019999999944
11
139.4106529999999964
21
-122.9308399999999892
0
LINE
8
BLACK
6
CONTINUOUS
10
139.4106529999999964
20
-122.9308399999999892
11
139.3154150000000016
21
-122.8356019999999944
0
LINE
8
BLACK
6
CONTINUOUS
10
139.3154150000000016
20
-122.8356019999999944
11
139.4106529999999964
21
-122.7403629999999879
0
LINE
8
BLACK
6
CONTINUOUS
10
139.4106529999999964
20
-122.7403629999999879
11
139.4106529999999964
21
-122.9308399999999892
0
LINE
8
BLACK
6
CONTINUOUS
10
140.7439860000000067
20
-120.9308399999999892
11
140.9344629999999938
21
-120.9308399999999892
0
LINE
8
BLACK
6
CONTINUOUS
10
140.9344629999999938
20
-120.9308399999999892
11
141.1249389999999835
21
-121.0260779999999983
0
LINE
8
BLACK
6
CONTINUOUS
10
141.1249389999999835
20
-121.0260779999999983
11
141.2201770000000067
21
-121.1213159999999931
0
LINE
8
BLACK
6
CONTINUOUS
10
141.2201770000000067
20
-121.1213159999999931
11
141.3154150000000016
21
-121.311791999999997
0
LINE
8
BLACK
6
CONTINUOUS
10
141.3154150000000016
20
-121.311791999999997
11
141.4106529999999964
21
-121.6927439999999905
0
LINE
8
BLACK
6
CONTINUOUS
10
141.4106529999999964
20
-121.6927439999999905
11
141.4106529999999964
21
-122.1689349999999905
0
LINE
8
BLACK
6
CONTINUOUS
10
141.4106529999999964
20
-122.1689349999999905
11
141.3154150000000016
21
-122.5498869999999982
0
LINE
8
BLACK
6
CONTINUOUS
10
141.3154150000000016
20
-122.5498869999999982
11
141.2201770000000067
21
-122.7403629999999879
0
LINE
8
BLACK
6
CONTINUOUS
10
141.2201770000000067
20
-122.7403629999999879
11
141.1249389999999835
21
-122.8356019999999944
0
LINE
8
BLACK
6
CONTINUOUS
10
141.1249389999999835
20
-122.8356019999999944
11
140.9344629999999938
21
-122.9308399999999892
0
LINE
8
BLACK
6
CONTINUOUS
10
140.9344629999999938
20
-122.9308399999999892
11
140.7439860000000067
21
-122.9308399999999892
0
LINE
8
BLACK
6
CONTINUOUS
10
140.7439860000000067
20
-122.9308399999999892
11
140.5535099999999886
21
-122.8356019999999944
0
LINE
8
BLACK
6
CONTINUOUS
10
140.5535099999999886
20
-122.8356019999999944
11
140.4582719999999938
21
-122.7403629999999879
0
LINE
8
BLACK
6
CONTINUOUS
10
140.4582719999999938
20
-122.7403629999999879
11
140.363033999999999
21
-122.5498869999999982
0
LINE
8
BLACK
6
CONTINUOUS
10
140.363033999999999
20
-122.5498869999999982
11
140.2677960000000041
21
-122.1689349999999905
0
LINE
8
BLACK
6
CONTINUOUS
10
140.2677960000000041
20
-122.1689349999999905
11
140.2677960000000041
21
-121.6927439999999905
0
LINE
8
BLACK
6
CONTINUOUS
10
140.2677960000000041
20
-121.6927439999999905
11
140.363033999999999
21
-121.311791999999997
0
LINE
8
BLACK
6
CONTINUOUS
10
140.363033999999999
20
-121.311791999999997
11
140.4582719999999938
21
-121.1213159999999931
0
LINE
8
BLACK
6
CONTINUOUS
10
140.4582719999999938
20
-121.1213159999999931
11
140.5535099999999886
21
-121.0260779999999983
0
LINE
8
BLACK
6
CONTINUOUS
10
140.5535099999999886
20
-121.0260779999999983
11
140.7439860000000067
21
-120.9308399999999892
0
LINE
8
BLACK
6
CONTINUOUS
10
142.1725579999999809
20
-121.1213159999999931
11
142.2677960000000041
21
-121.0260779999999983
0
LINE
8
BLACK
6
CONTINUOUS
10
142.2677960000000041
20
-121.0260779999999983
11
142.4582719999999938
21
-120.9308399999999892
0
LINE
8
BLACK
6
CONTINUOUS
10
142.4582719999999938
20
-120.9308399999999892
11
142.9344629999999938
21
-120.9308399999999892
0
LINE
8
BLACK
6
CONTINUOUS
10
142.9344629999999938
20
-120.9308399999999892
11
143.1249389999999835
21
-121.0260779999999983
0
LINE
8
BLACK
6
CONTINUOUS
10
143.1249389999999835
20
-121.0260779999999983
11
143.2201770000000067
21
-121.1213159999999931
0
LINE
8
BLACK
6
CONTINUOUS
10
143.2201770000000067
20
-121.1213159999999931
11
143.3154150000000016
21
-121.311791999999997
0
LINE
8
BLACK
6
CONTINUOUS
10
143.3154150000000016
20
-121.311791999999997
11
143.3154150000000016
21
-121.5022680000000008
0
LINE
8
BLACK
6
CONTINUOUS
10
143.3154150000000016
20
-121.5022680000000008
11
143.2201770000000067
21
-121.7879819999999995
0
LINE
8
BLACK
6
CONTINUOUS
10
143.2201770000000067
20
-121.7879819999999995
11
142.0773199999999861
21
-122.9308399999999892
0
LINE
8
BLACK
6
CONTINUOUS
10
142.0773199999999861
20
-122.9308399999999892
11
143.3154150000000016
21
-122.9308399999999892
0
LINE
8
BLACK
6
CONTINUOUS
10
143.9820819999999912
20
-120.9308399999999892
11
145.3154150000000016
21
-120.9308399999999892
0
LINE
8
BLACK
6
CONTINUOUS
10
145.3154150000000016
20
-120.9308399999999892
11
144.4582719999999938
21
-122.9308399999999892
0
LINE
8
BLACK
6
CONTINUOUS
10
146.9344629999999938
20
-120.9308399999999892
11
146.5535099999999886
21
-120.9308399999999892
0
LINE
8
BLACK
6
CONTINUOUS
10
146.5535099999999886
20
-120.9308399999999892
11
146.363033999999999
21
-121.0260779999999983
0
LINE
8
BLACK
6
CONTINUOUS
10
146.363033999999999
20
-121.0260779999999983
11
146.2677960000000041
21
-121.1213159999999931
0
LINE
8
BLACK
6
CONTINUOUS
10
146.2677960000000041
20
-121.1213159999999931
11
146.0773199999999861
21
-121.4070299999999918
0
LINE
8
BLACK
6
CONTINUOUS
10
146.0773199999999861
20
-121.4070299999999918
11
145.9820819999999912
21
-121.7879819999999995
0
LINE
8
BLACK
6
CONTINUOUS
10
145.9820819999999912
20
-121.7879819999999995
11
145.9820819999999912
21
-122.5498869999999982
0
LINE
8
BLACK
6
CONTINUOUS
10
145.9820819999999912
20
-122.5498869999999982
11
146.0773199999999861
21
-122.7403629999999879
0
LINE
8
BLACK
6
CONTINUOUS
10
146.0773199999999861
20
-122.7403629999999879
11
146.1725579999999809
21
-122.8356019999999944
0
LINE
8
BLACK
6
CONTINUOUS
10
146.1725579999999809
20
-122.8356019999999944
11
146.363033999999999
21
-122.9308399999999892
0
LINE
8
BLACK
6
CONTINUOUS
10
146.363033999999999
20
-122.9308399999999892
11
146.7439870000000042
21
-122.9308399999999892
0
LINE
8
BLACK
6
CONTINUOUS
10
146.7439870000000042
20
-122.9308399999999892
11
146.9344629999999938
21
-122.8356019999999944
0
LINE
8
BLACK
6
CONTINUOUS
10
146.9344629999999938
20
-122.8356019999999944
11
147.0297009999999887
21
-122.7403629999999879
0
LINE
8
BLACK
6
CONTINUOUS
10
147.0297009999999887
20
-122.7403629999999879
11
147.1249389999999835
21
-122.5498869999999982
0
LINE
8
BLACK
6
CONTINUOUS
10
147.1249389999999835
20
-122.5498869999999982
11
147.1249389999999835
21
-122.0736969999999957
0
LINE
8
BLACK
6
CONTINUOUS
10
147.1249389999999835
20
-122.0736969999999957
11
147.0297009999999887
21
-121.8832209999999918
0
LINE
8
BLACK
6
CONTINUOUS
10
147.0297009999999887
20
-121.8832209999999918
11
146.9344629999999938
21
-121.7879819999999995
0
LINE
8
BLACK
6
CONTINUOUS
10
146.9344629999999938
20
-121.7879819999999995
11
146.7439870000000042
21
-121.6927439999999905
0
LINE
8
BLACK
6
CONTINUOUS
10
146.7439870000000042
20
-121.6927439999999905
11
146.363033999999999
21
-121.6927439999999905
0
LINE
8
BLACK
6
CONTINUOUS
10
146.363033999999999
20
-121.6927439999999905
11
146.1725579999999809
21
-121.7879819999999995
0
LINE
8
BLACK
6
CONTINUOUS
10
146.1725579999999809
20
-121.7879819999999995
11
146.0773199999999861
21
-121.8832209999999918
0
LINE
8
BLACK
6
CONTINUOUS
10
146.0773199999999861
20
-121.8832209999999918
11
145.9820819999999912
21
-122.0736969999999957
0
LINE
8
BLACK
6
CONTINUOUS
10
147.8868439999999964
20
-120.9308399999999892
11
147.8868439999999964
21
-121.311791999999997
0
LINE
8
BLACK
6
CONTINUOUS
10
148.6487489999999809
20
-120.9308399999999892
11
148.6487489999999809
21
-121.311791999999997
0
LINE
8
BLACK
6
CONTINUOUS
10
151.601130999999981
20
-123.6927439999999905
11
151.5058919999999887
21
-123.5975059999999957
0
LINE
8
BLACK
6
CONTINUOUS
10
151.5058919999999887
20
-123.5975059999999957
11
151.315415999999999
21
-123.311791999999997
0
LINE
8
BLACK
6
CONTINUOUS
10
151.315415999999999
20
-123.311791999999997
11
151.2201780000000042
21
-123.1213159999999931
0
LINE
8
BLACK
6
CONTINUOUS
10
151.2201780000000042
20
-123.1213159999999931
11
151.124939999999981
21
-122.8356019999999944
0
LINE
8
BLACK
6
CONTINUOUS
10
151.124939999999981
20
-122.8356019999999944
11
151.0297019999999861
21
-122.3594109999999944
0
LINE
8
BLACK
6
CONTINUOUS
10
151.0297019999999861
20
-122.3594109999999944
11
151.0297019999999861
21
-121.9784590000000009
0
LINE
8
BLACK
6
CONTINUOUS
10
151.0297019999999861
20
-121.9784590000000009
11
151.124939999999981
21
-121.5022680000000008
0
LINE
8
BLACK
6
CONTINUOUS
10
151.124939999999981
20
-121.5022680000000008
11
151.2201780000000042
21
-121.2165539999999879
0
LINE
8
BLACK
6
CONTINUOUS
10
151.2201780000000042
20
-121.2165539999999879
11
151.315415999999999
21
-121.0260779999999983
0
LINE
8
BLACK
6
CONTINUOUS
10
151.315415999999999
20
-121.0260779999999983
11
151.5058919999999887
21
-120.7403629999999879
0
LINE
8
BLACK
6
CONTINUOUS
10
151.5058919999999887
20
-120.7403629999999879
11
151.601130999999981
21
-120.6451249999999931
0
LINE
8
BLACK
6
CONTINUOUS
10
153.4106539999999939
20
-122.9308399999999892
11
152.2677970000000016
21
-122.9308399999999892
0
LINE
8
BLACK
6
CONTINUOUS
10
152.839224999999999
20
-122.9308399999999892
11
152.839224999999999
21
-120.9308399999999892
0
LINE
8
BLACK
6
CONTINUOUS
10
152.839224999999999
20
-120.9308399999999892
11
152.6487489999999809
21
-121.2165539999999879
0
LINE
8
BLACK
6
CONTINUOUS
10
152.6487489999999809
20
-121.2165539999999879
11
152.4582729999999913
21
-121.4070299999999918
0
LINE
8
BLACK
6
CONTINUOUS
10
152.4582729999999913
20
-121.4070299999999918
11
152.2677970000000016
21
-121.5022680000000008
0
LINE
8
BLACK
6
CONTINUOUS
10
155.124939999999981
20
-121.5975059999999957
11
155.124939999999981
21
-122.9308399999999892
0
LINE
8
BLACK
6
CONTINUOUS
10
154.6487489999999809
20
-120.8356019999999944
11
154.1725590000000068
21
-122.2641729999999995
0
LINE
8
BLACK
6
CONTINUOUS
10
154.1725590000000068
20
-122.2641729999999995
11
155.4106539999999939
21
-122.2641729999999995
0
LINE
8
BLACK
6
CONTINUOUS
10
157.6963690000000042
20
-122.9308399999999892
11
157.6963690000000042
21
-120.9308399999999892
0
LINE
8
BLACK
6
CONTINUOUS
10
158.5535119999999836
20
-122.9308399999999892
11
158.5535119999999836
21
-121.8832209999999918
0
LINE
8
BLACK
6
CONTINUOUS
10
158.5535119999999836
20
-121.8832209999999918
11
158.4582739999999887
21
-121.6927439999999905
0
LINE
8
BLACK
6
CONTINUOUS
10
158.4582739999999887
20
-121.6927439999999905
11
158.2677979999999991
21
-121.5975059999999957
0
LINE
8
BLACK
6
CONTINUOUS
10
158.2677979999999991
20
-121.5975059999999957
11
157.9820829999999887
21
-121.5975059999999957
0
LINE
8
BLACK
6
CONTINUOUS
10
157.9820829999999887
20
-121.5975059999999957
11
157.7916069999999991
21
-121.6927439999999905
0
LINE
8
BLACK
6
CONTINUOUS
10
157.7916069999999991
20
-121.6927439999999905
11
157.6963690000000042
21
-121.7879819999999995
0
LINE
8
BLACK
6
CONTINUOUS
10
159.7916069999999991
20
-122.9308399999999892
11
159.601130999999981
21
-122.8356019999999944
0
LINE
8
BLACK
6
CONTINUOUS
10
159.601130999999981
20
-122.8356019999999944
11
159.5058929999999862
21
-122.7403629999999879
0
LINE
8
BLACK
6
CONTINUOUS
10
159.5058929999999862
20
-122.7403629999999879
11
159.4106549999999913
21
-122.5498869999999982
0
LINE
8
BLACK
6
CONTINUOUS
10
159.4106549999999913
20
-122.5498869999999982
11
159.4106549999999913
21
-121.9784590000000009
0
LINE
8
BLACK
6
CONTINUOUS
10
159.4106549999999913
20
-121.9784590000000009
11
159.5058929999999862
21
-121.7879819999999995
0
LINE
8
BLACK
6
CONTINUOUS
10
159.5058929999999862
20
-121.7879819999999995
11
159.601130999999981
21
-121.6927439999999905
0
LINE
8
BLACK
6
CONTINUOUS
10
159.601130999999981
20
-121.6927439999999905
11
159.7916069999999991
21
-121.5975059999999957
0
LINE
8
BLACK
6
CONTINUOUS
10
159.7916069999999991
20
-121.5975059999999957
11
160.077321999999981
21
-121.5975059999999957
0
LINE
8
BLACK
6
CONTINUOUS
10
160.077321999999981
20
-121.5975059999999957
11
160.2677979999999991
21
-121.6927439999999905
0
LINE
8
BLACK
6
CONTINUOUS
10
160.2677979999999991
20
-121.6927439999999905
11
160.3630359999999939
21
-121.7879819999999995
0
LINE
8
BLACK
6
CONTINUOUS
10
160.3630359999999939
20
-121.7879819999999995
11
160.4582739999999887
21
-121.9784590000000009
0
LINE
8
BLACK
6
CONTINUOUS
10
160.4582739999999887
20
-121.9784590000000009
11
160.4582739999999887
21
-122.5498869999999982
0
LINE
8
BLACK
6
CONTINUOUS
10
160.4582739999999887
20
-122.5498869999999982
11
160.3630359999999939
21
-122.7403629999999879
0
LINE
8
BLACK
6
CONTINUOUS
10
160.3630359999999939
20
-122.7403629999999879
11
160.2677979999999991
21
-122.8356019999999944
0
LINE
8
BLACK
6
CONTINUOUS
10
160.2677979999999991
20
-122.8356019999999944
11
160.077321999999981
21
-122.9308399999999892
0
LINE
8
BLACK
6
CONTINUOUS
10
160.077321999999981
20
-122.9308399999999892
11
159.7916069999999991
21
-122.9308399999999892
0
LINE
8
BLACK
6
CONTINUOUS
10
161.601130999999981
20
-122.9308399999999892
11
161.4106549999999913
21
-122.8356019999999944
0
LINE
8
BLACK
6
CONTINUOUS
10
161.4106549999999913
20
-122.8356019999999944
11
161.3154169999999965
21
-122.6451249999999931
0
LINE
8
BLACK
6
CONTINUOUS
10
161.3154169999999965
20
-122.6451249999999931
11
161.3154169999999965
21
-120.9308399999999892
0
LINE
8
BLACK
6
CONTINUOUS
10
163.1249409999999784
20
-122.8356019999999944
11
162.9344649999999888
21
-122.9308399999999892
0
LINE
8
BLACK
6
CONTINUOUS
10
162.9344649999999888
20
-122.9308399999999892
11
162.5535119999999836
21
-122.9308399999999892
0
LINE
8
BLACK
6
CONTINUOUS
10
162.5535119999999836
20
-122.9308399999999892
11
162.3630359999999939
21
-122.8356019999999944
0
LINE
8
BLACK
6
CONTINUOUS
10
162.3630359999999939
20
-122.8356019999999944
11
162.2677979999999991
21
-122.6451249999999931
0
LINE
8
BLACK
6
CONTINUOUS
10
162.2677979999999991
20
-122.6451249999999931
11
162.2677979999999991
21
-121.8832209999999918
0
LINE
8
BLACK
6
CONTINUOUS
10
162.2677979999999991
20
-121.8832209999999918
11
162.3630359999999939
21
-121.6927439999999905
0
LINE
8
BLACK
6
CONTINUOUS
10
162.3630359999999939
20
-121.6927439999999905
11
162.5535119999999836
21
-121.5975059999999957
0
LINE
8
BLACK
6
CONTINUOUS
10
162.5535119999999836
20
-121.5975059999999957
11
162.9344649999999888
21
-121.5975059999999957
0
LINE
8
BLACK
6
CONTINUOUS
10
162.9344649999999888
20
-121.5975059999999957
11
163.1249409999999784
21
-121.6927439999999905
0
LINE
8
BLACK
6
CONTINUOUS
10
163.1249409999999784
20
-121.6927439999999905
11
163.2201790000000017
21
-121.8832209999999918
0
LINE
8
BLACK
6
CONTINUOUS
10
163.2201790000000017
20
-121.8832209999999918
11
163.2201790000000017
21
-122.0736969999999957
0
LINE
8
BLACK
6
CONTINUOUS
10
163.2201790000000017
20
-122.0736969999999957
11
162.2677979999999991
21
-122.2641729999999995
0
LINE
8
BLACK
6
CONTINUOUS
10
163.9820839999999862
20
-122.8356019999999944
11
164.1725600000000043
21
-122.9308399999999892
0
LINE
8
BLACK
6
CONTINUOUS
10
164.1725600000000043
20
-122.9308399999999892
11
164.5535119999999836
21
-122.9308399999999892
0
LINE
8
BLACK
6
CONTINUOUS
10
164.5535119999999836
20
-122.9308399999999892
11
164.7439889999999991
21
-122.8356019999999944
0
LINE
8
BLACK
6
CONTINUOUS
10
164.7439889999999991
20
-122.8356019999999944
11
164.839226999999994
21
-122.6451249999999931
0
LINE
8
BLACK
6
CONTINUOUS
10
164.839226999999994
20
-122.6451249999999931
11
164.839226999999994
21
-122.5498869999999982
0
LINE
8
BLACK
6
CONTINUOUS
10
164.839226999999994
20
-122.5498869999999982
11
164.7439889999999991
21
-122.3594109999999944
0
LINE
8
BLACK
6
CONTINUOUS
10
164.7439889999999991
20
-122.3594109999999944
11
164.5535119999999836
21
-122.2641729999999995
0
LINE
8
BLACK
6
CONTINUOUS
10
164.5535119999999836
20
-122.2641729999999995
11
164.2677979999999991
21
-122.2641729999999995
0
LINE
8
BLACK
6
CONTINUOUS
10
164.2677979999999991
20
-122.2641729999999995
11
164.077321999999981
21
-122.1689349999999905
0
LINE
8
BLACK
6
CONTINUOUS
10
164.077321999999981
20
-122.1689349999999905
11
163.9820839999999862
21
-121.9784590000000009
0
LINE
8
BLACK
6
CONTINUOUS
10
163.9820839999999862
20
-121.9784590000000009
11
163.9820839999999862
21
-121.8832209999999918
0
LINE
8
BLACK
6
CONTINUOUS
10
163.9820839999999862
20
-121.8832209999999918
11
164.077321999999981
21
-121.6927439999999905
0
LINE
8
BLACK
6
CONTINUOUS
10
164.077321999999981
20
-121.6927439999999905
11
164.2677979999999991
21
-121.5975059999999957
0
LINE
8
BLACK
6
CONTINUOUS
10
164.2677979999999991
20
-121.5975059999999957
11
164.5535119999999836
21
-121.5975059999999957
0
LINE
8
BLACK
6
CONTINUOUS
10
164.5535119999999836
20
-121.5975059999999957
11
164.7439889999999991
21
-121.6927439999999905
0
LINE
8
BLACK
6
CONTINUOUS
10
165.5058939999999836
20
-123.6927439999999905
11
165.6011319999999785
21
-123.5975059999999957
0
LINE
8
BLACK
6
CONTINUOUS
10
165.6011319999999785
20
-123.5975059999999957
11
165.7916079999999965
21
-123.311791999999997
0
LINE
8
BLACK
6
CONTINUOUS
10
165.7916079999999965
20
-123.311791999999997
11
165.8868459999999914
21
-123.1213159999999931
0
LINE
8
BLACK
6
CONTINUOUS
10
165.8868459999999914
20
-123.1213159999999931
11
165.9820839999999862
21
-122.8356019999999944
0
LINE
8
BLACK
6
CONTINUOUS
10
165.9820839999999862
20
-122.8356019999999944
11
166.077321999999981
21
-122.3594109999999944
0
LINE
8
BLACK
6
CONTINUOUS
10
166.077321999999981
20
-122.3594109999999944
11
166.077321999999981
21
-121.9784590000000009
0
LINE
8
BLACK
6
CONTINUOUS
10
166.077321999999981
20
-121.9784590000000009
11
165.9820839999999862
21
-121.5022680000000008
0
LINE
8
BLACK
6
CONTINUOUS
10
165.9820839999999862
20
-121.5022680000000008
11
165.8868459999999914
21
-121.2165539999999879
0
LINE
8
BLACK
6
CONTINUOUS
10
165.8868459999999914
20
-121.2165539999999879
11
165.7916079999999965
21
-121.0260779999999983
0
LINE
8
BLACK
6
CONTINUOUS
10
165.7916079999999965
20
-121.0260779999999983
11
165.6011319999999785
21
-120.7403629999999879
0
LINE
8
BLACK
6
CONTINUOUS
10
165.6011319999999785
20
-120.7403629999999879
11
165.5058939999999836
21
-120.6451249999999931
0
LINE
8
BLACK
6
CONTINUOUS
10
115.7040590000000009
20
-125.0095589999999959
11
115.7040590000000009
21
-124.3024449999999916
0
LINE
8
BLACK
6
CONTINUOUS
10
115.7040590000000009
20
-124.3024449999999916
11
114.9969449999999966
21
-124.3024449999999916
0
LINE
8
BLACK
6
CONTINUOUS
10
114.9969449999999966
20
-124.3024449999999916
11
114.9969449999999966
21
-125.0095589999999959
0
LINE
8
BLACK
6
CONTINUOUS
10
114.9969449999999966
20
-125.0095589999999959
11
115.7040590000000009
21
-125.0095589999999959
0
LINE
8
BLACK
6
CONTINUOUS
10
119.5058889999999963
20
-125.5708399999999898
11
118.3630319999999898
21
-125.5708399999999898
0
LINE
8
BLACK
6
CONTINUOUS
10
118.9344600000000014
20
-125.5708399999999898
11
118.9344600000000014
21
-123.5708399999999898
0
LINE
8
BLACK
6
CONTINUOUS
10
118.9344600000000014
20
-123.5708399999999898
11
118.7439839999999975
21
-123.8565539999999885
0
LINE
8
BLACK
6
CONTINUOUS
10
118.7439839999999975
20
-123.8565539999999885
11
118.5535079999999937
21
-124.0470299999999924
0
LINE
8
BLACK
6
CONTINUOUS
10
118.5535079999999937
20
-124.0470299999999924
11
118.3630319999999898
21
-124.1422680000000014
0
LINE
8
BLACK
6
CONTINUOUS
10
120.3630319999999898
20
-125.3803629999999885
11
120.4582699999999988
21
-125.475601999999995
0
LINE
8
BLACK
6
CONTINUOUS
10
120.4582699999999988
20
-125.475601999999995
11
120.3630319999999898
21
-125.5708399999999898
0
LINE
8
BLACK
6
CONTINUOUS
10
120.3630319999999898
20
-125.5708399999999898
11
120.267793999999995
21
-125.475601999999995
0
LINE
8
BLACK
6
CONTINUOUS
10
120.267793999999995
20
-125.475601999999995
11
120.3630319999999898
21
-125.3803629999999885
0
LINE
8
BLACK
6
CONTINUOUS
10
120.3630319999999898
20
-125.3803629999999885
11
120.3630319999999898
21
-125.5708399999999898
0
LINE
8
BLACK
6
CONTINUOUS
10
121.6963650000000001
20
-123.5708399999999898
11
121.8868420000000015
21
-123.5708399999999898
0
LINE
8
BLACK
6
CONTINUOUS
10
121.8868420000000015
20
-123.5708399999999898
11
122.0773179999999911
21
-123.6660779999999988
0
LINE
8
BLACK
6
CONTINUOUS
10
122.0773179999999911
20
-123.6660779999999988
11
122.1725560000000002
21
-123.7613159999999937
0
LINE
8
BLACK
6
CONTINUOUS
10
122.1725560000000002
20
-123.7613159999999937
11
122.267793999999995
21
-123.9517919999999975
0
LINE
8
BLACK
6
CONTINUOUS
10
122.267793999999995
20
-123.9517919999999975
11
122.3630319999999898
21
-124.332743999999991
0
LINE
8
BLACK
6
CONTINUOUS
10
122.3630319999999898
20
-124.332743999999991
11
122.3630319999999898
21
-124.8089349999999911
0
LINE
8
BLACK
6
CONTINUOUS
10
122.3630319999999898
20
-124.8089349999999911
11
122.267793999999995
21
-125.1898869999999988
0
LINE
8
BLACK
6
CONTINUOUS
10
122.267793999999995
20
-125.1898869999999988
11
122.1725560000000002
21
-125.3803629999999885
0
LINE
8
BLACK
6
CONTINUOUS
10
122.1725560000000002
20
-125.3803629999999885
11
122.0773179999999911
21
-125.475601999999995
0
LINE
8
BLACK
6
CONTINUOUS
10
122.0773179999999911
20
-125.475601999999995
11
121.8868420000000015
21
-125.5708399999999898
0
LINE
8
BLACK
6
CONTINUOUS
10
121.8868420000000015
20
-125.5708399999999898
11
121.6963650000000001
21
-125.5708399999999898
0
LINE
8
BLACK
6
CONTINUOUS
10
121.6963650000000001
20
-125.5708399999999898
11
121.5058889999999963
21
-125.475601999999995
0
LINE
8
BLACK
6
CONTINUOUS
10
121.5058889999999963
20
-125.475601999999995
11
121.4106510000000014
21
-125.3803629999999885
0
LINE
8
BLACK
6
CONTINUOUS
10
121.4106510000000014
20
-125.3803629999999885
11
121.3154129999999924
21
-125.1898869999999988
0
LINE
8
BLACK
6
CONTINUOUS
10
121.3154129999999924
20
-125.1898869999999988
11
121.2201749999999976
21
-124.8089349999999911
0
LINE
8
BLACK
6
CONTINUOUS
10
121.2201749999999976
20
-124.8089349999999911
11
121.2201749999999976
21
-124.332743999999991
0
LINE
8
BLACK
6
CONTINUOUS
10
121.2201749999999976
20
-124.332743999999991
11
121.3154129999999924
21
-123.9517919999999975
0
LINE
8
BLACK
6
CONTINUOUS
10
121.3154129999999924
20
-123.9517919999999975
11
121.4106510000000014
21
-123.7613159999999937
0
LINE
8
BLACK
6
CONTINUOUS
10
121.4106510000000014
20
-123.7613159999999937
11
121.5058889999999963
21
-123.6660779999999988
0
LINE
8
BLACK
6
CONTINUOUS
10
121.5058889999999963
20
-123.6660779999999988
11
121.6963650000000001
21
-123.5708399999999898
0
LINE
8
BLACK
6
CONTINUOUS
10
123.6011269999999911
20
-123.5708399999999898
11
123.7916039999999924
21
-123.5708399999999898
0
LINE
8
BLACK
6
CONTINUOUS
10
123.7916039999999924
20
-123.5708399999999898
11
123.9820799999999963
21
-123.6660779999999988
0
LINE
8
BLACK
6
CONTINUOUS
10
123.9820799999999963
20
-123.6660779999999988
11
124.0773179999999911
21
-123.7613159999999937
0
LINE
8
BLACK
6
CONTINUOUS
10
124.0773179999999911
20
-123.7613159999999937
11
124.1725560000000002
21
-123.9517919999999975
0
LINE
8
BLACK
6
CONTINUOUS
10
124.1725560000000002
20
-123.9517919999999975
11
124.267793999999995
21
-124.332743999999991
0
LINE
8
BLACK
6
CONTINUOUS
10
124.267793999999995
20
-124.332743999999991
11
124.267793999999995
21
-124.8089349999999911
0
LINE
8
BLACK
6
CONTINUOUS
10
124.267793999999995
20
-124.8089349999999911
11
124.1725560000000002
21
-125.1898869999999988
0
LINE
8
BLACK
6
CONTINUOUS
10
124.1725560000000002
20
-125.1898869999999988
11
124.0773179999999911
21
-125.3803629999999885
0
LINE
8
BLACK
6
CONTINUOUS
10
124.0773179999999911
20
-125.3803629999999885
11
123.9820799999999963
21
-125.475601999999995
0
LINE
8
BLACK
6
CONTINUOUS
10
123.9820799999999963
20
-125.475601999999995
11
123.7916039999999924
21
-125.5708399999999898
0
LINE
8
BLACK
6
CONTINUOUS
10
123.7916039999999924
20
-125.5708399999999898
11
123.6011269999999911
21
-125.5708399999999898
0
LINE
8
BLACK
6
CONTINUOUS
10
123.6011269999999911
20
-125.5708399999999898
11
123.4106510000000014
21
-125.475601999999995
0
LINE
8
BLACK
6
CONTINUOUS
10
123.4106510000000014
20
-125.475601999999995
11
123.3154129999999924
21
-125.3803629999999885
0
LINE
8
BLACK
6
CONTINUOUS
10
123.3154129999999924
20
-125.3803629999999885
11
123.2201749999999976
21
-125.1898869999999988
0
LINE
8
BLACK
6
CONTINUOUS
10
123.2201749999999976
20
-125.1898869999999988
11
123.1249369999999885
21
-124.8089349999999911
0
LINE
8
BLACK
6
CONTINUOUS
10
123.1249369999999885
20
-124.8089349999999911
11
123.1249369999999885
21
-124.332743999999991
0
LINE
8
BLACK
6
CONTINUOUS
10
123.1249369999999885
20
-124.332743999999991
11
123.2201749999999976
21
-123.9517919999999975
0
LINE
8
BLACK
6
CONTINUOUS
10
123.2201749999999976
20
-123.9517919999999975
11
123.3154129999999924
21
-123.7613159999999937
0
LINE
8
BLACK
6
CONTINUOUS
10
123.3154129999999924
20
-123.7613159999999937
11
123.4106510000000014
21
-123.6660779999999988
0
LINE
8
BLACK
6
CONTINUOUS
10
123.4106510000000014
20
-123.6660779999999988
11
123.6011269999999911
21
-123.5708399999999898
0
LINE
8
BLACK
6
CONTINUOUS
10
125.5058889999999963
20
-123.5708399999999898
11
125.6963659999999976
21
-123.5708399999999898
0
LINE
8
BLACK
6
CONTINUOUS
10
125.6963659999999976
20
-123.5708399999999898
11
125.8868419999999873
21
-123.6660779999999988
0
LINE
8
BLACK
6
CONTINUOUS
10
125.8868419999999873
20
-123.6660779999999988
11
125.9820799999999963
21
-123.7613159999999937
0
LINE
8
BLACK
6
CONTINUOUS
10
125.9820799999999963
20
-123.7613159999999937
11
126.0773179999999911
21
-123.9517919999999975
0
LINE
8
BLACK
6
CONTINUOUS
10
126.0773179999999911
20
-123.9517919999999975
11
126.1725560000000002
21
-124.332743999999991
0
LINE
8
BLACK
6
CONTINUOUS
10
126.1725560000000002
20
-124.332743999999991
11
126.1725560000000002
21
-124.8089349999999911
0
LINE
8
BLACK
6
CONTINUOUS
10
126.1725560000000002
20
-124.8089349999999911
11
126.0773179999999911
21
-125.1898869999999988
0
LINE
8
BLACK
6
CONTINUOUS
10
126.0773179999999911
20
-125.1898869999999988
11
125.9820799999999963
21
-125.3803629999999885
0
LINE
8
BLACK
6
CONTINUOUS
10
125.9820799999999963
20
-125.3803629999999885
11
125.8868419999999873
21
-125.475601999999995
0
LINE
8
BLACK
6
CONTINUOUS
10
125.8868419999999873
20
-125.475601999999995
11
125.6963659999999976
21
-125.5708399999999898
0
LINE
8
BLACK
6
CONTINUOUS
10
125.6963659999999976
20
-125.5708399999999898
11
125.5058889999999963
21
-125.5708399999999898
0
LINE
8
BLACK
6
CONTINUOUS
10
125.5058889999999963
20
-125.5708399999999898
11
125.3154129999999924
21
-125.475601999999995
0
LINE
8
BLACK
6
CONTINUOUS
10
125.3154129999999924
20
-125.475601999999995
11
125.2201749999999976
21
-125.3803629999999885
0
LINE
8
BLACK
6
CONTINUOUS
10
125.2201749999999976
20
-125.3803629999999885
11
125.1249369999999885
21
-125.1898869999999988
0
LINE
8
BLACK
6
CONTINUOUS
10
125.1249369999999885
20
-125.1898869999999988
11
125.0296989999999937
21
-124.8089349999999911
0
LINE
8
BLACK
6
CONTINUOUS
10
125.0296989999999937
20
-124.8089349999999911
11
125.0296989999999937
21
-124.332743999999991
0
LINE
8
BLACK
6
CONTINUOUS
10
125.0296989999999937
20
-124.332743999999991
11
125.1249369999999885
21
-123.9517919999999975
0
LINE
8
BLACK
6
CONTINUOUS
10
125.1249369999999885
20
-123.9517919999999975
11
125.2201749999999976
21
-123.7613159999999937
0
LINE
8
BLACK
6
CONTINUOUS
10
125.2201749999999976
20
-123.7613159999999937
11
125.3154129999999924
21
-123.6660779999999988
0
LINE
8
BLACK
6
CONTINUOUS
10
125.3154129999999924
20
-123.6660779999999988
11
125.5058889999999963
21
-123.5708399999999898
0
LINE
8
BLACK
6
CONTINUOUS
10
127.0296989999999937
20
-125.5708399999999898
11
127.0296989999999937
21
-124.2375059999999962
0
LINE
8
BLACK
6
CONTINUOUS
10
127.0296989999999937
20
-124.4279820000000001
11
127.1249369999999885
21
-124.332743999999991
0
LINE
8
BLACK
6
CONTINUOUS
10
127.1249369999999885
20
-124.332743999999991
11
127.3154129999999924
21
-124.2375059999999962
0
LINE
8
BLACK
6
CONTINUOUS
10
127.3154129999999924
20
-124.2375059999999962
11
127.6011279999999886
21
-124.2375059999999962
0
LINE
8
BLACK
6
CONTINUOUS
10
127.6011279999999886
20
-124.2375059999999962
11
127.7916039999999924
21
-124.332743999999991
0
LINE
8
BLACK
6
CONTINUOUS
10
127.7916039999999924
20
-124.332743999999991
11
127.8868419999999873
21
-124.5232209999999924
0
LINE
8
BLACK
6
CONTINUOUS
10
127.8868419999999873
20
-124.5232209999999924
11
127.8868419999999873
21
-125.5708399999999898
0
LINE
8
BLACK
6
CONTINUOUS
10
127.8868419999999873
20
-124.5232209999999924
11
127.9820799999999963
21
-124.332743999999991
0
LINE
8
BLACK
6
CONTINUOUS
10
127.9820799999999963
20
-124.332743999999991
11
128.1725559999999859
21
-124.2375059999999962
0
LINE
8
BLACK
6
CONTINUOUS
10
128.1725559999999859
20
-124.2375059999999962
11
128.4582699999999988
21
-124.2375059999999962
0
LINE
8
BLACK
6
CONTINUOUS
10
128.4582699999999988
20
-124.2375059999999962
11
128.648746999999986
21
-124.332743999999991
0
LINE
8
BLACK
6
CONTINUOUS
10
128.648746999999986
20
-124.332743999999991
11
128.7439849999999808
21
-124.5232209999999924
0
LINE
8
BLACK
6
CONTINUOUS
10
128.7439849999999808
20
-124.5232209999999924
11
128.7439849999999808
21
-125.5708399999999898
0
LINE
8
BLACK
6
CONTINUOUS
10
129.6963659999999834
20
-125.5708399999999898
11
129.6963659999999834
21
-124.2375059999999962
0
LINE
8
BLACK
6
CONTINUOUS
10
129.6963659999999834
20
-124.4279820000000001
11
129.7916040000000066
21
-124.332743999999991
0
LINE
8
BLACK
6
CONTINUOUS
10
129.7916040000000066
20
-124.332743999999991
11
129.9820799999999963
21
-124.2375059999999962
0
LINE
8
BLACK
6
CONTINUOUS
10
129.9820799999999963
20
-124.2375059999999962
11
130.2677950000000067
21
-124.2375059999999962
0
LINE
8
BLACK
6
CONTINUOUS
10
130.2677950000000067
20
-124.2375059999999962
11
130.4582709999999963
21
-124.332743999999991
0
LINE
8
BLACK
6
CONTINUOUS
10
130.4582709999999963
20
-124.332743999999991
11
130.5535089999999911
21
-124.5232209999999924
0
LINE
8
BLACK
6
CONTINUOUS
10
130.5535089999999911
20
-124.5232209999999924
11
130.5535089999999911
21
-125.5708399999999898
0
LINE
8
BLACK
6
CONTINUOUS
10
130.5535089999999911
20
-124.5232209999999924
11
130.648746999999986
21
-124.332743999999991
0
LINE
8
BLACK
6
CONTINUOUS
10
130.648746999999986
20
-124.332743999999991
11
130.839223000000004
21
-124.2375059999999962
0
LINE
8
BLACK
6
CONTINUOUS
10
130.839223000000004
20
-124.2375059999999962
11
131.1249369999999885
21
-124.2375059999999962
0
LINE
8
BLACK
6
CONTINUOUS
10
131.1249369999999885
20
-124.2375059999999962
11
131.3154140000000041
21
-124.332743999999991
0
LINE
8
BLACK
6
CONTINUOUS
10
131.3154140000000041
20
-124.332743999999991
11
131.4106519999999989
21
-124.5232209999999924
0
LINE
8
BLACK
6
CONTINUOUS
10
131.4106519999999989
20
-124.5232209999999924
11
131.4106519999999989
21
-125.5708399999999898
0
LINE
8
BLACK
6
CONTINUOUS
10
135.3154140000000041
20
-123.475601999999995
11
133.601128999999986
21
-126.0470299999999924
0
LINE
8
BLACK
6
CONTINUOUS
10
137.8868429999999989
20
-123.5708399999999898
11
138.0773199999999861
21
-123.5708399999999898
0
LINE
8
BLACK
6
CONTINUOUS
10
138.0773199999999861
20
-123.5708399999999898
11
138.2677960000000041
21
-123.6660779999999988
0
LINE
8
BLACK
6
CONTINUOUS
10
138.2677960000000041
20
-123.6660779999999988
11
138.363033999999999
21
-123.7613159999999937
0
LINE
8
BLACK
6
CONTINUOUS
10
138.363033999999999
20
-123.7613159999999937
11
138.4582719999999938
21
-123.9517919999999975
0
LINE
8
BLACK
6
CONTINUOUS
10
138.4582719999999938
20
-123.9517919999999975
11
138.5535099999999886
21
-124.332743999999991
0
LINE
8
BLACK
6
CONTINUOUS
10
138.5535099999999886
20
-124.332743999999991
11
138.5535099999999886
21
-124.8089349999999911
0
LINE
8
BLACK
6
CONTINUOUS
10
138.5535099999999886
20
-124.8089349999999911
11
138.4582719999999938
21
-125.1898869999999988
0
LINE
8
BLACK
6
CONTINUOUS
10
138.4582719999999938
20
-125.1898869999999988
11
138.363033999999999
21
-125.3803629999999885
0
LINE
8
BLACK
6
CONTINUOUS
10
138.363033999999999
20
-125.3803629999999885
11
138.2677960000000041
21
-125.475601999999995
0
LINE
8
BLACK
6
CONTINUOUS
10
138.2677960000000041
20
-125.475601999999995
11
138.0773199999999861
21
-125.5708399999999898
0
LINE
8
BLACK
6
CONTINUOUS
10
138.0773199999999861
20
-125.5708399999999898
11
137.8868429999999989
21
-125.5708399999999898
0
LINE
8
BLACK
6
CONTINUOUS
10
137.8868429999999989
20
-125.5708399999999898
11
137.6963669999999809
21
-125.475601999999995
0
LINE
8
BLACK
6
CONTINUOUS
10
137.6963669999999809
20
-125.475601999999995
11
137.601128999999986
21
-125.3803629999999885
0
LINE
8
BLACK
6
CONTINUOUS
10
137.601128999999986
20
-125.3803629999999885
11
137.5058909999999912
21
-125.1898869999999988
0
LINE
8
BLACK
6
CONTINUOUS
10
137.5058909999999912
20
-125.1898869999999988
11
137.4106529999999964
21
-124.8089349999999911
0
LINE
8
BLACK
6
CONTINUOUS
10
137.4106529999999964
20
-124.8089349999999911
11
137.4106529999999964
21
-124.332743999999991
0
LINE
8
BLACK
6
CONTINUOUS
10
137.4106529999999964
20
-124.332743999999991
11
137.5058909999999912
21
-123.9517919999999975
0
LINE
8
BLACK
6
CONTINUOUS
10
137.5058909999999912
20
-123.9517919999999975
11
137.601128999999986
21
-123.7613159999999937
0
LINE
8
BLACK
6
CONTINUOUS
10
137.601128999999986
20
-123.7613159999999937
11
137.6963669999999809
21
-123.6660779999999988
0
LINE
8
BLACK
6
CONTINUOUS
10
137.6963669999999809
20
-123.6660779999999988
11
137.8868429999999989
21
-123.5708399999999898
0
LINE
8
BLACK
6
CONTINUOUS
10
139.4106529999999964
20
-125.3803629999999885
11
139.5058909999999912
21
-125.475601999999995
0
LINE
8
BLACK
6
CONTINUOUS
10
139.5058909999999912
20
-125.475601999999995
11
139.4106529999999964
21
-125.5708399999999898
0
LINE
8
BLACK
6
CONTINUOUS
10
139.4106529999999964
20
-125.5708399999999898
11
139.3154150000000016
21
-125.475601999999995
0
LINE
8
BLACK
6
CONTINUOUS
10
139.3154150000000016
20
-125.475601999999995
11
139.4106529999999964
21
-125.3803629999999885
0
LINE
8
BLACK
6
CONTINUOUS
10
139.4106529999999964
20
-125.3803629999999885
11
139.4106529999999964
21
-125.5708399999999898
0
LINE
8
BLACK
6
CONTINUOUS
10
140.7439860000000067
20
-123.5708399999999898
11
140.9344629999999938
21
-123.5708399999999898
0
LINE
8
BLACK
6
CONTINUOUS
10
140.9344629999999938
20
-123.5708399999999898
11
141.1249389999999835
21
-123.6660779999999988
0
LINE
8
BLACK
6
CONTINUOUS
10
141.1249389999999835
20
-123.6660779999999988
11
141.2201770000000067
21
-123.7613159999999937
0
LINE
8
BLACK
6
CONTINUOUS
10
141.2201770000000067
20
-123.7613159999999937
11
141.3154150000000016
21
-123.9517919999999975
0
LINE
8
BLACK
6
CONTINUOUS
10
141.3154150000000016
20
-123.9517919999999975
11
141.4106529999999964
21
-124.332743999999991
0
LINE
8
BLACK
6
CONTINUOUS
10
141.4106529999999964
20
-124.332743999999991
11
141.4106529999999964
21
-124.8089349999999911
0
LINE
8
BLACK
6
CONTINUOUS
10
141.4106529999999964
20
-124.8089349999999911
11
141.3154150000000016
21
-125.1898869999999988
0
LINE
8
BLACK
6
CONTINUOUS
10
141.3154150000000016
20
-125.1898869999999988
11
141.2201770000000067
21
-125.3803629999999885
0
LINE
8
BLACK
6
CONTINUOUS
10
141.2201770000000067
20
-125.3803629999999885
11
141.1249389999999835
21
-125.475601999999995
0
LINE
8
BLACK
6
CONTINUOUS
10
141.1249389999999835
20
-125.475601999999995
11
140.9344629999999938
21
-125.5708399999999898
0
LINE
8
BLACK
6
CONTINUOUS
10
140.9344629999999938
20
-125.5708399999999898
11
140.7439860000000067
21
-125.5708399999999898
0
LINE
8
BLACK
6
CONTINUOUS
10
140.7439860000000067
20
-125.5708399999999898
11
140.5535099999999886
21
-125.475601999999995
0
LINE
8
BLACK
6
CONTINUOUS
10
140.5535099999999886
20
-125.475601999999995
11
140.4582719999999938
21
-125.3803629999999885
0
LINE
8
BLACK
6
CONTINUOUS
10
140.4582719999999938
20
-125.3803629999999885
11
140.363033999999999
21
-125.1898869999999988
0
LINE
8
BLACK
6
CONTINUOUS
10
140.363033999999999
20
-125.1898869999999988
11
140.2677960000000041
21
-124.8089349999999911
0
LINE
8
BLACK
6
CONTINUOUS
10
140.2677960000000041
20
-124.8089349999999911
11
140.2677960000000041
21
-124.332743999999991
0
LINE
8
BLACK
6
CONTINUOUS
10
140.2677960000000041
20
-124.332743999999991
11
140.363033999999999
21
-123.9517919999999975
0
LINE
8
BLACK
6
CONTINUOUS
10
140.363033999999999
20
-123.9517919999999975
11
140.4582719999999938
21
-123.7613159999999937
0
LINE
8
BLACK
6
CONTINUOUS
10
140.4582719999999938
20
-123.7613159999999937
11
140.5535099999999886
21
-123.6660779999999988
0
LINE
8
BLACK
6
CONTINUOUS
10
140.5535099999999886
20
-123.6660779999999988
11
140.7439860000000067
21
-123.5708399999999898
0
LINE
8
BLACK
6
CONTINUOUS
10
142.0773199999999861
20
-123.5708399999999898
11
143.3154150000000016
21
-123.5708399999999898
0
LINE
8
BLACK
6
CONTINUOUS
10
143.3154150000000016
20
-123.5708399999999898
11
142.6487479999999834
21
-124.332743999999991
0
LINE
8
BLACK
6
CONTINUOUS
10
142.6487479999999834
20
-124.332743999999991
11
142.9344629999999938
21
-124.332743999999991
0
LINE
8
BLACK
6
CONTINUOUS
10
142.9344629999999938
20
-124.332743999999991
11
143.1249389999999835
21
-124.4279820000000001
0
LINE
8
BLACK
6
CONTINUOUS
10
143.1249389999999835
20
-124.4279820000000001
11
143.2201770000000067
21
-124.5232209999999924
0
LINE
8
BLACK
6
CONTINUOUS
10
143.2201770000000067
20
-124.5232209999999924
11
143.3154150000000016
21
-124.7136969999999963
0
LINE
8
BLACK
6
CONTINUOUS
10
143.3154150000000016
20
-124.7136969999999963
11
143.3154150000000016
21
-125.1898869999999988
0
LINE
8
BLACK
6
CONTINUOUS
10
143.3154150000000016
20
-125.1898869999999988
11
143.2201770000000067
21
-125.3803629999999885
0
LINE
8
BLACK
6
CONTINUOUS
10
143.2201770000000067
20
-125.3803629999999885
11
143.1249389999999835
21
-125.475601999999995
0
LINE
8
BLACK
6
CONTINUOUS
10
143.1249389999999835
20
-125.475601999999995
11
142.9344629999999938
21
-125.5708399999999898
0
LINE
8
BLACK
6
CONTINUOUS
10
142.9344629999999938
20
-125.5708399999999898
11
142.363033999999999
21
-125.5708399999999898
0
LINE
8
BLACK
6
CONTINUOUS
10
142.363033999999999
20
-125.5708399999999898
11
142.1725579999999809
21
-125.475601999999995
0
LINE
8
BLACK
6
CONTINUOUS
10
142.1725579999999809
20
-125.475601999999995
11
142.0773199999999861
21
-125.3803629999999885
0
LINE
8
BLACK
6
CONTINUOUS
10
144.2677960000000041
20
-125.5708399999999898
11
144.6487479999999834
21
-125.5708399999999898
0
LINE
8
BLACK
6
CONTINUOUS
10
144.6487479999999834
20
-125.5708399999999898
11
144.839224999999999
21
-125.475601999999995
0
LINE
8
BLACK
6
CONTINUOUS
10
144.839224999999999
20
-125.475601999999995
11
144.9344629999999938
21
-125.3803629999999885
0
LINE
8
BLACK
6
CONTINUOUS
10
144.9344629999999938
20
-125.3803629999999885
11
145.1249389999999835
21
-125.0946489999999898
0
LINE
8
BLACK
6
CONTINUOUS
10
145.1249389999999835
20
-125.0946489999999898
11
145.2201770000000067
21
-124.7136969999999963
0
LINE
8
BLACK
6
CONTINUOUS
10
145.2201770000000067
20
-124.7136969999999963
11
145.2201770000000067
21
-123.9517919999999975
0
LINE
8
BLACK
6
CONTINUOUS
10
145.2201770000000067
20
-123.9517919999999975
11
145.1249389999999835
21
-123.7613159999999937
0
LINE
8
BLACK
6
CONTINUOUS
10
145.1249389999999835
20
-123.7613159999999937
11
145.0297009999999887
21
-123.6660779999999988
0
LINE
8
BLACK
6
CONTINUOUS
10
145.0297009999999887
20
-123.6660779999999988
11
144.839224999999999
21
-123.5708399999999898
0
LINE
8
BLACK
6
CONTINUOUS
10
144.839224999999999
20
-123.5708399999999898
11
144.4582719999999938
21
-123.5708399999999898
0
LINE
8
BLACK
6
CONTINUOUS
10
144.4582719999999938
20
-123.5708399999999898
11
144.2677960000000041
21
-123.6660779999999988
0
LINE
8
BLACK
6
CONTINUOUS
10
144.2677960000000041
20
-123.6660779999999988
11
144.1725579999999809
21
-123.7613159999999937
0
LINE
8
BLACK
6
CONTINUOUS
10
144.1725579999999809
20
-123.7613159999999937
11
144.0773199999999861
21
-123.9517919999999975
0
LINE
8
BLACK
6
CONTINUOUS
10
144.0773199999999861
20
-123.9517919999999975
11
144.0773199999999861
21
-124.4279820000000001
0
LINE
8
BLACK
6
CONTINUOUS
10
144.0773199999999861
20
-124.4279820000000001
11
144.1725579999999809
21
-124.6184590000000014
0
LINE
8
BLACK
6
CONTINUOUS
10
144.1725579999999809
20
-124.6184590000000014
11
144.2677960000000041
21
-124.7136969999999963
0
LINE
8
BLACK
6
CONTINUOUS
10
144.2677960000000041
20
-124.7136969999999963
11
144.4582719999999938
21
-124.8089349999999911
0
LINE
8
BLACK
6
CONTINUOUS
10
144.4582719999999938
20
-124.8089349999999911
11
144.839224999999999
21
-124.8089349999999911
0
LINE
8
BLACK
6
CONTINUOUS
10
144.839224999999999
20
-124.8089349999999911
11
145.0297009999999887
21
-124.7136969999999963
0
LINE
8
BLACK
6
CONTINUOUS
10
145.0297009999999887
20
-124.7136969999999963
11
145.1249389999999835
21
-124.6184590000000014
0
LINE
8
BLACK
6
CONTINUOUS
10
145.1249389999999835
20
-124.6184590000000014
11
145.2201770000000067
21
-124.4279820000000001
0
LINE
8
BLACK
6
CONTINUOUS
10
146.9344629999999938
20
-124.2375059999999962
11
146.9344629999999938
21
-125.5708399999999898
0
LINE
8
BLACK
6
CONTINUOUS
10
146.4582719999999938
20
-123.475601999999995
11
145.9820819999999912
21
-124.9041730000000001
0
LINE
8
BLACK
6
CONTINUOUS
10
145.9820819999999912
20
-124.9041730000000001
11
147.2201770000000067
21
-124.9041730000000001
0
LINE
8
BLACK
6
CONTINUOUS
10
147.8868439999999964
20
-123.5708399999999898
11
147.8868439999999964
21
-123.9517919999999975
0
LINE
8
BLACK
6
CONTINUOUS
10
148.6487489999999809
20
-123.5708399999999898
11
148.6487489999999809
21
-123.9517919999999975
0
LINE
8
BLACK
6
CONTINUOUS
10
151.601130999999981
20
-126.332743999999991
11
151.5058919999999887
21
-126.2375059999999962
0
LINE
8
BLACK
6
CONTINUOUS
10
151.5058919999999887
20
-126.2375059999999962
11
151.315415999999999
21
-125.9517919999999975
0
LINE
8
BLACK
6
CONTINUOUS
10
151.315415999999999
20
-125.9517919999999975
11
151.2201780000000042
21
-125.7613159999999937
0
LINE
8
BLACK
6
CONTINUOUS
10
151.2201780000000042
20
-125.7613159999999937
11
151.124939999999981
21
-125.475601999999995
0
LINE
8
BLACK
6
CONTINUOUS
10
151.124939999999981
20
-125.475601999999995
11
151.0297019999999861
21
-124.9994109999999949
0
LINE
8
BLACK
6
CONTINUOUS
10
151.0297019999999861
20
-124.9994109999999949
11
151.0297019999999861
21
-124.6184590000000014
0
LINE
8
BLACK
6
CONTINUOUS
10
151.0297019999999861
20
-124.6184590000000014
11
151.124939999999981
21
-124.1422680000000014
0
LINE
8
BLACK
6
CONTINUOUS
10
151.124939999999981
20
-124.1422680000000014
11
151.2201780000000042
21
-123.8565539999999885
0
LINE
8
BLACK
6
CONTINUOUS
10
151.2201780000000042
20
-123.8565539999999885
11
151.315415999999999
21
-123.6660779999999988
0
LINE
8
BLACK
6
CONTINUOUS
10
151.315415999999999
20
-123.6660779999999988
11
151.5058919999999887
21
-123.3803629999999885
0
LINE
8
BLACK
6
CONTINUOUS
10
151.5058919999999887
20
-123.3803629999999885
11
151.601130999999981
21
-123.2851249999999936
0
LINE
8
BLACK
6
CONTINUOUS
10
153.4106539999999939
20
-125.5708399999999898
11
152.2677970000000016
21
-125.5708399999999898
0
LINE
8
BLACK
6
CONTINUOUS
10
152.839224999999999
20
-125.5708399999999898
11
152.839224999999999
21
-123.5708399999999898
0
LINE
8
BLACK
6
CONTINUOUS
10
152.839224999999999
20
-123.5708399999999898
11
152.6487489999999809
21
-123.8565539999999885
0
LINE
8
BLACK
6
CONTINUOUS
10
152.6487489999999809
20
-123.8565539999999885
11
152.4582729999999913
21
-124.0470299999999924
0
LINE
8
BLACK
6
CONTINUOUS
10
152.4582729999999913
20
-124.0470299999999924
11
152.2677970000000016
21
-124.1422680000000014
0
LINE
8
BLACK
6
CONTINUOUS
10
155.7916069999999991
20
-125.5708399999999898
11
155.7916069999999991
21
-123.5708399999999898
0
LINE
8
BLACK
6
CONTINUOUS
10
156.6487500000000068
20
-125.5708399999999898
11
156.6487500000000068
21
-124.5232209999999924
0
LINE
8
BLACK
6
CONTINUOUS
10
156.6487500000000068
20
-124.5232209999999924
11
156.5535119999999836
21
-124.332743999999991
0
LINE
8
BLACK
6
CONTINUOUS
10
156.5535119999999836
20
-124.332743999999991
11
156.3630359999999939
21
-124.2375059999999962
0
LINE
8
BLACK
6
CONTINUOUS
10
156.3630359999999939
20
-124.2375059999999962
11
156.0773209999999835
21
-124.2375059999999962
0
LINE
8
BLACK
6
CONTINUOUS
10
156.0773209999999835
20
-124.2375059999999962
11
155.8868449999999939
21
-124.332743999999991
0
LINE
8
BLACK
6
CONTINUOUS
10
155.8868449999999939
20
-124.332743999999991
11
155.7916069999999991
21
-124.4279820000000001
0
LINE
8
BLACK
6
CONTINUOUS
10
157.8868449999999939
20
-125.5708399999999898
11
157.6963690000000042
21
-125.475601999999995
0
LINE
8
BLACK
6
CONTINUOUS
10
157.6963690000000042
20
-125.475601999999995
11
157.601130999999981
21
-125.3803629999999885
0
LINE
8
BLACK
6
CONTINUOUS
10
157.601130999999981
20
-125.3803629999999885
11
157.5058929999999862
21
-125.1898869999999988
0
LINE
8
BLACK
6
CONTINUOUS
10
157.5058929999999862
20
-125.1898869999999988
11
157.5058929999999862
21
-124.6184590000000014
0
LINE
8
BLACK
6
CONTINUOUS
10
157.5058929999999862
20
-124.6184590000000014
11
157.601130999999981
21
-124.4279820000000001
0
LINE
8
BLACK
6
CONTINUOUS
10
157.601130999999981
20
-124.4279820000000001
11
157.6963690000000042
21
-124.332743999999991
0
LINE
8
BLACK
6
CONTINUOUS
10
157.6963690000000042
20
-124.332743999999991
11
157.8868449999999939
21
-124.2375059999999962
0
LINE
8
BLACK
6
CONTINUOUS
10
157.8868449999999939
20
-124.2375059999999962
11
158.1725600000000043
21
-124.2375059999999962
0
LINE
8
BLACK
6
CONTINUOUS
10
158.1725600000000043
20
-124.2375059999999962
11
158.3630359999999939
21
-124.332743999999991
0
LINE
8
BLACK
6
CONTINUOUS
10
158.3630359999999939
20
-124.332743999999991
11
158.4582739999999887
21
-124.4279820000000001
0
LINE
8
BLACK
6
CONTINUOUS
10
158.4582739999999887
20
-124.4279820000000001
11
158.5535119999999836
21
-124.6184590000000014
0
LINE
8
BLACK
6
CONTINUOUS
10
158.5535119999999836
20
-124.6184590000000014
11
158.5535119999999836
21
-125.1898869999999988
0
LINE
8
BLACK
6
CONTINUOUS
10
158.5535119999999836
20
-125.1898869999999988
11
158.4582739999999887
21
-125.3803629999999885
0
LINE
8
BLACK
6
CONTINUOUS
10
158.4582739999999887
20
-125.3803629999999885
11
158.3630359999999939
21
-125.475601999999995
0
LINE
8
BLACK
6
CONTINUOUS
10
158.3630359999999939
20
-125.475601999999995
11
158.1725600000000043
21
-125.5708399999999898
0
LINE
8
BLACK
6
CONTINUOUS
10
158.1725600000000043
20
-125.5708399999999898
11
157.8868449999999939
21
-125.5708399999999898
0
LINE
8
BLACK
6
CONTINUOUS
10
159.6963690000000042
20
-125.5708399999999898
11
159.5058929999999862
21
-125.475601999999995
0
LINE
8
BLACK
6
CONTINUOUS
10
159.5058929999999862
20
-125.475601999999995
11
159.4106549999999913
21
-125.2851249999999936
0
LINE
8
BLACK
6
CONTINUOUS
10
159.4106549999999913
20
-125.2851249999999936
11
159.4106549999999913
21
-123.5708399999999898
0
LINE
8
BLACK
6
CONTINUOUS
10
161.2201790000000017
20
-125.475601999999995
11
161.0297029999999836
21
-125.5708399999999898
0
LINE
8
BLACK
6
CONTINUOUS
10
161.0297029999999836
20
-125.5708399999999898
11
160.6487500000000068
21
-125.5708399999999898
0
LINE
8
BLACK
6
CONTINUOUS
10
160.6487500000000068
20
-125.5708399999999898
11
160.4582739999999887
21
-125.475601999999995
0
LINE
8
BLACK
6
CONTINUOUS
10
160.4582739999999887
20
-125.475601999999995
11
160.3630359999999939
21
-125.2851249999999936
0
LINE
8
BLACK
6
CONTINUOUS
10
160.3630359999999939
20
-125.2851249999999936
11
160.3630359999999939
21
-124.5232209999999924
0
LINE
8
BLACK
6
CONTINUOUS
10
160.3630359999999939
20
-124.5232209999999924
11
160.4582739999999887
21
-124.332743999999991
0
LINE
8
BLACK
6
CONTINUOUS
10
160.4582739999999887
20
-124.332743999999991
11
160.6487500000000068
21
-124.2375059999999962
0
LINE
8
BLACK
6
CONTINUOUS
10
160.6487500000000068
20
-124.2375059999999962
11
161.0297029999999836
21
-124.2375059999999962
0
LINE
8
BLACK
6
CONTINUOUS
10
161.0297029999999836
20
-124.2375059999999962
11
161.2201790000000017
21
-124.332743999999991
0
LINE
8
BLACK
6
CONTINUOUS
10
161.2201790000000017
20
-124.332743999999991
11
161.3154169999999965
21
-124.5232209999999924
0
LINE
8
BLACK
6
CONTINUOUS
10
161.3154169999999965
20
-124.5232209999999924
11
161.3154169999999965
21
-124.7136969999999963
0
LINE
8
BLACK
6
CONTINUOUS
10
161.3154169999999965
20
-124.7136969999999963
11
160.3630359999999939
21
-124.9041730000000001
0
LINE
8
BLACK
6
CONTINUOUS
10
161.9820839999999862
20
-126.332743999999991
11
162.077321999999981
21
-126.2375059999999962
0
LINE
8
BLACK
6
CONTINUOUS
10
162.077321999999981
20
-126.2375059999999962
11
162.2677979999999991
21
-125.9517919999999975
0
LINE
8
BLACK
6
CONTINUOUS
10
162.2677979999999991
20
-125.9517919999999975
11
162.3630359999999939
21
-125.7613159999999937
0
LINE
8
BLACK
6
CONTINUOUS
10
162.3630359999999939
20
-125.7613159999999937
11
162.4582739999999887
21
-125.475601999999995
0
LINE
8
BLACK
6
CONTINUOUS
10
162.4582739999999887
20
-125.475601999999995
11
162.5535119999999836
21
-124.9994109999999949
0
LINE
8
BLACK
6
CONTINUOUS
10
162.5535119999999836
20
-124.9994109999999949
11
162.5535119999999836
21
-124.6184590000000014
0
LINE
8
BLACK
6
CONTINUOUS
10
162.5535119999999836
20
-124.6184590000000014
11
162.4582739999999887
21
-124.1422680000000014
0
LINE
8
BLACK
6
CONTINUOUS
10
162.4582739999999887
20
-124.1422680000000014
11
162.3630359999999939
21
-123.8565539999999885
0
LINE
8
BLACK
6
CONTINUOUS
10
162.3630359999999939
20
-123.8565539999999885
11
162.2677979999999991
21
-123.6660779999999988
0
LINE
8
BLACK
6
CONTINUOUS
10
162.2677979999999991
20
-123.6660779999999988
11
162.077321999999981
21
-123.3803629999999885
0
LINE
8
BLACK
6
CONTINUOUS
10
162.077321999999981
20
-123.3803629999999885
11
161.9820839999999862
21
-123.2851249999999936
0
LINE
8
BLACK
6
CONTINUOUS
10
115.3505019999999917
20
-127.7960019999999872
11
115.8505019999999917
21
-127.2960019999999872
0
LINE
8
BLACK
6
CONTINUOUS
10
115.8505019999999917
20
-127.2960019999999872
11
115.3505019999999917
21
-126.7960019999999872
0
LINE
8
BLACK
6
CONTINUOUS
10
115.3505019999999917
20
-126.7960019999999872
11
114.8505019999999917
21
-127.2960019999999872
0
LINE
8
BLACK
6
CONTINUOUS
10
114.8505019999999917
20
-127.2960019999999872
11
115.3505019999999917
21
-127.7960019999999872
0
LINE
8
BLACK
6
CONTINUOUS
10
119.5058889999999963
20
-128.2108399999999904
11
118.3630319999999898
21
-128.2108399999999904
0
LINE
8
BLACK
6
CONTINUOUS
10
118.9344600000000014
20
-128.2108399999999904
11
118.9344600000000014
21
-126.2108399999999904
0
LINE
8
BLACK
6
CONTINUOUS
10
118.9344600000000014
20
-126.2108399999999904
11
118.7439839999999975
21
-126.4965539999999891
0
LINE
8
BLACK
6
CONTINUOUS
10
118.7439839999999975
20
-126.4965539999999891
11
118.5535079999999937
21
-126.6870299999999929
0
LINE
8
BLACK
6
CONTINUOUS
10
118.5535079999999937
20
-126.6870299999999929
11
118.3630319999999898
21
-126.7822679999999878
0
LINE
8
BLACK
6
CONTINUOUS
10
120.3630319999999898
20
-128.0203630000000032
11
120.4582699999999988
21
-128.1156019999999955
0
LINE
8
BLACK
6
CONTINUOUS
10
120.4582699999999988
20
-128.1156019999999955
11
120.3630319999999898
21
-128.2108399999999904
0
LINE
8
BLACK
6
CONTINUOUS
10
120.3630319999999898
20
-128.2108399999999904
11
120.267793999999995
21
-128.1156019999999955
0
LINE
8
BLACK
6
CONTINUOUS
10
120.267793999999995
20
-128.1156019999999955
11
120.3630319999999898
21
-128.0203630000000032
0
LINE
8
BLACK
6
CONTINUOUS
10
120.3630319999999898
20
-128.0203630000000032
11
120.3630319999999898
21
-128.2108399999999904
0
LINE
8
BLACK
6
CONTINUOUS
10
121.6963650000000001
20
-126.2108399999999904
11
121.8868420000000015
21
-126.2108399999999904
0
LINE
8
BLACK
6
CONTINUOUS
10
121.8868420000000015
20
-126.2108399999999904
11
122.0773179999999911
21
-126.3060779999999994
0
LINE
8
BLACK
6
CONTINUOUS
10
122.0773179999999911
20
-126.3060779999999994
11
122.1725560000000002
21
-126.4013159999999942
0
LINE
8
BLACK
6
CONTINUOUS
10
122.1725560000000002
20
-126.4013159999999942
11
122.267793999999995
21
-126.5917919999999981
0
LINE
8
BLACK
6
CONTINUOUS
10
122.267793999999995
20
-126.5917919999999981
11
122.3630319999999898
21
-126.9727439999999916
0
LINE
8
BLACK
6
CONTINUOUS
10
122.3630319999999898
20
-126.9727439999999916
11
122.3630319999999898
21
-127.4489349999999916
0
LINE
8
BLACK
6
CONTINUOUS
10
122.3630319999999898
20
-127.4489349999999916
11
122.267793999999995
21
-127.8298869999999994
0
LINE
8
BLACK
6
CONTINUOUS
10
122.267793999999995
20
-127.8298869999999994
11
122.1725560000000002
21
-128.0203630000000032
0
LINE
8
BLACK
6
CONTINUOUS
10
122.1725560000000002
20
-128.0203630000000032
11
122.0773179999999911
21
-128.1156019999999955
0
LINE
8
BLACK
6
CONTINUOUS
10
122.0773179999999911
20
-128.1156019999999955
11
121.8868420000000015
21
-128.2108399999999904
0
LINE
8
BLACK
6
CONTINUOUS
10
121.8868420000000015
20
-128.2108399999999904
11
121.6963650000000001
21
-128.2108399999999904
0
LINE
8
BLACK
6
CONTINUOUS
10
121.6963650000000001
20
-128.2108399999999904
11
121.5058889999999963
21
-128.1156019999999955
0
LINE
8
BLACK
6
CONTINUOUS
10
121.5058889999999963
20
-128.1156019999999955
11
121.4106510000000014
21
-128.0203630000000032
0
LINE
8
BLACK
6
CONTINUOUS
10
121.4106510000000014
20
-128.0203630000000032
11
121.3154129999999924
21
-127.8298869999999994
0
LINE
8
BLACK
6
CONTINUOUS
10
121.3154129999999924
20
-127.8298869999999994
11
121.2201749999999976
21
-127.4489349999999916
0
LINE
8
BLACK
6
CONTINUOUS
10
121.2201749999999976
20
-127.4489349999999916
11
121.2201749999999976
21
-126.9727439999999916
0
LINE
8
BLACK
6
CONTINUOUS
10
121.2201749999999976
20
-126.9727439999999916
11
121.3154129999999924
21
-126.5917919999999981
0
LINE
8
BLACK
6
CONTINUOUS
10
121.3154129999999924
20
-126.5917919999999981
11
121.4106510000000014
21
-126.4013159999999942
0
LINE
8
BLACK
6
CONTINUOUS
10
121.4106510000000014
20
-126.4013159999999942
11
121.5058889999999963
21
-126.3060779999999994
0
LINE
8
BLACK
6
CONTINUOUS
10
121.5058889999999963
20
-126.3060779999999994
11
121.6963650000000001
21
-126.2108399999999904
0
LINE
8
BLACK
6
CONTINUOUS
10
123.6011269999999911
20
-126.2108399999999904
11
123.7916039999999924
21
-126.2108399999999904
0
LINE
8
BLACK
6
CONTINUOUS
10
123.7916039999999924
20
-126.2108399999999904
11
123.9820799999999963
21
-126.3060779999999994
0
LINE
8
BLACK
6
CONTINUOUS
10
123.9820799999999963
20
-126.3060779999999994
11
124.0773179999999911
21
-126.4013159999999942
0
LINE
8
BLACK
6
CONTINUOUS
10
124.0773179999999911
20
-126.4013159999999942
11
124.1725560000000002
21
-126.5917919999999981
0
LINE
8
BLACK
6
CONTINUOUS
10
124.1725560000000002
20
-126.5917919999999981
11
124.267793999999995
21
-126.9727439999999916
0
LINE
8
BLACK
6
CONTINUOUS
10
124.267793999999995
20
-126.9727439999999916
11
124.267793999999995
21
-127.4489349999999916
0
LINE
8
BLACK
6
CONTINUOUS
10
124.267793999999995
20
-127.4489349999999916
11
124.1725560000000002
21
-127.8298869999999994
0
LINE
8
BLACK
6
CONTINUOUS
10
124.1725560000000002
20
-127.8298869999999994
11
124.0773179999999911
21
-128.0203630000000032
0
LINE
8
BLACK
6
CONTINUOUS
10
124.0773179999999911
20
-128.0203630000000032
11
123.9820799999999963
21
-128.1156019999999955
0
LINE
8
BLACK
6
CONTINUOUS
10
123.9820799999999963
20
-128.1156019999999955
11
123.7916039999999924
21
-128.2108399999999904
0
LINE
8
BLACK
6
CONTINUOUS
10
123.7916039999999924
20
-128.2108399999999904
11
123.6011269999999911
21
-128.2108399999999904
0
LINE
8
BLACK
6
CONTINUOUS
10
123.6011269999999911
20
-128.2108399999999904
11
123.4106510000000014
21
-128.1156019999999955
0
LINE
8
BLACK
6
CONTINUOUS
10
123.4106510000000014
20
-128.1156019999999955
11
123.3154129999999924
21
-128.0203630000000032
0
LINE
8
BLACK
6
CONTINUOUS
10
123.3154129999999924
20
-128.0203630000000032
11
123.2201749999999976
21
-127.8298869999999994
0
LINE
8
BLACK
6
CONTINUOUS
10
123.2201749999999976
20
-127.8298869999999994
11
123.1249369999999885
21
-127.4489349999999916
0
LINE
8
BLACK
6
CONTINUOUS
10
123.1249369999999885
20
-127.4489349999999916
11
123.1249369999999885
21
-126.9727439999999916
0
LINE
8
BLACK
6
CONTINUOUS
10
123.1249369999999885
20
-126.9727439999999916
11
123.2201749999999976
21
-126.5917919999999981
0
LINE
8
BLACK
6
CONTINUOUS
10
123.2201749999999976
20
-126.5917919999999981
11
123.3154129999999924
21
-126.4013159999999942
0
LINE
8
BLACK
6
CONTINUOUS
10
123.3154129999999924
20
-126.4013159999999942
11
123.4106510000000014
21
-126.3060779999999994
0
LINE
8
BLACK
6
CONTINUOUS
10
123.4106510000000014
20
-126.3060779999999994
11
123.6011269999999911
21
-126.2108399999999904
0
LINE
8
BLACK
6
CONTINUOUS
10
125.5058889999999963
20
-126.2108399999999904
11
125.6963659999999976
21
-126.2108399999999904
0
LINE
8
BLACK
6
CONTINUOUS
10
125.6963659999999976
20
-126.2108399999999904
11
125.8868419999999873
21
-126.3060779999999994
0
LINE
8
BLACK
6
CONTINUOUS
10
125.8868419999999873
20
-126.3060779999999994
11
125.9820799999999963
21
-126.4013159999999942
0
LINE
8
BLACK
6
CONTINUOUS
10
125.9820799999999963
20
-126.4013159999999942
11
126.0773179999999911
21
-126.5917919999999981
0
LINE
8
BLACK
6
CONTINUOUS
10
126.0773179999999911
20
-126.5917919999999981
11
126.1725560000000002
21
-126.9727439999999916
0
LINE
8
BLACK
6
CONTINUOUS
10
126.1725560000000002
20
-126.9727439999999916
11
126.1725560000000002
21
-127.4489349999999916
0
LINE
8
BLACK
6
CONTINUOUS
10
126.1725560000000002
20
-127.4489349999999916
11
126.0773179999999911
21
-127.8298869999999994
0
LINE
8
BLACK
6
CONTINUOUS
10
126.0773179999999911
20
-127.8298869999999994
11
125.9820799999999963
21
-128.0203630000000032
0
LINE
8
BLACK
6
CONTINUOUS
10
125.9820799999999963
20
-128.0203630000000032
11
125.8868419999999873
21
-128.1156019999999955
0
LINE
8
BLACK
6
CONTINUOUS
10
125.8868419999999873
20
-128.1156019999999955
11
125.6963659999999976
21
-128.2108399999999904
0
LINE
8
BLACK
6
CONTINUOUS
10
125.6963659999999976
20
-128.2108399999999904
11
125.5058889999999963
21
-128.2108399999999904
0
LINE
8
BLACK
6
CONTINUOUS
10
125.5058889999999963
20
-128.2108399999999904
11
125.3154129999999924
21
-128.1156019999999955
0
LINE
8
BLACK
6
CONTINUOUS
10
125.3154129999999924
20
-128.1156019999999955
11
125.2201749999999976
21
-128.0203630000000032
0
LINE
8
BLACK
6
CONTINUOUS
10
125.2201749999999976
20
-128.0203630000000032
11
125.1249369999999885
21
-127.8298869999999994
0
LINE
8
BLACK
6
CONTINUOUS
10
125.1249369999999885
20
-127.8298869999999994
11
125.0296989999999937
21
-127.4489349999999916
0
LINE
8
BLACK
6
CONTINUOUS
10
125.0296989999999937
20
-127.4489349999999916
11
125.0296989999999937
21
-126.9727439999999916
0
LINE
8
BLACK
6
CONTINUOUS
10
125.0296989999999937
20
-126.9727439999999916
11
125.1249369999999885
21
-126.5917919999999981
0
LINE
8
BLACK
6
CONTINUOUS
10
125.1249369999999885
20
-126.5917919999999981
11
125.2201749999999976
21
-126.4013159999999942
0
LINE
8
BLACK
6
CONTINUOUS
10
125.2201749999999976
20
-126.4013159999999942
11
125.3154129999999924
21
-126.3060779999999994
0
LINE
8
BLACK
6
CONTINUOUS
10
125.3154129999999924
20
-126.3060779999999994
11
125.5058889999999963
21
-126.2108399999999904
0
LINE
8
BLACK
6
CONTINUOUS
10
127.0296989999999937
20
-128.2108399999999904
11
127.0296989999999937
21
-126.8775059999999968
0
LINE
8
BLACK
6
CONTINUOUS
10
127.0296989999999937
20
-127.0679820000000007
11
127.1249369999999885
21
-126.9727439999999916
0
LINE
8
BLACK
6
CONTINUOUS
10
127.1249369999999885
20
-126.9727439999999916
11
127.3154129999999924
21
-126.8775059999999968
0
LINE
8
BLACK
6
CONTINUOUS
10
127.3154129999999924
20
-126.8775059999999968
11
127.6011279999999886
21
-126.8775059999999968
0
LINE
8
BLACK
6
CONTINUOUS
10
127.6011279999999886
20
-126.8775059999999968
11
127.7916039999999924
21
-126.9727439999999916
0
LINE
8
BLACK
6
CONTINUOUS
10
127.7916039999999924
20
-126.9727439999999916
11
127.8868419999999873
21
-127.163220999999993
0
LINE
8
BLACK
6
CONTINUOUS
10
127.8868419999999873
20
-127.163220999999993
11
127.8868419999999873
21
-128.2108399999999904
0
LINE
8
BLACK
6
CONTINUOUS
10
127.8868419999999873
20
-127.163220999999993
11
127.9820799999999963
21
-126.9727439999999916
0
LINE
8
BLACK
6
CONTINUOUS
10
127.9820799999999963
20
-126.9727439999999916
11
128.1725559999999859
21
-126.8775059999999968
0
LINE
8
BLACK
6
CONTINUOUS
10
128.1725559999999859
20
-126.8775059999999968
11
128.4582699999999988
21
-126.8775059999999968
0
LINE
8
BLACK
6
CONTINUOUS
10
128.4582699999999988
20
-126.8775059999999968
11
128.648746999999986
21
-126.9727439999999916
0
LINE
8
BLACK
6
CONTINUOUS
10
128.648746999999986
20
-126.9727439999999916
11
128.7439849999999808
21
-127.163220999999993
0
LINE
8
BLACK
6
CONTINUOUS
10
128.7439849999999808
20
-127.163220999999993
11
128.7439849999999808
21
-128.2108399999999904
0
LINE
8
BLACK
6
CONTINUOUS
10
129.6963659999999834
20
-128.2108399999999904
11
129.6963659999999834
21
-126.8775059999999968
0
LINE
8
BLACK
6
CONTINUOUS
10
129.6963659999999834
20
-127.0679820000000007
11
129.7916040000000066
21
-126.9727439999999916
0
LINE
8
BLACK
6
CONTINUOUS
10
129.7916040000000066
20
-126.9727439999999916
11
129.9820799999999963
21
-126.8775059999999968
0
LINE
8
BLACK
6
CONTINUOUS
10
129.9820799999999963
20
-126.8775059999999968
11
130.2677950000000067
21
-126.8775059999999968
0
LINE
8
BLACK
6
CONTINUOUS
10
130.2677950000000067
20
-126.8775059999999968
11
130.4582709999999963
21
-126.9727439999999916
0
LINE
8
BLACK
6
CONTINUOUS
10
130.4582709999999963
20
-126.9727439999999916
11
130.5535089999999911
21
-127.163220999999993
0
LINE
8
BLACK
6
CONTINUOUS
10
130.5535089999999911
20
-127.163220999999993
11
130.5535089999999911
21
-128.2108399999999904
0
LINE
8
BLACK
6
CONTINUOUS
10
130.5535089999999911
20
-127.163220999999993
11
130.648746999999986
21
-126.9727439999999916
0
LINE
8
BLACK
6
CONTINUOUS
10
130.648746999999986
20
-126.9727439999999916
11
130.839223000000004
21
-126.8775059999999968
0
LINE
8
BLACK
6
CONTINUOUS
10
130.839223000000004
20
-126.8775059999999968
11
131.1249369999999885
21
-126.8775059999999968
0
LINE
8
BLACK
6
CONTINUOUS
10
131.1249369999999885
20
-126.8775059999999968
11
131.3154140000000041
21
-126.9727439999999916
0
LINE
8
BLACK
6
CONTINUOUS
10
131.3154140000000041
20
-126.9727439999999916
11
131.4106519999999989
21
-127.163220999999993
0
LINE
8
BLACK
6
CONTINUOUS
10
131.4106519999999989
20
-127.163220999999993
11
131.4106519999999989
21
-128.2108399999999904
0
LINE
8
BLACK
6
CONTINUOUS
10
135.3154140000000041
20
-126.1156019999999955
11
133.601128999999986
21
-128.6870299999999929
0
LINE
8
BLACK
6
CONTINUOUS
10
137.8868429999999989
20
-126.2108399999999904
11
138.0773199999999861
21
-126.2108399999999904
0
LINE
8
BLACK
6
CONTINUOUS
10
138.0773199999999861
20
-126.2108399999999904
11
138.2677960000000041
21
-126.3060779999999994
0
LINE
8
BLACK
6
CONTINUOUS
10
138.2677960000000041
20
-126.3060779999999994
11
138.363033999999999
21
-126.4013159999999942
0
LINE
8
BLACK
6
CONTINUOUS
10
138.363033999999999
20
-126.4013159999999942
11
138.4582719999999938
21
-126.5917919999999981
0
LINE
8
BLACK
6
CONTINUOUS
10
138.4582719999999938
20
-126.5917919999999981
11
138.5535099999999886
21
-126.9727439999999916
0
LINE
8
BLACK
6
CONTINUOUS
10
138.5535099999999886
20
-126.9727439999999916
11
138.5535099999999886
21
-127.4489349999999916
0
LINE
8
BLACK
6
CONTINUOUS
10
138.5535099999999886
20
-127.4489349999999916
11
138.4582719999999938
21
-127.8298869999999994
0
LINE
8
BLACK
6
CONTINUOUS
10
138.4582719999999938
20
-127.8298869999999994
11
138.363033999999999
21
-128.0203630000000032
0
LINE
8
BLACK
6
CONTINUOUS
10
138.363033999999999
20
-128.0203630000000032
11
138.2677960000000041
21
-128.1156019999999955
0
LINE
8
BLACK
6
CONTINUOUS
10
138.2677960000000041
20
-128.1156019999999955
11
138.0773199999999861
21
-128.2108399999999904
0
LINE
8
BLACK
6
CONTINUOUS
10
138.0773199999999861
20
-128.2108399999999904
11
137.8868429999999989
21
-128.2108399999999904
0
LINE
8
BLACK
6
CONTINUOUS
10
137.8868429999999989
20
-128.2108399999999904
11
137.6963669999999809
21
-128.1156019999999955
0
LINE
8
BLACK
6
CONTINUOUS
10
137.6963669999999809
20
-128.1156019999999955
11
137.601128999999986
21
-128.0203630000000032
0
LINE
8
BLACK
6
CONTINUOUS
10
137.601128999999986
20
-128.0203630000000032
11
137.5058909999999912
21
-127.8298869999999994
0
LINE
8
BLACK
6
CONTINUOUS
10
137.5058909999999912
20
-127.8298869999999994
11
137.4106529999999964
21
-127.4489349999999916
0
LINE
8
BLACK
6
CONTINUOUS
10
137.4106529999999964
20
-127.4489349999999916
11
137.4106529999999964
21
-126.9727439999999916
0
LINE
8
BLACK
6
CONTINUOUS
10
137.4106529999999964
20
-126.9727439999999916
11
137.5058909999999912
21
-126.5917919999999981
0
LINE
8
BLACK
6
CONTINUOUS
10
137.5058909999999912
20
-126.5917919999999981
11
137.601128999999986
21
-126.4013159999999942
0
LINE
8
BLACK
6
CONTINUOUS
10
137.601128999999986
20
-126.4013159999999942
11
137.6963669999999809
21
-126.3060779999999994
0
LINE
8
BLACK
6
CONTINUOUS
10
137.6963669999999809
20
-126.3060779999999994
11
137.8868429999999989
21
-126.2108399999999904
0
LINE
8
BLACK
6
CONTINUOUS
10
139.4106529999999964
20
-128.0203630000000032
11
139.5058909999999912
21
-128.1156019999999955
0
LINE
8
BLACK
6
CONTINUOUS
10
139.5058909999999912
20
-128.1156019999999955
11
139.4106529999999964
21
-128.2108399999999904
0
LINE
8
BLACK
6
CONTINUOUS
10
139.4106529999999964
20
-128.2108399999999904
11
139.3154150000000016
21
-128.1156019999999955
0
LINE
8
BLACK
6
CONTINUOUS
10
139.3154150000000016
20
-128.1156019999999955
11
139.4106529999999964
21
-128.0203630000000032
0
LINE
8
BLACK
6
CONTINUOUS
10
139.4106529999999964
20
-128.0203630000000032
11
139.4106529999999964
21
-128.2108399999999904
0
LINE
8
BLACK
6
CONTINUOUS
10
140.7439860000000067
20
-126.2108399999999904
11
140.9344629999999938
21
-126.2108399999999904
0
LINE
8
BLACK
6
CONTINUOUS
10
140.9344629999999938
20
-126.2108399999999904
11
141.1249389999999835
21
-126.3060779999999994
0
LINE
8
BLACK
6
CONTINUOUS
10
141.1249389999999835
20
-126.3060779999999994
11
141.2201770000000067
21
-126.4013159999999942
0
LINE
8
BLACK
6
CONTINUOUS
10
141.2201770000000067
20
-126.4013159999999942
11
141.3154150000000016
21
-126.5917919999999981
0
LINE
8
BLACK
6
CONTINUOUS
10
141.3154150000000016
20
-126.5917919999999981
11
141.4106529999999964
21
-126.9727439999999916
0
LINE
8
BLACK
6
CONTINUOUS
10
141.4106529999999964
20
-126.9727439999999916
11
141.4106529999999964
21
-127.4489349999999916
0
LINE
8
BLACK
6
CONTINUOUS
10
141.4106529999999964
20
-127.4489349999999916
11
141.3154150000000016
21
-127.8298869999999994
0
LINE
8
BLACK
6
CONTINUOUS
10
141.3154150000000016
20
-127.8298869999999994
11
141.2201770000000067
21
-128.0203630000000032
0
LINE
8
BLACK
6
CONTINUOUS
10
141.2201770000000067
20
-128.0203630000000032
11
141.1249389999999835
21
-128.1156019999999955
0
LINE
8
BLACK
6
CONTINUOUS
10
141.1249389999999835
20
-128.1156019999999955
11
140.9344629999999938
21
-128.2108399999999904
0
LINE
8
BLACK
6
CONTINUOUS
10
140.9344629999999938
20
-128.2108399999999904
11
140.7439860000000067
21
-128.2108399999999904
0
LINE
8
BLACK
6
CONTINUOUS
10
140.7439860000000067
20
-128.2108399999999904
11
140.5535099999999886
21
-128.1156019999999955
0
LINE
8
BLACK
6
CONTINUOUS
10
140.5535099999999886
20
-128.1156019999999955
11
140.4582719999999938
21
-128.0203630000000032
0
LINE
8
BLACK
6
CONTINUOUS
10
140.4582719999999938
20
-128.0203630000000032
11
140.363033999999999
21
-127.8298869999999994
0
LINE
8
BLACK
6
CONTINUOUS
10
140.363033999999999
20
-127.8298869999999994
11
140.2677960000000041
21
-127.4489349999999916
0
LINE
8
BLACK
6
CONTINUOUS
10
140.2677960000000041
20
-127.4489349999999916
11
140.2677960000000041
21
-126.9727439999999916
0
LINE
8
BLACK
6
CONTINUOUS
10
140.2677960000000041
20
-126.9727439999999916
11
140.363033999999999
21
-126.5917919999999981
0
LINE
8
BLACK
6
CONTINUOUS
10
140.363033999999999
20
-126.5917919999999981
11
140.4582719999999938
21
-126.4013159999999942
0
LINE
8
BLACK
6
CONTINUOUS
10
140.4582719999999938
20
-126.4013159999999942
11
140.5535099999999886
21
-126.3060779999999994
0
LINE
8
BLACK
6
CONTINUOUS
10
140.5535099999999886
20
-126.3060779999999994
11
140.7439860000000067
21
-126.2108399999999904
0
LINE
8
BLACK
6
CONTINUOUS
10
142.0773199999999861
20
-126.2108399999999904
11
143.3154150000000016
21
-126.2108399999999904
0
LINE
8
BLACK
6
CONTINUOUS
10
143.3154150000000016
20
-126.2108399999999904
11
142.6487479999999834
21
-126.9727439999999916
0
LINE
8
BLACK
6
CONTINUOUS
10
142.6487479999999834
20
-126.9727439999999916
11
142.9344629999999938
21
-126.9727439999999916
0
LINE
8
BLACK
6
CONTINUOUS
10
142.9344629999999938
20
-126.9727439999999916
11
143.1249389999999835
21
-127.0679820000000007
0
LINE
8
BLACK
6
CONTINUOUS
10
143.1249389999999835
20
-127.0679820000000007
11
143.2201770000000067
21
-127.163220999999993
0
LINE
8
BLACK
6
CONTINUOUS
10
143.2201770000000067
20
-127.163220999999993
11
143.3154150000000016
21
-127.3536969999999968
0
LINE
8
BLACK
6
CONTINUOUS
10
143.3154150000000016
20
-127.3536969999999968
11
143.3154150000000016
21
-127.8298869999999994
0
LINE
8
BLACK
6
CONTINUOUS
10
143.3154150000000016
20
-127.8298869999999994
11
143.2201770000000067
21
-128.0203630000000032
0
LINE
8
BLACK
6
CONTINUOUS
10
143.2201770000000067
20
-128.0203630000000032
11
143.1249389999999835
21
-128.1156019999999955
0
LINE
8
BLACK
6
CONTINUOUS
10
143.1249389999999835
20
-128.1156019999999955
11
142.9344629999999938
21
-128.2108399999999904
0
LINE
8
BLACK
6
CONTINUOUS
10
142.9344629999999938
20
-128.2108399999999904
11
142.363033999999999
21
-128.2108399999999904
0
LINE
8
BLACK
6
CONTINUOUS
10
142.363033999999999
20
-128.2108399999999904
11
142.1725579999999809
21
-128.1156019999999955
0
LINE
8
BLACK
6
CONTINUOUS
10
142.1725579999999809
20
-128.1156019999999955
11
142.0773199999999861
21
-128.0203630000000032
0
LINE
8
BLACK
6
CONTINUOUS
10
144.2677960000000041
20
-128.2108399999999904
11
144.6487479999999834
21
-128.2108399999999904
0
LINE
8
BLACK
6
CONTINUOUS
10
144.6487479999999834
20
-128.2108399999999904
11
144.839224999999999
21
-128.1156019999999955
0
LINE
8
BLACK
6
CONTINUOUS
10
144.839224999999999
20
-128.1156019999999955
11
144.9344629999999938
21
-128.0203630000000032
0
LINE
8
BLACK
6
CONTINUOUS
10
144.9344629999999938
20
-128.0203630000000032
11
145.1249389999999835
21
-127.7346489999999903
0
LINE
8
BLACK
6
CONTINUOUS
10
145.1249389999999835
20
-127.7346489999999903
11
145.2201770000000067
21
-127.3536969999999968
0
LINE
8
BLACK
6
CONTINUOUS
10
145.2201770000000067
20
-127.3536969999999968
11
145.2201770000000067
21
-126.5917919999999981
0
LINE
8
BLACK
6
CONTINUOUS
10
145.2201770000000067
20
-126.5917919999999981
11
145.1249389999999835
21
-126.4013159999999942
0
LINE
8
BLACK
6
CONTINUOUS
10
145.1249389999999835
20
-126.4013159999999942
11
145.0297009999999887
21
-126.3060779999999994
0
LINE
8
BLACK
6
CONTINUOUS
10
145.0297009999999887
20
-126.3060779999999994
11
144.839224999999999
21
-126.2108399999999904
0
LINE
8
BLACK
6
CONTINUOUS
10
144.839224999999999
20
-126.2108399999999904
11
144.4582719999999938
21
-126.2108399999999904
0
LINE
8
BLACK
6
CONTINUOUS
10
144.4582719999999938
20
-126.2108399999999904
11
144.2677960000000041
21
-126.3060779999999994
0
LINE
8
BLACK
6
CONTINUOUS
10
144.2677960000000041
20
-126.3060779999999994
11
144.1725579999999809
21
-126.4013159999999942
0
LINE
8
BLACK
6
CONTINUOUS
10
144.1725579999999809
20
-126.4013159999999942
11
144.0773199999999861
21
-126.5917919999999981
0
LINE
8
BLACK
6
CONTINUOUS
10
144.0773199999999861
20
-126.5917919999999981
11
144.0773199999999861
21
-127.0679820000000007
0
LINE
8
BLACK
6
CONTINUOUS
10
144.0773199999999861
20
-127.0679820000000007
11
144.1725579999999809
21
-127.2584589999999878
0
LINE
8
BLACK
6
CONTINUOUS
10
144.1725579999999809
20
-127.2584589999999878
11
144.2677960000000041
21
-127.3536969999999968
0
LINE
8
BLACK
6
CONTINUOUS
10
144.2677960000000041
20
-127.3536969999999968
11
144.4582719999999938
21
-127.4489349999999916
0
LINE
8
BLACK
6
CONTINUOUS
10
144.4582719999999938
20
-127.4489349999999916
11
144.839224999999999
21
-127.4489349999999916
0
LINE
8
BLACK
6
CONTINUOUS
10
144.839224999999999
20
-127.4489349999999916
11
145.0297009999999887
21
-127.3536969999999968
0
LINE
8
BLACK
6
CONTINUOUS
10
145.0297009999999887
20
-127.3536969999999968
11
145.1249389999999835
21
-127.2584589999999878
0
LINE
8
BLACK
6
CONTINUOUS
10
145.1249389999999835
20
-127.2584589999999878
11
145.2201770000000067
21
-127.0679820000000007
0
LINE
8
BLACK
6
CONTINUOUS
10
146.9344629999999938
20
-126.8775059999999968
11
146.9344629999999938
21
-128.2108399999999904
0
LINE
8
BLACK
6
CONTINUOUS
10
146.4582719999999938
20
-126.1156019999999955
11
145.9820819999999912
21
-127.5441730000000007
0
LINE
8
BLACK
6
CONTINUOUS
10
145.9820819999999912
20
-127.5441730000000007
11
147.2201770000000067
21
-127.5441730000000007
0
LINE
8
BLACK
6
CONTINUOUS
10
147.8868439999999964
20
-126.2108399999999904
11
147.8868439999999964
21
-126.5917919999999981
0
LINE
8
BLACK
6
CONTINUOUS
10
148.6487489999999809
20
-126.2108399999999904
11
148.6487489999999809
21
-126.5917919999999981
0
LINE
8
BLACK
6
CONTINUOUS
10
151.601130999999981
20
-128.9727440000000058
11
151.5058919999999887
21
-128.8775059999999826
0
LINE
8
BLACK
6
CONTINUOUS
10
151.5058919999999887
20
-128.8775059999999826
11
151.315415999999999
21
-128.5917919999999981
0
LINE
8
BLACK
6
CONTINUOUS
10
151.315415999999999
20
-128.5917919999999981
11
151.2201780000000042
21
-128.40131599999998
0
LINE
8
BLACK
6
CONTINUOUS
10
151.2201780000000042
20
-128.40131599999998
11
151.124939999999981
21
-128.1156019999999955
0
LINE
8
BLACK
6
CONTINUOUS
10
151.124939999999981
20
-128.1156019999999955
11
151.0297019999999861
21
-127.6394109999999955
0
LINE
8
BLACK
6
CONTINUOUS
10
151.0297019999999861
20
-127.6394109999999955
11
151.0297019999999861
21
-127.2584589999999878
0
LINE
8
BLACK
6
CONTINUOUS
10
151.0297019999999861
20
-127.2584589999999878
11
151.124939999999981
21
-126.7822679999999878
0
LINE
8
BLACK
6
CONTINUOUS
10
151.124939999999981
20
-126.7822679999999878
11
151.2201780000000042
21
-126.4965539999999891
0
LINE
8
BLACK
6
CONTINUOUS
10
151.2201780000000042
20
-126.4965539999999891
11
151.315415999999999
21
-126.3060779999999994
0
LINE
8
BLACK
6
CONTINUOUS
10
151.315415999999999
20
-126.3060779999999994
11
151.5058919999999887
21
-126.020362999999989
0
LINE
8
BLACK
6
CONTINUOUS
10
151.5058919999999887
20
-126.020362999999989
11
151.601130999999981
21
-125.9251249999999942
0
LINE
8
BLACK
6
CONTINUOUS
10
153.4106539999999939
20
-128.2108399999999904
11
152.2677970000000016
21
-128.2108399999999904
0
LINE
8
BLACK
6
CONTINUOUS
10
152.839224999999999
20
-128.2108399999999904
11
152.839224999999999
21
-126.2108399999999904
0
LINE
8
BLACK
6
CONTINUOUS
10
152.839224999999999
20
-126.2108399999999904
11
152.6487489999999809
21
-126.4965539999999891
0
LINE
8
BLACK
6
CONTINUOUS
10
152.6487489999999809
20
-126.4965539999999891
11
152.4582729999999913
21
-126.6870299999999929
0
LINE
8
BLACK
6
CONTINUOUS
10
152.4582729999999913
20
-126.6870299999999929
11
152.2677970000000016
21
-126.7822679999999878
0
LINE
8
BLACK
6
CONTINUOUS
10
154.6487489999999809
20
-126.2108399999999904
11
154.8392259999999965
21
-126.2108399999999904
0
LINE
8
BLACK
6
CONTINUOUS
10
154.8392259999999965
20
-126.2108399999999904
11
155.0297019999999861
21
-126.3060779999999994
0
LINE
8
BLACK
6
CONTINUOUS
10
155.0297019999999861
20
-126.3060779999999994
11
155.124939999999981
21
-126.4013159999999942
0
LINE
8
BLACK
6
CONTINUOUS
10
155.124939999999981
20
-126.4013159999999942
11
155.2201780000000042
21
-126.5917919999999981
0
LINE
8
BLACK
6
CONTINUOUS
10
155.2201780000000042
20
-126.5917919999999981
11
155.315415999999999
21
-126.9727439999999916
0
LINE
8
BLACK
6
CONTINUOUS
10
155.315415999999999
20
-126.9727439999999916
11
155.315415999999999
21
-127.4489349999999916
0
LINE
8
BLACK
6
CONTINUOUS
10
155.315415999999999
20
-127.4489349999999916
11
155.2201780000000042
21
-127.8298869999999994
0
LINE
8
BLACK
6
CONTINUOUS
10
155.2201780000000042
20
-127.8298869999999994
11
155.124939999999981
21
-128.0203630000000032
0
LINE
8
BLACK
6
CONTINUOUS
10
155.124939999999981
20
-128.0203630000000032
11
155.0297019999999861
21
-128.1156019999999955
0
LINE
8
BLACK
6
CONTINUOUS
10
155.0297019999999861
20
-128.1156019999999955
11
154.8392259999999965
21
-128.2108399999999904
0
LINE
8
BLACK
6
CONTINUOUS
10
154.8392259999999965
20
-128.2108399999999904
11
154.6487489999999809
21
-128.2108399999999904
0
LINE
8
BLACK
6
CONTINUOUS
10
154.6487489999999809
20
-128.2108399999999904
11
154.4582729999999913
21
-128.1156019999999955
0
LINE
8
BLACK
6
CONTINUOUS
10
154.4582729999999913
20
-128.1156019999999955
11
154.3630349999999964
21
-128.0203630000000032
0
LINE
8
BLACK
6
CONTINUOUS
10
154.3630349999999964
20
-128.0203630000000032
11
154.2677970000000016
21
-127.8298869999999994
0
LINE
8
BLACK
6
CONTINUOUS
10
154.2677970000000016
20
-127.8298869999999994
11
154.1725590000000068
21
-127.4489349999999916
0
LINE
8
BLACK
6
CONTINUOUS
10
154.1725590000000068
20
-127.4489349999999916
11
154.1725590000000068
21
-126.9727439999999916
0
LINE
8
BLACK
6
CONTINUOUS
10
154.1725590000000068
20
-126.9727439999999916
11
154.2677970000000016
21
-126.5917919999999981
0
LINE
8
BLACK
6
CONTINUOUS
10
154.2677970000000016
20
-126.5917919999999981
11
154.3630349999999964
21
-126.4013159999999942
0
LINE
8
BLACK
6
CONTINUOUS
10
154.3630349999999964
20
-126.4013159999999942
11
154.4582729999999913
21
-126.3060779999999994
0
LINE
8
BLACK
6
CONTINUOUS
10
154.4582729999999913
20
-126.3060779999999994
11
154.6487489999999809
21
-126.2108399999999904
0
LINE
8
BLACK
6
CONTINUOUS
10
157.6963690000000042
20
-128.2108399999999904
11
157.6963690000000042
21
-126.2108399999999904
0
LINE
8
BLACK
6
CONTINUOUS
10
158.5535119999999836
20
-128.2108399999999904
11
158.5535119999999836
21
-127.163220999999993
0
LINE
8
BLACK
6
CONTINUOUS
10
158.5535119999999836
20
-127.163220999999993
11
158.4582739999999887
21
-126.9727439999999916
0
LINE
8
BLACK
6
CONTINUOUS
10
158.4582739999999887
20
-126.9727439999999916
11
158.2677979999999991
21
-126.8775059999999968
0
LINE
8
BLACK
6
CONTINUOUS
10
158.2677979999999991
20
-126.8775059999999968
11
157.9820829999999887
21
-126.8775059999999968
0
LINE
8
BLACK
6
CONTINUOUS
10
157.9820829999999887
20
-126.8775059999999968
11
157.7916069999999991
21
-126.9727439999999916
0
LINE
8
BLACK
6
CONTINUOUS
10
157.7916069999999991
20
-126.9727439999999916
11
157.6963690000000042
21
-127.0679820000000007
0
LINE
8
BLACK
6
CONTINUOUS
10
159.7916069999999991
20
-128.2108399999999904
11
159.601130999999981
21
-128.1156019999999955
0
LINE
8
BLACK
6
CONTINUOUS
10
159.601130999999981
20
-128.1156019999999955
11
159.5058929999999862
21
-128.0203630000000032
0
LINE
8
BLACK
6
CONTINUOUS
10
159.5058929999999862
20
-128.0203630000000032
11
159.4106549999999913
21
-127.8298869999999994
0
LINE
8
BLACK
6
CONTINUOUS
10
159.4106549999999913
20
-127.8298869999999994
11
159.4106549999999913
21
-127.2584589999999878
0
LINE
8
BLACK
6
CONTINUOUS
10
159.4106549999999913
20
-127.2584589999999878
11
159.5058929999999862
21
-127.0679820000000007
0
LINE
8
BLACK
6
CONTINUOUS
10
159.5058929999999862
20
-127.0679820000000007
11
159.601130999999981
21
-126.9727439999999916
0
LINE
8
BLACK
6
CONTINUOUS
10
159.601130999999981
20
-126.9727439999999916
11
159.7916069999999991
21
-126.8775059999999968
0
LINE
8
BLACK
6
CONTINUOUS
10
159.7916069999999991
20
-126.8775059999999968
11
160.077321999999981
21
-126.8775059999999968
0
LINE
8
BLACK
6
CONTINUOUS
10
160.077321999999981
20
-126.8775059999999968
11
160.2677979999999991
21
-126.9727439999999916
0
LINE
8
BLACK
6
CONTINUOUS
10
160.2677979999999991
20
-126.9727439999999916
11
160.3630359999999939
21
-127.0679820000000007
0
LINE
8
BLACK
6
CONTINUOUS
10
160.3630359999999939
20
-127.0679820000000007
11
160.4582739999999887
21
-127.2584589999999878
0
LINE
8
BLACK
6
CONTINUOUS
10
160.4582739999999887
20
-127.2584589999999878
11
160.4582739999999887
21
-127.8298869999999994
0
LINE
8
BLACK
6
CONTINUOUS
10
160.4582739999999887
20
-127.8298869999999994
11
160.3630359999999939
21
-128.0203630000000032
0
LINE
8
BLACK
6
CONTINUOUS
10
160.3630359999999939
20
-128.0203630000000032
11
160.2677979999999991
21
-128.1156019999999955
0
LINE
8
BLACK
6
CONTINUOUS
10
160.2677979999999991
20
-128.1156019999999955
11
160.077321999999981
21
-128.2108399999999904
0
LINE
8
BLACK
6
CONTINUOUS
10
160.077321999999981
20
-128.2108399999999904
11
159.7916069999999991
21
-128.2108399999999904
0
LINE
8
BLACK
6
CONTINUOUS
10
161.601130999999981
20
-128.2108399999999904
11
161.4106549999999913
21
-128.1156019999999955
0
LINE
8
BLACK
6
CONTINUOUS
10
161.4106549999999913
20
-128.1156019999999955
11
161.3154169999999965
21
-127.9251249999999942
0
LINE
8
BLACK
6
CONTINUOUS
10
161.3154169999999965
20
-127.9251249999999942
11
161.3154169999999965
21
-126.2108399999999904
0
LINE
8
BLACK
6
CONTINUOUS
10
163.1249409999999784
20
-128.1156019999999955
11
162.9344649999999888
21
-128.2108399999999904
0
LINE
8
BLACK
6
CONTINUOUS
10
162.9344649999999888
20
-128.2108399999999904
11
162.5535119999999836
21
-128.2108399999999904
0
LINE
8
BLACK
6
CONTINUOUS
10
162.5535119999999836
20
-128.2108399999999904
11
162.3630359999999939
21
-128.1156019999999955
0
LINE
8
BLACK
6
CONTINUOUS
10
162.3630359999999939
20
-128.1156019999999955
11
162.2677979999999991
21
-127.9251249999999942
0
LINE
8
BLACK
6
CONTINUOUS
10
162.2677979999999991
20
-127.9251249999999942
11
162.2677979999999991
21
-127.163220999999993
0
LINE
8
BLACK
6
CONTINUOUS
10
162.2677979999999991
20
-127.163220999999993
11
162.3630359999999939
21
-126.9727439999999916
0
LINE
8
BLACK
6
CONTINUOUS
10
162.3630359999999939
20
-126.9727439999999916
11
162.5535119999999836
21
-126.8775059999999968
0
LINE
8
BLACK
6
CONTINUOUS
10
162.5535119999999836
20
-126.8775059999999968
11
162.9344649999999888
21
-126.8775059999999968
0
LINE
8
BLACK
6
CONTINUOUS
10
162.9344649999999888
20
-126.8775059999999968
11
163.1249409999999784
21
-126.9727439999999916
0
LINE
8
BLACK
6
CONTINUOUS
10
163.1249409999999784
20
-126.9727439999999916
11
163.2201790000000017
21
-127.163220999999993
0
LINE
8
BLACK
6
CONTINUOUS
10
163.2201790000000017
20
-127.163220999999993
11
163.2201790000000017
21
-127.3536969999999968
0
LINE
8
BLACK
6
CONTINUOUS
10
163.2201790000000017
20
-127.3536969999999968
11
162.2677979999999991
21
-127.5441730000000007
0
LINE
8
BLACK
6
CONTINUOUS
10
163.9820839999999862
20
-128.1156019999999955
11
164.1725600000000043
21
-128.2108399999999904
0
LINE
8
BLACK
6
CONTINUOUS
10
164.1725600000000043
20
-128.2108399999999904
11
164.5535119999999836
21
-128.2108399999999904
0
LINE
8
BLACK
6
CONTINUOUS
10
164.5535119999999836
20
-128.2108399999999904
11
164.7439889999999991
21
-128.1156019999999955
0
LINE
8
BLACK
6
CONTINUOUS
10
164.7439889999999991
20
-128.1156019999999955
11
164.839226999999994
21
-127.9251249999999942
0
LINE
8
BLACK
6
CONTINUOUS
10
164.839226999999994
20
-127.9251249999999942
11
164.839226999999994
21
-127.8298869999999994
0
LINE
8
BLACK
6
CONTINUOUS
10
164.839226999999994
20
-127.8298869999999994
11
164.7439889999999991
21
-127.6394109999999955
0
LINE
8
BLACK
6
CONTINUOUS
10
164.7439889999999991
20
-127.6394109999999955
11
164.5535119999999836
21
-127.5441730000000007
0
LINE
8
BLACK
6
CONTINUOUS
10
164.5535119999999836
20
-127.5441730000000007
11
164.2677979999999991
21
-127.5441730000000007
0
LINE
8
BLACK
6
CONTINUOUS
10
164.2677979999999991
20
-127.5441730000000007
11
164.077321999999981
21
-127.4489349999999916
0
LINE
8
BLACK
6
CONTINUOUS
10
164.077321999999981
20
-127.4489349999999916
11
163.9820839999999862
21
-127.2584589999999878
0
LINE
8
BLACK
6
CONTINUOUS
10
163.9820839999999862
20
-127.2584589999999878
11
163.9820839999999862
21
-127.163220999999993
0
LINE
8
BLACK
6
CONTINUOUS
10
163.9820839999999862
20
-127.163220999999993
11
164.077321999999981
21
-126.9727439999999916
0
LINE
8
BLACK
6
CONTINUOUS
10
164.077321999999981
20
-126.9727439999999916
11
164.2677979999999991
21
-126.8775059999999968
0
LINE
8
BLACK
6
CONTINUOUS
10
164.2677979999999991
20
-126.8775059999999968
11
164.5535119999999836
21
-126.8775059999999968
0
LINE
8
BLACK
6
CONTINUOUS
10
164.5535119999999836
20
-126.8775059999999968
11
164.7439889999999991
21
-126.9727439999999916
0
LINE
8
BLACK
6
CONTINUOUS
10
165.5058939999999836
20
-128.9727440000000058
11
165.6011319999999785
21
-128.8775059999999826
0
LINE
8
BLACK
6
CONTINUOUS
10
165.6011319999999785
20
-128.8775059999999826
11
165.7916079999999965
21
-128.5917919999999981
0
LINE
8
BLACK
6
CONTINUOUS
10
165.7916079999999965
20
-128.5917919999999981
11
165.8868459999999914
21
-128.40131599999998
0
LINE
8
BLACK
6
CONTINUOUS
10
165.8868459999999914
20
-128.40131599999998
11
165.9820839999999862
21
-128.1156019999999955
0
LINE
8
BLACK
6
CONTINUOUS
10
165.9820839999999862
20
-128.1156019999999955
11
166.077321999999981
21
-127.6394109999999955
0
LINE
8
BLACK
6
CONTINUOUS
10
166.077321999999981
20
-127.6394109999999955
11
166.077321999999981
21
-127.2584589999999878
0
LINE
8
BLACK
6
CONTINUOUS
10
166.077321999999981
20
-127.2584589999999878
11
165.9820839999999862
21
-126.7822679999999878
0
LINE
8
BLACK
6
CONTINUOUS
10
165.9820839999999862
20
-126.7822679999999878
11
165.8868459999999914
21
-126.4965539999999891
0
LINE
8
BLACK
6
CONTINUOUS
10
165.8868459999999914
20
-126.4965539999999891
11
165.7916079999999965
21
-126.3060779999999994
0
LINE
8
BLACK
6
CONTINUOUS
10
165.7916079999999965
20
-126.3060779999999994
11
165.6011319999999785
21
-126.020362999999989
0
LINE
8
BLACK
6
CONTINUOUS
10
165.6011319999999785
20
-126.020362999999989
11
165.5058939999999836
21
-125.9251249999999942
0
LINE
8
BLACK
6
CONTINUOUS
10
113.8505019999999917
20
-128.936002000000002
11
115.8505019999999917
21
-130.936002000000002
0
LINE
8
BLACK
6
CONTINUOUS
10
115.8505019999999917
20
-128.936002000000002
11
113.8505019999999917
21
-130.936002000000002
0
CIRCLE
8
BLACK
10
114.8505019999999917
20
-129.936002000000002
40
1.
0
LINE
8
BLACK
6
CONTINUOUS
10
118.5535079999999937
20
-130.8508400000000051
11
118.9344600000000014
21
-130.8508400000000051
0
LINE
8
BLACK
6
CONTINUOUS
10
118.9344600000000014
20
-130.8508400000000051
11
119.1249369999999885
21
-130.7556019999999819
0
LINE
8
BLACK
6
CONTINUOUS
10
119.1249369999999885
20
-130.7556019999999819
11
119.2201749999999976
21
-130.6603629999999896
0
LINE
8
BLACK
6
CONTINUOUS
10
119.2201749999999976
20
-130.6603629999999896
11
119.4106510000000014
21
-130.3746490000000051
0
LINE
8
BLACK
6
CONTINUOUS
10
119.4106510000000014
20
-130.3746490000000051
11
119.5058889999999963
21
-129.9936969999999974
0
LINE
8
BLACK
6
CONTINUOUS
10
119.5058889999999963
20
-129.9936969999999974
11
119.5058889999999963
21
-129.2317919999999845
0
LINE
8
BLACK
6
CONTINUOUS
10
119.5058889999999963
20
-129.2317919999999845
11
119.4106510000000014
21
-129.0413159999999948
0
LINE
8
BLACK
6
CONTINUOUS
10
119.4106510000000014
20
-129.0413159999999948
11
119.3154129999999924
21
-128.946078
0
LINE
8
BLACK
6
CONTINUOUS
10
119.3154129999999924
20
-128.946078
11
119.1249369999999885
21
-128.8508400000000051
0
LINE
8
BLACK
6
CONTINUOUS
10
119.1249369999999885
20
-128.8508400000000051
11
118.7439839999999975
21
-128.8508400000000051
0
LINE
8
BLACK
6
CONTINUOUS
10
118.7439839999999975
20
-128.8508400000000051
11
118.5535079999999937
21
-128.946078
0
LINE
8
BLACK
6
CONTINUOUS
10
118.5535079999999937
20
-128.946078
11
118.4582699999999988
21
-129.0413159999999948
0
LINE
8
BLACK
6
CONTINUOUS
10
118.4582699999999988
20
-129.0413159999999948
11
118.3630319999999898
21
-129.2317919999999845
0
LINE
8
BLACK
6
CONTINUOUS
10
118.3630319999999898
20
-129.2317919999999845
11
118.3630319999999898
21
-129.707981999999987
0
LINE
8
BLACK
6
CONTINUOUS
10
118.3630319999999898
20
-129.707981999999987
11
118.4582699999999988
21
-129.8984590000000026
0
LINE
8
BLACK
6
CONTINUOUS
10
118.4582699999999988
20
-129.8984590000000026
11
118.5535079999999937
21
-129.9936969999999974
0
LINE
8
BLACK
6
CONTINUOUS
10
118.5535079999999937
20
-129.9936969999999974
11
118.7439839999999975
21
-130.0889349999999922
0
LINE
8
BLACK
6
CONTINUOUS
10
118.7439839999999975
20
-130.0889349999999922
11
119.1249369999999885
21
-130.0889349999999922
0
LINE
8
BLACK
6
CONTINUOUS
10
119.1249369999999885
20
-130.0889349999999922
11
119.3154129999999924
21
-129.9936969999999974
0
LINE
8
BLACK
6
CONTINUOUS
10
119.3154129999999924
20
-129.9936969999999974
11
119.4106510000000014
21
-129.8984590000000026
0
LINE
8
BLACK
6
CONTINUOUS
10
119.4106510000000014
20
-129.8984590000000026
11
119.5058889999999963
21
-129.707981999999987
0
LINE
8
BLACK
6
CONTINUOUS
10
120.3630319999999898
20
-130.6603629999999896
11
120.4582699999999988
21
-130.7556019999999819
0
LINE
8
BLACK
6
CONTINUOUS
10
120.4582699999999988
20
-130.7556019999999819
11
120.3630319999999898
21
-130.8508400000000051
0
LINE
8
BLACK
6
CONTINUOUS
10
120.3630319999999898
20
-130.8508400000000051
11
120.267793999999995
21
-130.7556019999999819
0
LINE
8
BLACK
6
CONTINUOUS
10
120.267793999999995
20
-130.7556019999999819
11
120.3630319999999898
21
-130.6603629999999896
0
LINE
8
BLACK
6
CONTINUOUS
10
120.3630319999999898
20
-130.6603629999999896
11
120.3630319999999898
21
-130.8508400000000051
0
LINE
8
BLACK
6
CONTINUOUS
10
121.6963650000000001
20
-128.8508400000000051
11
121.8868420000000015
21
-128.8508400000000051
0
LINE
8
BLACK
6
CONTINUOUS
10
121.8868420000000015
20
-128.8508400000000051
11
122.0773179999999911
21
-128.946078
0
LINE
8
BLACK
6
CONTINUOUS
10
122.0773179999999911
20
-128.946078
11
122.1725560000000002
21
-129.0413159999999948
0
LINE
8
BLACK
6
CONTINUOUS
10
122.1725560000000002
20
-129.0413159999999948
11
122.267793999999995
21
-129.2317919999999845
0
LINE
8
BLACK
6
CONTINUOUS
10
122.267793999999995
20
-129.2317919999999845
11
122.3630319999999898
21
-129.6127439999999922
0
LINE
8
BLACK
6
CONTINUOUS
10
122.3630319999999898
20
-129.6127439999999922
11
122.3630319999999898
21
-130.0889349999999922
0
LINE
8
BLACK
6
CONTINUOUS
10
122.3630319999999898
20
-130.0889349999999922
11
122.267793999999995
21
-130.4698869999999999
0
LINE
8
BLACK
6
CONTINUOUS
10
122.267793999999995
20
-130.4698869999999999
11
122.1725560000000002
21
-130.6603629999999896
0
LINE
8
BLACK
6
CONTINUOUS
10
122.1725560000000002
20
-130.6603629999999896
11
122.0773179999999911
21
-130.7556019999999819
0
LINE
8
BLACK
6
CONTINUOUS
10
122.0773179999999911
20
-130.7556019999999819
11
121.8868420000000015
21
-130.8508400000000051
0
LINE
8
BLACK
6
CONTINUOUS
10
121.8868420000000015
20
-130.8508400000000051
11
121.6963650000000001
21
-130.8508400000000051
0
LINE
8
BLACK
6
CONTINUOUS
10
121.6963650000000001
20
-130.8508400000000051
11
121.5058889999999963
21
-130.7556019999999819
0
LINE
8
BLACK
6
CONTINUOUS
10
121.5058889999999963
20
-130.7556019999999819
11
121.4106510000000014
21
-130.6603629999999896
0
LINE
8
BLACK
6
CONTINUOUS
10
121.4106510000000014
20
-130.6603629999999896
11
121.3154129999999924
21
-130.4698869999999999
0
LINE
8
BLACK
6
CONTINUOUS
10
121.3154129999999924
20
-130.4698869999999999
11
121.2201749999999976
21
-130.0889349999999922
0
LINE
8
BLACK
6
CONTINUOUS
10
121.2201749999999976
20
-130.0889349999999922
11
121.2201749999999976
21
-129.6127439999999922
0
LINE
8
BLACK
6
CONTINUOUS
10
121.2201749999999976
20
-129.6127439999999922
11
121.3154129999999924
21
-129.2317919999999845
0
LINE
8
BLACK
6
CONTINUOUS
10
121.3154129999999924
20
-129.2317919999999845
11
121.4106510000000014
21
-129.0413159999999948
0
LINE
8
BLACK
6
CONTINUOUS
10
121.4106510000000014
20
-129.0413159999999948
11
121.5058889999999963
21
-128.946078
0
LINE
8
BLACK
6
CONTINUOUS
10
121.5058889999999963
20
-128.946078
11
121.6963650000000001
21
-128.8508400000000051
0
LINE
8
BLACK
6
CONTINUOUS
10
123.6011269999999911
20
-128.8508400000000051
11
123.7916039999999924
21
-128.8508400000000051
0
LINE
8
BLACK
6
CONTINUOUS
10
123.7916039999999924
20
-128.8508400000000051
11
123.9820799999999963
21
-128.946078
0
LINE
8
BLACK
6
CONTINUOUS
10
123.9820799999999963
20
-128.946078
11
124.0773179999999911
21
-129.0413159999999948
0
LINE
8
BLACK
6
CONTINUOUS
10
124.0773179999999911
20
-129.0413159999999948
11
124.1725560000000002
21
-129.2317919999999845
0
LINE
8
BLACK
6
CONTINUOUS
10
124.1725560000000002
20
-129.2317919999999845
11
124.267793999999995
21
-129.6127439999999922
0
LINE
8
BLACK
6
CONTINUOUS
10
124.267793999999995
20
-129.6127439999999922
11
124.267793999999995
21
-130.0889349999999922
0
LINE
8
BLACK
6
CONTINUOUS
10
124.267793999999995
20
-130.0889349999999922
11
124.1725560000000002
21
-130.4698869999999999
0
LINE
8
BLACK
6
CONTINUOUS
10
124.1725560000000002
20
-130.4698869999999999
11
124.0773179999999911
21
-130.6603629999999896
0
LINE
8
BLACK
6
CONTINUOUS
10
124.0773179999999911
20
-130.6603629999999896
11
123.9820799999999963
21
-130.7556019999999819
0
LINE
8
BLACK
6
CONTINUOUS
10
123.9820799999999963
20
-130.7556019999999819
11
123.7916039999999924
21
-130.8508400000000051
0
LINE
8
BLACK
6
CONTINUOUS
10
123.7916039999999924
20
-130.8508400000000051
11
123.6011269999999911
21
-130.8508400000000051
0
LINE
8
BLACK
6
CONTINUOUS
10
123.6011269999999911
20
-130.8508400000000051
11
123.4106510000000014
21
-130.7556019999999819
0
LINE
8
BLACK
6
CONTINUOUS
10
123.4106510000000014
20
-130.7556019999999819
11
123.3154129999999924
21
-130.6603629999999896
0
LINE
8
BLACK
6
CONTINUOUS
10
123.3154129999999924
20
-130.6603629999999896
11
123.2201749999999976
21
-130.4698869999999999
0
LINE
8
BLACK
6
CONTINUOUS
10
123.2201749999999976
20
-130.4698869999999999
11
123.1249369999999885
21
-130.0889349999999922
0
LINE
8
BLACK
6
CONTINUOUS
10
123.1249369999999885
20
-130.0889349999999922
11
123.1249369999999885
21
-129.6127439999999922
0
LINE
8
BLACK
6
CONTINUOUS
10
123.1249369999999885
20
-129.6127439999999922
11
123.2201749999999976
21
-129.2317919999999845
0
LINE
8
BLACK
6
CONTINUOUS
10
123.2201749999999976
20
-129.2317919999999845
11
123.3154129999999924
21
-129.0413159999999948
0
LINE
8
BLACK
6
CONTINUOUS
10
123.3154129999999924
20
-129.0413159999999948
11
123.4106510000000014
21
-128.946078
0
LINE
8
BLACK
6
CONTINUOUS
10
123.4106510000000014
20
-128.946078
11
123.6011269999999911
21
-128.8508400000000051
0
LINE
8
BLACK
6
CONTINUOUS
10
125.5058889999999963
20
-128.8508400000000051
11
125.6963659999999976
21
-128.8508400000000051
0
LINE
8
BLACK
6
CONTINUOUS
10
125.6963659999999976
20
-128.8508400000000051
11
125.8868419999999873
21
-128.946078
0
LINE
8
BLACK
6
CONTINUOUS
10
125.8868419999999873
20
-128.946078
11
125.9820799999999963
21
-129.0413159999999948
0
LINE
8
BLACK
6
CONTINUOUS
10
125.9820799999999963
20
-129.0413159999999948
11
126.0773179999999911
21
-129.2317919999999845
0
LINE
8
BLACK
6
CONTINUOUS
10
126.0773179999999911
20
-129.2317919999999845
11
126.1725560000000002
21
-129.6127439999999922
0
LINE
8
BLACK
6
CONTINUOUS
10
126.1725560000000002
20
-129.6127439999999922
11
126.1725560000000002
21
-130.0889349999999922
0
LINE
8
BLACK
6
CONTINUOUS
10
126.1725560000000002
20
-130.0889349999999922
11
126.0773179999999911
21
-130.4698869999999999
0
LINE
8
BLACK
6
CONTINUOUS
10
126.0773179999999911
20
-130.4698869999999999
11
125.9820799999999963
21
-130.6603629999999896
0
LINE
8
BLACK
6
CONTINUOUS
10
125.9820799999999963
20
-130.6603629999999896
11
125.8868419999999873
21
-130.7556019999999819
0
LINE
8
BLACK
6
CONTINUOUS
10
125.8868419999999873
20
-130.7556019999999819
11
125.6963659999999976
21
-130.8508400000000051
0
LINE
8
BLACK
6
CONTINUOUS
10
125.6963659999999976
20
-130.8508400000000051
11
125.5058889999999963
21
-130.8508400000000051
0
LINE
8
BLACK
6
CONTINUOUS
10
125.5058889999999963
20
-130.8508400000000051
11
125.3154129999999924
21
-130.7556019999999819
0
LINE
8
BLACK
6
CONTINUOUS
10
125.3154129999999924
20
-130.7556019999999819
11
125.2201749999999976
21
-130.6603629999999896
0
LINE
8
BLACK
6
CONTINUOUS
10
125.2201749999999976
20
-130.6603629999999896
11
125.1249369999999885
21
-130.4698869999999999
0
LINE
8
BLACK
6
CONTINUOUS
10
125.1249369999999885
20
-130.4698869999999999
11
125.0296989999999937
21
-130.0889349999999922
0
LINE
8
BLACK
6
CONTINUOUS
10
125.0296989999999937
20
-130.0889349999999922
11
125.0296989999999937
21
-129.6127439999999922
0
LINE
8
BLACK
6
CONTINUOUS
10
125.0296989999999937
20
-129.6127439999999922
11
125.1249369999999885
21
-129.2317919999999845
0
LINE
8
BLACK
6
CONTINUOUS
10
125.1249369999999885
20
-129.2317919999999845
11
125.2201749999999976
21
-129.0413159999999948
0
LINE
8
BLACK
6
CONTINUOUS
10
125.2201749999999976
20
-129.0413159999999948
11
125.3154129999999924
21
-128.946078
0
LINE
8
BLACK
6
CONTINUOUS
10
125.3154129999999924
20
-128.946078
11
125.5058889999999963
21
-128.8508400000000051
0
LINE
8
BLACK
6
CONTINUOUS
10
127.0296989999999937
20
-130.8508400000000051
11
127.0296989999999937
21
-129.5175059999999974
0
LINE
8
BLACK
6
CONTINUOUS
10
127.0296989999999937
20
-129.707981999999987
11
127.1249369999999885
21
-129.6127439999999922
0
LINE
8
BLACK
6
CONTINUOUS
10
127.1249369999999885
20
-129.6127439999999922
11
127.3154129999999924
21
-129.5175059999999974
0
LINE
8
BLACK
6
CONTINUOUS
10
127.3154129999999924
20
-129.5175059999999974
11
127.6011279999999886
21
-129.5175059999999974
0
LINE
8
BLACK
6
CONTINUOUS
10
127.6011279999999886
20
-129.5175059999999974
11
127.7916039999999924
21
-129.6127439999999922
0
LINE
8
BLACK
6
CONTINUOUS
10
127.7916039999999924
20
-129.6127439999999922
11
127.8868419999999873
21
-129.8032210000000077
0
LINE
8
BLACK
6
CONTINUOUS
10
127.8868419999999873
20
-129.8032210000000077
11
127.8868419999999873
21
-130.8508400000000051
0
LINE
8
BLACK
6
CONTINUOUS
10
127.8868419999999873
20
-129.8032210000000077
11
127.9820799999999963
21
-129.6127439999999922
0
LINE
8
BLACK
6
CONTINUOUS
10
127.9820799999999963
20
-129.6127439999999922
11
128.1725559999999859
21
-129.5175059999999974
0
LINE
8
BLACK
6
CONTINUOUS
10
128.1725559999999859
20
-129.5175059999999974
11
128.4582699999999988
21
-129.5175059999999974
0
LINE
8
BLACK
6
CONTINUOUS
10
128.4582699999999988
20
-129.5175059999999974
11
128.648746999999986
21
-129.6127439999999922
0
LINE
8
BLACK
6
CONTINUOUS
10
128.648746999999986
20
-129.6127439999999922
11
128.7439849999999808
21
-129.8032210000000077
0
LINE
8
BLACK
6
CONTINUOUS
10
128.7439849999999808
20
-129.8032210000000077
11
128.7439849999999808
21
-130.8508400000000051
0
LINE
8
BLACK
6
CONTINUOUS
10
129.6963659999999834
20
-130.8508400000000051
11
129.6963659999999834
21
-129.5175059999999974
0
LINE
8
BLACK
6
CONTINUOUS
10
129.6963659999999834
20
-129.707981999999987
11
129.7916040000000066
21
-129.6127439999999922
0
LINE
8
BLACK
6
CONTINUOUS
10
129.7916040000000066
20
-129.6127439999999922
11
129.9820799999999963
21
-129.5175059999999974
0
LINE
8
BLACK
6
CONTINUOUS
10
129.9820799999999963
20
-129.5175059999999974
11
130.2677950000000067
21
-129.5175059999999974
0
LINE
8
BLACK
6
CONTINUOUS
10
130.2677950000000067
20
-129.5175059999999974
11
130.4582709999999963
21
-129.6127439999999922
0
LINE
8
BLACK
6
CONTINUOUS
10
130.4582709999999963
20
-129.6127439999999922
11
130.5535089999999911
21
-129.8032210000000077
0
LINE
8
BLACK
6
CONTINUOUS
10
130.5535089999999911
20
-129.8032210000000077
11
130.5535089999999911
21
-130.8508400000000051
0
LINE
8
BLACK
6
CONTINUOUS
10
130.5535089999999911
20
-129.8032210000000077
11
130.648746999999986
21
-129.6127439999999922
0
LINE
8
BLACK
6
CONTINUOUS
10
130.648746999999986
20
-129.6127439999999922
11
130.839223000000004
21
-129.5175059999999974
0
LINE
8
BLACK
6
CONTINUOUS
10
130.839223000000004
20
-129.5175059999999974
11
131.1249369999999885
21
-129.5175059999999974
0
LINE
8
BLACK
6
CONTINUOUS
10
131.1249369999999885
20
-129.5175059999999974
11
131.3154140000000041
21
-129.6127439999999922
0
LINE
8
BLACK
6
CONTINUOUS
10
131.3154140000000041
20
-129.6127439999999922
11
131.4106519999999989
21
-129.8032210000000077
0
LINE
8
BLACK
6
CONTINUOUS
10
131.4106519999999989
20
-129.8032210000000077
11
131.4106519999999989
21
-130.8508400000000051
0
LINE
8
BLACK
6
CONTINUOUS
10
135.3154140000000041
20
-128.7556019999999819
11
133.601128999999986
21
-131.3270300000000077
0
LINE
8
BLACK
6
CONTINUOUS
10
137.8868429999999989
20
-128.8508400000000051
11
138.0773199999999861
21
-128.8508400000000051
0
LINE
8
BLACK
6
CONTINUOUS
10
138.0773199999999861
20
-128.8508400000000051
11
138.2677960000000041
21
-128.946078
0
LINE
8
BLACK
6
CONTINUOUS
10
138.2677960000000041
20
-128.946078
11
138.363033999999999
21
-129.0413159999999948
0
LINE
8
BLACK
6
CONTINUOUS
10
138.363033999999999
20
-129.0413159999999948
11
138.4582719999999938
21
-129.2317919999999845
0
LINE
8
BLACK
6
CONTINUOUS
10
138.4582719999999938
20
-129.2317919999999845
11
138.5535099999999886
21
-129.6127439999999922
0
LINE
8
BLACK
6
CONTINUOUS
10
138.5535099999999886
20
-129.6127439999999922
11
138.5535099999999886
21
-130.0889349999999922
0
LINE
8
BLACK
6
CONTINUOUS
10
138.5535099999999886
20
-130.0889349999999922
11
138.4582719999999938
21
-130.4698869999999999
0
LINE
8
BLACK
6
CONTINUOUS
10
138.4582719999999938
20
-130.4698869999999999
11
138.363033999999999
21
-130.6603629999999896
0
LINE
8
BLACK
6
CONTINUOUS
10
138.363033999999999
20
-130.6603629999999896
11
138.2677960000000041
21
-130.7556019999999819
0
LINE
8
BLACK
6
CONTINUOUS
10
138.2677960000000041
20
-130.7556019999999819
11
138.0773199999999861
21
-130.8508400000000051
0
LINE
8
BLACK
6
CONTINUOUS
10
138.0773199999999861
20
-130.8508400000000051
11
137.8868429999999989
21
-130.8508400000000051
0
LINE
8
BLACK
6
CONTINUOUS
10
137.8868429999999989
20
-130.8508400000000051
11
137.6963669999999809
21
-130.7556019999999819
0
LINE
8
BLACK
6
CONTINUOUS
10
137.6963669999999809
20
-130.7556019999999819
11
137.601128999999986
21
-130.6603629999999896
0
LINE
8
BLACK
6
CONTINUOUS
10
137.601128999999986
20
-130.6603629999999896
11
137.5058909999999912
21
-130.4698869999999999
0
LINE
8
BLACK
6
CONTINUOUS
10
137.5058909999999912
20
-130.4698869999999999
11
137.4106529999999964
21
-130.0889349999999922
0
LINE
8
BLACK
6
CONTINUOUS
10
137.4106529999999964
20
-130.0889349999999922
11
137.4106529999999964
21
-129.6127439999999922
0
LINE
8
BLACK
6
CONTINUOUS
10
137.4106529999999964
20
-129.6127439999999922
11
137.5058909999999912
21
-129.2317919999999845
0
LINE
8
BLACK
6
CONTINUOUS
10
137.5058909999999912
20
-129.2317919999999845
11
137.601128999999986
21
-129.0413159999999948
0
LINE
8
BLACK
6
CONTINUOUS
10
137.601128999999986
20
-129.0413159999999948
11
137.6963669999999809
21
-128.946078
0
LINE
8
BLACK
6
CONTINUOUS
10
137.6963669999999809
20
-128.946078
11
137.8868429999999989
21
-128.8508400000000051
0
LINE
8
BLACK
6
CONTINUOUS
10
139.4106529999999964
20
-130.6603629999999896
11
139.5058909999999912
21
-130.7556019999999819
0
LINE
8
BLACK
6
CONTINUOUS
10
139.5058909999999912
20
-130.7556019999999819
11
139.4106529999999964
21
-130.8508400000000051
0
LINE
8
BLACK
6
CONTINUOUS
10
139.4106529999999964
20
-130.8508400000000051
11
139.3154150000000016
21
-130.7556019999999819
0
LINE
8
BLACK
6
CONTINUOUS
10
139.3154150000000016
20
-130.7556019999999819
11
139.4106529999999964
21
-130.6603629999999896
0
LINE
8
BLACK
6
CONTINUOUS
10
139.4106529999999964
20
-130.6603629999999896
11
139.4106529999999964
21
-130.8508400000000051
0
LINE
8
BLACK
6
CONTINUOUS
10
140.1725579999999809
20
-128.8508400000000051
11
141.4106529999999964
21
-128.8508400000000051
0
LINE
8
BLACK
6
CONTINUOUS
10
141.4106529999999964
20
-128.8508400000000051
11
140.7439860000000067
21
-129.6127439999999922
0
LINE
8
BLACK
6
CONTINUOUS
10
140.7439860000000067
20
-129.6127439999999922
11
141.0297009999999887
21
-129.6127439999999922
0
LINE
8
BLACK
6
CONTINUOUS
10
141.0297009999999887
20
-129.6127439999999922
11
141.2201770000000067
21
-129.707981999999987
0
LINE
8
BLACK
6
CONTINUOUS
10
141.2201770000000067
20
-129.707981999999987
11
141.3154150000000016
21
-129.8032210000000077
0
LINE
8
BLACK
6
CONTINUOUS
10
141.3154150000000016
20
-129.8032210000000077
11
141.4106529999999964
21
-129.9936969999999974
0
LINE
8
BLACK
6
CONTINUOUS
10
141.4106529999999964
20
-129.9936969999999974
11
141.4106529999999964
21
-130.4698869999999999
0
LINE
8
BLACK
6
CONTINUOUS
10
141.4106529999999964
20
-130.4698869999999999
11
141.3154150000000016
21
-130.6603629999999896
0
LINE
8
BLACK
6
CONTINUOUS
10
141.3154150000000016
20
-130.6603629999999896
11
141.2201770000000067
21
-130.7556019999999819
0
LINE
8
BLACK
6
CONTINUOUS
10
141.2201770000000067
20
-130.7556019999999819
11
141.0297009999999887
21
-130.8508400000000051
0
LINE
8
BLACK
6
CONTINUOUS
10
141.0297009999999887
20
-130.8508400000000051
11
140.4582719999999938
21
-130.8508400000000051
0
LINE
8
BLACK
6
CONTINUOUS
10
140.4582719999999938
20
-130.8508400000000051
11
140.2677960000000041
21
-130.7556019999999819
0
LINE
8
BLACK
6
CONTINUOUS
10
140.2677960000000041
20
-130.7556019999999819
11
140.1725579999999809
21
-130.6603629999999896
0
LINE
8
BLACK
6
CONTINUOUS
10
143.2201770000000067
20
-128.8508400000000051
11
142.2677960000000041
21
-128.8508400000000051
0
LINE
8
BLACK
6
CONTINUOUS
10
142.2677960000000041
20
-128.8508400000000051
11
142.1725579999999809
21
-129.8032210000000077
0
LINE
8
BLACK
6
CONTINUOUS
10
142.1725579999999809
20
-129.8032210000000077
11
142.2677960000000041
21
-129.707981999999987
0
LINE
8
BLACK
6
CONTINUOUS
10
142.2677960000000041
20
-129.707981999999987
11
142.4582719999999938
21
-129.6127439999999922
0
LINE
8
BLACK
6
CONTINUOUS
10
142.4582719999999938
20
-129.6127439999999922
11
142.9344629999999938
21
-129.6127439999999922
0
LINE
8
BLACK
6
CONTINUOUS
10
142.9344629999999938
20
-129.6127439999999922
11
143.1249389999999835
21
-129.707981999999987
0
LINE
8
BLACK
6
CONTINUOUS
10
143.1249389999999835
20
-129.707981999999987
11
143.2201770000000067
21
-129.8032210000000077
0
LINE
8
BLACK
6
CONTINUOUS
10
143.2201770000000067
20
-129.8032210000000077
11
143.3154150000000016
21
-129.9936969999999974
0
LINE
8
BLACK
6
CONTINUOUS
10
143.3154150000000016
20
-129.9936969999999974
11
143.3154150000000016
21
-130.4698869999999999
0
LINE
8
BLACK
6
CONTINUOUS
10
143.3154150000000016
20
-130.4698869999999999
11
143.2201770000000067
21
-130.6603629999999896
0
LINE
8
BLACK
6
CONTINUOUS
10
143.2201770000000067
20
-130.6603629999999896
11
143.1249389999999835
21
-130.7556019999999819
0
LINE
8
BLACK
6
CONTINUOUS
10
143.1249389999999835
20
-130.7556019999999819
11
142.9344629999999938
21
-130.8508400000000051
0
LINE
8
BLACK
6
CONTINUOUS
10
142.9344629999999938
20
-130.8508400000000051
11
142.4582719999999938
21
-130.8508400000000051
0
LINE
8
BLACK
6
CONTINUOUS
10
142.4582719999999938
20
-130.8508400000000051
11
142.2677960000000041
21
-130.7556019999999819
0
LINE
8
BLACK
6
CONTINUOUS
10
142.2677960000000041
20
-130.7556019999999819
11
142.1725579999999809
21
-130.6603629999999896
0
LINE
8
BLACK
6
CONTINUOUS
10
145.0297009999999887
20
-129.5175059999999974
11
145.0297009999999887
21
-130.8508400000000051
0
LINE
8
BLACK
6
CONTINUOUS
10
144.5535099999999886
20
-128.7556019999999819
11
144.0773199999999861
21
-130.184172999999987
0
LINE
8
BLACK
6
CONTINUOUS
10
144.0773199999999861
20
-130.184172999999987
11
145.3154150000000016
21
-130.184172999999987
0
LINE
8
BLACK
6
CONTINUOUS
10
145.8868439999999964
20
-128.8508400000000051
11
147.1249389999999835
21
-128.8508400000000051
0
LINE
8
BLACK
6
CONTINUOUS
10
147.1249389999999835
20
-128.8508400000000051
11
146.4582719999999938
21
-129.6127439999999922
0
LINE
8
BLACK
6
CONTINUOUS
10
146.4582719999999938
20
-129.6127439999999922
11
146.7439870000000042
21
-129.6127439999999922
0
LINE
8
BLACK
6
CONTINUOUS
10
146.7439870000000042
20
-129.6127439999999922
11
146.9344629999999938
21
-129.707981999999987
0
LINE
8
BLACK
6
CONTINUOUS
10
146.9344629999999938
20
-129.707981999999987
11
147.0297009999999887
21
-129.8032210000000077
0
LINE
8
BLACK
6
CONTINUOUS
10
147.0297009999999887
20
-129.8032210000000077
11
147.1249389999999835
21
-129.9936969999999974
0
LINE
8
BLACK
6
CONTINUOUS
10
147.1249389999999835
20
-129.9936969999999974
11
147.1249389999999835
21
-130.4698869999999999
0
LINE
8
BLACK
6
CONTINUOUS
10
147.1249389999999835
20
-130.4698869999999999
11
147.0297009999999887
21
-130.6603629999999896
0
LINE
8
BLACK
6
CONTINUOUS
10
147.0297009999999887
20
-130.6603629999999896
11
146.9344629999999938
21
-130.7556019999999819
0
LINE
8
BLACK
6
CONTINUOUS
10
146.9344629999999938
20
-130.7556019999999819
11
146.7439870000000042
21
-130.8508400000000051
0
LINE
8
BLACK
6
CONTINUOUS
10
146.7439870000000042
20
-130.8508400000000051
11
146.1725579999999809
21
-130.8508400000000051
0
LINE
8
BLACK
6
CONTINUOUS
10
146.1725579999999809
20
-130.8508400000000051
11
145.9820819999999912
21
-130.7556019999999819
0
LINE
8
BLACK
6
CONTINUOUS
10
145.9820819999999912
20
-130.7556019999999819
11
145.8868439999999964
21
-130.6603629999999896
0
LINE
8
BLACK
6
CONTINUOUS
10
147.8868439999999964
20
-128.8508400000000051
11
147.8868439999999964
21
-129.2317919999999845
0
LINE
8
BLACK
6
CONTINUOUS
10
148.6487489999999809
20
-128.8508400000000051
11
148.6487489999999809
21
-129.2317919999999845
0
LINE
8
BLACK
6
CONTINUOUS
10
151.601130999999981
20
-131.6127439999999922
11
151.5058919999999887
21
-131.5175059999999974
0
LINE
8
BLACK
6
CONTINUOUS
10
151.5058919999999887
20
-131.5175059999999974
11
151.315415999999999
21
-131.2317919999999845
0
LINE
8
BLACK
6
CONTINUOUS
10
151.315415999999999
20
-131.2317919999999845
11
151.2201780000000042
21
-131.0413159999999948
0
LINE
8
BLACK
6
CONTINUOUS
10
151.2201780000000042
20
-131.0413159999999948
11
151.124939999999981
21
-130.7556019999999819
0
LINE
8
BLACK
6
CONTINUOUS
10
151.124939999999981
20
-130.7556019999999819
11
151.0297019999999861
21
-130.2794109999999819
0
LINE
8
BLACK
6
CONTINUOUS
10
151.0297019999999861
20
-130.2794109999999819
11
151.0297019999999861
21
-129.8984590000000026
0
LINE
8
BLACK
6
CONTINUOUS
10
151.0297019999999861
20
-129.8984590000000026
11
151.124939999999981
21
-129.4222680000000025
0
LINE
8
BLACK
6
CONTINUOUS
10
151.124939999999981
20
-129.4222680000000025
11
151.2201780000000042
21
-129.1365539999999896
0
LINE
8
BLACK
6
CONTINUOUS
10
151.2201780000000042
20
-129.1365539999999896
11
151.315415999999999
21
-128.946078
0
LINE
8
BLACK
6
CONTINUOUS
10
151.315415999999999
20
-128.946078
11
151.5058919999999887
21
-128.6603629999999896
0
LINE
8
BLACK
6
CONTINUOUS
10
151.5058919999999887
20
-128.6603629999999896
11
151.601130999999981
21
-128.5651249999999948
0
LINE
8
BLACK
6
CONTINUOUS
10
152.1725590000000068
20
-128.8508400000000051
11
153.4106539999999939
21
-128.8508400000000051
0
LINE
8
BLACK
6
CONTINUOUS
10
153.4106539999999939
20
-128.8508400000000051
11
152.7439870000000042
21
-129.6127439999999922
0
LINE
8
BLACK
6
CONTINUOUS
10
152.7439870000000042
20
-129.6127439999999922
11
153.0297019999999861
21
-129.6127439999999922
0
LINE
8
BLACK
6
CONTINUOUS
10
153.0297019999999861
20
-129.6127439999999922
11
153.2201780000000042
21
-129.707981999999987
0
LINE
8
BLACK
6
CONTINUOUS
10
153.2201780000000042
20
-129.707981999999987
11
153.315415999999999
21
-129.8032210000000077
0
LINE
8
BLACK
6
CONTINUOUS
10
153.315415999999999
20
-129.8032210000000077
11
153.4106539999999939
21
-129.9936969999999974
0
LINE
8
BLACK
6
CONTINUOUS
10
153.4106539999999939
20
-129.9936969999999974
11
153.4106539999999939
21
-130.4698869999999999
0
LINE
8
BLACK
6
CONTINUOUS
10
153.4106539999999939
20
-130.4698869999999999
11
153.315415999999999
21
-130.6603629999999896
0
LINE
8
BLACK
6
CONTINUOUS
10
153.315415999999999
20
-130.6603629999999896
11
153.2201780000000042
21
-130.7556019999999819
0
LINE
8
BLACK
6
CONTINUOUS
10
153.2201780000000042
20
-130.7556019999999819
11
153.0297019999999861
21
-130.8508400000000051
0
LINE
8
BLACK
6
CONTINUOUS
10
153.0297019999999861
20
-130.8508400000000051
11
152.4582729999999913
21
-130.8508400000000051
0
LINE
8
BLACK
6
CONTINUOUS
10
152.4582729999999913
20
-130.8508400000000051
11
152.2677970000000016
21
-130.7556019999999819
0
LINE
8
BLACK
6
CONTINUOUS
10
152.2677970000000016
20
-130.7556019999999819
11
152.1725590000000068
21
-130.6603629999999896
0
LINE
8
BLACK
6
CONTINUOUS
10
155.7916069999999991
20
-130.8508400000000051
11
155.7916069999999991
21
-128.8508400000000051
0
LINE
8
BLACK
6
CONTINUOUS
10
156.6487500000000068
20
-130.8508400000000051
11
156.6487500000000068
21
-129.8032210000000077
0
LINE
8
BLACK
6
CONTINUOUS
10
156.6487500000000068
20
-129.8032210000000077
11
156.5535119999999836
21
-129.6127439999999922
0
LINE
8
BLACK
6
CONTINUOUS
10
156.5535119999999836
20
-129.6127439999999922
11
156.3630359999999939
21
-129.5175059999999974
0
LINE
8
BLACK
6
CONTINUOUS
10
156.3630359999999939
20
-129.5175059999999974
11
156.0773209999999835
21
-129.5175059999999974
0
LINE
8
BLACK
6
CONTINUOUS
10
156.0773209999999835
20
-129.5175059999999974
11
155.8868449999999939
21
-129.6127439999999922
0
LINE
8
BLACK
6
CONTINUOUS
10
155.8868449999999939
20
-129.6127439999999922
11
155.7916069999999991
21
-129.707981999999987
0
LINE
8
BLACK
6
CONTINUOUS
10
157.8868449999999939
20
-130.8508400000000051
11
157.6963690000000042
21
-130.7556019999999819
0
LINE
8
BLACK
6
CONTINUOUS
10
157.6963690000000042
20
-130.7556019999999819
11
157.601130999999981
21
-130.6603629999999896
0
LINE
8
BLACK
6
CONTINUOUS
10
157.601130999999981
20
-130.6603629999999896
11
157.5058929999999862
21
-130.4698869999999999
0
LINE
8
BLACK
6
CONTINUOUS
10
157.5058929999999862
20
-130.4698869999999999
11
157.5058929999999862
21
-129.8984590000000026
0
LINE
8
BLACK
6
CONTINUOUS
10
157.5058929999999862
20
-129.8984590000000026
11
157.601130999999981
21
-129.707981999999987
0
LINE
8
BLACK
6
CONTINUOUS
10
157.601130999999981
20
-129.707981999999987
11
157.6963690000000042
21
-129.6127439999999922
0
LINE
8
BLACK
6
CONTINUOUS
10
157.6963690000000042
20
-129.6127439999999922
11
157.8868449999999939
21
-129.5175059999999974
0
LINE
8
BLACK
6
CONTINUOUS
10
157.8868449999999939
20
-129.5175059999999974
11
158.1725600000000043
21
-129.5175059999999974
0
LINE
8
BLACK
6
CONTINUOUS
10
158.1725600000000043
20
-129.5175059999999974
11
158.3630359999999939
21
-129.6127439999999922
0
LINE
8
BLACK
6
CONTINUOUS
10
158.3630359999999939
20
-129.6127439999999922
11
158.4582739999999887
21
-129.707981999999987
0
LINE
8
BLACK
6
CONTINUOUS
10
158.4582739999999887
20
-129.707981999999987
11
158.5535119999999836
21
-129.8984590000000026
0
LINE
8
BLACK
6
CONTINUOUS
10
158.5535119999999836
20
-129.8984590000000026
11
158.5535119999999836
21
-130.4698869999999999
0
LINE
8
BLACK
6
CONTINUOUS
10
158.5535119999999836
20
-130.4698869999999999
11
158.4582739999999887
21
-130.6603629999999896
0
LINE
8
BLACK
6
CONTINUOUS
10
158.4582739999999887
20
-130.6603629999999896
11
158.3630359999999939
21
-130.7556019999999819
0
LINE
8
BLACK
6
CONTINUOUS
10
158.3630359999999939
20
-130.7556019999999819
11
158.1725600000000043
21
-130.8508400000000051
0
LINE
8
BLACK
6
CONTINUOUS
10
158.1725600000000043
20
-130.8508400000000051
11
157.8868449999999939
21
-130.8508400000000051
0
LINE
8
BLACK
6
CONTINUOUS
10
159.6963690000000042
20
-130.8508400000000051
11
159.5058929999999862
21
-130.7556019999999819
0
LINE
8
BLACK
6
CONTINUOUS
10
159.5058929999999862
20
-130.7556019999999819
11
159.4106549999999913
21
-130.5651249999999948
0
LINE
8
BLACK
6
CONTINUOUS
10
159.4106549999999913
20
-130.5651249999999948
11
159.4106549999999913
21
-128.8508400000000051
0
LINE
8
BLACK
6
CONTINUOUS
10
161.2201790000000017
20
-130.7556019999999819
11
161.0297029999999836
21
-130.8508400000000051
0
LINE
8
BLACK
6
CONTINUOUS
10
161.0297029999999836
20
-130.8508400000000051
11
160.6487500000000068
21
-130.8508400000000051
0
LINE
8
BLACK
6
CONTINUOUS
10
160.6487500000000068
20
-130.8508400000000051
11
160.4582739999999887
21
-130.7556019999999819
0
LINE
8
BLACK
6
CONTINUOUS
10
160.4582739999999887
20
-130.7556019999999819
11
160.3630359999999939
21
-130.5651249999999948
0
LINE
8
BLACK
6
CONTINUOUS
10
160.3630359999999939
20
-130.5651249999999948
11
160.3630359999999939
21
-129.8032210000000077
0
LINE
8
BLACK
6
CONTINUOUS
10
160.3630359999999939
20
-129.8032210000000077
11
160.4582739999999887
21
-129.6127439999999922
0
LINE
8
BLACK
6
CONTINUOUS
10
160.4582739999999887
20
-129.6127439999999922
11
160.6487500000000068
21
-129.5175059999999974
0
LINE
8
BLACK
6
CONTINUOUS
10
160.6487500000000068
20
-129.5175059999999974
11
161.0297029999999836
21
-129.5175059999999974
0
LINE
8
BLACK
6
CONTINUOUS
10
161.0297029999999836
20
-129.5175059999999974
11
161.2201790000000017
21
-129.6127439999999922
0
LINE
8
BLACK
6
CONTINUOUS
10
161.2201790000000017
20
-129.6127439999999922
11
161.3154169999999965
21
-129.8032210000000077
0
LINE
8
BLACK
6
CONTINUOUS
10
161.3154169999999965
20
-129.8032210000000077
11
161.3154169999999965
21
-129.9936969999999974
0
LINE
8
BLACK
6
CONTINUOUS
10
161.3154169999999965
20
-129.9936969999999974
11
160.3630359999999939
21
-130.184172999999987
0
LINE
8
BLACK
6
CONTINUOUS
10
162.077321999999981
20
-130.7556019999999819
11
162.2677979999999991
21
-130.8508400000000051
0
LINE
8
BLACK
6
CONTINUOUS
10
162.2677979999999991
20
-130.8508400000000051
11
162.6487500000000068
21
-130.8508400000000051
0
LINE
8
BLACK
6
CONTINUOUS
10
162.6487500000000068
20
-130.8508400000000051
11
162.839226999999994
21
-130.7556019999999819
0
LINE
8
BLACK
6
CONTINUOUS
10
162.839226999999994
20
-130.7556019999999819
11
162.9344649999999888
21
-130.5651249999999948
0
LINE
8
BLACK
6
CONTINUOUS
10
162.9344649999999888
20
-130.5651249999999948
11
162.9344649999999888
21
-130.4698869999999999
0
LINE
8
BLACK
6
CONTINUOUS
10
162.9344649999999888
20
-130.4698869999999999
11
162.839226999999994
21
-130.2794109999999819
0
LINE
8
BLACK
6
CONTINUOUS
10
162.839226999999994
20
-130.2794109999999819
11
162.6487500000000068
21
-130.184172999999987
0
LINE
8
BLACK
6
CONTINUOUS
10
162.6487500000000068
20
-130.184172999999987
11
162.3630359999999939
21
-130.184172999999987
0
LINE
8
BLACK
6
CONTINUOUS
10
162.3630359999999939
20
-130.184172999999987
11
162.1725600000000043
21
-130.0889349999999922
0
LINE
8
BLACK
6
CONTINUOUS
10
162.1725600000000043
20
-130.0889349999999922
11
162.077321999999981
21
-129.8984590000000026
0
LINE
8
BLACK
6
CONTINUOUS
10
162.077321999999981
20
-129.8984590000000026
11
162.077321999999981
21
-129.8032210000000077
0
LINE
8
BLACK
6
CONTINUOUS
10
162.077321999999981
20
-129.8032210000000077
11
162.1725600000000043
21
-129.6127439999999922
0
LINE
8
BLACK
6
CONTINUOUS
10
162.1725600000000043
20
-129.6127439999999922
11
162.3630359999999939
21
-129.5175059999999974
0
LINE
8
BLACK
6
CONTINUOUS
10
162.3630359999999939
20
-129.5175059999999974
11
162.6487500000000068
21
-129.5175059999999974
0
LINE
8
BLACK
6
CONTINUOUS
10
162.6487500000000068
20
-129.5175059999999974
11
162.839226999999994
21
-129.6127439999999922
0
LINE
8
BLACK
6
CONTINUOUS
10
163.6011319999999785
20
-131.6127439999999922
11
163.6963700000000017
21
-131.5175059999999974
0
LINE
8
BLACK
6
CONTINUOUS
10
163.6963700000000017
20
-131.5175059999999974
11
163.8868459999999914
21
-131.2317919999999845
0
LINE
8
BLACK
6
CONTINUOUS
10
163.8868459999999914
20
-131.2317919999999845
11
163.9820839999999862
21
-131.0413159999999948
0
LINE
8
BLACK
6
CONTINUOUS
10
163.9820839999999862
20
-131.0413159999999948
11
164.077321999999981
21
-130.7556019999999819
0
LINE
8
BLACK
6
CONTINUOUS
10
164.077321999999981
20
-130.7556019999999819
11
164.1725600000000043
21
-130.2794109999999819
0
LINE
8
BLACK
6
CONTINUOUS
10
164.1725600000000043
20
-130.2794109999999819
11
164.1725600000000043
21
-129.8984590000000026
0
LINE
8
BLACK
6
CONTINUOUS
10
164.1725600000000043
20
-129.8984590000000026
11
164.077321999999981
21
-129.4222680000000025
0
LINE
8
BLACK
6
CONTINUOUS
10
164.077321999999981
20
-129.4222680000000025
11
163.9820839999999862
21
-129.1365539999999896
0
LINE
8
BLACK
6
CONTINUOUS
10
163.9820839999999862
20
-129.1365539999999896
11
163.8868459999999914
21
-128.946078
0
LINE
8
BLACK
6
CONTINUOUS
10
163.8868459999999914
20
-128.946078
11
163.6963700000000017
21
-128.6603629999999896
0
LINE
8
BLACK
6
CONTINUOUS
10
163.6963700000000017
20
-128.6603629999999896
11
163.6011319999999785
21
-128.5651249999999948
0
LINE
8
BLACK
6
CONTINUOUS
10
167.2201799999999992
20
-131.6127439999999922
11
167.1249409999999784
21
-131.5175059999999974
0
LINE
8
BLACK
6
CONTINUOUS
10
167.1249409999999784
20
-131.5175059999999974
11
166.9344649999999888
21
-131.2317919999999845
0
LINE
8
BLACK
6
CONTINUOUS
10
166.9344649999999888
20
-131.2317919999999845
11
166.839226999999994
21
-131.0413159999999948
0
LINE
8
BLACK
6
CONTINUOUS
10
166.839226999999994
20
-131.0413159999999948
11
166.7439889999999991
21
-130.7556019999999819
0
LINE
8
BLACK
6
CONTINUOUS
10
166.7439889999999991
20
-130.7556019999999819
11
166.6487510000000043
21
-130.2794109999999819
0
LINE
8
BLACK
6
CONTINUOUS
10
166.6487510000000043
20
-130.2794109999999819
11
166.6487510000000043
21
-129.8984590000000026
0
LINE
8
BLACK
6
CONTINUOUS
10
166.6487510000000043
20
-129.8984590000000026
11
166.7439889999999991
21
-129.4222680000000025
0
LINE
8
BLACK
6
CONTINUOUS
10
166.7439889999999991
20
-129.4222680000000025
11
166.839226999999994
21
-129.1365539999999896
0
LINE
8
BLACK
6
CONTINUOUS
10
166.839226999999994
20
-129.1365539999999896
11
166.9344649999999888
21
-128.946078
0
LINE
8
BLACK
6
CONTINUOUS
10
166.9344649999999888
20
-128.946078
11
167.1249409999999784
21
-128.6603629999999896
0
LINE
8
BLACK
6
CONTINUOUS
10
167.1249409999999784
20
-128.6603629999999896
11
167.2201799999999992
21
-128.5651249999999948
0
LINE
8
BLACK
6
CONTINUOUS
10
167.9820839999999862
20
-129.5175059999999974
11
167.9820839999999862
21
-130.8508400000000051
0
LINE
8
BLACK
6
CONTINUOUS
10
167.9820839999999862
20
-129.707981999999987
11
168.077321999999981
21
-129.6127439999999922
0
LINE
8
BLACK
6
CONTINUOUS
10
168.077321999999981
20
-129.6127439999999922
11
168.2677979999999991
21
-129.5175059999999974
0
LINE
8
BLACK
6
CONTINUOUS
10
168.2677979999999991
20
-129.5175059999999974
11
168.553512999999981
21
-129.5175059999999974
0
LINE
8
BLACK
6
CONTINUOUS
10
168.553512999999981
20
-129.5175059999999974
11
168.7439889999999991
21
-129.6127439999999922
0
LINE
8
BLACK
6
CONTINUOUS
10
168.7439889999999991
20
-129.6127439999999922
11
168.839226999999994
21
-129.8032210000000077
0
LINE
8
BLACK
6
CONTINUOUS
10
168.839226999999994
20
-129.8032210000000077
11
168.839226999999994
21
-130.8508400000000051
0
LINE
8
BLACK
6
CONTINUOUS
10
170.077321999999981
20
-130.8508400000000051
11
169.8868459999999914
21
-130.7556019999999819
0
LINE
8
BLACK
6
CONTINUOUS
10
169.8868459999999914
20
-130.7556019999999819
11
169.7916079999999965
21
-130.6603629999999896
0
LINE
8
BLACK
6
CONTINUOUS
10
169.7916079999999965
20
-130.6603629999999896
11
169.6963700000000017
21
-130.4698869999999999
0
LINE
8
BLACK
6
CONTINUOUS
10
169.6963700000000017
20
-130.4698869999999999
11
169.6963700000000017
21
-129.8984590000000026
0
LINE
8
BLACK
6
CONTINUOUS
10
169.6963700000000017
20
-129.8984590000000026
11
169.7916079999999965
21
-129.707981999999987
0
LINE
8
BLACK
6
CONTINUOUS
10
169.7916079999999965
20
-129.707981999999987
11
169.8868459999999914
21
-129.6127439999999922
0
LINE
8
BLACK
6
CONTINUOUS
10
169.8868459999999914
20
-129.6127439999999922
11
170.077321999999981
21
-129.5175059999999974
0
LINE
8
BLACK
6
CONTINUOUS
10
170.077321999999981
20
-129.5175059999999974
11
170.3630369999999914
21
-129.5175059999999974
0
LINE
8
BLACK
6
CONTINUOUS
10
170.3630369999999914
20
-129.5175059999999974
11
170.553512999999981
21
-129.6127439999999922
0
LINE
8
BLACK
6
CONTINUOUS
10
170.553512999999981
20
-129.6127439999999922
11
170.6487510000000043
21
-129.707981999999987
0
LINE
8
BLACK
6
CONTINUOUS
10
170.6487510000000043
20
-129.707981999999987
11
170.7439889999999991
21
-129.8984590000000026
0
LINE
8
BLACK
6
CONTINUOUS
10
170.7439889999999991
20
-129.8984590000000026
11
170.7439889999999991
21
-130.4698869999999999
0
LINE
8
BLACK
6
CONTINUOUS
10
170.7439889999999991
20
-130.4698869999999999
11
170.6487510000000043
21
-130.6603629999999896
0
LINE
8
BLACK
6
CONTINUOUS
10
170.6487510000000043
20
-130.6603629999999896
11
170.553512999999981
21
-130.7556019999999819
0
LINE
8
BLACK
6
CONTINUOUS
10
170.553512999999981
20
-130.7556019999999819
11
170.3630369999999914
21
-130.8508400000000051
0
LINE
8
BLACK
6
CONTINUOUS
10
170.3630369999999914
20
-130.8508400000000051
11
170.077321999999981
21
-130.8508400000000051
0
LINE
8
BLACK
6
CONTINUOUS
10
171.315417999999994
20
-129.5175059999999974
11
172.077321999999981
21
-129.5175059999999974
0
LINE
8
BLACK
6
CONTINUOUS
10
171.6011319999999785
20
-128.8508400000000051
11
171.6011319999999785
21
-130.5651249999999948
0
LINE
8
BLACK
6
CONTINUOUS
10
171.6011319999999785
20
-130.5651249999999948
11
171.6963700000000017
21
-130.7556019999999819
0
LINE
8
BLACK
6
CONTINUOUS
10
171.6963700000000017
20
-130.7556019999999819
11
171.8868459999999914
21
-130.8508400000000051
0
LINE
8
BLACK
6
CONTINUOUS
10
171.8868459999999914
20
-130.8508400000000051
11
172.077321999999981
21
-130.8508400000000051
0
LINE
8
BLACK
6
CONTINUOUS
10
174.2677989999999966
20
-129.5175059999999974
11
174.2677989999999966
21
-131.5175059999999974
0
LINE
8
BLACK
6
CONTINUOUS
10
174.2677989999999966
20
-129.6127439999999922
11
174.4582749999999862
21
-129.5175059999999974
0
LINE
8
BLACK
6
CONTINUOUS
10
174.4582749999999862
20
-129.5175059999999974
11
174.8392279999999914
21
-129.5175059999999974
0
LINE
8
BLACK
6
CONTINUOUS
10
174.8392279999999914
20
-129.5175059999999974
11
175.0297039999999811
21
-129.6127439999999922
0
LINE
8
BLACK
6
CONTINUOUS
10
175.0297039999999811
20
-129.6127439999999922
11
175.1249420000000043
21
-129.707981999999987
0
LINE
8
BLACK
6
CONTINUOUS
10
175.1249420000000043
20
-129.707981999999987
11
175.2201799999999992
21
-129.8984590000000026
0
LINE
8
BLACK
6
CONTINUOUS
10
175.2201799999999992
20
-129.8984590000000026
11
175.2201799999999992
21
-130.4698869999999999
0
LINE
8
BLACK
6
CONTINUOUS
10
175.2201799999999992
20
-130.4698869999999999
11
175.1249420000000043
21
-130.6603629999999896
0
LINE
8
BLACK
6
CONTINUOUS
10
175.1249420000000043
20
-130.6603629999999896
11
175.0297039999999811
21
-130.7556019999999819
0
LINE
8
BLACK
6
CONTINUOUS
10
175.0297039999999811
20
-130.7556019999999819
11
174.8392279999999914
21
-130.8508400000000051
0
LINE
8
BLACK
6
CONTINUOUS
10
174.8392279999999914
20
-130.8508400000000051
11
174.4582749999999862
21
-130.8508400000000051
0
LINE
8
BLACK
6
CONTINUOUS
10
174.4582749999999862
20
-130.8508400000000051
11
174.2677989999999966
21
-130.7556019999999819
0
LINE
8
BLACK
6
CONTINUOUS
10
176.3630369999999914
20
-130.8508400000000051
11
176.1725610000000017
21
-130.7556019999999819
0
LINE
8
BLACK
6
CONTINUOUS
10
176.1725610000000017
20
-130.7556019999999819
11
176.0773229999999785
21
-130.5651249999999948
0
LINE
8
BLACK
6
CONTINUOUS
10
176.0773229999999785
20
-130.5651249999999948
11
176.0773229999999785
21
-128.8508400000000051
0
LINE
8
BLACK
6
CONTINUOUS
10
177.9820849999999837
20
-130.8508400000000051
11
177.9820849999999837
21
-129.8032210000000077
0
LINE
8
BLACK
6
CONTINUOUS
10
177.9820849999999837
20
-129.8032210000000077
11
177.8868469999999888
21
-129.6127439999999922
0
LINE
8
BLACK
6
CONTINUOUS
10
177.8868469999999888
20
-129.6127439999999922
11
177.6963709999999992
21
-129.5175059999999974
0
LINE
8
BLACK
6
CONTINUOUS
10
177.6963709999999992
20
-129.5175059999999974
11
177.315417999999994
21
-129.5175059999999974
0
LINE
8
BLACK
6
CONTINUOUS
10
177.315417999999994
20
-129.5175059999999974
11
177.1249420000000043
21
-129.6127439999999922
0
LINE
8
BLACK
6
CONTINUOUS
10
177.9820849999999837
20
-130.7556019999999819
11
177.791608999999994
21
-130.8508400000000051
0
LINE
8
BLACK
6
CONTINUOUS
10
177.791608999999994
20
-130.8508400000000051
11
177.315417999999994
21
-130.8508400000000051
0
LINE
8
BLACK
6
CONTINUOUS
10
177.315417999999994
20
-130.8508400000000051
11
177.1249420000000043
21
-130.7556019999999819
0
LINE
8
BLACK
6
CONTINUOUS
10
177.1249420000000043
20
-130.7556019999999819
11
177.0297039999999811
21
-130.5651249999999948
0
LINE
8
BLACK
6
CONTINUOUS
10
177.0297039999999811
20
-130.5651249999999948
11
177.0297039999999811
21
-130.3746490000000051
0
LINE
8
BLACK
6
CONTINUOUS
10
177.0297039999999811
20
-130.3746490000000051
11
177.1249420000000043
21
-130.184172999999987
0
LINE
8
BLACK
6
CONTINUOUS
10
177.1249420000000043
20
-130.184172999999987
11
177.315417999999994
21
-130.0889349999999922
0
LINE
8
BLACK
6
CONTINUOUS
10
177.315417999999994
20
-130.0889349999999922
11
177.791608999999994
21
-130.0889349999999922
0
LINE
8
BLACK
6
CONTINUOUS
10
177.791608999999994
20
-130.0889349999999922
11
177.9820849999999837
21
-129.9936969999999974
0
LINE
8
BLACK
6
CONTINUOUS
10
178.6487520000000018
20
-129.5175059999999974
11
179.4106559999999888
21
-129.5175059999999974
0
LINE
8
BLACK
6
CONTINUOUS
10
178.9344659999999863
20
-128.8508400000000051
11
178.9344659999999863
21
-130.5651249999999948
0
LINE
8
BLACK
6
CONTINUOUS
10
178.9344659999999863
20
-130.5651249999999948
11
179.0297039999999811
21
-130.7556019999999819
0
LINE
8
BLACK
6
CONTINUOUS
10
179.0297039999999811
20
-130.7556019999999819
11
179.2201799999999992
21
-130.8508400000000051
0
LINE
8
BLACK
6
CONTINUOUS
10
179.2201799999999992
20
-130.8508400000000051
11
179.4106559999999888
21
-130.8508400000000051
0
LINE
8
BLACK
6
CONTINUOUS
10
180.8392279999999914
20
-130.7556019999999819
11
180.6487520000000018
21
-130.8508400000000051
0
LINE
8
BLACK
6
CONTINUOUS
10
180.6487520000000018
20
-130.8508400000000051
11
180.2677989999999966
21
-130.8508400000000051
0
LINE
8
BLACK
6
CONTINUOUS
10
180.2677989999999966
20
-130.8508400000000051
11
180.0773229999999785
21
-130.7556019999999819
0
LINE
8
BLACK
6
CONTINUOUS
10
180.0773229999999785
20
-130.7556019999999819
11
179.9820849999999837
21
-130.5651249999999948
0
LINE
8
BLACK
6
CONTINUOUS
10
179.9820849999999837
20
-130.5651249999999948
11
179.9820849999999837
21
-129.8032210000000077
0
LINE
8
BLACK
6
CONTINUOUS
10
179.9820849999999837
20
-129.8032210000000077
11
180.0773229999999785
21
-129.6127439999999922
0
LINE
8
BLACK
6
CONTINUOUS
10
180.0773229999999785
20
-129.6127439999999922
11
180.2677989999999966
21
-129.5175059999999974
0
LINE
8
BLACK
6
CONTINUOUS
10
180.2677989999999966
20
-129.5175059999999974
11
180.6487520000000018
21
-129.5175059999999974
0
LINE
8
BLACK
6
CONTINUOUS
10
180.6487520000000018
20
-129.5175059999999974
11
180.8392279999999914
21
-129.6127439999999922
0
LINE
8
BLACK
6
CONTINUOUS
10
180.8392279999999914
20
-129.6127439999999922
11
180.9344659999999863
21
-129.8032210000000077
0
LINE
8
BLACK
6
CONTINUOUS
10
180.9344659999999863
20
-129.8032210000000077
11
180.9344659999999863
21
-129.9936969999999974
0
LINE
8
BLACK
6
CONTINUOUS
10
180.9344659999999863
20
-129.9936969999999974
11
179.9820849999999837
21
-130.184172999999987
0
LINE
8
BLACK
6
CONTINUOUS
10
182.6487520000000018
20
-130.8508400000000051
11
182.6487520000000018
21
-128.8508400000000051
0
LINE
8
BLACK
6
CONTINUOUS
10
182.6487520000000018
20
-130.7556019999999819
11
182.4582759999999837
21
-130.8508400000000051
0
LINE
8
BLACK
6
CONTINUOUS
10
182.4582759999999837
20
-130.8508400000000051
11
182.0773229999999785
21
-130.8508400000000051
0
LINE
8
BLACK
6
CONTINUOUS
10
182.0773229999999785
20
-130.8508400000000051
11
181.8868469999999888
21
-130.7556019999999819
0
LINE
8
BLACK
6
CONTINUOUS
10
181.8868469999999888
20
-130.7556019999999819
11
181.791608999999994
21
-130.6603629999999896
0
LINE
8
BLACK
6
CONTINUOUS
10
181.791608999999994
20
-130.6603629999999896
11
181.6963709999999992
21
-130.4698869999999999
0
LINE
8
BLACK
6
CONTINUOUS
10
181.6963709999999992
20
-130.4698869999999999
11
181.6963709999999992
21
-129.8984590000000026
0
LINE
8
BLACK
6
CONTINUOUS
10
181.6963709999999992
20
-129.8984590000000026
11
181.791608999999994
21
-129.707981999999987
0
LINE
8
BLACK
6
CONTINUOUS
10
181.791608999999994
20
-129.707981999999987
11
181.8868469999999888
21
-129.6127439999999922
0
LINE
8
BLACK
6
CONTINUOUS
10
181.8868469999999888
20
-129.6127439999999922
11
182.0773229999999785
21
-129.5175059999999974
0
LINE
8
BLACK
6
CONTINUOUS
10
182.0773229999999785
20
-129.5175059999999974
11
182.4582759999999837
21
-129.5175059999999974
0
LINE
8
BLACK
6
CONTINUOUS
10
182.4582759999999837
20
-129.5175059999999974
11
182.6487520000000018
21
-129.6127439999999922
0
LINE
8
BLACK
6
CONTINUOUS
10
183.4106569999999863
20
-131.6127439999999922
11
183.5058949999999811
21
-131.5175059999999974
0
LINE
8
BLACK
6
CONTINUOUS
10
183.5058949999999811
20
-131.5175059999999974
11
183.6963709999999992
21
-131.2317919999999845
0
LINE
8
BLACK
6
CONTINUOUS
10
183.6963709999999992
20
-131.2317919999999845
11
183.791608999999994
21
-131.0413159999999948
0
LINE
8
BLACK
6
CONTINUOUS
10
183.791608999999994
20
-131.0413159999999948
11
183.8868469999999888
21
-130.7556019999999819
0
LINE
8
BLACK
6
CONTINUOUS
10
183.8868469999999888
20
-130.7556019999999819
11
183.9820849999999837
21
-130.2794109999999819
0
LINE
8
BLACK
6
CONTINUOUS
10
183.9820849999999837
20
-130.2794109999999819
11
183.9820849999999837
21
-129.8984590000000026
0
LINE
8
BLACK
6
CONTINUOUS
10
183.9820849999999837
20
-129.8984590000000026
11
183.8868469999999888
21
-129.4222680000000025
0
LINE
8
BLACK
6
CONTINUOUS
10
183.8868469999999888
20
-129.4222680000000025
11
183.791608999999994
21
-129.1365539999999896
0
LINE
8
BLACK
6
CONTINUOUS
10
183.791608999999994
20
-129.1365539999999896
11
183.6963709999999992
21
-128.946078
0
LINE
8
BLACK
6
CONTINUOUS
10
183.6963709999999992
20
-128.946078
11
183.5058949999999811
21
-128.6603629999999896
0
LINE
8
BLACK
6
CONTINUOUS
10
183.5058949999999811
20
-128.6603629999999896
11
183.4106569999999863
21
-128.5651249999999948
  0
ENDSEC
  0
EOF
