  0
SECTION
  2
HEADER
  9
$ANGBASE
  50
0.0
  9
$ANGDIR
  70
1
  9
$MEASUREMENT
  70
1
  0
ENDSEC
  0
SECTION
  2
TABLES
  0
TABLE
  2
LTYPE
  70
4
  0
LTYPE
  5
40F
  2
CONTINUOUS
  70
0
  3
Solid line
  72
65
  73
0
  40
0.0
  0
LTYPE
  5
410
  2
DASHDOT
 70
0
  3
Dash Dot ____ _ ____ _
 72
65
 73
4
 40
2.0
 49
1.25
 49
-0.25
 49
0.25
 49
-0.25
  0
LTYPE
  5
411
  2
DASHED
 70
0
  3
Dashed __ __ __ __ __
 72
65
 73
2
 40
0.75
 49
0.5
 49
-0.25
  0
LTYPE
  5
43B
  2
DOTTED
 70
0
  3
Dotted .  .  .  .
 72
65
 73
2
 40
0.2
 49
0.0
 49
-0.2
  0
ENDTAB
  0
TABLE
  2
STYLE
  70
4
  0
STYLE
  2
KICAD
  70
0
  40
0
  41
1
  42
1
  50
0
  71
0
  3
isocp.shx
  0
STYLE
  2
KICADB
  70
0
  40
0
  41
1
  42
1
  50
0
  71
0
  3
isocp.shx
  0
STYLE
  2
KICADI
  70
0
  40
0
  41
1
  42
1
  50
15
  71
0
  3
isocp.shx
  0
STYLE
  2
KICADBI
  70
0
  40
0
  41
1
  42
1
  50
15
  71
0
  3
isocp.shx
  0
ENDTAB
  0
TABLE
  2
LAYER
  70
1
  0
LAYER
  2
BLACK
  70
0
  62
7
  6
CONTINUOUS
  0
ENDTAB
  0
ENDSEC
  0
SECTION
  2
ENTITIES
0
LINE
8
BLACK
6
CONTINUOUS
10
159.5999999999999943
20
-108.5459999999999923
11
157.9000000000000057
21
-108.5459999999999923
0
LINE
8
BLACK
6
CONTINUOUS
10
157.9000000000000057
20
-108.5459999999999923
11
157.9000000000000057
21
-106.8459999999999894
0
LINE
8
BLACK
6
CONTINUOUS
10
157.9000000000000057
20
-106.8459999999999894
11
159.5999999999999943
21
-106.8459999999999894
0
LINE
8
BLACK
6
CONTINUOUS
10
159.5999999999999943
20
-106.8459999999999894
11
159.5999999999999943
21
-108.5459999999999923
0
LINE
8
BLACK
6
CONTINUOUS
10
161.5526639999999929
20
-106.8876020000000011
11
161.7150000000000034
21
-106.9598779999999891
0
LINE
8
BLACK
6
CONTINUOUS
10
161.7150000000000034
20
-106.9598779999999891
11
161.858760999999987
21
-107.0643269999999916
0
LINE
8
BLACK
6
CONTINUOUS
10
161.858760999999987
20
-107.0643269999999916
11
161.9776640000000043
21
-107.1963829999999973
0
LINE
8
BLACK
6
CONTINUOUS
10
161.9776640000000043
20
-107.1963829999999973
11
162.0665139999999838
21
-107.3502739999999989
0
LINE
8
BLACK
6
CONTINUOUS
10
162.0665139999999838
20
-107.3502739999999989
11
162.1214249999999879
21
-107.5192749999999933
0
LINE
8
BLACK
6
CONTINUOUS
10
162.1214249999999879
20
-107.5192749999999933
11
162.1399999999999864
21
-107.695999999999998
0
LINE
8
BLACK
6
CONTINUOUS
10
162.1399999999999864
20
-107.695999999999998
11
162.1214249999999879
21
-107.8727249999999884
0
LINE
8
BLACK
6
CONTINUOUS
10
162.1214249999999879
20
-107.8727249999999884
11
162.0665139999999838
21
-108.041725999999997
0
LINE
8
BLACK
6
CONTINUOUS
10
162.0665139999999838
20
-108.041725999999997
11
161.9776640000000043
21
-108.1956169999999986
0
LINE
8
BLACK
6
CONTINUOUS
10
161.9776640000000043
20
-108.1956169999999986
11
161.858760999999987
21
-108.3276729999999901
0
LINE
8
BLACK
6
CONTINUOUS
10
161.858760999999987
20
-108.3276729999999901
11
161.7150000000000034
21
-108.4321219999999926
0
LINE
8
BLACK
6
CONTINUOUS
10
161.7150000000000034
20
-108.4321219999999926
11
161.5526639999999929
21
-108.5043979999999948
0
LINE
8
BLACK
6
CONTINUOUS
10
161.5526639999999929
20
-108.5043979999999948
11
161.3788490000000024
21
-108.5413439999999952
0
LINE
8
BLACK
6
CONTINUOUS
10
161.3788490000000024
20
-108.5413439999999952
11
161.2011509999999817
21
-108.5413439999999952
0
LINE
8
BLACK
6
CONTINUOUS
10
161.2011509999999817
20
-108.5413439999999952
11
161.0273359999999911
21
-108.5043979999999948
0
LINE
8
BLACK
6
CONTINUOUS
10
161.0273359999999911
20
-108.5043979999999948
11
160.8649999999999807
21
-108.4321219999999926
0
LINE
8
BLACK
6
CONTINUOUS
10
160.8649999999999807
20
-108.4321219999999926
11
160.7212389999999971
21
-108.3276729999999901
0
LINE
8
BLACK
6
CONTINUOUS
10
160.7212389999999971
20
-108.3276729999999901
11
160.6023359999999798
21
-108.1956169999999986
0
LINE
8
BLACK
6
CONTINUOUS
10
160.6023359999999798
20
-108.1956169999999986
11
160.5134860000000003
21
-108.041725999999997
0
LINE
8
BLACK
6
CONTINUOUS
10
160.5134860000000003
20
-108.041725999999997
11
160.4585749999999962
21
-107.8727249999999884
0
LINE
8
BLACK
6
CONTINUOUS
10
160.4585749999999962
20
-107.8727249999999884
11
160.4399999999999977
21
-107.695999999999998
0
LINE
8
BLACK
6
CONTINUOUS
10
160.4399999999999977
20
-107.695999999999998
11
160.4585749999999962
21
-107.5192749999999933
0
LINE
8
BLACK
6
CONTINUOUS
10
160.4585749999999962
20
-107.5192749999999933
11
160.5134860000000003
21
-107.3502739999999989
0
LINE
8
BLACK
6
CONTINUOUS
10
160.5134860000000003
20
-107.3502739999999989
11
160.6023359999999798
21
-107.1963829999999973
0
LINE
8
BLACK
6
CONTINUOUS
10
160.6023359999999798
20
-107.1963829999999973
11
160.7212389999999971
21
-107.0643269999999916
0
LINE
8
BLACK
6
CONTINUOUS
10
160.7212389999999971
20
-107.0643269999999916
11
160.8649999999999807
21
-106.9598779999999891
0
LINE
8
BLACK
6
CONTINUOUS
10
160.8649999999999807
20
-106.9598779999999891
11
161.0273359999999911
21
-106.8876020000000011
0
LINE
8
BLACK
6
CONTINUOUS
10
161.0273359999999911
20
-106.8876020000000011
11
161.2011509999999817
21
-106.8506560000000007
0
LINE
8
BLACK
6
CONTINUOUS
10
161.2011509999999817
20
-106.8506560000000007
11
161.3788490000000024
21
-106.8506560000000007
0
LINE
8
BLACK
6
CONTINUOUS
10
161.3788490000000024
20
-106.8506560000000007
11
161.5526639999999929
21
-106.8876020000000011
0
LINE
8
BLACK
6
CONTINUOUS
10
164.092663999999985
20
-106.8876020000000011
11
164.2549999999999955
21
-106.9598779999999891
0
LINE
8
BLACK
6
CONTINUOUS
10
164.2549999999999955
20
-106.9598779999999891
11
164.398760999999979
21
-107.0643269999999916
0
LINE
8
BLACK
6
CONTINUOUS
10
164.398760999999979
20
-107.0643269999999916
11
164.5176639999999963
21
-107.1963829999999973
0
LINE
8
BLACK
6
CONTINUOUS
10
164.5176639999999963
20
-107.1963829999999973
11
164.6065140000000042
21
-107.3502739999999989
0
LINE
8
BLACK
6
CONTINUOUS
10
164.6065140000000042
20
-107.3502739999999989
11
164.6614249999999799
21
-107.5192749999999933
0
LINE
8
BLACK
6
CONTINUOUS
10
164.6614249999999799
20
-107.5192749999999933
11
164.6799999999999784
21
-107.695999999999998
0
LINE
8
BLACK
6
CONTINUOUS
10
164.6799999999999784
20
-107.695999999999998
11
164.6614249999999799
21
-107.8727249999999884
0
LINE
8
BLACK
6
CONTINUOUS
10
164.6614249999999799
20
-107.8727249999999884
11
164.6065140000000042
21
-108.041725999999997
0
LINE
8
BLACK
6
CONTINUOUS
10
164.6065140000000042
20
-108.041725999999997
11
164.5176639999999963
21
-108.1956169999999986
0
LINE
8
BLACK
6
CONTINUOUS
10
164.5176639999999963
20
-108.1956169999999986
11
164.398760999999979
21
-108.3276729999999901
0
LINE
8
BLACK
6
CONTINUOUS
10
164.398760999999979
20
-108.3276729999999901
11
164.2549999999999955
21
-108.4321219999999926
0
LINE
8
BLACK
6
CONTINUOUS
10
164.2549999999999955
20
-108.4321219999999926
11
164.092663999999985
21
-108.5043979999999948
0
LINE
8
BLACK
6
CONTINUOUS
10
164.092663999999985
20
-108.5043979999999948
11
163.9188489999999945
21
-108.5413439999999952
0
LINE
8
BLACK
6
CONTINUOUS
10
163.9188489999999945
20
-108.5413439999999952
11
163.7411510000000021
21
-108.5413439999999952
0
LINE
8
BLACK
6
CONTINUOUS
10
163.7411510000000021
20
-108.5413439999999952
11
163.5673359999999832
21
-108.5043979999999948
0
LINE
8
BLACK
6
CONTINUOUS
10
163.5673359999999832
20
-108.5043979999999948
11
163.4050000000000011
21
-108.4321219999999926
0
LINE
8
BLACK
6
CONTINUOUS
10
163.4050000000000011
20
-108.4321219999999926
11
163.2612389999999891
21
-108.3276729999999901
0
LINE
8
BLACK
6
CONTINUOUS
10
163.2612389999999891
20
-108.3276729999999901
11
163.1423360000000002
21
-108.1956169999999986
0
LINE
8
BLACK
6
CONTINUOUS
10
163.1423360000000002
20
-108.1956169999999986
11
163.0534859999999924
21
-108.041725999999997
0
LINE
8
BLACK
6
CONTINUOUS
10
163.0534859999999924
20
-108.041725999999997
11
162.9985749999999882
21
-107.8727249999999884
0
LINE
8
BLACK
6
CONTINUOUS
10
162.9985749999999882
20
-107.8727249999999884
11
162.9799999999999898
21
-107.695999999999998
0
LINE
8
BLACK
6
CONTINUOUS
10
162.9799999999999898
20
-107.695999999999998
11
162.9985749999999882
21
-107.5192749999999933
0
LINE
8
BLACK
6
CONTINUOUS
10
162.9985749999999882
20
-107.5192749999999933
11
163.0534859999999924
21
-107.3502739999999989
0
LINE
8
BLACK
6
CONTINUOUS
10
163.0534859999999924
20
-107.3502739999999989
11
163.1423360000000002
21
-107.1963829999999973
0
LINE
8
BLACK
6
CONTINUOUS
10
163.1423360000000002
20
-107.1963829999999973
11
163.2612389999999891
21
-107.0643269999999916
0
LINE
8
BLACK
6
CONTINUOUS
10
163.2612389999999891
20
-107.0643269999999916
11
163.4050000000000011
21
-106.9598779999999891
0
LINE
8
BLACK
6
CONTINUOUS
10
163.4050000000000011
20
-106.9598779999999891
11
163.5673359999999832
21
-106.8876020000000011
0
LINE
8
BLACK
6
CONTINUOUS
10
163.5673359999999832
20
-106.8876020000000011
11
163.7411510000000021
21
-106.8506560000000007
0
LINE
8
BLACK
6
CONTINUOUS
10
163.7411510000000021
20
-106.8506560000000007
11
163.9188489999999945
21
-106.8506560000000007
0
LINE
8
BLACK
6
CONTINUOUS
10
163.9188489999999945
20
-106.8506560000000007
11
164.092663999999985
21
-106.8876020000000011
0
LINE
8
BLACK
6
CONTINUOUS
10
166.6326640000000054
20
-106.8876020000000011
11
166.7949999999999875
21
-106.9598779999999891
0
LINE
8
BLACK
6
CONTINUOUS
10
166.7949999999999875
20
-106.9598779999999891
11
166.9387609999999995
21
-107.0643269999999916
0
LINE
8
BLACK
6
CONTINUOUS
10
166.9387609999999995
20
-107.0643269999999916
11
167.0576639999999884
21
-107.1963829999999973
0
LINE
8
BLACK
6
CONTINUOUS
10
167.0576639999999884
20
-107.1963829999999973
11
167.1465139999999963
21
-107.3502739999999989
0
LINE
8
BLACK
6
CONTINUOUS
10
167.1465139999999963
20
-107.3502739999999989
11
167.2014250000000004
21
-107.5192749999999933
0
LINE
8
BLACK
6
CONTINUOUS
10
167.2014250000000004
20
-107.5192749999999933
11
167.2199999999999989
21
-107.695999999999998
0
LINE
8
BLACK
6
CONTINUOUS
10
167.2199999999999989
20
-107.695999999999998
11
167.2014250000000004
21
-107.8727249999999884
0
LINE
8
BLACK
6
CONTINUOUS
10
167.2014250000000004
20
-107.8727249999999884
11
167.1465139999999963
21
-108.041725999999997
0
LINE
8
BLACK
6
CONTINUOUS
10
167.1465139999999963
20
-108.041725999999997
11
167.0576639999999884
21
-108.1956169999999986
0
LINE
8
BLACK
6
CONTINUOUS
10
167.0576639999999884
20
-108.1956169999999986
11
166.9387609999999995
21
-108.3276729999999901
0
LINE
8
BLACK
6
CONTINUOUS
10
166.9387609999999995
20
-108.3276729999999901
11
166.7949999999999875
21
-108.4321219999999926
0
LINE
8
BLACK
6
CONTINUOUS
10
166.7949999999999875
20
-108.4321219999999926
11
166.6326640000000054
21
-108.5043979999999948
0
LINE
8
BLACK
6
CONTINUOUS
10
166.6326640000000054
20
-108.5043979999999948
11
166.4588489999999865
21
-108.5413439999999952
0
LINE
8
BLACK
6
CONTINUOUS
10
166.4588489999999865
20
-108.5413439999999952
11
166.2811509999999942
21
-108.5413439999999952
0
LINE
8
BLACK
6
CONTINUOUS
10
166.2811509999999942
20
-108.5413439999999952
11
166.1073360000000037
21
-108.5043979999999948
0
LINE
8
BLACK
6
CONTINUOUS
10
166.1073360000000037
20
-108.5043979999999948
11
165.9449999999999932
21
-108.4321219999999926
0
LINE
8
BLACK
6
CONTINUOUS
10
165.9449999999999932
20
-108.4321219999999926
11
165.8012389999999812
21
-108.3276729999999901
0
LINE
8
BLACK
6
CONTINUOUS
10
165.8012389999999812
20
-108.3276729999999901
11
165.6823359999999923
21
-108.1956169999999986
0
LINE
8
BLACK
6
CONTINUOUS
10
165.6823359999999923
20
-108.1956169999999986
11
165.5934859999999844
21
-108.041725999999997
0
LINE
8
BLACK
6
CONTINUOUS
10
165.5934859999999844
20
-108.041725999999997
11
165.5385749999999803
21
-107.8727249999999884
0
LINE
8
BLACK
6
CONTINUOUS
10
165.5385749999999803
20
-107.8727249999999884
11
165.5199999999999818
21
-107.695999999999998
0
LINE
8
BLACK
6
CONTINUOUS
10
165.5199999999999818
20
-107.695999999999998
11
165.5385749999999803
21
-107.5192749999999933
0
LINE
8
BLACK
6
CONTINUOUS
10
165.5385749999999803
20
-107.5192749999999933
11
165.5934859999999844
21
-107.3502739999999989
0
LINE
8
BLACK
6
CONTINUOUS
10
165.5934859999999844
20
-107.3502739999999989
11
165.6823359999999923
21
-107.1963829999999973
0
LINE
8
BLACK
6
CONTINUOUS
10
165.6823359999999923
20
-107.1963829999999973
11
165.8012389999999812
21
-107.0643269999999916
0
LINE
8
BLACK
6
CONTINUOUS
10
165.8012389999999812
20
-107.0643269999999916
11
165.9449999999999932
21
-106.9598779999999891
0
LINE
8
BLACK
6
CONTINUOUS
10
165.9449999999999932
20
-106.9598779999999891
11
166.1073360000000037
21
-106.8876020000000011
0
LINE
8
BLACK
6
CONTINUOUS
10
166.1073360000000037
20
-106.8876020000000011
11
166.2811509999999942
21
-106.8506560000000007
0
LINE
8
BLACK
6
CONTINUOUS
10
166.2811509999999942
20
-106.8506560000000007
11
166.4588489999999865
21
-106.8506560000000007
0
LINE
8
BLACK
6
CONTINUOUS
10
166.4588489999999865
20
-106.8506560000000007
11
166.6326640000000054
21
-106.8876020000000011
0
LINE
8
BLACK
6
CONTINUOUS
10
139.3475609999999847
20
-106.9531049999999937
11
139.5086189999999817
21
-107.0094619999999992
0
LINE
8
BLACK
6
CONTINUOUS
10
139.5086189999999817
20
-107.0094619999999992
11
139.6530989999999974
21
-107.1002439999999893
0
LINE
8
BLACK
6
CONTINUOUS
10
139.6530989999999974
20
-107.1002439999999893
11
139.7737559999999917
21
-107.2209009999999978
0
LINE
8
BLACK
6
CONTINUOUS
10
139.7737559999999917
20
-107.2209009999999978
11
139.8645379999999818
21
-107.3653809999999993
0
LINE
8
BLACK
6
CONTINUOUS
10
139.8645379999999818
20
-107.3653809999999993
11
139.9208950000000016
21
-107.5264389999999963
0
LINE
8
BLACK
6
CONTINUOUS
10
139.9208950000000016
20
-107.5264389999999963
11
139.9399999999999977
21
-107.695999999999998
0
LINE
8
BLACK
6
CONTINUOUS
10
139.9399999999999977
20
-107.695999999999998
11
139.9208950000000016
21
-107.8655609999999996
0
LINE
8
BLACK
6
CONTINUOUS
10
139.9208950000000016
20
-107.8655609999999996
11
139.8645379999999818
21
-108.0266189999999966
0
LINE
8
BLACK
6
CONTINUOUS
10
139.8645379999999818
20
-108.0266189999999966
11
139.7737559999999917
21
-108.1710989999999981
0
LINE
8
BLACK
6
CONTINUOUS
10
139.7737559999999917
20
-108.1710989999999981
11
139.6530989999999974
21
-108.2917559999999924
0
LINE
8
BLACK
6
CONTINUOUS
10
139.6530989999999974
20
-108.2917559999999924
11
139.5086189999999817
21
-108.3825379999999967
0
LINE
8
BLACK
6
CONTINUOUS
10
139.5086189999999817
20
-108.3825379999999967
11
139.3475609999999847
21
-108.438894999999988
0
LINE
8
BLACK
6
CONTINUOUS
10
139.3475609999999847
20
-108.438894999999988
11
139.1779999999999973
21
-108.4579999999999984
0
LINE
8
BLACK
6
CONTINUOUS
10
139.1779999999999973
20
-108.4579999999999984
11
139.0084389999999814
21
-108.438894999999988
0
LINE
8
BLACK
6
CONTINUOUS
10
139.0084389999999814
20
-108.438894999999988
11
138.8473809999999844
21
-108.3825379999999967
0
LINE
8
BLACK
6
CONTINUOUS
10
138.8473809999999844
20
-108.3825379999999967
11
138.7029009999999971
21
-108.2917559999999924
0
LINE
8
BLACK
6
CONTINUOUS
10
138.7029009999999971
20
-108.2917559999999924
11
138.5822440000000029
21
-108.1710989999999981
0
LINE
8
BLACK
6
CONTINUOUS
10
138.5822440000000029
20
-108.1710989999999981
11
138.4914619999999843
21
-108.0266189999999966
0
LINE
8
BLACK
6
CONTINUOUS
10
138.4914619999999843
20
-108.0266189999999966
11
138.435104999999993
21
-107.8655609999999996
0
LINE
8
BLACK
6
CONTINUOUS
10
138.435104999999993
20
-107.8655609999999996
11
138.4159999999999968
21
-107.695999999999998
0
LINE
8
BLACK
6
CONTINUOUS
10
138.4159999999999968
20
-107.695999999999998
11
138.435104999999993
21
-107.5264389999999963
0
LINE
8
BLACK
6
CONTINUOUS
10
138.435104999999993
20
-107.5264389999999963
11
138.4914619999999843
21
-107.3653809999999993
0
LINE
8
BLACK
6
CONTINUOUS
10
138.4914619999999843
20
-107.3653809999999993
11
138.5822440000000029
21
-107.2209009999999978
0
LINE
8
BLACK
6
CONTINUOUS
10
138.5822440000000029
20
-107.2209009999999978
11
138.7029009999999971
21
-107.1002439999999893
0
LINE
8
BLACK
6
CONTINUOUS
10
138.7029009999999971
20
-107.1002439999999893
11
138.8473809999999844
21
-107.0094619999999992
0
LINE
8
BLACK
6
CONTINUOUS
10
138.8473809999999844
20
-107.0094619999999992
11
139.0084389999999814
21
-106.9531049999999937
0
LINE
8
BLACK
6
CONTINUOUS
10
139.0084389999999814
20
-106.9531049999999937
11
139.1779999999999973
21
-106.9339999999999975
0
LINE
8
BLACK
6
CONTINUOUS
10
139.1779999999999973
20
-106.9339999999999975
11
139.3475609999999847
21
-106.9531049999999937
0
LINE
8
BLACK
6
CONTINUOUS
10
142.3475609999999847
20
-106.9531049999999937
11
142.5086189999999817
21
-107.0094619999999992
0
LINE
8
BLACK
6
CONTINUOUS
10
142.5086189999999817
20
-107.0094619999999992
11
142.6530989999999974
21
-107.1002439999999893
0
LINE
8
BLACK
6
CONTINUOUS
10
142.6530989999999974
20
-107.1002439999999893
11
142.7737559999999917
21
-107.2209009999999978
0
LINE
8
BLACK
6
CONTINUOUS
10
142.7737559999999917
20
-107.2209009999999978
11
142.8645379999999818
21
-107.3653809999999993
0
LINE
8
BLACK
6
CONTINUOUS
10
142.8645379999999818
20
-107.3653809999999993
11
142.9208950000000016
21
-107.5264389999999963
0
LINE
8
BLACK
6
CONTINUOUS
10
142.9208950000000016
20
-107.5264389999999963
11
142.9399999999999977
21
-107.695999999999998
0
LINE
8
BLACK
6
CONTINUOUS
10
142.9399999999999977
20
-107.695999999999998
11
142.9208950000000016
21
-107.8655609999999996
0
LINE
8
BLACK
6
CONTINUOUS
10
142.9208950000000016
20
-107.8655609999999996
11
142.8645379999999818
21
-108.0266189999999966
0
LINE
8
BLACK
6
CONTINUOUS
10
142.8645379999999818
20
-108.0266189999999966
11
142.7737559999999917
21
-108.1710989999999981
0
LINE
8
BLACK
6
CONTINUOUS
10
142.7737559999999917
20
-108.1710989999999981
11
142.6530989999999974
21
-108.2917559999999924
0
LINE
8
BLACK
6
CONTINUOUS
10
142.6530989999999974
20
-108.2917559999999924
11
142.5086189999999817
21
-108.3825379999999967
0
LINE
8
BLACK
6
CONTINUOUS
10
142.5086189999999817
20
-108.3825379999999967
11
142.3475609999999847
21
-108.438894999999988
0
LINE
8
BLACK
6
CONTINUOUS
10
142.3475609999999847
20
-108.438894999999988
11
142.1779999999999973
21
-108.4579999999999984
0
LINE
8
BLACK
6
CONTINUOUS
10
142.1779999999999973
20
-108.4579999999999984
11
142.0084389999999814
21
-108.438894999999988
0
LINE
8
BLACK
6
CONTINUOUS
10
142.0084389999999814
20
-108.438894999999988
11
141.8473809999999844
21
-108.3825379999999967
0
LINE
8
BLACK
6
CONTINUOUS
10
141.8473809999999844
20
-108.3825379999999967
11
141.7029009999999971
21
-108.2917559999999924
0
LINE
8
BLACK
6
CONTINUOUS
10
141.7029009999999971
20
-108.2917559999999924
11
141.5822440000000029
21
-108.1710989999999981
0
LINE
8
BLACK
6
CONTINUOUS
10
141.5822440000000029
20
-108.1710989999999981
11
141.4914619999999843
21
-108.0266189999999966
0
LINE
8
BLACK
6
CONTINUOUS
10
141.4914619999999843
20
-108.0266189999999966
11
141.435104999999993
21
-107.8655609999999996
0
LINE
8
BLACK
6
CONTINUOUS
10
141.435104999999993
20
-107.8655609999999996
11
141.4159999999999968
21
-107.695999999999998
0
LINE
8
BLACK
6
CONTINUOUS
10
141.4159999999999968
20
-107.695999999999998
11
141.435104999999993
21
-107.5264389999999963
0
LINE
8
BLACK
6
CONTINUOUS
10
141.435104999999993
20
-107.5264389999999963
11
141.4914619999999843
21
-107.3653809999999993
0
LINE
8
BLACK
6
CONTINUOUS
10
141.4914619999999843
20
-107.3653809999999993
11
141.5822440000000029
21
-107.2209009999999978
0
LINE
8
BLACK
6
CONTINUOUS
10
141.5822440000000029
20
-107.2209009999999978
11
141.7029009999999971
21
-107.1002439999999893
0
LINE
8
BLACK
6
CONTINUOUS
10
141.7029009999999971
20
-107.1002439999999893
11
141.8473809999999844
21
-107.0094619999999992
0
LINE
8
BLACK
6
CONTINUOUS
10
141.8473809999999844
20
-107.0094619999999992
11
142.0084389999999814
21
-106.9531049999999937
0
LINE
8
BLACK
6
CONTINUOUS
10
142.0084389999999814
20
-106.9531049999999937
11
142.1779999999999973
21
-106.9339999999999975
0
LINE
8
BLACK
6
CONTINUOUS
10
142.1779999999999973
20
-106.9339999999999975
11
142.3475609999999847
21
-106.9531049999999937
0
LINE
8
BLACK
6
CONTINUOUS
10
145.3475609999999847
20
-106.9531049999999937
11
145.5086189999999817
21
-107.0094619999999992
0
LINE
8
BLACK
6
CONTINUOUS
10
145.5086189999999817
20
-107.0094619999999992
11
145.6530989999999974
21
-107.1002439999999893
0
LINE
8
BLACK
6
CONTINUOUS
10
145.6530989999999974
20
-107.1002439999999893
11
145.7737559999999917
21
-107.2209009999999978
0
LINE
8
BLACK
6
CONTINUOUS
10
145.7737559999999917
20
-107.2209009999999978
11
145.8645379999999818
21
-107.3653809999999993
0
LINE
8
BLACK
6
CONTINUOUS
10
145.8645379999999818
20
-107.3653809999999993
11
145.9208950000000016
21
-107.5264389999999963
0
LINE
8
BLACK
6
CONTINUOUS
10
145.9208950000000016
20
-107.5264389999999963
11
145.9399999999999977
21
-107.695999999999998
0
LINE
8
BLACK
6
CONTINUOUS
10
145.9399999999999977
20
-107.695999999999998
11
145.9208950000000016
21
-107.8655609999999996
0
LINE
8
BLACK
6
CONTINUOUS
10
145.9208950000000016
20
-107.8655609999999996
11
145.8645379999999818
21
-108.0266189999999966
0
LINE
8
BLACK
6
CONTINUOUS
10
145.8645379999999818
20
-108.0266189999999966
11
145.7737559999999917
21
-108.1710989999999981
0
LINE
8
BLACK
6
CONTINUOUS
10
145.7737559999999917
20
-108.1710989999999981
11
145.6530989999999974
21
-108.2917559999999924
0
LINE
8
BLACK
6
CONTINUOUS
10
145.6530989999999974
20
-108.2917559999999924
11
145.5086189999999817
21
-108.3825379999999967
0
LINE
8
BLACK
6
CONTINUOUS
10
145.5086189999999817
20
-108.3825379999999967
11
145.3475609999999847
21
-108.438894999999988
0
LINE
8
BLACK
6
CONTINUOUS
10
145.3475609999999847
20
-108.438894999999988
11
145.1779999999999973
21
-108.4579999999999984
0
LINE
8
BLACK
6
CONTINUOUS
10
145.1779999999999973
20
-108.4579999999999984
11
145.0084389999999814
21
-108.438894999999988
0
LINE
8
BLACK
6
CONTINUOUS
10
145.0084389999999814
20
-108.438894999999988
11
144.8473809999999844
21
-108.3825379999999967
0
LINE
8
BLACK
6
CONTINUOUS
10
144.8473809999999844
20
-108.3825379999999967
11
144.7029009999999971
21
-108.2917559999999924
0
LINE
8
BLACK
6
CONTINUOUS
10
144.7029009999999971
20
-108.2917559999999924
11
144.5822440000000029
21
-108.1710989999999981
0
LINE
8
BLACK
6
CONTINUOUS
10
144.5822440000000029
20
-108.1710989999999981
11
144.4914619999999843
21
-108.0266189999999966
0
LINE
8
BLACK
6
CONTINUOUS
10
144.4914619999999843
20
-108.0266189999999966
11
144.435104999999993
21
-107.8655609999999996
0
LINE
8
BLACK
6
CONTINUOUS
10
144.435104999999993
20
-107.8655609999999996
11
144.4159999999999968
21
-107.695999999999998
0
LINE
8
BLACK
6
CONTINUOUS
10
144.4159999999999968
20
-107.695999999999998
11
144.435104999999993
21
-107.5264389999999963
0
LINE
8
BLACK
6
CONTINUOUS
10
144.435104999999993
20
-107.5264389999999963
11
144.4914619999999843
21
-107.3653809999999993
0
LINE
8
BLACK
6
CONTINUOUS
10
144.4914619999999843
20
-107.3653809999999993
11
144.5822440000000029
21
-107.2209009999999978
0
LINE
8
BLACK
6
CONTINUOUS
10
144.5822440000000029
20
-107.2209009999999978
11
144.7029009999999971
21
-107.1002439999999893
0
LINE
8
BLACK
6
CONTINUOUS
10
144.7029009999999971
20
-107.1002439999999893
11
144.8473809999999844
21
-107.0094619999999992
0
LINE
8
BLACK
6
CONTINUOUS
10
144.8473809999999844
20
-107.0094619999999992
11
145.0084389999999814
21
-106.9531049999999937
0
LINE
8
BLACK
6
CONTINUOUS
10
145.0084389999999814
20
-106.9531049999999937
11
145.1779999999999973
21
-106.9339999999999975
0
LINE
8
BLACK
6
CONTINUOUS
10
145.1779999999999973
20
-106.9339999999999975
11
145.3475609999999847
21
-106.9531049999999937
0
LINE
8
BLACK
6
CONTINUOUS
10
148.3475609999999847
20
-106.9531049999999937
11
148.5086189999999817
21
-107.0094619999999992
0
LINE
8
BLACK
6
CONTINUOUS
10
148.5086189999999817
20
-107.0094619999999992
11
148.6530989999999974
21
-107.1002439999999893
0
LINE
8
BLACK
6
CONTINUOUS
10
148.6530989999999974
20
-107.1002439999999893
11
148.7737559999999917
21
-107.2209009999999978
0
LINE
8
BLACK
6
CONTINUOUS
10
148.7737559999999917
20
-107.2209009999999978
11
148.8645379999999818
21
-107.3653809999999993
0
LINE
8
BLACK
6
CONTINUOUS
10
148.8645379999999818
20
-107.3653809999999993
11
148.9208950000000016
21
-107.5264389999999963
0
LINE
8
BLACK
6
CONTINUOUS
10
148.9208950000000016
20
-107.5264389999999963
11
148.9399999999999977
21
-107.695999999999998
0
LINE
8
BLACK
6
CONTINUOUS
10
148.9399999999999977
20
-107.695999999999998
11
148.9208950000000016
21
-107.8655609999999996
0
LINE
8
BLACK
6
CONTINUOUS
10
148.9208950000000016
20
-107.8655609999999996
11
148.8645379999999818
21
-108.0266189999999966
0
LINE
8
BLACK
6
CONTINUOUS
10
148.8645379999999818
20
-108.0266189999999966
11
148.7737559999999917
21
-108.1710989999999981
0
LINE
8
BLACK
6
CONTINUOUS
10
148.7737559999999917
20
-108.1710989999999981
11
148.6530989999999974
21
-108.2917559999999924
0
LINE
8
BLACK
6
CONTINUOUS
10
148.6530989999999974
20
-108.2917559999999924
11
148.5086189999999817
21
-108.3825379999999967
0
LINE
8
BLACK
6
CONTINUOUS
10
148.5086189999999817
20
-108.3825379999999967
11
148.3475609999999847
21
-108.438894999999988
0
LINE
8
BLACK
6
CONTINUOUS
10
148.3475609999999847
20
-108.438894999999988
11
148.1779999999999973
21
-108.4579999999999984
0
LINE
8
BLACK
6
CONTINUOUS
10
148.1779999999999973
20
-108.4579999999999984
11
148.0084389999999814
21
-108.438894999999988
0
LINE
8
BLACK
6
CONTINUOUS
10
148.0084389999999814
20
-108.438894999999988
11
147.8473809999999844
21
-108.3825379999999967
0
LINE
8
BLACK
6
CONTINUOUS
10
147.8473809999999844
20
-108.3825379999999967
11
147.7029009999999971
21
-108.2917559999999924
0
LINE
8
BLACK
6
CONTINUOUS
10
147.7029009999999971
20
-108.2917559999999924
11
147.5822440000000029
21
-108.1710989999999981
0
LINE
8
BLACK
6
CONTINUOUS
10
147.5822440000000029
20
-108.1710989999999981
11
147.4914619999999843
21
-108.0266189999999966
0
LINE
8
BLACK
6
CONTINUOUS
10
147.4914619999999843
20
-108.0266189999999966
11
147.435104999999993
21
-107.8655609999999996
0
LINE
8
BLACK
6
CONTINUOUS
10
147.435104999999993
20
-107.8655609999999996
11
147.4159999999999968
21
-107.695999999999998
0
LINE
8
BLACK
6
CONTINUOUS
10
147.4159999999999968
20
-107.695999999999998
11
147.435104999999993
21
-107.5264389999999963
0
LINE
8
BLACK
6
CONTINUOUS
10
147.435104999999993
20
-107.5264389999999963
11
147.4914619999999843
21
-107.3653809999999993
0
LINE
8
BLACK
6
CONTINUOUS
10
147.4914619999999843
20
-107.3653809999999993
11
147.5822440000000029
21
-107.2209009999999978
0
LINE
8
BLACK
6
CONTINUOUS
10
147.5822440000000029
20
-107.2209009999999978
11
147.7029009999999971
21
-107.1002439999999893
0
LINE
8
BLACK
6
CONTINUOUS
10
147.7029009999999971
20
-107.1002439999999893
11
147.8473809999999844
21
-107.0094619999999992
0
LINE
8
BLACK
6
CONTINUOUS
10
147.8473809999999844
20
-107.0094619999999992
11
148.0084389999999814
21
-106.9531049999999937
0
LINE
8
BLACK
6
CONTINUOUS
10
148.0084389999999814
20
-106.9531049999999937
11
148.1779999999999973
21
-106.9339999999999975
0
LINE
8
BLACK
6
CONTINUOUS
10
148.1779999999999973
20
-106.9339999999999975
11
148.3475609999999847
21
-106.9531049999999937
0
LINE
8
BLACK
6
CONTINUOUS
10
151.3475609999999847
20
-106.9531049999999937
11
151.5086189999999817
21
-107.0094619999999992
0
LINE
8
BLACK
6
CONTINUOUS
10
151.5086189999999817
20
-107.0094619999999992
11
151.6530989999999974
21
-107.1002439999999893
0
LINE
8
BLACK
6
CONTINUOUS
10
151.6530989999999974
20
-107.1002439999999893
11
151.7737559999999917
21
-107.2209009999999978
0
LINE
8
BLACK
6
CONTINUOUS
10
151.7737559999999917
20
-107.2209009999999978
11
151.8645379999999818
21
-107.3653809999999993
0
LINE
8
BLACK
6
CONTINUOUS
10
151.8645379999999818
20
-107.3653809999999993
11
151.9208950000000016
21
-107.5264389999999963
0
LINE
8
BLACK
6
CONTINUOUS
10
151.9208950000000016
20
-107.5264389999999963
11
151.9399999999999977
21
-107.695999999999998
0
LINE
8
BLACK
6
CONTINUOUS
10
151.9399999999999977
20
-107.695999999999998
11
151.9208950000000016
21
-107.8655609999999996
0
LINE
8
BLACK
6
CONTINUOUS
10
151.9208950000000016
20
-107.8655609999999996
11
151.8645379999999818
21
-108.0266189999999966
0
LINE
8
BLACK
6
CONTINUOUS
10
151.8645379999999818
20
-108.0266189999999966
11
151.7737559999999917
21
-108.1710989999999981
0
LINE
8
BLACK
6
CONTINUOUS
10
151.7737559999999917
20
-108.1710989999999981
11
151.6530989999999974
21
-108.2917559999999924
0
LINE
8
BLACK
6
CONTINUOUS
10
151.6530989999999974
20
-108.2917559999999924
11
151.5086189999999817
21
-108.3825379999999967
0
LINE
8
BLACK
6
CONTINUOUS
10
151.5086189999999817
20
-108.3825379999999967
11
151.3475609999999847
21
-108.438894999999988
0
LINE
8
BLACK
6
CONTINUOUS
10
151.3475609999999847
20
-108.438894999999988
11
151.1779999999999973
21
-108.4579999999999984
0
LINE
8
BLACK
6
CONTINUOUS
10
151.1779999999999973
20
-108.4579999999999984
11
151.0084389999999814
21
-108.438894999999988
0
LINE
8
BLACK
6
CONTINUOUS
10
151.0084389999999814
20
-108.438894999999988
11
150.8473809999999844
21
-108.3825379999999967
0
LINE
8
BLACK
6
CONTINUOUS
10
150.8473809999999844
20
-108.3825379999999967
11
150.7029009999999971
21
-108.2917559999999924
0
LINE
8
BLACK
6
CONTINUOUS
10
150.7029009999999971
20
-108.2917559999999924
11
150.5822440000000029
21
-108.1710989999999981
0
LINE
8
BLACK
6
CONTINUOUS
10
150.5822440000000029
20
-108.1710989999999981
11
150.4914619999999843
21
-108.0266189999999966
0
LINE
8
BLACK
6
CONTINUOUS
10
150.4914619999999843
20
-108.0266189999999966
11
150.435104999999993
21
-107.8655609999999996
0
LINE
8
BLACK
6
CONTINUOUS
10
150.435104999999993
20
-107.8655609999999996
11
150.4159999999999968
21
-107.695999999999998
0
LINE
8
BLACK
6
CONTINUOUS
10
150.4159999999999968
20
-107.695999999999998
11
150.435104999999993
21
-107.5264389999999963
0
LINE
8
BLACK
6
CONTINUOUS
10
150.435104999999993
20
-107.5264389999999963
11
150.4914619999999843
21
-107.3653809999999993
0
LINE
8
BLACK
6
CONTINUOUS
10
150.4914619999999843
20
-107.3653809999999993
11
150.5822440000000029
21
-107.2209009999999978
0
LINE
8
BLACK
6
CONTINUOUS
10
150.5822440000000029
20
-107.2209009999999978
11
150.7029009999999971
21
-107.1002439999999893
0
LINE
8
BLACK
6
CONTINUOUS
10
150.7029009999999971
20
-107.1002439999999893
11
150.8473809999999844
21
-107.0094619999999992
0
LINE
8
BLACK
6
CONTINUOUS
10
150.8473809999999844
20
-107.0094619999999992
11
151.0084389999999814
21
-106.9531049999999937
0
LINE
8
BLACK
6
CONTINUOUS
10
151.0084389999999814
20
-106.9531049999999937
11
151.1779999999999973
21
-106.9339999999999975
0
LINE
8
BLACK
6
CONTINUOUS
10
151.1779999999999973
20
-106.9339999999999975
11
151.3475609999999847
21
-106.9531049999999937
0
LINE
8
BLACK
6
CONTINUOUS
10
154.3475609999999847
20
-106.9531049999999937
11
154.5086189999999817
21
-107.0094619999999992
0
LINE
8
BLACK
6
CONTINUOUS
10
154.5086189999999817
20
-107.0094619999999992
11
154.6530989999999974
21
-107.1002439999999893
0
LINE
8
BLACK
6
CONTINUOUS
10
154.6530989999999974
20
-107.1002439999999893
11
154.7737559999999917
21
-107.2209009999999978
0
LINE
8
BLACK
6
CONTINUOUS
10
154.7737559999999917
20
-107.2209009999999978
11
154.8645379999999818
21
-107.3653809999999993
0
LINE
8
BLACK
6
CONTINUOUS
10
154.8645379999999818
20
-107.3653809999999993
11
154.9208950000000016
21
-107.5264389999999963
0
LINE
8
BLACK
6
CONTINUOUS
10
154.9208950000000016
20
-107.5264389999999963
11
154.9399999999999977
21
-107.695999999999998
0
LINE
8
BLACK
6
CONTINUOUS
10
154.9399999999999977
20
-107.695999999999998
11
154.9208950000000016
21
-107.8655609999999996
0
LINE
8
BLACK
6
CONTINUOUS
10
154.9208950000000016
20
-107.8655609999999996
11
154.8645379999999818
21
-108.0266189999999966
0
LINE
8
BLACK
6
CONTINUOUS
10
154.8645379999999818
20
-108.0266189999999966
11
154.7737559999999917
21
-108.1710989999999981
0
LINE
8
BLACK
6
CONTINUOUS
10
154.7737559999999917
20
-108.1710989999999981
11
154.6530989999999974
21
-108.2917559999999924
0
LINE
8
BLACK
6
CONTINUOUS
10
154.6530989999999974
20
-108.2917559999999924
11
154.5086189999999817
21
-108.3825379999999967
0
LINE
8
BLACK
6
CONTINUOUS
10
154.5086189999999817
20
-108.3825379999999967
11
154.3475609999999847
21
-108.438894999999988
0
LINE
8
BLACK
6
CONTINUOUS
10
154.3475609999999847
20
-108.438894999999988
11
154.1779999999999973
21
-108.4579999999999984
0
LINE
8
BLACK
6
CONTINUOUS
10
154.1779999999999973
20
-108.4579999999999984
11
154.0084389999999814
21
-108.438894999999988
0
LINE
8
BLACK
6
CONTINUOUS
10
154.0084389999999814
20
-108.438894999999988
11
153.8473809999999844
21
-108.3825379999999967
0
LINE
8
BLACK
6
CONTINUOUS
10
153.8473809999999844
20
-108.3825379999999967
11
153.7029009999999971
21
-108.2917559999999924
0
LINE
8
BLACK
6
CONTINUOUS
10
153.7029009999999971
20
-108.2917559999999924
11
153.5822440000000029
21
-108.1710989999999981
0
LINE
8
BLACK
6
CONTINUOUS
10
153.5822440000000029
20
-108.1710989999999981
11
153.4914619999999843
21
-108.0266189999999966
0
LINE
8
BLACK
6
CONTINUOUS
10
153.4914619999999843
20
-108.0266189999999966
11
153.435104999999993
21
-107.8655609999999996
0
LINE
8
BLACK
6
CONTINUOUS
10
153.435104999999993
20
-107.8655609999999996
11
153.4159999999999968
21
-107.695999999999998
0
LINE
8
BLACK
6
CONTINUOUS
10
153.4159999999999968
20
-107.695999999999998
11
153.435104999999993
21
-107.5264389999999963
0
LINE
8
BLACK
6
CONTINUOUS
10
153.435104999999993
20
-107.5264389999999963
11
153.4914619999999843
21
-107.3653809999999993
0
LINE
8
BLACK
6
CONTINUOUS
10
153.4914619999999843
20
-107.3653809999999993
11
153.5822440000000029
21
-107.2209009999999978
0
LINE
8
BLACK
6
CONTINUOUS
10
153.5822440000000029
20
-107.2209009999999978
11
153.7029009999999971
21
-107.1002439999999893
0
LINE
8
BLACK
6
CONTINUOUS
10
153.7029009999999971
20
-107.1002439999999893
11
153.8473809999999844
21
-107.0094619999999992
0
LINE
8
BLACK
6
CONTINUOUS
10
153.8473809999999844
20
-107.0094619999999992
11
154.0084389999999814
21
-106.9531049999999937
0
LINE
8
BLACK
6
CONTINUOUS
10
154.0084389999999814
20
-106.9531049999999937
11
154.1779999999999973
21
-106.9339999999999975
0
LINE
8
BLACK
6
CONTINUOUS
10
154.1779999999999973
20
-106.9339999999999975
11
154.3475609999999847
21
-106.9531049999999937
0
LINE
8
BLACK
6
CONTINUOUS
10
133.9906709999999919
20
-88.4690299999999894
11
134.0717769999999973
21
-88.5232230000000015
0
LINE
8
BLACK
6
CONTINUOUS
10
134.0717769999999973
20
-88.5232230000000015
11
134.1259699999999953
21
-88.6043289999999928
0
LINE
8
BLACK
6
CONTINUOUS
10
134.1259699999999953
20
-88.6043289999999928
11
134.1449989999999843
21
-88.7000000000000028
0
LINE
8
BLACK
6
CONTINUOUS
10
134.1449989999999843
20
-88.7000000000000028
11
134.1449989999999843
21
-88.9375
0
LINE
8
BLACK
6
CONTINUOUS
10
134.1449989999999843
20
-88.9375
11
135.4375
21
-88.9375
0
LINE
8
BLACK
6
CONTINUOUS
10
135.4375
20
-88.9375
11
135.5027479999999969
21
-88.9417770000000019
0
LINE
8
BLACK
6
CONTINUOUS
10
135.5027479999999969
20
-88.9417770000000019
11
135.5027629999999874
21
-88.9417770000000019
0
LINE
8
BLACK
6
CONTINUOUS
10
135.5027629999999874
20
-88.9417770000000019
11
135.610841999999991
21
-88.9707369999999997
0
LINE
8
BLACK
6
CONTINUOUS
10
135.610841999999991
20
-88.9707369999999997
11
135.6288419999999917
21
-88.9755600000000015
0
LINE
8
BLACK
6
CONTINUOUS
10
135.6288419999999917
20
-88.9755600000000015
11
135.7418810000000065
21
-89.040822999999989
0
LINE
8
BLACK
6
CONTINUOUS
10
135.7418810000000065
20
-89.040822999999989
11
135.741895999999997
21
-89.0408379999999937
0
LINE
8
BLACK
6
CONTINUOUS
10
135.741895999999997
20
-89.0408379999999937
11
135.7910530000000051
21
-89.0839469999999949
0
LINE
8
BLACK
6
CONTINUOUS
10
135.7910530000000051
20
-89.0839469999999949
11
138.3535530000000051
21
-91.6464459999999974
0
LINE
8
BLACK
6
CONTINUOUS
10
138.3535530000000051
20
-91.6464459999999974
11
138.3966680000000053
21
-91.6956100000000021
0
LINE
8
BLACK
6
CONTINUOUS
10
138.3966680000000053
20
-91.6956100000000021
11
138.3966769999999826
21
-91.6956189999999935
0
LINE
8
BLACK
6
CONTINUOUS
10
138.3966769999999826
20
-91.6956189999999935
11
138.4271459999999934
21
-91.748392999999993
0
LINE
8
BLACK
6
CONTINUOUS
10
138.4271459999999934
20
-91.748392999999993
11
138.4619399999999985
21
-91.8086579999999941
0
LINE
8
BLACK
6
CONTINUOUS
10
138.4619399999999985
20
-91.8086579999999941
11
138.4957229999999981
21
-91.9347369999999984
0
LINE
8
BLACK
6
CONTINUOUS
10
138.4957229999999981
20
-91.9347369999999984
11
138.4957229999999981
21
-91.9347519999999889
0
LINE
8
BLACK
6
CONTINUOUS
10
138.4957229999999981
20
-91.9347519999999889
11
138.5
21
-92.
0
LINE
8
BLACK
6
CONTINUOUS
10
138.5
20
-92.
11
138.5
21
-104.25
0
LINE
8
BLACK
6
CONTINUOUS
10
138.5
20
-104.25
11
138.4957220000000007
21
-104.3152630000000016
0
LINE
8
BLACK
6
CONTINUOUS
10
138.4957220000000007
20
-104.3152630000000016
11
138.4619399999999985
21
-104.4413419999999917
0
LINE
8
BLACK
6
CONTINUOUS
10
138.4619399999999985
20
-104.4413419999999917
11
138.3966769999999826
21
-104.5543809999999922
0
LINE
8
BLACK
6
CONTINUOUS
10
138.3966769999999826
20
-104.5543809999999922
11
138.3043810000000065
21
-104.6466769999999968
0
LINE
8
BLACK
6
CONTINUOUS
10
138.3043810000000065
20
-104.6466769999999968
11
138.1913419999999917
21
-104.7119399999999985
0
LINE
8
BLACK
6
CONTINUOUS
10
138.1913419999999917
20
-104.7119399999999985
11
138.0652629999999874
21
-104.7457220000000007
0
LINE
8
BLACK
6
CONTINUOUS
10
138.0652629999999874
20
-104.7457220000000007
11
137.9347369999999842
21
-104.7457220000000007
0
LINE
8
BLACK
6
CONTINUOUS
10
137.9347369999999842
20
-104.7457220000000007
11
137.8086579999999799
21
-104.7119399999999985
0
LINE
8
BLACK
6
CONTINUOUS
10
137.8086579999999799
20
-104.7119399999999985
11
137.6956189999999935
21
-104.6466769999999968
0
LINE
8
BLACK
6
CONTINUOUS
10
137.6956189999999935
20
-104.6466769999999968
11
137.603322999999989
21
-104.5543809999999922
0
LINE
8
BLACK
6
CONTINUOUS
10
137.603322999999989
20
-104.5543809999999922
11
137.5380600000000015
21
-104.4413419999999917
0
LINE
8
BLACK
6
CONTINUOUS
10
137.5380600000000015
20
-104.4413419999999917
11
137.5042779999999993
21
-104.3152630000000016
0
LINE
8
BLACK
6
CONTINUOUS
10
137.5042779999999993
20
-104.3152630000000016
11
137.5
21
-104.25
0
LINE
8
BLACK
6
CONTINUOUS
10
137.5
20
-104.25
11
137.5
21
-92.207105999999996
0
LINE
8
BLACK
6
CONTINUOUS
10
137.5
20
-92.207105999999996
11
135.2303939999999898
21
-89.9375
0
LINE
8
BLACK
6
CONTINUOUS
10
135.2303939999999898
20
-89.9375
11
134.1449999999999818
21
-89.9375
0
LINE
8
BLACK
6
CONTINUOUS
10
134.1449999999999818
20
-89.9375
11
134.1449999999999818
21
-90.1750009999999946
0
LINE
8
BLACK
6
CONTINUOUS
10
134.1449999999999818
20
-90.1750009999999946
11
134.1259699999999953
21
-90.270670999999993
0
LINE
8
BLACK
6
CONTINUOUS
10
134.1259699999999953
20
-90.270670999999993
11
134.0717769999999973
21
-90.3517769999999985
0
LINE
8
BLACK
6
CONTINUOUS
10
134.0717769999999973
20
-90.3517769999999985
11
133.9906709999999919
21
-90.4059699999999964
0
LINE
8
BLACK
6
CONTINUOUS
10
133.9906709999999919
20
-90.4059699999999964
11
133.8949999999999818
21
-90.4249989999999997
0
LINE
8
BLACK
6
CONTINUOUS
10
133.8949999999999818
20
-90.4249989999999997
11
128.9949990000000071
21
-90.4249999999999972
0
LINE
8
BLACK
6
CONTINUOUS
10
128.9949990000000071
20
-90.4249999999999972
11
128.8993289999999945
21
-90.4059699999999964
0
LINE
8
BLACK
6
CONTINUOUS
10
128.8993289999999945
20
-90.4059699999999964
11
128.818222999999989
21
-90.3517769999999985
0
LINE
8
BLACK
6
CONTINUOUS
10
128.818222999999989
20
-90.3517769999999985
11
128.7640299999999911
21
-90.270670999999993
0
LINE
8
BLACK
6
CONTINUOUS
10
128.7640299999999911
20
-90.270670999999993
11
128.745001000000002
21
-90.1749999999999972
0
LINE
8
BLACK
6
CONTINUOUS
10
128.745001000000002
20
-90.1749999999999972
11
128.7450000000000045
21
-88.6999989999999912
0
LINE
8
BLACK
6
CONTINUOUS
10
128.7450000000000045
20
-88.6999989999999912
11
128.7640299999999911
21
-88.6043289999999928
0
LINE
8
BLACK
6
CONTINUOUS
10
128.7640299999999911
20
-88.6043289999999928
11
128.818222999999989
21
-88.5232230000000015
0
LINE
8
BLACK
6
CONTINUOUS
10
128.818222999999989
20
-88.5232230000000015
11
128.8993289999999945
21
-88.4690299999999894
0
LINE
8
BLACK
6
CONTINUOUS
10
128.8993289999999945
20
-88.4690299999999894
11
128.9950000000000045
21
-88.4500010000000003
0
LINE
8
BLACK
6
CONTINUOUS
10
128.9950000000000045
20
-88.4500010000000003
11
133.8950010000000077
21
-88.4500000000000028
0
LINE
8
BLACK
6
CONTINUOUS
10
133.8950010000000077
20
-88.4500000000000028
11
133.9906709999999919
21
-88.4690299999999894
0
LINE
8
BLACK
6
CONTINUOUS
10
156.4606069999999818
20
-103.3785769999999928
11
156.5721139999999991
21
-103.4353929999999906
0
LINE
8
BLACK
6
CONTINUOUS
10
156.5721139999999991
20
-103.4353929999999906
11
156.6606069999999988
21
-103.5238859999999903
0
LINE
8
BLACK
6
CONTINUOUS
10
156.6606069999999988
20
-103.5238859999999903
11
156.7174229999999966
21
-103.6353929999999934
0
LINE
8
BLACK
6
CONTINUOUS
10
156.7174229999999966
20
-103.6353929999999934
11
156.7369999999999948
21
-103.7590000000000003
0
LINE
8
BLACK
6
CONTINUOUS
10
156.7369999999999948
20
-103.7590000000000003
11
156.7174229999999966
21
-103.882606999999993
0
LINE
8
BLACK
6
CONTINUOUS
10
156.7174229999999966
20
-103.882606999999993
11
156.6606069999999988
21
-103.9941139999999962
0
LINE
8
BLACK
6
CONTINUOUS
10
156.6606069999999988
20
-103.9941139999999962
11
156.5721139999999991
21
-104.0826069999999959
0
LINE
8
BLACK
6
CONTINUOUS
10
156.5721139999999991
20
-104.0826069999999959
11
156.4606069999999818
21
-104.1394229999999936
0
LINE
8
BLACK
6
CONTINUOUS
10
156.4606069999999818
20
-104.1394229999999936
11
156.3369999999999891
21
-104.1589999999999918
0
LINE
8
BLACK
6
CONTINUOUS
10
156.3369999999999891
20
-104.1589999999999918
11
156.2133929999999964
21
-104.1394229999999936
0
LINE
8
BLACK
6
CONTINUOUS
10
156.2133929999999964
20
-104.1394229999999936
11
156.101885999999979
21
-104.0826069999999959
0
LINE
8
BLACK
6
CONTINUOUS
10
156.101885999999979
20
-104.0826069999999959
11
156.0133929999999793
21
-103.9941139999999962
0
LINE
8
BLACK
6
CONTINUOUS
10
156.0133929999999793
20
-103.9941139999999962
11
155.9565769999999816
21
-103.882606999999993
0
LINE
8
BLACK
6
CONTINUOUS
10
155.9565769999999816
20
-103.882606999999993
11
155.9369999999999834
21
-103.7590000000000003
0
LINE
8
BLACK
6
CONTINUOUS
10
155.9369999999999834
20
-103.7590000000000003
11
155.9565769999999816
21
-103.6353929999999934
0
LINE
8
BLACK
6
CONTINUOUS
10
155.9565769999999816
20
-103.6353929999999934
11
156.0133929999999793
21
-103.5238859999999903
0
LINE
8
BLACK
6
CONTINUOUS
10
156.0133929999999793
20
-103.5238859999999903
11
156.101885999999979
21
-103.4353929999999906
0
LINE
8
BLACK
6
CONTINUOUS
10
156.101885999999979
20
-103.4353929999999906
11
156.2133929999999964
21
-103.3785769999999928
0
LINE
8
BLACK
6
CONTINUOUS
10
156.2133929999999964
20
-103.3785769999999928
11
156.3369999999999891
21
-103.3589999999999947
0
LINE
8
BLACK
6
CONTINUOUS
10
156.3369999999999891
20
-103.3589999999999947
11
156.4606069999999818
21
-103.3785769999999928
0
LINE
8
BLACK
6
CONTINUOUS
10
166.4936069999999972
20
-100.7115769999999912
11
166.6051139999999862
21
-100.768392999999989
0
LINE
8
BLACK
6
CONTINUOUS
10
166.6051139999999862
20
-100.768392999999989
11
166.6936069999999859
21
-100.8568859999999887
0
LINE
8
BLACK
6
CONTINUOUS
10
166.6936069999999859
20
-100.8568859999999887
11
166.7504229999999836
21
-100.9683929999999918
0
LINE
8
BLACK
6
CONTINUOUS
10
166.7504229999999836
20
-100.9683929999999918
11
166.7699999999999818
21
-101.0919999999999987
0
LINE
8
BLACK
6
CONTINUOUS
10
166.7699999999999818
20
-101.0919999999999987
11
166.7504229999999836
21
-101.2156069999999914
0
LINE
8
BLACK
6
CONTINUOUS
10
166.7504229999999836
20
-101.2156069999999914
11
166.6936069999999859
21
-101.3271139999999946
0
LINE
8
BLACK
6
CONTINUOUS
10
166.6936069999999859
20
-101.3271139999999946
11
166.6051139999999862
21
-101.4156069999999943
0
LINE
8
BLACK
6
CONTINUOUS
10
166.6051139999999862
20
-101.4156069999999943
11
166.4936069999999972
21
-101.472422999999992
0
LINE
8
BLACK
6
CONTINUOUS
10
166.4936069999999972
20
-101.472422999999992
11
166.3700000000000045
21
-101.4919999999999902
0
LINE
8
BLACK
6
CONTINUOUS
10
166.3700000000000045
20
-101.4919999999999902
11
166.2463929999999834
21
-101.472422999999992
0
LINE
8
BLACK
6
CONTINUOUS
10
166.2463929999999834
20
-101.472422999999992
11
166.1348859999999945
21
-101.4156069999999943
0
LINE
8
BLACK
6
CONTINUOUS
10
166.1348859999999945
20
-101.4156069999999943
11
166.0463929999999948
21
-101.3271139999999946
0
LINE
8
BLACK
6
CONTINUOUS
10
166.0463929999999948
20
-101.3271139999999946
11
165.989576999999997
21
-101.2156069999999914
0
LINE
8
BLACK
6
CONTINUOUS
10
165.989576999999997
20
-101.2156069999999914
11
165.9699999999999989
21
-101.0919999999999987
0
LINE
8
BLACK
6
CONTINUOUS
10
165.9699999999999989
20
-101.0919999999999987
11
165.989576999999997
21
-100.9683929999999918
0
LINE
8
BLACK
6
CONTINUOUS
10
165.989576999999997
20
-100.9683929999999918
11
166.0463929999999948
21
-100.8568859999999887
0
LINE
8
BLACK
6
CONTINUOUS
10
166.0463929999999948
20
-100.8568859999999887
11
166.1348859999999945
21
-100.768392999999989
0
LINE
8
BLACK
6
CONTINUOUS
10
166.1348859999999945
20
-100.768392999999989
11
166.2463929999999834
21
-100.7115769999999912
0
LINE
8
BLACK
6
CONTINUOUS
10
166.2463929999999834
20
-100.7115769999999912
11
166.3700000000000045
21
-100.6919999999999931
0
LINE
8
BLACK
6
CONTINUOUS
10
166.3700000000000045
20
-100.6919999999999931
11
166.4936069999999972
21
-100.7115769999999912
0
LINE
8
BLACK
6
CONTINUOUS
10
164.4733870000000024
20
-98.434078999999997
11
164.5504379999999855
21
-98.4855620000000016
0
LINE
8
BLACK
6
CONTINUOUS
10
164.5504379999999855
20
-98.4855620000000016
11
164.6019210000000044
21
-98.5626129999999989
0
LINE
8
BLACK
6
CONTINUOUS
10
164.6019210000000044
20
-98.5626129999999989
11
164.6200000000000045
21
-98.653499999999994
0
LINE
8
BLACK
6
CONTINUOUS
10
164.6200000000000045
20
-98.653499999999994
11
164.6200000000000045
21
-99.2535000000000025
0
LINE
8
BLACK
6
CONTINUOUS
10
164.6200000000000045
20
-99.2535000000000025
11
164.6019210000000044
21
-99.3443869999999976
0
LINE
8
BLACK
6
CONTINUOUS
10
164.6019210000000044
20
-99.3443869999999976
11
164.5504379999999855
21
-99.4214379999999949
0
LINE
8
BLACK
6
CONTINUOUS
10
164.5504379999999855
20
-99.4214379999999949
11
164.4733870000000024
21
-99.4729209999999995
0
LINE
8
BLACK
6
CONTINUOUS
10
164.4733870000000024
20
-99.4729209999999995
11
164.3824999999999932
21
-99.4909999999999997
0
LINE
8
BLACK
6
CONTINUOUS
10
164.3824999999999932
20
-99.4909999999999997
11
164.2949999999999875
21
-99.4909999999999997
0
LINE
8
BLACK
6
CONTINUOUS
10
164.2949999999999875
20
-99.4909999999999997
11
164.2949999999999875
21
-99.8163040000000024
0
LINE
8
BLACK
6
CONTINUOUS
10
164.2949999999999875
20
-99.8163040000000024
11
164.3346070000000054
21
-99.8225769999999955
0
LINE
8
BLACK
6
CONTINUOUS
10
164.3346070000000054
20
-99.8225769999999955
11
164.4461139999999943
21
-99.8793929999999932
0
LINE
8
BLACK
6
CONTINUOUS
10
164.4461139999999943
20
-99.8793929999999932
11
164.5346069999999941
21
-99.9678859999999929
0
LINE
8
BLACK
6
CONTINUOUS
10
164.5346069999999941
20
-99.9678859999999929
11
164.5914229999999918
21
-100.0793929999999961
0
LINE
8
BLACK
6
CONTINUOUS
10
164.5914229999999918
20
-100.0793929999999961
11
164.61099999999999
21
-100.2029999999999887
0
LINE
8
BLACK
6
CONTINUOUS
10
164.61099999999999
20
-100.2029999999999887
11
164.5914229999999918
21
-100.3266069999999957
0
LINE
8
BLACK
6
CONTINUOUS
10
164.5914229999999918
20
-100.3266069999999957
11
164.5346069999999941
21
-100.4381139999999988
0
LINE
8
BLACK
6
CONTINUOUS
10
164.5346069999999941
20
-100.4381139999999988
11
164.4461139999999943
21
-100.5266069999999985
0
LINE
8
BLACK
6
CONTINUOUS
10
164.4461139999999943
20
-100.5266069999999985
11
164.3346070000000054
21
-100.5834229999999963
0
LINE
8
BLACK
6
CONTINUOUS
10
164.3346070000000054
20
-100.5834229999999963
11
164.2109999999999843
21
-100.6029999999999944
0
LINE
8
BLACK
6
CONTINUOUS
10
164.2109999999999843
20
-100.6029999999999944
11
164.0873929999999916
21
-100.5834229999999963
0
LINE
8
BLACK
6
CONTINUOUS
10
164.0873929999999916
20
-100.5834229999999963
11
163.9758860000000027
21
-100.5266069999999985
0
LINE
8
BLACK
6
CONTINUOUS
10
163.9758860000000027
20
-100.5266069999999985
11
163.887393000000003
21
-100.4381139999999988
0
LINE
8
BLACK
6
CONTINUOUS
10
163.887393000000003
20
-100.4381139999999988
11
163.8305770000000052
21
-100.3266069999999957
0
LINE
8
BLACK
6
CONTINUOUS
10
163.8305770000000052
20
-100.3266069999999957
11
163.8109999999999786
21
-100.2029999999999887
0
LINE
8
BLACK
6
CONTINUOUS
10
163.8109999999999786
20
-100.2029999999999887
11
163.8305770000000052
21
-100.0793929999999961
0
LINE
8
BLACK
6
CONTINUOUS
10
163.8305770000000052
20
-100.0793929999999961
11
163.887393000000003
21
-99.9678859999999929
0
LINE
8
BLACK
6
CONTINUOUS
10
163.887393000000003
20
-99.9678859999999929
11
163.9758860000000027
21
-99.8793929999999932
0
LINE
8
BLACK
6
CONTINUOUS
10
163.9758860000000027
20
-99.8793929999999932
11
163.9950000000000045
21
-99.8696529999999996
0
LINE
8
BLACK
6
CONTINUOUS
10
163.9950000000000045
20
-99.8696529999999996
11
163.9950000000000045
21
-99.4909999999999997
0
LINE
8
BLACK
6
CONTINUOUS
10
163.9950000000000045
20
-99.4909999999999997
11
163.9074999999999989
21
-99.4909999999999997
0
LINE
8
BLACK
6
CONTINUOUS
10
163.9074999999999989
20
-99.4909999999999997
11
163.8166129999999896
21
-99.4729209999999995
0
LINE
8
BLACK
6
CONTINUOUS
10
163.8166129999999896
20
-99.4729209999999995
11
163.7395620000000065
21
-99.4214379999999949
0
LINE
8
BLACK
6
CONTINUOUS
10
163.7395620000000065
20
-99.4214379999999949
11
163.6880789999999877
21
-99.3443869999999976
0
LINE
8
BLACK
6
CONTINUOUS
10
163.6880789999999877
20
-99.3443869999999976
11
163.6699999999999875
21
-99.2535000000000025
0
LINE
8
BLACK
6
CONTINUOUS
10
163.6699999999999875
20
-99.2535000000000025
11
163.6699999999999875
21
-98.653499999999994
0
LINE
8
BLACK
6
CONTINUOUS
10
163.6699999999999875
20
-98.653499999999994
11
163.6880789999999877
21
-98.5626129999999989
0
LINE
8
BLACK
6
CONTINUOUS
10
163.6880789999999877
20
-98.5626129999999989
11
163.7395620000000065
21
-98.4855620000000016
0
LINE
8
BLACK
6
CONTINUOUS
10
163.7395620000000065
20
-98.4855620000000016
11
163.8166129999999896
21
-98.434078999999997
0
LINE
8
BLACK
6
CONTINUOUS
10
163.8166129999999896
20
-98.434078999999997
11
163.9074999999999989
21
-98.4159999999999968
0
LINE
8
BLACK
6
CONTINUOUS
10
163.9074999999999989
20
-98.4159999999999968
11
164.3824999999999932
21
-98.4159999999999968
0
LINE
8
BLACK
6
CONTINUOUS
10
164.3824999999999932
20
-98.4159999999999968
11
164.4733870000000024
21
-98.434078999999997
0
LINE
8
BLACK
6
CONTINUOUS
10
140.2723419999999805
20
-88.5650600000000026
11
140.3853809999999953
21
-88.63032299999999
0
LINE
8
BLACK
6
CONTINUOUS
10
140.3853809999999953
20
-88.63032299999999
11
140.4776769999999999
21
-88.7226189999999946
0
LINE
8
BLACK
6
CONTINUOUS
10
140.4776769999999999
20
-88.7226189999999946
11
140.5429399999999873
21
-88.8356579999999951
0
LINE
8
BLACK
6
CONTINUOUS
10
140.5429399999999873
20
-88.8356579999999951
11
140.5767219999999895
21
-88.9617369999999994
0
LINE
8
BLACK
6
CONTINUOUS
10
140.5767219999999895
20
-88.9617369999999994
11
140.5799399999999935
21
-89.0108340000000027
0
LINE
8
BLACK
6
CONTINUOUS
10
140.5799399999999935
20
-89.0108340000000027
11
150.4566069999999911
21
-98.8874999999999886
0
LINE
8
BLACK
6
CONTINUOUS
10
150.4566069999999911
20
-98.8874999999999886
11
157.5499999999999829
21
-98.8874999999999886
0
LINE
8
BLACK
6
CONTINUOUS
10
157.5499999999999829
20
-98.8874999999999886
11
157.5499999999999829
21
-98.649998999999994
0
LINE
8
BLACK
6
CONTINUOUS
10
157.5499999999999829
20
-98.649998999999994
11
157.5690299999999979
21
-98.5543289999999956
0
LINE
8
BLACK
6
CONTINUOUS
10
157.5690299999999979
20
-98.5543289999999956
11
157.6232229999999959
21
-98.4732229999999902
0
LINE
8
BLACK
6
CONTINUOUS
10
157.6232229999999959
20
-98.4732229999999902
11
157.7043290000000013
21
-98.4190299999999922
0
LINE
8
BLACK
6
CONTINUOUS
10
157.7043290000000013
20
-98.4190299999999922
11
157.7999999999999829
21
-98.4000009999999889
0
LINE
8
BLACK
6
CONTINUOUS
10
157.7999999999999829
20
-98.4000009999999889
11
162.7000009999999861
21
-98.3999999999999915
0
LINE
8
BLACK
6
CONTINUOUS
10
162.7000009999999861
20
-98.3999999999999915
11
162.7956709999999987
21
-98.4190299999999922
0
LINE
8
BLACK
6
CONTINUOUS
10
162.7956709999999987
20
-98.4190299999999922
11
162.8767770000000041
21
-98.4732229999999902
0
LINE
8
BLACK
6
CONTINUOUS
10
162.8767770000000041
20
-98.4732229999999902
11
162.9309700000000021
21
-98.5543289999999956
0
LINE
8
BLACK
6
CONTINUOUS
10
162.9309700000000021
20
-98.5543289999999956
11
162.9499989999999912
21
-98.6499999999999915
0
LINE
8
BLACK
6
CONTINUOUS
10
162.9499989999999912
20
-98.6499999999999915
11
162.9499999999999886
21
-100.1250009999999975
0
LINE
8
BLACK
6
CONTINUOUS
10
162.9499999999999886
20
-100.1250009999999975
11
162.9309700000000021
21
-100.2206709999999958
0
LINE
8
BLACK
6
CONTINUOUS
10
162.9309700000000021
20
-100.2206709999999958
11
162.8767770000000041
21
-100.3017770000000013
0
LINE
8
BLACK
6
CONTINUOUS
10
162.8767770000000041
20
-100.3017770000000013
11
162.7956709999999987
21
-100.3559699999999992
0
LINE
8
BLACK
6
CONTINUOUS
10
162.7956709999999987
20
-100.3559699999999992
11
162.6999999999999886
21
-100.3749990000000025
0
LINE
8
BLACK
6
CONTINUOUS
10
162.6999999999999886
20
-100.3749990000000025
11
157.7999989999999855
21
-100.375
0
LINE
8
BLACK
6
CONTINUOUS
10
157.7999989999999855
20
-100.375
11
157.7043290000000013
21
-100.3559699999999992
0
LINE
8
BLACK
6
CONTINUOUS
10
157.7043290000000013
20
-100.3559699999999992
11
157.6232229999999959
21
-100.3017770000000013
0
LINE
8
BLACK
6
CONTINUOUS
10
157.6232229999999959
20
-100.3017770000000013
11
157.5690299999999979
21
-100.2206709999999958
0
LINE
8
BLACK
6
CONTINUOUS
10
157.5690299999999979
20
-100.2206709999999958
11
157.5500009999999804
21
-100.125
0
LINE
8
BLACK
6
CONTINUOUS
10
157.5500009999999804
20
-100.125
11
157.5500009999999804
21
-99.8874999999999886
0
LINE
8
BLACK
6
CONTINUOUS
10
157.5500009999999804
20
-99.8874999999999886
11
150.2494999999999834
21
-99.8874999999999886
0
LINE
8
BLACK
6
CONTINUOUS
10
150.2494999999999834
20
-99.8874999999999886
11
150.1842519999999865
21
-99.883223000000001
0
LINE
8
BLACK
6
CONTINUOUS
10
150.1842519999999865
20
-99.883223000000001
11
150.184236999999996
21
-99.883223000000001
0
LINE
8
BLACK
6
CONTINUOUS
10
150.184236999999996
20
-99.883223000000001
11
150.0848009999999988
21
-99.8565789999999964
0
LINE
8
BLACK
6
CONTINUOUS
10
150.0848009999999988
20
-99.8565789999999964
11
150.0581579999999917
21
-99.8494400000000013
0
LINE
8
BLACK
6
CONTINUOUS
10
150.0581579999999917
20
-99.8494400000000013
11
149.9451190000000054
21
-99.7841769999999997
0
LINE
8
BLACK
6
CONTINUOUS
10
149.9451190000000054
20
-99.7841769999999997
11
149.9451109999999971
21
-99.7841689999999915
0
LINE
8
BLACK
6
CONTINUOUS
10
149.9451109999999971
20
-99.7841689999999915
11
149.8959470000000067
21
-99.7410539999999912
0
LINE
8
BLACK
6
CONTINUOUS
10
149.8959470000000067
20
-99.7410539999999912
11
139.7274469999999837
21
-89.5725529999999992
0
LINE
8
BLACK
6
CONTINUOUS
10
139.7274469999999837
20
-89.5725529999999992
11
139.6843379999999968
21
-89.5233959999999911
0
LINE
8
BLACK
6
CONTINUOUS
10
139.6843379999999968
20
-89.5233959999999911
11
139.6843230000000062
21
-89.5233810000000005
0
LINE
8
BLACK
6
CONTINUOUS
10
139.6843230000000062
20
-89.5233810000000005
11
139.6190599999999904
21
-89.410342
0
LINE
8
BLACK
6
CONTINUOUS
10
139.6190599999999904
20
-89.410342
11
139.603053999999986
21
-89.3506069999999966
0
LINE
8
BLACK
6
CONTINUOUS
10
139.603053999999986
20
-89.3506069999999966
11
139.5852769999999907
21
-89.2842629999999957
0
LINE
8
BLACK
6
CONTINUOUS
10
139.5852769999999907
20
-89.2842629999999957
11
139.5852769999999907
21
-89.2842469999999935
0
LINE
8
BLACK
6
CONTINUOUS
10
139.5852769999999907
20
-89.2842469999999935
11
139.5809999999999889
21
-89.2189999999999941
0
LINE
8
BLACK
6
CONTINUOUS
10
139.5809999999999889
20
-89.2189999999999941
11
139.5809999999999889
21
-89.027000000000001
0
LINE
8
BLACK
6
CONTINUOUS
10
139.5809999999999889
20
-89.027000000000001
11
139.5852779999999882
21
-88.9617369999999994
0
LINE
8
BLACK
6
CONTINUOUS
10
139.5852779999999882
20
-88.9617369999999994
11
139.6190599999999904
21
-88.8356579999999951
0
LINE
8
BLACK
6
CONTINUOUS
10
139.6190599999999904
20
-88.8356579999999951
11
139.6843230000000062
21
-88.7226189999999946
0
LINE
8
BLACK
6
CONTINUOUS
10
139.6843230000000062
20
-88.7226189999999946
11
139.7766189999999824
21
-88.63032299999999
0
LINE
8
BLACK
6
CONTINUOUS
10
139.7766189999999824
20
-88.63032299999999
11
139.8896579999999972
21
-88.5650600000000026
0
LINE
8
BLACK
6
CONTINUOUS
10
139.8896579999999972
20
-88.5650600000000026
11
140.0157370000000014
21
-88.5312780000000004
0
LINE
8
BLACK
6
CONTINUOUS
10
140.0157370000000014
20
-88.5312780000000004
11
140.1462630000000047
21
-88.5312780000000004
0
LINE
8
BLACK
6
CONTINUOUS
10
140.1462630000000047
20
-88.5312780000000004
11
140.2723419999999805
21
-88.5650600000000026
0
LINE
8
BLACK
6
CONTINUOUS
10
166.3673869999999795
20
-98.1420789999999954
11
166.444437999999991
21
-98.193562
0
LINE
8
BLACK
6
CONTINUOUS
10
166.444437999999991
20
-98.193562
11
166.4959209999999814
21
-98.2706129999999973
0
LINE
8
BLACK
6
CONTINUOUS
10
166.4959209999999814
20
-98.2706129999999973
11
166.5139999999999816
21
-98.3614999999999924
0
LINE
8
BLACK
6
CONTINUOUS
10
166.5139999999999816
20
-98.3614999999999924
11
166.5139999999999816
21
-98.8365000000000009
0
LINE
8
BLACK
6
CONTINUOUS
10
166.5139999999999816
20
-98.8365000000000009
11
166.4959209999999814
21
-98.927386999999996
0
LINE
8
BLACK
6
CONTINUOUS
10
166.4959209999999814
20
-98.927386999999996
11
166.444437999999991
21
-99.0044379999999933
0
LINE
8
BLACK
6
CONTINUOUS
10
166.444437999999991
20
-99.0044379999999933
11
166.3673869999999795
21
-99.0559209999999979
0
LINE
8
BLACK
6
CONTINUOUS
10
166.3673869999999795
20
-99.0559209999999979
11
166.2764999999999986
21
-99.0739999999999981
0
LINE
8
BLACK
6
CONTINUOUS
10
166.2764999999999986
20
-99.0739999999999981
11
166.1765000000000043
21
-99.0739999999999981
0
LINE
8
BLACK
6
CONTINUOUS
10
166.1765000000000043
20
-99.0739999999999981
11
166.1765000000000043
21
-99.4392969999999963
0
LINE
8
BLACK
6
CONTINUOUS
10
166.1765000000000043
20
-99.4392969999999963
11
166.2298429999999883
21
-99.4664769999999976
0
LINE
8
BLACK
6
CONTINUOUS
10
166.2298429999999883
20
-99.4664769999999976
11
166.318335999999988
21
-99.5549699999999973
0
LINE
8
BLACK
6
CONTINUOUS
10
166.318335999999988
20
-99.5549699999999973
11
166.3751519999999857
21
-99.6664770000000004
0
LINE
8
BLACK
6
CONTINUOUS
10
166.3751519999999857
20
-99.6664770000000004
11
166.3947289999999839
21
-99.7900839999999931
0
LINE
8
BLACK
6
CONTINUOUS
10
166.3947289999999839
20
-99.7900839999999931
11
166.3751519999999857
21
-99.913691
0
LINE
8
BLACK
6
CONTINUOUS
10
166.3751519999999857
20
-99.913691
11
166.318335999999988
21
-100.025197999999989
0
LINE
8
BLACK
6
CONTINUOUS
10
166.318335999999988
20
-100.025197999999989
11
166.2298429999999883
21
-100.1136909999999887
0
LINE
8
BLACK
6
CONTINUOUS
10
166.2298429999999883
20
-100.1136909999999887
11
166.1183359999999993
21
-100.1705070000000006
0
LINE
8
BLACK
6
CONTINUOUS
10
166.1183359999999993
20
-100.1705070000000006
11
165.9947290000000066
21
-100.1900839999999988
0
LINE
8
BLACK
6
CONTINUOUS
10
165.9947290000000066
20
-100.1900839999999988
11
165.8711219999999855
21
-100.1705070000000006
0
LINE
8
BLACK
6
CONTINUOUS
10
165.8711219999999855
20
-100.1705070000000006
11
165.7596149999999966
21
-100.1136909999999887
0
LINE
8
BLACK
6
CONTINUOUS
10
165.7596149999999966
20
-100.1136909999999887
11
165.6711219999999969
21
-100.025197999999989
0
LINE
8
BLACK
6
CONTINUOUS
10
165.6711219999999969
20
-100.025197999999989
11
165.6143059999999991
21
-99.913691
0
LINE
8
BLACK
6
CONTINUOUS
10
165.6143059999999991
20
-99.913691
11
165.594729000000001
21
-99.7900839999999931
0
LINE
8
BLACK
6
CONTINUOUS
10
165.594729000000001
20
-99.7900839999999931
11
165.6143059999999991
21
-99.6664770000000004
0
LINE
8
BLACK
6
CONTINUOUS
10
165.6143059999999991
20
-99.6664770000000004
11
165.6711219999999969
21
-99.5549699999999973
0
LINE
8
BLACK
6
CONTINUOUS
10
165.6711219999999969
20
-99.5549699999999973
11
165.7596149999999966
21
-99.4664769999999976
0
LINE
8
BLACK
6
CONTINUOUS
10
165.7596149999999966
20
-99.4664769999999976
11
165.8711219999999855
21
-99.4096609999999998
0
LINE
8
BLACK
6
CONTINUOUS
10
165.8711219999999855
20
-99.4096609999999998
11
165.876499999999993
21
-99.4088089999999909
0
LINE
8
BLACK
6
CONTINUOUS
10
165.876499999999993
20
-99.4088089999999909
11
165.876499999999993
21
-99.0739999999999981
0
LINE
8
BLACK
6
CONTINUOUS
10
165.876499999999993
20
-99.0739999999999981
11
165.7764999999999986
21
-99.0739999999999981
0
LINE
8
BLACK
6
CONTINUOUS
10
165.7764999999999986
20
-99.0739999999999981
11
165.6856129999999894
21
-99.0559209999999979
0
LINE
8
BLACK
6
CONTINUOUS
10
165.6856129999999894
20
-99.0559209999999979
11
165.6085620000000063
21
-99.0044379999999933
0
LINE
8
BLACK
6
CONTINUOUS
10
165.6085620000000063
20
-99.0044379999999933
11
165.5570789999999874
21
-98.927386999999996
0
LINE
8
BLACK
6
CONTINUOUS
10
165.5570789999999874
20
-98.927386999999996
11
165.5389999999999873
21
-98.8365000000000009
0
LINE
8
BLACK
6
CONTINUOUS
10
165.5389999999999873
20
-98.8365000000000009
11
165.5389999999999873
21
-98.3614999999999924
0
LINE
8
BLACK
6
CONTINUOUS
10
165.5389999999999873
20
-98.3614999999999924
11
165.5570789999999874
21
-98.2706129999999973
0
LINE
8
BLACK
6
CONTINUOUS
10
165.5570789999999874
20
-98.2706129999999973
11
165.6085620000000063
21
-98.193562
0
LINE
8
BLACK
6
CONTINUOUS
10
165.6085620000000063
20
-98.193562
11
165.6856129999999894
21
-98.1420789999999954
0
LINE
8
BLACK
6
CONTINUOUS
10
165.6856129999999894
20
-98.1420789999999954
11
165.7764999999999986
21
-98.1239999999999952
0
LINE
8
BLACK
6
CONTINUOUS
10
165.7764999999999986
20
-98.1239999999999952
11
166.2764999999999986
21
-98.1239999999999952
0
LINE
8
BLACK
6
CONTINUOUS
10
166.2764999999999986
20
-98.1239999999999952
11
166.3673869999999795
21
-98.1420789999999954
0
LINE
8
BLACK
6
CONTINUOUS
10
169.8733869999999797
20
-95.4390789999999924
11
169.9504379999999912
21
-95.4905619999999971
0
LINE
8
BLACK
6
CONTINUOUS
10
169.9504379999999912
20
-95.4905619999999971
11
170.0019209999999816
21
-95.5676129999999944
0
LINE
8
BLACK
6
CONTINUOUS
10
170.0019209999999816
20
-95.5676129999999944
11
170.0199999999999818
21
-95.6584999999999894
0
LINE
8
BLACK
6
CONTINUOUS
10
170.0199999999999818
20
-95.6584999999999894
11
170.0199999999999818
21
-96.1584999999999894
0
LINE
8
BLACK
6
CONTINUOUS
10
170.0199999999999818
20
-96.1584999999999894
11
170.0019209999999816
21
-96.2493869999999987
0
LINE
8
BLACK
6
CONTINUOUS
10
170.0019209999999816
20
-96.2493869999999987
11
169.9504379999999912
21
-96.326437999999996
0
LINE
8
BLACK
6
CONTINUOUS
10
169.9504379999999912
20
-96.326437999999996
11
169.8733869999999797
21
-96.3779210000000006
0
LINE
8
BLACK
6
CONTINUOUS
10
169.8733869999999797
20
-96.3779210000000006
11
169.7824999999999989
21
-96.3960000000000008
0
LINE
8
BLACK
6
CONTINUOUS
10
169.7824999999999989
20
-96.3960000000000008
11
169.3075000000000045
21
-96.3960000000000008
0
LINE
8
BLACK
6
CONTINUOUS
10
169.3075000000000045
20
-96.3960000000000008
11
169.2759140000000002
21
-96.3897169999999903
0
LINE
8
BLACK
6
CONTINUOUS
10
169.2759140000000002
20
-96.3897169999999903
11
168.9125659999999982
21
-96.7530659999999898
0
LINE
8
BLACK
6
CONTINUOUS
10
168.9125659999999982
20
-96.7530659999999898
11
168.889835000000005
21
-96.7717209999999994
0
LINE
8
BLACK
6
CONTINUOUS
10
168.889835000000005
20
-96.7717209999999994
11
168.8581609999999955
21
-96.7848400000000026
0
LINE
8
BLACK
6
CONTINUOUS
10
168.8581609999999955
20
-96.7848400000000026
11
168.8357639999999833
21
-96.7941179999999974
0
LINE
8
BLACK
6
CONTINUOUS
10
168.8357639999999833
20
-96.7941179999999974
11
168.8064999999999998
21
-96.796999999999997
0
LINE
8
BLACK
6
CONTINUOUS
10
168.8064999999999998
20
-96.796999999999997
11
168.2139999999999986
21
-96.796999999999997
0
LINE
8
BLACK
6
CONTINUOUS
10
168.2139999999999986
20
-96.796999999999997
11
168.2139999999999986
21
-97.4269999999999925
0
LINE
8
BLACK
6
CONTINUOUS
10
168.2139999999999986
20
-97.4269999999999925
11
168.0389999999999873
21
-97.4269999999999925
0
LINE
8
BLACK
6
CONTINUOUS
10
168.0389999999999873
20
-97.4269999999999925
11
168.0389999999999873
21
-98.1239999999999952
0
LINE
8
BLACK
6
CONTINUOUS
10
168.0389999999999873
20
-98.1239999999999952
11
168.1014999999999873
21
-98.1239999999999952
0
LINE
8
BLACK
6
CONTINUOUS
10
168.1014999999999873
20
-98.1239999999999952
11
168.1923869999999965
21
-98.1420789999999954
0
LINE
8
BLACK
6
CONTINUOUS
10
168.1923869999999965
20
-98.1420789999999954
11
168.2694379999999796
21
-98.193562
0
LINE
8
BLACK
6
CONTINUOUS
10
168.2694379999999796
20
-98.193562
11
168.3209209999999985
21
-98.2706129999999973
0
LINE
8
BLACK
6
CONTINUOUS
10
168.3209209999999985
20
-98.2706129999999973
11
168.3389999999999986
21
-98.3614999999999924
0
LINE
8
BLACK
6
CONTINUOUS
10
168.3389999999999986
20
-98.3614999999999924
11
168.3389999999999986
21
-98.8365000000000009
0
LINE
8
BLACK
6
CONTINUOUS
10
168.3389999999999986
20
-98.8365000000000009
11
168.3209209999999985
21
-98.927386999999996
0
LINE
8
BLACK
6
CONTINUOUS
10
168.3209209999999985
20
-98.927386999999996
11
168.2694379999999796
21
-99.0044379999999933
0
LINE
8
BLACK
6
CONTINUOUS
10
168.2694379999999796
20
-99.0044379999999933
11
168.1923869999999965
21
-99.0559209999999979
0
LINE
8
BLACK
6
CONTINUOUS
10
168.1923869999999965
20
-99.0559209999999979
11
168.1014999999999873
21
-99.0739999999999981
0
LINE
8
BLACK
6
CONTINUOUS
10
168.1014999999999873
20
-99.0739999999999981
11
167.6014999999999873
21
-99.0739999999999981
0
LINE
8
BLACK
6
CONTINUOUS
10
167.6014999999999873
20
-99.0739999999999981
11
167.5106130000000064
21
-99.0559209999999979
0
LINE
8
BLACK
6
CONTINUOUS
10
167.5106130000000064
20
-99.0559209999999979
11
167.4335619999999949
21
-99.0044379999999933
0
LINE
8
BLACK
6
CONTINUOUS
10
167.4335619999999949
20
-99.0044379999999933
11
167.3820790000000045
21
-98.927386999999996
0
LINE
8
BLACK
6
CONTINUOUS
10
167.3820790000000045
20
-98.927386999999996
11
167.3640000000000043
21
-98.8365000000000009
0
LINE
8
BLACK
6
CONTINUOUS
10
167.3640000000000043
20
-98.8365000000000009
11
167.3640000000000043
21
-98.3614999999999924
0
LINE
8
BLACK
6
CONTINUOUS
10
167.3640000000000043
20
-98.3614999999999924
11
167.3820790000000045
21
-98.2706129999999973
0
LINE
8
BLACK
6
CONTINUOUS
10
167.3820790000000045
20
-98.2706129999999973
11
167.4335619999999949
21
-98.193562
0
LINE
8
BLACK
6
CONTINUOUS
10
167.4335619999999949
20
-98.193562
11
167.5106130000000064
21
-98.1420789999999954
0
LINE
8
BLACK
6
CONTINUOUS
10
167.5106130000000064
20
-98.1420789999999954
11
167.6014999999999873
21
-98.1239999999999952
0
LINE
8
BLACK
6
CONTINUOUS
10
167.6014999999999873
20
-98.1239999999999952
11
167.7390000000000043
21
-98.1239999999999952
0
LINE
8
BLACK
6
CONTINUOUS
10
167.7390000000000043
20
-98.1239999999999952
11
167.7390000000000043
21
-97.4269999999999925
0
LINE
8
BLACK
6
CONTINUOUS
10
167.7390000000000043
20
-97.4269999999999925
11
167.563999999999993
21
-97.4269999999999925
0
LINE
8
BLACK
6
CONTINUOUS
10
167.563999999999993
20
-97.4269999999999925
11
167.563999999999993
21
-95.8669999999999902
0
LINE
8
BLACK
6
CONTINUOUS
10
167.563999999999993
20
-95.8669999999999902
11
168.2139999999999986
21
-95.8669999999999902
0
LINE
8
BLACK
6
CONTINUOUS
10
168.2139999999999986
20
-95.8669999999999902
11
168.2139999999999986
21
-96.4969999999999999
0
LINE
8
BLACK
6
CONTINUOUS
10
168.2139999999999986
20
-96.4969999999999999
11
168.7443679999999802
21
-96.4969999999999999
0
LINE
8
BLACK
6
CONTINUOUS
10
168.7443679999999802
20
-96.4969999999999999
11
169.0721340000000055
21
-96.1692329999999913
0
LINE
8
BLACK
6
CONTINUOUS
10
169.0721340000000055
20
-96.1692329999999913
11
169.0699999999999932
21
-96.1584999999999894
0
LINE
8
BLACK
6
CONTINUOUS
10
169.0699999999999932
20
-96.1584999999999894
11
169.0699999999999932
21
-95.6584999999999894
0
LINE
8
BLACK
6
CONTINUOUS
10
169.0699999999999932
20
-95.6584999999999894
11
169.0880789999999934
21
-95.5676129999999944
0
LINE
8
BLACK
6
CONTINUOUS
10
169.0880789999999934
20
-95.5676129999999944
11
169.1395619999999838
21
-95.4905619999999971
0
LINE
8
BLACK
6
CONTINUOUS
10
169.1395619999999838
20
-95.4905619999999971
11
169.2166129999999953
21
-95.4390789999999924
0
LINE
8
BLACK
6
CONTINUOUS
10
169.2166129999999953
20
-95.4390789999999924
11
169.3075000000000045
21
-95.4209999999999923
0
LINE
8
BLACK
6
CONTINUOUS
10
169.3075000000000045
20
-95.4209999999999923
11
169.7824999999999989
21
-95.4209999999999923
0
LINE
8
BLACK
6
CONTINUOUS
10
169.7824999999999989
20
-95.4209999999999923
11
169.8733869999999797
21
-95.4390789999999924
0
LINE
8
BLACK
6
CONTINUOUS
10
164.4733870000000024
20
-94.9780789999999939
11
164.5504379999999855
21
-95.0295619999999985
0
LINE
8
BLACK
6
CONTINUOUS
10
164.5504379999999855
20
-95.0295619999999985
11
164.6019210000000044
21
-95.1066129999999958
0
LINE
8
BLACK
6
CONTINUOUS
10
164.6019210000000044
20
-95.1066129999999958
11
164.6200000000000045
21
-95.1974999999999909
0
LINE
8
BLACK
6
CONTINUOUS
10
164.6200000000000045
20
-95.1974999999999909
11
164.6200000000000045
21
-95.6974999999999909
0
LINE
8
BLACK
6
CONTINUOUS
10
164.6200000000000045
20
-95.6974999999999909
11
164.6019210000000044
21
-95.7883870000000002
0
LINE
8
BLACK
6
CONTINUOUS
10
164.6019210000000044
20
-95.7883870000000002
11
164.5504379999999855
21
-95.8654379999999975
0
LINE
8
BLACK
6
CONTINUOUS
10
164.5504379999999855
20
-95.8654379999999975
11
164.4733870000000024
21
-95.9169210000000021
0
LINE
8
BLACK
6
CONTINUOUS
10
164.4733870000000024
20
-95.9169210000000021
11
164.3824999999999932
21
-95.9350000000000023
0
LINE
8
BLACK
6
CONTINUOUS
10
164.3824999999999932
20
-95.9350000000000023
11
164.2949999999999875
21
-95.9350000000000023
0
LINE
8
BLACK
6
CONTINUOUS
10
164.2949999999999875
20
-95.9350000000000023
11
164.2949999999999875
21
-96.6910000000000025
0
LINE
8
BLACK
6
CONTINUOUS
10
164.2949999999999875
20
-96.6910000000000025
11
164.3824999999999932
21
-96.6910000000000025
0
LINE
8
BLACK
6
CONTINUOUS
10
164.3824999999999932
20
-96.6910000000000025
11
164.4733870000000024
21
-96.7090790000000027
0
LINE
8
BLACK
6
CONTINUOUS
10
164.4733870000000024
20
-96.7090790000000027
11
164.5504379999999855
21
-96.7605619999999931
0
LINE
8
BLACK
6
CONTINUOUS
10
164.5504379999999855
20
-96.7605619999999931
11
164.6019210000000044
21
-96.8376129999999904
0
LINE
8
BLACK
6
CONTINUOUS
10
164.6019210000000044
20
-96.8376129999999904
11
164.6200000000000045
21
-96.9284999999999997
0
LINE
8
BLACK
6
CONTINUOUS
10
164.6200000000000045
20
-96.9284999999999997
11
164.6200000000000045
21
-97.528499999999994
0
LINE
8
BLACK
6
CONTINUOUS
10
164.6200000000000045
20
-97.528499999999994
11
164.6019210000000044
21
-97.619386999999989
0
LINE
8
BLACK
6
CONTINUOUS
10
164.6019210000000044
20
-97.619386999999989
11
164.5504379999999855
21
-97.6964380000000006
0
LINE
8
BLACK
6
CONTINUOUS
10
164.5504379999999855
20
-97.6964380000000006
11
164.4733870000000024
21
-97.747920999999991
0
LINE
8
BLACK
6
CONTINUOUS
10
164.4733870000000024
20
-97.747920999999991
11
164.3824999999999932
21
-97.7659999999999911
0
LINE
8
BLACK
6
CONTINUOUS
10
164.3824999999999932
20
-97.7659999999999911
11
163.9074999999999989
21
-97.7659999999999911
0
LINE
8
BLACK
6
CONTINUOUS
10
163.9074999999999989
20
-97.7659999999999911
11
163.8166129999999896
21
-97.747920999999991
0
LINE
8
BLACK
6
CONTINUOUS
10
163.8166129999999896
20
-97.747920999999991
11
163.7395620000000065
21
-97.6964380000000006
0
LINE
8
BLACK
6
CONTINUOUS
10
163.7395620000000065
20
-97.6964380000000006
11
163.6880789999999877
21
-97.619386999999989
0
LINE
8
BLACK
6
CONTINUOUS
10
163.6880789999999877
20
-97.619386999999989
11
163.6699999999999875
21
-97.528499999999994
0
LINE
8
BLACK
6
CONTINUOUS
10
163.6699999999999875
20
-97.528499999999994
11
163.6699999999999875
21
-97.4784999999999968
0
LINE
8
BLACK
6
CONTINUOUS
10
163.6699999999999875
20
-97.4784999999999968
11
163.5292209999999784
21
-97.4784999999999968
0
LINE
8
BLACK
6
CONTINUOUS
10
163.5292209999999784
20
-97.4784999999999968
11
163.4556139999999971
21
-97.5521069999999924
0
LINE
8
BLACK
6
CONTINUOUS
10
163.4556139999999971
20
-97.5521069999999924
11
163.3441069999999797
21
-97.6089229999999901
0
LINE
8
BLACK
6
CONTINUOUS
10
163.3441069999999797
20
-97.6089229999999901
11
163.220499999999987
21
-97.6285000000000025
0
LINE
8
BLACK
6
CONTINUOUS
10
163.220499999999987
20
-97.6285000000000025
11
163.0968929999999943
21
-97.6089229999999901
0
LINE
8
BLACK
6
CONTINUOUS
10
163.0968929999999943
20
-97.6089229999999901
11
162.9853860000000054
21
-97.5521069999999924
0
LINE
8
BLACK
6
CONTINUOUS
10
162.9853860000000054
20
-97.5521069999999924
11
162.8968930000000057
21
-97.4636139999999926
0
LINE
8
BLACK
6
CONTINUOUS
10
162.8968930000000057
20
-97.4636139999999926
11
162.8400769999999795
21
-97.3521069999999895
0
LINE
8
BLACK
6
CONTINUOUS
10
162.8400769999999795
20
-97.3521069999999895
11
162.8204999999999814
21
-97.2284999999999968
0
LINE
8
BLACK
6
CONTINUOUS
10
162.8204999999999814
20
-97.2284999999999968
11
162.8400769999999795
21
-97.1048929999999899
0
LINE
8
BLACK
6
CONTINUOUS
10
162.8400769999999795
20
-97.1048929999999899
11
162.8968930000000057
21
-96.993386000000001
0
LINE
8
BLACK
6
CONTINUOUS
10
162.8968930000000057
20
-96.993386000000001
11
162.9853860000000054
21
-96.9048930000000013
0
LINE
8
BLACK
6
CONTINUOUS
10
162.9853860000000054
20
-96.9048930000000013
11
163.0968929999999943
21
-96.8480769999999893
0
LINE
8
BLACK
6
CONTINUOUS
10
163.0968929999999943
20
-96.8480769999999893
11
163.220499999999987
21
-96.8284999999999911
0
LINE
8
BLACK
6
CONTINUOUS
10
163.220499999999987
20
-96.8284999999999911
11
163.3441069999999797
21
-96.8480769999999893
0
LINE
8
BLACK
6
CONTINUOUS
10
163.3441069999999797
20
-96.8480769999999893
11
163.4556139999999971
21
-96.9048930000000013
0
LINE
8
BLACK
6
CONTINUOUS
10
163.4556139999999971
20
-96.9048930000000013
11
163.5292209999999784
21
-96.9784999999999968
0
LINE
8
BLACK
6
CONTINUOUS
10
163.5292209999999784
20
-96.9784999999999968
11
163.6699999999999875
21
-96.9784999999999968
0
LINE
8
BLACK
6
CONTINUOUS
10
163.6699999999999875
20
-96.9784999999999968
11
163.6699999999999875
21
-96.9284999999999997
0
LINE
8
BLACK
6
CONTINUOUS
10
163.6699999999999875
20
-96.9284999999999997
11
163.6880789999999877
21
-96.8376129999999904
0
LINE
8
BLACK
6
CONTINUOUS
10
163.6880789999999877
20
-96.8376129999999904
11
163.7395620000000065
21
-96.7605619999999931
0
LINE
8
BLACK
6
CONTINUOUS
10
163.7395620000000065
20
-96.7605619999999931
11
163.8166129999999896
21
-96.7090790000000027
0
LINE
8
BLACK
6
CONTINUOUS
10
163.8166129999999896
20
-96.7090790000000027
11
163.9074999999999989
21
-96.6910000000000025
0
LINE
8
BLACK
6
CONTINUOUS
10
163.9074999999999989
20
-96.6910000000000025
11
163.9950000000000045
21
-96.6910000000000025
0
LINE
8
BLACK
6
CONTINUOUS
10
163.9950000000000045
20
-96.6910000000000025
11
163.9950000000000045
21
-95.9350000000000023
0
LINE
8
BLACK
6
CONTINUOUS
10
163.9950000000000045
20
-95.9350000000000023
11
163.9074999999999989
21
-95.9350000000000023
0
LINE
8
BLACK
6
CONTINUOUS
10
163.9074999999999989
20
-95.9350000000000023
11
163.8166129999999896
21
-95.9169210000000021
0
LINE
8
BLACK
6
CONTINUOUS
10
163.8166129999999896
20
-95.9169210000000021
11
163.7395620000000065
21
-95.8654379999999975
0
LINE
8
BLACK
6
CONTINUOUS
10
163.7395620000000065
20
-95.8654379999999975
11
163.6880789999999877
21
-95.7883870000000002
0
LINE
8
BLACK
6
CONTINUOUS
10
163.6880789999999877
20
-95.7883870000000002
11
163.6699999999999875
21
-95.6974999999999909
0
LINE
8
BLACK
6
CONTINUOUS
10
163.6699999999999875
20
-95.6974999999999909
11
163.6699999999999875
21
-95.1974999999999909
0
LINE
8
BLACK
6
CONTINUOUS
10
163.6699999999999875
20
-95.1974999999999909
11
163.6880789999999877
21
-95.1066129999999958
0
LINE
8
BLACK
6
CONTINUOUS
10
163.6880789999999877
20
-95.1066129999999958
11
163.7395620000000065
21
-95.0295619999999985
0
LINE
8
BLACK
6
CONTINUOUS
10
163.7395620000000065
20
-95.0295619999999985
11
163.8166129999999896
21
-94.9780789999999939
0
LINE
8
BLACK
6
CONTINUOUS
10
163.8166129999999896
20
-94.9780789999999939
11
163.9074999999999989
21
-94.9599999999999937
0
LINE
8
BLACK
6
CONTINUOUS
10
163.9074999999999989
20
-94.9599999999999937
11
164.3824999999999932
21
-94.9599999999999937
0
LINE
8
BLACK
6
CONTINUOUS
10
164.3824999999999932
20
-94.9599999999999937
11
164.4733870000000024
21
-94.9780789999999939
0
LINE
8
BLACK
6
CONTINUOUS
10
142.1096069999999827
20
-96.6475769999999983
11
142.221114
21
-96.7043929999999961
0
LINE
8
BLACK
6
CONTINUOUS
10
142.221114
20
-96.7043929999999961
11
142.3096069999999997
21
-96.7928859999999958
0
LINE
8
BLACK
6
CONTINUOUS
10
142.3096069999999997
20
-96.7928859999999958
11
142.3664229999999975
21
-96.9043929999999989
0
LINE
8
BLACK
6
CONTINUOUS
10
142.3664229999999975
20
-96.9043929999999989
11
142.3859999999999957
21
-97.0279999999999916
0
LINE
8
BLACK
6
CONTINUOUS
10
142.3859999999999957
20
-97.0279999999999916
11
142.3664229999999975
21
-97.1516069999999985
0
LINE
8
BLACK
6
CONTINUOUS
10
142.3664229999999975
20
-97.1516069999999985
11
142.3096069999999997
21
-97.2631140000000016
0
LINE
8
BLACK
6
CONTINUOUS
10
142.3096069999999997
20
-97.2631140000000016
11
142.221114
21
-97.3516070000000013
0
LINE
8
BLACK
6
CONTINUOUS
10
142.221114
20
-97.3516070000000013
11
142.1096069999999827
21
-97.4084229999999991
0
LINE
8
BLACK
6
CONTINUOUS
10
142.1096069999999827
20
-97.4084229999999991
11
141.98599999999999
21
-97.4279999999999973
0
LINE
8
BLACK
6
CONTINUOUS
10
141.98599999999999
20
-97.4279999999999973
11
141.8623929999999973
21
-97.4084229999999991
0
LINE
8
BLACK
6
CONTINUOUS
10
141.8623929999999973
20
-97.4084229999999991
11
141.75088599999998
21
-97.3516070000000013
0
LINE
8
BLACK
6
CONTINUOUS
10
141.75088599999998
20
-97.3516070000000013
11
141.6623929999999802
21
-97.2631140000000016
0
LINE
8
BLACK
6
CONTINUOUS
10
141.6623929999999802
20
-97.2631140000000016
11
141.6055769999999825
21
-97.1516069999999985
0
LINE
8
BLACK
6
CONTINUOUS
10
141.6055769999999825
20
-97.1516069999999985
11
141.5859999999999843
21
-97.0279999999999916
0
LINE
8
BLACK
6
CONTINUOUS
10
141.5859999999999843
20
-97.0279999999999916
11
141.6055769999999825
21
-96.9043929999999989
0
LINE
8
BLACK
6
CONTINUOUS
10
141.6055769999999825
20
-96.9043929999999989
11
141.6623929999999802
21
-96.7928859999999958
0
LINE
8
BLACK
6
CONTINUOUS
10
141.6623929999999802
20
-96.7928859999999958
11
141.75088599999998
21
-96.7043929999999961
0
LINE
8
BLACK
6
CONTINUOUS
10
141.75088599999998
20
-96.7043929999999961
11
141.8623929999999973
21
-96.6475769999999983
0
LINE
8
BLACK
6
CONTINUOUS
10
141.8623929999999973
20
-96.6475769999999983
11
141.98599999999999
21
-96.6280000000000001
0
LINE
8
BLACK
6
CONTINUOUS
10
141.98599999999999
20
-96.6280000000000001
11
142.1096069999999827
21
-96.6475769999999983
0
LINE
8
BLACK
6
CONTINUOUS
10
165.4776070000000061
20
-94.996577000000002
11
165.589113999999995
21
-95.0533929999999998
0
LINE
8
BLACK
6
CONTINUOUS
10
165.589113999999995
20
-95.0533929999999998
11
165.6776069999999947
21
-95.1418859999999995
0
LINE
8
BLACK
6
CONTINUOUS
10
165.6776069999999947
20
-95.1418859999999995
11
165.7344229999999925
21
-95.2533930000000026
0
LINE
8
BLACK
6
CONTINUOUS
10
165.7344229999999925
20
-95.2533930000000026
11
165.7539999999999907
21
-95.3769999999999953
0
LINE
8
BLACK
6
CONTINUOUS
10
165.7539999999999907
20
-95.3769999999999953
11
165.7344229999999925
21
-95.5006070000000022
0
LINE
8
BLACK
6
CONTINUOUS
10
165.7344229999999925
20
-95.5006070000000022
11
165.7193399999999883
21
-95.5302080000000018
0
LINE
8
BLACK
6
CONTINUOUS
10
165.7193399999999883
20
-95.5302080000000018
11
166.056131999999991
21
-95.8669999999999902
0
LINE
8
BLACK
6
CONTINUOUS
10
166.056131999999991
20
-95.8669999999999902
11
166.313999999999993
21
-95.8669999999999902
0
LINE
8
BLACK
6
CONTINUOUS
10
166.313999999999993
20
-95.8669999999999902
11
166.313999999999993
21
-97.4269999999999925
0
LINE
8
BLACK
6
CONTINUOUS
10
166.313999999999993
20
-97.4269999999999925
11
165.6639999999999873
21
-97.4269999999999925
0
LINE
8
BLACK
6
CONTINUOUS
10
165.6639999999999873
20
-97.4269999999999925
11
165.6639999999999873
21
-95.8991319999999945
0
LINE
8
BLACK
6
CONTINUOUS
10
165.6639999999999873
20
-95.8991319999999945
11
165.5072079999999914
21
-95.7423399999999987
0
LINE
8
BLACK
6
CONTINUOUS
10
165.5072079999999914
20
-95.7423399999999987
11
165.4776070000000061
21
-95.7574229999999886
0
LINE
8
BLACK
6
CONTINUOUS
10
165.4776070000000061
20
-95.7574229999999886
11
165.353999999999985
21
-95.777000000000001
0
LINE
8
BLACK
6
CONTINUOUS
10
165.353999999999985
20
-95.777000000000001
11
165.2303929999999923
21
-95.7574229999999886
0
LINE
8
BLACK
6
CONTINUOUS
10
165.2303929999999923
20
-95.7574229999999886
11
165.1188860000000034
21
-95.7006069999999909
0
LINE
8
BLACK
6
CONTINUOUS
10
165.1188860000000034
20
-95.7006069999999909
11
165.0303930000000037
21
-95.6121139999999912
0
LINE
8
BLACK
6
CONTINUOUS
10
165.0303930000000037
20
-95.6121139999999912
11
164.9735770000000059
21
-95.5006070000000022
0
LINE
8
BLACK
6
CONTINUOUS
10
164.9735770000000059
20
-95.5006070000000022
11
164.9539999999999793
21
-95.3769999999999953
0
LINE
8
BLACK
6
CONTINUOUS
10
164.9539999999999793
20
-95.3769999999999953
11
164.9735770000000059
21
-95.2533930000000026
0
LINE
8
BLACK
6
CONTINUOUS
10
164.9735770000000059
20
-95.2533930000000026
11
165.0303930000000037
21
-95.1418859999999995
0
LINE
8
BLACK
6
CONTINUOUS
10
165.0303930000000037
20
-95.1418859999999995
11
165.1188860000000034
21
-95.0533929999999998
0
LINE
8
BLACK
6
CONTINUOUS
10
165.1188860000000034
20
-95.0533929999999998
11
165.2303929999999923
21
-94.996577000000002
0
LINE
8
BLACK
6
CONTINUOUS
10
165.2303929999999923
20
-94.996577000000002
11
165.353999999999985
21
-94.9769999999999897
0
LINE
8
BLACK
6
CONTINUOUS
10
165.353999999999985
20
-94.9769999999999897
11
165.4776070000000061
21
-94.996577000000002
0
LINE
8
BLACK
6
CONTINUOUS
10
133.9906709999999919
20
-93.7440299999999951
11
134.0717769999999973
21
-93.798222999999993
0
LINE
8
BLACK
6
CONTINUOUS
10
134.0717769999999973
20
-93.798222999999993
11
134.1259699999999953
21
-93.8793289999999985
0
LINE
8
BLACK
6
CONTINUOUS
10
134.1259699999999953
20
-93.8793289999999985
11
134.1449989999999843
21
-93.9749999999999943
0
LINE
8
BLACK
6
CONTINUOUS
10
134.1449989999999843
20
-93.9749999999999943
11
134.1449999999999818
21
-95.4500010000000003
0
LINE
8
BLACK
6
CONTINUOUS
10
134.1449999999999818
20
-95.4500010000000003
11
134.1259699999999953
21
-95.5456709999999987
0
LINE
8
BLACK
6
CONTINUOUS
10
134.1259699999999953
20
-95.5456709999999987
11
134.0717769999999973
21
-95.6267769999999899
0
LINE
8
BLACK
6
CONTINUOUS
10
134.0717769999999973
20
-95.6267769999999899
11
133.9906709999999919
21
-95.6809700000000021
0
LINE
8
BLACK
6
CONTINUOUS
10
133.9906709999999919
20
-95.6809700000000021
11
133.8949999999999818
21
-95.6999989999999912
0
LINE
8
BLACK
6
CONTINUOUS
10
133.8949999999999818
20
-95.6999989999999912
11
128.9949990000000071
21
-95.6999999999999886
0
LINE
8
BLACK
6
CONTINUOUS
10
128.9949990000000071
20
-95.6999999999999886
11
128.8993289999999945
21
-95.6809700000000021
0
LINE
8
BLACK
6
CONTINUOUS
10
128.8993289999999945
20
-95.6809700000000021
11
128.818222999999989
21
-95.6267769999999899
0
LINE
8
BLACK
6
CONTINUOUS
10
128.818222999999989
20
-95.6267769999999899
11
128.7640299999999911
21
-95.5456709999999987
0
LINE
8
BLACK
6
CONTINUOUS
10
128.7640299999999911
20
-95.5456709999999987
11
128.745001000000002
21
-95.4499999999999886
0
LINE
8
BLACK
6
CONTINUOUS
10
128.745001000000002
20
-95.4499999999999886
11
128.745001000000002
21
-95.2124999999999915
0
LINE
8
BLACK
6
CONTINUOUS
10
128.745001000000002
20
-95.2124999999999915
11
128.4625000000000057
21
-95.2124999999999915
0
LINE
8
BLACK
6
CONTINUOUS
10
128.4625000000000057
20
-95.2124999999999915
11
128.3972519999999804
21
-95.2082229999999896
0
LINE
8
BLACK
6
CONTINUOUS
10
128.3972519999999804
20
-95.2082229999999896
11
128.3972369999999898
21
-95.2082229999999896
0
LINE
8
BLACK
6
CONTINUOUS
10
128.3972369999999898
20
-95.2082229999999896
11
128.2711579999999856
21
-95.1744399999999899
0
LINE
8
BLACK
6
CONTINUOUS
10
128.2711579999999856
20
-95.1744399999999899
11
128.1581189999999992
21
-95.1091770000000025
0
LINE
8
BLACK
6
CONTINUOUS
10
128.1581189999999992
20
-95.1091770000000025
11
128.1581029999999828
21
-95.1091610000000003
0
LINE
8
BLACK
6
CONTINUOUS
10
128.1581029999999828
20
-95.1091610000000003
11
128.1089470000000006
21
-95.0660539999999941
0
LINE
8
BLACK
6
CONTINUOUS
10
128.1089470000000006
20
-95.0660539999999941
11
127.6464469999999949
21
-94.6035529999999909
0
LINE
8
BLACK
6
CONTINUOUS
10
127.6464469999999949
20
-94.6035529999999909
11
127.6033240000000006
21
-94.5543799999999948
0
LINE
8
BLACK
6
CONTINUOUS
10
127.6033240000000006
20
-94.5543799999999948
11
127.5380599999999873
21
-94.4413419999999917
0
LINE
8
BLACK
6
CONTINUOUS
10
127.5380599999999873
20
-94.4413419999999917
11
127.5042769999999877
21
-94.3152630000000016
0
LINE
8
BLACK
6
CONTINUOUS
10
127.5042769999999877
20
-94.3152630000000016
11
127.5042769999999877
21
-94.1847369999999984
0
LINE
8
BLACK
6
CONTINUOUS
10
127.5042769999999877
20
-94.1847369999999984
11
127.5380599999999873
21
-94.0586579999999941
0
LINE
8
BLACK
6
CONTINUOUS
10
127.5380599999999873
20
-94.0586579999999941
11
127.6033240000000006
21
-93.945619999999991
0
LINE
8
BLACK
6
CONTINUOUS
10
127.6033240000000006
20
-93.945619999999991
11
127.695619999999991
21
-93.8533240000000006
0
LINE
8
BLACK
6
CONTINUOUS
10
127.695619999999991
20
-93.8533240000000006
11
127.8086579999999941
21
-93.7880600000000015
0
LINE
8
BLACK
6
CONTINUOUS
10
127.8086579999999941
20
-93.7880600000000015
11
127.9347369999999984
21
-93.7542770000000019
0
LINE
8
BLACK
6
CONTINUOUS
10
127.9347369999999984
20
-93.7542770000000019
11
128.0652629999999874
21
-93.7542770000000019
0
LINE
8
BLACK
6
CONTINUOUS
10
128.0652629999999874
20
-93.7542770000000019
11
128.1913419999999917
21
-93.7880600000000015
0
LINE
8
BLACK
6
CONTINUOUS
10
128.1913419999999917
20
-93.7880600000000015
11
128.3043799999999806
21
-93.8533240000000006
0
LINE
8
BLACK
6
CONTINUOUS
10
128.3043799999999806
20
-93.8533240000000006
11
128.3535530000000051
21
-93.8964469999999949
0
LINE
8
BLACK
6
CONTINUOUS
10
128.3535530000000051
20
-93.8964469999999949
11
128.669606999999985
21
-94.2124999999999915
0
LINE
8
BLACK
6
CONTINUOUS
10
128.669606999999985
20
-94.2124999999999915
11
128.7450000000000045
21
-94.2124999999999915
0
LINE
8
BLACK
6
CONTINUOUS
10
128.7450000000000045
20
-94.2124999999999915
11
128.7450000000000045
21
-93.9749989999999968
0
LINE
8
BLACK
6
CONTINUOUS
10
128.7450000000000045
20
-93.9749989999999968
11
128.7640299999999911
21
-93.8793289999999985
0
LINE
8
BLACK
6
CONTINUOUS
10
128.7640299999999911
20
-93.8793289999999985
11
128.818222999999989
21
-93.798222999999993
0
LINE
8
BLACK
6
CONTINUOUS
10
128.818222999999989
20
-93.798222999999993
11
128.8993289999999945
21
-93.7440299999999951
0
LINE
8
BLACK
6
CONTINUOUS
10
128.8993289999999945
20
-93.7440299999999951
11
128.9950000000000045
21
-93.7250009999999918
0
LINE
8
BLACK
6
CONTINUOUS
10
128.9950000000000045
20
-93.7250009999999918
11
133.8950010000000077
21
-93.7249999999999943
0
LINE
8
BLACK
6
CONTINUOUS
10
133.8950010000000077
20
-93.7249999999999943
11
133.9906709999999919
21
-93.7440299999999951
0
LINE
8
BLACK
6
CONTINUOUS
10
156.9413419999999917
20
-92.7880600000000015
11
157.0543799999999806
21
-92.8533240000000006
0
LINE
8
BLACK
6
CONTINUOUS
10
157.0543799999999806
20
-92.8533240000000006
11
157.1035530000000051
21
-92.8964469999999949
0
LINE
8
BLACK
6
CONTINUOUS
10
157.1035530000000051
20
-92.8964469999999949
11
157.5553259999999796
21
-93.3482199999999978
0
LINE
8
BLACK
6
CONTINUOUS
10
157.5553259999999796
20
-93.3482199999999978
11
157.5690299999999979
21
-93.2793289999999899
0
LINE
8
BLACK
6
CONTINUOUS
10
157.5690299999999979
20
-93.2793289999999899
11
157.6232229999999959
21
-93.1982229999999987
0
LINE
8
BLACK
6
CONTINUOUS
10
157.6232229999999959
20
-93.1982229999999987
11
157.7043290000000013
21
-93.1440300000000008
0
LINE
8
BLACK
6
CONTINUOUS
10
157.7043290000000013
20
-93.1440300000000008
11
157.7999999999999829
21
-93.1250009999999975
0
LINE
8
BLACK
6
CONTINUOUS
10
157.7999999999999829
20
-93.1250009999999975
11
162.7000009999999861
21
-93.125
0
LINE
8
BLACK
6
CONTINUOUS
10
162.7000009999999861
20
-93.125
11
162.7956709999999987
21
-93.1440300000000008
0
LINE
8
BLACK
6
CONTINUOUS
10
162.7956709999999987
20
-93.1440300000000008
11
162.8767770000000041
21
-93.1982229999999987
0
LINE
8
BLACK
6
CONTINUOUS
10
162.8767770000000041
20
-93.1982229999999987
11
162.9309700000000021
21
-93.2793289999999899
0
LINE
8
BLACK
6
CONTINUOUS
10
162.9309700000000021
20
-93.2793289999999899
11
162.9499989999999912
21
-93.375
0
LINE
8
BLACK
6
CONTINUOUS
10
162.9499989999999912
20
-93.375
11
162.9499999999999886
21
-94.8500009999999918
0
LINE
8
BLACK
6
CONTINUOUS
10
162.9499999999999886
20
-94.8500009999999918
11
162.9309700000000021
21
-94.9456709999999902
0
LINE
8
BLACK
6
CONTINUOUS
10
162.9309700000000021
20
-94.9456709999999902
11
162.8767770000000041
21
-95.0267769999999956
0
LINE
8
BLACK
6
CONTINUOUS
10
162.8767770000000041
20
-95.0267769999999956
11
162.7956709999999987
21
-95.0809699999999935
0
LINE
8
BLACK
6
CONTINUOUS
10
162.7956709999999987
20
-95.0809699999999935
11
162.6999999999999886
21
-95.0999989999999968
0
LINE
8
BLACK
6
CONTINUOUS
10
162.6999999999999886
20
-95.0999989999999968
11
157.7999989999999855
21
-95.0999999999999943
0
LINE
8
BLACK
6
CONTINUOUS
10
157.7999989999999855
20
-95.0999999999999943
11
157.7043290000000013
21
-95.0809699999999935
0
LINE
8
BLACK
6
CONTINUOUS
10
157.7043290000000013
20
-95.0809699999999935
11
157.6232229999999959
21
-95.0267769999999956
0
LINE
8
BLACK
6
CONTINUOUS
10
157.6232229999999959
20
-95.0267769999999956
11
157.5690299999999979
21
-94.9456709999999902
0
LINE
8
BLACK
6
CONTINUOUS
10
157.5690299999999979
20
-94.9456709999999902
11
157.5500009999999804
21
-94.8499999999999943
0
LINE
8
BLACK
6
CONTINUOUS
10
157.5500009999999804
20
-94.8499999999999943
11
157.5499999999999829
21
-94.6084029999999956
0
LINE
8
BLACK
6
CONTINUOUS
10
157.5499999999999829
20
-94.6084029999999956
11
157.5472519999999861
21
-94.6082229999999953
0
LINE
8
BLACK
6
CONTINUOUS
10
157.5472519999999861
20
-94.6082229999999953
11
157.5472369999999955
21
-94.6082229999999953
0
LINE
8
BLACK
6
CONTINUOUS
10
157.5472369999999955
20
-94.6082229999999953
11
157.4211579999999913
21
-94.5744399999999956
0
LINE
8
BLACK
6
CONTINUOUS
10
157.4211579999999913
20
-94.5744399999999956
11
157.4151999999999987
21
-94.570999999999998
0
LINE
8
BLACK
6
CONTINUOUS
10
157.4151999999999987
20
-94.570999999999998
11
157.3081190000000049
21
-94.509176999999994
0
LINE
8
BLACK
6
CONTINUOUS
10
157.3081190000000049
20
-94.509176999999994
11
157.3081099999999992
21
-94.5091680000000025
0
LINE
8
BLACK
6
CONTINUOUS
10
157.3081099999999992
20
-94.5091680000000025
11
157.2589459999999804
21
-94.4660530000000023
0
LINE
8
BLACK
6
CONTINUOUS
10
157.2589459999999804
20
-94.4660530000000023
11
156.3964469999999949
21
-93.6035529999999909
0
LINE
8
BLACK
6
CONTINUOUS
10
156.3964469999999949
20
-93.6035529999999909
11
156.3533239999999864
21
-93.5543799999999948
0
LINE
8
BLACK
6
CONTINUOUS
10
156.3533239999999864
20
-93.5543799999999948
11
156.2880600000000015
21
-93.4413419999999917
0
LINE
8
BLACK
6
CONTINUOUS
10
156.2880600000000015
20
-93.4413419999999917
11
156.2542770000000019
21
-93.3152630000000016
0
LINE
8
BLACK
6
CONTINUOUS
10
156.2542770000000019
20
-93.3152630000000016
11
156.2542770000000019
21
-93.1847369999999984
0
LINE
8
BLACK
6
CONTINUOUS
10
156.2542770000000019
20
-93.1847369999999984
11
156.2880600000000015
21
-93.0586579999999941
0
LINE
8
BLACK
6
CONTINUOUS
10
156.2880600000000015
20
-93.0586579999999941
11
156.3533239999999864
21
-92.945619999999991
0
LINE
8
BLACK
6
CONTINUOUS
10
156.3533239999999864
20
-92.945619999999991
11
156.445619999999991
21
-92.8533240000000006
0
LINE
8
BLACK
6
CONTINUOUS
10
156.445619999999991
20
-92.8533240000000006
11
156.5586579999999799
21
-92.7880600000000015
0
LINE
8
BLACK
6
CONTINUOUS
10
156.5586579999999799
20
-92.7880600000000015
11
156.6847369999999842
21
-92.7542770000000019
0
LINE
8
BLACK
6
CONTINUOUS
10
156.6847369999999842
20
-92.7542770000000019
11
156.8152629999999874
21
-92.7542770000000019
0
LINE
8
BLACK
6
CONTINUOUS
10
156.8152629999999874
20
-92.7542770000000019
11
156.9413419999999917
21
-92.7880600000000015
0
LINE
8
BLACK
6
CONTINUOUS
10
164.4733870000000024
20
-93.1530789999999911
11
164.5504379999999855
21
-93.2045619999999957
0
LINE
8
BLACK
6
CONTINUOUS
10
164.5504379999999855
20
-93.2045619999999957
11
164.6019210000000044
21
-93.281612999999993
0
LINE
8
BLACK
6
CONTINUOUS
10
164.6019210000000044
20
-93.281612999999993
11
164.6200000000000045
21
-93.3725000000000023
0
LINE
8
BLACK
6
CONTINUOUS
10
164.6200000000000045
20
-93.3725000000000023
11
164.6200000000000045
21
-93.4724999999999966
0
LINE
8
BLACK
6
CONTINUOUS
10
164.6200000000000045
20
-93.4724999999999966
11
165.6639999999999873
21
-93.4724999999999966
0
LINE
8
BLACK
6
CONTINUOUS
10
165.6639999999999873
20
-93.4724999999999966
11
165.6639999999999873
21
-93.1670000000000016
0
LINE
8
BLACK
6
CONTINUOUS
10
165.6639999999999873
20
-93.1670000000000016
11
166.313999999999993
21
-93.1670000000000016
0
LINE
8
BLACK
6
CONTINUOUS
10
166.313999999999993
20
-93.1670000000000016
11
166.313999999999993
21
-94.7269999999999897
0
LINE
8
BLACK
6
CONTINUOUS
10
166.313999999999993
20
-94.7269999999999897
11
165.6639999999999873
21
-94.7269999999999897
0
LINE
8
BLACK
6
CONTINUOUS
10
165.6639999999999873
20
-94.7269999999999897
11
165.6639999999999873
21
-93.8341319999999968
0
LINE
8
BLACK
6
CONTINUOUS
10
165.6639999999999873
20
-93.8341319999999968
11
165.6023679999999842
21
-93.7724999999999937
0
LINE
8
BLACK
6
CONTINUOUS
10
165.6023679999999842
20
-93.7724999999999937
11
164.6200000000000045
21
-93.7724999999999937
0
LINE
8
BLACK
6
CONTINUOUS
10
164.6200000000000045
20
-93.7724999999999937
11
164.6200000000000045
21
-93.8725000000000023
0
LINE
8
BLACK
6
CONTINUOUS
10
164.6200000000000045
20
-93.8725000000000023
11
164.6019210000000044
21
-93.9633869999999973
0
LINE
8
BLACK
6
CONTINUOUS
10
164.6019210000000044
20
-93.9633869999999973
11
164.5504379999999855
21
-94.0404379999999946
0
LINE
8
BLACK
6
CONTINUOUS
10
164.5504379999999855
20
-94.0404379999999946
11
164.4733870000000024
21
-94.0919209999999993
0
LINE
8
BLACK
6
CONTINUOUS
10
164.4733870000000024
20
-94.0919209999999993
11
164.3824999999999932
21
-94.1099999999999994
0
LINE
8
BLACK
6
CONTINUOUS
10
164.3824999999999932
20
-94.1099999999999994
11
163.9074999999999989
21
-94.1099999999999994
0
LINE
8
BLACK
6
CONTINUOUS
10
163.9074999999999989
20
-94.1099999999999994
11
163.8166129999999896
21
-94.0919209999999993
0
LINE
8
BLACK
6
CONTINUOUS
10
163.8166129999999896
20
-94.0919209999999993
11
163.7395620000000065
21
-94.0404379999999946
0
LINE
8
BLACK
6
CONTINUOUS
10
163.7395620000000065
20
-94.0404379999999946
11
163.6880789999999877
21
-93.9633869999999973
0
LINE
8
BLACK
6
CONTINUOUS
10
163.6880789999999877
20
-93.9633869999999973
11
163.6699999999999875
21
-93.8725000000000023
0
LINE
8
BLACK
6
CONTINUOUS
10
163.6699999999999875
20
-93.8725000000000023
11
163.6699999999999875
21
-93.3725000000000023
0
LINE
8
BLACK
6
CONTINUOUS
10
163.6699999999999875
20
-93.3725000000000023
11
163.6880789999999877
21
-93.281612999999993
0
LINE
8
BLACK
6
CONTINUOUS
10
163.6880789999999877
20
-93.281612999999993
11
163.7395620000000065
21
-93.2045619999999957
0
LINE
8
BLACK
6
CONTINUOUS
10
163.7395620000000065
20
-93.2045619999999957
11
163.8166129999999896
21
-93.1530789999999911
0
LINE
8
BLACK
6
CONTINUOUS
10
163.8166129999999896
20
-93.1530789999999911
11
163.9074999999999989
21
-93.1349999999999909
0
LINE
8
BLACK
6
CONTINUOUS
10
163.9074999999999989
20
-93.1349999999999909
11
164.3824999999999932
21
-93.1349999999999909
0
LINE
8
BLACK
6
CONTINUOUS
10
164.3824999999999932
20
-93.1349999999999909
11
164.4733870000000024
21
-93.1530789999999911
0
LINE
8
BLACK
6
CONTINUOUS
10
165.9856069999999875
20
-91.8215769999999907
11
166.0971140000000048
21
-91.8783930000000026
0
LINE
8
BLACK
6
CONTINUOUS
10
166.0971140000000048
20
-91.8783930000000026
11
166.1856070000000045
21
-91.9668860000000024
0
LINE
8
BLACK
6
CONTINUOUS
10
166.1856070000000045
20
-91.9668860000000024
11
166.2424230000000023
21
-92.0783929999999913
0
LINE
8
BLACK
6
CONTINUOUS
10
166.2424230000000023
20
-92.0783929999999913
11
166.2495539999999892
21
-92.1234219999999908
0
LINE
8
BLACK
6
CONTINUOUS
10
166.2495539999999892
20
-92.1234219999999908
11
167.0450659999999914
21
-92.918933999999993
0
LINE
8
BLACK
6
CONTINUOUS
10
167.0450659999999914
20
-92.918933999999993
11
167.0637209999999868
21
-92.9416650000000004
0
LINE
8
BLACK
6
CONTINUOUS
10
167.0637209999999868
20
-92.9416650000000004
11
167.0653590000000008
21
-92.945619999999991
0
LINE
8
BLACK
6
CONTINUOUS
10
167.0653590000000008
20
-92.945619999999991
11
167.086117999999999
21
-92.9957359999999937
0
LINE
8
BLACK
6
CONTINUOUS
10
167.086117999999999
20
-92.9957359999999937
11
167.0889999999999986
21
-93.0249999999999915
0
LINE
8
BLACK
6
CONTINUOUS
10
167.0889999999999986
20
-93.0249999999999915
11
167.0889999999999986
21
-93.1670000000000016
0
LINE
8
BLACK
6
CONTINUOUS
10
167.0889999999999986
20
-93.1670000000000016
11
167.2639999999999816
21
-93.1670000000000016
0
LINE
8
BLACK
6
CONTINUOUS
10
167.2639999999999816
20
-93.1670000000000016
11
167.2639999999999816
21
-94.7269999999999897
0
LINE
8
BLACK
6
CONTINUOUS
10
167.2639999999999816
20
-94.7269999999999897
11
166.6140000000000043
21
-94.7269999999999897
0
LINE
8
BLACK
6
CONTINUOUS
10
166.6140000000000043
20
-94.7269999999999897
11
166.6140000000000043
21
-93.1670000000000016
0
LINE
8
BLACK
6
CONTINUOUS
10
166.6140000000000043
20
-93.1670000000000016
11
166.7889999999999873
21
-93.1670000000000016
0
LINE
8
BLACK
6
CONTINUOUS
10
166.7889999999999873
20
-93.1670000000000016
11
166.7889999999999873
21
-93.0871319999999969
0
LINE
8
BLACK
6
CONTINUOUS
10
166.7889999999999873
20
-93.0871319999999969
11
166.1622940000000028
21
-92.4604259999999982
0
LINE
8
BLACK
6
CONTINUOUS
10
166.1622940000000028
20
-92.4604259999999982
11
166.0971140000000048
21
-92.5256069999999937
0
LINE
8
BLACK
6
CONTINUOUS
10
166.0971140000000048
20
-92.5256069999999937
11
165.9856069999999875
21
-92.5824229999999915
0
LINE
8
BLACK
6
CONTINUOUS
10
165.9856069999999875
20
-92.5824229999999915
11
165.8619999999999948
21
-92.6019999999999897
0
LINE
8
BLACK
6
CONTINUOUS
10
165.8619999999999948
20
-92.6019999999999897
11
165.7383930000000021
21
-92.5824229999999915
0
LINE
8
BLACK
6
CONTINUOUS
10
165.7383930000000021
20
-92.5824229999999915
11
165.6268859999999847
21
-92.5256069999999937
0
LINE
8
BLACK
6
CONTINUOUS
10
165.6268859999999847
20
-92.5256069999999937
11
165.538392999999985
21
-92.437113999999994
0
LINE
8
BLACK
6
CONTINUOUS
10
165.538392999999985
20
-92.437113999999994
11
165.4815769999999873
21
-92.3256069999999909
0
LINE
8
BLACK
6
CONTINUOUS
10
165.4815769999999873
20
-92.3256069999999909
11
165.4619999999999891
21
-92.2019999999999982
0
LINE
8
BLACK
6
CONTINUOUS
10
165.4619999999999891
20
-92.2019999999999982
11
165.4815769999999873
21
-92.0783929999999913
0
LINE
8
BLACK
6
CONTINUOUS
10
165.4815769999999873
20
-92.0783929999999913
11
165.538392999999985
21
-91.9668860000000024
0
LINE
8
BLACK
6
CONTINUOUS
10
165.538392999999985
20
-91.9668860000000024
11
165.6268859999999847
21
-91.8783930000000026
0
LINE
8
BLACK
6
CONTINUOUS
10
165.6268859999999847
20
-91.8783930000000026
11
165.7383930000000021
21
-91.8215769999999907
0
LINE
8
BLACK
6
CONTINUOUS
10
165.7383930000000021
20
-91.8215769999999907
11
165.8619999999999948
21
-91.8019999999999925
0
LINE
8
BLACK
6
CONTINUOUS
10
165.8619999999999948
20
-91.8019999999999925
11
165.9856069999999875
21
-91.8215769999999907
0
LINE
8
BLACK
6
CONTINUOUS
10
167.0033870000000036
20
-84.2930789999999917
11
167.0804379999999867
21
-84.3445619999999963
0
LINE
8
BLACK
6
CONTINUOUS
10
167.0804379999999867
20
-84.3445619999999963
11
167.1319210000000055
21
-84.4216129999999936
0
LINE
8
BLACK
6
CONTINUOUS
10
167.1319210000000055
20
-84.4216129999999936
11
167.1500000000000057
21
-84.5125000000000028
0
LINE
8
BLACK
6
CONTINUOUS
10
167.1500000000000057
20
-84.5125000000000028
11
167.1500000000000057
21
-84.9874999999999972
0
LINE
8
BLACK
6
CONTINUOUS
10
167.1500000000000057
20
-84.9874999999999972
11
167.1319210000000055
21
-85.0783869999999922
0
LINE
8
BLACK
6
CONTINUOUS
10
167.1319210000000055
20
-85.0783869999999922
11
167.0804379999999867
21
-85.1554379999999895
0
LINE
8
BLACK
6
CONTINUOUS
10
167.0804379999999867
20
-85.1554379999999895
11
167.0033870000000036
21
-85.2069209999999941
0
LINE
8
BLACK
6
CONTINUOUS
10
167.0033870000000036
20
-85.2069209999999941
11
166.9124999999999943
21
-85.2249999999999943
0
LINE
8
BLACK
6
CONTINUOUS
10
166.9124999999999943
20
-85.2249999999999943
11
166.8125
21
-85.2249999999999943
0
LINE
8
BLACK
6
CONTINUOUS
10
166.8125
20
-85.2249999999999943
11
166.8125
21
-85.7749999999999915
0
LINE
8
BLACK
6
CONTINUOUS
10
166.8125
20
-85.7749999999999915
11
166.9124999999999943
21
-85.7749999999999915
0
LINE
8
BLACK
6
CONTINUOUS
10
166.9124999999999943
20
-85.7749999999999915
11
167.0033870000000036
21
-85.7930789999999917
0
LINE
8
BLACK
6
CONTINUOUS
10
167.0033870000000036
20
-85.7930789999999917
11
167.0804379999999867
21
-85.8445619999999963
0
LINE
8
BLACK
6
CONTINUOUS
10
167.0804379999999867
20
-85.8445619999999963
11
167.1319210000000055
21
-85.9216129999999936
0
LINE
8
BLACK
6
CONTINUOUS
10
167.1319210000000055
20
-85.9216129999999936
11
167.1500000000000057
21
-86.0125000000000028
0
LINE
8
BLACK
6
CONTINUOUS
10
167.1500000000000057
20
-86.0125000000000028
11
167.1500000000000057
21
-86.4874999999999972
0
LINE
8
BLACK
6
CONTINUOUS
10
167.1500000000000057
20
-86.4874999999999972
11
167.1354209999999796
21
-86.5607889999999998
0
LINE
8
BLACK
6
CONTINUOUS
10
167.1354209999999796
20
-86.5607889999999998
11
167.99506599999998
21
-87.4204340000000002
0
LINE
8
BLACK
6
CONTINUOUS
10
167.99506599999998
20
-87.4204340000000002
11
168.0137210000000039
21
-87.4431649999999934
0
LINE
8
BLACK
6
CONTINUOUS
10
168.0137210000000039
20
-87.4431649999999934
11
168.0268399999999929
21
-87.4748390000000029
0
LINE
8
BLACK
6
CONTINUOUS
10
168.0268399999999929
20
-87.4748390000000029
11
168.0361179999999877
21
-87.4972360000000009
0
LINE
8
BLACK
6
CONTINUOUS
10
168.0361179999999877
20
-87.4972360000000009
11
168.0389999999999873
21
-87.5264999999999986
0
LINE
8
BLACK
6
CONTINUOUS
10
168.0389999999999873
20
-87.5264999999999986
11
168.0389999999999873
21
-93.1670000000000016
0
LINE
8
BLACK
6
CONTINUOUS
10
168.0389999999999873
20
-93.1670000000000016
11
168.2139999999999986
21
-93.1670000000000016
0
LINE
8
BLACK
6
CONTINUOUS
10
168.2139999999999986
20
-93.1670000000000016
11
168.2139999999999986
21
-94.7269999999999897
0
LINE
8
BLACK
6
CONTINUOUS
10
168.2139999999999986
20
-94.7269999999999897
11
167.563999999999993
21
-94.7269999999999897
0
LINE
8
BLACK
6
CONTINUOUS
10
167.563999999999993
20
-94.7269999999999897
11
167.563999999999993
21
-93.1670000000000016
0
LINE
8
BLACK
6
CONTINUOUS
10
167.563999999999993
20
-93.1670000000000016
11
167.7390000000000043
21
-93.1670000000000016
0
LINE
8
BLACK
6
CONTINUOUS
10
167.7390000000000043
20
-93.1670000000000016
11
167.7390000000000043
21
-87.5886319999999898
0
LINE
8
BLACK
6
CONTINUOUS
10
167.7390000000000043
20
-87.5886319999999898
11
166.8753679999999804
21
-86.7249999999999943
0
LINE
8
BLACK
6
CONTINUOUS
10
166.8753679999999804
20
-86.7249999999999943
11
166.3125
21
-86.7249999999999943
0
LINE
8
BLACK
6
CONTINUOUS
10
166.3125
20
-86.7249999999999943
11
166.2216129999999907
21
-86.7069209999999941
0
LINE
8
BLACK
6
CONTINUOUS
10
166.2216129999999907
20
-86.7069209999999941
11
166.1445619999999792
21
-86.6554379999999895
0
LINE
8
BLACK
6
CONTINUOUS
10
166.1445619999999792
20
-86.6554379999999895
11
166.0930789999999888
21
-86.5783869999999922
0
LINE
8
BLACK
6
CONTINUOUS
10
166.0930789999999888
20
-86.5783869999999922
11
166.0749999999999886
21
-86.4874999999999972
0
LINE
8
BLACK
6
CONTINUOUS
10
166.0749999999999886
20
-86.4874999999999972
11
166.0749999999999886
21
-86.0125000000000028
0
LINE
8
BLACK
6
CONTINUOUS
10
166.0749999999999886
20
-86.0125000000000028
11
166.0930789999999888
21
-85.9216129999999936
0
LINE
8
BLACK
6
CONTINUOUS
10
166.0930789999999888
20
-85.9216129999999936
11
166.1445619999999792
21
-85.8445619999999963
0
LINE
8
BLACK
6
CONTINUOUS
10
166.1445619999999792
20
-85.8445619999999963
11
166.2216129999999907
21
-85.7930789999999917
0
LINE
8
BLACK
6
CONTINUOUS
10
166.2216129999999907
20
-85.7930789999999917
11
166.3125
21
-85.7749999999999915
0
LINE
8
BLACK
6
CONTINUOUS
10
166.3125
20
-85.7749999999999915
11
166.5124999999999886
21
-85.7749999999999915
0
LINE
8
BLACK
6
CONTINUOUS
10
166.5124999999999886
20
-85.7749999999999915
11
166.5124999999999886
21
-85.2249999999999943
0
LINE
8
BLACK
6
CONTINUOUS
10
166.5124999999999886
20
-85.2249999999999943
11
166.4124999999999943
21
-85.2249999999999943
0
LINE
8
BLACK
6
CONTINUOUS
10
166.4124999999999943
20
-85.2249999999999943
11
166.321612999999985
21
-85.2069209999999941
0
LINE
8
BLACK
6
CONTINUOUS
10
166.321612999999985
20
-85.2069209999999941
11
166.2445620000000019
21
-85.1554379999999895
0
LINE
8
BLACK
6
CONTINUOUS
10
166.2445620000000019
20
-85.1554379999999895
11
166.1930789999999831
21
-85.0783869999999922
0
LINE
8
BLACK
6
CONTINUOUS
10
166.1930789999999831
20
-85.0783869999999922
11
166.1749999999999829
21
-84.9874999999999972
0
LINE
8
BLACK
6
CONTINUOUS
10
166.1749999999999829
20
-84.9874999999999972
11
166.1749999999999829
21
-84.5125000000000028
0
LINE
8
BLACK
6
CONTINUOUS
10
166.1749999999999829
20
-84.5125000000000028
11
166.1930789999999831
21
-84.4216129999999936
0
LINE
8
BLACK
6
CONTINUOUS
10
166.1930789999999831
20
-84.4216129999999936
11
166.2445620000000019
21
-84.3445619999999963
0
LINE
8
BLACK
6
CONTINUOUS
10
166.2445620000000019
20
-84.3445619999999963
11
166.321612999999985
21
-84.2930789999999917
0
LINE
8
BLACK
6
CONTINUOUS
10
166.321612999999985
20
-84.2930789999999917
11
166.4124999999999943
21
-84.2749999999999915
0
LINE
8
BLACK
6
CONTINUOUS
10
166.4124999999999943
20
-84.2749999999999915
11
166.9124999999999943
21
-84.2749999999999915
0
LINE
8
BLACK
6
CONTINUOUS
10
166.9124999999999943
20
-84.2749999999999915
11
167.0033870000000036
21
-84.2930789999999917
0
LINE
8
BLACK
6
CONTINUOUS
10
170.973606999999987
20
-93.5995769999999965
11
171.0851140000000044
21
-93.6563929999999942
0
LINE
8
BLACK
6
CONTINUOUS
10
171.0851140000000044
20
-93.6563929999999942
11
171.1736070000000041
21
-93.7448859999999939
0
LINE
8
BLACK
6
CONTINUOUS
10
171.1736070000000041
20
-93.7448859999999939
11
171.2304230000000018
21
-93.8563929999999971
0
LINE
8
BLACK
6
CONTINUOUS
10
171.2304230000000018
20
-93.8563929999999971
11
171.25
21
-93.9799999999999898
0
LINE
8
BLACK
6
CONTINUOUS
10
171.25
20
-93.9799999999999898
11
171.2304230000000018
21
-94.1036069999999967
0
LINE
8
BLACK
6
CONTINUOUS
10
171.2304230000000018
20
-94.1036069999999967
11
171.1736070000000041
21
-94.2151139999999998
0
LINE
8
BLACK
6
CONTINUOUS
10
171.1736070000000041
20
-94.2151139999999998
11
171.0851140000000044
21
-94.3036069999999995
0
LINE
8
BLACK
6
CONTINUOUS
10
171.0851140000000044
20
-94.3036069999999995
11
170.973606999999987
21
-94.3604229999999973
0
LINE
8
BLACK
6
CONTINUOUS
10
170.973606999999987
20
-94.3604229999999973
11
170.8499999999999943
21
-94.3799999999999955
0
LINE
8
BLACK
6
CONTINUOUS
10
170.8499999999999943
20
-94.3799999999999955
11
170.7263930000000016
21
-94.3604229999999973
0
LINE
8
BLACK
6
CONTINUOUS
10
170.7263930000000016
20
-94.3604229999999973
11
170.6148859999999843
21
-94.3036069999999995
0
LINE
8
BLACK
6
CONTINUOUS
10
170.6148859999999843
20
-94.3036069999999995
11
170.5447790000000055
21
-94.2334999999999923
0
LINE
8
BLACK
6
CONTINUOUS
10
170.5447790000000055
20
-94.2334999999999923
11
170.0199999999999818
21
-94.2334999999999923
0
LINE
8
BLACK
6
CONTINUOUS
10
170.0199999999999818
20
-94.2334999999999923
11
170.0199999999999818
21
-94.3335000000000008
0
LINE
8
BLACK
6
CONTINUOUS
10
170.0199999999999818
20
-94.3335000000000008
11
170.0019209999999816
21
-94.4243869999999959
0
LINE
8
BLACK
6
CONTINUOUS
10
170.0019209999999816
20
-94.4243869999999959
11
169.9504379999999912
21
-94.5014379999999932
0
LINE
8
BLACK
6
CONTINUOUS
10
169.9504379999999912
20
-94.5014379999999932
11
169.8733869999999797
21
-94.5529209999999978
0
LINE
8
BLACK
6
CONTINUOUS
10
169.8733869999999797
20
-94.5529209999999978
11
169.7824999999999989
21
-94.570999999999998
0
LINE
8
BLACK
6
CONTINUOUS
10
169.7824999999999989
20
-94.570999999999998
11
169.3075000000000045
21
-94.570999999999998
0
LINE
8
BLACK
6
CONTINUOUS
10
169.3075000000000045
20
-94.570999999999998
11
169.2166129999999953
21
-94.5529209999999978
0
LINE
8
BLACK
6
CONTINUOUS
10
169.2166129999999953
20
-94.5529209999999978
11
169.1395619999999838
21
-94.5014379999999932
0
LINE
8
BLACK
6
CONTINUOUS
10
169.1395619999999838
20
-94.5014379999999932
11
169.0880789999999934
21
-94.4243869999999959
0
LINE
8
BLACK
6
CONTINUOUS
10
169.0880789999999934
20
-94.4243869999999959
11
169.0699999999999932
21
-94.3335000000000008
0
LINE
8
BLACK
6
CONTINUOUS
10
169.0699999999999932
20
-94.3335000000000008
11
169.0699999999999932
21
-93.8335000000000008
0
LINE
8
BLACK
6
CONTINUOUS
10
169.0699999999999932
20
-93.8335000000000008
11
169.0880789999999934
21
-93.7426129999999915
0
LINE
8
BLACK
6
CONTINUOUS
10
169.0880789999999934
20
-93.7426129999999915
11
169.1395619999999838
21
-93.6655619999999942
0
LINE
8
BLACK
6
CONTINUOUS
10
169.1395619999999838
20
-93.6655619999999942
11
169.2166129999999953
21
-93.6140789999999896
0
LINE
8
BLACK
6
CONTINUOUS
10
169.2166129999999953
20
-93.6140789999999896
11
169.3075000000000045
21
-93.5959999999999894
0
LINE
8
BLACK
6
CONTINUOUS
10
169.3075000000000045
20
-93.5959999999999894
11
169.7824999999999989
21
-93.5959999999999894
0
LINE
8
BLACK
6
CONTINUOUS
10
169.7824999999999989
20
-93.5959999999999894
11
169.8733869999999797
21
-93.6140789999999896
0
LINE
8
BLACK
6
CONTINUOUS
10
169.8733869999999797
20
-93.6140789999999896
11
169.9504379999999912
21
-93.6655619999999942
0
LINE
8
BLACK
6
CONTINUOUS
10
169.9504379999999912
20
-93.6655619999999942
11
170.0019209999999816
21
-93.7426129999999915
0
LINE
8
BLACK
6
CONTINUOUS
10
170.0019209999999816
20
-93.7426129999999915
11
170.0199999999999818
21
-93.8335000000000008
0
LINE
8
BLACK
6
CONTINUOUS
10
170.0199999999999818
20
-93.8335000000000008
11
170.0199999999999818
21
-93.9334999999999951
0
LINE
8
BLACK
6
CONTINUOUS
10
170.0199999999999818
20
-93.9334999999999951
11
170.4573649999999816
21
-93.9334999999999951
0
LINE
8
BLACK
6
CONTINUOUS
10
170.4573649999999816
20
-93.9334999999999951
11
170.4695769999999868
21
-93.8563929999999971
0
LINE
8
BLACK
6
CONTINUOUS
10
170.4695769999999868
20
-93.8563929999999971
11
170.5263929999999846
21
-93.7448859999999939
0
LINE
8
BLACK
6
CONTINUOUS
10
170.5263929999999846
20
-93.7448859999999939
11
170.6148859999999843
21
-93.6563929999999942
0
LINE
8
BLACK
6
CONTINUOUS
10
170.6148859999999843
20
-93.6563929999999942
11
170.7263930000000016
21
-93.5995769999999965
0
LINE
8
BLACK
6
CONTINUOUS
10
170.7263930000000016
20
-93.5995769999999965
11
170.8499999999999943
21
-93.5799999999999983
0
LINE
8
BLACK
6
CONTINUOUS
10
170.8499999999999943
20
-93.5799999999999983
11
170.973606999999987
21
-93.5995769999999965
0
LINE
8
BLACK
6
CONTINUOUS
10
131.6956069999999954
20
-91.6915769999999952
11
131.8071139999999843
21
-91.748392999999993
0
LINE
8
BLACK
6
CONTINUOUS
10
131.8071139999999843
20
-91.748392999999993
11
131.8956069999999841
21
-91.8368859999999927
0
LINE
8
BLACK
6
CONTINUOUS
10
131.8956069999999841
20
-91.8368859999999927
11
131.9524229999999818
21
-91.9483929999999958
0
LINE
8
BLACK
6
CONTINUOUS
10
131.9524229999999818
20
-91.9483929999999958
11
131.97199999999998
21
-92.0720000000000027
0
LINE
8
BLACK
6
CONTINUOUS
10
131.97199999999998
20
-92.0720000000000027
11
131.9524229999999818
21
-92.1956069999999954
0
LINE
8
BLACK
6
CONTINUOUS
10
131.9524229999999818
20
-92.1956069999999954
11
131.8956069999999841
21
-92.3071139999999986
0
LINE
8
BLACK
6
CONTINUOUS
10
131.8956069999999841
20
-92.3071139999999986
11
131.8071139999999843
21
-92.3956069999999983
0
LINE
8
BLACK
6
CONTINUOUS
10
131.8071139999999843
20
-92.3956069999999983
11
131.6956069999999954
21
-92.452422999999996
0
LINE
8
BLACK
6
CONTINUOUS
10
131.6956069999999954
20
-92.452422999999996
11
131.5720000000000027
21
-92.4719999999999942
0
LINE
8
BLACK
6
CONTINUOUS
10
131.5720000000000027
20
-92.4719999999999942
11
131.4483929999999816
21
-92.452422999999996
0
LINE
8
BLACK
6
CONTINUOUS
10
131.4483929999999816
20
-92.452422999999996
11
131.3368859999999927
21
-92.3956069999999983
0
LINE
8
BLACK
6
CONTINUOUS
10
131.3368859999999927
20
-92.3956069999999983
11
131.248392999999993
21
-92.3071139999999986
0
LINE
8
BLACK
6
CONTINUOUS
10
131.248392999999993
20
-92.3071139999999986
11
131.1915769999999952
21
-92.1956069999999954
0
LINE
8
BLACK
6
CONTINUOUS
10
131.1915769999999952
20
-92.1956069999999954
11
131.171999999999997
21
-92.0720000000000027
0
LINE
8
BLACK
6
CONTINUOUS
10
131.171999999999997
20
-92.0720000000000027
11
131.1915769999999952
21
-91.9483929999999958
0
LINE
8
BLACK
6
CONTINUOUS
10
131.1915769999999952
20
-91.9483929999999958
11
131.248392999999993
21
-91.8368859999999927
0
LINE
8
BLACK
6
CONTINUOUS
10
131.248392999999993
20
-91.8368859999999927
11
131.3368859999999927
21
-91.748392999999993
0
LINE
8
BLACK
6
CONTINUOUS
10
131.3368859999999927
20
-91.748392999999993
11
131.4483929999999816
21
-91.6915769999999952
0
LINE
8
BLACK
6
CONTINUOUS
10
131.4483929999999816
20
-91.6915769999999952
11
131.5720000000000027
21
-91.671999999999997
0
LINE
8
BLACK
6
CONTINUOUS
10
131.5720000000000027
20
-91.671999999999997
11
131.6956069999999954
21
-91.6915769999999952
0
LINE
8
BLACK
6
CONTINUOUS
10
158.657402999999988
20
-88.3664179999999959
11
158.7060659999999928
21
-88.398933999999997
0
LINE
8
BLACK
6
CONTINUOUS
10
158.7060659999999928
20
-88.398933999999997
11
158.7385819999999796
21
-88.4475970000000018
0
LINE
8
BLACK
6
CONTINUOUS
10
158.7385819999999796
20
-88.4475970000000018
11
158.75
21
-88.5049999999999955
0
LINE
8
BLACK
6
CONTINUOUS
10
158.75
20
-88.5049999999999955
11
159.6550000000000011
21
-88.5049999999999955
0
LINE
8
BLACK
6
CONTINUOUS
10
159.6550000000000011
20
-88.5049999999999955
11
159.6842639999999847
21
-88.5078819999999951
0
LINE
8
BLACK
6
CONTINUOUS
10
159.6842639999999847
20
-88.5078819999999951
11
159.7066609999999969
21
-88.5171589999999924
0
LINE
8
BLACK
6
CONTINUOUS
10
159.7066609999999969
20
-88.5171589999999924
11
159.7383350000000064
21
-88.5302789999999931
0
LINE
8
BLACK
6
CONTINUOUS
10
159.7383350000000064
20
-88.5302789999999931
11
159.7610659999999996
21
-88.5489340000000027
0
LINE
8
BLACK
6
CONTINUOUS
10
159.7610659999999996
20
-88.5489340000000027
11
160.1060659999999984
21
-88.8939340000000016
0
LINE
8
BLACK
6
CONTINUOUS
10
160.1060659999999984
20
-88.8939340000000016
11
160.1247209999999939
21
-88.9166649999999947
0
LINE
8
BLACK
6
CONTINUOUS
10
160.1247209999999939
20
-88.9166649999999947
11
160.135122999999993
21
-88.9417779999999993
0
LINE
8
BLACK
6
CONTINUOUS
10
160.135122999999993
20
-88.9417779999999993
11
160.1471180000000061
21
-88.9707360000000023
0
LINE
8
BLACK
6
CONTINUOUS
10
160.1471180000000061
20
-88.9707360000000023
11
160.1500000000000057
21
-89.
0
LINE
8
BLACK
6
CONTINUOUS
10
160.1500000000000057
20
-89.
11
160.1500000000000057
21
-89.5549999999999926
0
LINE
8
BLACK
6
CONTINUOUS
10
160.1500000000000057
20
-89.5549999999999926
11
160.1471180000000061
21
-89.5842629999999929
0
LINE
8
BLACK
6
CONTINUOUS
10
160.1471180000000061
20
-89.5842629999999929
11
160.1247209999999939
21
-89.6383359999999954
0
LINE
8
BLACK
6
CONTINUOUS
10
160.1247209999999939
20
-89.6383359999999954
11
160.1060659999999984
21
-89.661065999999991
0
LINE
8
BLACK
6
CONTINUOUS
10
160.1060659999999984
20
-89.661065999999991
11
158.8689999999999998
21
-90.8981319999999897
0
LINE
8
BLACK
6
CONTINUOUS
10
158.8689999999999998
20
-90.8981319999999897
11
158.8689999999999998
21
-91.6859999999999928
0
LINE
8
BLACK
6
CONTINUOUS
10
158.8689999999999998
20
-91.6859999999999928
11
157.8689999999999998
21
-91.6859999999999928
0
LINE
8
BLACK
6
CONTINUOUS
10
157.8689999999999998
20
-91.6859999999999928
11
157.8689999999999998
21
-90.6859999999999928
0
LINE
8
BLACK
6
CONTINUOUS
10
157.8689999999999998
20
-90.6859999999999928
11
158.6568680000000029
21
-90.6859999999999928
0
LINE
8
BLACK
6
CONTINUOUS
10
158.6568680000000029
20
-90.6859999999999928
11
159.8499999999999943
21
-89.4928680000000014
0
LINE
8
BLACK
6
CONTINUOUS
10
159.8499999999999943
20
-89.4928680000000014
11
159.8499999999999943
21
-89.0621319999999912
0
LINE
8
BLACK
6
CONTINUOUS
10
159.8499999999999943
20
-89.0621319999999912
11
159.5928679999999815
21
-88.8049999999999926
0
LINE
8
BLACK
6
CONTINUOUS
10
159.5928679999999815
20
-88.8049999999999926
11
158.75
21
-88.8049999999999926
0
LINE
8
BLACK
6
CONTINUOUS
10
158.75
20
-88.8049999999999926
11
158.7385819999999796
21
-88.8624030000000005
0
LINE
8
BLACK
6
CONTINUOUS
10
158.7385819999999796
20
-88.8624030000000005
11
158.7060659999999928
21
-88.911065999999991
0
LINE
8
BLACK
6
CONTINUOUS
10
158.7060659999999928
20
-88.911065999999991
11
158.657402999999988
21
-88.9435819999999921
0
LINE
8
BLACK
6
CONTINUOUS
10
158.657402999999988
20
-88.9435819999999921
11
158.5999999999999943
21
-88.9549999999999983
0
LINE
8
BLACK
6
CONTINUOUS
10
158.5999999999999943
20
-88.9549999999999983
11
156.9499999999999886
21
-88.9549999999999983
0
LINE
8
BLACK
6
CONTINUOUS
10
156.9499999999999886
20
-88.9549999999999983
11
156.892596999999995
21
-88.9435819999999921
0
LINE
8
BLACK
6
CONTINUOUS
10
156.892596999999995
20
-88.9435819999999921
11
156.8439339999999902
21
-88.911065999999991
0
LINE
8
BLACK
6
CONTINUOUS
10
156.8439339999999902
20
-88.911065999999991
11
156.8114180000000033
21
-88.8624030000000005
0
LINE
8
BLACK
6
CONTINUOUS
10
156.8114180000000033
20
-88.8624030000000005
11
156.7999999999999829
21
-88.8049999999999926
0
LINE
8
BLACK
6
CONTINUOUS
10
156.7999999999999829
20
-88.8049999999999926
11
156.7999999999999829
21
-88.5049999999999955
0
LINE
8
BLACK
6
CONTINUOUS
10
156.7999999999999829
20
-88.5049999999999955
11
156.8114180000000033
21
-88.4475970000000018
0
LINE
8
BLACK
6
CONTINUOUS
10
156.8114180000000033
20
-88.4475970000000018
11
156.8439339999999902
21
-88.398933999999997
0
LINE
8
BLACK
6
CONTINUOUS
10
156.8439339999999902
20
-88.398933999999997
11
156.892596999999995
21
-88.3664179999999959
0
LINE
8
BLACK
6
CONTINUOUS
10
156.892596999999995
20
-88.3664179999999959
11
156.9499999999999886
21
-88.3549999999999898
0
LINE
8
BLACK
6
CONTINUOUS
10
156.9499999999999886
20
-88.3549999999999898
11
158.5999999999999943
21
-88.3549999999999898
0
LINE
8
BLACK
6
CONTINUOUS
10
158.5999999999999943
20
-88.3549999999999898
11
158.657402999999988
21
-88.3664179999999959
0
LINE
8
BLACK
6
CONTINUOUS
10
163.607403000000005
20
-88.3664179999999959
11
163.6560659999999814
21
-88.398933999999997
0
LINE
8
BLACK
6
CONTINUOUS
10
163.6560659999999814
20
-88.398933999999997
11
163.6885819999999967
21
-88.4475970000000018
0
LINE
8
BLACK
6
CONTINUOUS
10
163.6885819999999967
20
-88.4475970000000018
11
163.6999999999999886
21
-88.5049999999999955
0
LINE
8
BLACK
6
CONTINUOUS
10
163.6999999999999886
20
-88.5049999999999955
11
163.6999999999999886
21
-88.8049999999999926
0
LINE
8
BLACK
6
CONTINUOUS
10
163.6999999999999886
20
-88.8049999999999926
11
163.6885819999999967
21
-88.8624030000000005
0
LINE
8
BLACK
6
CONTINUOUS
10
163.6885819999999967
20
-88.8624030000000005
11
163.6560659999999814
21
-88.911065999999991
0
LINE
8
BLACK
6
CONTINUOUS
10
163.6560659999999814
20
-88.911065999999991
11
163.607403000000005
21
-88.9435819999999921
0
LINE
8
BLACK
6
CONTINUOUS
10
163.607403000000005
20
-88.9435819999999921
11
163.5499999999999829
21
-88.9549999999999983
0
LINE
8
BLACK
6
CONTINUOUS
10
163.5499999999999829
20
-88.9549999999999983
11
161.9000000000000057
21
-88.9549999999999983
0
LINE
8
BLACK
6
CONTINUOUS
10
161.9000000000000057
20
-88.9549999999999983
11
161.8425969999999836
21
-88.9435819999999921
0
LINE
8
BLACK
6
CONTINUOUS
10
161.8425969999999836
20
-88.9435819999999921
11
161.7939339999999788
21
-88.911065999999991
0
LINE
8
BLACK
6
CONTINUOUS
10
161.7939339999999788
20
-88.911065999999991
11
161.7614179999999919
21
-88.8624030000000005
0
LINE
8
BLACK
6
CONTINUOUS
10
161.7614179999999919
20
-88.8624030000000005
11
161.75
21
-88.8049999999999926
0
LINE
8
BLACK
6
CONTINUOUS
10
161.75
20
-88.8049999999999926
11
160.9071319999999901
21
-88.8049999999999926
0
LINE
8
BLACK
6
CONTINUOUS
10
160.9071319999999901
20
-88.8049999999999926
11
160.6500000000000057
21
-89.0621319999999912
0
LINE
8
BLACK
6
CONTINUOUS
10
160.6500000000000057
20
-89.0621319999999912
11
160.6500000000000057
21
-89.7621060000000028
0
LINE
8
BLACK
6
CONTINUOUS
10
160.6500000000000057
20
-89.7621060000000028
11
160.6471180000000061
21
-89.7913689999999889
0
LINE
8
BLACK
6
CONTINUOUS
10
160.6471180000000061
20
-89.7913689999999889
11
160.6247209999999939
21
-89.8454409999999939
0
LINE
8
BLACK
6
CONTINUOUS
10
160.6247209999999939
20
-89.8454409999999939
11
160.6060659999999984
21
-89.8681720000000013
0
LINE
8
BLACK
6
CONTINUOUS
10
160.6060659999999984
20
-89.8681720000000013
11
159.7889999999999873
21
-90.6852379999999982
0
LINE
8
BLACK
6
CONTINUOUS
10
159.7889999999999873
20
-90.6852379999999982
11
159.7889999999999873
21
-90.7142389999999921
0
LINE
8
BLACK
6
CONTINUOUS
10
159.7889999999999873
20
-90.7142389999999921
11
159.8467080000000067
21
-90.7311839999999989
0
LINE
8
BLACK
6
CONTINUOUS
10
159.8467080000000067
20
-90.7311839999999989
11
159.9664300000000026
21
-90.8081249999999898
0
LINE
8
BLACK
6
CONTINUOUS
10
159.9664300000000026
20
-90.8081249999999898
11
160.0596270000000061
21
-90.9156799999999947
0
LINE
8
BLACK
6
CONTINUOUS
10
160.0596270000000061
20
-90.9156799999999947
11
160.1187459999999874
21
-91.0451339999999902
0
LINE
8
BLACK
6
CONTINUOUS
10
160.1187459999999874
20
-91.0451339999999902
11
160.1389999999999816
21
-91.1859999999999928
0
LINE
8
BLACK
6
CONTINUOUS
10
160.1389999999999816
20
-91.1859999999999928
11
160.1187459999999874
21
-91.3268659999999954
0
LINE
8
BLACK
6
CONTINUOUS
10
160.1187459999999874
20
-91.3268659999999954
11
160.0596270000000061
21
-91.456319999999991
0
LINE
8
BLACK
6
CONTINUOUS
10
160.0596270000000061
20
-91.456319999999991
11
159.9664300000000026
21
-91.5638749999999959
0
LINE
8
BLACK
6
CONTINUOUS
10
159.9664300000000026
20
-91.5638749999999959
11
159.8467080000000067
21
-91.6408160000000009
0
LINE
8
BLACK
6
CONTINUOUS
10
159.8467080000000067
20
-91.6408160000000009
11
159.7101569999999811
21
-91.6809109999999947
0
LINE
8
BLACK
6
CONTINUOUS
10
159.7101569999999811
20
-91.6809109999999947
11
159.5678429999999821
21
-91.6809109999999947
0
LINE
8
BLACK
6
CONTINUOUS
10
159.5678429999999821
20
-91.6809109999999947
11
159.4312919999999849
21
-91.6408160000000009
0
LINE
8
BLACK
6
CONTINUOUS
10
159.4312919999999849
20
-91.6408160000000009
11
159.311569999999989
21
-91.5638749999999959
0
LINE
8
BLACK
6
CONTINUOUS
10
159.311569999999989
20
-91.5638749999999959
11
159.2183729999999855
21
-91.456319999999991
0
LINE
8
BLACK
6
CONTINUOUS
10
159.2183729999999855
20
-91.456319999999991
11
159.1592540000000042
21
-91.3268659999999954
0
LINE
8
BLACK
6
CONTINUOUS
10
159.1592540000000042
20
-91.3268659999999954
11
159.1389999999999816
21
-91.1859999999999928
0
LINE
8
BLACK
6
CONTINUOUS
10
159.1389999999999816
20
-91.1859999999999928
11
159.1592540000000042
21
-91.0451339999999902
0
LINE
8
BLACK
6
CONTINUOUS
10
159.1592540000000042
20
-91.0451339999999902
11
159.2183729999999855
21
-90.9156799999999947
0
LINE
8
BLACK
6
CONTINUOUS
10
159.2183729999999855
20
-90.9156799999999947
11
159.311569999999989
21
-90.8081249999999898
0
LINE
8
BLACK
6
CONTINUOUS
10
159.311569999999989
20
-90.8081249999999898
11
159.4312919999999849
21
-90.7311839999999989
0
LINE
8
BLACK
6
CONTINUOUS
10
159.4312919999999849
20
-90.7311839999999989
11
159.4890000000000043
21
-90.7142389999999921
0
LINE
8
BLACK
6
CONTINUOUS
10
159.4890000000000043
20
-90.7142389999999921
11
159.4890000000000043
21
-90.6231059999999928
0
LINE
8
BLACK
6
CONTINUOUS
10
159.4890000000000043
20
-90.6231059999999928
11
159.4918820000000039
21
-90.5938419999999951
0
LINE
8
BLACK
6
CONTINUOUS
10
159.4918820000000039
20
-90.5938419999999951
11
159.5011590000000012
21
-90.5714449999999971
0
LINE
8
BLACK
6
CONTINUOUS
10
159.5011590000000012
20
-90.5714449999999971
11
159.5142789999999877
21
-90.5397710000000018
0
LINE
8
BLACK
6
CONTINUOUS
10
159.5142789999999877
20
-90.5397710000000018
11
159.5329339999999831
21
-90.5170399999999944
0
LINE
8
BLACK
6
CONTINUOUS
10
159.5329339999999831
20
-90.5170399999999944
11
160.3499999999999943
21
-89.6999739999999974
0
LINE
8
BLACK
6
CONTINUOUS
10
160.3499999999999943
20
-89.6999739999999974
11
160.3499999999999943
21
-89.
0
LINE
8
BLACK
6
CONTINUOUS
10
160.3499999999999943
20
-89.
11
160.3528819999999939
21
-88.9707360000000023
0
LINE
8
BLACK
6
CONTINUOUS
10
160.3528819999999939
20
-88.9707360000000023
11
160.3648769999999786
21
-88.9417779999999993
0
LINE
8
BLACK
6
CONTINUOUS
10
160.3648769999999786
20
-88.9417779999999993
11
160.3752790000000061
21
-88.9166649999999947
0
LINE
8
BLACK
6
CONTINUOUS
10
160.3752790000000061
20
-88.9166649999999947
11
160.3939340000000016
21
-88.8939340000000016
0
LINE
8
BLACK
6
CONTINUOUS
10
160.3939340000000016
20
-88.8939340000000016
11
160.7389340000000004
21
-88.5489340000000027
0
LINE
8
BLACK
6
CONTINUOUS
10
160.7389340000000004
20
-88.5489340000000027
11
160.7616649999999936
21
-88.5302789999999931
0
LINE
8
BLACK
6
CONTINUOUS
10
160.7616649999999936
20
-88.5302789999999931
11
160.7933390000000031
21
-88.5171589999999924
0
LINE
8
BLACK
6
CONTINUOUS
10
160.7933390000000031
20
-88.5171589999999924
11
160.8157359999999869
21
-88.5078819999999951
0
LINE
8
BLACK
6
CONTINUOUS
10
160.8157359999999869
20
-88.5078819999999951
11
160.8449999999999989
21
-88.5049999999999955
0
LINE
8
BLACK
6
CONTINUOUS
10
160.8449999999999989
20
-88.5049999999999955
11
161.75
21
-88.5049999999999955
0
LINE
8
BLACK
6
CONTINUOUS
10
161.75
20
-88.5049999999999955
11
161.7614179999999919
21
-88.4475970000000018
0
LINE
8
BLACK
6
CONTINUOUS
10
161.7614179999999919
20
-88.4475970000000018
11
161.7939339999999788
21
-88.398933999999997
0
LINE
8
BLACK
6
CONTINUOUS
10
161.7939339999999788
20
-88.398933999999997
11
161.8425969999999836
21
-88.3664179999999959
0
LINE
8
BLACK
6
CONTINUOUS
10
161.8425969999999836
20
-88.3664179999999959
11
161.9000000000000057
21
-88.3549999999999898
0
LINE
8
BLACK
6
CONTINUOUS
10
161.9000000000000057
20
-88.3549999999999898
11
163.5499999999999829
21
-88.3549999999999898
0
LINE
8
BLACK
6
CONTINUOUS
10
163.5499999999999829
20
-88.3549999999999898
11
163.607403000000005
21
-88.3664179999999959
0
LINE
8
BLACK
6
CONTINUOUS
10
161.1167079999999885
20
-90.7311839999999989
11
161.2364299999999844
21
-90.8081249999999898
0
LINE
8
BLACK
6
CONTINUOUS
10
161.2364299999999844
20
-90.8081249999999898
11
161.3296269999999879
21
-90.9156799999999947
0
LINE
8
BLACK
6
CONTINUOUS
10
161.3296269999999879
20
-90.9156799999999947
11
161.3887459999999976
21
-91.0451339999999902
0
LINE
8
BLACK
6
CONTINUOUS
10
161.3887459999999976
20
-91.0451339999999902
11
161.4089999999999918
21
-91.1859999999999928
0
LINE
8
BLACK
6
CONTINUOUS
10
161.4089999999999918
20
-91.1859999999999928
11
161.3887459999999976
21
-91.3268659999999954
0
LINE
8
BLACK
6
CONTINUOUS
10
161.3887459999999976
20
-91.3268659999999954
11
161.3296269999999879
21
-91.456319999999991
0
LINE
8
BLACK
6
CONTINUOUS
10
161.3296269999999879
20
-91.456319999999991
11
161.2364299999999844
21
-91.5638749999999959
0
LINE
8
BLACK
6
CONTINUOUS
10
161.2364299999999844
20
-91.5638749999999959
11
161.1167079999999885
21
-91.6408160000000009
0
LINE
8
BLACK
6
CONTINUOUS
10
161.1167079999999885
20
-91.6408160000000009
11
160.9801569999999913
21
-91.6809109999999947
0
LINE
8
BLACK
6
CONTINUOUS
10
160.9801569999999913
20
-91.6809109999999947
11
160.8378429999999923
21
-91.6809109999999947
0
LINE
8
BLACK
6
CONTINUOUS
10
160.8378429999999923
20
-91.6809109999999947
11
160.7012919999999951
21
-91.6408160000000009
0
LINE
8
BLACK
6
CONTINUOUS
10
160.7012919999999951
20
-91.6408160000000009
11
160.5815699999999993
21
-91.5638749999999959
0
LINE
8
BLACK
6
CONTINUOUS
10
160.5815699999999993
20
-91.5638749999999959
11
160.4883729999999957
21
-91.456319999999991
0
LINE
8
BLACK
6
CONTINUOUS
10
160.4883729999999957
20
-91.456319999999991
11
160.429253999999986
21
-91.3268659999999954
0
LINE
8
BLACK
6
CONTINUOUS
10
160.429253999999986
20
-91.3268659999999954
11
160.4089999999999918
21
-91.1859999999999928
0
LINE
8
BLACK
6
CONTINUOUS
10
160.4089999999999918
20
-91.1859999999999928
11
160.429253999999986
21
-91.0451339999999902
0
LINE
8
BLACK
6
CONTINUOUS
10
160.429253999999986
20
-91.0451339999999902
11
160.4883729999999957
21
-90.9156799999999947
0
LINE
8
BLACK
6
CONTINUOUS
10
160.4883729999999957
20
-90.9156799999999947
11
160.5815699999999993
21
-90.8081249999999898
0
LINE
8
BLACK
6
CONTINUOUS
10
160.5815699999999993
20
-90.8081249999999898
11
160.7012919999999951
21
-90.7311839999999989
0
LINE
8
BLACK
6
CONTINUOUS
10
160.7012919999999951
20
-90.7311839999999989
11
160.8378429999999923
21
-90.691088999999991
0
LINE
8
BLACK
6
CONTINUOUS
10
160.8378429999999923
20
-90.691088999999991
11
160.9801569999999913
21
-90.691088999999991
0
LINE
8
BLACK
6
CONTINUOUS
10
160.9801569999999913
20
-90.691088999999991
11
161.1167079999999885
21
-90.7311839999999989
0
LINE
8
BLACK
6
CONTINUOUS
10
162.3867079999999987
20
-90.7311839999999989
11
162.5064299999999946
21
-90.8081249999999898
0
LINE
8
BLACK
6
CONTINUOUS
10
162.5064299999999946
20
-90.8081249999999898
11
162.5996269999999981
21
-90.9156799999999947
0
LINE
8
BLACK
6
CONTINUOUS
10
162.5996269999999981
20
-90.9156799999999947
11
162.6587459999999794
21
-91.0451339999999902
0
LINE
8
BLACK
6
CONTINUOUS
10
162.6587459999999794
20
-91.0451339999999902
11
162.679000000000002
21
-91.1859999999999928
0
LINE
8
BLACK
6
CONTINUOUS
10
162.679000000000002
20
-91.1859999999999928
11
162.6587459999999794
21
-91.3268659999999954
0
LINE
8
BLACK
6
CONTINUOUS
10
162.6587459999999794
20
-91.3268659999999954
11
162.5996269999999981
21
-91.456319999999991
0
LINE
8
BLACK
6
CONTINUOUS
10
162.5996269999999981
20
-91.456319999999991
11
162.5064299999999946
21
-91.5638749999999959
0
LINE
8
BLACK
6
CONTINUOUS
10
162.5064299999999946
20
-91.5638749999999959
11
162.3867079999999987
21
-91.6408160000000009
0
LINE
8
BLACK
6
CONTINUOUS
10
162.3867079999999987
20
-91.6408160000000009
11
162.2501570000000015
21
-91.6809109999999947
0
LINE
8
BLACK
6
CONTINUOUS
10
162.2501570000000015
20
-91.6809109999999947
11
162.1078430000000026
21
-91.6809109999999947
0
LINE
8
BLACK
6
CONTINUOUS
10
162.1078430000000026
20
-91.6809109999999947
11
161.9712920000000054
21
-91.6408160000000009
0
LINE
8
BLACK
6
CONTINUOUS
10
161.9712920000000054
20
-91.6408160000000009
11
161.8515699999999811
21
-91.5638749999999959
0
LINE
8
BLACK
6
CONTINUOUS
10
161.8515699999999811
20
-91.5638749999999959
11
161.758373000000006
21
-91.456319999999991
0
LINE
8
BLACK
6
CONTINUOUS
10
161.758373000000006
20
-91.456319999999991
11
161.6992539999999963
21
-91.3268659999999954
0
LINE
8
BLACK
6
CONTINUOUS
10
161.6992539999999963
20
-91.3268659999999954
11
161.679000000000002
21
-91.1859999999999928
0
LINE
8
BLACK
6
CONTINUOUS
10
161.679000000000002
20
-91.1859999999999928
11
161.6992539999999963
21
-91.0451339999999902
0
LINE
8
BLACK
6
CONTINUOUS
10
161.6992539999999963
20
-91.0451339999999902
11
161.758373000000006
21
-90.9156799999999947
0
LINE
8
BLACK
6
CONTINUOUS
10
161.758373000000006
20
-90.9156799999999947
11
161.8515699999999811
21
-90.8081249999999898
0
LINE
8
BLACK
6
CONTINUOUS
10
161.8515699999999811
20
-90.8081249999999898
11
161.9712920000000054
21
-90.7311839999999989
0
LINE
8
BLACK
6
CONTINUOUS
10
161.9712920000000054
20
-90.7311839999999989
11
162.1078430000000026
21
-90.691088999999991
0
LINE
8
BLACK
6
CONTINUOUS
10
162.1078430000000026
20
-90.691088999999991
11
162.2501570000000015
21
-90.691088999999991
0
LINE
8
BLACK
6
CONTINUOUS
10
162.2501570000000015
20
-90.691088999999991
11
162.3867079999999987
21
-90.7311839999999989
0
LINE
8
BLACK
6
CONTINUOUS
10
168.9066069999999797
20
-89.2815769999999986
11
169.0181139999999971
21
-89.3383929999999964
0
LINE
8
BLACK
6
CONTINUOUS
10
169.0181139999999971
20
-89.3383929999999964
11
169.1066069999999968
21
-89.4268859999999961
0
LINE
8
BLACK
6
CONTINUOUS
10
169.1066069999999968
20
-89.4268859999999961
11
169.1634229999999945
21
-89.5383929999999992
0
LINE
8
BLACK
6
CONTINUOUS
10
169.1634229999999945
20
-89.5383929999999992
11
169.1829999999999927
21
-89.6619999999999919
0
LINE
8
BLACK
6
CONTINUOUS
10
169.1829999999999927
20
-89.6619999999999919
11
169.1634229999999945
21
-89.7856069999999988
0
LINE
8
BLACK
6
CONTINUOUS
10
169.1634229999999945
20
-89.7856069999999988
11
169.1066069999999968
21
-89.897114000000002
0
LINE
8
BLACK
6
CONTINUOUS
10
169.1066069999999968
20
-89.897114000000002
11
169.0181139999999971
21
-89.9856070000000017
0
LINE
8
BLACK
6
CONTINUOUS
10
169.0181139999999971
20
-89.9856070000000017
11
168.9066069999999797
21
-90.0424229999999994
0
LINE
8
BLACK
6
CONTINUOUS
10
168.9066069999999797
20
-90.0424229999999994
11
168.782999999999987
21
-90.0619999999999976
0
LINE
8
BLACK
6
CONTINUOUS
10
168.782999999999987
20
-90.0619999999999976
11
168.6593929999999943
21
-90.0424229999999994
0
LINE
8
BLACK
6
CONTINUOUS
10
168.6593929999999943
20
-90.0424229999999994
11
168.5478860000000054
21
-89.9856070000000017
0
LINE
8
BLACK
6
CONTINUOUS
10
168.5478860000000054
20
-89.9856070000000017
11
168.4593930000000057
21
-89.897114000000002
0
LINE
8
BLACK
6
CONTINUOUS
10
168.4593930000000057
20
-89.897114000000002
11
168.4025769999999795
21
-89.7856069999999988
0
LINE
8
BLACK
6
CONTINUOUS
10
168.4025769999999795
20
-89.7856069999999988
11
168.3829999999999814
21
-89.6619999999999919
0
LINE
8
BLACK
6
CONTINUOUS
10
168.3829999999999814
20
-89.6619999999999919
11
168.4025769999999795
21
-89.5383929999999992
0
LINE
8
BLACK
6
CONTINUOUS
10
168.4025769999999795
20
-89.5383929999999992
11
168.4593930000000057
21
-89.4268859999999961
0
LINE
8
BLACK
6
CONTINUOUS
10
168.4593930000000057
20
-89.4268859999999961
11
168.5478860000000054
21
-89.3383929999999964
0
LINE
8
BLACK
6
CONTINUOUS
10
168.5478860000000054
20
-89.3383929999999964
11
168.6593929999999943
21
-89.2815769999999986
0
LINE
8
BLACK
6
CONTINUOUS
10
168.6593929999999943
20
-89.2815769999999986
11
168.782999999999987
21
-89.2620000000000005
0
LINE
8
BLACK
6
CONTINUOUS
10
168.782999999999987
20
-89.2620000000000005
11
168.9066069999999797
21
-89.2815769999999986
0
LINE
8
BLACK
6
CONTINUOUS
10
124.9217079999999953
20
-86.7941840000000013
11
125.0414299999999912
21
-86.8711249999999922
0
LINE
8
BLACK
6
CONTINUOUS
10
125.0414299999999912
20
-86.8711249999999922
11
125.1346269999999947
21
-86.9786799999999971
0
LINE
8
BLACK
6
CONTINUOUS
10
125.1346269999999947
20
-86.9786799999999971
11
125.1937459999999902
21
-87.1081339999999926
0
LINE
8
BLACK
6
CONTINUOUS
10
125.1937459999999902
20
-87.1081339999999926
11
125.2139999999999986
21
-87.2489999999999952
0
LINE
8
BLACK
6
CONTINUOUS
10
125.2139999999999986
20
-87.2489999999999952
11
125.1937459999999902
21
-87.3898659999999978
0
LINE
8
BLACK
6
CONTINUOUS
10
125.1937459999999902
20
-87.3898659999999978
11
125.1346269999999947
21
-87.5193199999999933
0
LINE
8
BLACK
6
CONTINUOUS
10
125.1346269999999947
20
-87.5193199999999933
11
125.0414299999999912
21
-87.6268749999999983
0
LINE
8
BLACK
6
CONTINUOUS
10
125.0414299999999912
20
-87.6268749999999983
11
124.9217079999999953
21
-87.7038159999999891
0
LINE
8
BLACK
6
CONTINUOUS
10
124.9217079999999953
20
-87.7038159999999891
11
124.7851569999999981
21
-87.7439109999999971
0
LINE
8
BLACK
6
CONTINUOUS
10
124.7851569999999981
20
-87.7439109999999971
11
124.6428429999999992
21
-87.7439109999999971
0
LINE
8
BLACK
6
CONTINUOUS
10
124.6428429999999992
20
-87.7439109999999971
11
124.5062919999999878
21
-87.7038159999999891
0
LINE
8
BLACK
6
CONTINUOUS
10
124.5062919999999878
20
-87.7038159999999891
11
124.3865699999999919
21
-87.6268749999999983
0
LINE
8
BLACK
6
CONTINUOUS
10
124.3865699999999919
20
-87.6268749999999983
11
124.2933729999999883
21
-87.5193199999999933
0
LINE
8
BLACK
6
CONTINUOUS
10
124.2933729999999883
20
-87.5193199999999933
11
124.2342539999999929
21
-87.3898659999999978
0
LINE
8
BLACK
6
CONTINUOUS
10
124.2342539999999929
20
-87.3898659999999978
11
124.2139999999999986
21
-87.2489999999999952
0
LINE
8
BLACK
6
CONTINUOUS
10
124.2139999999999986
20
-87.2489999999999952
11
124.2342539999999929
21
-87.1081339999999926
0
LINE
8
BLACK
6
CONTINUOUS
10
124.2342539999999929
20
-87.1081339999999926
11
124.2933729999999883
21
-86.9786799999999971
0
LINE
8
BLACK
6
CONTINUOUS
10
124.2933729999999883
20
-86.9786799999999971
11
124.3865699999999919
21
-86.8711249999999922
0
LINE
8
BLACK
6
CONTINUOUS
10
124.3865699999999919
20
-86.8711249999999922
11
124.5062919999999878
21
-86.7941840000000013
0
LINE
8
BLACK
6
CONTINUOUS
10
124.5062919999999878
20
-86.7941840000000013
11
124.6428429999999992
21
-86.7540889999999933
0
LINE
8
BLACK
6
CONTINUOUS
10
124.6428429999999992
20
-86.7540889999999933
11
124.7851569999999981
21
-86.7540889999999933
0
LINE
8
BLACK
6
CONTINUOUS
10
124.7851569999999981
20
-86.7540889999999933
11
124.9217079999999953
21
-86.7941840000000013
0
LINE
8
BLACK
6
CONTINUOUS
10
174.5947079999999971
20
-86.7941840000000013
11
174.714429999999993
21
-86.8711249999999922
0
LINE
8
BLACK
6
CONTINUOUS
10
174.714429999999993
20
-86.8711249999999922
11
174.8076269999999965
21
-86.9786799999999971
0
LINE
8
BLACK
6
CONTINUOUS
10
174.8076269999999965
20
-86.9786799999999971
11
174.8667460000000062
21
-87.1081339999999926
0
LINE
8
BLACK
6
CONTINUOUS
10
174.8667460000000062
20
-87.1081339999999926
11
174.8870000000000005
21
-87.2489999999999952
0
LINE
8
BLACK
6
CONTINUOUS
10
174.8870000000000005
20
-87.2489999999999952
11
174.8667460000000062
21
-87.3898659999999978
0
LINE
8
BLACK
6
CONTINUOUS
10
174.8667460000000062
20
-87.3898659999999978
11
174.8076269999999965
21
-87.5193199999999933
0
LINE
8
BLACK
6
CONTINUOUS
10
174.8076269999999965
20
-87.5193199999999933
11
174.714429999999993
21
-87.6268749999999983
0
LINE
8
BLACK
6
CONTINUOUS
10
174.714429999999993
20
-87.6268749999999983
11
174.5947079999999971
21
-87.7038159999999891
0
LINE
8
BLACK
6
CONTINUOUS
10
174.5947079999999971
20
-87.7038159999999891
11
174.4581569999999999
21
-87.7439109999999971
0
LINE
8
BLACK
6
CONTINUOUS
10
174.4581569999999999
20
-87.7439109999999971
11
174.315843000000001
21
-87.7439109999999971
0
LINE
8
BLACK
6
CONTINUOUS
10
174.315843000000001
20
-87.7439109999999971
11
174.1792920000000038
21
-87.7038159999999891
0
LINE
8
BLACK
6
CONTINUOUS
10
174.1792920000000038
20
-87.7038159999999891
11
174.0595699999999795
21
-87.6268749999999983
0
LINE
8
BLACK
6
CONTINUOUS
10
174.0595699999999795
20
-87.6268749999999983
11
173.9663730000000044
21
-87.5193199999999933
0
LINE
8
BLACK
6
CONTINUOUS
10
173.9663730000000044
20
-87.5193199999999933
11
173.9072539999999947
21
-87.3898659999999978
0
LINE
8
BLACK
6
CONTINUOUS
10
173.9072539999999947
20
-87.3898659999999978
11
173.8870000000000005
21
-87.2489999999999952
0
LINE
8
BLACK
6
CONTINUOUS
10
173.8870000000000005
20
-87.2489999999999952
11
173.9072539999999947
21
-87.1081339999999926
0
LINE
8
BLACK
6
CONTINUOUS
10
173.9072539999999947
20
-87.1081339999999926
11
173.9663730000000044
21
-86.9786799999999971
0
LINE
8
BLACK
6
CONTINUOUS
10
173.9663730000000044
20
-86.9786799999999971
11
174.0595699999999795
21
-86.8711249999999922
0
LINE
8
BLACK
6
CONTINUOUS
10
174.0595699999999795
20
-86.8711249999999922
11
174.1792920000000038
21
-86.7941840000000013
0
LINE
8
BLACK
6
CONTINUOUS
10
174.1792920000000038
20
-86.7941840000000013
11
174.315843000000001
21
-86.7540889999999933
0
LINE
8
BLACK
6
CONTINUOUS
10
174.315843000000001
20
-86.7540889999999933
11
174.4581569999999999
21
-86.7540889999999933
0
LINE
8
BLACK
6
CONTINUOUS
10
174.4581569999999999
20
-86.7540889999999933
11
174.5947079999999971
21
-86.7941840000000013
0
LINE
8
BLACK
6
CONTINUOUS
10
159.7783869999999808
20
-82.7930789999999917
11
159.8554379999999924
21
-82.8445619999999963
0
LINE
8
BLACK
6
CONTINUOUS
10
159.8554379999999924
20
-82.8445619999999963
11
159.9069209999999828
21
-82.9216129999999936
0
LINE
8
BLACK
6
CONTINUOUS
10
159.9069209999999828
20
-82.9216129999999936
11
159.9249999999999829
21
-83.0125000000000028
0
LINE
8
BLACK
6
CONTINUOUS
10
159.9249999999999829
20
-83.0125000000000028
11
159.9249999999999829
21
-83.4874999999999972
0
LINE
8
BLACK
6
CONTINUOUS
10
159.9249999999999829
20
-83.4874999999999972
11
159.9069209999999828
21
-83.5783869999999922
0
LINE
8
BLACK
6
CONTINUOUS
10
159.9069209999999828
20
-83.5783869999999922
11
159.8554379999999924
21
-83.6554379999999895
0
LINE
8
BLACK
6
CONTINUOUS
10
159.8554379999999924
20
-83.6554379999999895
11
159.7783869999999808
21
-83.7069209999999941
0
LINE
8
BLACK
6
CONTINUOUS
10
159.7783869999999808
20
-83.7069209999999941
11
159.6875
21
-83.7249999999999943
0
LINE
8
BLACK
6
CONTINUOUS
10
159.6875
20
-83.7249999999999943
11
159.6374999999999886
21
-83.7249999999999943
0
LINE
8
BLACK
6
CONTINUOUS
10
159.6374999999999886
20
-83.7249999999999943
11
159.6374999999999886
21
-85.4774989999999946
0
LINE
8
BLACK
6
CONTINUOUS
10
159.6374999999999886
20
-85.4774989999999946
11
159.632696999999979
21
-85.526260999999991
0
LINE
8
BLACK
6
CONTINUOUS
10
159.632696999999979
20
-85.526260999999991
11
159.632696999999979
21
-85.5262709999999942
0
LINE
8
BLACK
6
CONTINUOUS
10
159.632696999999979
20
-85.5262709999999942
11
159.5953679999999792
21
-85.616390999999993
0
LINE
8
BLACK
6
CONTINUOUS
10
159.5953679999999792
20
-85.616390999999993
11
159.5642770000000041
21
-85.6542749999999984
0
LINE
8
BLACK
6
CONTINUOUS
10
159.5642770000000041
20
-85.6542749999999984
11
158.9267759999999896
21
-86.2917769999999962
0
LINE
8
BLACK
6
CONTINUOUS
10
158.9267759999999896
20
-86.2917769999999962
11
158.8888959999999884
21
-86.3228620000000006
0
LINE
8
BLACK
6
CONTINUOUS
10
158.8888959999999884
20
-86.3228620000000006
11
158.8888919999999985
21
-86.3228670000000022
0
LINE
8
BLACK
6
CONTINUOUS
10
158.8888919999999985
20
-86.3228670000000022
11
158.7987719999999854
21
-86.360196000000002
0
LINE
8
BLACK
6
CONTINUOUS
10
158.7987719999999854
20
-86.360196000000002
11
158.7499990000000025
21
-86.3649999999999949
0
LINE
8
BLACK
6
CONTINUOUS
10
158.7499990000000025
20
-86.3649999999999949
11
158.7101189999999917
21
-86.3649999999999949
0
LINE
8
BLACK
6
CONTINUOUS
10
158.7101189999999917
20
-86.3649999999999949
11
158.7060659999999928
21
-86.371065999999999
0
LINE
8
BLACK
6
CONTINUOUS
10
158.7060659999999928
20
-86.371065999999999
11
158.657402999999988
21
-86.4035820000000001
0
LINE
8
BLACK
6
CONTINUOUS
10
158.657402999999988
20
-86.4035820000000001
11
158.5999999999999943
21
-86.414999999999992
0
LINE
8
BLACK
6
CONTINUOUS
10
158.5999999999999943
20
-86.414999999999992
11
158.0250000000000057
21
-86.414999999999992
0
LINE
8
BLACK
6
CONTINUOUS
10
158.0250000000000057
20
-86.414999999999992
11
158.0250000000000057
21
-87.0849999999999937
0
LINE
8
BLACK
6
CONTINUOUS
10
158.0250000000000057
20
-87.0849999999999937
11
158.5999999999999943
21
-87.0849999999999937
0
LINE
8
BLACK
6
CONTINUOUS
10
158.5999999999999943
20
-87.0849999999999937
11
158.657402999999988
21
-87.0964179999999999
0
LINE
8
BLACK
6
CONTINUOUS
10
158.657402999999988
20
-87.0964179999999999
11
158.7060659999999928
21
-87.128934000000001
0
LINE
8
BLACK
6
CONTINUOUS
10
158.7060659999999928
20
-87.128934000000001
11
158.7101189999999917
21
-87.1349999999999909
0
LINE
8
BLACK
6
CONTINUOUS
10
158.7101189999999917
20
-87.1349999999999909
11
161.7898809999999798
21
-87.1349999999999909
0
LINE
8
BLACK
6
CONTINUOUS
10
161.7898809999999798
20
-87.1349999999999909
11
161.7939339999999788
21
-87.128934000000001
0
LINE
8
BLACK
6
CONTINUOUS
10
161.7939339999999788
20
-87.128934000000001
11
161.8425969999999836
21
-87.0964179999999999
0
LINE
8
BLACK
6
CONTINUOUS
10
161.8425969999999836
20
-87.0964179999999999
11
161.9000000000000057
21
-87.0849999999999937
0
LINE
8
BLACK
6
CONTINUOUS
10
161.9000000000000057
20
-87.0849999999999937
11
163.5499999999999829
21
-87.0849999999999937
0
LINE
8
BLACK
6
CONTINUOUS
10
163.5499999999999829
20
-87.0849999999999937
11
163.607403000000005
21
-87.0964179999999999
0
LINE
8
BLACK
6
CONTINUOUS
10
163.607403000000005
20
-87.0964179999999999
11
163.6554339999999854
21
-87.1285110000000032
0
LINE
8
BLACK
6
CONTINUOUS
10
163.6554339999999854
20
-87.1285110000000032
11
164.3499999999999943
21
-86.4339459999999917
0
LINE
8
BLACK
6
CONTINUOUS
10
164.3499999999999943
20
-86.4339459999999917
11
164.3499999999999943
21
-86.0125000000000028
0
LINE
8
BLACK
6
CONTINUOUS
10
164.3499999999999943
20
-86.0125000000000028
11
164.3680789999999945
21
-85.9216129999999936
0
LINE
8
BLACK
6
CONTINUOUS
10
164.3680789999999945
20
-85.9216129999999936
11
164.4195619999999849
21
-85.8445619999999963
0
LINE
8
BLACK
6
CONTINUOUS
10
164.4195619999999849
20
-85.8445619999999963
11
164.4966129999999964
21
-85.7930789999999917
0
LINE
8
BLACK
6
CONTINUOUS
10
164.4966129999999964
20
-85.7930789999999917
11
164.5875000000000057
21
-85.7749999999999915
0
LINE
8
BLACK
6
CONTINUOUS
10
164.5875000000000057
20
-85.7749999999999915
11
165.1875
21
-85.7749999999999915
0
LINE
8
BLACK
6
CONTINUOUS
10
165.1875
20
-85.7749999999999915
11
165.2783869999999808
21
-85.7930789999999917
0
LINE
8
BLACK
6
CONTINUOUS
10
165.2783869999999808
20
-85.7930789999999917
11
165.3554379999999924
21
-85.8445619999999963
0
LINE
8
BLACK
6
CONTINUOUS
10
165.3554379999999924
20
-85.8445619999999963
11
165.4069209999999828
21
-85.9216129999999936
0
LINE
8
BLACK
6
CONTINUOUS
10
165.4069209999999828
20
-85.9216129999999936
11
165.4249999999999829
21
-86.0125000000000028
0
LINE
8
BLACK
6
CONTINUOUS
10
165.4249999999999829
20
-86.0125000000000028
11
165.4249999999999829
21
-86.4874999999999972
0
LINE
8
BLACK
6
CONTINUOUS
10
165.4249999999999829
20
-86.4874999999999972
11
165.4069209999999828
21
-86.5783869999999922
0
LINE
8
BLACK
6
CONTINUOUS
10
165.4069209999999828
20
-86.5783869999999922
11
165.3554379999999924
21
-86.6554379999999895
0
LINE
8
BLACK
6
CONTINUOUS
10
165.3554379999999924
20
-86.6554379999999895
11
165.2783869999999808
21
-86.7069209999999941
0
LINE
8
BLACK
6
CONTINUOUS
10
165.2783869999999808
20
-86.7069209999999941
11
165.1875
21
-86.7249999999999943
0
LINE
8
BLACK
6
CONTINUOUS
10
165.1875
20
-86.7249999999999943
11
164.7660529999999994
21
-86.7249999999999943
0
LINE
8
BLACK
6
CONTINUOUS
10
164.7660529999999994
20
-86.7249999999999943
11
163.9292769999999848
21
-87.5617769999999922
0
LINE
8
BLACK
6
CONTINUOUS
10
163.9292769999999848
20
-87.5617769999999922
11
163.8913969999999836
21
-87.5928619999999967
0
LINE
8
BLACK
6
CONTINUOUS
10
163.8913969999999836
20
-87.5928619999999967
11
163.8913929999999937
21
-87.5928669999999983
0
LINE
8
BLACK
6
CONTINUOUS
10
163.8913929999999937
20
-87.5928669999999983
11
163.8012729999999806
21
-87.630195999999998
0
LINE
8
BLACK
6
CONTINUOUS
10
163.8012729999999806
20
-87.630195999999998
11
163.7524999999999977
21
-87.6349999999999909
0
LINE
8
BLACK
6
CONTINUOUS
10
163.7524999999999977
20
-87.6349999999999909
11
163.6601189999999804
21
-87.6349999999999909
0
LINE
8
BLACK
6
CONTINUOUS
10
163.6601189999999804
20
-87.6349999999999909
11
163.6560659999999814
21
-87.641065999999995
0
LINE
8
BLACK
6
CONTINUOUS
10
163.6560659999999814
20
-87.641065999999995
11
163.607403000000005
21
-87.6735819999999961
0
LINE
8
BLACK
6
CONTINUOUS
10
163.607403000000005
20
-87.6735819999999961
11
163.5499999999999829
21
-87.6850000000000023
0
LINE
8
BLACK
6
CONTINUOUS
10
163.5499999999999829
20
-87.6850000000000023
11
161.9000000000000057
21
-87.6850000000000023
0
LINE
8
BLACK
6
CONTINUOUS
10
161.9000000000000057
20
-87.6850000000000023
11
161.8425969999999836
21
-87.6735819999999961
0
LINE
8
BLACK
6
CONTINUOUS
10
161.8425969999999836
20
-87.6735819999999961
11
161.7939339999999788
21
-87.641065999999995
0
LINE
8
BLACK
6
CONTINUOUS
10
161.7939339999999788
20
-87.641065999999995
11
161.7898809999999798
21
-87.6349999999999909
0
LINE
8
BLACK
6
CONTINUOUS
10
161.7898809999999798
20
-87.6349999999999909
11
158.7101189999999917
21
-87.6349999999999909
0
LINE
8
BLACK
6
CONTINUOUS
10
158.7101189999999917
20
-87.6349999999999909
11
158.7060659999999928
21
-87.641065999999995
0
LINE
8
BLACK
6
CONTINUOUS
10
158.7060659999999928
20
-87.641065999999995
11
158.657402999999988
21
-87.6735819999999961
0
LINE
8
BLACK
6
CONTINUOUS
10
158.657402999999988
20
-87.6735819999999961
11
158.5999999999999943
21
-87.6850000000000023
0
LINE
8
BLACK
6
CONTINUOUS
10
158.5999999999999943
20
-87.6850000000000023
11
156.9499999999999886
21
-87.6850000000000023
0
LINE
8
BLACK
6
CONTINUOUS
10
156.9499999999999886
20
-87.6850000000000023
11
156.892596999999995
21
-87.6735819999999961
0
LINE
8
BLACK
6
CONTINUOUS
10
156.892596999999995
20
-87.6735819999999961
11
156.8439339999999902
21
-87.641065999999995
0
LINE
8
BLACK
6
CONTINUOUS
10
156.8439339999999902
20
-87.641065999999995
11
156.8114180000000033
21
-87.5924029999999902
0
LINE
8
BLACK
6
CONTINUOUS
10
156.8114180000000033
20
-87.5924029999999902
11
156.7999999999999829
21
-87.5349999999999966
0
LINE
8
BLACK
6
CONTINUOUS
10
156.7999999999999829
20
-87.5349999999999966
11
156.7999999999999829
21
-87.2349999999999994
0
LINE
8
BLACK
6
CONTINUOUS
10
156.7999999999999829
20
-87.2349999999999994
11
156.8114180000000033
21
-87.1775969999999916
0
LINE
8
BLACK
6
CONTINUOUS
10
156.8114180000000033
20
-87.1775969999999916
11
156.8439339999999902
21
-87.128934000000001
0
LINE
8
BLACK
6
CONTINUOUS
10
156.8439339999999902
20
-87.128934000000001
11
156.892596999999995
21
-87.0964179999999999
0
LINE
8
BLACK
6
CONTINUOUS
10
156.892596999999995
20
-87.0964179999999999
11
156.9499999999999886
21
-87.0849999999999937
0
LINE
8
BLACK
6
CONTINUOUS
10
156.9499999999999886
20
-87.0849999999999937
11
157.5250000000000057
21
-87.0849999999999937
0
LINE
8
BLACK
6
CONTINUOUS
10
157.5250000000000057
20
-87.0849999999999937
11
157.5250000000000057
21
-86.414999999999992
0
LINE
8
BLACK
6
CONTINUOUS
10
157.5250000000000057
20
-86.414999999999992
11
156.9499999999999886
21
-86.414999999999992
0
LINE
8
BLACK
6
CONTINUOUS
10
156.9499999999999886
20
-86.414999999999992
11
156.892596999999995
21
-86.4035820000000001
0
LINE
8
BLACK
6
CONTINUOUS
10
156.892596999999995
20
-86.4035820000000001
11
156.8439339999999902
21
-86.371065999999999
0
LINE
8
BLACK
6
CONTINUOUS
10
156.8439339999999902
20
-86.371065999999999
11
156.8114180000000033
21
-86.3224029999999942
0
LINE
8
BLACK
6
CONTINUOUS
10
156.8114180000000033
20
-86.3224029999999942
11
156.7999999999999829
21
-86.2650000000000006
0
LINE
8
BLACK
6
CONTINUOUS
10
156.7999999999999829
20
-86.2650000000000006
11
156.7999999999999829
21
-85.9649999999999892
0
LINE
8
BLACK
6
CONTINUOUS
10
156.7999999999999829
20
-85.9649999999999892
11
156.8114180000000033
21
-85.9075969999999955
0
LINE
8
BLACK
6
CONTINUOUS
10
156.8114180000000033
20
-85.9075969999999955
11
156.8439339999999902
21
-85.8589339999999908
0
LINE
8
BLACK
6
CONTINUOUS
10
156.8439339999999902
20
-85.8589339999999908
11
156.892596999999995
21
-85.8264179999999897
0
LINE
8
BLACK
6
CONTINUOUS
10
156.892596999999995
20
-85.8264179999999897
11
156.9499999999999886
21
-85.8149999999999977
0
LINE
8
BLACK
6
CONTINUOUS
10
156.9499999999999886
20
-85.8149999999999977
11
158.5999999999999943
21
-85.8149999999999977
0
LINE
8
BLACK
6
CONTINUOUS
10
158.5999999999999943
20
-85.8149999999999977
11
158.657402999999988
21
-85.8264179999999897
0
LINE
8
BLACK
6
CONTINUOUS
10
158.657402999999988
20
-85.8264179999999897
11
158.6739619999999888
21
-85.8374819999999943
0
LINE
8
BLACK
6
CONTINUOUS
10
158.6739619999999888
20
-85.8374819999999943
11
159.1374999999999886
21
-85.373944999999992
0
LINE
8
BLACK
6
CONTINUOUS
10
159.1374999999999886
20
-85.373944999999992
11
159.1374999999999886
21
-83.7249999999999943
0
LINE
8
BLACK
6
CONTINUOUS
10
159.1374999999999886
20
-83.7249999999999943
11
159.0875000000000057
21
-83.7249999999999943
0
LINE
8
BLACK
6
CONTINUOUS
10
159.0875000000000057
20
-83.7249999999999943
11
158.9966129999999964
21
-83.7069209999999941
0
LINE
8
BLACK
6
CONTINUOUS
10
158.9966129999999964
20
-83.7069209999999941
11
158.9195619999999849
21
-83.6554379999999895
0
LINE
8
BLACK
6
CONTINUOUS
10
158.9195619999999849
20
-83.6554379999999895
11
158.8680789999999945
21
-83.5783869999999922
0
LINE
8
BLACK
6
CONTINUOUS
10
158.8680789999999945
20
-83.5783869999999922
11
158.852485999999999
21
-83.5
0
LINE
8
BLACK
6
CONTINUOUS
10
158.852485999999999
20
-83.5
11
158.4857209999999839
21
-83.5
0
LINE
8
BLACK
6
CONTINUOUS
10
158.4857209999999839
20
-83.5
11
158.4121140000000025
21
-83.5736069999999955
0
LINE
8
BLACK
6
CONTINUOUS
10
158.4121140000000025
20
-83.5736069999999955
11
158.3006069999999852
21
-83.6304229999999933
0
LINE
8
BLACK
6
CONTINUOUS
10
158.3006069999999852
20
-83.6304229999999933
11
158.1769999999999925
21
-83.6499999999999915
0
LINE
8
BLACK
6
CONTINUOUS
10
158.1769999999999925
20
-83.6499999999999915
11
158.0533929999999998
21
-83.6304229999999933
0
LINE
8
BLACK
6
CONTINUOUS
10
158.0533929999999998
20
-83.6304229999999933
11
157.9418859999999825
21
-83.5736069999999955
0
LINE
8
BLACK
6
CONTINUOUS
10
157.9418859999999825
20
-83.5736069999999955
11
157.8533929999999827
21
-83.4851139999999958
0
LINE
8
BLACK
6
CONTINUOUS
10
157.8533929999999827
20
-83.4851139999999958
11
157.796576999999985
21
-83.3736069999999927
0
LINE
8
BLACK
6
CONTINUOUS
10
157.796576999999985
20
-83.3736069999999927
11
157.7769999999999868
21
-83.25
0
LINE
8
BLACK
6
CONTINUOUS
10
157.7769999999999868
20
-83.25
11
157.796576999999985
21
-83.1263929999999931
0
LINE
8
BLACK
6
CONTINUOUS
10
157.796576999999985
20
-83.1263929999999931
11
157.8533929999999827
21
-83.01488599999999
0
LINE
8
BLACK
6
CONTINUOUS
10
157.8533929999999827
20
-83.01488599999999
11
157.9418859999999825
21
-82.9263929999999903
0
LINE
8
BLACK
6
CONTINUOUS
10
157.9418859999999825
20
-82.9263929999999903
11
158.0533929999999998
21
-82.8695769999999925
0
LINE
8
BLACK
6
CONTINUOUS
10
158.0533929999999998
20
-82.8695769999999925
11
158.1769999999999925
21
-82.8499999999999943
0
LINE
8
BLACK
6
CONTINUOUS
10
158.1769999999999925
20
-82.8499999999999943
11
158.3006069999999852
21
-82.8695769999999925
0
LINE
8
BLACK
6
CONTINUOUS
10
158.3006069999999852
20
-82.8695769999999925
11
158.4121140000000025
21
-82.9263929999999903
0
LINE
8
BLACK
6
CONTINUOUS
10
158.4121140000000025
20
-82.9263929999999903
11
158.4857209999999839
21
-83.
0
LINE
8
BLACK
6
CONTINUOUS
10
158.4857209999999839
20
-83.
11
158.852485999999999
21
-83.
0
LINE
8
BLACK
6
CONTINUOUS
10
158.852485999999999
20
-83.
11
158.8680789999999945
21
-82.9216129999999936
0
LINE
8
BLACK
6
CONTINUOUS
10
158.8680789999999945
20
-82.9216129999999936
11
158.9195619999999849
21
-82.8445619999999963
0
LINE
8
BLACK
6
CONTINUOUS
10
158.9195619999999849
20
-82.8445619999999963
11
158.9966129999999964
21
-82.7930789999999917
0
LINE
8
BLACK
6
CONTINUOUS
10
158.9966129999999964
20
-82.7930789999999917
11
159.0875000000000057
21
-82.7749999999999915
0
LINE
8
BLACK
6
CONTINUOUS
10
159.0875000000000057
20
-82.7749999999999915
11
159.6875
21
-82.7749999999999915
0
LINE
8
BLACK
6
CONTINUOUS
10
159.6875
20
-82.7749999999999915
11
159.7783869999999808
21
-82.7930789999999917
0
LINE
8
BLACK
6
CONTINUOUS
10
131.7292929999999842
20
-86.5218079999999929
11
131.8408000000000015
21
-86.5786239999999907
0
LINE
8
BLACK
6
CONTINUOUS
10
131.8408000000000015
20
-86.5786239999999907
11
131.9292930000000013
21
-86.6671169999999904
0
LINE
8
BLACK
6
CONTINUOUS
10
131.9292930000000013
20
-86.6671169999999904
11
131.986108999999999
21
-86.7786239999999935
0
LINE
8
BLACK
6
CONTINUOUS
10
131.986108999999999
20
-86.7786239999999935
11
132.0056859999999972
21
-86.9022310000000004
0
LINE
8
BLACK
6
CONTINUOUS
10
132.0056859999999972
20
-86.9022310000000004
11
131.986108999999999
21
-87.0258379999999931
0
LINE
8
BLACK
6
CONTINUOUS
10
131.986108999999999
20
-87.0258379999999931
11
131.9292930000000013
21
-87.1373449999999963
0
LINE
8
BLACK
6
CONTINUOUS
10
131.9292930000000013
20
-87.1373449999999963
11
131.8408000000000015
21
-87.225837999999996
0
LINE
8
BLACK
6
CONTINUOUS
10
131.8408000000000015
20
-87.225837999999996
11
131.7292929999999842
21
-87.2826539999999937
0
LINE
8
BLACK
6
CONTINUOUS
10
131.7292929999999842
20
-87.2826539999999937
11
131.6056859999999915
21
-87.3022309999999919
0
LINE
8
BLACK
6
CONTINUOUS
10
131.6056859999999915
20
-87.3022309999999919
11
131.4820789999999988
21
-87.2826539999999937
0
LINE
8
BLACK
6
CONTINUOUS
10
131.4820789999999988
20
-87.2826539999999937
11
131.3705719999999815
21
-87.225837999999996
0
LINE
8
BLACK
6
CONTINUOUS
10
131.3705719999999815
20
-87.225837999999996
11
131.2820789999999818
21
-87.1373449999999963
0
LINE
8
BLACK
6
CONTINUOUS
10
131.2820789999999818
20
-87.1373449999999963
11
131.225262999999984
21
-87.0258379999999931
0
LINE
8
BLACK
6
CONTINUOUS
10
131.225262999999984
20
-87.0258379999999931
11
131.2056859999999858
21
-86.9022310000000004
0
LINE
8
BLACK
6
CONTINUOUS
10
131.2056859999999858
20
-86.9022310000000004
11
131.225262999999984
21
-86.7786239999999935
0
LINE
8
BLACK
6
CONTINUOUS
10
131.225262999999984
20
-86.7786239999999935
11
131.2820789999999818
21
-86.6671169999999904
0
LINE
8
BLACK
6
CONTINUOUS
10
131.2820789999999818
20
-86.6671169999999904
11
131.3705719999999815
21
-86.5786239999999907
0
LINE
8
BLACK
6
CONTINUOUS
10
131.3705719999999815
20
-86.5786239999999907
11
131.4820789999999988
21
-86.5218079999999929
0
LINE
8
BLACK
6
CONTINUOUS
10
131.4820789999999988
20
-86.5218079999999929
11
131.6056859999999915
21
-86.5022309999999948
0
LINE
8
BLACK
6
CONTINUOUS
10
131.6056859999999915
20
-86.5022309999999948
11
131.7292929999999842
21
-86.5218079999999929
0
LINE
8
BLACK
6
CONTINUOUS
10
156.0111069999999813
20
-86.2320769999999897
11
156.1226139999999987
21
-86.2888930000000016
0
LINE
8
BLACK
6
CONTINUOUS
10
156.1226139999999987
20
-86.2888930000000016
11
156.2111069999999984
21
-86.3773860000000013
0
LINE
8
BLACK
6
CONTINUOUS
10
156.2111069999999984
20
-86.3773860000000013
11
156.2679229999999961
21
-86.4888929999999903
0
LINE
8
BLACK
6
CONTINUOUS
10
156.2679229999999961
20
-86.4888929999999903
11
156.2874999999999943
21
-86.6124999999999972
0
LINE
8
BLACK
6
CONTINUOUS
10
156.2874999999999943
20
-86.6124999999999972
11
156.2679229999999961
21
-86.7361069999999899
0
LINE
8
BLACK
6
CONTINUOUS
10
156.2679229999999961
20
-86.7361069999999899
11
156.2111069999999984
21
-86.847613999999993
0
LINE
8
BLACK
6
CONTINUOUS
10
156.2111069999999984
20
-86.847613999999993
11
156.1226139999999987
21
-86.9361069999999927
0
LINE
8
BLACK
6
CONTINUOUS
10
156.1226139999999987
20
-86.9361069999999927
11
156.0111069999999813
21
-86.9929229999999905
0
LINE
8
BLACK
6
CONTINUOUS
10
156.0111069999999813
20
-86.9929229999999905
11
155.8874999999999886
21
-87.0125000000000028
0
LINE
8
BLACK
6
CONTINUOUS
10
155.8874999999999886
20
-87.0125000000000028
11
155.7638929999999959
21
-86.9929229999999905
0
LINE
8
BLACK
6
CONTINUOUS
10
155.7638929999999959
20
-86.9929229999999905
11
155.652386000000007
21
-86.9361069999999927
0
LINE
8
BLACK
6
CONTINUOUS
10
155.652386000000007
20
-86.9361069999999927
11
155.5638929999999789
21
-86.847613999999993
0
LINE
8
BLACK
6
CONTINUOUS
10
155.5638929999999789
20
-86.847613999999993
11
155.5070769999999811
21
-86.7361069999999899
0
LINE
8
BLACK
6
CONTINUOUS
10
155.5070769999999811
20
-86.7361069999999899
11
155.4874999999999829
21
-86.6124999999999972
0
LINE
8
BLACK
6
CONTINUOUS
10
155.4874999999999829
20
-86.6124999999999972
11
155.5070769999999811
21
-86.4888929999999903
0
LINE
8
BLACK
6
CONTINUOUS
10
155.5070769999999811
20
-86.4888929999999903
11
155.5638929999999789
21
-86.3773860000000013
0
LINE
8
BLACK
6
CONTINUOUS
10
155.5638929999999789
20
-86.3773860000000013
11
155.652386000000007
21
-86.2888930000000016
0
LINE
8
BLACK
6
CONTINUOUS
10
155.652386000000007
20
-86.2888930000000016
11
155.7638929999999959
21
-86.2320769999999897
0
LINE
8
BLACK
6
CONTINUOUS
10
155.7638929999999959
20
-86.2320769999999897
11
155.8874999999999886
21
-86.2124999999999915
0
LINE
8
BLACK
6
CONTINUOUS
10
155.8874999999999886
20
-86.2124999999999915
11
156.0111069999999813
21
-86.2320769999999897
0
LINE
8
BLACK
6
CONTINUOUS
10
125.2139999999999986
20
-86.4789999999999992
11
124.2139999999999986
21
-86.4789999999999992
0
LINE
8
BLACK
6
CONTINUOUS
10
124.2139999999999986
20
-86.4789999999999992
11
124.2139999999999986
21
-85.4789999999999992
0
LINE
8
BLACK
6
CONTINUOUS
10
124.2139999999999986
20
-85.4789999999999992
11
125.2139999999999986
21
-85.4789999999999992
0
LINE
8
BLACK
6
CONTINUOUS
10
125.2139999999999986
20
-85.4789999999999992
11
125.2139999999999986
21
-86.4789999999999992
0
LINE
8
BLACK
6
CONTINUOUS
10
174.8870000000000005
20
-86.4789999999999992
11
173.8870000000000005
21
-86.4789999999999992
0
LINE
8
BLACK
6
CONTINUOUS
10
173.8870000000000005
20
-86.4789999999999992
11
173.8870000000000005
21
-85.4789999999999992
0
LINE
8
BLACK
6
CONTINUOUS
10
173.8870000000000005
20
-85.4789999999999992
11
174.8870000000000005
21
-85.4789999999999992
0
LINE
8
BLACK
6
CONTINUOUS
10
174.8870000000000005
20
-85.4789999999999992
11
174.8870000000000005
21
-86.4789999999999992
0
LINE
8
BLACK
6
CONTINUOUS
10
163.5386479999999949
20
-82.0765359999999902
11
163.6501549999999838
21
-82.1333520000000021
0
LINE
8
BLACK
6
CONTINUOUS
10
163.6501549999999838
20
-82.1333520000000021
11
163.7386479999999835
21
-82.2218450000000018
0
LINE
8
BLACK
6
CONTINUOUS
10
163.7386479999999835
20
-82.2218450000000018
11
163.7954639999999813
21
-82.3333519999999908
0
LINE
8
BLACK
6
CONTINUOUS
10
163.7954639999999813
20
-82.3333519999999908
11
163.8150409999999795
21
-82.4569589999999977
0
LINE
8
BLACK
6
CONTINUOUS
10
163.8150409999999795
20
-82.4569589999999977
11
163.7954639999999813
21
-82.5805659999999904
0
LINE
8
BLACK
6
CONTINUOUS
10
163.7954639999999813
20
-82.5805659999999904
11
163.7386479999999835
21
-82.6920729999999935
0
LINE
8
BLACK
6
CONTINUOUS
10
163.7386479999999835
20
-82.6920729999999935
11
163.6501549999999838
21
-82.7805659999999932
0
LINE
8
BLACK
6
CONTINUOUS
10
163.6501549999999838
20
-82.7805659999999932
11
163.5386479999999949
21
-82.837381999999991
0
LINE
8
BLACK
6
CONTINUOUS
10
163.5386479999999949
20
-82.837381999999991
11
163.4150410000000022
21
-82.8569589999999891
0
LINE
8
BLACK
6
CONTINUOUS
10
163.4150410000000022
20
-82.8569589999999891
11
163.3749439999999993
21
-82.850607999999994
0
LINE
8
BLACK
6
CONTINUOUS
10
163.3749439999999993
20
-82.850607999999994
11
162.7987770000000012
21
-83.4267770000000013
0
LINE
8
BLACK
6
CONTINUOUS
10
162.7987770000000012
20
-83.4267770000000013
11
162.7608969999999999
21
-83.4578619999999916
0
LINE
8
BLACK
6
CONTINUOUS
10
162.7608969999999999
20
-83.4578619999999916
11
162.7608929999999816
21
-83.4578669999999931
0
LINE
8
BLACK
6
CONTINUOUS
10
162.7608929999999816
20
-83.4578669999999931
11
162.670772999999997
21
-83.4951959999999929
0
LINE
8
BLACK
6
CONTINUOUS
10
162.670772999999997
20
-83.4951959999999929
11
162.6219999999999857
21
-83.5
0
LINE
8
BLACK
6
CONTINUOUS
10
162.6219999999999857
20
-83.5
11
161.647514000000001
21
-83.5
0
LINE
8
BLACK
6
CONTINUOUS
10
161.647514000000001
20
-83.5
11
161.6319210000000055
21
-83.5783869999999922
0
LINE
8
BLACK
6
CONTINUOUS
10
161.6319210000000055
20
-83.5783869999999922
11
161.5804379999999867
21
-83.6554379999999895
0
LINE
8
BLACK
6
CONTINUOUS
10
161.5804379999999867
20
-83.6554379999999895
11
161.5033870000000036
21
-83.7069209999999941
0
LINE
8
BLACK
6
CONTINUOUS
10
161.5033870000000036
20
-83.7069209999999941
11
161.4124999999999943
21
-83.7249999999999943
0
LINE
8
BLACK
6
CONTINUOUS
10
161.4124999999999943
20
-83.7249999999999943
11
161.3624999999999829
21
-83.7249999999999943
0
LINE
8
BLACK
6
CONTINUOUS
10
161.3624999999999829
20
-83.7249999999999943
11
161.3624999999999829
21
-85.373944999999992
0
LINE
8
BLACK
6
CONTINUOUS
10
161.3624999999999829
20
-85.373944999999992
11
161.8260369999999853
21
-85.8374829999999918
0
LINE
8
BLACK
6
CONTINUOUS
10
161.8260369999999853
20
-85.8374829999999918
11
161.8425969999999836
21
-85.8264179999999897
0
LINE
8
BLACK
6
CONTINUOUS
10
161.8425969999999836
20
-85.8264179999999897
11
161.9000000000000057
21
-85.8149999999999977
0
LINE
8
BLACK
6
CONTINUOUS
10
161.9000000000000057
20
-85.8149999999999977
11
163.5499999999999829
21
-85.8149999999999977
0
LINE
8
BLACK
6
CONTINUOUS
10
163.5499999999999829
20
-85.8149999999999977
11
163.607403000000005
21
-85.8264179999999897
0
LINE
8
BLACK
6
CONTINUOUS
10
163.607403000000005
20
-85.8264179999999897
11
163.6560659999999814
21
-85.8589339999999908
0
LINE
8
BLACK
6
CONTINUOUS
10
163.6560659999999814
20
-85.8589339999999908
11
163.6885819999999967
21
-85.9075969999999955
0
LINE
8
BLACK
6
CONTINUOUS
10
163.6885819999999967
20
-85.9075969999999955
11
163.6999999999999886
21
-85.9649999999999892
0
LINE
8
BLACK
6
CONTINUOUS
10
163.6999999999999886
20
-85.9649999999999892
11
163.6999999999999886
21
-86.2650000000000006
0
LINE
8
BLACK
6
CONTINUOUS
10
163.6999999999999886
20
-86.2650000000000006
11
163.6885819999999967
21
-86.3224029999999942
0
LINE
8
BLACK
6
CONTINUOUS
10
163.6885819999999967
20
-86.3224029999999942
11
163.6560659999999814
21
-86.371065999999999
0
LINE
8
BLACK
6
CONTINUOUS
10
163.6560659999999814
20
-86.371065999999999
11
163.607403000000005
21
-86.4035820000000001
0
LINE
8
BLACK
6
CONTINUOUS
10
163.607403000000005
20
-86.4035820000000001
11
163.5499999999999829
21
-86.414999999999992
0
LINE
8
BLACK
6
CONTINUOUS
10
163.5499999999999829
20
-86.414999999999992
11
161.9000000000000057
21
-86.414999999999992
0
LINE
8
BLACK
6
CONTINUOUS
10
161.9000000000000057
20
-86.414999999999992
11
161.8425969999999836
21
-86.4035820000000001
0
LINE
8
BLACK
6
CONTINUOUS
10
161.8425969999999836
20
-86.4035820000000001
11
161.7939339999999788
21
-86.371065999999999
0
LINE
8
BLACK
6
CONTINUOUS
10
161.7939339999999788
20
-86.371065999999999
11
161.7898809999999798
21
-86.3649999999999949
0
LINE
8
BLACK
6
CONTINUOUS
10
161.7898809999999798
20
-86.3649999999999949
11
161.7500009999999975
21
-86.3649999999999949
0
LINE
8
BLACK
6
CONTINUOUS
10
161.7500009999999975
20
-86.3649999999999949
11
161.7012379999999894
21
-86.3601969999999994
0
LINE
8
BLACK
6
CONTINUOUS
10
161.7012379999999894
20
-86.3601969999999994
11
161.7012289999999837
21
-86.3601969999999994
0
LINE
8
BLACK
6
CONTINUOUS
10
161.7012289999999837
20
-86.3601969999999994
11
161.611108999999999
21
-86.3228679999999997
0
LINE
8
BLACK
6
CONTINUOUS
10
161.611108999999999
20
-86.3228679999999997
11
161.5732249999999794
21
-86.2917769999999962
0
LINE
8
BLACK
6
CONTINUOUS
10
161.5732249999999794
20
-86.2917769999999962
11
160.9357229999999959
21
-85.6542759999999959
0
LINE
8
BLACK
6
CONTINUOUS
10
160.9357229999999959
20
-85.6542759999999959
11
160.9046369999999797
21
-85.6163959999999946
0
LINE
8
BLACK
6
CONTINUOUS
10
160.9046369999999797
20
-85.6163959999999946
11
160.9046329999999898
21
-85.6163919999999905
0
LINE
8
BLACK
6
CONTINUOUS
10
160.9046329999999898
20
-85.6163919999999905
11
160.8673039999999901
21
-85.5262719999999916
0
LINE
8
BLACK
6
CONTINUOUS
10
160.8673039999999901
20
-85.5262719999999916
11
160.8624999999999829
21
-85.4774989999999946
0
LINE
8
BLACK
6
CONTINUOUS
10
160.8624999999999829
20
-85.4774989999999946
11
160.8624999999999829
21
-83.7249999999999943
0
LINE
8
BLACK
6
CONTINUOUS
10
160.8624999999999829
20
-83.7249999999999943
11
160.8125
21
-83.7249999999999943
0
LINE
8
BLACK
6
CONTINUOUS
10
160.8125
20
-83.7249999999999943
11
160.7216129999999907
21
-83.7069209999999941
0
LINE
8
BLACK
6
CONTINUOUS
10
160.7216129999999907
20
-83.7069209999999941
11
160.6445619999999792
21
-83.6554379999999895
0
LINE
8
BLACK
6
CONTINUOUS
10
160.6445619999999792
20
-83.6554379999999895
11
160.5930789999999888
21
-83.5783869999999922
0
LINE
8
BLACK
6
CONTINUOUS
10
160.5930789999999888
20
-83.5783869999999922
11
160.5749999999999886
21
-83.4874999999999972
0
LINE
8
BLACK
6
CONTINUOUS
10
160.5749999999999886
20
-83.4874999999999972
11
160.5749999999999886
21
-83.0125000000000028
0
LINE
8
BLACK
6
CONTINUOUS
10
160.5749999999999886
20
-83.0125000000000028
11
160.5930789999999888
21
-82.9216129999999936
0
LINE
8
BLACK
6
CONTINUOUS
10
160.5930789999999888
20
-82.9216129999999936
11
160.6445619999999792
21
-82.8445619999999963
0
LINE
8
BLACK
6
CONTINUOUS
10
160.6445619999999792
20
-82.8445619999999963
11
160.7216129999999907
21
-82.7930789999999917
0
LINE
8
BLACK
6
CONTINUOUS
10
160.7216129999999907
20
-82.7930789999999917
11
160.8125
21
-82.7749999999999915
0
LINE
8
BLACK
6
CONTINUOUS
10
160.8125
20
-82.7749999999999915
11
161.4124999999999943
21
-82.7749999999999915
0
LINE
8
BLACK
6
CONTINUOUS
10
161.4124999999999943
20
-82.7749999999999915
11
161.5033870000000036
21
-82.7930789999999917
0
LINE
8
BLACK
6
CONTINUOUS
10
161.5033870000000036
20
-82.7930789999999917
11
161.5804379999999867
21
-82.8445619999999963
0
LINE
8
BLACK
6
CONTINUOUS
10
161.5804379999999867
20
-82.8445619999999963
11
161.6319210000000055
21
-82.9216129999999936
0
LINE
8
BLACK
6
CONTINUOUS
10
161.6319210000000055
20
-82.9216129999999936
11
161.647514000000001
21
-83.
0
LINE
8
BLACK
6
CONTINUOUS
10
161.647514000000001
20
-83.
11
162.5184459999999831
21
-83.
0
LINE
8
BLACK
6
CONTINUOUS
10
162.5184459999999831
20
-83.
11
163.0213909999999942
21
-82.4970550000000031
0
LINE
8
BLACK
6
CONTINUOUS
10
163.0213909999999942
20
-82.4970550000000031
11
163.0150409999999965
21
-82.4569589999999977
0
LINE
8
BLACK
6
CONTINUOUS
10
163.0150409999999965
20
-82.4569589999999977
11
163.0346179999999947
21
-82.3333519999999908
0
LINE
8
BLACK
6
CONTINUOUS
10
163.0346179999999947
20
-82.3333519999999908
11
163.0914339999999925
21
-82.2218450000000018
0
LINE
8
BLACK
6
CONTINUOUS
10
163.0914339999999925
20
-82.2218450000000018
11
163.1799269999999922
21
-82.1333520000000021
0
LINE
8
BLACK
6
CONTINUOUS
10
163.1799269999999922
20
-82.1333520000000021
11
163.2914339999999811
21
-82.0765359999999902
0
LINE
8
BLACK
6
CONTINUOUS
10
163.2914339999999811
20
-82.0765359999999902
11
163.4150410000000022
21
-82.056958999999992
0
LINE
8
BLACK
6
CONTINUOUS
10
163.4150410000000022
20
-82.056958999999992
11
163.5386479999999949
21
-82.0765359999999902
0
LINE
8
BLACK
6
CONTINUOUS
10
155.9861070000000041
20
-84.5070769999999953
11
156.097613999999993
21
-84.5638929999999931
0
LINE
8
BLACK
6
CONTINUOUS
10
156.097613999999993
20
-84.5638929999999931
11
156.1861069999999927
21
-84.6523859999999928
0
LINE
8
BLACK
6
CONTINUOUS
10
156.1861069999999927
20
-84.6523859999999928
11
156.2429229999999905
21
-84.7638929999999959
0
LINE
8
BLACK
6
CONTINUOUS
10
156.2429229999999905
20
-84.7638929999999959
11
156.2624999999999886
21
-84.8875000000000028
0
LINE
8
BLACK
6
CONTINUOUS
10
156.2624999999999886
20
-84.8875000000000028
11
156.2429229999999905
21
-85.0111069999999955
0
LINE
8
BLACK
6
CONTINUOUS
10
156.2429229999999905
20
-85.0111069999999955
11
156.1861069999999927
21
-85.1226139999999987
0
LINE
8
BLACK
6
CONTINUOUS
10
156.1861069999999927
20
-85.1226139999999987
11
156.097613999999993
21
-85.2111069999999984
0
LINE
8
BLACK
6
CONTINUOUS
10
156.097613999999993
20
-85.2111069999999984
11
155.9861070000000041
21
-85.2679229999999961
0
LINE
8
BLACK
6
CONTINUOUS
10
155.9861070000000041
20
-85.2679229999999961
11
155.8624999999999829
21
-85.2874999999999943
0
LINE
8
BLACK
6
CONTINUOUS
10
155.8624999999999829
20
-85.2874999999999943
11
155.7388929999999903
21
-85.2679229999999961
0
LINE
8
BLACK
6
CONTINUOUS
10
155.7388929999999903
20
-85.2679229999999961
11
155.6273860000000013
21
-85.2111069999999984
0
LINE
8
BLACK
6
CONTINUOUS
10
155.6273860000000013
20
-85.2111069999999984
11
155.5388930000000016
21
-85.1226139999999987
0
LINE
8
BLACK
6
CONTINUOUS
10
155.5388930000000016
20
-85.1226139999999987
11
155.4820770000000039
21
-85.0111069999999955
0
LINE
8
BLACK
6
CONTINUOUS
10
155.4820770000000039
20
-85.0111069999999955
11
155.4625000000000057
21
-84.8875000000000028
0
LINE
8
BLACK
6
CONTINUOUS
10
155.4625000000000057
20
-84.8875000000000028
11
155.4820770000000039
21
-84.7638929999999959
0
LINE
8
BLACK
6
CONTINUOUS
10
155.4820770000000039
20
-84.7638929999999959
11
155.5388930000000016
21
-84.6523859999999928
0
LINE
8
BLACK
6
CONTINUOUS
10
155.5388930000000016
20
-84.6523859999999928
11
155.6273860000000013
21
-84.5638929999999931
0
LINE
8
BLACK
6
CONTINUOUS
10
155.6273860000000013
20
-84.5638929999999931
11
155.7388929999999903
21
-84.5070769999999953
0
LINE
8
BLACK
6
CONTINUOUS
10
155.7388929999999903
20
-84.5070769999999953
11
155.8624999999999829
21
-84.4874999999999972
0
LINE
8
BLACK
6
CONTINUOUS
10
155.8624999999999829
20
-84.4874999999999972
11
155.9861070000000041
21
-84.5070769999999953
0
LINE
8
BLACK
6
CONTINUOUS
10
165.1783869999999865
20
-84.2930789999999917
11
165.2554379999999981
21
-84.3445619999999963
0
LINE
8
BLACK
6
CONTINUOUS
10
165.2554379999999981
20
-84.3445619999999963
11
165.3069209999999885
21
-84.4216129999999936
0
LINE
8
BLACK
6
CONTINUOUS
10
165.3069209999999885
20
-84.4216129999999936
11
165.3249999999999886
21
-84.5125000000000028
0
LINE
8
BLACK
6
CONTINUOUS
10
165.3249999999999886
20
-84.5125000000000028
11
165.3249999999999886
21
-84.9874999999999972
0
LINE
8
BLACK
6
CONTINUOUS
10
165.3249999999999886
20
-84.9874999999999972
11
165.3069209999999885
21
-85.0783869999999922
0
LINE
8
BLACK
6
CONTINUOUS
10
165.3069209999999885
20
-85.0783869999999922
11
165.2554379999999981
21
-85.1554379999999895
0
LINE
8
BLACK
6
CONTINUOUS
10
165.2554379999999981
20
-85.1554379999999895
11
165.1783869999999865
21
-85.2069209999999941
0
LINE
8
BLACK
6
CONTINUOUS
10
165.1783869999999865
20
-85.2069209999999941
11
165.0875000000000057
21
-85.2249999999999943
0
LINE
8
BLACK
6
CONTINUOUS
10
165.0875000000000057
20
-85.2249999999999943
11
164.5875000000000057
21
-85.2249999999999943
0
LINE
8
BLACK
6
CONTINUOUS
10
164.5875000000000057
20
-85.2249999999999943
11
164.4966129999999964
21
-85.2069209999999941
0
LINE
8
BLACK
6
CONTINUOUS
10
164.4966129999999964
20
-85.2069209999999941
11
164.4195619999999849
21
-85.1554379999999895
0
LINE
8
BLACK
6
CONTINUOUS
10
164.4195619999999849
20
-85.1554379999999895
11
164.3791789999999935
21
-85.0949999999999989
0
LINE
8
BLACK
6
CONTINUOUS
10
164.3791789999999935
20
-85.0949999999999989
11
163.6601189999999804
21
-85.0949999999999989
0
LINE
8
BLACK
6
CONTINUOUS
10
163.6601189999999804
20
-85.0949999999999989
11
163.6560659999999814
21
-85.101066000000003
0
LINE
8
BLACK
6
CONTINUOUS
10
163.6560659999999814
20
-85.101066000000003
11
163.607403000000005
21
-85.1335819999999899
0
LINE
8
BLACK
6
CONTINUOUS
10
163.607403000000005
20
-85.1335819999999899
11
163.5499999999999829
21
-85.144999999999996
0
LINE
8
BLACK
6
CONTINUOUS
10
163.5499999999999829
20
-85.144999999999996
11
161.9000000000000057
21
-85.144999999999996
0
LINE
8
BLACK
6
CONTINUOUS
10
161.9000000000000057
20
-85.144999999999996
11
161.8425969999999836
21
-85.1335819999999899
0
LINE
8
BLACK
6
CONTINUOUS
10
161.8425969999999836
20
-85.1335819999999899
11
161.7939339999999788
21
-85.101066000000003
0
LINE
8
BLACK
6
CONTINUOUS
10
161.7939339999999788
20
-85.101066000000003
11
161.7614179999999919
21
-85.0524029999999982
0
LINE
8
BLACK
6
CONTINUOUS
10
161.7614179999999919
20
-85.0524029999999982
11
161.75
21
-84.9949999999999903
0
LINE
8
BLACK
6
CONTINUOUS
10
161.75
20
-84.9949999999999903
11
161.75
21
-84.6949999999999932
0
LINE
8
BLACK
6
CONTINUOUS
10
161.75
20
-84.6949999999999932
11
161.7614179999999919
21
-84.6375969999999995
0
LINE
8
BLACK
6
CONTINUOUS
10
161.7614179999999919
20
-84.6375969999999995
11
161.7939339999999788
21
-84.5889339999999947
0
LINE
8
BLACK
6
CONTINUOUS
10
161.7939339999999788
20
-84.5889339999999947
11
161.8425969999999836
21
-84.5564179999999936
0
LINE
8
BLACK
6
CONTINUOUS
10
161.8425969999999836
20
-84.5564179999999936
11
161.9000000000000057
21
-84.5450000000000017
0
LINE
8
BLACK
6
CONTINUOUS
10
161.9000000000000057
20
-84.5450000000000017
11
163.5499999999999829
21
-84.5450000000000017
0
LINE
8
BLACK
6
CONTINUOUS
10
163.5499999999999829
20
-84.5450000000000017
11
163.607403000000005
21
-84.5564179999999936
0
LINE
8
BLACK
6
CONTINUOUS
10
163.607403000000005
20
-84.5564179999999936
11
163.6560659999999814
21
-84.5889339999999947
0
LINE
8
BLACK
6
CONTINUOUS
10
163.6560659999999814
20
-84.5889339999999947
11
163.6601189999999804
21
-84.5949999999999989
0
LINE
8
BLACK
6
CONTINUOUS
10
163.6601189999999804
20
-84.5949999999999989
11
164.3499999999999943
21
-84.5949999999999989
0
LINE
8
BLACK
6
CONTINUOUS
10
164.3499999999999943
20
-84.5949999999999989
11
164.3499999999999943
21
-84.5125000000000028
0
LINE
8
BLACK
6
CONTINUOUS
10
164.3499999999999943
20
-84.5125000000000028
11
164.3680789999999945
21
-84.4216129999999936
0
LINE
8
BLACK
6
CONTINUOUS
10
164.3680789999999945
20
-84.4216129999999936
11
164.4195619999999849
21
-84.3445619999999963
0
LINE
8
BLACK
6
CONTINUOUS
10
164.4195619999999849
20
-84.3445619999999963
11
164.4966129999999964
21
-84.2930789999999917
0
LINE
8
BLACK
6
CONTINUOUS
10
164.4966129999999964
20
-84.2930789999999917
11
164.5875000000000057
21
-84.2749999999999915
0
LINE
8
BLACK
6
CONTINUOUS
10
164.5875000000000057
20
-84.2749999999999915
11
165.0875000000000057
21
-84.2749999999999915
0
LINE
8
BLACK
6
CONTINUOUS
10
165.0875000000000057
20
-84.2749999999999915
11
165.1783869999999865
21
-84.2930789999999917
0
LINE
8
BLACK
6
CONTINUOUS
10
158.657402999999988
20
-84.5564179999999936
11
158.7060659999999928
21
-84.5889339999999947
0
LINE
8
BLACK
6
CONTINUOUS
10
158.7060659999999928
20
-84.5889339999999947
11
158.7385819999999796
21
-84.6375969999999995
0
LINE
8
BLACK
6
CONTINUOUS
10
158.7385819999999796
20
-84.6375969999999995
11
158.75
21
-84.6949999999999932
0
LINE
8
BLACK
6
CONTINUOUS
10
158.75
20
-84.6949999999999932
11
158.75
21
-84.9949999999999903
0
LINE
8
BLACK
6
CONTINUOUS
10
158.75
20
-84.9949999999999903
11
158.7385819999999796
21
-85.0524029999999982
0
LINE
8
BLACK
6
CONTINUOUS
10
158.7385819999999796
20
-85.0524029999999982
11
158.7060659999999928
21
-85.101066000000003
0
LINE
8
BLACK
6
CONTINUOUS
10
158.7060659999999928
20
-85.101066000000003
11
158.657402999999988
21
-85.1335819999999899
0
LINE
8
BLACK
6
CONTINUOUS
10
158.657402999999988
20
-85.1335819999999899
11
158.5999999999999943
21
-85.144999999999996
0
LINE
8
BLACK
6
CONTINUOUS
10
158.5999999999999943
20
-85.144999999999996
11
156.9499999999999886
21
-85.144999999999996
0
LINE
8
BLACK
6
CONTINUOUS
10
156.9499999999999886
20
-85.144999999999996
11
156.892596999999995
21
-85.1335819999999899
0
LINE
8
BLACK
6
CONTINUOUS
10
156.892596999999995
20
-85.1335819999999899
11
156.8439339999999902
21
-85.101066000000003
0
LINE
8
BLACK
6
CONTINUOUS
10
156.8439339999999902
20
-85.101066000000003
11
156.8114180000000033
21
-85.0524029999999982
0
LINE
8
BLACK
6
CONTINUOUS
10
156.8114180000000033
20
-85.0524029999999982
11
156.7999999999999829
21
-84.9949999999999903
0
LINE
8
BLACK
6
CONTINUOUS
10
156.7999999999999829
20
-84.9949999999999903
11
156.7999999999999829
21
-84.6949999999999932
0
LINE
8
BLACK
6
CONTINUOUS
10
156.7999999999999829
20
-84.6949999999999932
11
156.8114180000000033
21
-84.6375969999999995
0
LINE
8
BLACK
6
CONTINUOUS
10
156.8114180000000033
20
-84.6375969999999995
11
156.8439339999999902
21
-84.5889339999999947
0
LINE
8
BLACK
6
CONTINUOUS
10
156.8439339999999902
20
-84.5889339999999947
11
156.892596999999995
21
-84.5564179999999936
0
LINE
8
BLACK
6
CONTINUOUS
10
156.892596999999995
20
-84.5564179999999936
11
156.9499999999999886
21
-84.5450000000000017
0
LINE
8
BLACK
6
CONTINUOUS
10
156.9499999999999886
20
-84.5450000000000017
11
158.5999999999999943
21
-84.5450000000000017
0
LINE
8
BLACK
6
CONTINUOUS
10
158.5999999999999943
20
-84.5450000000000017
11
158.657402999999988
21
-84.5564179999999936
0
LINE
8
BLACK
6
CONTINUOUS
10
168.0331070000000011
20
-82.7100769999999983
11
168.14461399999999
21
-82.7668929999999961
0
LINE
8
BLACK
6
CONTINUOUS
10
168.14461399999999
20
-82.7668929999999961
11
168.2331069999999897
21
-82.8553859999999958
0
LINE
8
BLACK
6
CONTINUOUS
10
168.2331069999999897
20
-82.8553859999999958
11
168.2899229999999875
21
-82.9668929999999989
0
LINE
8
BLACK
6
CONTINUOUS
10
168.2899229999999875
20
-82.9668929999999989
11
168.3094999999999857
21
-83.0904999999999916
0
LINE
8
BLACK
6
CONTINUOUS
10
168.3094999999999857
20
-83.0904999999999916
11
168.2899229999999875
21
-83.2141069999999985
0
LINE
8
BLACK
6
CONTINUOUS
10
168.2899229999999875
20
-83.2141069999999985
11
168.2331069999999897
21
-83.3256140000000016
0
LINE
8
BLACK
6
CONTINUOUS
10
168.2331069999999897
20
-83.3256140000000016
11
168.14461399999999
21
-83.4141070000000013
0
LINE
8
BLACK
6
CONTINUOUS
10
168.14461399999999
20
-83.4141070000000013
11
168.0331070000000011
21
-83.4709229999999991
0
LINE
8
BLACK
6
CONTINUOUS
10
168.0331070000000011
20
-83.4709229999999991
11
167.90949999999998
21
-83.4904999999999973
0
LINE
8
BLACK
6
CONTINUOUS
10
167.90949999999998
20
-83.4904999999999973
11
167.7858929999999873
21
-83.4709229999999991
0
LINE
8
BLACK
6
CONTINUOUS
10
167.7858929999999873
20
-83.4709229999999991
11
167.6743859999999984
21
-83.4141070000000013
0
LINE
8
BLACK
6
CONTINUOUS
10
167.6743859999999984
20
-83.4141070000000013
11
167.5858929999999987
21
-83.3256140000000016
0
LINE
8
BLACK
6
CONTINUOUS
10
167.5858929999999987
20
-83.3256140000000016
11
167.5290770000000009
21
-83.2141069999999985
0
LINE
8
BLACK
6
CONTINUOUS
10
167.5290770000000009
20
-83.2141069999999985
11
167.5095000000000027
21
-83.0904999999999916
0
LINE
8
BLACK
6
CONTINUOUS
10
167.5095000000000027
20
-83.0904999999999916
11
167.5290770000000009
21
-82.9668929999999989
0
LINE
8
BLACK
6
CONTINUOUS
10
167.5290770000000009
20
-82.9668929999999989
11
167.5858929999999987
21
-82.8553859999999958
0
LINE
8
BLACK
6
CONTINUOUS
10
167.5858929999999987
20
-82.8553859999999958
11
167.6743859999999984
21
-82.7668929999999961
0
LINE
8
BLACK
6
CONTINUOUS
10
167.6743859999999984
20
-82.7668929999999961
11
167.7858929999999873
21
-82.7100769999999983
0
LINE
8
BLACK
6
CONTINUOUS
10
167.7858929999999873
20
-82.7100769999999983
11
167.90949999999998
21
-82.6905000000000001
0
LINE
8
BLACK
6
CONTINUOUS
10
167.90949999999998
20
-82.6905000000000001
11
168.0331070000000011
21
-82.7100769999999983
0
LINE
8
BLACK
6
CONTINUOUS
10
169.8024029999999982
20
-75.5114179999999919
11
169.851066000000003
21
-75.543933999999993
0
LINE
8
BLACK
6
CONTINUOUS
10
169.851066000000003
20
-75.543933999999993
11
169.8835819999999899
21
-75.5925969999999978
0
LINE
8
BLACK
6
CONTINUOUS
10
169.8835819999999899
20
-75.5925969999999978
11
169.8949999999999818
21
-75.6499999999999915
0
LINE
8
BLACK
6
CONTINUOUS
10
169.8949999999999818
20
-75.6499999999999915
11
169.8949999999999818
21
-77.2999999999999972
0
LINE
8
BLACK
6
CONTINUOUS
10
169.8949999999999818
20
-77.2999999999999972
11
169.8835819999999899
21
-77.3574029999999908
0
LINE
8
BLACK
6
CONTINUOUS
10
169.8835819999999899
20
-77.3574029999999908
11
169.851066000000003
21
-77.4060659999999956
0
LINE
8
BLACK
6
CONTINUOUS
10
169.851066000000003
20
-77.4060659999999956
11
169.8449999999999989
21
-77.4101189999999946
0
LINE
8
BLACK
6
CONTINUOUS
10
169.8449999999999989
20
-77.4101189999999946
11
169.8449999999999989
21
-78.0249999999999915
0
LINE
8
BLACK
6
CONTINUOUS
10
169.8449999999999989
20
-78.0249999999999915
11
170.0499999999999829
21
-78.0249999999999915
0
LINE
8
BLACK
6
CONTINUOUS
10
170.0499999999999829
20
-78.0249999999999915
11
170.145670999999993
21
-78.0440299999999922
0
LINE
8
BLACK
6
CONTINUOUS
10
170.145670999999993
20
-78.0440299999999922
11
170.2267769999999985
21
-78.0982229999999902
0
LINE
8
BLACK
6
CONTINUOUS
10
170.2267769999999985
20
-78.0982229999999902
11
170.2809699999999964
21
-78.1793289999999956
0
LINE
8
BLACK
6
CONTINUOUS
10
170.2809699999999964
20
-78.1793289999999956
11
170.2999999999999829
21
-78.2749999999999915
0
LINE
8
BLACK
6
CONTINUOUS
10
170.2999999999999829
20
-78.2749999999999915
11
170.2999999999999829
21
-79.2249999999999943
0
LINE
8
BLACK
6
CONTINUOUS
10
170.2999999999999829
20
-79.2249999999999943
11
170.2809699999999964
21
-79.3206709999999902
0
LINE
8
BLACK
6
CONTINUOUS
10
170.2809699999999964
20
-79.3206709999999902
11
170.2267769999999985
21
-79.4017769999999956
0
LINE
8
BLACK
6
CONTINUOUS
10
170.2267769999999985
20
-79.4017769999999956
11
170.145670999999993
21
-79.4559699999999935
0
LINE
8
BLACK
6
CONTINUOUS
10
170.145670999999993
20
-79.4559699999999935
11
170.0499999999999829
21
-79.4749999999999943
0
LINE
8
BLACK
6
CONTINUOUS
10
170.0499999999999829
20
-79.4749999999999943
11
169.9625000000000057
21
-79.4749999999999943
0
LINE
8
BLACK
6
CONTINUOUS
10
169.9625000000000057
20
-79.4749999999999943
11
169.9625000000000057
21
-80.6339459999999946
0
LINE
8
BLACK
6
CONTINUOUS
10
169.9625000000000057
20
-80.6339459999999946
11
170.299036000000001
21
-80.9704819999999899
0
LINE
8
BLACK
6
CONTINUOUS
10
170.299036000000001
20
-80.9704819999999899
11
170.3052229999999838
21
-80.9612229999999897
0
LINE
8
BLACK
6
CONTINUOUS
10
170.3052229999999838
20
-80.9612229999999897
11
170.3863289999999893
21
-80.9070299999999918
0
LINE
8
BLACK
6
CONTINUOUS
10
170.3863289999999893
20
-80.9070299999999918
11
170.4819999999999993
21
-80.887999999999991
0
LINE
8
BLACK
6
CONTINUOUS
10
170.4819999999999993
20
-80.887999999999991
11
172.4819999999999993
21
-80.887999999999991
0
LINE
8
BLACK
6
CONTINUOUS
10
172.4819999999999993
20
-80.887999999999991
11
172.5776709999999809
21
-80.9070299999999918
0
LINE
8
BLACK
6
CONTINUOUS
10
172.5776709999999809
20
-80.9070299999999918
11
172.6587769999999864
21
-80.9612229999999897
0
LINE
8
BLACK
6
CONTINUOUS
10
172.6587769999999864
20
-80.9612229999999897
11
172.7129699999999843
21
-81.0423289999999952
0
LINE
8
BLACK
6
CONTINUOUS
10
172.7129699999999843
20
-81.0423289999999952
11
172.7319999999999993
21
-81.137999999999991
0
LINE
8
BLACK
6
CONTINUOUS
10
172.7319999999999993
20
-81.137999999999991
11
172.7319999999999993
21
-82.4380000000000024
0
LINE
8
BLACK
6
CONTINUOUS
10
172.7319999999999993
20
-82.4380000000000024
11
172.7129699999999843
21
-82.5336709999999982
0
LINE
8
BLACK
6
CONTINUOUS
10
172.7129699999999843
20
-82.5336709999999982
11
172.6587769999999864
21
-82.6147769999999895
0
LINE
8
BLACK
6
CONTINUOUS
10
172.6587769999999864
20
-82.6147769999999895
11
172.5776709999999809
21
-82.6689700000000016
0
LINE
8
BLACK
6
CONTINUOUS
10
172.5776709999999809
20
-82.6689700000000016
11
172.4819999999999993
21
-82.6880000000000024
0
LINE
8
BLACK
6
CONTINUOUS
10
172.4819999999999993
20
-82.6880000000000024
11
170.4819999999999993
21
-82.6880000000000024
0
LINE
8
BLACK
6
CONTINUOUS
10
170.4819999999999993
20
-82.6880000000000024
11
170.3863289999999893
21
-82.6689700000000016
0
LINE
8
BLACK
6
CONTINUOUS
10
170.3863289999999893
20
-82.6689700000000016
11
170.3052229999999838
21
-82.6147769999999895
0
LINE
8
BLACK
6
CONTINUOUS
10
170.3052229999999838
20
-82.6147769999999895
11
170.2510299999999859
21
-82.5336709999999982
0
LINE
8
BLACK
6
CONTINUOUS
10
170.2510299999999859
20
-82.5336709999999982
11
170.2319999999999993
21
-82.4380000000000024
0
LINE
8
BLACK
6
CONTINUOUS
10
170.2319999999999993
20
-82.4380000000000024
11
170.2319999999999993
21
-81.6105529999999959
0
LINE
8
BLACK
6
CONTINUOUS
10
170.2319999999999993
20
-81.6105529999999959
11
169.5357229999999902
21
-80.9142769999999985
0
LINE
8
BLACK
6
CONTINUOUS
10
169.5357229999999902
20
-80.9142769999999985
11
169.5046370000000024
21
-80.8763969999999972
0
LINE
8
BLACK
6
CONTINUOUS
10
169.5046370000000024
20
-80.8763969999999972
11
169.5046329999999841
21
-80.8763929999999931
0
LINE
8
BLACK
6
CONTINUOUS
10
169.5046329999999841
20
-80.8763929999999931
11
169.4673039999999844
21
-80.7862729999999942
0
LINE
8
BLACK
6
CONTINUOUS
10
169.4673039999999844
20
-80.7862729999999942
11
169.4625000000000057
21
-80.7374999999999972
0
LINE
8
BLACK
6
CONTINUOUS
10
169.4625000000000057
20
-80.7374999999999972
11
169.4625000000000057
21
-79.4749999999999943
0
LINE
8
BLACK
6
CONTINUOUS
10
169.4625000000000057
20
-79.4749999999999943
11
169.375
21
-79.4749999999999943
0
LINE
8
BLACK
6
CONTINUOUS
10
169.375
20
-79.4749999999999943
11
169.2793289999999899
21
-79.4559699999999935
0
LINE
8
BLACK
6
CONTINUOUS
10
169.2793289999999899
20
-79.4559699999999935
11
169.1982229999999845
21
-79.4017769999999956
0
LINE
8
BLACK
6
CONTINUOUS
10
169.1982229999999845
20
-79.4017769999999956
11
169.1440299999999866
21
-79.3206709999999902
0
LINE
8
BLACK
6
CONTINUOUS
10
169.1440299999999866
20
-79.3206709999999902
11
169.125
21
-79.2249999999999943
0
LINE
8
BLACK
6
CONTINUOUS
10
169.125
20
-79.2249999999999943
11
169.125
21
-78.2749999999999915
0
LINE
8
BLACK
6
CONTINUOUS
10
169.125
20
-78.2749999999999915
11
169.1440299999999866
21
-78.1793289999999956
0
LINE
8
BLACK
6
CONTINUOUS
10
169.1440299999999866
20
-78.1793289999999956
11
169.1982229999999845
21
-78.0982229999999902
0
LINE
8
BLACK
6
CONTINUOUS
10
169.1982229999999845
20
-78.0982229999999902
11
169.2793289999999899
21
-78.0440299999999922
0
LINE
8
BLACK
6
CONTINUOUS
10
169.2793289999999899
20
-78.0440299999999922
11
169.3449999999999989
21
-78.0309669999999898
0
LINE
8
BLACK
6
CONTINUOUS
10
169.3449999999999989
20
-78.0309669999999898
11
169.3449999999999989
21
-77.4101189999999946
0
LINE
8
BLACK
6
CONTINUOUS
10
169.3449999999999989
20
-77.4101189999999946
11
169.3389339999999947
21
-77.4060659999999956
0
LINE
8
BLACK
6
CONTINUOUS
10
169.3389339999999947
20
-77.4060659999999956
11
169.3064179999999794
21
-77.3574029999999908
0
LINE
8
BLACK
6
CONTINUOUS
10
169.3064179999999794
20
-77.3574029999999908
11
169.2949999999999875
21
-77.2999999999999972
0
LINE
8
BLACK
6
CONTINUOUS
10
169.2949999999999875
20
-77.2999999999999972
11
169.2949999999999875
21
-75.6499999999999915
0
LINE
8
BLACK
6
CONTINUOUS
10
169.2949999999999875
20
-75.6499999999999915
11
169.3064179999999794
21
-75.5925969999999978
0
LINE
8
BLACK
6
CONTINUOUS
10
169.3064179999999794
20
-75.5925969999999978
11
169.3389339999999947
21
-75.543933999999993
0
LINE
8
BLACK
6
CONTINUOUS
10
169.3389339999999947
20
-75.543933999999993
11
169.3875969999999995
21
-75.5114179999999919
0
LINE
8
BLACK
6
CONTINUOUS
10
169.3875969999999995
20
-75.5114179999999919
11
169.4449999999999932
21
-75.5
0
LINE
8
BLACK
6
CONTINUOUS
10
169.4449999999999932
20
-75.5
11
169.7450000000000045
21
-75.5
0
LINE
8
BLACK
6
CONTINUOUS
10
169.7450000000000045
20
-75.5
11
169.8024029999999982
21
-75.5114179999999919
0
LINE
8
BLACK
6
CONTINUOUS
10
173.6124030000000005
20
-75.5114179999999919
11
173.6610660000000053
21
-75.543933999999993
0
LINE
8
BLACK
6
CONTINUOUS
10
173.6610660000000053
20
-75.543933999999993
11
173.6935819999999921
21
-75.5925969999999978
0
LINE
8
BLACK
6
CONTINUOUS
10
173.6935819999999921
20
-75.5925969999999978
11
173.7049999999999841
21
-75.6499999999999915
0
LINE
8
BLACK
6
CONTINUOUS
10
173.7049999999999841
20
-75.6499999999999915
11
173.7049999999999841
21
-77.2999999999999972
0
LINE
8
BLACK
6
CONTINUOUS
10
173.7049999999999841
20
-77.2999999999999972
11
173.6935819999999921
21
-77.3574029999999908
0
LINE
8
BLACK
6
CONTINUOUS
10
173.6935819999999921
20
-77.3574029999999908
11
173.6610660000000053
21
-77.4060659999999956
0
LINE
8
BLACK
6
CONTINUOUS
10
173.6610660000000053
20
-77.4060659999999956
11
173.6550000000000011
21
-77.4101189999999946
0
LINE
8
BLACK
6
CONTINUOUS
10
173.6550000000000011
20
-77.4101189999999946
11
173.6550000000000011
21
-77.5949999999999989
0
LINE
8
BLACK
6
CONTINUOUS
10
173.6550000000000011
20
-77.5949999999999989
11
173.650195999999994
21
-77.6437729999999959
0
LINE
8
BLACK
6
CONTINUOUS
10
173.650195999999994
20
-77.6437729999999959
11
173.637882999999988
21
-77.6734969999999976
0
LINE
8
BLACK
6
CONTINUOUS
10
173.637882999999988
20
-77.6734969999999976
11
173.6500000000000057
21
-77.75
0
LINE
8
BLACK
6
CONTINUOUS
10
173.6500000000000057
20
-77.75
11
173.6436489999999822
21
-77.7900949999999938
0
LINE
8
BLACK
6
CONTINUOUS
10
173.6436489999999822
20
-77.7900949999999938
11
176.1587759999999889
21
-80.305222999999998
0
LINE
8
BLACK
6
CONTINUOUS
10
176.1587759999999889
20
-80.305222999999998
11
176.1898620000000051
21
-80.3431020000000018
0
LINE
8
BLACK
6
CONTINUOUS
10
176.1898620000000051
20
-80.3431020000000018
11
176.1898669999999925
21
-80.3431070000000034
0
LINE
8
BLACK
6
CONTINUOUS
10
176.1898669999999925
20
-80.3431070000000034
11
176.2271959999999922
21
-80.4332270000000022
0
LINE
8
BLACK
6
CONTINUOUS
10
176.2271959999999922
20
-80.4332270000000022
11
176.2319999999999993
21
-80.4819999999999993
0
LINE
8
BLACK
6
CONTINUOUS
10
176.2319999999999993
20
-80.4819999999999993
11
176.2319999999999993
21
-80.887999999999991
0
LINE
8
BLACK
6
CONTINUOUS
10
176.2319999999999993
20
-80.887999999999991
11
176.4819999999999993
21
-80.887999999999991
0
LINE
8
BLACK
6
CONTINUOUS
10
176.4819999999999993
20
-80.887999999999991
11
176.5776709999999809
21
-80.9070299999999918
0
LINE
8
BLACK
6
CONTINUOUS
10
176.5776709999999809
20
-80.9070299999999918
11
176.6587769999999864
21
-80.9612229999999897
0
LINE
8
BLACK
6
CONTINUOUS
10
176.6587769999999864
20
-80.9612229999999897
11
176.7129699999999843
21
-81.0423289999999952
0
LINE
8
BLACK
6
CONTINUOUS
10
176.7129699999999843
20
-81.0423289999999952
11
176.7319999999999993
21
-81.137999999999991
0
LINE
8
BLACK
6
CONTINUOUS
10
176.7319999999999993
20
-81.137999999999991
11
176.7319999999999993
21
-82.4380000000000024
0
LINE
8
BLACK
6
CONTINUOUS
10
176.7319999999999993
20
-82.4380000000000024
11
176.7129699999999843
21
-82.5336709999999982
0
LINE
8
BLACK
6
CONTINUOUS
10
176.7129699999999843
20
-82.5336709999999982
11
176.6587769999999864
21
-82.6147769999999895
0
LINE
8
BLACK
6
CONTINUOUS
10
176.6587769999999864
20
-82.6147769999999895
11
176.5776709999999809
21
-82.6689700000000016
0
LINE
8
BLACK
6
CONTINUOUS
10
176.5776709999999809
20
-82.6689700000000016
11
176.4819999999999993
21
-82.6880000000000024
0
LINE
8
BLACK
6
CONTINUOUS
10
176.4819999999999993
20
-82.6880000000000024
11
174.4819999999999993
21
-82.6880000000000024
0
LINE
8
BLACK
6
CONTINUOUS
10
174.4819999999999993
20
-82.6880000000000024
11
174.3863289999999893
21
-82.6689700000000016
0
LINE
8
BLACK
6
CONTINUOUS
10
174.3863289999999893
20
-82.6689700000000016
11
174.3052229999999838
21
-82.6147769999999895
0
LINE
8
BLACK
6
CONTINUOUS
10
174.3052229999999838
20
-82.6147769999999895
11
174.2510299999999859
21
-82.5336709999999982
0
LINE
8
BLACK
6
CONTINUOUS
10
174.2510299999999859
20
-82.5336709999999982
11
174.2319999999999993
21
-82.4380000000000024
0
LINE
8
BLACK
6
CONTINUOUS
10
174.2319999999999993
20
-82.4380000000000024
11
174.2319999999999993
21
-81.137999999999991
0
LINE
8
BLACK
6
CONTINUOUS
10
174.2319999999999993
20
-81.137999999999991
11
174.2510299999999859
21
-81.0423289999999952
0
LINE
8
BLACK
6
CONTINUOUS
10
174.2510299999999859
20
-81.0423289999999952
11
174.3052229999999838
21
-80.9612229999999897
0
LINE
8
BLACK
6
CONTINUOUS
10
174.3052229999999838
20
-80.9612229999999897
11
174.3863289999999893
21
-80.9070299999999918
0
LINE
8
BLACK
6
CONTINUOUS
10
174.3863289999999893
20
-80.9070299999999918
11
174.4819999999999993
21
-80.887999999999991
0
LINE
8
BLACK
6
CONTINUOUS
10
174.4819999999999993
20
-80.887999999999991
11
175.7319999999999993
21
-80.887999999999991
0
LINE
8
BLACK
6
CONTINUOUS
10
175.7319999999999993
20
-80.887999999999991
11
175.7319999999999993
21
-80.5855529999999902
0
LINE
8
BLACK
6
CONTINUOUS
10
175.7319999999999993
20
-80.5855529999999902
11
173.2900949999999796
21
-78.1436489999999964
0
LINE
8
BLACK
6
CONTINUOUS
10
173.2900949999999796
20
-78.1436489999999964
11
173.25
21
-78.1499999999999915
0
LINE
8
BLACK
6
CONTINUOUS
10
173.25
20
-78.1499999999999915
11
173.1263929999999789
21
-78.1304229999999933
0
LINE
8
BLACK
6
CONTINUOUS
10
173.1263929999999789
20
-78.1304229999999933
11
173.01488599999999
21
-78.0736069999999955
0
LINE
8
BLACK
6
CONTINUOUS
10
173.01488599999999
20
-78.0736069999999955
11
172.9263929999999903
21
-77.9851139999999958
0
LINE
8
BLACK
6
CONTINUOUS
10
172.9263929999999903
20
-77.9851139999999958
11
172.8695769999999925
21
-77.8736069999999927
0
LINE
8
BLACK
6
CONTINUOUS
10
172.8695769999999925
20
-77.8736069999999927
11
172.8499999999999943
21
-77.75
0
LINE
8
BLACK
6
CONTINUOUS
10
172.8499999999999943
20
-77.75
11
172.8695769999999925
21
-77.6263929999999931
0
LINE
8
BLACK
6
CONTINUOUS
10
172.8695769999999925
20
-77.6263929999999931
11
172.9263929999999903
21
-77.51488599999999
0
LINE
8
BLACK
6
CONTINUOUS
10
172.9263929999999903
20
-77.51488599999999
11
173.01488599999999
21
-77.4263929999999903
0
LINE
8
BLACK
6
CONTINUOUS
10
173.01488599999999
20
-77.4263929999999903
11
173.1250189999999805
21
-77.3702759999999898
0
LINE
8
BLACK
6
CONTINUOUS
10
173.1250189999999805
20
-77.3702759999999898
11
173.1164179999999817
21
-77.3574029999999908
0
LINE
8
BLACK
6
CONTINUOUS
10
173.1164179999999817
20
-77.3574029999999908
11
173.1049999999999898
21
-77.2999999999999972
0
LINE
8
BLACK
6
CONTINUOUS
10
173.1049999999999898
20
-77.2999999999999972
11
173.1049999999999898
21
-75.6499999999999915
0
LINE
8
BLACK
6
CONTINUOUS
10
173.1049999999999898
20
-75.6499999999999915
11
173.1164179999999817
21
-75.5925969999999978
0
LINE
8
BLACK
6
CONTINUOUS
10
173.1164179999999817
20
-75.5925969999999978
11
173.148933999999997
21
-75.543933999999993
0
LINE
8
BLACK
6
CONTINUOUS
10
173.148933999999997
20
-75.543933999999993
11
173.1975970000000018
21
-75.5114179999999919
0
LINE
8
BLACK
6
CONTINUOUS
10
173.1975970000000018
20
-75.5114179999999919
11
173.2549999999999955
21
-75.5
0
LINE
8
BLACK
6
CONTINUOUS
10
173.2549999999999955
20
-75.5
11
173.5549999999999784
21
-75.5
0
LINE
8
BLACK
6
CONTINUOUS
10
173.5549999999999784
20
-75.5
11
173.6124030000000005
21
-75.5114179999999919
0
LINE
8
BLACK
6
CONTINUOUS
10
154.2523869999999988
20
-79.3370790000000028
11
154.3294379999999819
21
-79.3885619999999932
0
LINE
8
BLACK
6
CONTINUOUS
10
154.3294379999999819
20
-79.3885619999999932
11
154.3809210000000007
21
-79.4656129999999905
0
LINE
8
BLACK
6
CONTINUOUS
10
154.3809210000000007
20
-79.4656129999999905
11
154.3990000000000009
21
-79.5564999999999998
0
LINE
8
BLACK
6
CONTINUOUS
10
154.3990000000000009
20
-79.5564999999999998
11
154.3990000000000009
21
-80.1564999999999941
0
LINE
8
BLACK
6
CONTINUOUS
10
154.3990000000000009
20
-80.1564999999999941
11
154.3809210000000007
21
-80.2473870000000034
0
LINE
8
BLACK
6
CONTINUOUS
10
154.3809210000000007
20
-80.2473870000000034
11
154.3294379999999819
21
-80.3244380000000007
0
LINE
8
BLACK
6
CONTINUOUS
10
154.3294379999999819
20
-80.3244380000000007
11
154.2523869999999988
21
-80.3759209999999911
0
LINE
8
BLACK
6
CONTINUOUS
10
154.2523869999999988
20
-80.3759209999999911
11
154.2192819999999926
21
-80.3825059999999922
0
LINE
8
BLACK
6
CONTINUOUS
10
154.2192819999999926
20
-80.3825059999999922
11
154.5093699999999899
21
-80.672592999999992
0
LINE
8
BLACK
6
CONTINUOUS
10
154.5093699999999899
20
-80.672592999999992
11
154.5623929999999859
21
-80.645577000000003
0
LINE
8
BLACK
6
CONTINUOUS
10
154.5623929999999859
20
-80.645577000000003
11
154.686000000000007
21
-80.6259999999999906
0
LINE
8
BLACK
6
CONTINUOUS
10
154.686000000000007
20
-80.6259999999999906
11
154.8096069999999997
21
-80.645577000000003
0
LINE
8
BLACK
6
CONTINUOUS
10
154.8096069999999997
20
-80.645577000000003
11
154.9211139999999887
21
-80.7023930000000007
0
LINE
8
BLACK
6
CONTINUOUS
10
154.9211139999999887
20
-80.7023930000000007
11
155.0096069999999884
21
-80.7908860000000004
0
LINE
8
BLACK
6
CONTINUOUS
10
155.0096069999999884
20
-80.7908860000000004
11
155.0664229999999861
21
-80.9023929999999893
0
LINE
8
BLACK
6
CONTINUOUS
10
155.0664229999999861
20
-80.9023929999999893
11
155.0859999999999843
21
-81.0259999999999962
0
LINE
8
BLACK
6
CONTINUOUS
10
155.0859999999999843
20
-81.0259999999999962
11
155.0664229999999861
21
-81.1496070000000032
0
LINE
8
BLACK
6
CONTINUOUS
10
155.0664229999999861
20
-81.1496070000000032
11
155.0096069999999884
21
-81.2611139999999921
0
LINE
8
BLACK
6
CONTINUOUS
10
155.0096069999999884
20
-81.2611139999999921
11
154.9211139999999887
21
-81.3496069999999918
0
LINE
8
BLACK
6
CONTINUOUS
10
154.9211139999999887
20
-81.3496069999999918
11
154.8096069999999997
21
-81.4064229999999895
0
LINE
8
BLACK
6
CONTINUOUS
10
154.8096069999999997
20
-81.4064229999999895
11
154.686000000000007
21
-81.4260000000000019
0
LINE
8
BLACK
6
CONTINUOUS
10
154.686000000000007
20
-81.4260000000000019
11
154.5623929999999859
21
-81.4064229999999895
0
LINE
8
BLACK
6
CONTINUOUS
10
154.5623929999999859
20
-81.4064229999999895
11
154.450885999999997
21
-81.3496069999999918
0
LINE
8
BLACK
6
CONTINUOUS
10
154.450885999999997
20
-81.3496069999999918
11
154.3623929999999973
21
-81.2611139999999921
0
LINE
8
BLACK
6
CONTINUOUS
10
154.3623929999999973
20
-81.2611139999999921
11
154.3055769999999995
21
-81.1496070000000032
0
LINE
8
BLACK
6
CONTINUOUS
10
154.3055769999999995
20
-81.1496070000000032
11
154.2860000000000014
21
-81.0259999999999962
0
LINE
8
BLACK
6
CONTINUOUS
10
154.2860000000000014
20
-81.0259999999999962
11
154.3055769999999995
21
-80.9023929999999893
0
LINE
8
BLACK
6
CONTINUOUS
10
154.3055769999999995
20
-80.9023929999999893
11
154.3325930000000028
21
-80.8493699999999933
0
LINE
8
BLACK
6
CONTINUOUS
10
154.3325930000000028
20
-80.8493699999999933
11
153.877223999999984
21
-80.3939999999999912
0
LINE
8
BLACK
6
CONTINUOUS
10
153.877223999999984
20
-80.3939999999999912
11
153.6864999999999952
21
-80.3939999999999912
0
LINE
8
BLACK
6
CONTINUOUS
10
153.6864999999999952
20
-80.3939999999999912
11
153.595612999999986
21
-80.3759209999999911
0
LINE
8
BLACK
6
CONTINUOUS
10
153.595612999999986
20
-80.3759209999999911
11
153.5185620000000029
21
-80.3244380000000007
0
LINE
8
BLACK
6
CONTINUOUS
10
153.5185620000000029
20
-80.3244380000000007
11
153.467078999999984
21
-80.2473870000000034
0
LINE
8
BLACK
6
CONTINUOUS
10
153.467078999999984
20
-80.2473870000000034
11
153.4489999999999839
21
-80.1564999999999941
0
LINE
8
BLACK
6
CONTINUOUS
10
153.4489999999999839
20
-80.1564999999999941
11
153.4489999999999839
21
-79.5564999999999998
0
LINE
8
BLACK
6
CONTINUOUS
10
153.4489999999999839
20
-79.5564999999999998
11
153.467078999999984
21
-79.4656129999999905
0
LINE
8
BLACK
6
CONTINUOUS
10
153.467078999999984
20
-79.4656129999999905
11
153.5185620000000029
21
-79.3885619999999932
0
LINE
8
BLACK
6
CONTINUOUS
10
153.5185620000000029
20
-79.3885619999999932
11
153.595612999999986
21
-79.3370790000000028
0
LINE
8
BLACK
6
CONTINUOUS
10
153.595612999999986
20
-79.3370790000000028
11
153.6864999999999952
21
-79.3190000000000026
0
LINE
8
BLACK
6
CONTINUOUS
10
153.6864999999999952
20
-79.3190000000000026
11
154.1614999999999895
21
-79.3190000000000026
0
LINE
8
BLACK
6
CONTINUOUS
10
154.1614999999999895
20
-79.3190000000000026
11
154.2523869999999988
21
-79.3370790000000028
0
LINE
8
BLACK
6
CONTINUOUS
10
161.1596069999999941
20
-80.5185769999999934
11
161.271113999999983
21
-80.5753929999999912
0
LINE
8
BLACK
6
CONTINUOUS
10
161.271113999999983
20
-80.5753929999999912
11
161.3596069999999827
21
-80.6638859999999909
0
LINE
8
BLACK
6
CONTINUOUS
10
161.3596069999999827
20
-80.6638859999999909
11
161.4164229999999804
21
-80.775392999999994
0
LINE
8
BLACK
6
CONTINUOUS
10
161.4164229999999804
20
-80.775392999999994
11
161.4359999999999786
21
-80.8990000000000009
0
LINE
8
BLACK
6
CONTINUOUS
10
161.4359999999999786
20
-80.8990000000000009
11
161.4164229999999804
21
-81.0226069999999936
0
LINE
8
BLACK
6
CONTINUOUS
10
161.4164229999999804
20
-81.0226069999999936
11
161.3596069999999827
21
-81.1341139999999967
0
LINE
8
BLACK
6
CONTINUOUS
10
161.3596069999999827
20
-81.1341139999999967
11
161.271113999999983
21
-81.2226069999999964
0
LINE
8
BLACK
6
CONTINUOUS
10
161.271113999999983
20
-81.2226069999999964
11
161.1596069999999941
21
-81.2794229999999942
0
LINE
8
BLACK
6
CONTINUOUS
10
161.1596069999999941
20
-81.2794229999999942
11
161.0360000000000014
21
-81.2989999999999924
0
LINE
8
BLACK
6
CONTINUOUS
10
161.0360000000000014
20
-81.2989999999999924
11
160.9123929999999802
21
-81.2794229999999942
0
LINE
8
BLACK
6
CONTINUOUS
10
160.9123929999999802
20
-81.2794229999999942
11
160.8008859999999913
21
-81.2226069999999964
0
LINE
8
BLACK
6
CONTINUOUS
10
160.8008859999999913
20
-81.2226069999999964
11
160.7123929999999916
21
-81.1341139999999967
0
LINE
8
BLACK
6
CONTINUOUS
10
160.7123929999999916
20
-81.1341139999999967
11
160.6555769999999939
21
-81.0226069999999936
0
LINE
8
BLACK
6
CONTINUOUS
10
160.6555769999999939
20
-81.0226069999999936
11
160.6359999999999957
21
-80.8990000000000009
0
LINE
8
BLACK
6
CONTINUOUS
10
160.6359999999999957
20
-80.8990000000000009
11
160.6555769999999939
21
-80.775392999999994
0
LINE
8
BLACK
6
CONTINUOUS
10
160.6555769999999939
20
-80.775392999999994
11
160.7123929999999916
21
-80.6638859999999909
0
LINE
8
BLACK
6
CONTINUOUS
10
160.7123929999999916
20
-80.6638859999999909
11
160.8008859999999913
21
-80.5753929999999912
0
LINE
8
BLACK
6
CONTINUOUS
10
160.8008859999999913
20
-80.5753929999999912
11
160.9123929999999802
21
-80.5185769999999934
0
LINE
8
BLACK
6
CONTINUOUS
10
160.9123929999999802
20
-80.5185769999999934
11
161.0360000000000014
21
-80.4989999999999952
0
LINE
8
BLACK
6
CONTINUOUS
10
161.0360000000000014
20
-80.4989999999999952
11
161.1596069999999941
21
-80.5185769999999934
0
LINE
8
BLACK
6
CONTINUOUS
10
159.7626070000000027
20
-79.2485769999999974
11
159.8741139999999916
21
-79.3053929999999951
0
LINE
8
BLACK
6
CONTINUOUS
10
159.8741139999999916
20
-79.3053929999999951
11
159.9626069999999913
21
-79.3938859999999949
0
LINE
8
BLACK
6
CONTINUOUS
10
159.9626069999999913
20
-79.3938859999999949
11
160.0194229999999891
21
-79.505392999999998
0
LINE
8
BLACK
6
CONTINUOUS
10
160.0194229999999891
20
-79.505392999999998
11
160.0389999999999873
21
-79.6289999999999907
0
LINE
8
BLACK
6
CONTINUOUS
10
160.0389999999999873
20
-79.6289999999999907
11
160.0194229999999891
21
-79.7526069999999976
0
LINE
8
BLACK
6
CONTINUOUS
10
160.0194229999999891
20
-79.7526069999999976
11
159.9626069999999913
21
-79.8641140000000007
0
LINE
8
BLACK
6
CONTINUOUS
10
159.9626069999999913
20
-79.8641140000000007
11
159.8741139999999916
21
-79.9526070000000004
0
LINE
8
BLACK
6
CONTINUOUS
10
159.8741139999999916
20
-79.9526070000000004
11
159.7626070000000027
21
-80.0094229999999982
0
LINE
8
BLACK
6
CONTINUOUS
10
159.7626070000000027
20
-80.0094229999999982
11
159.6389999999999816
21
-80.0289999999999964
0
LINE
8
BLACK
6
CONTINUOUS
10
159.6389999999999816
20
-80.0289999999999964
11
159.5153929999999889
21
-80.0094229999999982
0
LINE
8
BLACK
6
CONTINUOUS
10
159.5153929999999889
20
-80.0094229999999982
11
159.403886
21
-79.9526070000000004
0
LINE
8
BLACK
6
CONTINUOUS
10
159.403886
20
-79.9526070000000004
11
159.3153930000000003
21
-79.8641140000000007
0
LINE
8
BLACK
6
CONTINUOUS
10
159.3153930000000003
20
-79.8641140000000007
11
159.2585770000000025
21
-79.7526069999999976
0
LINE
8
BLACK
6
CONTINUOUS
10
159.2585770000000025
20
-79.7526069999999976
11
159.2390000000000043
21
-79.6289999999999907
0
LINE
8
BLACK
6
CONTINUOUS
10
159.2390000000000043
20
-79.6289999999999907
11
159.2585770000000025
21
-79.505392999999998
0
LINE
8
BLACK
6
CONTINUOUS
10
159.2585770000000025
20
-79.505392999999998
11
159.3153930000000003
21
-79.3938859999999949
0
LINE
8
BLACK
6
CONTINUOUS
10
159.3153930000000003
20
-79.3938859999999949
11
159.403886
21
-79.3053929999999951
0
LINE
8
BLACK
6
CONTINUOUS
10
159.403886
20
-79.3053929999999951
11
159.5153929999999889
21
-79.2485769999999974
0
LINE
8
BLACK
6
CONTINUOUS
10
159.5153929999999889
20
-79.2485769999999974
11
159.6389999999999816
21
-79.2289999999999992
0
LINE
8
BLACK
6
CONTINUOUS
10
159.6389999999999816
20
-79.2289999999999992
11
159.7626070000000027
21
-79.2485769999999974
0
LINE
8
BLACK
6
CONTINUOUS
10
135.5056069999999977
20
-78.8675769999999972
11
135.6171139999999866
21
-78.9243929999999949
0
LINE
8
BLACK
6
CONTINUOUS
10
135.6171139999999866
20
-78.9243929999999949
11
135.7056069999999863
21
-79.0128859999999946
0
LINE
8
BLACK
6
CONTINUOUS
10
135.7056069999999863
20
-79.0128859999999946
11
135.7624229999999841
21
-79.1243929999999978
0
LINE
8
BLACK
6
CONTINUOUS
10
135.7624229999999841
20
-79.1243929999999978
11
135.7819999999999823
21
-79.2479999999999905
0
LINE
8
BLACK
6
CONTINUOUS
10
135.7819999999999823
20
-79.2479999999999905
11
135.7624229999999841
21
-79.3716069999999974
0
LINE
8
BLACK
6
CONTINUOUS
10
135.7624229999999841
20
-79.3716069999999974
11
135.7056069999999863
21
-79.4831140000000005
0
LINE
8
BLACK
6
CONTINUOUS
10
135.7056069999999863
20
-79.4831140000000005
11
135.6171139999999866
21
-79.5716070000000002
0
LINE
8
BLACK
6
CONTINUOUS
10
135.6171139999999866
20
-79.5716070000000002
11
135.5056069999999977
21
-79.628422999999998
0
LINE
8
BLACK
6
CONTINUOUS
10
135.5056069999999977
20
-79.628422999999998
11
135.382000000000005
21
-79.6479999999999961
0
LINE
8
BLACK
6
CONTINUOUS
10
135.382000000000005
20
-79.6479999999999961
11
135.2583929999999839
21
-79.628422999999998
0
LINE
8
BLACK
6
CONTINUOUS
10
135.2583929999999839
20
-79.628422999999998
11
135.146885999999995
21
-79.5716070000000002
0
LINE
8
BLACK
6
CONTINUOUS
10
135.146885999999995
20
-79.5716070000000002
11
135.0583929999999953
21
-79.4831140000000005
0
LINE
8
BLACK
6
CONTINUOUS
10
135.0583929999999953
20
-79.4831140000000005
11
135.0015769999999975
21
-79.3716069999999974
0
LINE
8
BLACK
6
CONTINUOUS
10
135.0015769999999975
20
-79.3716069999999974
11
134.9819999999999993
21
-79.2479999999999905
0
LINE
8
BLACK
6
CONTINUOUS
10
134.9819999999999993
20
-79.2479999999999905
11
135.0015769999999975
21
-79.1243929999999978
0
LINE
8
BLACK
6
CONTINUOUS
10
135.0015769999999975
20
-79.1243929999999978
11
135.0583929999999953
21
-79.0128859999999946
0
LINE
8
BLACK
6
CONTINUOUS
10
135.0583929999999953
20
-79.0128859999999946
11
135.146885999999995
21
-78.9243929999999949
0
LINE
8
BLACK
6
CONTINUOUS
10
135.146885999999995
20
-78.9243929999999949
11
135.2583929999999839
21
-78.8675769999999972
0
LINE
8
BLACK
6
CONTINUOUS
10
135.2583929999999839
20
-78.8675769999999972
11
135.382000000000005
21
-78.847999999999999
0
LINE
8
BLACK
6
CONTINUOUS
10
135.382000000000005
20
-78.847999999999999
11
135.5056069999999977
21
-78.8675769999999972
0
LINE
8
BLACK
6
CONTINUOUS
10
156.0303869999999904
20
-77.559078999999997
11
156.1074380000000019
21
-77.6105620000000016
0
LINE
8
BLACK
6
CONTINUOUS
10
156.1074380000000019
20
-77.6105620000000016
11
156.1589209999999923
21
-77.6876129999999989
0
LINE
8
BLACK
6
CONTINUOUS
10
156.1589209999999923
20
-77.6876129999999989
11
156.1769999999999925
21
-77.778499999999994
0
LINE
8
BLACK
6
CONTINUOUS
10
156.1769999999999925
20
-77.778499999999994
11
156.1769999999999925
21
-78.3785000000000025
0
LINE
8
BLACK
6
CONTINUOUS
10
156.1769999999999925
20
-78.3785000000000025
11
156.1589209999999923
21
-78.4693869999999976
0
LINE
8
BLACK
6
CONTINUOUS
10
156.1589209999999923
20
-78.4693869999999976
11
156.1074380000000019
21
-78.5464379999999949
0
LINE
8
BLACK
6
CONTINUOUS
10
156.1074380000000019
20
-78.5464379999999949
11
156.0303869999999904
21
-78.5979209999999995
0
LINE
8
BLACK
6
CONTINUOUS
10
156.0303869999999904
20
-78.5979209999999995
11
155.9394999999999811
21
-78.6159999999999997
0
LINE
8
BLACK
6
CONTINUOUS
10
155.9394999999999811
20
-78.6159999999999997
11
155.8269999999999982
21
-78.6159999999999997
0
LINE
8
BLACK
6
CONTINUOUS
10
155.8269999999999982
20
-78.6159999999999997
11
155.8269999999999982
21
-78.8682859999999977
0
LINE
8
BLACK
6
CONTINUOUS
10
155.8269999999999982
20
-78.8682859999999977
11
155.9371139999999798
21
-78.9243929999999949
0
LINE
8
BLACK
6
CONTINUOUS
10
155.9371139999999798
20
-78.9243929999999949
11
156.0256069999999795
21
-79.0128859999999946
0
LINE
8
BLACK
6
CONTINUOUS
10
156.0256069999999795
20
-79.0128859999999946
11
156.0824230000000057
21
-79.1243929999999978
0
LINE
8
BLACK
6
CONTINUOUS
10
156.0824230000000057
20
-79.1243929999999978
11
156.1020000000000039
21
-79.2479999999999905
0
LINE
8
BLACK
6
CONTINUOUS
10
156.1020000000000039
20
-79.2479999999999905
11
156.0824230000000057
21
-79.3716069999999974
0
LINE
8
BLACK
6
CONTINUOUS
10
156.0824230000000057
20
-79.3716069999999974
11
156.0256069999999795
21
-79.4831140000000005
0
LINE
8
BLACK
6
CONTINUOUS
10
156.0256069999999795
20
-79.4831140000000005
11
155.9371139999999798
21
-79.5716070000000002
0
LINE
8
BLACK
6
CONTINUOUS
10
155.9371139999999798
20
-79.5716070000000002
11
155.8256069999999909
21
-79.628422999999998
0
LINE
8
BLACK
6
CONTINUOUS
10
155.8256069999999909
20
-79.628422999999998
11
155.7019999999999982
21
-79.6479999999999961
0
LINE
8
BLACK
6
CONTINUOUS
10
155.7019999999999982
20
-79.6479999999999961
11
155.5783930000000055
21
-79.628422999999998
0
LINE
8
BLACK
6
CONTINUOUS
10
155.5783930000000055
20
-79.628422999999998
11
155.4668859999999881
21
-79.5716070000000002
0
LINE
8
BLACK
6
CONTINUOUS
10
155.4668859999999881
20
-79.5716070000000002
11
155.3783929999999884
21
-79.4831140000000005
0
LINE
8
BLACK
6
CONTINUOUS
10
155.3783929999999884
20
-79.4831140000000005
11
155.3215769999999907
21
-79.3716069999999974
0
LINE
8
BLACK
6
CONTINUOUS
10
155.3215769999999907
20
-79.3716069999999974
11
155.3019999999999925
21
-79.2479999999999905
0
LINE
8
BLACK
6
CONTINUOUS
10
155.3019999999999925
20
-79.2479999999999905
11
155.3215769999999907
21
-79.1243929999999978
0
LINE
8
BLACK
6
CONTINUOUS
10
155.3215769999999907
20
-79.1243929999999978
11
155.3783929999999884
21
-79.0128859999999946
0
LINE
8
BLACK
6
CONTINUOUS
10
155.3783929999999884
20
-79.0128859999999946
11
155.4668859999999881
21
-78.9243929999999949
0
LINE
8
BLACK
6
CONTINUOUS
10
155.4668859999999881
20
-78.9243929999999949
11
155.5769999999999982
21
-78.8682859999999977
0
LINE
8
BLACK
6
CONTINUOUS
10
155.5769999999999982
20
-78.8682859999999977
11
155.5769999999999982
21
-78.6159999999999997
0
LINE
8
BLACK
6
CONTINUOUS
10
155.5769999999999982
20
-78.6159999999999997
11
155.4644999999999868
21
-78.6159999999999997
0
LINE
8
BLACK
6
CONTINUOUS
10
155.4644999999999868
20
-78.6159999999999997
11
155.373613000000006
21
-78.5979209999999995
0
LINE
8
BLACK
6
CONTINUOUS
10
155.373613000000006
20
-78.5979209999999995
11
155.2965619999999944
21
-78.5464379999999949
0
LINE
8
BLACK
6
CONTINUOUS
10
155.2965619999999944
20
-78.5464379999999949
11
155.245079000000004
21
-78.4693869999999976
0
LINE
8
BLACK
6
CONTINUOUS
10
155.245079000000004
20
-78.4693869999999976
11
155.2270000000000039
21
-78.3785000000000025
0
LINE
8
BLACK
6
CONTINUOUS
10
155.2270000000000039
20
-78.3785000000000025
11
155.2270000000000039
21
-77.778499999999994
0
LINE
8
BLACK
6
CONTINUOUS
10
155.2270000000000039
20
-77.778499999999994
11
155.245079000000004
21
-77.6876129999999989
0
LINE
8
BLACK
6
CONTINUOUS
10
155.245079000000004
20
-77.6876129999999989
11
155.2965619999999944
21
-77.6105620000000016
0
LINE
8
BLACK
6
CONTINUOUS
10
155.2965619999999944
20
-77.6105620000000016
11
155.373613000000006
21
-77.559078999999997
0
LINE
8
BLACK
6
CONTINUOUS
10
155.373613000000006
20
-77.559078999999997
11
155.4644999999999868
21
-77.5409999999999968
0
LINE
8
BLACK
6
CONTINUOUS
10
155.4644999999999868
20
-77.5409999999999968
11
155.9394999999999811
21
-77.5409999999999968
0
LINE
8
BLACK
6
CONTINUOUS
10
155.9394999999999811
20
-77.5409999999999968
11
156.0303869999999904
21
-77.559078999999997
0
LINE
8
BLACK
6
CONTINUOUS
10
172.3424029999999902
20
-75.5114179999999919
11
172.391065999999995
21
-75.543933999999993
0
LINE
8
BLACK
6
CONTINUOUS
10
172.391065999999995
20
-75.543933999999993
11
172.4235819999999819
21
-75.5925969999999978
0
LINE
8
BLACK
6
CONTINUOUS
10
172.4235819999999819
20
-75.5925969999999978
11
172.4350000000000023
21
-75.6499999999999915
0
LINE
8
BLACK
6
CONTINUOUS
10
172.4350000000000023
20
-75.6499999999999915
11
172.4350000000000023
21
-77.2999999999999972
0
LINE
8
BLACK
6
CONTINUOUS
10
172.4350000000000023
20
-77.2999999999999972
11
172.4235819999999819
21
-77.3574029999999908
0
LINE
8
BLACK
6
CONTINUOUS
10
172.4235819999999819
20
-77.3574029999999908
11
172.391065999999995
21
-77.4060659999999956
0
LINE
8
BLACK
6
CONTINUOUS
10
172.391065999999995
20
-77.4060659999999956
11
172.3849999999999909
21
-77.4101189999999946
0
LINE
8
BLACK
6
CONTINUOUS
10
172.3849999999999909
20
-77.4101189999999946
11
172.3849999999999909
21
-78.4025000000000034
0
LINE
8
BLACK
6
CONTINUOUS
10
172.3849999999999909
20
-78.4025000000000034
11
172.3801959999999838
21
-78.4512730000000005
0
LINE
8
BLACK
6
CONTINUOUS
10
172.3801959999999838
20
-78.4512730000000005
11
172.375
21
-78.4638169999999917
0
LINE
8
BLACK
6
CONTINUOUS
10
172.375
20
-78.4638169999999917
11
172.375
21
-78.5
0
LINE
8
BLACK
6
CONTINUOUS
10
172.375
20
-78.5
11
172.4701249999999959
21
-78.5
0
LINE
8
BLACK
6
CONTINUOUS
10
172.4701249999999959
20
-78.5
11
172.484343999999993
21
-78.472093000000001
0
LINE
8
BLACK
6
CONTINUOUS
10
172.484343999999993
20
-78.472093000000001
11
172.5728369999999927
21
-78.3836000000000013
0
LINE
8
BLACK
6
CONTINUOUS
10
172.5728369999999927
20
-78.3836000000000013
11
172.6843439999999816
21
-78.3267840000000035
0
LINE
8
BLACK
6
CONTINUOUS
10
172.6843439999999816
20
-78.3267840000000035
11
172.8079510000000028
21
-78.3072069999999911
0
LINE
8
BLACK
6
CONTINUOUS
10
172.8079510000000028
20
-78.3072069999999911
11
172.9315579999999954
21
-78.3267840000000035
0
LINE
8
BLACK
6
CONTINUOUS
10
172.9315579999999954
20
-78.3267840000000035
11
173.0430649999999844
21
-78.3836000000000013
0
LINE
8
BLACK
6
CONTINUOUS
10
173.0430649999999844
20
-78.3836000000000013
11
173.1315579999999841
21
-78.472093000000001
0
LINE
8
BLACK
6
CONTINUOUS
10
173.1315579999999841
20
-78.472093000000001
11
173.1883739999999818
21
-78.5835999999999899
0
LINE
8
BLACK
6
CONTINUOUS
10
173.1883739999999818
20
-78.5835999999999899
11
173.20795099999998
21
-78.7072069999999968
0
LINE
8
BLACK
6
CONTINUOUS
10
173.20795099999998
20
-78.7072069999999968
11
173.1883739999999818
21
-78.8308139999999895
0
LINE
8
BLACK
6
CONTINUOUS
10
173.1883739999999818
20
-78.8308139999999895
11
173.1315579999999841
21
-78.9423209999999926
0
LINE
8
BLACK
6
CONTINUOUS
10
173.1315579999999841
20
-78.9423209999999926
11
173.0430649999999844
21
-79.0308139999999923
0
LINE
8
BLACK
6
CONTINUOUS
10
173.0430649999999844
20
-79.0308139999999923
11
172.9315579999999954
21
-79.0876299999999901
0
LINE
8
BLACK
6
CONTINUOUS
10
172.9315579999999954
20
-79.0876299999999901
11
172.8079510000000028
21
-79.1072070000000025
0
LINE
8
BLACK
6
CONTINUOUS
10
172.8079510000000028
20
-79.1072070000000025
11
172.6843439999999816
21
-79.0876299999999901
0
LINE
8
BLACK
6
CONTINUOUS
10
172.6843439999999816
20
-79.0876299999999901
11
172.5728369999999927
21
-79.0308139999999923
0
LINE
8
BLACK
6
CONTINUOUS
10
172.5728369999999927
20
-79.0308139999999923
11
172.5420230000000004
21
-79.
0
LINE
8
BLACK
6
CONTINUOUS
10
172.5420230000000004
20
-79.
11
172.375
21
-79.
0
LINE
8
BLACK
6
CONTINUOUS
10
172.375
20
-79.
11
172.375
21
-79.2249999999999943
0
LINE
8
BLACK
6
CONTINUOUS
10
172.375
20
-79.2249999999999943
11
172.355969999999985
21
-79.3206709999999902
0
LINE
8
BLACK
6
CONTINUOUS
10
172.355969999999985
20
-79.3206709999999902
11
172.3017769999999871
21
-79.4017769999999956
0
LINE
8
BLACK
6
CONTINUOUS
10
172.3017769999999871
20
-79.4017769999999956
11
172.2206709999999816
21
-79.4559699999999935
0
LINE
8
BLACK
6
CONTINUOUS
10
172.2206709999999816
20
-79.4559699999999935
11
172.125
21
-79.4749999999999943
0
LINE
8
BLACK
6
CONTINUOUS
10
172.125
20
-79.4749999999999943
11
171.4499999999999886
21
-79.4749999999999943
0
LINE
8
BLACK
6
CONTINUOUS
10
171.4499999999999886
20
-79.4749999999999943
11
171.3543289999999786
21
-79.4559699999999935
0
LINE
8
BLACK
6
CONTINUOUS
10
171.3543289999999786
20
-79.4559699999999935
11
171.2732230000000015
21
-79.4017769999999956
0
LINE
8
BLACK
6
CONTINUOUS
10
171.2732230000000015
20
-79.4017769999999956
11
171.2190300000000036
21
-79.3206709999999902
0
LINE
8
BLACK
6
CONTINUOUS
10
171.2190300000000036
20
-79.3206709999999902
11
171.1999999999999886
21
-79.2249999999999943
0
LINE
8
BLACK
6
CONTINUOUS
10
171.1999999999999886
20
-79.2249999999999943
11
171.1999999999999886
21
-78.2749999999999915
0
LINE
8
BLACK
6
CONTINUOUS
10
171.1999999999999886
20
-78.2749999999999915
11
171.2190300000000036
21
-78.1793289999999956
0
LINE
8
BLACK
6
CONTINUOUS
10
171.2190300000000036
20
-78.1793289999999956
11
171.2732230000000015
21
-78.0982229999999902
0
LINE
8
BLACK
6
CONTINUOUS
10
171.2732230000000015
20
-78.0982229999999902
11
171.3543289999999786
21
-78.0440299999999922
0
LINE
8
BLACK
6
CONTINUOUS
10
171.3543289999999786
20
-78.0440299999999922
11
171.4499999999999886
21
-78.0249999999999915
0
LINE
8
BLACK
6
CONTINUOUS
10
171.4499999999999886
20
-78.0249999999999915
11
171.8849999999999909
21
-78.0249999999999915
0
LINE
8
BLACK
6
CONTINUOUS
10
171.8849999999999909
20
-78.0249999999999915
11
171.8849999999999909
21
-77.4101189999999946
0
LINE
8
BLACK
6
CONTINUOUS
10
171.8849999999999909
20
-77.4101189999999946
11
171.8789339999999868
21
-77.4060659999999956
0
LINE
8
BLACK
6
CONTINUOUS
10
171.8789339999999868
20
-77.4060659999999956
11
171.8464179999999999
21
-77.3574029999999908
0
LINE
8
BLACK
6
CONTINUOUS
10
171.8464179999999999
20
-77.3574029999999908
11
171.8349999999999795
21
-77.2999999999999972
0
LINE
8
BLACK
6
CONTINUOUS
10
171.8349999999999795
20
-77.2999999999999972
11
171.8349999999999795
21
-75.6499999999999915
0
LINE
8
BLACK
6
CONTINUOUS
10
171.8349999999999795
20
-75.6499999999999915
11
171.8464179999999999
21
-75.5925969999999978
0
LINE
8
BLACK
6
CONTINUOUS
10
171.8464179999999999
20
-75.5925969999999978
11
171.8789339999999868
21
-75.543933999999993
0
LINE
8
BLACK
6
CONTINUOUS
10
171.8789339999999868
20
-75.543933999999993
11
171.9275969999999916
21
-75.5114179999999919
0
LINE
8
BLACK
6
CONTINUOUS
10
171.9275969999999916
20
-75.5114179999999919
11
171.9849999999999852
21
-75.5
0
LINE
8
BLACK
6
CONTINUOUS
10
171.9849999999999852
20
-75.5
11
172.2849999999999966
21
-75.5
0
LINE
8
BLACK
6
CONTINUOUS
10
172.2849999999999966
20
-75.5
11
172.3424029999999902
21
-75.5114179999999919
0
LINE
8
BLACK
6
CONTINUOUS
10
120.3497079999999926
20
-77.396183999999991
11
120.4694299999999885
21
-77.473124999999996
0
LINE
8
BLACK
6
CONTINUOUS
10
120.4694299999999885
20
-77.473124999999996
11
120.562626999999992
21
-77.580680000000001
0
LINE
8
BLACK
6
CONTINUOUS
10
120.562626999999992
20
-77.580680000000001
11
120.6217459999999875
21
-77.7101339999999965
0
LINE
8
BLACK
6
CONTINUOUS
10
120.6217459999999875
20
-77.7101339999999965
11
120.6419999999999959
21
-77.8509999999999991
0
LINE
8
BLACK
6
CONTINUOUS
10
120.6419999999999959
20
-77.8509999999999991
11
120.623589999999993
21
-77.9790359999999936
0
LINE
8
BLACK
6
CONTINUOUS
10
120.623589999999993
20
-77.9790359999999936
11
121.3945529999999877
21
-78.75
0
LINE
8
BLACK
6
CONTINUOUS
10
121.3945529999999877
20
-78.75
11
125.9412789999999944
21
-78.75
0
LINE
8
BLACK
6
CONTINUOUS
10
125.9412789999999944
20
-78.75
11
126.01488599999999
21
-78.6763929999999903
0
LINE
8
BLACK
6
CONTINUOUS
10
126.01488599999999
20
-78.6763929999999903
11
126.1263929999999931
21
-78.6195769999999925
0
LINE
8
BLACK
6
CONTINUOUS
10
126.1263929999999931
20
-78.6195769999999925
11
126.25
21
-78.5999999999999943
0
LINE
8
BLACK
6
CONTINUOUS
10
126.25
20
-78.5999999999999943
11
126.3736069999999927
21
-78.6195769999999925
0
LINE
8
BLACK
6
CONTINUOUS
10
126.3736069999999927
20
-78.6195769999999925
11
126.4851139999999958
21
-78.6763929999999903
0
LINE
8
BLACK
6
CONTINUOUS
10
126.4851139999999958
20
-78.6763929999999903
11
126.5736069999999955
21
-78.76488599999999
0
LINE
8
BLACK
6
CONTINUOUS
10
126.5736069999999955
20
-78.76488599999999
11
126.6304229999999933
21
-78.8763929999999931
0
LINE
8
BLACK
6
CONTINUOUS
10
126.6304229999999933
20
-78.8763929999999931
11
126.6499999999999915
21
-79.
0
LINE
8
BLACK
6
CONTINUOUS
10
126.6499999999999915
20
-79.
11
126.6304229999999933
21
-79.1236069999999927
0
LINE
8
BLACK
6
CONTINUOUS
10
126.6304229999999933
20
-79.1236069999999927
11
126.5736069999999955
21
-79.2351139999999958
0
LINE
8
BLACK
6
CONTINUOUS
10
126.5736069999999955
20
-79.2351139999999958
11
126.4851139999999958
21
-79.3236069999999955
0
LINE
8
BLACK
6
CONTINUOUS
10
126.4851139999999958
20
-79.3236069999999955
11
126.3736069999999927
21
-79.3804229999999933
0
LINE
8
BLACK
6
CONTINUOUS
10
126.3736069999999927
20
-79.3804229999999933
11
126.25
21
-79.3999999999999915
0
LINE
8
BLACK
6
CONTINUOUS
10
126.25
20
-79.3999999999999915
11
126.1263929999999931
21
-79.3804229999999933
0
LINE
8
BLACK
6
CONTINUOUS
10
126.1263929999999931
20
-79.3804229999999933
11
126.01488599999999
21
-79.3236069999999955
0
LINE
8
BLACK
6
CONTINUOUS
10
126.01488599999999
20
-79.3236069999999955
11
125.9412789999999944
21
-79.25
0
LINE
8
BLACK
6
CONTINUOUS
10
125.9412789999999944
20
-79.25
11
121.2909999999999968
21
-79.25
0
LINE
8
BLACK
6
CONTINUOUS
10
121.2909999999999968
20
-79.25
11
121.2422269999999997
21
-79.2451959999999929
0
LINE
8
BLACK
6
CONTINUOUS
10
121.2422269999999997
20
-79.2451959999999929
11
121.1521070000000009
21
-79.2078669999999931
0
LINE
8
BLACK
6
CONTINUOUS
10
121.1521070000000009
20
-79.2078669999999931
11
121.1521019999999993
21
-79.2078619999999916
0
LINE
8
BLACK
6
CONTINUOUS
10
121.1521019999999993
20
-79.2078619999999916
11
121.1142229999999955
21
-79.1767759999999896
0
LINE
8
BLACK
6
CONTINUOUS
10
121.1142229999999955
20
-79.1767759999999896
11
120.2674229999999937
21
-78.329976000000002
0
LINE
8
BLACK
6
CONTINUOUS
10
120.2674229999999937
20
-78.329976000000002
11
120.2131569999999954
21
-78.345911000000001
0
LINE
8
BLACK
6
CONTINUOUS
10
120.2131569999999954
20
-78.345911000000001
11
120.0708429999999964
21
-78.345911000000001
0
LINE
8
BLACK
6
CONTINUOUS
10
120.0708429999999964
20
-78.345911000000001
11
119.9342919999999992
21
-78.305815999999993
0
LINE
8
BLACK
6
CONTINUOUS
10
119.9342919999999992
20
-78.305815999999993
11
119.8145699999999891
21
-78.2288750000000022
0
LINE
8
BLACK
6
CONTINUOUS
10
119.8145699999999891
20
-78.2288750000000022
11
119.7213729999999998
21
-78.1213199999999972
0
LINE
8
BLACK
6
CONTINUOUS
10
119.7213729999999998
20
-78.1213199999999972
11
119.6622539999999901
21
-77.9918660000000017
0
LINE
8
BLACK
6
CONTINUOUS
10
119.6622539999999901
20
-77.9918660000000017
11
119.6419999999999959
21
-77.8509999999999991
0
LINE
8
BLACK
6
CONTINUOUS
10
119.6419999999999959
20
-77.8509999999999991
11
119.6622539999999901
21
-77.7101339999999965
0
LINE
8
BLACK
6
CONTINUOUS
10
119.6622539999999901
20
-77.7101339999999965
11
119.7213729999999998
21
-77.580680000000001
0
LINE
8
BLACK
6
CONTINUOUS
10
119.7213729999999998
20
-77.580680000000001
11
119.8145699999999891
21
-77.473124999999996
0
LINE
8
BLACK
6
CONTINUOUS
10
119.8145699999999891
20
-77.473124999999996
11
119.9342919999999992
21
-77.396183999999991
0
LINE
8
BLACK
6
CONTINUOUS
10
119.9342919999999992
20
-77.396183999999991
11
120.0708429999999964
21
-77.3560889999999972
0
LINE
8
BLACK
6
CONTINUOUS
10
120.0708429999999964
20
-77.3560889999999972
11
120.2131569999999954
21
-77.3560889999999972
0
LINE
8
BLACK
6
CONTINUOUS
10
120.2131569999999954
20
-77.3560889999999972
11
120.3497079999999926
21
-77.396183999999991
0
LINE
8
BLACK
6
CONTINUOUS
10
142.7843869999999811
20
-78.0290789999999959
11
142.8614379999999926
21
-78.0805620000000005
0
LINE
8
BLACK
6
CONTINUOUS
10
142.8614379999999926
20
-78.0805620000000005
11
142.912920999999983
21
-78.1576129999999978
0
LINE
8
BLACK
6
CONTINUOUS
10
142.912920999999983
20
-78.1576129999999978
11
142.9309999999999832
21
-78.2484999999999928
0
LINE
8
BLACK
6
CONTINUOUS
10
142.9309999999999832
20
-78.2484999999999928
11
142.9309999999999832
21
-78.7235000000000014
0
LINE
8
BLACK
6
CONTINUOUS
10
142.9309999999999832
20
-78.7235000000000014
11
142.912920999999983
21
-78.8143869999999964
0
LINE
8
BLACK
6
CONTINUOUS
10
142.912920999999983
20
-78.8143869999999964
11
142.8614379999999926
21
-78.8914379999999937
0
LINE
8
BLACK
6
CONTINUOUS
10
142.8614379999999926
20
-78.8914379999999937
11
142.7843869999999811
21
-78.9429209999999983
0
LINE
8
BLACK
6
CONTINUOUS
10
142.7843869999999811
20
-78.9429209999999983
11
142.6935000000000002
21
-78.9609999999999985
0
LINE
8
BLACK
6
CONTINUOUS
10
142.6935000000000002
20
-78.9609999999999985
11
142.0935000000000059
21
-78.9609999999999985
0
LINE
8
BLACK
6
CONTINUOUS
10
142.0935000000000059
20
-78.9609999999999985
11
142.0026129999999966
21
-78.9429209999999983
0
LINE
8
BLACK
6
CONTINUOUS
10
142.0026129999999966
20
-78.9429209999999983
11
141.9255619999999851
21
-78.8914379999999937
0
LINE
8
BLACK
6
CONTINUOUS
10
141.9255619999999851
20
-78.8914379999999937
11
141.8740789999999947
21
-78.8143869999999964
0
LINE
8
BLACK
6
CONTINUOUS
10
141.8740789999999947
20
-78.8143869999999964
11
141.8559999999999945
21
-78.7235000000000014
0
LINE
8
BLACK
6
CONTINUOUS
10
141.8559999999999945
20
-78.7235000000000014
11
141.8559999999999945
21
-78.6359999999999957
0
LINE
8
BLACK
6
CONTINUOUS
10
141.8559999999999945
20
-78.6359999999999957
11
141.590974999999986
21
-78.6359999999999957
0
LINE
8
BLACK
6
CONTINUOUS
10
141.590974999999986
20
-78.6359999999999957
11
141.5476069999999993
21
-78.721114
0
LINE
8
BLACK
6
CONTINUOUS
10
141.5476069999999993
20
-78.721114
11
141.4591139999999996
21
-78.8096069999999997
0
LINE
8
BLACK
6
CONTINUOUS
10
141.4591139999999996
20
-78.8096069999999997
11
141.3476069999999822
21
-78.8664229999999975
0
LINE
8
BLACK
6
CONTINUOUS
10
141.3476069999999822
20
-78.8664229999999975
11
141.2239999999999895
21
-78.8859999999999957
0
LINE
8
BLACK
6
CONTINUOUS
10
141.2239999999999895
20
-78.8859999999999957
11
141.1003929999999968
21
-78.8664229999999975
0
LINE
8
BLACK
6
CONTINUOUS
10
141.1003929999999968
20
-78.8664229999999975
11
140.9888859999999795
21
-78.8096069999999997
0
LINE
8
BLACK
6
CONTINUOUS
10
140.9888859999999795
20
-78.8096069999999997
11
140.9003929999999798
21
-78.721114
0
LINE
8
BLACK
6
CONTINUOUS
10
140.9003929999999798
20
-78.721114
11
140.843576999999982
21
-78.6096069999999969
0
LINE
8
BLACK
6
CONTINUOUS
10
140.843576999999982
20
-78.6096069999999969
11
140.8239999999999839
21
-78.48599999999999
0
LINE
8
BLACK
6
CONTINUOUS
10
140.8239999999999839
20
-78.48599999999999
11
140.843576999999982
21
-78.3623929999999973
0
LINE
8
BLACK
6
CONTINUOUS
10
140.843576999999982
20
-78.3623929999999973
11
140.9003929999999798
21
-78.2508859999999942
0
LINE
8
BLACK
6
CONTINUOUS
10
140.9003929999999798
20
-78.2508859999999942
11
140.9888859999999795
21
-78.1623929999999945
0
LINE
8
BLACK
6
CONTINUOUS
10
140.9888859999999795
20
-78.1623929999999945
11
141.1003929999999968
21
-78.1055769999999967
0
LINE
8
BLACK
6
CONTINUOUS
10
141.1003929999999968
20
-78.1055769999999967
11
141.2239999999999895
21
-78.0859999999999985
0
LINE
8
BLACK
6
CONTINUOUS
10
141.2239999999999895
20
-78.0859999999999985
11
141.3476069999999822
21
-78.1055769999999967
0
LINE
8
BLACK
6
CONTINUOUS
10
141.3476069999999822
20
-78.1055769999999967
11
141.4591139999999996
21
-78.1623929999999945
0
LINE
8
BLACK
6
CONTINUOUS
10
141.4591139999999996
20
-78.1623929999999945
11
141.5476069999999993
21
-78.2508859999999942
0
LINE
8
BLACK
6
CONTINUOUS
10
141.5476069999999993
20
-78.2508859999999942
11
141.590974999999986
21
-78.3359999999999985
0
LINE
8
BLACK
6
CONTINUOUS
10
141.590974999999986
20
-78.3359999999999985
11
141.8559999999999945
21
-78.3359999999999985
0
LINE
8
BLACK
6
CONTINUOUS
10
141.8559999999999945
20
-78.3359999999999985
11
141.8559999999999945
21
-78.2484999999999928
0
LINE
8
BLACK
6
CONTINUOUS
10
141.8559999999999945
20
-78.2484999999999928
11
141.8740789999999947
21
-78.1576129999999978
0
LINE
8
BLACK
6
CONTINUOUS
10
141.8740789999999947
20
-78.1576129999999978
11
141.9255619999999851
21
-78.0805620000000005
0
LINE
8
BLACK
6
CONTINUOUS
10
141.9255619999999851
20
-78.0805620000000005
11
142.0026129999999966
21
-78.0290789999999959
0
LINE
8
BLACK
6
CONTINUOUS
10
142.0026129999999966
20
-78.0290789999999959
11
142.0935000000000059
21
-78.0109999999999957
0
LINE
8
BLACK
6
CONTINUOUS
10
142.0935000000000059
20
-78.0109999999999957
11
142.6935000000000002
21
-78.0109999999999957
0
LINE
8
BLACK
6
CONTINUOUS
10
142.6935000000000002
20
-78.0109999999999957
11
142.7843869999999811
21
-78.0290789999999959
0
LINE
8
BLACK
6
CONTINUOUS
10
146.0361120000000028
20
-64.281684999999996
11
146.0818669999999884
21
-64.3344889999999907
0
LINE
8
BLACK
6
CONTINUOUS
10
146.0818669999999884
20
-64.3344889999999907
11
146.091811000000007
21
-64.4036469999999923
0
LINE
8
BLACK
6
CONTINUOUS
10
146.091811000000007
20
-64.4036469999999923
11
146.0627859999999885
21
-64.4672029999999978
0
LINE
8
BLACK
6
CONTINUOUS
10
146.0627859999999885
20
-64.4672029999999978
11
146.0427070000000072
21
-64.4857700000000023
0
LINE
8
BLACK
6
CONTINUOUS
10
146.0427070000000072
20
-64.4857700000000023
11
146.007645999999994
21
-64.5116459999999989
0
LINE
8
BLACK
6
CONTINUOUS
10
146.007645999999994
20
-64.5116459999999989
11
145.9293289999999956
21
-64.617761999999999
0
LINE
8
BLACK
6
CONTINUOUS
10
145.9293289999999956
20
-64.617761999999999
11
145.8857720000000029
21
-64.7422370000000029
0
LINE
8
BLACK
6
CONTINUOUS
10
145.8857720000000029
20
-64.7422370000000029
11
145.8857699999999795
21
-64.742249000000001
0
LINE
8
BLACK
6
CONTINUOUS
10
145.8857699999999795
20
-64.742249000000001
11
145.8829999999999814
21
-64.7717909999999932
0
LINE
8
BLACK
6
CONTINUOUS
10
145.8829999999999814
20
-64.7717909999999932
11
145.8829999999999814
21
-64.8744999999999976
0
LINE
8
BLACK
6
CONTINUOUS
10
145.8829999999999814
20
-64.8744999999999976
11
146.0829999999999984
21
-64.8744999999999976
0
LINE
8
BLACK
6
CONTINUOUS
10
146.0829999999999984
20
-64.8744999999999976
11
146.0829999999999984
21
-64.8245000000000005
0
LINE
8
BLACK
6
CONTINUOUS
10
146.0829999999999984
20
-64.8245000000000005
11
146.1010789999999986
21
-64.7336129999999912
0
LINE
8
BLACK
6
CONTINUOUS
10
146.1010789999999986
20
-64.7336129999999912
11
146.152561999999989
21
-64.6565619999999939
0
LINE
8
BLACK
6
CONTINUOUS
10
146.152561999999989
20
-64.6565619999999939
11
146.2296130000000005
21
-64.6050790000000035
0
LINE
8
BLACK
6
CONTINUOUS
10
146.2296130000000005
20
-64.6050790000000035
11
146.3204999999999814
21
-64.5870000000000033
0
LINE
8
BLACK
6
CONTINUOUS
10
146.3204999999999814
20
-64.5870000000000033
11
146.7955000000000041
21
-64.5870000000000033
0
LINE
8
BLACK
6
CONTINUOUS
10
146.7955000000000041
20
-64.5870000000000033
11
146.8863869999999849
21
-64.6050790000000035
0
LINE
8
BLACK
6
CONTINUOUS
10
146.8863869999999849
20
-64.6050790000000035
11
146.9634379999999965
21
-64.6565619999999939
0
LINE
8
BLACK
6
CONTINUOUS
10
146.9634379999999965
20
-64.6565619999999939
11
147.0149209999999869
21
-64.7336129999999912
0
LINE
8
BLACK
6
CONTINUOUS
10
147.0149209999999869
20
-64.7336129999999912
11
147.032999999999987
21
-64.8245000000000005
0
LINE
8
BLACK
6
CONTINUOUS
10
147.032999999999987
20
-64.8245000000000005
11
147.032999999999987
21
-64.8744999999999976
0
LINE
8
BLACK
6
CONTINUOUS
10
147.032999999999987
20
-64.8744999999999976
11
147.2330000000000041
21
-64.8744999999999976
0
LINE
8
BLACK
6
CONTINUOUS
10
147.2330000000000041
20
-64.8744999999999976
11
147.2330000000000041
21
-64.8311889999999948
0
LINE
8
BLACK
6
CONTINUOUS
10
147.2330000000000041
20
-64.8311889999999948
11
147.2526849999999854
21
-64.7641500000000008
0
LINE
8
BLACK
6
CONTINUOUS
10
147.2526849999999854
20
-64.7641500000000008
11
147.3054889999999943
21
-64.718395000000001
0
LINE
8
BLACK
6
CONTINUOUS
10
147.3054889999999943
20
-64.718395000000001
11
147.3746469999999817
21
-64.7084509999999966
0
LINE
8
BLACK
6
CONTINUOUS
10
147.3746469999999817
20
-64.7084509999999966
11
147.4382029999999872
21
-64.7374760000000009
0
LINE
8
BLACK
6
CONTINUOUS
10
147.4382029999999872
20
-64.7374760000000009
11
147.4446810000000028
21
-64.7435079999999914
0
LINE
8
BLACK
6
CONTINUOUS
10
147.4446810000000028
20
-64.7435079999999914
11
147.624180999999993
21
-64.9230079999999958
0
LINE
8
BLACK
6
CONTINUOUS
10
147.624180999999993
20
-64.9230079999999958
11
147.6576660000000061
21
-64.9843309999999974
0
LINE
8
BLACK
6
CONTINUOUS
10
147.6576660000000061
20
-64.9843309999999974
11
147.6604999999999848
21
-65.0106889999999993
0
LINE
8
BLACK
6
CONTINUOUS
10
147.6604999999999848
20
-65.0106889999999993
11
147.6604999999999848
21
-65.4772600000000011
0
LINE
8
BLACK
6
CONTINUOUS
10
147.6604999999999848
20
-65.4772600000000011
11
147.6632740000000013
21
-65.5068490000000025
0
LINE
8
BLACK
6
CONTINUOUS
10
147.6632740000000013
20
-65.5068490000000025
11
147.7068840000000023
21
-65.6314759999999922
0
LINE
8
BLACK
6
CONTINUOUS
10
147.7068840000000023
20
-65.6314759999999922
11
147.78528799999998
21
-65.7377099999999928
0
LINE
8
BLACK
6
CONTINUOUS
10
147.78528799999998
20
-65.7377099999999928
11
147.7852890000000059
21
-65.7377109999999902
0
LINE
8
BLACK
6
CONTINUOUS
10
147.7852890000000059
20
-65.7377109999999902
11
147.8915230000000065
21
-65.8161149999999964
0
LINE
8
BLACK
6
CONTINUOUS
10
147.8915230000000065
20
-65.8161149999999964
11
147.891524000000004
21
-65.8161149999999964
0
LINE
8
BLACK
6
CONTINUOUS
10
147.891524000000004
20
-65.8161149999999964
11
147.8915250000000015
21
-65.8161159999999938
0
LINE
8
BLACK
6
CONTINUOUS
10
147.8915250000000015
20
-65.8161159999999938
11
148.0161509999999794
21
-65.8597249999999974
0
LINE
8
BLACK
6
CONTINUOUS
10
148.0161509999999794
20
-65.8597249999999974
11
148.0161499999999819
21
-65.8597249999999974
0
LINE
8
BLACK
6
CONTINUOUS
10
148.0161499999999819
20
-65.8597249999999974
11
148.045739999999995
21
-65.8624999999999972
0
LINE
8
BLACK
6
CONTINUOUS
10
148.045739999999995
20
-65.8624999999999972
11
148.0457439999999849
21
-65.8624999999999972
0
LINE
8
BLACK
6
CONTINUOUS
10
148.0457439999999849
20
-65.8624999999999972
11
148.626260000000002
21
-65.8624999999999972
0
LINE
8
BLACK
6
CONTINUOUS
10
148.626260000000002
20
-65.8624999999999972
11
148.6558489999999892
21
-65.8597249999999974
0
LINE
8
BLACK
6
CONTINUOUS
10
148.6558489999999892
20
-65.8597249999999974
11
148.6783570000000054
21
-65.8518490000000014
0
LINE
8
BLACK
6
CONTINUOUS
10
148.6783570000000054
20
-65.8518490000000014
11
148.7804749999999956
21
-65.8161159999999938
0
LINE
8
BLACK
6
CONTINUOUS
10
148.7804749999999956
20
-65.8161159999999938
11
148.8867109999999911
21
-65.7377109999999902
0
LINE
8
BLACK
6
CONTINUOUS
10
148.8867109999999911
20
-65.7377109999999902
11
148.9651159999999948
21
-65.6314749999999947
0
LINE
8
BLACK
6
CONTINUOUS
10
148.9651159999999948
20
-65.6314749999999947
11
149.0087249999999983
21
-65.5068490000000025
0
LINE
8
BLACK
6
CONTINUOUS
10
149.0087249999999983
20
-65.5068490000000025
11
149.0114999999999839
21
-65.477255999999997
0
LINE
8
BLACK
6
CONTINUOUS
10
149.0114999999999839
20
-65.477255999999997
11
149.0114999999999839
21
-65.4772079999999903
0
LINE
8
BLACK
6
CONTINUOUS
10
149.0114999999999839
20
-65.4772079999999903
11
149.0114999999999839
21
-65.2417909999999921
0
LINE
8
BLACK
6
CONTINUOUS
10
149.0114999999999839
20
-65.2417909999999921
11
149.0114999999999839
21
-64.8717439999999925
0
LINE
8
BLACK
6
CONTINUOUS
10
149.0114999999999839
20
-64.8717439999999925
11
149.0103770000000054
21
-64.8597719999999924
0
LINE
8
BLACK
6
CONTINUOUS
10
149.0103770000000054
20
-64.8597719999999924
11
149.0087249999999983
21
-64.8421500000000037
0
LINE
8
BLACK
6
CONTINUOUS
10
149.0087249999999983
20
-64.8421500000000037
11
148.9651149999999973
21
-64.7175229999999999
0
LINE
8
BLACK
6
CONTINUOUS
10
148.9651149999999973
20
-64.7175229999999999
11
148.8867109999999911
21
-64.6112889999999993
0
LINE
8
BLACK
6
CONTINUOUS
10
148.8867109999999911
20
-64.6112889999999993
11
148.8867099999999937
21
-64.6112880000000018
0
LINE
8
BLACK
6
CONTINUOUS
10
148.8867099999999937
20
-64.6112880000000018
11
148.7804749999999956
21
-64.5328839999999957
0
LINE
8
BLACK
6
CONTINUOUS
10
148.7804749999999956
20
-64.5328839999999957
11
148.6951909999999941
21
-64.5030409999999961
0
LINE
8
BLACK
6
CONTINUOUS
10
148.6951909999999941
20
-64.5030409999999961
11
148.6384149999999806
21
-64.4623189999999937
0
LINE
8
BLACK
6
CONTINUOUS
10
148.6384149999999806
20
-64.4623189999999937
11
148.6126679999999851
21
-64.397365999999991
0
LINE
8
BLACK
6
CONTINUOUS
10
148.6126679999999851
20
-64.397365999999991
11
148.6261250000000018
21
-64.3288050000000027
0
LINE
8
BLACK
6
CONTINUOUS
10
148.6261250000000018
20
-64.3288050000000027
11
148.6745119999999929
21
-64.2784019999999998
0
LINE
8
BLACK
6
CONTINUOUS
10
148.6745119999999929
20
-64.2784019999999998
11
148.7361459999999909
21
-64.2620000000000005
0
LINE
8
BLACK
6
CONTINUOUS
10
148.7361459999999909
20
-64.2620000000000005
11
149.5250729999999919
21
-64.2620000000000005
0
LINE
8
BLACK
6
CONTINUOUS
10
149.5250729999999919
20
-64.2620000000000005
11
149.592111999999986
21
-64.281684999999996
0
LINE
8
BLACK
6
CONTINUOUS
10
149.592111999999986
20
-64.281684999999996
11
149.637867
21
-64.3344889999999907
0
LINE
8
BLACK
6
CONTINUOUS
10
149.637867
20
-64.3344889999999907
11
149.6478109999999901
21
-64.4036469999999923
0
LINE
8
BLACK
6
CONTINUOUS
10
149.6478109999999901
20
-64.4036469999999923
11
149.6187860000000001
21
-64.4672029999999978
0
LINE
8
BLACK
6
CONTINUOUS
10
149.6187860000000001
20
-64.4672029999999978
11
149.5987069999999903
21
-64.4857700000000023
0
LINE
8
BLACK
6
CONTINUOUS
10
149.5987069999999903
20
-64.4857700000000023
11
149.5636460000000056
21
-64.5116459999999989
0
LINE
8
BLACK
6
CONTINUOUS
10
149.5636460000000056
20
-64.5116459999999989
11
149.4853290000000072
21
-64.617761999999999
0
LINE
8
BLACK
6
CONTINUOUS
10
149.4853290000000072
20
-64.617761999999999
11
149.4417719999999861
21
-64.7422370000000029
0
LINE
8
BLACK
6
CONTINUOUS
10
149.4417719999999861
20
-64.7422370000000029
11
149.4417699999999911
21
-64.742249000000001
0
LINE
8
BLACK
6
CONTINUOUS
10
149.4417699999999911
20
-64.742249000000001
11
149.438999999999993
21
-64.7717909999999932
0
LINE
8
BLACK
6
CONTINUOUS
10
149.438999999999993
20
-64.7717909999999932
11
149.438999999999993
21
-64.8744999999999976
0
LINE
8
BLACK
6
CONTINUOUS
10
149.438999999999993
20
-64.8744999999999976
11
149.6389999999999816
21
-64.8744999999999976
0
LINE
8
BLACK
6
CONTINUOUS
10
149.6389999999999816
20
-64.8744999999999976
11
149.6389999999999816
21
-64.8245000000000005
0
LINE
8
BLACK
6
CONTINUOUS
10
149.6389999999999816
20
-64.8245000000000005
11
149.6570789999999818
21
-64.7336129999999912
0
LINE
8
BLACK
6
CONTINUOUS
10
149.6570789999999818
20
-64.7336129999999912
11
149.7085620000000006
21
-64.6565619999999939
0
LINE
8
BLACK
6
CONTINUOUS
10
149.7085620000000006
20
-64.6565619999999939
11
149.7856129999999837
21
-64.6050790000000035
0
LINE
8
BLACK
6
CONTINUOUS
10
149.7856129999999837
20
-64.6050790000000035
11
149.876499999999993
21
-64.5870000000000033
0
LINE
8
BLACK
6
CONTINUOUS
10
149.876499999999993
20
-64.5870000000000033
11
150.3514999999999873
21
-64.5870000000000033
0
LINE
8
BLACK
6
CONTINUOUS
10
150.3514999999999873
20
-64.5870000000000033
11
150.4423869999999965
21
-64.6050790000000035
0
LINE
8
BLACK
6
CONTINUOUS
10
150.4423869999999965
20
-64.6050790000000035
11
150.5194379999999796
21
-64.6565619999999939
0
LINE
8
BLACK
6
CONTINUOUS
10
150.5194379999999796
20
-64.6565619999999939
11
150.5709209999999985
21
-64.7336129999999912
0
LINE
8
BLACK
6
CONTINUOUS
10
150.5709209999999985
20
-64.7336129999999912
11
150.5889999999999986
21
-64.8245000000000005
0
LINE
8
BLACK
6
CONTINUOUS
10
150.5889999999999986
20
-64.8245000000000005
11
150.5889999999999986
21
-64.8744999999999976
0
LINE
8
BLACK
6
CONTINUOUS
10
150.5889999999999986
20
-64.8744999999999976
11
150.7889999999999873
21
-64.8744999999999976
0
LINE
8
BLACK
6
CONTINUOUS
10
150.7889999999999873
20
-64.8744999999999976
11
150.7889999999999873
21
-64.7717909999999932
0
LINE
8
BLACK
6
CONTINUOUS
10
150.7889999999999873
20
-64.7717909999999932
11
150.7862289999999916
21
-64.742249000000001
0
LINE
8
BLACK
6
CONTINUOUS
10
150.7862289999999916
20
-64.742249000000001
11
150.7862269999999967
21
-64.7422370000000029
0
LINE
8
BLACK
6
CONTINUOUS
10
150.7862269999999967
20
-64.7422370000000029
11
150.7426700000000039
21
-64.617761999999999
0
LINE
8
BLACK
6
CONTINUOUS
10
150.7426700000000039
20
-64.617761999999999
11
150.6643530000000055
21
-64.5116459999999989
0
LINE
8
BLACK
6
CONTINUOUS
10
150.6643530000000055
20
-64.5116459999999989
11
150.6292929999999899
21
-64.4857700000000023
0
LINE
8
BLACK
6
CONTINUOUS
10
150.6292929999999899
20
-64.4857700000000023
11
150.5870419999999967
21
-64.4301219999999972
0
LINE
8
BLACK
6
CONTINUOUS
10
150.5870419999999967
20
-64.4301219999999972
11
150.5815839999999923
21
-64.3604660000000024
0
LINE
8
BLACK
6
CONTINUOUS
10
150.5815839999999923
20
-64.3604660000000024
11
150.6146520000000066
21
-64.298917000000003
0
LINE
8
BLACK
6
CONTINUOUS
10
150.6146520000000066
20
-64.298917000000003
11
150.6757460000000037
21
-64.2650160000000028
0
LINE
8
BLACK
6
CONTINUOUS
10
150.6757460000000037
20
-64.2650160000000028
11
150.7029269999999883
21
-64.2620000000000005
0
LINE
8
BLACK
6
CONTINUOUS
10
150.7029269999999883
20
-64.2620000000000005
11
151.8110729999999933
21
-64.2620000000000005
0
LINE
8
BLACK
6
CONTINUOUS
10
151.8110729999999933
20
-64.2620000000000005
11
151.8781119999999873
21
-64.281684999999996
0
LINE
8
BLACK
6
CONTINUOUS
10
151.8781119999999873
20
-64.281684999999996
11
151.9238670000000013
21
-64.3344889999999907
0
LINE
8
BLACK
6
CONTINUOUS
10
151.9238670000000013
20
-64.3344889999999907
11
151.9338109999999915
21
-64.4036469999999923
0
LINE
8
BLACK
6
CONTINUOUS
10
151.9338109999999915
20
-64.4036469999999923
11
151.9047860000000014
21
-64.4672029999999978
0
LINE
8
BLACK
6
CONTINUOUS
10
151.9047860000000014
20
-64.4672029999999978
11
151.8847069999999917
21
-64.4857700000000023
0
LINE
8
BLACK
6
CONTINUOUS
10
151.8847069999999917
20
-64.4857700000000023
11
151.849646000000007
21
-64.5116459999999989
0
LINE
8
BLACK
6
CONTINUOUS
10
151.849646000000007
20
-64.5116459999999989
11
151.7713289999999802
21
-64.617761999999999
0
LINE
8
BLACK
6
CONTINUOUS
10
151.7713289999999802
20
-64.617761999999999
11
151.7277719999999874
21
-64.7422370000000029
0
LINE
8
BLACK
6
CONTINUOUS
10
151.7277719999999874
20
-64.7422370000000029
11
151.7277699999999925
21
-64.742249000000001
0
LINE
8
BLACK
6
CONTINUOUS
10
151.7277699999999925
20
-64.742249000000001
11
151.7249999999999943
21
-64.7717909999999932
0
LINE
8
BLACK
6
CONTINUOUS
10
151.7249999999999943
20
-64.7717909999999932
11
151.7249999999999943
21
-64.8744999999999976
0
LINE
8
BLACK
6
CONTINUOUS
10
151.7249999999999943
20
-64.8744999999999976
11
151.9249999999999829
21
-64.8744999999999976
0
LINE
8
BLACK
6
CONTINUOUS
10
151.9249999999999829
20
-64.8744999999999976
11
151.9249999999999829
21
-64.8245000000000005
0
LINE
8
BLACK
6
CONTINUOUS
10
151.9249999999999829
20
-64.8245000000000005
11
151.9430789999999831
21
-64.7336129999999912
0
LINE
8
BLACK
6
CONTINUOUS
10
151.9430789999999831
20
-64.7336129999999912
11
151.9945620000000019
21
-64.6565619999999939
0
LINE
8
BLACK
6
CONTINUOUS
10
151.9945620000000019
20
-64.6565619999999939
11
152.071612999999985
21
-64.6050790000000035
0
LINE
8
BLACK
6
CONTINUOUS
10
152.071612999999985
20
-64.6050790000000035
11
152.1624999999999943
21
-64.5870000000000033
0
LINE
8
BLACK
6
CONTINUOUS
10
152.1624999999999943
20
-64.5870000000000033
11
152.6374999999999886
21
-64.5870000000000033
0
LINE
8
BLACK
6
CONTINUOUS
10
152.6374999999999886
20
-64.5870000000000033
11
152.7283869999999979
21
-64.6050790000000035
0
LINE
8
BLACK
6
CONTINUOUS
10
152.7283869999999979
20
-64.6050790000000035
11
152.805437999999981
21
-64.6565619999999939
0
LINE
8
BLACK
6
CONTINUOUS
10
152.805437999999981
20
-64.6565619999999939
11
152.8569209999999998
21
-64.7336129999999912
0
LINE
8
BLACK
6
CONTINUOUS
10
152.8569209999999998
20
-64.7336129999999912
11
152.875
21
-64.8245000000000005
0
LINE
8
BLACK
6
CONTINUOUS
10
152.875
20
-64.8245000000000005
11
152.875
21
-64.8744999999999976
0
LINE
8
BLACK
6
CONTINUOUS
10
152.875
20
-64.8744999999999976
11
153.0749999999999886
21
-64.8744999999999976
0
LINE
8
BLACK
6
CONTINUOUS
10
153.0749999999999886
20
-64.8744999999999976
11
153.0749999999999886
21
-64.7717909999999932
0
LINE
8
BLACK
6
CONTINUOUS
10
153.0749999999999886
20
-64.7717909999999932
11
153.072228999999993
21
-64.742249000000001
0
LINE
8
BLACK
6
CONTINUOUS
10
153.072228999999993
20
-64.742249000000001
11
153.072226999999998
21
-64.7422370000000029
0
LINE
8
BLACK
6
CONTINUOUS
10
153.072226999999998
20
-64.7422370000000029
11
153.0286700000000053
21
-64.617761999999999
0
LINE
8
BLACK
6
CONTINUOUS
10
153.0286700000000053
20
-64.617761999999999
11
152.9503530000000069
21
-64.5116459999999989
0
LINE
8
BLACK
6
CONTINUOUS
10
152.9503530000000069
20
-64.5116459999999989
11
152.9152929999999913
21
-64.4857700000000023
0
LINE
8
BLACK
6
CONTINUOUS
10
152.9152929999999913
20
-64.4857700000000023
11
152.8730419999999981
21
-64.4301219999999972
0
LINE
8
BLACK
6
CONTINUOUS
10
152.8730419999999981
20
-64.4301219999999972
11
152.8675839999999937
21
-64.3604660000000024
0
LINE
8
BLACK
6
CONTINUOUS
10
152.8675839999999937
20
-64.3604660000000024
11
152.9006519999999796
21
-64.298917000000003
0
LINE
8
BLACK
6
CONTINUOUS
10
152.9006519999999796
20
-64.298917000000003
11
152.9617460000000051
21
-64.2650160000000028
0
LINE
8
BLACK
6
CONTINUOUS
10
152.9617460000000051
20
-64.2650160000000028
11
152.9889269999999897
21
-64.2620000000000005
0
LINE
8
BLACK
6
CONTINUOUS
10
152.9889269999999897
20
-64.2620000000000005
11
156.0859999999999843
21
-64.2620000000000005
0
LINE
8
BLACK
6
CONTINUOUS
10
156.0859999999999843
20
-64.2620000000000005
11
156.1530390000000068
21
-64.281684999999996
0
LINE
8
BLACK
6
CONTINUOUS
10
156.1530390000000068
20
-64.281684999999996
11
156.1987939999999924
21
-64.3344889999999907
0
LINE
8
BLACK
6
CONTINUOUS
10
156.1987939999999924
20
-64.3344889999999907
11
156.2099999999999795
21
-64.3859999999999957
0
LINE
8
BLACK
6
CONTINUOUS
10
156.2099999999999795
20
-64.3859999999999957
11
156.2099999999999795
21
-64.7615479999999906
0
LINE
8
BLACK
6
CONTINUOUS
10
156.2099999999999795
20
-64.7615479999999906
11
156.1903149999999982
21
-64.8285869999999989
0
LINE
8
BLACK
6
CONTINUOUS
10
156.1903149999999982
20
-64.8285869999999989
11
156.1375109999999893
21
-64.8743419999999986
0
LINE
8
BLACK
6
CONTINUOUS
10
156.1375109999999893
20
-64.8743419999999986
11
156.1269549999999811
21
-64.878588999999991
0
LINE
8
BLACK
6
CONTINUOUS
10
156.1269549999999811
20
-64.878588999999991
11
156.0575240000000008
21
-64.9028840000000002
0
LINE
8
BLACK
6
CONTINUOUS
10
156.0575240000000008
20
-64.9028840000000002
11
156.0575230000000033
21
-64.9028840000000002
0
LINE
8
BLACK
6
CONTINUOUS
10
156.0575230000000033
20
-64.9028840000000002
11
155.9512890000000027
21
-64.9812879999999922
0
LINE
8
BLACK
6
CONTINUOUS
10
155.9512890000000027
20
-64.9812879999999922
11
155.9512880000000052
21
-64.9812890000000039
0
LINE
8
BLACK
6
CONTINUOUS
10
155.9512880000000052
20
-64.9812890000000039
11
155.8728839999999991
21
-65.0875229999999902
0
LINE
8
BLACK
6
CONTINUOUS
10
155.8728839999999991
20
-65.0875229999999902
11
155.8292739999999981
21
-65.2121499999999941
0
LINE
8
BLACK
6
CONTINUOUS
10
155.8292739999999981
20
-65.2121499999999941
11
155.8264999999999816
21
-65.2417389999999955
0
LINE
8
BLACK
6
CONTINUOUS
10
155.8264999999999816
20
-65.2417389999999955
11
155.8264999999999816
21
-65.82226
0
LINE
8
BLACK
6
CONTINUOUS
10
155.8264999999999816
20
-65.82226
11
155.8292739999999981
21
-65.8518490000000014
0
LINE
8
BLACK
6
CONTINUOUS
10
155.8292739999999981
20
-65.8518490000000014
11
155.8728839999999991
21
-65.976475999999991
0
LINE
8
BLACK
6
CONTINUOUS
10
155.8728839999999991
20
-65.976475999999991
11
155.9251899999999864
21
-66.0473479999999995
0
LINE
8
BLACK
6
CONTINUOUS
10
155.9251899999999864
20
-66.0473479999999995
11
155.9512890000000027
21
-66.0827110000000033
0
LINE
8
BLACK
6
CONTINUOUS
10
155.9512890000000027
20
-66.0827110000000033
11
156.0575249999999983
21
-66.1611159999999927
0
LINE
8
BLACK
6
CONTINUOUS
10
156.0575249999999983
20
-66.1611159999999927
11
156.1156239999999968
21
-66.181445999999994
0
LINE
8
BLACK
6
CONTINUOUS
10
156.1156239999999968
20
-66.181445999999994
11
156.1269549999999811
21
-66.185411000000002
0
LINE
8
BLACK
6
CONTINUOUS
10
156.1269549999999811
20
-66.185411000000002
11
156.1837309999999945
21
-66.2261319999999927
0
LINE
8
BLACK
6
CONTINUOUS
10
156.1837309999999945
20
-66.2261319999999927
11
156.2094779999999901
21
-66.2910849999999954
0
LINE
8
BLACK
6
CONTINUOUS
10
156.2094779999999901
20
-66.2910849999999954
11
156.2099999999999795
21
-66.3024520000000024
0
LINE
8
BLACK
6
CONTINUOUS
10
156.2099999999999795
20
-66.3024520000000024
11
156.2099999999999795
21
-75.5098780000000005
0
LINE
8
BLACK
6
CONTINUOUS
10
156.2099999999999795
20
-75.5098780000000005
11
156.1903149999999982
21
-75.5769169999999946
0
LINE
8
BLACK
6
CONTINUOUS
10
156.1903149999999982
20
-75.5769169999999946
11
156.1375109999999893
21
-75.6226719999999943
0
LINE
8
BLACK
6
CONTINUOUS
10
156.1375109999999893
20
-75.6226719999999943
11
156.0683530000000019
21
-75.6326159999999987
0
LINE
8
BLACK
6
CONTINUOUS
10
156.0683530000000019
20
-75.6326159999999987
11
156.04504799999998
21
-75.6269199999999984
0
LINE
8
BLACK
6
CONTINUOUS
10
156.04504799999998
20
-75.6269199999999984
11
156.0217639999999903
21
-75.6187729999999902
0
LINE
8
BLACK
6
CONTINUOUS
10
156.0217639999999903
20
-75.6187729999999902
11
156.0217499999999973
21
-75.6187699999999978
0
LINE
8
BLACK
6
CONTINUOUS
10
156.0217499999999973
20
-75.6187699999999978
11
155.9922080000000051
21
-75.6159999999999997
0
LINE
8
BLACK
6
CONTINUOUS
10
155.9922080000000051
20
-75.6159999999999997
11
155.9519999999999982
21
-75.6159999999999997
0
LINE
8
BLACK
6
CONTINUOUS
10
155.9519999999999982
20
-75.6159999999999997
11
155.9519999999999982
21
-75.8184859999999929
0
LINE
8
BLACK
6
CONTINUOUS
10
155.9519999999999982
20
-75.8184859999999929
11
156.0303869999999904
21
-75.8340790000000027
0
LINE
8
BLACK
6
CONTINUOUS
10
156.0303869999999904
20
-75.8340790000000027
11
156.1074380000000019
21
-75.8855619999999931
0
LINE
8
BLACK
6
CONTINUOUS
10
156.1074380000000019
20
-75.8855619999999931
11
156.1589209999999923
21
-75.9626129999999904
0
LINE
8
BLACK
6
CONTINUOUS
10
156.1589209999999923
20
-75.9626129999999904
11
156.1769999999999925
21
-76.0534999999999997
0
LINE
8
BLACK
6
CONTINUOUS
10
156.1769999999999925
20
-76.0534999999999997
11
156.1769999999999925
21
-76.653499999999994
0
LINE
8
BLACK
6
CONTINUOUS
10
156.1769999999999925
20
-76.653499999999994
11
156.1589209999999923
21
-76.7443870000000032
0
LINE
8
BLACK
6
CONTINUOUS
10
156.1589209999999923
20
-76.7443870000000032
11
156.1074380000000019
21
-76.8214380000000006
0
LINE
8
BLACK
6
CONTINUOUS
10
156.1074380000000019
20
-76.8214380000000006
11
156.0303869999999904
21
-76.872920999999991
0
LINE
8
BLACK
6
CONTINUOUS
10
156.0303869999999904
20
-76.872920999999991
11
155.9519999999999982
21
-76.8885130000000032
0
LINE
8
BLACK
6
CONTINUOUS
10
155.9519999999999982
20
-76.8885130000000032
11
155.9519999999999982
21
-77.090999999999994
0
LINE
8
BLACK
6
CONTINUOUS
10
155.9519999999999982
20
-77.090999999999994
11
155.9922080000000051
21
-77.090999999999994
0
LINE
8
BLACK
6
CONTINUOUS
10
155.9922080000000051
20
-77.090999999999994
11
156.0217499999999973
21
-77.0882289999999983
0
LINE
8
BLACK
6
CONTINUOUS
10
156.0217499999999973
20
-77.0882289999999983
11
156.021759000000003
21
-77.0882270000000034
0
LINE
8
BLACK
6
CONTINUOUS
10
156.021759000000003
20
-77.0882270000000034
11
156.0450439999999901
21
-77.0800799999999953
0
LINE
8
BLACK
6
CONTINUOUS
10
156.0450439999999901
20
-77.0800799999999953
11
156.1148230000000012
21
-77.0765169999999955
0
LINE
8
BLACK
6
CONTINUOUS
10
156.1148230000000012
20
-77.0765169999999955
11
156.1754509999999811
21
-77.1112459999999942
0
LINE
8
BLACK
6
CONTINUOUS
10
156.1754509999999811
20
-77.1112459999999942
11
156.2076779999999872
21
-77.1732389999999953
0
LINE
8
BLACK
6
CONTINUOUS
10
156.2076779999999872
20
-77.1732389999999953
11
156.2099999999999795
21
-77.1971209999999957
0
LINE
8
BLACK
6
CONTINUOUS
10
156.2099999999999795
20
-77.1971209999999957
11
156.2099999999999795
21
-77.2343499999999921
0
LINE
8
BLACK
6
CONTINUOUS
10
156.2099999999999795
20
-77.2343499999999921
11
156.1903149999999982
21
-77.3013890000000004
0
LINE
8
BLACK
6
CONTINUOUS
10
156.1903149999999982
20
-77.3013890000000004
11
156.1375109999999893
21
-77.3471440000000001
0
LINE
8
BLACK
6
CONTINUOUS
10
156.1375109999999893
20
-77.3471440000000001
11
156.0683530000000019
21
-77.3570879999999903
0
LINE
8
BLACK
6
CONTINUOUS
10
156.0683530000000019
20
-77.3570879999999903
11
156.0450439999999901
21
-77.3513909999999925
0
LINE
8
BLACK
6
CONTINUOUS
10
156.0450439999999901
20
-77.3513909999999925
11
156.0218480000000056
21
-77.3432739999999939
0
LINE
8
BLACK
6
CONTINUOUS
10
156.0218480000000056
20
-77.3432739999999939
11
156.0218490000000031
21
-77.3432739999999939
0
LINE
8
BLACK
6
CONTINUOUS
10
156.0218490000000031
20
-77.3432739999999939
11
155.9922599999999875
21
-77.3404999999999916
0
LINE
8
BLACK
6
CONTINUOUS
10
155.9922599999999875
20
-77.3404999999999916
11
155.9922559999999976
21
-77.3404999999999916
0
LINE
8
BLACK
6
CONTINUOUS
10
155.9922559999999976
20
-77.3404999999999916
11
155.4117439999999988
21
-77.3404999999999916
0
LINE
8
BLACK
6
CONTINUOUS
10
155.4117439999999988
20
-77.3404999999999916
11
155.4117399999999805
21
-77.3404999999999916
0
LINE
8
BLACK
6
CONTINUOUS
10
155.4117399999999805
20
-77.3404999999999916
11
155.3821499999999958
21
-77.3432739999999939
0
LINE
8
BLACK
6
CONTINUOUS
10
155.3821499999999958
20
-77.3432739999999939
11
155.257522999999992
21
-77.3868839999999949
0
LINE
8
BLACK
6
CONTINUOUS
10
155.257522999999992
20
-77.3868839999999949
11
155.1512889999999913
21
-77.465288000000001
0
LINE
8
BLACK
6
CONTINUOUS
10
155.1512889999999913
20
-77.465288000000001
11
155.1512879999999939
21
-77.4652889999999985
0
LINE
8
BLACK
6
CONTINUOUS
10
155.1512879999999939
20
-77.4652889999999985
11
155.0728839999999877
21
-77.5715229999999991
0
LINE
8
BLACK
6
CONTINUOUS
10
155.0728839999999877
20
-77.5715229999999991
11
155.0292739999999867
21
-77.6961500000000029
0
LINE
8
BLACK
6
CONTINUOUS
10
155.0292739999999867
20
-77.6961500000000029
11
155.0264999999999986
21
-77.7257389999999901
0
LINE
8
BLACK
6
CONTINUOUS
10
155.0264999999999986
20
-77.7257389999999901
11
155.0264999999999986
21
-78.4312599999999946
0
LINE
8
BLACK
6
CONTINUOUS
10
155.0264999999999986
20
-78.4312599999999946
11
155.0292739999999867
21
-78.4608489999999961
0
LINE
8
BLACK
6
CONTINUOUS
10
155.0292739999999867
20
-78.4608489999999961
11
155.0292739999999867
21
-78.460850999999991
0
LINE
8
BLACK
6
CONTINUOUS
10
155.0292739999999867
20
-78.460850999999991
11
155.0692339999999945
21
-78.5750450000000029
0
LINE
8
BLACK
6
CONTINUOUS
10
155.0692339999999945
20
-78.5750450000000029
11
155.07279699999998
21
-78.6448230000000024
0
LINE
8
BLACK
6
CONTINUOUS
10
155.07279699999998
20
-78.6448230000000024
11
155.0380679999999813
21
-78.7054509999999965
0
LINE
8
BLACK
6
CONTINUOUS
10
155.0380679999999813
20
-78.7054509999999965
11
154.9760749999999803
21
-78.7376780000000025
0
LINE
8
BLACK
6
CONTINUOUS
10
154.9760749999999803
20
-78.7376780000000025
11
154.9521929999999941
21
-78.7399999999999949
0
LINE
8
BLACK
6
CONTINUOUS
10
154.9521929999999941
20
-78.7399999999999949
11
154.6918239999999969
21
-78.7399999999999949
0
LINE
8
BLACK
6
CONTINUOUS
10
154.6918239999999969
20
-78.7399999999999949
11
154.6247850000000028
21
-78.7203149999999994
0
LINE
8
BLACK
6
CONTINUOUS
10
154.6247850000000028
20
-78.7203149999999994
11
154.5790299999999888
21
-78.6675109999999904
0
LINE
8
BLACK
6
CONTINUOUS
10
154.5790299999999888
20
-78.6675109999999904
11
154.5690859999999986
21
-78.598353000000003
0
LINE
8
BLACK
6
CONTINUOUS
10
154.5690859999999986
20
-78.598353000000003
11
154.5747829999999965
21
-78.5750439999999912
0
LINE
8
BLACK
6
CONTINUOUS
10
154.5747829999999965
20
-78.5750439999999912
11
154.596226999999999
21
-78.5137589999999932
0
LINE
8
BLACK
6
CONTINUOUS
10
154.596226999999999
20
-78.5137589999999932
11
154.5962289999999939
21
-78.5137500000000017
0
LINE
8
BLACK
6
CONTINUOUS
10
154.5962289999999939
20
-78.5137500000000017
11
154.5989999999999895
21
-78.4842079999999953
0
LINE
8
BLACK
6
CONTINUOUS
10
154.5989999999999895
20
-78.4842079999999953
11
154.5989999999999895
21
-78.3815000000000026
0
LINE
8
BLACK
6
CONTINUOUS
10
154.5989999999999895
20
-78.3815000000000026
11
154.3990000000000009
21
-78.3815000000000026
0
LINE
8
BLACK
6
CONTINUOUS
10
154.3990000000000009
20
-78.3815000000000026
11
154.3990000000000009
21
-78.4314999999999998
0
LINE
8
BLACK
6
CONTINUOUS
10
154.3990000000000009
20
-78.4314999999999998
11
154.3809210000000007
21
-78.5223869999999948
0
LINE
8
BLACK
6
CONTINUOUS
10
154.3809210000000007
20
-78.5223869999999948
11
154.3294379999999819
21
-78.5994379999999921
0
LINE
8
BLACK
6
CONTINUOUS
10
154.3294379999999819
20
-78.5994379999999921
11
154.2523869999999988
21
-78.6509209999999968
0
LINE
8
BLACK
6
CONTINUOUS
10
154.2523869999999988
20
-78.6509209999999968
11
154.1614999999999895
21
-78.6689999999999969
0
LINE
8
BLACK
6
CONTINUOUS
10
154.1614999999999895
20
-78.6689999999999969
11
153.6864999999999952
21
-78.6689999999999969
0
LINE
8
BLACK
6
CONTINUOUS
10
153.6864999999999952
20
-78.6689999999999969
11
153.595612999999986
21
-78.6509209999999968
0
LINE
8
BLACK
6
CONTINUOUS
10
153.595612999999986
20
-78.6509209999999968
11
153.5185620000000029
21
-78.5994379999999921
0
LINE
8
BLACK
6
CONTINUOUS
10
153.5185620000000029
20
-78.5994379999999921
11
153.467078999999984
21
-78.5223869999999948
0
LINE
8
BLACK
6
CONTINUOUS
10
153.467078999999984
20
-78.5223869999999948
11
153.4489999999999839
21
-78.4314999999999998
0
LINE
8
BLACK
6
CONTINUOUS
10
153.4489999999999839
20
-78.4314999999999998
11
153.4489999999999839
21
-78.3815000000000026
0
LINE
8
BLACK
6
CONTINUOUS
10
153.4489999999999839
20
-78.3815000000000026
11
153.2489999999999952
21
-78.3815000000000026
0
LINE
8
BLACK
6
CONTINUOUS
10
153.2489999999999952
20
-78.3815000000000026
11
153.2489999999999952
21
-78.4842079999999953
0
LINE
8
BLACK
6
CONTINUOUS
10
153.2489999999999952
20
-78.4842079999999953
11
153.2517699999999934
21
-78.5137500000000017
0
LINE
8
BLACK
6
CONTINUOUS
10
153.2517699999999934
20
-78.5137500000000017
11
153.2517719999999883
21
-78.5137589999999932
0
LINE
8
BLACK
6
CONTINUOUS
10
153.2517719999999883
20
-78.5137589999999932
11
153.2732169999999883
21
-78.5750439999999912
0
LINE
8
BLACK
6
CONTINUOUS
10
153.2732169999999883
20
-78.5750439999999912
11
153.2767800000000022
21
-78.6448230000000024
0
LINE
8
BLACK
6
CONTINUOUS
10
153.2767800000000022
20
-78.6448230000000024
11
153.2420510000000036
21
-78.7054509999999965
0
LINE
8
BLACK
6
CONTINUOUS
10
153.2420510000000036
20
-78.7054509999999965
11
153.1800580000000025
21
-78.7376780000000025
0
LINE
8
BLACK
6
CONTINUOUS
10
153.1800580000000025
20
-78.7376780000000025
11
153.1561759999999879
21
-78.7399999999999949
0
LINE
8
BLACK
6
CONTINUOUS
10
153.1561759999999879
20
-78.7399999999999949
11
144.9113619999999969
21
-78.7399999999999949
0
LINE
8
BLACK
6
CONTINUOUS
10
144.9113619999999969
20
-78.7399999999999949
11
144.8977399999999989
21
-78.73599999999999
0
LINE
8
BLACK
6
CONTINUOUS
10
144.8977399999999989
20
-78.73599999999999
11
144.6535140000000013
21
-78.73599999999999
0
LINE
8
BLACK
6
CONTINUOUS
10
144.6535140000000013
20
-78.73599999999999
11
144.6379210000000057
21
-78.8143869999999964
0
LINE
8
BLACK
6
CONTINUOUS
10
144.6379210000000057
20
-78.8143869999999964
11
144.5864379999999869
21
-78.8914379999999937
0
LINE
8
BLACK
6
CONTINUOUS
10
144.5864379999999869
20
-78.8914379999999937
11
144.5093870000000038
21
-78.9429209999999983
0
LINE
8
BLACK
6
CONTINUOUS
10
144.5093870000000038
20
-78.9429209999999983
11
144.4184999999999945
21
-78.9609999999999985
0
LINE
8
BLACK
6
CONTINUOUS
10
144.4184999999999945
20
-78.9609999999999985
11
143.8185000000000002
21
-78.9609999999999985
0
LINE
8
BLACK
6
CONTINUOUS
10
143.8185000000000002
20
-78.9609999999999985
11
143.727612999999991
21
-78.9429209999999983
0
LINE
8
BLACK
6
CONTINUOUS
10
143.727612999999991
20
-78.9429209999999983
11
143.6505619999999794
21
-78.8914379999999937
0
LINE
8
BLACK
6
CONTINUOUS
10
143.6505619999999794
20
-78.8914379999999937
11
143.599078999999989
21
-78.8143869999999964
0
LINE
8
BLACK
6
CONTINUOUS
10
143.599078999999989
20
-78.8143869999999964
11
143.5834859999999935
21
-78.73599999999999
0
LINE
8
BLACK
6
CONTINUOUS
10
143.5834859999999935
20
-78.73599999999999
11
143.3541309999999953
21
-78.73599999999999
0
LINE
8
BLACK
6
CONTINUOUS
10
143.3541309999999953
20
-78.73599999999999
11
143.3519959999999855
21
-78.737166000000002
0
LINE
8
BLACK
6
CONTINUOUS
10
143.3519959999999855
20
-78.737166000000002
11
143.3256379999999979
21
-78.7399999999999949
0
LINE
8
BLACK
6
CONTINUOUS
10
143.3256379999999979
20
-78.7399999999999949
11
143.2554999999999836
21
-78.7399999999999949
0
LINE
8
BLACK
6
CONTINUOUS
10
143.2554999999999836
20
-78.7399999999999949
11
143.1884609999999896
21
-78.7203149999999994
0
LINE
8
BLACK
6
CONTINUOUS
10
143.1884609999999896
20
-78.7203149999999994
11
143.142706000000004
21
-78.6675109999999904
0
LINE
8
BLACK
6
CONTINUOUS
10
143.142706000000004
20
-78.6675109999999904
11
143.1314999999999884
21
-78.6159999999999997
0
LINE
8
BLACK
6
CONTINUOUS
10
143.1314999999999884
20
-78.6159999999999997
11
143.1314999999999884
21
-78.1957909999999998
0
LINE
8
BLACK
6
CONTINUOUS
10
143.1314999999999884
20
-78.1957909999999998
11
143.1314999999999884
21
-78.1957390000000032
0
LINE
8
BLACK
6
CONTINUOUS
10
143.1314999999999884
20
-78.1957390000000032
11
143.1287250000000029
21
-78.1661500000000018
0
LINE
8
BLACK
6
CONTINUOUS
10
143.1287250000000029
20
-78.1661500000000018
11
143.0851150000000018
21
-78.041522999999998
0
LINE
8
BLACK
6
CONTINUOUS
10
143.0851150000000018
20
-78.041522999999998
11
143.0067109999999957
21
-77.9352889999999974
0
LINE
8
BLACK
6
CONTINUOUS
10
143.0067109999999957
20
-77.9352889999999974
11
143.0067099999999982
21
-77.9352879999999999
0
LINE
8
BLACK
6
CONTINUOUS
10
143.0067099999999982
20
-77.9352879999999999
11
142.9004750000000001
21
-77.8568839999999938
0
LINE
8
BLACK
6
CONTINUOUS
10
142.9004750000000001
20
-77.8568839999999938
11
142.8883139999999798
21
-77.8526279999999957
0
LINE
8
BLACK
6
CONTINUOUS
10
142.8883139999999798
20
-77.8526279999999957
11
142.8315389999999923
21
-77.8119039999999984
0
LINE
8
BLACK
6
CONTINUOUS
10
142.8315389999999923
20
-77.8119039999999984
11
142.8184149999999875
21
-77.7787909999999982
0
LINE
8
BLACK
6
CONTINUOUS
10
142.8184149999999875
20
-77.7787909999999982
11
142.8057949999999892
21
-77.7469499999999982
0
LINE
8
BLACK
6
CONTINUOUS
10
142.8057949999999892
20
-77.7469499999999982
11
142.8192540000000008
21
-77.6783889999999957
0
LINE
8
BLACK
6
CONTINUOUS
10
142.8192540000000008
20
-77.6783889999999957
11
142.8415929999999889
21
-77.6479059999999919
0
LINE
8
BLACK
6
CONTINUOUS
10
142.8415929999999889
20
-77.6479059999999919
11
142.8524989999999946
21
-77.6370000000000005
0
LINE
8
BLACK
6
CONTINUOUS
10
142.8524989999999946
20
-77.6370000000000005
11
142.852499999999992
21
-77.636999000000003
0
LINE
8
BLACK
6
CONTINUOUS
10
142.852499999999992
20
-77.636999000000003
11
142.852499999999992
21
-77.4369999999999976
0
LINE
8
BLACK
6
CONTINUOUS
10
142.852499999999992
20
-77.4369999999999976
11
142.8024999999999807
21
-77.4369999999999976
0
LINE
8
BLACK
6
CONTINUOUS
10
142.8024999999999807
20
-77.4369999999999976
11
142.7116129999999998
21
-77.4189209999999974
0
LINE
8
BLACK
6
CONTINUOUS
10
142.7116129999999998
20
-77.4189209999999974
11
142.6345619999999883
21
-77.3674379999999928
0
LINE
8
BLACK
6
CONTINUOUS
10
142.6345619999999883
20
-77.3674379999999928
11
142.5830789999999979
21
-77.2903869999999955
0
LINE
8
BLACK
6
CONTINUOUS
10
142.5830789999999979
20
-77.2903869999999955
11
142.5674860000000024
21
-77.2120000000000033
0
LINE
8
BLACK
6
CONTINUOUS
10
142.5674860000000024
20
-77.2120000000000033
11
142.3649999999999807
21
-77.2120000000000033
0
LINE
8
BLACK
6
CONTINUOUS
10
142.3649999999999807
20
-77.2120000000000033
11
142.3649999999999807
21
-77.252207999999996
0
LINE
8
BLACK
6
CONTINUOUS
10
142.3649999999999807
20
-77.252207999999996
11
142.3677700000000073
21
-77.2817500000000024
0
LINE
8
BLACK
6
CONTINUOUS
10
142.3677700000000073
20
-77.2817500000000024
11
142.3677720000000022
21
-77.2817620000000005
0
LINE
8
BLACK
6
CONTINUOUS
10
142.3677720000000022
20
-77.2817620000000005
11
142.4113289999999949
21
-77.4062369999999902
0
LINE
8
BLACK
6
CONTINUOUS
10
142.4113289999999949
20
-77.4062369999999902
11
142.4896469999999908
21
-77.5123549999999994
0
LINE
8
BLACK
6
CONTINUOUS
10
142.4896469999999908
20
-77.5123549999999994
11
142.5904219999999896
21
-77.5867300000000029
0
LINE
8
BLACK
6
CONTINUOUS
10
142.5904219999999896
20
-77.5867300000000029
11
142.6326729999999827
21
-77.6423769999999962
0
LINE
8
BLACK
6
CONTINUOUS
10
142.6326729999999827
20
-77.6423769999999962
11
142.6381319999999846
21
-77.712032999999991
0
LINE
8
BLACK
6
CONTINUOUS
10
142.6381319999999846
20
-77.712032999999991
11
142.6050649999999962
21
-77.7735830000000021
0
LINE
8
BLACK
6
CONTINUOUS
10
142.6050649999999962
20
-77.7735830000000021
11
142.5439709999999991
21
-77.8074840000000023
0
LINE
8
BLACK
6
CONTINUOUS
10
142.5439709999999991
20
-77.8074840000000023
11
142.5167889999999886
21
-77.8104999999999905
0
LINE
8
BLACK
6
CONTINUOUS
10
142.5167889999999886
20
-77.8104999999999905
11
142.0407399999999996
21
-77.8104999999999905
0
LINE
8
BLACK
6
CONTINUOUS
10
142.0407399999999996
20
-77.8104999999999905
11
142.0111499999999864
21
-77.8132739999999927
0
LINE
8
BLACK
6
CONTINUOUS
10
142.0111499999999864
20
-77.8132739999999927
11
142.0111479999999915
21
-77.8132739999999927
0
LINE
8
BLACK
6
CONTINUOUS
10
142.0111479999999915
20
-77.8132739999999927
11
141.8969549999999913
21
-77.8532340000000005
0
LINE
8
BLACK
6
CONTINUOUS
10
141.8969549999999913
20
-77.8532340000000005
11
141.827177000000006
21
-77.8567970000000003
0
LINE
8
BLACK
6
CONTINUOUS
10
141.827177000000006
20
-77.8567970000000003
11
141.7665489999999977
21
-77.8220680000000016
0
LINE
8
BLACK
6
CONTINUOUS
10
141.7665489999999977
20
-77.8220680000000016
11
141.7343219999999917
21
-77.7600750000000005
0
LINE
8
BLACK
6
CONTINUOUS
10
141.7343219999999917
20
-77.7600750000000005
11
141.7319999999999993
21
-77.7361930000000001
0
LINE
8
BLACK
6
CONTINUOUS
10
141.7319999999999993
20
-77.7361930000000001
11
141.7319999999999993
21
-77.732451999999995
0
LINE
8
BLACK
6
CONTINUOUS
10
141.7319999999999993
20
-77.732451999999995
11
141.7516849999999806
21
-77.6654130000000009
0
LINE
8
BLACK
6
CONTINUOUS
10
141.7516849999999806
20
-77.6654130000000009
11
141.8044889999999896
21
-77.6196580000000012
0
LINE
8
BLACK
6
CONTINUOUS
10
141.8044889999999896
20
-77.6196580000000012
11
141.8150449999999978
21
-77.6154109999999946
0
LINE
8
BLACK
6
CONTINUOUS
10
141.8150449999999978
20
-77.6154109999999946
11
141.8228560000000016
21
-77.6126769999999908
0
LINE
8
BLACK
6
CONTINUOUS
10
141.8228560000000016
20
-77.6126769999999908
11
141.8844749999999806
21
-77.5911159999999995
0
LINE
8
BLACK
6
CONTINUOUS
10
141.8844749999999806
20
-77.5911159999999995
11
141.9907110000000046
21
-77.5127109999999959
0
LINE
8
BLACK
6
CONTINUOUS
10
141.9907110000000046
20
-77.5127109999999959
11
142.0691159999999797
21
-77.4064750000000004
0
LINE
8
BLACK
6
CONTINUOUS
10
142.0691159999999797
20
-77.4064750000000004
11
142.1127249999999833
21
-77.281848999999994
0
LINE
8
BLACK
6
CONTINUOUS
10
142.1127249999999833
20
-77.281848999999994
11
142.1154999999999973
21
-77.2522560000000027
0
LINE
8
BLACK
6
CONTINUOUS
10
142.1154999999999973
20
-77.2522560000000027
11
142.1154999999999973
21
-76.6717909999999989
0
LINE
8
BLACK
6
CONTINUOUS
10
142.1154999999999973
20
-76.6717909999999989
11
142.1154999999999973
21
-76.6717439999999897
0
LINE
8
BLACK
6
CONTINUOUS
10
142.1154999999999973
20
-76.6717439999999897
11
142.1147589999999923
21
-76.6638439999999974
0
LINE
8
BLACK
6
CONTINUOUS
10
142.1147589999999923
20
-76.6638439999999974
11
142.1127249999999833
21
-76.6421500000000009
0
LINE
8
BLACK
6
CONTINUOUS
10
142.1127249999999833
20
-76.6421500000000009
11
142.0691149999999823
21
-76.5175229999999971
0
LINE
8
BLACK
6
CONTINUOUS
10
142.0691149999999823
20
-76.5175229999999971
11
141.9907110000000046
21
-76.4112889999999965
0
LINE
8
BLACK
6
CONTINUOUS
10
141.9907110000000046
20
-76.4112889999999965
11
141.9907100000000071
21
-76.411287999999999
0
LINE
8
BLACK
6
CONTINUOUS
10
141.9907100000000071
20
-76.411287999999999
11
141.8844749999999806
21
-76.3328839999999929
0
LINE
8
BLACK
6
CONTINUOUS
10
141.8844749999999806
20
-76.3328839999999929
11
141.8150449999999978
21
-76.3085889999999978
0
LINE
8
BLACK
6
CONTINUOUS
10
141.8150449999999978
20
-76.3085889999999978
11
141.7582689999999843
21
-76.2678679999999929
0
LINE
8
BLACK
6
CONTINUOUS
10
141.7582689999999843
20
-76.2678679999999929
11
141.7325219999999888
21
-76.2029149999999902
0
LINE
8
BLACK
6
CONTINUOUS
10
141.7325219999999888
20
-76.2029149999999902
11
141.7319999999999993
21
-76.1915479999999974
0
LINE
8
BLACK
6
CONTINUOUS
10
141.7319999999999993
20
-76.1915479999999974
11
141.7319999999999993
21
-76.0007909999999924
0
LINE
8
BLACK
6
CONTINUOUS
10
141.7319999999999993
20
-76.0007909999999924
11
141.7319999999999993
21
-67.1369260000000025
0
LINE
8
BLACK
6
CONTINUOUS
10
141.7319999999999993
20
-67.1369260000000025
11
141.7516849999999806
21
-67.0698869999999943
0
LINE
8
BLACK
6
CONTINUOUS
10
141.7516849999999806
20
-67.0698869999999943
11
141.8044889999999896
21
-67.0241319999999945
0
LINE
8
BLACK
6
CONTINUOUS
10
141.8044889999999896
20
-67.0241319999999945
11
141.8736470000000054
21
-67.0141879999999901
0
LINE
8
BLACK
6
CONTINUOUS
10
141.8736470000000054
20
-67.0141879999999901
11
141.9372029999999825
21
-67.0432129999999944
0
LINE
8
BLACK
6
CONTINUOUS
10
141.9372029999999825
20
-67.0432129999999944
11
141.9557709999999986
21
-67.0632930000000016
0
LINE
8
BLACK
6
CONTINUOUS
10
141.9557709999999986
20
-67.0632930000000016
11
141.9816459999999836
21
-67.0983540000000005
0
LINE
8
BLACK
6
CONTINUOUS
10
141.9816459999999836
20
-67.0983540000000005
11
142.0877619999999979
21
-67.1766700000000014
0
LINE
8
BLACK
6
CONTINUOUS
10
142.0877619999999979
20
-67.1766700000000014
11
142.2122369999999876
21
-67.2202269999999942
0
LINE
8
BLACK
6
CONTINUOUS
10
142.2122369999999876
20
-67.2202269999999942
11
142.2122489999999857
21
-67.2202290000000033
0
LINE
8
BLACK
6
CONTINUOUS
10
142.2122489999999857
20
-67.2202290000000033
11
142.2417920000000038
21
-67.222999999999999
0
LINE
8
BLACK
6
CONTINUOUS
10
142.2417920000000038
20
-67.222999999999999
11
142.3444999999999823
21
-67.222999999999999
0
LINE
8
BLACK
6
CONTINUOUS
10
142.3444999999999823
20
-67.222999999999999
11
142.3444999999999823
21
-67.0229999999999961
0
LINE
8
BLACK
6
CONTINUOUS
10
142.3444999999999823
20
-67.0229999999999961
11
142.2944999999999993
21
-67.0229999999999961
0
LINE
8
BLACK
6
CONTINUOUS
10
142.2944999999999993
20
-67.0229999999999961
11
142.2036129999999901
21
-67.004920999999996
0
LINE
8
BLACK
6
CONTINUOUS
10
142.2036129999999901
20
-67.004920999999996
11
142.1265620000000069
21
-66.9534379999999913
0
LINE
8
BLACK
6
CONTINUOUS
10
142.1265620000000069
20
-66.9534379999999913
11
142.0750789999999881
21
-66.876386999999994
0
LINE
8
BLACK
6
CONTINUOUS
10
142.0750789999999881
20
-66.876386999999994
11
142.0569999999999879
21
-66.785499999999999
0
LINE
8
BLACK
6
CONTINUOUS
10
142.0569999999999879
20
-66.785499999999999
11
142.0569999999999879
21
-66.3104999999999905
0
LINE
8
BLACK
6
CONTINUOUS
10
142.0569999999999879
20
-66.3104999999999905
11
142.0750789999999881
21
-66.2196129999999954
0
LINE
8
BLACK
6
CONTINUOUS
10
142.0750789999999881
20
-66.2196129999999954
11
142.1265620000000069
21
-66.1425619999999981
0
LINE
8
BLACK
6
CONTINUOUS
10
142.1265620000000069
20
-66.1425619999999981
11
142.2036129999999901
21
-66.0910789999999935
0
LINE
8
BLACK
6
CONTINUOUS
10
142.2036129999999901
20
-66.0910789999999935
11
142.2944999999999993
21
-66.0729999999999933
0
LINE
8
BLACK
6
CONTINUOUS
10
142.2944999999999993
20
-66.0729999999999933
11
142.3444999999999823
21
-66.0729999999999933
0
LINE
8
BLACK
6
CONTINUOUS
10
142.3444999999999823
20
-66.0729999999999933
11
142.3444999999999823
21
-65.8729999999999905
0
LINE
8
BLACK
6
CONTINUOUS
10
142.3444999999999823
20
-65.8729999999999905
11
142.2417920000000038
21
-65.8729999999999905
0
LINE
8
BLACK
6
CONTINUOUS
10
142.2417920000000038
20
-65.8729999999999905
11
142.2122489999999857
21
-65.8757700000000028
0
LINE
8
BLACK
6
CONTINUOUS
10
142.2122489999999857
20
-65.8757700000000028
11
142.2122369999999876
21
-65.8757719999999978
0
LINE
8
BLACK
6
CONTINUOUS
10
142.2122369999999876
20
-65.8757719999999978
11
142.0877619999999979
21
-65.9193289999999905
0
LINE
8
BLACK
6
CONTINUOUS
10
142.0877619999999979
20
-65.9193289999999905
11
141.9816459999999836
21
-65.9976460000000031
0
LINE
8
BLACK
6
CONTINUOUS
10
141.9816459999999836
20
-65.9976460000000031
11
141.9557700000000011
21
-66.032707000000002
0
LINE
8
BLACK
6
CONTINUOUS
10
141.9557700000000011
20
-66.032707000000002
11
141.9001219999999819
21
-66.0749579999999952
0
LINE
8
BLACK
6
CONTINUOUS
10
141.9001219999999819
20
-66.0749579999999952
11
141.8304660000000013
21
-66.0804159999999996
0
LINE
8
BLACK
6
CONTINUOUS
10
141.8304660000000013
20
-66.0804159999999996
11
141.7689169999999876
21
-66.0473479999999995
0
LINE
8
BLACK
6
CONTINUOUS
10
141.7689169999999876
20
-66.0473479999999995
11
141.7350160000000017
21
-65.9862540000000024
0
LINE
8
BLACK
6
CONTINUOUS
10
141.7350160000000017
20
-65.9862540000000024
11
141.7319999999999993
21
-65.9590730000000036
0
LINE
8
BLACK
6
CONTINUOUS
10
141.7319999999999993
20
-65.9590730000000036
11
141.7319999999999993
21
-65.4902369999999934
0
LINE
8
BLACK
6
CONTINUOUS
10
141.7319999999999993
20
-65.4902369999999934
11
141.735826000000003
21
-65.4772079999999903
0
LINE
8
BLACK
6
CONTINUOUS
10
141.735826000000003
20
-65.4772079999999903
11
141.7516849999999806
21
-65.4231979999999993
0
LINE
8
BLACK
6
CONTINUOUS
10
141.7516849999999806
20
-65.4231979999999993
11
141.7805139999999824
21
-65.3918609999999916
0
LINE
8
BLACK
6
CONTINUOUS
10
141.7805139999999824
20
-65.3918609999999916
11
141.8672819999999888
21
-65.3252820000000014
0
LINE
8
BLACK
6
CONTINUOUS
10
141.8672819999999888
20
-65.3252820000000014
11
141.9635360000000048
21
-65.1998409999999922
0
LINE
8
BLACK
6
CONTINUOUS
10
141.9635360000000048
20
-65.1998409999999922
11
142.0240440000000035
21
-65.0537619999999919
0
LINE
8
BLACK
6
CONTINUOUS
10
142.0240440000000035
20
-65.0537619999999919
11
142.0446819999999946
21
-64.8969999999999914
0
LINE
8
BLACK
6
CONTINUOUS
10
142.0446819999999946
20
-64.8969999999999914
11
142.0413560000000075
21
-64.8717389999999909
0
LINE
8
BLACK
6
CONTINUOUS
10
142.0413560000000075
20
-64.8717389999999909
11
142.0268489999999986
21
-64.7615479999999906
0
LINE
8
BLACK
6
CONTINUOUS
10
142.0268489999999986
20
-64.7615479999999906
11
142.0240440000000035
21
-64.7402379999999908
0
LINE
8
BLACK
6
CONTINUOUS
10
142.0240440000000035
20
-64.7402379999999908
11
141.9635360000000048
21
-64.5941589999999906
0
LINE
8
BLACK
6
CONTINUOUS
10
141.9635360000000048
20
-64.5941589999999906
11
141.8672819999999888
21
-64.4687179999999955
0
LINE
8
BLACK
6
CONTINUOUS
10
141.8672819999999888
20
-64.4687179999999955
11
141.8672789999999964
21
-64.4687160000000006
0
LINE
8
BLACK
6
CONTINUOUS
10
141.8672789999999964
20
-64.4687160000000006
11
141.8623340000000042
21
-64.4622710000000012
0
LINE
8
BLACK
6
CONTINUOUS
10
141.8623340000000042
20
-64.4622710000000012
11
141.8649269999999945
21
-64.4602799999999974
0
LINE
8
BLACK
6
CONTINUOUS
10
141.8649269999999945
20
-64.4602799999999974
11
141.8387600000000077
21
-64.4123579999999976
0
LINE
8
BLACK
6
CONTINUOUS
10
141.8387600000000077
20
-64.4123579999999976
11
141.8437439999999867
21
-64.3426659999999941
0
LINE
8
BLACK
6
CONTINUOUS
10
141.8437439999999867
20
-64.3426659999999941
11
141.8856159999999988
21
-64.2867329999999981
0
LINE
8
BLACK
6
CONTINUOUS
10
141.8856159999999988
20
-64.2867329999999981
11
141.9510799999999904
21
-64.2623159999999984
0
LINE
8
BLACK
6
CONTINUOUS
10
141.9510799999999904
20
-64.2623159999999984
11
141.9599259999999958
21
-64.2620000000000005
0
LINE
8
BLACK
6
CONTINUOUS
10
141.9599259999999958
20
-64.2620000000000005
11
145.9690729999999803
21
-64.2620000000000005
0
LINE
8
BLACK
6
CONTINUOUS
10
145.9690729999999803
20
-64.2620000000000005
11
146.0361120000000028
21
-64.281684999999996
0
LINE
8
BLACK
6
CONTINUOUS
10
144.3684999999999832
20
-78.0109999999999957
11
144.4184999999999945
21
-78.0109999999999957
0
LINE
8
BLACK
6
CONTINUOUS
10
144.4184999999999945
20
-78.0109999999999957
11
144.5093870000000038
21
-78.0290789999999959
0
LINE
8
BLACK
6
CONTINUOUS
10
144.5093870000000038
20
-78.0290789999999959
11
144.5864379999999869
21
-78.0805620000000005
0
LINE
8
BLACK
6
CONTINUOUS
10
144.5864379999999869
20
-78.0805620000000005
11
144.6379210000000057
21
-78.1576129999999978
0
LINE
8
BLACK
6
CONTINUOUS
10
144.6379210000000057
20
-78.1576129999999978
11
144.6535140000000013
21
-78.23599999999999
0
LINE
8
BLACK
6
CONTINUOUS
10
144.6535140000000013
20
-78.23599999999999
11
144.8559999999999945
21
-78.23599999999999
0
LINE
8
BLACK
6
CONTINUOUS
10
144.8559999999999945
20
-78.23599999999999
11
144.8559999999999945
21
-78.1957909999999998
0
LINE
8
BLACK
6
CONTINUOUS
10
144.8559999999999945
20
-78.1957909999999998
11
144.8532289999999989
21
-78.1662489999999934
0
LINE
8
BLACK
6
CONTINUOUS
10
144.8532289999999989
20
-78.1662489999999934
11
144.853227000000004
21
-78.1662369999999953
0
LINE
8
BLACK
6
CONTINUOUS
10
144.853227000000004
20
-78.1662369999999953
11
144.8096699999999828
21
-78.0417619999999914
0
LINE
8
BLACK
6
CONTINUOUS
10
144.8096699999999828
20
-78.0417619999999914
11
144.7313529999999844
21
-77.9356459999999913
0
LINE
8
BLACK
6
CONTINUOUS
10
144.7313529999999844
20
-77.9356459999999913
11
144.6252369999999985
21
-77.8573289999999929
0
LINE
8
BLACK
6
CONTINUOUS
10
144.6252369999999985
20
-77.8573289999999929
11
144.5007619999999804
21
-77.8137720000000002
0
LINE
8
BLACK
6
CONTINUOUS
10
144.5007619999999804
20
-77.8137720000000002
11
144.5007499999999823
21
-77.813769999999991
0
LINE
8
BLACK
6
CONTINUOUS
10
144.5007499999999823
20
-77.813769999999991
11
144.4712079999999901
21
-77.8109999999999928
0
LINE
8
BLACK
6
CONTINUOUS
10
144.4712079999999901
20
-77.8109999999999928
11
144.3684999999999832
21
-77.8109999999999928
0
LINE
8
BLACK
6
CONTINUOUS
10
144.3684999999999832
20
-77.8109999999999928
11
144.3684999999999832
21
-78.0109999999999957
0
LINE
8
BLACK
6
CONTINUOUS
10
154.1740000000000066
20
-77.5964859999999987
11
154.2523869999999988
21
-77.6120789999999943
0
LINE
8
BLACK
6
CONTINUOUS
10
154.2523869999999988
20
-77.6120789999999943
11
154.3294379999999819
21
-77.6635619999999989
0
LINE
8
BLACK
6
CONTINUOUS
10
154.3294379999999819
20
-77.6635619999999989
11
154.3809210000000007
21
-77.7406129999999962
0
LINE
8
BLACK
6
CONTINUOUS
10
154.3809210000000007
20
-77.7406129999999962
11
154.3990000000000009
21
-77.8314999999999912
0
LINE
8
BLACK
6
CONTINUOUS
10
154.3990000000000009
20
-77.8314999999999912
11
154.3990000000000009
21
-77.8815000000000026
0
LINE
8
BLACK
6
CONTINUOUS
10
154.3990000000000009
20
-77.8815000000000026
11
154.5989999999999895
21
-77.8815000000000026
0
LINE
8
BLACK
6
CONTINUOUS
10
154.5989999999999895
20
-77.8815000000000026
11
154.5989999999999895
21
-77.7787909999999982
0
LINE
8
BLACK
6
CONTINUOUS
10
154.5989999999999895
20
-77.7787909999999982
11
154.5962289999999939
21
-77.7492489999999918
0
LINE
8
BLACK
6
CONTINUOUS
10
154.5962289999999939
20
-77.7492489999999918
11
154.596226999999999
21
-77.7492369999999937
0
LINE
8
BLACK
6
CONTINUOUS
10
154.596226999999999
20
-77.7492369999999937
11
154.5526700000000062
21
-77.6247619999999898
0
LINE
8
BLACK
6
CONTINUOUS
10
154.5526700000000062
20
-77.6247619999999898
11
154.4743529999999794
21
-77.5186459999999897
0
LINE
8
BLACK
6
CONTINUOUS
10
154.4743529999999794
20
-77.5186459999999897
11
154.3682369999999935
21
-77.4403289999999913
0
LINE
8
BLACK
6
CONTINUOUS
10
154.3682369999999935
20
-77.4403289999999913
11
154.2437620000000038
21
-77.3967719999999986
0
LINE
8
BLACK
6
CONTINUOUS
10
154.2437620000000038
20
-77.3967719999999986
11
154.2437500000000057
21
-77.3967699999999894
0
LINE
8
BLACK
6
CONTINUOUS
10
154.2437500000000057
20
-77.3967699999999894
11
154.2142079999999851
21
-77.3939999999999912
0
LINE
8
BLACK
6
CONTINUOUS
10
154.2142079999999851
20
-77.3939999999999912
11
154.1740000000000066
21
-77.3939999999999912
0
LINE
8
BLACK
6
CONTINUOUS
10
154.1740000000000066
20
-77.3939999999999912
11
154.1740000000000066
21
-77.5964859999999987
0
LINE
8
BLACK
6
CONTINUOUS
10
143.352499999999992
20
-76.4869999999999948
11
143.4025000000000034
21
-76.4869999999999948
0
LINE
8
BLACK
6
CONTINUOUS
10
143.4025000000000034
20
-76.4869999999999948
11
143.4933869999999843
21
-76.5050789999999949
0
LINE
8
BLACK
6
CONTINUOUS
10
143.4933869999999843
20
-76.5050789999999949
11
143.5704379999999958
21
-76.5565619999999996
0
LINE
8
BLACK
6
CONTINUOUS
10
143.5704379999999958
20
-76.5565619999999996
11
143.6219209999999862
21
-76.6336129999999969
0
LINE
8
BLACK
6
CONTINUOUS
10
143.6219209999999862
20
-76.6336129999999969
11
143.6375139999999817
21
-76.7120000000000033
0
LINE
8
BLACK
6
CONTINUOUS
10
143.6375139999999817
20
-76.7120000000000033
11
143.8400000000000034
21
-76.7120000000000033
0
LINE
8
BLACK
6
CONTINUOUS
10
143.8400000000000034
20
-76.7120000000000033
11
143.8400000000000034
21
-76.7062079999999895
0
LINE
8
BLACK
6
CONTINUOUS
10
143.8400000000000034
20
-76.7062079999999895
11
143.8400000000000034
21
-76.6717909999999989
0
LINE
8
BLACK
6
CONTINUOUS
10
143.8400000000000034
20
-76.6717909999999989
11
143.8372289999999794
21
-76.6422489999999925
0
LINE
8
BLACK
6
CONTINUOUS
10
143.8372289999999794
20
-76.6422489999999925
11
143.8372269999999844
21
-76.6422369999999944
0
LINE
8
BLACK
6
CONTINUOUS
10
143.8372269999999844
20
-76.6422369999999944
11
143.7936699999999917
21
-76.5177619999999905
0
LINE
8
BLACK
6
CONTINUOUS
10
143.7936699999999917
20
-76.5177619999999905
11
143.7153529999999932
21
-76.4116459999999904
0
LINE
8
BLACK
6
CONTINUOUS
10
143.7153529999999932
20
-76.4116459999999904
11
143.6092370000000074
21
-76.333328999999992
0
LINE
8
BLACK
6
CONTINUOUS
10
143.6092370000000074
20
-76.333328999999992
11
143.4847619999999893
21
-76.2897719999999993
0
LINE
8
BLACK
6
CONTINUOUS
10
143.4847619999999893
20
-76.2897719999999993
11
143.4847499999999911
21
-76.2897699999999901
0
LINE
8
BLACK
6
CONTINUOUS
10
143.4847499999999911
20
-76.2897699999999901
11
143.4552079999999989
21
-76.2869999999999919
0
LINE
8
BLACK
6
CONTINUOUS
10
143.4552079999999989
20
-76.2869999999999919
11
143.352499999999992
21
-76.2869999999999919
0
LINE
8
BLACK
6
CONTINUOUS
10
143.352499999999992
20
-76.2869999999999919
11
143.352499999999992
21
-76.4869999999999948
0
LINE
8
BLACK
6
CONTINUOUS
10
143.1139210000000048
20
-66.876386999999994
11
143.062437999999986
21
-66.9534379999999913
0
LINE
8
BLACK
6
CONTINUOUS
10
143.062437999999986
20
-66.9534379999999913
11
142.9853870000000029
21
-67.004920999999996
0
LINE
8
BLACK
6
CONTINUOUS
10
142.9853870000000029
20
-67.004920999999996
11
142.8944999999999936
21
-67.0229999999999961
0
LINE
8
BLACK
6
CONTINUOUS
10
142.8944999999999936
20
-67.0229999999999961
11
142.8444999999999823
21
-67.0229999999999961
0
LINE
8
BLACK
6
CONTINUOUS
10
142.8444999999999823
20
-67.0229999999999961
11
142.8444999999999823
21
-67.222999999999999
0
LINE
8
BLACK
6
CONTINUOUS
10
142.8444999999999823
20
-67.222999999999999
11
142.9472079999999892
21
-67.222999999999999
0
LINE
8
BLACK
6
CONTINUOUS
10
142.9472079999999892
20
-67.222999999999999
11
142.9767499999999814
21
-67.2202290000000033
0
LINE
8
BLACK
6
CONTINUOUS
10
142.9767499999999814
20
-67.2202290000000033
11
142.9767619999999795
21
-67.2202269999999942
0
LINE
8
BLACK
6
CONTINUOUS
10
142.9767619999999795
20
-67.2202269999999942
11
143.1012369999999976
21
-67.1766700000000014
0
LINE
8
BLACK
6
CONTINUOUS
10
143.1012369999999976
20
-67.1766700000000014
11
143.2073529999999835
21
-67.098353000000003
0
LINE
8
BLACK
6
CONTINUOUS
10
143.2073529999999835
20
-67.098353000000003
11
143.2856699999999819
21
-66.9922370000000029
0
LINE
8
BLACK
6
CONTINUOUS
10
143.2856699999999819
20
-66.9922370000000029
11
143.329227000000003
21
-66.867761999999999
0
LINE
8
BLACK
6
CONTINUOUS
10
143.329227000000003
20
-66.867761999999999
11
143.329228999999998
21
-66.8677500000000009
0
LINE
8
BLACK
6
CONTINUOUS
10
143.329228999999998
20
-66.8677500000000009
11
143.3319999999999936
21
-66.8382079999999945
0
LINE
8
BLACK
6
CONTINUOUS
10
143.3319999999999936
20
-66.8382079999999945
11
143.3319999999999936
21
-66.7980000000000018
0
LINE
8
BLACK
6
CONTINUOUS
10
143.3319999999999936
20
-66.7980000000000018
11
143.1295140000000004
21
-66.7980000000000018
0
LINE
8
BLACK
6
CONTINUOUS
10
143.1295140000000004
20
-66.7980000000000018
11
143.1139210000000048
21
-66.876386999999994
0
LINE
8
BLACK
6
CONTINUOUS
10
142.8444999999999823
20
-66.0729999999999933
11
142.8944999999999936
21
-66.0729999999999933
0
LINE
8
BLACK
6
CONTINUOUS
10
142.8944999999999936
20
-66.0729999999999933
11
142.9853870000000029
21
-66.0910789999999935
0
LINE
8
BLACK
6
CONTINUOUS
10
142.9853870000000029
20
-66.0910789999999935
11
143.062437999999986
21
-66.1425619999999981
0
LINE
8
BLACK
6
CONTINUOUS
10
143.062437999999986
20
-66.1425619999999981
11
143.1139210000000048
21
-66.2196129999999954
0
LINE
8
BLACK
6
CONTINUOUS
10
143.1139210000000048
20
-66.2196129999999954
11
143.1295140000000004
21
-66.2980000000000018
0
LINE
8
BLACK
6
CONTINUOUS
10
143.1295140000000004
20
-66.2980000000000018
11
143.3319999999999936
21
-66.2980000000000018
0
LINE
8
BLACK
6
CONTINUOUS
10
143.3319999999999936
20
-66.2980000000000018
11
143.3319999999999936
21
-66.2577909999999974
0
LINE
8
BLACK
6
CONTINUOUS
10
143.3319999999999936
20
-66.2577909999999974
11
143.329228999999998
21
-66.228248999999991
0
LINE
8
BLACK
6
CONTINUOUS
10
143.329228999999998
20
-66.228248999999991
11
143.329227000000003
21
-66.2282369999999929
0
LINE
8
BLACK
6
CONTINUOUS
10
143.329227000000003
20
-66.2282369999999929
11
143.2856699999999819
21
-66.1037620000000032
0
LINE
8
BLACK
6
CONTINUOUS
10
143.2856699999999819
20
-66.1037620000000032
11
143.2073529999999835
21
-65.9976460000000031
0
LINE
8
BLACK
6
CONTINUOUS
10
143.2073529999999835
20
-65.9976460000000031
11
143.1012369999999976
21
-65.9193289999999905
0
LINE
8
BLACK
6
CONTINUOUS
10
143.1012369999999976
20
-65.9193289999999905
11
142.9767619999999795
21
-65.8757719999999978
0
LINE
8
BLACK
6
CONTINUOUS
10
142.9767619999999795
20
-65.8757719999999978
11
142.9767499999999814
21
-65.8757700000000028
0
LINE
8
BLACK
6
CONTINUOUS
10
142.9767499999999814
20
-65.8757700000000028
11
142.9472079999999892
21
-65.8729999999999905
0
LINE
8
BLACK
6
CONTINUOUS
10
142.9472079999999892
20
-65.8729999999999905
11
142.8444999999999823
21
-65.8729999999999905
0
LINE
8
BLACK
6
CONTINUOUS
10
142.8444999999999823
20
-65.8729999999999905
11
142.8444999999999823
21
-66.0729999999999933
0
LINE
8
BLACK
6
CONTINUOUS
10
155.3589209999999809
20
-65.8603870000000029
11
155.3074379999999906
21
-65.9374380000000002
0
LINE
8
BLACK
6
CONTINUOUS
10
155.3074379999999906
20
-65.9374380000000002
11
155.230386999999979
21
-65.9889209999999906
0
LINE
8
BLACK
6
CONTINUOUS
10
155.230386999999979
20
-65.9889209999999906
11
155.1394999999999982
21
-66.0069999999999908
0
LINE
8
BLACK
6
CONTINUOUS
10
155.1394999999999982
20
-66.0069999999999908
11
155.0894999999999868
21
-66.0069999999999908
0
LINE
8
BLACK
6
CONTINUOUS
10
155.0894999999999868
20
-66.0069999999999908
11
155.0894999999999868
21
-66.2069999999999936
0
LINE
8
BLACK
6
CONTINUOUS
10
155.0894999999999868
20
-66.2069999999999936
11
155.1922079999999937
21
-66.2069999999999936
0
LINE
8
BLACK
6
CONTINUOUS
10
155.1922079999999937
20
-66.2069999999999936
11
155.2217499999999859
21
-66.204228999999998
0
LINE
8
BLACK
6
CONTINUOUS
10
155.2217499999999859
20
-66.204228999999998
11
155.221761999999984
21
-66.204227000000003
0
LINE
8
BLACK
6
CONTINUOUS
10
155.221761999999984
20
-66.204227000000003
11
155.3462370000000021
21
-66.1606699999999961
0
LINE
8
BLACK
6
CONTINUOUS
10
155.3462370000000021
20
-66.1606699999999961
11
155.452352999999988
21
-66.0823529999999977
0
LINE
8
BLACK
6
CONTINUOUS
10
155.452352999999988
20
-66.0823529999999977
11
155.5306699999999864
21
-65.9762369999999976
0
LINE
8
BLACK
6
CONTINUOUS
10
155.5306699999999864
20
-65.9762369999999976
11
155.5742269999999792
21
-65.8517619999999937
0
LINE
8
BLACK
6
CONTINUOUS
10
155.5742269999999792
20
-65.8517619999999937
11
155.5742290000000025
21
-65.8517499999999956
0
LINE
8
BLACK
6
CONTINUOUS
10
155.5742290000000025
20
-65.8517499999999956
11
155.5769999999999982
21
-65.8222080000000034
0
LINE
8
BLACK
6
CONTINUOUS
10
155.5769999999999982
20
-65.8222080000000034
11
155.5769999999999982
21
-65.7819999999999965
0
LINE
8
BLACK
6
CONTINUOUS
10
155.5769999999999982
20
-65.7819999999999965
11
155.3745140000000049
21
-65.7819999999999965
0
LINE
8
BLACK
6
CONTINUOUS
10
155.3745140000000049
20
-65.7819999999999965
11
155.3589209999999809
21
-65.8603870000000029
0
LINE
8
BLACK
6
CONTINUOUS
10
152.875
20
-65.4244999999999948
11
152.8569209999999998
21
-65.515387000000004
0
LINE
8
BLACK
6
CONTINUOUS
10
152.8569209999999998
20
-65.515387000000004
11
152.805437999999981
21
-65.5924380000000014
0
LINE
8
BLACK
6
CONTINUOUS
10
152.805437999999981
20
-65.5924380000000014
11
152.7283869999999979
21
-65.6439209999999917
0
LINE
8
BLACK
6
CONTINUOUS
10
152.7283869999999979
20
-65.6439209999999917
11
152.6500000000000057
21
-65.659513000000004
0
LINE
8
BLACK
6
CONTINUOUS
10
152.6500000000000057
20
-65.659513000000004
11
152.6500000000000057
21
-65.8619999999999948
0
LINE
8
BLACK
6
CONTINUOUS
10
152.6500000000000057
20
-65.8619999999999948
11
152.6902079999999842
21
-65.8619999999999948
0
LINE
8
BLACK
6
CONTINUOUS
10
152.6902079999999842
20
-65.8619999999999948
11
152.7197500000000048
21
-65.8592289999999991
0
LINE
8
BLACK
6
CONTINUOUS
10
152.7197500000000048
20
-65.8592289999999991
11
152.7197620000000029
21
-65.85922699999999
0
LINE
8
BLACK
6
CONTINUOUS
10
152.7197620000000029
20
-65.85922699999999
11
152.8255529999999851
21
-65.8222080000000034
0
LINE
8
BLACK
6
CONTINUOUS
10
152.8255529999999851
20
-65.8222080000000034
11
152.8442369999999926
21
-65.8156699999999972
0
LINE
8
BLACK
6
CONTINUOUS
10
152.8442369999999926
20
-65.8156699999999972
11
152.9503530000000069
21
-65.7373529999999988
0
LINE
8
BLACK
6
CONTINUOUS
10
152.9503530000000069
20
-65.7373529999999988
11
153.0286700000000053
21
-65.6312369999999987
0
LINE
8
BLACK
6
CONTINUOUS
10
153.0286700000000053
20
-65.6312369999999987
11
153.072226999999998
21
-65.5067619999999948
0
LINE
8
BLACK
6
CONTINUOUS
10
153.072226999999998
20
-65.5067619999999948
11
153.072228999999993
21
-65.5067499999999967
0
LINE
8
BLACK
6
CONTINUOUS
10
153.072228999999993
20
-65.5067499999999967
11
153.0749999999999886
21
-65.4772079999999903
0
LINE
8
BLACK
6
CONTINUOUS
10
153.0749999999999886
20
-65.4772079999999903
11
153.0749999999999886
21
-65.3744999999999976
0
LINE
8
BLACK
6
CONTINUOUS
10
153.0749999999999886
20
-65.3744999999999976
11
152.875
21
-65.3744999999999976
0
LINE
8
BLACK
6
CONTINUOUS
10
152.875
20
-65.3744999999999976
11
152.875
21
-65.4244999999999948
0
LINE
8
BLACK
6
CONTINUOUS
10
147.032999999999987
20
-65.4244999999999948
11
147.0149209999999869
21
-65.515387000000004
0
LINE
8
BLACK
6
CONTINUOUS
10
147.0149209999999869
20
-65.515387000000004
11
146.9634379999999965
21
-65.5924380000000014
0
LINE
8
BLACK
6
CONTINUOUS
10
146.9634379999999965
20
-65.5924380000000014
11
146.8863869999999849
21
-65.6439209999999917
0
LINE
8
BLACK
6
CONTINUOUS
10
146.8863869999999849
20
-65.6439209999999917
11
146.8079999999999927
21
-65.659513000000004
0
LINE
8
BLACK
6
CONTINUOUS
10
146.8079999999999927
20
-65.659513000000004
11
146.8079999999999927
21
-65.8619999999999948
0
LINE
8
BLACK
6
CONTINUOUS
10
146.8079999999999927
20
-65.8619999999999948
11
146.8482079999999996
21
-65.8619999999999948
0
LINE
8
BLACK
6
CONTINUOUS
10
146.8482079999999996
20
-65.8619999999999948
11
146.8777499999999918
21
-65.8592289999999991
0
LINE
8
BLACK
6
CONTINUOUS
10
146.8777499999999918
20
-65.8592289999999991
11
146.8777619999999899
21
-65.85922699999999
0
LINE
8
BLACK
6
CONTINUOUS
10
146.8777619999999899
20
-65.85922699999999
11
147.0022369999999796
21
-65.8156699999999972
0
LINE
8
BLACK
6
CONTINUOUS
10
147.0022369999999796
20
-65.8156699999999972
11
147.1083529999999939
21
-65.7373529999999988
0
LINE
8
BLACK
6
CONTINUOUS
10
147.1083529999999939
20
-65.7373529999999988
11
147.1866699999999923
21
-65.6312369999999987
0
LINE
8
BLACK
6
CONTINUOUS
10
147.1866699999999923
20
-65.6312369999999987
11
147.2302269999999851
21
-65.5067619999999948
0
LINE
8
BLACK
6
CONTINUOUS
10
147.2302269999999851
20
-65.5067619999999948
11
147.23022899999998
21
-65.5067499999999967
0
LINE
8
BLACK
6
CONTINUOUS
10
147.23022899999998
20
-65.5067499999999967
11
147.2330000000000041
21
-65.4772079999999903
0
LINE
8
BLACK
6
CONTINUOUS
10
147.2330000000000041
20
-65.4772079999999903
11
147.2330000000000041
21
-65.3744999999999976
0
LINE
8
BLACK
6
CONTINUOUS
10
147.2330000000000041
20
-65.3744999999999976
11
147.032999999999987
21
-65.3744999999999976
0
LINE
8
BLACK
6
CONTINUOUS
10
147.032999999999987
20
-65.3744999999999976
11
147.032999999999987
21
-65.4244999999999948
0
LINE
8
BLACK
6
CONTINUOUS
10
150.5889999999999986
20
-65.4244999999999948
11
150.5709209999999985
21
-65.515387000000004
0
LINE
8
BLACK
6
CONTINUOUS
10
150.5709209999999985
20
-65.515387000000004
11
150.5194379999999796
21
-65.5924380000000014
0
LINE
8
BLACK
6
CONTINUOUS
10
150.5194379999999796
20
-65.5924380000000014
11
150.4423869999999965
21
-65.6439209999999917
0
LINE
8
BLACK
6
CONTINUOUS
10
150.4423869999999965
20
-65.6439209999999917
11
150.3640000000000043
21
-65.659513000000004
0
LINE
8
BLACK
6
CONTINUOUS
10
150.3640000000000043
20
-65.659513000000004
11
150.3640000000000043
21
-65.8619999999999948
0
LINE
8
BLACK
6
CONTINUOUS
10
150.3640000000000043
20
-65.8619999999999948
11
150.4042079999999828
21
-65.8619999999999948
0
LINE
8
BLACK
6
CONTINUOUS
10
150.4042079999999828
20
-65.8619999999999948
11
150.4337500000000034
21
-65.8592289999999991
0
LINE
8
BLACK
6
CONTINUOUS
10
150.4337500000000034
20
-65.8592289999999991
11
150.4337620000000015
21
-65.85922699999999
0
LINE
8
BLACK
6
CONTINUOUS
10
150.4337620000000015
20
-65.85922699999999
11
150.5582369999999912
21
-65.8156699999999972
0
LINE
8
BLACK
6
CONTINUOUS
10
150.5582369999999912
20
-65.8156699999999972
11
150.6643530000000055
21
-65.7373529999999988
0
LINE
8
BLACK
6
CONTINUOUS
10
150.6643530000000055
20
-65.7373529999999988
11
150.7426700000000039
21
-65.6312369999999987
0
LINE
8
BLACK
6
CONTINUOUS
10
150.7426700000000039
20
-65.6312369999999987
11
150.7862269999999967
21
-65.5067619999999948
0
LINE
8
BLACK
6
CONTINUOUS
10
150.7862269999999967
20
-65.5067619999999948
11
150.7862289999999916
21
-65.5067499999999967
0
LINE
8
BLACK
6
CONTINUOUS
10
150.7862289999999916
20
-65.5067499999999967
11
150.7889999999999873
21
-65.4772079999999903
0
LINE
8
BLACK
6
CONTINUOUS
10
150.7889999999999873
20
-65.4772079999999903
11
150.7889999999999873
21
-65.3744999999999976
0
LINE
8
BLACK
6
CONTINUOUS
10
150.7889999999999873
20
-65.3744999999999976
11
150.5889999999999986
21
-65.3744999999999976
0
LINE
8
BLACK
6
CONTINUOUS
10
150.5889999999999986
20
-65.3744999999999976
11
150.5889999999999986
21
-65.4244999999999948
0
LINE
8
BLACK
6
CONTINUOUS
10
155.0894999999999868
20
-65.0570000000000022
11
155.1394999999999982
21
-65.0570000000000022
0
LINE
8
BLACK
6
CONTINUOUS
10
155.1394999999999982
20
-65.0570000000000022
11
155.230386999999979
21
-65.0750790000000023
0
LINE
8
BLACK
6
CONTINUOUS
10
155.230386999999979
20
-65.0750790000000023
11
155.3074379999999906
21
-65.1265619999999927
0
LINE
8
BLACK
6
CONTINUOUS
10
155.3074379999999906
20
-65.1265619999999927
11
155.3589209999999809
21
-65.2036129999999901
0
LINE
8
BLACK
6
CONTINUOUS
10
155.3589209999999809
20
-65.2036129999999901
11
155.3745140000000049
21
-65.2819999999999965
0
LINE
8
BLACK
6
CONTINUOUS
10
155.3745140000000049
20
-65.2819999999999965
11
155.5769999999999982
21
-65.2819999999999965
0
LINE
8
BLACK
6
CONTINUOUS
10
155.5769999999999982
20
-65.2819999999999965
11
155.5769999999999982
21
-65.2417909999999921
0
LINE
8
BLACK
6
CONTINUOUS
10
155.5769999999999982
20
-65.2417909999999921
11
155.5742290000000025
21
-65.2122489999999999
0
LINE
8
BLACK
6
CONTINUOUS
10
155.5742290000000025
20
-65.2122489999999999
11
155.5742269999999792
21
-65.2122370000000018
0
LINE
8
BLACK
6
CONTINUOUS
10
155.5742269999999792
20
-65.2122370000000018
11
155.5306699999999864
21
-65.0877619999999979
0
LINE
8
BLACK
6
CONTINUOUS
10
155.5306699999999864
20
-65.0877619999999979
11
155.452352999999988
21
-64.9816459999999978
0
LINE
8
BLACK
6
CONTINUOUS
10
155.452352999999988
20
-64.9816459999999978
11
155.3462370000000021
21
-64.9033289999999994
0
LINE
8
BLACK
6
CONTINUOUS
10
155.3462370000000021
20
-64.9033289999999994
11
155.221761999999984
21
-64.8597719999999924
0
LINE
8
BLACK
6
CONTINUOUS
10
155.221761999999984
20
-64.8597719999999924
11
155.2217499999999859
21
-64.8597699999999975
0
LINE
8
BLACK
6
CONTINUOUS
10
155.2217499999999859
20
-64.8597699999999975
11
155.1922079999999937
21
-64.8569999999999993
0
LINE
8
BLACK
6
CONTINUOUS
10
155.1922079999999937
20
-64.8569999999999993
11
155.0894999999999868
21
-64.8569999999999993
0
LINE
8
BLACK
6
CONTINUOUS
10
155.0894999999999868
20
-64.8569999999999993
11
155.0894999999999868
21
-65.0570000000000022
0
LINE
8
BLACK
6
CONTINUOUS
10
154.4572489999999902
20
-64.8597699999999975
11
154.4572369999999921
21
-64.8597719999999924
0
LINE
8
BLACK
6
CONTINUOUS
10
154.4572369999999921
20
-64.8597719999999924
11
154.3327620000000024
21
-64.9033289999999994
0
LINE
8
BLACK
6
CONTINUOUS
10
154.3327620000000024
20
-64.9033289999999994
11
154.2266459999999881
21
-64.9816459999999978
0
LINE
8
BLACK
6
CONTINUOUS
10
154.2266459999999881
20
-64.9816459999999978
11
154.1483289999999897
21
-65.0877619999999979
0
LINE
8
BLACK
6
CONTINUOUS
10
154.1483289999999897
20
-65.0877619999999979
11
154.104771999999997
21
-65.2122370000000018
0
LINE
8
BLACK
6
CONTINUOUS
10
154.104771999999997
20
-65.2122370000000018
11
154.104770000000002
21
-65.2122489999999999
0
LINE
8
BLACK
6
CONTINUOUS
10
154.104770000000002
20
-65.2122489999999999
11
154.1020000000000039
21
-65.2417909999999921
0
LINE
8
BLACK
6
CONTINUOUS
10
154.1020000000000039
20
-65.2417909999999921
11
154.1020000000000039
21
-65.2819999999999965
0
LINE
8
BLACK
6
CONTINUOUS
10
154.1020000000000039
20
-65.2819999999999965
11
154.3044859999999971
21
-65.2819999999999965
0
LINE
8
BLACK
6
CONTINUOUS
10
154.3044859999999971
20
-65.2819999999999965
11
154.3200789999999927
21
-65.2036129999999901
0
LINE
8
BLACK
6
CONTINUOUS
10
154.3200789999999927
20
-65.2036129999999901
11
154.3715619999999831
21
-65.1265619999999927
0
LINE
8
BLACK
6
CONTINUOUS
10
154.3715619999999831
20
-65.1265619999999927
11
154.4486129999999946
21
-65.0750790000000023
0
LINE
8
BLACK
6
CONTINUOUS
10
154.4486129999999946
20
-65.0750790000000023
11
154.5395000000000039
21
-65.0570000000000022
0
LINE
8
BLACK
6
CONTINUOUS
10
154.5395000000000039
20
-65.0570000000000022
11
154.5894999999999868
21
-65.0570000000000022
0
LINE
8
BLACK
6
CONTINUOUS
10
154.5894999999999868
20
-65.0570000000000022
11
154.5894999999999868
21
-64.8569999999999993
0
LINE
8
BLACK
6
CONTINUOUS
10
154.5894999999999868
20
-64.8569999999999993
11
154.4867919999999799
21
-64.8569999999999993
0
LINE
8
BLACK
6
CONTINUOUS
10
154.4867919999999799
20
-64.8569999999999993
11
154.4572489999999902
21
-64.8597699999999975
0
LINE
8
BLACK
6
CONTINUOUS
10
143.3810000000000002
20
-78.23599999999999
11
143.5834859999999935
21
-78.23599999999999
0
LINE
8
BLACK
6
CONTINUOUS
10
143.5834859999999935
20
-78.23599999999999
11
143.599078999999989
21
-78.1576129999999978
0
LINE
8
BLACK
6
CONTINUOUS
10
143.599078999999989
20
-78.1576129999999978
11
143.6505619999999794
21
-78.0805620000000005
0
LINE
8
BLACK
6
CONTINUOUS
10
143.6505619999999794
20
-78.0805620000000005
11
143.727612999999991
21
-78.0290789999999959
0
LINE
8
BLACK
6
CONTINUOUS
10
143.727612999999991
20
-78.0290789999999959
11
143.8185000000000002
21
-78.0109999999999957
0
LINE
8
BLACK
6
CONTINUOUS
10
143.8185000000000002
20
-78.0109999999999957
11
143.8684999999999832
21
-78.0109999999999957
0
LINE
8
BLACK
6
CONTINUOUS
10
143.8684999999999832
20
-78.0109999999999957
11
143.8684999999999832
21
-77.8109999999999928
0
LINE
8
BLACK
6
CONTINUOUS
10
143.8684999999999832
20
-77.8109999999999928
11
143.7657920000000047
21
-77.8109999999999928
0
LINE
8
BLACK
6
CONTINUOUS
10
143.7657920000000047
20
-77.8109999999999928
11
143.7362489999999866
21
-77.813769999999991
0
LINE
8
BLACK
6
CONTINUOUS
10
143.7362489999999866
20
-77.813769999999991
11
143.7362369999999885
21
-77.8137720000000002
0
LINE
8
BLACK
6
CONTINUOUS
10
143.7362369999999885
20
-77.8137720000000002
11
143.6117619999999988
21
-77.8573289999999929
0
LINE
8
BLACK
6
CONTINUOUS
10
143.6117619999999988
20
-77.8573289999999929
11
143.5056459999999845
21
-77.9356459999999913
0
LINE
8
BLACK
6
CONTINUOUS
10
143.5056459999999845
20
-77.9356459999999913
11
143.4273289999999861
21
-78.0417619999999914
0
LINE
8
BLACK
6
CONTINUOUS
10
143.4273289999999861
20
-78.0417619999999914
11
143.3837719999999933
21
-78.1662369999999953
0
LINE
8
BLACK
6
CONTINUOUS
10
143.3837719999999933
20
-78.1662369999999953
11
143.3837699999999984
21
-78.1662489999999934
0
LINE
8
BLACK
6
CONTINUOUS
10
143.3837699999999984
20
-78.1662489999999934
11
143.3810000000000002
21
-78.1957909999999998
0
LINE
8
BLACK
6
CONTINUOUS
10
143.3810000000000002
20
-78.1957909999999998
11
143.3810000000000002
21
-78.23599999999999
0
LINE
8
BLACK
6
CONTINUOUS
10
153.2489999999999952
20
-77.8815000000000026
11
153.4489999999999839
21
-77.8815000000000026
0
LINE
8
BLACK
6
CONTINUOUS
10
153.4489999999999839
20
-77.8815000000000026
11
153.4489999999999839
21
-77.8314999999999912
0
LINE
8
BLACK
6
CONTINUOUS
10
153.4489999999999839
20
-77.8314999999999912
11
153.467078999999984
21
-77.7406129999999962
0
LINE
8
BLACK
6
CONTINUOUS
10
153.467078999999984
20
-77.7406129999999962
11
153.5185620000000029
21
-77.6635619999999989
0
LINE
8
BLACK
6
CONTINUOUS
10
153.5185620000000029
20
-77.6635619999999989
11
153.595612999999986
21
-77.6120789999999943
0
LINE
8
BLACK
6
CONTINUOUS
10
153.595612999999986
20
-77.6120789999999943
11
153.6740000000000066
21
-77.5964859999999987
0
LINE
8
BLACK
6
CONTINUOUS
10
153.6740000000000066
20
-77.5964859999999987
11
153.6740000000000066
21
-77.3939999999999912
0
LINE
8
BLACK
6
CONTINUOUS
10
153.6740000000000066
20
-77.3939999999999912
11
153.6337919999999997
21
-77.3939999999999912
0
LINE
8
BLACK
6
CONTINUOUS
10
153.6337919999999997
20
-77.3939999999999912
11
153.6042489999999816
21
-77.3967699999999894
0
LINE
8
BLACK
6
CONTINUOUS
10
153.6042489999999816
20
-77.3967699999999894
11
153.6042369999999835
21
-77.3967719999999986
0
LINE
8
BLACK
6
CONTINUOUS
10
153.6042369999999835
20
-77.3967719999999986
11
153.4797619999999938
21
-77.4403289999999913
0
LINE
8
BLACK
6
CONTINUOUS
10
153.4797619999999938
20
-77.4403289999999913
11
153.3736459999999795
21
-77.5186459999999897
0
LINE
8
BLACK
6
CONTINUOUS
10
153.3736459999999795
20
-77.5186459999999897
11
153.2953289999999811
21
-77.6247619999999898
0
LINE
8
BLACK
6
CONTINUOUS
10
153.2953289999999811
20
-77.6247619999999898
11
153.2517719999999883
21
-77.7492369999999937
0
LINE
8
BLACK
6
CONTINUOUS
10
153.2517719999999883
20
-77.7492369999999937
11
153.2517699999999934
21
-77.7492489999999918
0
LINE
8
BLACK
6
CONTINUOUS
10
153.2517699999999934
20
-77.7492489999999918
11
153.2489999999999952
21
-77.7787909999999982
0
LINE
8
BLACK
6
CONTINUOUS
10
153.2489999999999952
20
-77.7787909999999982
11
153.2489999999999952
21
-77.8815000000000026
0
LINE
8
BLACK
6
CONTINUOUS
10
143.4552079999999989
20
-77.6370000000000005
11
143.4847499999999911
21
-77.6342289999999906
0
LINE
8
BLACK
6
CONTINUOUS
10
143.4847499999999911
20
-77.6342289999999906
11
143.4847619999999893
21
-77.6342269999999957
0
LINE
8
BLACK
6
CONTINUOUS
10
143.4847619999999893
20
-77.6342269999999957
11
143.6092370000000074
21
-77.5906700000000029
0
LINE
8
BLACK
6
CONTINUOUS
10
143.6092370000000074
20
-77.5906700000000029
11
143.7153529999999932
21
-77.5123529999999903
0
LINE
8
BLACK
6
CONTINUOUS
10
143.7153529999999932
20
-77.5123529999999903
11
143.7936699999999917
21
-77.4062369999999902
0
LINE
8
BLACK
6
CONTINUOUS
10
143.7936699999999917
20
-77.4062369999999902
11
143.8372269999999844
21
-77.2817620000000005
0
LINE
8
BLACK
6
CONTINUOUS
10
143.8372269999999844
20
-77.2817620000000005
11
143.8372289999999794
21
-77.2817500000000024
0
LINE
8
BLACK
6
CONTINUOUS
10
143.8372289999999794
20
-77.2817500000000024
11
143.8400000000000034
21
-77.252207999999996
0
LINE
8
BLACK
6
CONTINUOUS
10
143.8400000000000034
20
-77.252207999999996
11
143.8400000000000034
21
-77.2120000000000033
0
LINE
8
BLACK
6
CONTINUOUS
10
143.8400000000000034
20
-77.2120000000000033
11
143.6375139999999817
21
-77.2120000000000033
0
LINE
8
BLACK
6
CONTINUOUS
10
143.6375139999999817
20
-77.2120000000000033
11
143.6219209999999862
21
-77.2903869999999955
0
LINE
8
BLACK
6
CONTINUOUS
10
143.6219209999999862
20
-77.2903869999999955
11
143.5704379999999958
21
-77.3674379999999928
0
LINE
8
BLACK
6
CONTINUOUS
10
143.5704379999999958
20
-77.3674379999999928
11
143.4933869999999843
21
-77.4189209999999974
0
LINE
8
BLACK
6
CONTINUOUS
10
143.4933869999999843
20
-77.4189209999999974
11
143.4025000000000034
21
-77.4369999999999976
0
LINE
8
BLACK
6
CONTINUOUS
10
143.4025000000000034
20
-77.4369999999999976
11
143.352499999999992
21
-77.4369999999999976
0
LINE
8
BLACK
6
CONTINUOUS
10
143.352499999999992
20
-77.4369999999999976
11
143.352499999999992
21
-77.6370000000000005
0
LINE
8
BLACK
6
CONTINUOUS
10
143.352499999999992
20
-77.6370000000000005
11
143.4552079999999989
21
-77.6370000000000005
0
LINE
8
BLACK
6
CONTINUOUS
10
155.029769999999985
20
-76.7357499999999959
11
155.0297719999999799
21
-76.735761999999994
0
LINE
8
BLACK
6
CONTINUOUS
10
155.0297719999999799
20
-76.735761999999994
11
155.0733290000000011
21
-76.8602369999999979
0
LINE
8
BLACK
6
CONTINUOUS
10
155.0733290000000011
20
-76.8602369999999979
11
155.1516459999999995
21
-76.966352999999998
0
LINE
8
BLACK
6
CONTINUOUS
10
155.1516459999999995
20
-76.966352999999998
11
155.2577619999999854
21
-77.0446699999999964
0
LINE
8
BLACK
6
CONTINUOUS
10
155.2577619999999854
20
-77.0446699999999964
11
155.3822370000000035
21
-77.0882270000000034
0
LINE
8
BLACK
6
CONTINUOUS
10
155.3822370000000035
20
-77.0882270000000034
11
155.3822490000000016
21
-77.0882289999999983
0
LINE
8
BLACK
6
CONTINUOUS
10
155.3822490000000016
20
-77.0882289999999983
11
155.4117919999999913
21
-77.090999999999994
0
LINE
8
BLACK
6
CONTINUOUS
10
155.4117919999999913
20
-77.090999999999994
11
155.4519999999999982
21
-77.090999999999994
0
LINE
8
BLACK
6
CONTINUOUS
10
155.4519999999999982
20
-77.090999999999994
11
155.4519999999999982
21
-76.8885130000000032
0
LINE
8
BLACK
6
CONTINUOUS
10
155.4519999999999982
20
-76.8885130000000032
11
155.373613000000006
21
-76.872920999999991
0
LINE
8
BLACK
6
CONTINUOUS
10
155.373613000000006
20
-76.872920999999991
11
155.2965619999999944
21
-76.8214380000000006
0
LINE
8
BLACK
6
CONTINUOUS
10
155.2965619999999944
20
-76.8214380000000006
11
155.245079000000004
21
-76.7443870000000032
0
LINE
8
BLACK
6
CONTINUOUS
10
155.245079000000004
20
-76.7443870000000032
11
155.2270000000000039
21
-76.653499999999994
0
LINE
8
BLACK
6
CONTINUOUS
10
155.2270000000000039
20
-76.653499999999994
11
155.2270000000000039
21
-76.6034999999999968
0
LINE
8
BLACK
6
CONTINUOUS
10
155.2270000000000039
20
-76.6034999999999968
11
155.0269999999999868
21
-76.6034999999999968
0
LINE
8
BLACK
6
CONTINUOUS
10
155.0269999999999868
20
-76.6034999999999968
11
155.0269999999999868
21
-76.7062079999999895
0
LINE
8
BLACK
6
CONTINUOUS
10
155.0269999999999868
20
-76.7062079999999895
11
155.029769999999985
21
-76.7357499999999959
0
LINE
8
BLACK
6
CONTINUOUS
10
142.3649999999999807
20
-76.7120000000000033
11
142.5674860000000024
21
-76.7120000000000033
0
LINE
8
BLACK
6
CONTINUOUS
10
142.5674860000000024
20
-76.7120000000000033
11
142.5830789999999979
21
-76.6336129999999969
0
LINE
8
BLACK
6
CONTINUOUS
10
142.5830789999999979
20
-76.6336129999999969
11
142.6345619999999883
21
-76.5565619999999996
0
LINE
8
BLACK
6
CONTINUOUS
10
142.6345619999999883
20
-76.5565619999999996
11
142.7116129999999998
21
-76.5050789999999949
0
LINE
8
BLACK
6
CONTINUOUS
10
142.7116129999999998
20
-76.5050789999999949
11
142.8024999999999807
21
-76.4869999999999948
0
LINE
8
BLACK
6
CONTINUOUS
10
142.8024999999999807
20
-76.4869999999999948
11
142.852499999999992
21
-76.4869999999999948
0
LINE
8
BLACK
6
CONTINUOUS
10
142.852499999999992
20
-76.4869999999999948
11
142.852499999999992
21
-76.2869999999999919
0
LINE
8
BLACK
6
CONTINUOUS
10
142.852499999999992
20
-76.2869999999999919
11
142.7497919999999851
21
-76.2869999999999919
0
LINE
8
BLACK
6
CONTINUOUS
10
142.7497919999999851
20
-76.2869999999999919
11
142.7202489999999955
21
-76.2897699999999901
0
LINE
8
BLACK
6
CONTINUOUS
10
142.7202489999999955
20
-76.2897699999999901
11
142.7202369999999974
21
-76.2897719999999993
0
LINE
8
BLACK
6
CONTINUOUS
10
142.7202369999999974
20
-76.2897719999999993
11
142.5957620000000077
21
-76.333328999999992
0
LINE
8
BLACK
6
CONTINUOUS
10
142.5957620000000077
20
-76.333328999999992
11
142.4896459999999934
21
-76.4116459999999904
0
LINE
8
BLACK
6
CONTINUOUS
10
142.4896459999999934
20
-76.4116459999999904
11
142.4113289999999949
21
-76.5177619999999905
0
LINE
8
BLACK
6
CONTINUOUS
10
142.4113289999999949
20
-76.5177619999999905
11
142.3677720000000022
21
-76.6422369999999944
0
LINE
8
BLACK
6
CONTINUOUS
10
142.3677720000000022
20
-76.6422369999999944
11
142.3677700000000073
21
-76.6422489999999925
0
LINE
8
BLACK
6
CONTINUOUS
10
142.3677700000000073
20
-76.6422489999999925
11
142.3649999999999807
21
-76.6717909999999989
0
LINE
8
BLACK
6
CONTINUOUS
10
142.3649999999999807
20
-76.6717909999999989
11
142.3649999999999807
21
-76.7120000000000033
0
LINE
8
BLACK
6
CONTINUOUS
10
155.0269999999999868
20
-76.1034999999999968
11
155.2270000000000039
21
-76.1034999999999968
0
LINE
8
BLACK
6
CONTINUOUS
10
155.2270000000000039
20
-76.1034999999999968
11
155.2270000000000039
21
-76.0534999999999997
0
LINE
8
BLACK
6
CONTINUOUS
10
155.2270000000000039
20
-76.0534999999999997
11
155.245079000000004
21
-75.9626129999999904
0
LINE
8
BLACK
6
CONTINUOUS
10
155.245079000000004
20
-75.9626129999999904
11
155.2965619999999944
21
-75.8855619999999931
0
LINE
8
BLACK
6
CONTINUOUS
10
155.2965619999999944
20
-75.8855619999999931
11
155.373613000000006
21
-75.8340790000000027
0
LINE
8
BLACK
6
CONTINUOUS
10
155.373613000000006
20
-75.8340790000000027
11
155.4519999999999982
21
-75.8184859999999929
0
LINE
8
BLACK
6
CONTINUOUS
10
155.4519999999999982
20
-75.8184859999999929
11
155.4519999999999982
21
-75.6159999999999997
0
LINE
8
BLACK
6
CONTINUOUS
10
155.4519999999999982
20
-75.6159999999999997
11
155.4117919999999913
21
-75.6159999999999997
0
LINE
8
BLACK
6
CONTINUOUS
10
155.4117919999999913
20
-75.6159999999999997
11
155.3822490000000016
21
-75.6187699999999978
0
LINE
8
BLACK
6
CONTINUOUS
10
155.3822490000000016
20
-75.6187699999999978
11
155.3822370000000035
21
-75.6187719999999928
0
LINE
8
BLACK
6
CONTINUOUS
10
155.3822370000000035
20
-75.6187719999999928
11
155.2577619999999854
21
-75.6623289999999997
0
LINE
8
BLACK
6
CONTINUOUS
10
155.2577619999999854
20
-75.6623289999999997
11
155.1516459999999995
21
-75.7406459999999981
0
LINE
8
BLACK
6
CONTINUOUS
10
155.1516459999999995
20
-75.7406459999999981
11
155.0733290000000011
21
-75.8467619999999982
0
LINE
8
BLACK
6
CONTINUOUS
10
155.0733290000000011
20
-75.8467619999999982
11
155.0297719999999799
21
-75.9712370000000021
0
LINE
8
BLACK
6
CONTINUOUS
10
155.0297719999999799
20
-75.9712370000000021
11
155.029769999999985
21
-75.9712490000000003
0
LINE
8
BLACK
6
CONTINUOUS
10
155.029769999999985
20
-75.9712490000000003
11
155.0269999999999868
21
-76.0007909999999924
0
LINE
8
BLACK
6
CONTINUOUS
10
155.0269999999999868
20
-76.0007909999999924
11
155.0269999999999868
21
-76.1034999999999968
0
LINE
8
BLACK
6
CONTINUOUS
10
154.104770000000002
20
-65.8517499999999956
11
154.104771999999997
21
-65.8517619999999937
0
LINE
8
BLACK
6
CONTINUOUS
10
154.104771999999997
20
-65.8517619999999937
11
154.1483289999999897
21
-65.9762369999999976
0
LINE
8
BLACK
6
CONTINUOUS
10
154.1483289999999897
20
-65.9762369999999976
11
154.2266459999999881
21
-66.0823529999999977
0
LINE
8
BLACK
6
CONTINUOUS
10
154.2266459999999881
20
-66.0823529999999977
11
154.3327620000000024
21
-66.1606699999999961
0
LINE
8
BLACK
6
CONTINUOUS
10
154.3327620000000024
20
-66.1606699999999961
11
154.4572369999999921
21
-66.204227000000003
0
LINE
8
BLACK
6
CONTINUOUS
10
154.4572369999999921
20
-66.204227000000003
11
154.4572489999999902
21
-66.204228999999998
0
LINE
8
BLACK
6
CONTINUOUS
10
154.4572489999999902
20
-66.204228999999998
11
154.4867919999999799
21
-66.2069999999999936
0
LINE
8
BLACK
6
CONTINUOUS
10
154.4867919999999799
20
-66.2069999999999936
11
154.5894999999999868
21
-66.2069999999999936
0
LINE
8
BLACK
6
CONTINUOUS
10
154.5894999999999868
20
-66.2069999999999936
11
154.5894999999999868
21
-66.0069999999999908
0
LINE
8
BLACK
6
CONTINUOUS
10
154.5894999999999868
20
-66.0069999999999908
11
154.5395000000000039
21
-66.0069999999999908
0
LINE
8
BLACK
6
CONTINUOUS
10
154.5395000000000039
20
-66.0069999999999908
11
154.4486129999999946
21
-65.9889209999999906
0
LINE
8
BLACK
6
CONTINUOUS
10
154.4486129999999946
20
-65.9889209999999906
11
154.3715619999999831
21
-65.9374380000000002
0
LINE
8
BLACK
6
CONTINUOUS
10
154.3715619999999831
20
-65.9374380000000002
11
154.3200789999999927
21
-65.8603870000000029
0
LINE
8
BLACK
6
CONTINUOUS
10
154.3200789999999927
20
-65.8603870000000029
11
154.3044859999999971
21
-65.7819999999999965
0
LINE
8
BLACK
6
CONTINUOUS
10
154.3044859999999971
20
-65.7819999999999965
11
154.1020000000000039
21
-65.7819999999999965
0
LINE
8
BLACK
6
CONTINUOUS
10
154.1020000000000039
20
-65.7819999999999965
11
154.1020000000000039
21
-65.8222080000000034
0
LINE
8
BLACK
6
CONTINUOUS
10
154.1020000000000039
20
-65.8222080000000034
11
154.104770000000002
21
-65.8517499999999956
0
LINE
8
BLACK
6
CONTINUOUS
10
145.8857699999999795
20
-65.5067499999999967
11
145.8857720000000029
21
-65.5067619999999948
0
LINE
8
BLACK
6
CONTINUOUS
10
145.8857720000000029
20
-65.5067619999999948
11
145.9293289999999956
21
-65.6312369999999987
0
LINE
8
BLACK
6
CONTINUOUS
10
145.9293289999999956
20
-65.6312369999999987
11
146.007645999999994
21
-65.7373529999999988
0
LINE
8
BLACK
6
CONTINUOUS
10
146.007645999999994
20
-65.7373529999999988
11
146.1137619999999799
21
-65.8156699999999972
0
LINE
8
BLACK
6
CONTINUOUS
10
146.1137619999999799
20
-65.8156699999999972
11
146.238236999999998
21
-65.85922699999999
0
LINE
8
BLACK
6
CONTINUOUS
10
146.238236999999998
20
-65.85922699999999
11
146.2382489999999962
21
-65.8592289999999991
0
LINE
8
BLACK
6
CONTINUOUS
10
146.2382489999999962
20
-65.8592289999999991
11
146.2677919999999858
21
-65.8619999999999948
0
LINE
8
BLACK
6
CONTINUOUS
10
146.2677919999999858
20
-65.8619999999999948
11
146.3079999999999927
21
-65.8619999999999948
0
LINE
8
BLACK
6
CONTINUOUS
10
146.3079999999999927
20
-65.8619999999999948
11
146.3079999999999927
21
-65.659513000000004
0
LINE
8
BLACK
6
CONTINUOUS
10
146.3079999999999927
20
-65.659513000000004
11
146.2296130000000005
21
-65.6439209999999917
0
LINE
8
BLACK
6
CONTINUOUS
10
146.2296130000000005
20
-65.6439209999999917
11
146.152561999999989
21
-65.5924380000000014
0
LINE
8
BLACK
6
CONTINUOUS
10
146.152561999999989
20
-65.5924380000000014
11
146.1010789999999986
21
-65.515387000000004
0
LINE
8
BLACK
6
CONTINUOUS
10
146.1010789999999986
20
-65.515387000000004
11
146.0829999999999984
21
-65.4244999999999948
0
LINE
8
BLACK
6
CONTINUOUS
10
146.0829999999999984
20
-65.4244999999999948
11
146.0829999999999984
21
-65.3744999999999976
0
LINE
8
BLACK
6
CONTINUOUS
10
146.0829999999999984
20
-65.3744999999999976
11
145.8829999999999814
21
-65.3744999999999976
0
LINE
8
BLACK
6
CONTINUOUS
10
145.8829999999999814
20
-65.3744999999999976
11
145.8829999999999814
21
-65.4772079999999903
0
LINE
8
BLACK
6
CONTINUOUS
10
145.8829999999999814
20
-65.4772079999999903
11
145.8857699999999795
21
-65.5067499999999967
0
LINE
8
BLACK
6
CONTINUOUS
10
149.4417699999999911
20
-65.5067499999999967
11
149.4417719999999861
21
-65.5067619999999948
0
LINE
8
BLACK
6
CONTINUOUS
10
149.4417719999999861
20
-65.5067619999999948
11
149.4853290000000072
21
-65.6312369999999987
0
LINE
8
BLACK
6
CONTINUOUS
10
149.4853290000000072
20
-65.6312369999999987
11
149.5636460000000056
21
-65.7373529999999988
0
LINE
8
BLACK
6
CONTINUOUS
10
149.5636460000000056
20
-65.7373529999999988
11
149.6697619999999915
21
-65.8156699999999972
0
LINE
8
BLACK
6
CONTINUOUS
10
149.6697619999999915
20
-65.8156699999999972
11
149.7942369999999812
21
-65.85922699999999
0
LINE
8
BLACK
6
CONTINUOUS
10
149.7942369999999812
20
-65.85922699999999
11
149.7942489999999793
21
-65.8592289999999991
0
LINE
8
BLACK
6
CONTINUOUS
10
149.7942489999999793
20
-65.8592289999999991
11
149.8237919999999974
21
-65.8619999999999948
0
LINE
8
BLACK
6
CONTINUOUS
10
149.8237919999999974
20
-65.8619999999999948
11
149.8640000000000043
21
-65.8619999999999948
0
LINE
8
BLACK
6
CONTINUOUS
10
149.8640000000000043
20
-65.8619999999999948
11
149.8640000000000043
21
-65.659513000000004
0
LINE
8
BLACK
6
CONTINUOUS
10
149.8640000000000043
20
-65.659513000000004
11
149.7856129999999837
21
-65.6439209999999917
0
LINE
8
BLACK
6
CONTINUOUS
10
149.7856129999999837
20
-65.6439209999999917
11
149.7085620000000006
21
-65.5924380000000014
0
LINE
8
BLACK
6
CONTINUOUS
10
149.7085620000000006
20
-65.5924380000000014
11
149.6570789999999818
21
-65.515387000000004
0
LINE
8
BLACK
6
CONTINUOUS
10
149.6570789999999818
20
-65.515387000000004
11
149.6389999999999816
21
-65.4244999999999948
0
LINE
8
BLACK
6
CONTINUOUS
10
149.6389999999999816
20
-65.4244999999999948
11
149.6389999999999816
21
-65.3744999999999976
0
LINE
8
BLACK
6
CONTINUOUS
10
149.6389999999999816
20
-65.3744999999999976
11
149.438999999999993
21
-65.3744999999999976
0
LINE
8
BLACK
6
CONTINUOUS
10
149.438999999999993
20
-65.3744999999999976
11
149.438999999999993
21
-65.4772079999999903
0
LINE
8
BLACK
6
CONTINUOUS
10
149.438999999999993
20
-65.4772079999999903
11
149.4417699999999911
21
-65.5067499999999967
0
LINE
8
BLACK
6
CONTINUOUS
10
151.7277699999999925
20
-65.5067499999999967
11
151.7277719999999874
21
-65.5067619999999948
0
LINE
8
BLACK
6
CONTINUOUS
10
151.7277719999999874
20
-65.5067619999999948
11
151.7713289999999802
21
-65.6312369999999987
0
LINE
8
BLACK
6
CONTINUOUS
10
151.7713289999999802
20
-65.6312369999999987
11
151.849646000000007
21
-65.7373529999999988
0
LINE
8
BLACK
6
CONTINUOUS
10
151.849646000000007
20
-65.7373529999999988
11
151.9557619999999929
21
-65.8156699999999972
0
LINE
8
BLACK
6
CONTINUOUS
10
151.9557619999999929
20
-65.8156699999999972
11
152.0802369999999826
21
-65.85922699999999
0
LINE
8
BLACK
6
CONTINUOUS
10
152.0802369999999826
20
-65.85922699999999
11
152.0802489999999807
21
-65.8592289999999991
0
LINE
8
BLACK
6
CONTINUOUS
10
152.0802489999999807
20
-65.8592289999999991
11
152.1097919999999988
21
-65.8619999999999948
0
LINE
8
BLACK
6
CONTINUOUS
10
152.1097919999999988
20
-65.8619999999999948
11
152.1500000000000057
21
-65.8619999999999948
0
LINE
8
BLACK
6
CONTINUOUS
10
152.1500000000000057
20
-65.8619999999999948
11
152.1500000000000057
21
-65.659513000000004
0
LINE
8
BLACK
6
CONTINUOUS
10
152.1500000000000057
20
-65.659513000000004
11
152.071612999999985
21
-65.6439209999999917
0
LINE
8
BLACK
6
CONTINUOUS
10
152.071612999999985
20
-65.6439209999999917
11
151.9945620000000019
21
-65.5924380000000014
0
LINE
8
BLACK
6
CONTINUOUS
10
151.9945620000000019
20
-65.5924380000000014
11
151.9430789999999831
21
-65.515387000000004
0
LINE
8
BLACK
6
CONTINUOUS
10
151.9430789999999831
20
-65.515387000000004
11
151.9249999999999829
21
-65.4244999999999948
0
LINE
8
BLACK
6
CONTINUOUS
10
151.9249999999999829
20
-65.4244999999999948
11
151.9249999999999829
21
-65.3744999999999976
0
LINE
8
BLACK
6
CONTINUOUS
10
151.9249999999999829
20
-65.3744999999999976
11
151.7249999999999943
21
-65.3744999999999976
0
LINE
8
BLACK
6
CONTINUOUS
10
151.7249999999999943
20
-65.3744999999999976
11
151.7249999999999943
21
-65.4772079999999903
0
LINE
8
BLACK
6
CONTINUOUS
10
151.7249999999999943
20
-65.4772079999999903
11
151.7277699999999925
21
-65.5067499999999967
0
LINE
8
BLACK
6
CONTINUOUS
10
126.0783869999999922
20
-75.593079000000003
11
126.1554379999999895
21
-75.6445619999999934
0
LINE
8
BLACK
6
CONTINUOUS
10
126.1554379999999895
20
-75.6445619999999934
11
126.2069209999999941
21
-75.7216129999999907
0
LINE
8
BLACK
6
CONTINUOUS
10
126.2069209999999941
20
-75.7216129999999907
11
126.2249999999999943
21
-75.8125
0
LINE
8
BLACK
6
CONTINUOUS
10
126.2249999999999943
20
-75.8125
11
126.2249999999999943
21
-76.4124999999999943
0
LINE
8
BLACK
6
CONTINUOUS
10
126.2249999999999943
20
-76.4124999999999943
11
126.2069209999999941
21
-76.5033870000000036
0
LINE
8
BLACK
6
CONTINUOUS
10
126.2069209999999941
20
-76.5033870000000036
11
126.1554379999999895
21
-76.5804380000000009
0
LINE
8
BLACK
6
CONTINUOUS
10
126.1554379999999895
20
-76.5804380000000009
11
126.0783869999999922
21
-76.6319209999999913
0
LINE
8
BLACK
6
CONTINUOUS
10
126.0783869999999922
20
-76.6319209999999913
11
126.
21
-76.6475130000000036
0
LINE
8
BLACK
6
CONTINUOUS
10
126.
20
-76.6475130000000036
11
126.
21
-77.6355719999999963
0
LINE
8
BLACK
6
CONTINUOUS
10
126.
20
-77.6355719999999963
11
126.0801139999999947
21
-77.6763929999999903
0
LINE
8
BLACK
6
CONTINUOUS
10
126.0801139999999947
20
-77.6763929999999903
11
126.1686069999999944
21
-77.76488599999999
0
LINE
8
BLACK
6
CONTINUOUS
10
126.1686069999999944
20
-77.76488599999999
11
126.2254229999999922
21
-77.8763929999999931
0
LINE
8
BLACK
6
CONTINUOUS
10
126.2254229999999922
20
-77.8763929999999931
11
126.2449999999999903
21
-78.
0
LINE
8
BLACK
6
CONTINUOUS
10
126.2449999999999903
20
-78.
11
126.2254229999999922
21
-78.1236069999999927
0
LINE
8
BLACK
6
CONTINUOUS
10
126.2254229999999922
20
-78.1236069999999927
11
126.1686069999999944
21
-78.2351139999999958
0
LINE
8
BLACK
6
CONTINUOUS
10
126.1686069999999944
20
-78.2351139999999958
11
126.0801139999999947
21
-78.3236069999999955
0
LINE
8
BLACK
6
CONTINUOUS
10
126.0801139999999947
20
-78.3236069999999955
11
125.9686069999999916
21
-78.3804229999999933
0
LINE
8
BLACK
6
CONTINUOUS
10
125.9686069999999916
20
-78.3804229999999933
11
125.8449999999999989
21
-78.3999999999999915
0
LINE
8
BLACK
6
CONTINUOUS
10
125.8449999999999989
20
-78.3999999999999915
11
125.721392999999992
21
-78.3804229999999933
0
LINE
8
BLACK
6
CONTINUOUS
10
125.721392999999992
20
-78.3804229999999933
11
125.6098859999999888
21
-78.3236069999999955
0
LINE
8
BLACK
6
CONTINUOUS
10
125.6098859999999888
20
-78.3236069999999955
11
125.5213929999999891
21
-78.2351139999999958
0
LINE
8
BLACK
6
CONTINUOUS
10
125.5213929999999891
20
-78.2351139999999958
11
125.4645769999999914
21
-78.1236069999999927
0
LINE
8
BLACK
6
CONTINUOUS
10
125.4645769999999914
20
-78.1236069999999927
11
125.4449999999999932
21
-78.
0
LINE
8
BLACK
6
CONTINUOUS
10
125.4449999999999932
20
-78.
11
125.4645769999999914
21
-77.8763929999999931
0
LINE
8
BLACK
6
CONTINUOUS
10
125.4645769999999914
20
-77.8763929999999931
11
125.5
21
-77.806871000000001
0
LINE
8
BLACK
6
CONTINUOUS
10
125.5
20
-77.806871000000001
11
125.5
21
-76.6475130000000036
0
LINE
8
BLACK
6
CONTINUOUS
10
125.5
20
-76.6475130000000036
11
125.4216129999999936
21
-76.6319209999999913
0
LINE
8
BLACK
6
CONTINUOUS
10
125.4216129999999936
20
-76.6319209999999913
11
125.3445619999999963
21
-76.5804380000000009
0
LINE
8
BLACK
6
CONTINUOUS
10
125.3445619999999963
20
-76.5804380000000009
11
125.2930789999999917
21
-76.5033870000000036
0
LINE
8
BLACK
6
CONTINUOUS
10
125.2930789999999917
20
-76.5033870000000036
11
125.2749999999999915
21
-76.4124999999999943
0
LINE
8
BLACK
6
CONTINUOUS
10
125.2749999999999915
20
-76.4124999999999943
11
125.2749999999999915
21
-75.8125
0
LINE
8
BLACK
6
CONTINUOUS
10
125.2749999999999915
20
-75.8125
11
125.2930789999999917
21
-75.7216129999999907
0
LINE
8
BLACK
6
CONTINUOUS
10
125.2930789999999917
20
-75.7216129999999907
11
125.3445619999999963
21
-75.6445619999999934
0
LINE
8
BLACK
6
CONTINUOUS
10
125.3445619999999963
20
-75.6445619999999934
11
125.4216129999999936
21
-75.593079000000003
0
LINE
8
BLACK
6
CONTINUOUS
10
125.4216129999999936
20
-75.593079000000003
11
125.5124999999999886
21
-75.5750000000000028
0
LINE
8
BLACK
6
CONTINUOUS
10
125.5124999999999886
20
-75.5750000000000028
11
125.9874999999999972
21
-75.5750000000000028
0
LINE
8
BLACK
6
CONTINUOUS
10
125.9874999999999972
20
-75.5750000000000028
11
126.0783869999999922
21
-75.593079000000003
0
LINE
8
BLACK
6
CONTINUOUS
10
179.1037079999999833
20
-77.396183999999991
11
179.2234299999999791
21
-77.473124999999996
0
LINE
8
BLACK
6
CONTINUOUS
10
179.2234299999999791
20
-77.473124999999996
11
179.3166269999999827
21
-77.580680000000001
0
LINE
8
BLACK
6
CONTINUOUS
10
179.3166269999999827
20
-77.580680000000001
11
179.3757459999999924
21
-77.7101339999999965
0
LINE
8
BLACK
6
CONTINUOUS
10
179.3757459999999924
20
-77.7101339999999965
11
179.3959999999999866
21
-77.8509999999999991
0
LINE
8
BLACK
6
CONTINUOUS
10
179.3959999999999866
20
-77.8509999999999991
11
179.3757459999999924
21
-77.9918660000000017
0
LINE
8
BLACK
6
CONTINUOUS
10
179.3757459999999924
20
-77.9918660000000017
11
179.3166269999999827
21
-78.1213199999999972
0
LINE
8
BLACK
6
CONTINUOUS
10
179.3166269999999827
20
-78.1213199999999972
11
179.2234299999999791
21
-78.2288750000000022
0
LINE
8
BLACK
6
CONTINUOUS
10
179.2234299999999791
20
-78.2288750000000022
11
179.1037079999999833
21
-78.305815999999993
0
LINE
8
BLACK
6
CONTINUOUS
10
179.1037079999999833
20
-78.305815999999993
11
178.9671569999999861
21
-78.345911000000001
0
LINE
8
BLACK
6
CONTINUOUS
10
178.9671569999999861
20
-78.345911000000001
11
178.8248429999999871
21
-78.345911000000001
0
LINE
8
BLACK
6
CONTINUOUS
10
178.8248429999999871
20
-78.345911000000001
11
178.6882919999999899
21
-78.305815999999993
0
LINE
8
BLACK
6
CONTINUOUS
10
178.6882919999999899
20
-78.305815999999993
11
178.568569999999994
21
-78.2288750000000022
0
LINE
8
BLACK
6
CONTINUOUS
10
178.568569999999994
20
-78.2288750000000022
11
178.4753729999999905
21
-78.1213199999999972
0
LINE
8
BLACK
6
CONTINUOUS
10
178.4753729999999905
20
-78.1213199999999972
11
178.4162539999999808
21
-77.9918660000000017
0
LINE
8
BLACK
6
CONTINUOUS
10
178.4162539999999808
20
-77.9918660000000017
11
178.3959999999999866
21
-77.8509999999999991
0
LINE
8
BLACK
6
CONTINUOUS
10
178.3959999999999866
20
-77.8509999999999991
11
178.4162539999999808
21
-77.7101339999999965
0
LINE
8
BLACK
6
CONTINUOUS
10
178.4162539999999808
20
-77.7101339999999965
11
178.4753729999999905
21
-77.580680000000001
0
LINE
8
BLACK
6
CONTINUOUS
10
178.4753729999999905
20
-77.580680000000001
11
178.568569999999994
21
-77.473124999999996
0
LINE
8
BLACK
6
CONTINUOUS
10
178.568569999999994
20
-77.473124999999996
11
178.6882919999999899
21
-77.396183999999991
0
LINE
8
BLACK
6
CONTINUOUS
10
178.6882919999999899
20
-77.396183999999991
11
178.8248429999999871
21
-77.3560889999999972
0
LINE
8
BLACK
6
CONTINUOUS
10
178.8248429999999871
20
-77.3560889999999972
11
178.9671569999999861
21
-77.3560889999999972
0
LINE
8
BLACK
6
CONTINUOUS
10
178.9671569999999861
20
-77.3560889999999972
11
179.1037079999999833
21
-77.396183999999991
0
LINE
8
BLACK
6
CONTINUOUS
10
133.1283870000000036
20
-75.0730789999999928
11
133.2054379999999867
21
-75.1245619999999974
0
LINE
8
BLACK
6
CONTINUOUS
10
133.2054379999999867
20
-75.1245619999999974
11
133.2569210000000055
21
-75.2016129999999947
0
LINE
8
BLACK
6
CONTINUOUS
10
133.2569210000000055
20
-75.2016129999999947
11
133.2750000000000057
21
-75.2924999999999898
0
LINE
8
BLACK
6
CONTINUOUS
10
133.2750000000000057
20
-75.2924999999999898
11
133.2750000000000057
21
-75.8924999999999983
0
LINE
8
BLACK
6
CONTINUOUS
10
133.2750000000000057
20
-75.8924999999999983
11
133.2569210000000055
21
-75.9833869999999933
0
LINE
8
BLACK
6
CONTINUOUS
10
133.2569210000000055
20
-75.9833869999999933
11
133.2054379999999867
21
-76.0604379999999907
0
LINE
8
BLACK
6
CONTINUOUS
10
133.2054379999999867
20
-76.0604379999999907
11
133.1283870000000036
21
-76.1119209999999953
0
LINE
8
BLACK
6
CONTINUOUS
10
133.1283870000000036
20
-76.1119209999999953
11
133.0374999999999943
21
-76.1299999999999955
0
LINE
8
BLACK
6
CONTINUOUS
10
133.0374999999999943
20
-76.1299999999999955
11
132.9499999999999886
21
-76.1299999999999955
0
LINE
8
BLACK
6
CONTINUOUS
10
132.9499999999999886
20
-76.1299999999999955
11
132.9499999999999886
21
-76.4768679999999961
0
LINE
8
BLACK
6
CONTINUOUS
10
132.9499999999999886
20
-76.4768679999999961
11
133.5777909999999906
21
-77.1046589999999981
0
LINE
8
BLACK
6
CONTINUOUS
10
133.5777909999999906
20
-77.1046589999999981
11
133.6073930000000018
21
-77.0895769999999914
0
LINE
8
BLACK
6
CONTINUOUS
10
133.6073930000000018
20
-77.0895769999999914
11
133.7309999999999945
21
-77.0699999999999932
0
LINE
8
BLACK
6
CONTINUOUS
10
133.7309999999999945
20
-77.0699999999999932
11
133.8546069999999872
21
-77.0895769999999914
0
LINE
8
BLACK
6
CONTINUOUS
10
133.8546069999999872
20
-77.0895769999999914
11
133.9661140000000046
21
-77.1463930000000033
0
LINE
8
BLACK
6
CONTINUOUS
10
133.9661140000000046
20
-77.1463930000000033
11
134.0546070000000043
21
-77.234886000000003
0
LINE
8
BLACK
6
CONTINUOUS
10
134.0546070000000043
20
-77.234886000000003
11
134.111423000000002
21
-77.346392999999992
0
LINE
8
BLACK
6
CONTINUOUS
10
134.111423000000002
20
-77.346392999999992
11
134.1310000000000002
21
-77.4699999999999989
0
LINE
8
BLACK
6
CONTINUOUS
10
134.1310000000000002
20
-77.4699999999999989
11
134.111423000000002
21
-77.5936069999999916
0
LINE
8
BLACK
6
CONTINUOUS
10
134.111423000000002
20
-77.5936069999999916
11
134.0546070000000043
21
-77.7051139999999947
0
LINE
8
BLACK
6
CONTINUOUS
10
134.0546070000000043
20
-77.7051139999999947
11
133.9661140000000046
21
-77.7936069999999944
0
LINE
8
BLACK
6
CONTINUOUS
10
133.9661140000000046
20
-77.7936069999999944
11
133.8546069999999872
21
-77.8504229999999922
0
LINE
8
BLACK
6
CONTINUOUS
10
133.8546069999999872
20
-77.8504229999999922
11
133.7309999999999945
21
-77.8699999999999903
0
LINE
8
BLACK
6
CONTINUOUS
10
133.7309999999999945
20
-77.8699999999999903
11
133.6073930000000018
21
-77.8504229999999922
0
LINE
8
BLACK
6
CONTINUOUS
10
133.6073930000000018
20
-77.8504229999999922
11
133.4958859999999845
21
-77.7936069999999944
0
LINE
8
BLACK
6
CONTINUOUS
10
133.4958859999999845
20
-77.7936069999999944
11
133.4073929999999848
21
-77.7051139999999947
0
LINE
8
BLACK
6
CONTINUOUS
10
133.4073929999999848
20
-77.7051139999999947
11
133.350576999999987
21
-77.5936069999999916
0
LINE
8
BLACK
6
CONTINUOUS
10
133.350576999999987
20
-77.5936069999999916
11
133.3309999999999889
21
-77.4699999999999989
0
LINE
8
BLACK
6
CONTINUOUS
10
133.3309999999999889
20
-77.4699999999999989
11
133.350576999999987
21
-77.346392999999992
0
LINE
8
BLACK
6
CONTINUOUS
10
133.350576999999987
20
-77.346392999999992
11
133.3656589999999937
21
-77.3167909999999949
0
LINE
8
BLACK
6
CONTINUOUS
10
133.3656589999999937
20
-77.3167909999999949
11
132.6939339999999845
21
-76.6450659999999999
0
LINE
8
BLACK
6
CONTINUOUS
10
132.6939339999999845
20
-76.6450659999999999
11
132.6752789999999891
21
-76.6223349999999925
0
LINE
8
BLACK
6
CONTINUOUS
10
132.6752789999999891
20
-76.6223349999999925
11
132.6528820000000053
21
-76.5682630000000017
0
LINE
8
BLACK
6
CONTINUOUS
10
132.6528820000000053
20
-76.5682630000000017
11
132.6500000000000057
21
-76.5390000000000015
0
LINE
8
BLACK
6
CONTINUOUS
10
132.6500000000000057
20
-76.5390000000000015
11
132.6500000000000057
21
-76.1299999999999955
0
LINE
8
BLACK
6
CONTINUOUS
10
132.6500000000000057
20
-76.1299999999999955
11
132.5625
21
-76.1299999999999955
0
LINE
8
BLACK
6
CONTINUOUS
10
132.5625
20
-76.1299999999999955
11
132.4716129999999907
21
-76.1119209999999953
0
LINE
8
BLACK
6
CONTINUOUS
10
132.4716129999999907
20
-76.1119209999999953
11
132.3945620000000076
21
-76.0604379999999907
0
LINE
8
BLACK
6
CONTINUOUS
10
132.3945620000000076
20
-76.0604379999999907
11
132.3430789999999888
21
-75.9833869999999933
0
LINE
8
BLACK
6
CONTINUOUS
10
132.3430789999999888
20
-75.9833869999999933
11
132.3249999999999886
21
-75.8924999999999983
0
LINE
8
BLACK
6
CONTINUOUS
10
132.3249999999999886
20
-75.8924999999999983
11
132.3249999999999886
21
-75.2924999999999898
0
LINE
8
BLACK
6
CONTINUOUS
10
132.3249999999999886
20
-75.2924999999999898
11
132.3430789999999888
21
-75.2016129999999947
0
LINE
8
BLACK
6
CONTINUOUS
10
132.3430789999999888
20
-75.2016129999999947
11
132.3945620000000076
21
-75.1245619999999974
0
LINE
8
BLACK
6
CONTINUOUS
10
132.3945620000000076
20
-75.1245619999999974
11
132.4716129999999907
21
-75.0730789999999928
0
LINE
8
BLACK
6
CONTINUOUS
10
132.4716129999999907
20
-75.0730789999999928
11
132.5625
21
-75.0549999999999926
0
LINE
8
BLACK
6
CONTINUOUS
10
132.5625
20
-75.0549999999999926
11
133.0374999999999943
21
-75.0549999999999926
0
LINE
8
BLACK
6
CONTINUOUS
10
133.0374999999999943
20
-75.0549999999999926
11
133.1283870000000036
21
-75.0730789999999928
0
LINE
8
BLACK
6
CONTINUOUS
10
174.2987729999999829
20
-74.0048039999999929
11
174.3888929999999959
21
-74.0421329999999926
0
LINE
8
BLACK
6
CONTINUOUS
10
174.3888929999999959
20
-74.0421329999999926
11
174.3888969999999858
21
-74.0421369999999968
0
LINE
8
BLACK
6
CONTINUOUS
10
174.3888969999999858
20
-74.0421369999999968
11
174.4267769999999871
21
-74.0732229999999987
0
LINE
8
BLACK
6
CONTINUOUS
10
174.4267769999999871
20
-74.0732229999999987
11
175.2099029999999971
21
-74.856349999999992
0
LINE
8
BLACK
6
CONTINUOUS
10
175.2099029999999971
20
-74.856349999999992
11
175.25
21
-74.8499999999999943
0
LINE
8
BLACK
6
CONTINUOUS
10
175.25
20
-74.8499999999999943
11
175.3736069999999927
21
-74.8695769999999925
0
LINE
8
BLACK
6
CONTINUOUS
10
175.3736069999999927
20
-74.8695769999999925
11
175.4851139999999816
21
-74.9263929999999903
0
LINE
8
BLACK
6
CONTINUOUS
10
175.4851139999999816
20
-74.9263929999999903
11
175.5736069999999813
21
-75.01488599999999
0
LINE
8
BLACK
6
CONTINUOUS
10
175.5736069999999813
20
-75.01488599999999
11
175.6304229999999791
21
-75.1263929999999931
0
LINE
8
BLACK
6
CONTINUOUS
10
175.6304229999999791
20
-75.1263929999999931
11
175.6500000000000057
21
-75.25
0
LINE
8
BLACK
6
CONTINUOUS
10
175.6500000000000057
20
-75.25
11
175.6304229999999791
21
-75.3736069999999927
0
LINE
8
BLACK
6
CONTINUOUS
10
175.6304229999999791
20
-75.3736069999999927
11
175.5736069999999813
21
-75.4851139999999958
0
LINE
8
BLACK
6
CONTINUOUS
10
175.5736069999999813
20
-75.4851139999999958
11
175.4851139999999816
21
-75.5736069999999955
0
LINE
8
BLACK
6
CONTINUOUS
10
175.4851139999999816
20
-75.5736069999999955
11
175.3736069999999927
21
-75.6304229999999933
0
LINE
8
BLACK
6
CONTINUOUS
10
175.3736069999999927
20
-75.6304229999999933
11
175.25
21
-75.6499999999999915
0
LINE
8
BLACK
6
CONTINUOUS
10
175.25
20
-75.6499999999999915
11
175.1263929999999789
21
-75.6304229999999933
0
LINE
8
BLACK
6
CONTINUOUS
10
175.1263929999999789
20
-75.6304229999999933
11
175.01488599999999
21
-75.5736069999999955
0
LINE
8
BLACK
6
CONTINUOUS
10
175.01488599999999
20
-75.5736069999999955
11
174.9263929999999903
21
-75.4851139999999958
0
LINE
8
BLACK
6
CONTINUOUS
10
174.9263929999999903
20
-75.4851139999999958
11
174.8695769999999925
21
-75.3736069999999927
0
LINE
8
BLACK
6
CONTINUOUS
10
174.8695769999999925
20
-75.3736069999999927
11
174.8499999999999943
21
-75.25
0
LINE
8
BLACK
6
CONTINUOUS
10
174.8499999999999943
20
-75.25
11
174.856349999999992
21
-75.2099029999999971
0
LINE
8
BLACK
6
CONTINUOUS
10
174.856349999999992
20
-75.2099029999999971
11
174.1464459999999974
21
-74.5
0
LINE
8
BLACK
6
CONTINUOUS
10
174.1464459999999974
20
-74.5
11
171.8535540000000026
21
-74.5
0
LINE
8
BLACK
6
CONTINUOUS
10
171.8535540000000026
20
-74.5
11
171.1149999999999807
21
-75.2385539999999935
0
LINE
8
BLACK
6
CONTINUOUS
10
171.1149999999999807
20
-75.2385539999999935
11
171.1149999999999807
21
-75.5398799999999966
0
LINE
8
BLACK
6
CONTINUOUS
10
171.1149999999999807
20
-75.5398799999999966
11
171.1210659999999848
21
-75.543933999999993
0
LINE
8
BLACK
6
CONTINUOUS
10
171.1210659999999848
20
-75.543933999999993
11
171.1535820000000001
21
-75.5925969999999978
0
LINE
8
BLACK
6
CONTINUOUS
10
171.1535820000000001
20
-75.5925969999999978
11
171.164999999999992
21
-75.6499999999999915
0
LINE
8
BLACK
6
CONTINUOUS
10
171.164999999999992
20
-75.6499999999999915
11
171.164999999999992
21
-77.2999999999999972
0
LINE
8
BLACK
6
CONTINUOUS
10
171.164999999999992
20
-77.2999999999999972
11
171.1535820000000001
21
-77.3574029999999908
0
LINE
8
BLACK
6
CONTINUOUS
10
171.1535820000000001
20
-77.3574029999999908
11
171.1210659999999848
21
-77.4060659999999956
0
LINE
8
BLACK
6
CONTINUOUS
10
171.1210659999999848
20
-77.4060659999999956
11
171.07240299999998
21
-77.4385819999999967
0
LINE
8
BLACK
6
CONTINUOUS
10
171.07240299999998
20
-77.4385819999999967
11
171.0149999999999864
21
-77.4500000000000028
0
LINE
8
BLACK
6
CONTINUOUS
10
171.0149999999999864
20
-77.4500000000000028
11
170.7150000000000034
21
-77.4500000000000028
0
LINE
8
BLACK
6
CONTINUOUS
10
170.7150000000000034
20
-77.4500000000000028
11
170.6575969999999813
21
-77.4385819999999967
0
LINE
8
BLACK
6
CONTINUOUS
10
170.6575969999999813
20
-77.4385819999999967
11
170.608934000000005
21
-77.4060659999999956
0
LINE
8
BLACK
6
CONTINUOUS
10
170.608934000000005
20
-77.4060659999999956
11
170.5764179999999897
21
-77.3574029999999908
0
LINE
8
BLACK
6
CONTINUOUS
10
170.5764179999999897
20
-77.3574029999999908
11
170.5649999999999977
21
-77.2999999999999972
0
LINE
8
BLACK
6
CONTINUOUS
10
170.5649999999999977
20
-77.2999999999999972
11
170.5649999999999977
21
-75.6499999999999915
0
LINE
8
BLACK
6
CONTINUOUS
10
170.5649999999999977
20
-75.6499999999999915
11
170.5764179999999897
21
-75.5925969999999978
0
LINE
8
BLACK
6
CONTINUOUS
10
170.5764179999999897
20
-75.5925969999999978
11
170.608934000000005
21
-75.543933999999993
0
LINE
8
BLACK
6
CONTINUOUS
10
170.608934000000005
20
-75.543933999999993
11
170.6149999999999807
21
-75.5398799999999966
0
LINE
8
BLACK
6
CONTINUOUS
10
170.6149999999999807
20
-75.5398799999999966
11
170.6149999999999807
21
-75.1349999999999909
0
LINE
8
BLACK
6
CONTINUOUS
10
170.6149999999999807
20
-75.1349999999999909
11
170.6198039999999878
21
-75.0862269999999938
0
LINE
8
BLACK
6
CONTINUOUS
10
170.6198039999999878
20
-75.0862269999999938
11
170.6571329999999875
21
-74.996106999999995
0
LINE
8
BLACK
6
CONTINUOUS
10
170.6571329999999875
20
-74.996106999999995
11
170.6571370000000059
21
-74.9961019999999934
0
LINE
8
BLACK
6
CONTINUOUS
10
170.6571370000000059
20
-74.9961019999999934
11
170.6882229999999936
21
-74.9582229999999896
0
LINE
8
BLACK
6
CONTINUOUS
10
170.6882229999999936
20
-74.9582229999999896
11
171.5732229999999845
21
-74.0732229999999987
0
LINE
8
BLACK
6
CONTINUOUS
10
171.5732229999999845
20
-74.0732229999999987
11
171.6111019999999883
21
-74.0421369999999968
0
LINE
8
BLACK
6
CONTINUOUS
10
171.6111019999999883
20
-74.0421369999999968
11
171.6111070000000041
21
-74.0421329999999926
0
LINE
8
BLACK
6
CONTINUOUS
10
171.6111070000000041
20
-74.0421329999999926
11
171.7012269999999887
21
-74.0048039999999929
0
LINE
8
BLACK
6
CONTINUOUS
10
171.7012269999999887
20
-74.0048039999999929
11
171.75
21
-74.
0
LINE
8
BLACK
6
CONTINUOUS
10
171.75
20
-74.
11
174.25
21
-74.
0
LINE
8
BLACK
6
CONTINUOUS
10
174.25
20
-74.
11
174.2987729999999829
21
-74.0048039999999929
0
LINE
8
BLACK
6
CONTINUOUS
10
141.7683869999999899
20
-76.5050789999999949
11
141.8454380000000015
21
-76.5565619999999996
0
LINE
8
BLACK
6
CONTINUOUS
10
141.8454380000000015
20
-76.5565619999999996
11
141.8969209999999919
21
-76.6336129999999969
0
LINE
8
BLACK
6
CONTINUOUS
10
141.8969209999999919
20
-76.6336129999999969
11
141.914999999999992
21
-76.7244999999999919
0
LINE
8
BLACK
6
CONTINUOUS
10
141.914999999999992
20
-76.7244999999999919
11
141.914999999999992
21
-77.1995000000000005
0
LINE
8
BLACK
6
CONTINUOUS
10
141.914999999999992
20
-77.1995000000000005
11
141.8969209999999919
21
-77.2903869999999955
0
LINE
8
BLACK
6
CONTINUOUS
10
141.8969209999999919
20
-77.2903869999999955
11
141.8454380000000015
21
-77.3674379999999928
0
LINE
8
BLACK
6
CONTINUOUS
10
141.8454380000000015
20
-77.3674379999999928
11
141.7683869999999899
21
-77.4189209999999974
0
LINE
8
BLACK
6
CONTINUOUS
10
141.7683869999999899
20
-77.4189209999999974
11
141.6774999999999807
21
-77.4369999999999976
0
LINE
8
BLACK
6
CONTINUOUS
10
141.6774999999999807
20
-77.4369999999999976
11
141.0774999999999864
21
-77.4369999999999976
0
LINE
8
BLACK
6
CONTINUOUS
10
141.0774999999999864
20
-77.4369999999999976
11
140.9866130000000055
21
-77.4189209999999974
0
LINE
8
BLACK
6
CONTINUOUS
10
140.9866130000000055
20
-77.4189209999999974
11
140.909561999999994
21
-77.3674379999999928
0
LINE
8
BLACK
6
CONTINUOUS
10
140.909561999999994
20
-77.3674379999999928
11
140.8580790000000036
21
-77.2903869999999955
0
LINE
8
BLACK
6
CONTINUOUS
10
140.8580790000000036
20
-77.2903869999999955
11
140.8400000000000034
21
-77.1995000000000005
0
LINE
8
BLACK
6
CONTINUOUS
10
140.8400000000000034
20
-77.1995000000000005
11
140.8400000000000034
21
-77.1404579999999953
0
LINE
8
BLACK
6
CONTINUOUS
10
140.8400000000000034
20
-77.1404579999999953
11
140.3810660000000041
21
-77.1404579999999953
0
LINE
8
BLACK
6
CONTINUOUS
10
140.3810660000000041
20
-77.1404579999999953
11
140.337697999999989
21
-77.2255719999999997
0
LINE
8
BLACK
6
CONTINUOUS
10
140.337697999999989
20
-77.2255719999999997
11
140.2492049999999892
21
-77.3140649999999994
0
LINE
8
BLACK
6
CONTINUOUS
10
140.2492049999999892
20
-77.3140649999999994
11
140.1376980000000003
21
-77.3708809999999971
0
LINE
8
BLACK
6
CONTINUOUS
10
140.1376980000000003
20
-77.3708809999999971
11
140.0140910000000076
21
-77.3904579999999953
0
LINE
8
BLACK
6
CONTINUOUS
10
140.0140910000000076
20
-77.3904579999999953
11
139.8904839999999865
21
-77.3708809999999971
0
LINE
8
BLACK
6
CONTINUOUS
10
139.8904839999999865
20
-77.3708809999999971
11
139.7789769999999976
21
-77.3140649999999994
0
LINE
8
BLACK
6
CONTINUOUS
10
139.7789769999999976
20
-77.3140649999999994
11
139.6904839999999979
21
-77.2255719999999997
0
LINE
8
BLACK
6
CONTINUOUS
10
139.6904839999999979
20
-77.2255719999999997
11
139.6336680000000001
21
-77.1140649999999965
0
LINE
8
BLACK
6
CONTINUOUS
10
139.6336680000000001
20
-77.1140649999999965
11
139.6140910000000019
21
-76.9904579999999896
0
LINE
8
BLACK
6
CONTINUOUS
10
139.6140910000000019
20
-76.9904579999999896
11
139.6336680000000001
21
-76.8668509999999969
0
LINE
8
BLACK
6
CONTINUOUS
10
139.6336680000000001
20
-76.8668509999999969
11
139.6904839999999979
21
-76.7553439999999938
0
LINE
8
BLACK
6
CONTINUOUS
10
139.6904839999999979
20
-76.7553439999999938
11
139.7789769999999976
21
-76.6668509999999941
0
LINE
8
BLACK
6
CONTINUOUS
10
139.7789769999999976
20
-76.6668509999999941
11
139.8904839999999865
21
-76.6100349999999963
0
LINE
8
BLACK
6
CONTINUOUS
10
139.8904839999999865
20
-76.6100349999999963
11
140.0140910000000076
21
-76.5904579999999982
0
LINE
8
BLACK
6
CONTINUOUS
10
140.0140910000000076
20
-76.5904579999999982
11
140.1376980000000003
21
-76.6100349999999963
0
LINE
8
BLACK
6
CONTINUOUS
10
140.1376980000000003
20
-76.6100349999999963
11
140.2492049999999892
21
-76.6668509999999941
0
LINE
8
BLACK
6
CONTINUOUS
10
140.2492049999999892
20
-76.6668509999999941
11
140.337697999999989
21
-76.7553439999999938
0
LINE
8
BLACK
6
CONTINUOUS
10
140.337697999999989
20
-76.7553439999999938
11
140.3810660000000041
21
-76.8404579999999982
0
LINE
8
BLACK
6
CONTINUOUS
10
140.3810660000000041
20
-76.8404579999999982
11
140.8400000000000034
21
-76.8404579999999982
0
LINE
8
BLACK
6
CONTINUOUS
10
140.8400000000000034
20
-76.8404579999999982
11
140.8400000000000034
21
-76.7244999999999919
0
LINE
8
BLACK
6
CONTINUOUS
10
140.8400000000000034
20
-76.7244999999999919
11
140.8580790000000036
21
-76.6336129999999969
0
LINE
8
BLACK
6
CONTINUOUS
10
140.8580790000000036
20
-76.6336129999999969
11
140.909561999999994
21
-76.5565619999999996
0
LINE
8
BLACK
6
CONTINUOUS
10
140.909561999999994
20
-76.5565619999999996
11
140.9866130000000055
21
-76.5050789999999949
0
LINE
8
BLACK
6
CONTINUOUS
10
140.9866130000000055
20
-76.5050789999999949
11
141.0774999999999864
21
-76.4869999999999948
0
LINE
8
BLACK
6
CONTINUOUS
10
141.0774999999999864
20
-76.4869999999999948
11
141.6774999999999807
21
-76.4869999999999948
0
LINE
8
BLACK
6
CONTINUOUS
10
141.6774999999999807
20
-76.4869999999999948
11
141.7683869999999899
21
-76.5050789999999949
0
LINE
8
BLACK
6
CONTINUOUS
10
120.3497079999999926
20
-76.126183999999995
11
120.4694299999999885
21
-76.203125
0
LINE
8
BLACK
6
CONTINUOUS
10
120.4694299999999885
20
-76.203125
11
120.562626999999992
21
-76.3106799999999907
0
LINE
8
BLACK
6
CONTINUOUS
10
120.562626999999992
20
-76.3106799999999907
11
120.6217459999999875
21
-76.4401340000000005
0
LINE
8
BLACK
6
CONTINUOUS
10
120.6217459999999875
20
-76.4401340000000005
11
120.6419999999999959
21
-76.5810000000000031
0
LINE
8
BLACK
6
CONTINUOUS
10
120.6419999999999959
20
-76.5810000000000031
11
120.6217459999999875
21
-76.7218659999999915
0
LINE
8
BLACK
6
CONTINUOUS
10
120.6217459999999875
20
-76.7218659999999915
11
120.562626999999992
21
-76.8513200000000012
0
LINE
8
BLACK
6
CONTINUOUS
10
120.562626999999992
20
-76.8513200000000012
11
120.4694299999999885
21
-76.9588749999999919
0
LINE
8
BLACK
6
CONTINUOUS
10
120.4694299999999885
20
-76.9588749999999919
11
120.3497079999999926
21
-77.035815999999997
0
LINE
8
BLACK
6
CONTINUOUS
10
120.3497079999999926
20
-77.035815999999997
11
120.2131569999999954
21
-77.0759109999999907
0
LINE
8
BLACK
6
CONTINUOUS
10
120.2131569999999954
20
-77.0759109999999907
11
120.0708429999999964
21
-77.0759109999999907
0
LINE
8
BLACK
6
CONTINUOUS
10
120.0708429999999964
20
-77.0759109999999907
11
119.9342919999999992
21
-77.035815999999997
0
LINE
8
BLACK
6
CONTINUOUS
10
119.9342919999999992
20
-77.035815999999997
11
119.8145699999999891
21
-76.9588749999999919
0
LINE
8
BLACK
6
CONTINUOUS
10
119.8145699999999891
20
-76.9588749999999919
11
119.7213729999999998
21
-76.8513200000000012
0
LINE
8
BLACK
6
CONTINUOUS
10
119.7213729999999998
20
-76.8513200000000012
11
119.6622539999999901
21
-76.7218659999999915
0
LINE
8
BLACK
6
CONTINUOUS
10
119.6622539999999901
20
-76.7218659999999915
11
119.6419999999999959
21
-76.5810000000000031
0
LINE
8
BLACK
6
CONTINUOUS
10
119.6419999999999959
20
-76.5810000000000031
11
119.6622539999999901
21
-76.4401340000000005
0
LINE
8
BLACK
6
CONTINUOUS
10
119.6622539999999901
20
-76.4401340000000005
11
119.7213729999999998
21
-76.3106799999999907
0
LINE
8
BLACK
6
CONTINUOUS
10
119.7213729999999998
20
-76.3106799999999907
11
119.8145699999999891
21
-76.203125
0
LINE
8
BLACK
6
CONTINUOUS
10
119.8145699999999891
20
-76.203125
11
119.9342919999999992
21
-76.126183999999995
0
LINE
8
BLACK
6
CONTINUOUS
10
119.9342919999999992
20
-76.126183999999995
11
120.0708429999999964
21
-76.0860890000000012
0
LINE
8
BLACK
6
CONTINUOUS
10
120.0708429999999964
20
-76.0860890000000012
11
120.2131569999999954
21
-76.0860890000000012
0
LINE
8
BLACK
6
CONTINUOUS
10
120.2131569999999954
20
-76.0860890000000012
11
120.3497079999999926
21
-76.126183999999995
0
LINE
8
BLACK
6
CONTINUOUS
10
179.1037079999999833
20
-76.126183999999995
11
179.2234299999999791
21
-76.203125
0
LINE
8
BLACK
6
CONTINUOUS
10
179.2234299999999791
20
-76.203125
11
179.3166269999999827
21
-76.3106799999999907
0
LINE
8
BLACK
6
CONTINUOUS
10
179.3166269999999827
20
-76.3106799999999907
11
179.3757459999999924
21
-76.4401340000000005
0
LINE
8
BLACK
6
CONTINUOUS
10
179.3757459999999924
20
-76.4401340000000005
11
179.3959999999999866
21
-76.5810000000000031
0
LINE
8
BLACK
6
CONTINUOUS
10
179.3959999999999866
20
-76.5810000000000031
11
179.3757459999999924
21
-76.7218659999999915
0
LINE
8
BLACK
6
CONTINUOUS
10
179.3757459999999924
20
-76.7218659999999915
11
179.3166269999999827
21
-76.8513200000000012
0
LINE
8
BLACK
6
CONTINUOUS
10
179.3166269999999827
20
-76.8513200000000012
11
179.2234299999999791
21
-76.9588749999999919
0
LINE
8
BLACK
6
CONTINUOUS
10
179.2234299999999791
20
-76.9588749999999919
11
179.1037079999999833
21
-77.035815999999997
0
LINE
8
BLACK
6
CONTINUOUS
10
179.1037079999999833
20
-77.035815999999997
11
178.9671569999999861
21
-77.0759109999999907
0
LINE
8
BLACK
6
CONTINUOUS
10
178.9671569999999861
20
-77.0759109999999907
11
178.8248429999999871
21
-77.0759109999999907
0
LINE
8
BLACK
6
CONTINUOUS
10
178.8248429999999871
20
-77.0759109999999907
11
178.6882919999999899
21
-77.035815999999997
0
LINE
8
BLACK
6
CONTINUOUS
10
178.6882919999999899
20
-77.035815999999997
11
178.568569999999994
21
-76.9588749999999919
0
LINE
8
BLACK
6
CONTINUOUS
10
178.568569999999994
20
-76.9588749999999919
11
178.4753729999999905
21
-76.8513200000000012
0
LINE
8
BLACK
6
CONTINUOUS
10
178.4753729999999905
20
-76.8513200000000012
11
178.4162539999999808
21
-76.7218659999999915
0
LINE
8
BLACK
6
CONTINUOUS
10
178.4162539999999808
20
-76.7218659999999915
11
178.3959999999999866
21
-76.5810000000000031
0
LINE
8
BLACK
6
CONTINUOUS
10
178.3959999999999866
20
-76.5810000000000031
11
178.4162539999999808
21
-76.4401340000000005
0
LINE
8
BLACK
6
CONTINUOUS
10
178.4162539999999808
20
-76.4401340000000005
11
178.4753729999999905
21
-76.3106799999999907
0
LINE
8
BLACK
6
CONTINUOUS
10
178.4753729999999905
20
-76.3106799999999907
11
178.568569999999994
21
-76.203125
0
LINE
8
BLACK
6
CONTINUOUS
10
178.568569999999994
20
-76.203125
11
178.6882919999999899
21
-76.126183999999995
0
LINE
8
BLACK
6
CONTINUOUS
10
178.6882919999999899
20
-76.126183999999995
11
178.8248429999999871
21
-76.0860890000000012
0
LINE
8
BLACK
6
CONTINUOUS
10
178.8248429999999871
20
-76.0860890000000012
11
178.9671569999999861
21
-76.0860890000000012
0
LINE
8
BLACK
6
CONTINUOUS
10
178.9671569999999861
20
-76.0860890000000012
11
179.1037079999999833
21
-76.126183999999995
0
LINE
8
BLACK
6
CONTINUOUS
10
158.7489300000000014
20
-74.9073309999999992
11
158.8604369999999903
21
-74.964146999999997
0
LINE
8
BLACK
6
CONTINUOUS
10
158.8604369999999903
20
-74.964146999999997
11
158.9489299999999901
21
-75.0526399999999967
0
LINE
8
BLACK
6
CONTINUOUS
10
158.9489299999999901
20
-75.0526399999999967
11
158.9922980000000052
21
-75.137754000000001
0
LINE
8
BLACK
6
CONTINUOUS
10
158.9922980000000052
20
-75.137754000000001
11
162.7677539999999965
21
-75.137754000000001
0
LINE
8
BLACK
6
CONTINUOUS
10
162.7677539999999965
20
-75.137754000000001
11
162.79701799999998
21
-75.1406360000000006
0
LINE
8
BLACK
6
CONTINUOUS
10
162.79701799999998
20
-75.1406360000000006
11
162.8194149999999922
21
-75.149912999999998
0
LINE
8
BLACK
6
CONTINUOUS
10
162.8194149999999922
20
-75.149912999999998
11
162.8510890000000018
21
-75.1630329999999987
0
LINE
8
BLACK
6
CONTINUOUS
10
162.8510890000000018
20
-75.1630329999999987
11
162.8738199999999949
21
-75.1816879999999941
0
LINE
8
BLACK
6
CONTINUOUS
10
162.8738199999999949
20
-75.1816879999999941
11
163.7117910000000052
21
-76.0196589999999901
0
LINE
8
BLACK
6
CONTINUOUS
10
163.7117910000000052
20
-76.0196589999999901
11
163.741392999999988
21
-76.0045769999999976
0
LINE
8
BLACK
6
CONTINUOUS
10
163.741392999999988
20
-76.0045769999999976
11
163.8649999999999807
21
-75.9849999999999994
0
LINE
8
BLACK
6
CONTINUOUS
10
163.8649999999999807
20
-75.9849999999999994
11
163.9886070000000018
21
-76.0045769999999976
0
LINE
8
BLACK
6
CONTINUOUS
10
163.9886070000000018
20
-76.0045769999999976
11
164.1001139999999907
21
-76.0613929999999954
0
LINE
8
BLACK
6
CONTINUOUS
10
164.1001139999999907
20
-76.0613929999999954
11
164.1886069999999904
21
-76.1498859999999951
0
LINE
8
BLACK
6
CONTINUOUS
10
164.1886069999999904
20
-76.1498859999999951
11
164.2454229999999882
21
-76.2613929999999982
0
LINE
8
BLACK
6
CONTINUOUS
10
164.2454229999999882
20
-76.2613929999999982
11
164.2649999999999864
21
-76.3849999999999909
0
LINE
8
BLACK
6
CONTINUOUS
10
164.2649999999999864
20
-76.3849999999999909
11
164.2454229999999882
21
-76.5086069999999978
0
LINE
8
BLACK
6
CONTINUOUS
10
164.2454229999999882
20
-76.5086069999999978
11
164.1886069999999904
21
-76.6201140000000009
0
LINE
8
BLACK
6
CONTINUOUS
10
164.1886069999999904
20
-76.6201140000000009
11
164.1001139999999907
21
-76.7086070000000007
0
LINE
8
BLACK
6
CONTINUOUS
10
164.1001139999999907
20
-76.7086070000000007
11
163.9886070000000018
21
-76.7654229999999984
0
LINE
8
BLACK
6
CONTINUOUS
10
163.9886070000000018
20
-76.7654229999999984
11
163.8649999999999807
21
-76.7849999999999966
0
LINE
8
BLACK
6
CONTINUOUS
10
163.8649999999999807
20
-76.7849999999999966
11
163.741392999999988
21
-76.7654229999999984
0
LINE
8
BLACK
6
CONTINUOUS
10
163.741392999999988
20
-76.7654229999999984
11
163.6298859999999991
21
-76.7086070000000007
0
LINE
8
BLACK
6
CONTINUOUS
10
163.6298859999999991
20
-76.7086070000000007
11
163.5413929999999993
21
-76.6201140000000009
0
LINE
8
BLACK
6
CONTINUOUS
10
163.5413929999999993
20
-76.6201140000000009
11
163.4845770000000016
21
-76.5086069999999978
0
LINE
8
BLACK
6
CONTINUOUS
10
163.4845770000000016
20
-76.5086069999999978
11
163.4650000000000034
21
-76.3849999999999909
0
LINE
8
BLACK
6
CONTINUOUS
10
163.4650000000000034
20
-76.3849999999999909
11
163.4845770000000016
21
-76.2613929999999982
0
LINE
8
BLACK
6
CONTINUOUS
10
163.4845770000000016
20
-76.2613929999999982
11
163.4996589999999799
21
-76.2317910000000012
0
LINE
8
BLACK
6
CONTINUOUS
10
163.4996589999999799
20
-76.2317910000000012
11
162.7056220000000053
21
-75.4377539999999982
0
LINE
8
BLACK
6
CONTINUOUS
10
162.7056220000000053
20
-75.4377539999999982
11
158.9922980000000052
21
-75.4377539999999982
0
LINE
8
BLACK
6
CONTINUOUS
10
158.9922980000000052
20
-75.4377539999999982
11
158.9489299999999901
21
-75.5228680000000026
0
LINE
8
BLACK
6
CONTINUOUS
10
158.9489299999999901
20
-75.5228680000000026
11
158.8604369999999903
21
-75.6113610000000023
0
LINE
8
BLACK
6
CONTINUOUS
10
158.8604369999999903
20
-75.6113610000000023
11
158.7489300000000014
21
-75.668177
0
LINE
8
BLACK
6
CONTINUOUS
10
158.7489300000000014
20
-75.668177
11
158.6253229999999803
21
-75.6877539999999982
0
LINE
8
BLACK
6
CONTINUOUS
10
158.6253229999999803
20
-75.6877539999999982
11
158.5017159999999876
21
-75.668177
0
LINE
8
BLACK
6
CONTINUOUS
10
158.5017159999999876
20
-75.668177
11
158.3902089999999987
21
-75.6113610000000023
0
LINE
8
BLACK
6
CONTINUOUS
10
158.3902089999999987
20
-75.6113610000000023
11
158.301715999999999
21
-75.5228680000000026
0
LINE
8
BLACK
6
CONTINUOUS
10
158.301715999999999
20
-75.5228680000000026
11
158.2449000000000012
21
-75.4113609999999994
0
LINE
8
BLACK
6
CONTINUOUS
10
158.2449000000000012
20
-75.4113609999999994
11
158.225323000000003
21
-75.2877539999999925
0
LINE
8
BLACK
6
CONTINUOUS
10
158.225323000000003
20
-75.2877539999999925
11
158.2449000000000012
21
-75.1641469999999998
0
LINE
8
BLACK
6
CONTINUOUS
10
158.2449000000000012
20
-75.1641469999999998
11
158.301715999999999
21
-75.0526399999999967
0
LINE
8
BLACK
6
CONTINUOUS
10
158.301715999999999
20
-75.0526399999999967
11
158.3902089999999987
21
-74.964146999999997
0
LINE
8
BLACK
6
CONTINUOUS
10
158.3902089999999987
20
-74.964146999999997
11
158.5017159999999876
21
-74.9073309999999992
0
LINE
8
BLACK
6
CONTINUOUS
10
158.5017159999999876
20
-74.9073309999999992
11
158.6253229999999803
21
-74.887754000000001
0
LINE
8
BLACK
6
CONTINUOUS
10
158.6253229999999803
20
-74.887754000000001
11
158.7489300000000014
21
-74.9073309999999992
0
LINE
8
BLACK
6
CONTINUOUS
10
139.5236069999999984
20
-75.8195769999999953
11
139.6351139999999873
21
-75.8763929999999931
0
LINE
8
BLACK
6
CONTINUOUS
10
139.6351139999999873
20
-75.8763929999999931
11
139.723606999999987
21
-75.9648859999999928
0
LINE
8
BLACK
6
CONTINUOUS
10
139.723606999999987
20
-75.9648859999999928
11
139.7804229999999848
21
-76.0763929999999959
0
LINE
8
BLACK
6
CONTINUOUS
10
139.7804229999999848
20
-76.0763929999999959
11
139.7999999999999829
21
-76.2000000000000028
0
LINE
8
BLACK
6
CONTINUOUS
10
139.7999999999999829
20
-76.2000000000000028
11
139.7804229999999848
21
-76.3236069999999955
0
LINE
8
BLACK
6
CONTINUOUS
10
139.7804229999999848
20
-76.3236069999999955
11
139.723606999999987
21
-76.4351139999999987
0
LINE
8
BLACK
6
CONTINUOUS
10
139.723606999999987
20
-76.4351139999999987
11
139.6351139999999873
21
-76.5236069999999984
0
LINE
8
BLACK
6
CONTINUOUS
10
139.6351139999999873
20
-76.5236069999999984
11
139.5236069999999984
21
-76.5804229999999961
0
LINE
8
BLACK
6
CONTINUOUS
10
139.5236069999999984
20
-76.5804229999999961
11
139.4000000000000057
21
-76.5999999999999943
0
LINE
8
BLACK
6
CONTINUOUS
10
139.4000000000000057
20
-76.5999999999999943
11
139.2763929999999846
21
-76.5804229999999961
0
LINE
8
BLACK
6
CONTINUOUS
10
139.2763929999999846
20
-76.5804229999999961
11
139.1648859999999956
21
-76.5236069999999984
0
LINE
8
BLACK
6
CONTINUOUS
10
139.1648859999999956
20
-76.5236069999999984
11
139.0763929999999959
21
-76.4351139999999987
0
LINE
8
BLACK
6
CONTINUOUS
10
139.0763929999999959
20
-76.4351139999999987
11
139.0195769999999982
21
-76.3236069999999955
0
LINE
8
BLACK
6
CONTINUOUS
10
139.0195769999999982
20
-76.3236069999999955
11
139.
21
-76.2000000000000028
0
LINE
8
BLACK
6
CONTINUOUS
10
139.
20
-76.2000000000000028
11
139.0195769999999982
21
-76.0763929999999959
0
LINE
8
BLACK
6
CONTINUOUS
10
139.0195769999999982
20
-76.0763929999999959
11
139.0763929999999959
21
-75.9648859999999928
0
LINE
8
BLACK
6
CONTINUOUS
10
139.0763929999999959
20
-75.9648859999999928
11
139.1648859999999956
21
-75.8763929999999931
0
LINE
8
BLACK
6
CONTINUOUS
10
139.1648859999999956
20
-75.8763929999999931
11
139.2763929999999846
21
-75.8195769999999953
0
LINE
8
BLACK
6
CONTINUOUS
10
139.2763929999999846
20
-75.8195769999999953
11
139.4000000000000057
21
-75.7999999999999972
0
LINE
8
BLACK
6
CONTINUOUS
10
139.4000000000000057
20
-75.7999999999999972
11
139.5236069999999984
21
-75.8195769999999953
0
LINE
8
BLACK
6
CONTINUOUS
10
138.629177999999996
20
-75.3723619999999954
11
138.7406849999999849
21
-75.4291779999999932
0
LINE
8
BLACK
6
CONTINUOUS
10
138.7406849999999849
20
-75.4291779999999932
11
138.8291779999999846
21
-75.5176709999999929
0
LINE
8
BLACK
6
CONTINUOUS
10
138.8291779999999846
20
-75.5176709999999929
11
138.8859939999999824
21
-75.629177999999996
0
LINE
8
BLACK
6
CONTINUOUS
10
138.8859939999999824
20
-75.629177999999996
11
138.9055709999999806
21
-75.7527850000000029
0
LINE
8
BLACK
6
CONTINUOUS
10
138.9055709999999806
20
-75.7527850000000029
11
138.8859939999999824
21
-75.8763919999999956
0
LINE
8
BLACK
6
CONTINUOUS
10
138.8859939999999824
20
-75.8763919999999956
11
138.8291779999999846
21
-75.9878989999999988
0
LINE
8
BLACK
6
CONTINUOUS
10
138.8291779999999846
20
-75.9878989999999988
11
138.7406849999999849
21
-76.0763919999999985
0
LINE
8
BLACK
6
CONTINUOUS
10
138.7406849999999849
20
-76.0763919999999985
11
138.629177999999996
21
-76.1332079999999962
0
LINE
8
BLACK
6
CONTINUOUS
10
138.629177999999996
20
-76.1332079999999962
11
138.5055710000000033
21
-76.1527849999999944
0
LINE
8
BLACK
6
CONTINUOUS
10
138.5055710000000033
20
-76.1527849999999944
11
138.3819639999999822
21
-76.1332079999999962
0
LINE
8
BLACK
6
CONTINUOUS
10
138.3819639999999822
20
-76.1332079999999962
11
138.2704569999999933
21
-76.0763919999999985
0
LINE
8
BLACK
6
CONTINUOUS
10
138.2704569999999933
20
-76.0763919999999985
11
138.1819639999999936
21
-75.9878989999999988
0
LINE
8
BLACK
6
CONTINUOUS
10
138.1819639999999936
20
-75.9878989999999988
11
138.1251479999999958
21
-75.8763919999999956
0
LINE
8
BLACK
6
CONTINUOUS
10
138.1251479999999958
20
-75.8763919999999956
11
138.1055709999999976
21
-75.7527850000000029
0
LINE
8
BLACK
6
CONTINUOUS
10
138.1055709999999976
20
-75.7527850000000029
11
138.1251479999999958
21
-75.629177999999996
0
LINE
8
BLACK
6
CONTINUOUS
10
138.1251479999999958
20
-75.629177999999996
11
138.1819639999999936
21
-75.5176709999999929
0
LINE
8
BLACK
6
CONTINUOUS
10
138.1819639999999936
20
-75.5176709999999929
11
138.2704569999999933
21
-75.4291779999999932
0
LINE
8
BLACK
6
CONTINUOUS
10
138.2704569999999933
20
-75.4291779999999932
11
138.3819639999999822
21
-75.3723619999999954
0
LINE
8
BLACK
6
CONTINUOUS
10
138.3819639999999822
20
-75.3723619999999954
11
138.5055710000000033
21
-75.3527849999999972
0
LINE
8
BLACK
6
CONTINUOUS
10
138.5055710000000033
20
-75.3527849999999972
11
138.629177999999996
21
-75.3723619999999954
0
LINE
8
BLACK
6
CONTINUOUS
10
128.5296859999999981
20
-71.0373699999999957
11
128.5824049999999943
21
-71.0725949999999926
0
LINE
8
BLACK
6
CONTINUOUS
10
128.5824049999999943
20
-71.0725949999999926
11
128.6176299999999912
21
-71.125314000000003
0
LINE
8
BLACK
6
CONTINUOUS
10
128.6176299999999912
20
-71.125314000000003
11
128.6299999999999955
21
-71.1875
0
LINE
8
BLACK
6
CONTINUOUS
10
128.6299999999999955
20
-71.1875
11
128.6299999999999955
21
-71.5125000000000028
0
LINE
8
BLACK
6
CONTINUOUS
10
128.6299999999999955
20
-71.5125000000000028
11
128.6176299999999912
21
-71.5746859999999998
0
LINE
8
BLACK
6
CONTINUOUS
10
128.6176299999999912
20
-71.5746859999999998
11
128.5824049999999943
21
-71.627404999999996
0
LINE
8
BLACK
6
CONTINUOUS
10
128.5824049999999943
20
-71.627404999999996
11
128.5296859999999981
21
-71.6626299999999929
0
LINE
8
BLACK
6
CONTINUOUS
10
128.5296859999999981
20
-71.6626299999999929
11
128.4675000000000011
21
-71.6749999999999972
0
LINE
8
BLACK
6
CONTINUOUS
10
128.4675000000000011
20
-71.6749999999999972
11
127.2324999999999875
21
-71.6749999999999972
0
LINE
8
BLACK
6
CONTINUOUS
10
127.2324999999999875
20
-71.6749999999999972
11
127.1703139999999905
21
-71.6626299999999929
0
LINE
8
BLACK
6
CONTINUOUS
10
127.1703139999999905
20
-71.6626299999999929
11
127.1175949999999943
21
-71.627404999999996
0
LINE
8
BLACK
6
CONTINUOUS
10
127.1175949999999943
20
-71.627404999999996
11
127.0823699999999974
21
-71.5746859999999998
0
LINE
8
BLACK
6
CONTINUOUS
10
127.0823699999999974
20
-71.5746859999999998
11
127.0699999999999932
21
-71.5125000000000028
0
LINE
8
BLACK
6
CONTINUOUS
10
127.0699999999999932
20
-71.5125000000000028
11
127.0699999999999932
21
-71.5
0
LINE
8
BLACK
6
CONTINUOUS
10
127.0699999999999932
20
-71.5
11
126.574631999999994
21
-71.5
0
LINE
8
BLACK
6
CONTINUOUS
10
126.574631999999994
20
-71.5
11
126.4749999999999943
21
-71.5996319999999997
0
LINE
8
BLACK
6
CONTINUOUS
10
126.4749999999999943
20
-71.5996319999999997
11
126.4749999999999943
21
-72.1624999999999943
0
LINE
8
BLACK
6
CONTINUOUS
10
126.4749999999999943
20
-72.1624999999999943
11
126.4569209999999941
21
-72.2533870000000036
0
LINE
8
BLACK
6
CONTINUOUS
10
126.4569209999999941
20
-72.2533870000000036
11
126.4054379999999895
21
-72.3304380000000009
0
LINE
8
BLACK
6
CONTINUOUS
10
126.4054379999999895
20
-72.3304380000000009
11
126.3283869999999922
21
-72.3819209999999913
0
LINE
8
BLACK
6
CONTINUOUS
10
126.3283869999999922
20
-72.3819209999999913
11
126.2374999999999972
21
-72.3999999999999915
0
LINE
8
BLACK
6
CONTINUOUS
10
126.2374999999999972
20
-72.3999999999999915
11
125.7624999999999886
21
-72.3999999999999915
0
LINE
8
BLACK
6
CONTINUOUS
10
125.7624999999999886
20
-72.3999999999999915
11
125.6716129999999936
21
-72.3819209999999913
0
LINE
8
BLACK
6
CONTINUOUS
10
125.6716129999999936
20
-72.3819209999999913
11
125.5945619999999963
21
-72.3304380000000009
0
LINE
8
BLACK
6
CONTINUOUS
10
125.5945619999999963
20
-72.3304380000000009
11
125.5430789999999917
21
-72.2533870000000036
0
LINE
8
BLACK
6
CONTINUOUS
10
125.5430789999999917
20
-72.2533870000000036
11
125.5249999999999915
21
-72.1624999999999943
0
LINE
8
BLACK
6
CONTINUOUS
10
125.5249999999999915
20
-72.1624999999999943
11
125.5249999999999915
21
-72.0125000000000028
0
LINE
8
BLACK
6
CONTINUOUS
10
125.5249999999999915
20
-72.0125000000000028
11
124.875
21
-72.0125000000000028
0
LINE
8
BLACK
6
CONTINUOUS
10
124.875
20
-72.0125000000000028
11
124.875
21
-72.25
0
LINE
8
BLACK
6
CONTINUOUS
10
124.875
20
-72.25
11
124.8569209999999998
21
-72.3408869999999951
0
LINE
8
BLACK
6
CONTINUOUS
10
124.8569209999999998
20
-72.3408869999999951
11
124.8054379999999952
21
-72.4179379999999924
0
LINE
8
BLACK
6
CONTINUOUS
10
124.8054379999999952
20
-72.4179379999999924
11
124.7283869999999979
21
-72.469420999999997
0
LINE
8
BLACK
6
CONTINUOUS
10
124.7283869999999979
20
-72.469420999999997
11
124.6374999999999886
21
-72.4874999999999972
0
LINE
8
BLACK
6
CONTINUOUS
10
124.6374999999999886
20
-72.4874999999999972
11
124.1624999999999943
21
-72.4874999999999972
0
LINE
8
BLACK
6
CONTINUOUS
10
124.1624999999999943
20
-72.4874999999999972
11
124.13091399999999
21
-72.4812170000000009
0
LINE
8
BLACK
6
CONTINUOUS
10
124.13091399999999
20
-72.4812170000000009
11
121.1950659999999971
21
-75.4170659999999913
0
LINE
8
BLACK
6
CONTINUOUS
10
121.1950659999999971
20
-75.4170659999999913
11
121.1723349999999897
21
-75.4357210000000009
0
LINE
8
BLACK
6
CONTINUOUS
10
121.1723349999999897
20
-75.4357210000000009
11
121.1490110000000016
21
-75.4453819999999951
0
LINE
8
BLACK
6
CONTINUOUS
10
121.1490110000000016
20
-75.4453819999999951
11
121.1182639999999964
21
-75.4581179999999989
0
LINE
8
BLACK
6
CONTINUOUS
10
121.1182639999999964
20
-75.4581179999999989
11
121.0889999999999986
21
-75.4609999999999985
0
LINE
8
BLACK
6
CONTINUOUS
10
121.0889999999999986
20
-75.4609999999999985
11
120.617574999999988
21
-75.4609999999999985
0
LINE
8
BLACK
6
CONTINUOUS
10
120.617574999999988
20
-75.4609999999999985
11
120.562626999999992
21
-75.581319999999991
0
LINE
8
BLACK
6
CONTINUOUS
10
120.562626999999992
20
-75.581319999999991
11
120.4694299999999885
21
-75.6888749999999959
0
LINE
8
BLACK
6
CONTINUOUS
10
120.4694299999999885
20
-75.6888749999999959
11
120.3497079999999926
21
-75.7658160000000009
0
LINE
8
BLACK
6
CONTINUOUS
10
120.3497079999999926
20
-75.7658160000000009
11
120.2131569999999954
21
-75.8059109999999947
0
LINE
8
BLACK
6
CONTINUOUS
10
120.2131569999999954
20
-75.8059109999999947
11
120.0708429999999964
21
-75.8059109999999947
0
LINE
8
BLACK
6
CONTINUOUS
10
120.0708429999999964
20
-75.8059109999999947
11
119.9342919999999992
21
-75.7658160000000009
0
LINE
8
BLACK
6
CONTINUOUS
10
119.9342919999999992
20
-75.7658160000000009
11
119.8145699999999891
21
-75.6888749999999959
0
LINE
8
BLACK
6
CONTINUOUS
10
119.8145699999999891
20
-75.6888749999999959
11
119.7213729999999998
21
-75.581319999999991
0
LINE
8
BLACK
6
CONTINUOUS
10
119.7213729999999998
20
-75.581319999999991
11
119.6622539999999901
21
-75.4518659999999954
0
LINE
8
BLACK
6
CONTINUOUS
10
119.6622539999999901
20
-75.4518659999999954
11
119.6419999999999959
21
-75.3109999999999928
0
LINE
8
BLACK
6
CONTINUOUS
10
119.6419999999999959
20
-75.3109999999999928
11
119.6622539999999901
21
-75.1701339999999902
0
LINE
8
BLACK
6
CONTINUOUS
10
119.6622539999999901
20
-75.1701339999999902
11
119.7213729999999998
21
-75.0406799999999947
0
LINE
8
BLACK
6
CONTINUOUS
10
119.7213729999999998
20
-75.0406799999999947
11
119.8145699999999891
21
-74.9331249999999898
0
LINE
8
BLACK
6
CONTINUOUS
10
119.8145699999999891
20
-74.9331249999999898
11
119.9342919999999992
21
-74.8561839999999989
0
LINE
8
BLACK
6
CONTINUOUS
10
119.9342919999999992
20
-74.8561839999999989
11
120.0708429999999964
21
-74.816088999999991
0
LINE
8
BLACK
6
CONTINUOUS
10
120.0708429999999964
20
-74.816088999999991
11
120.2131569999999954
21
-74.816088999999991
0
LINE
8
BLACK
6
CONTINUOUS
10
120.2131569999999954
20
-74.816088999999991
11
120.3497079999999926
21
-74.8561839999999989
0
LINE
8
BLACK
6
CONTINUOUS
10
120.3497079999999926
20
-74.8561839999999989
11
120.4694299999999885
21
-74.9331249999999898
0
LINE
8
BLACK
6
CONTINUOUS
10
120.4694299999999885
20
-74.9331249999999898
11
120.562626999999992
21
-75.0406799999999947
0
LINE
8
BLACK
6
CONTINUOUS
10
120.562626999999992
20
-75.0406799999999947
11
120.617574999999988
21
-75.1610000000000014
0
LINE
8
BLACK
6
CONTINUOUS
10
120.617574999999988
20
-75.1610000000000014
11
121.0268679999999932
21
-75.1610000000000014
0
LINE
8
BLACK
6
CONTINUOUS
10
121.0268679999999932
20
-75.1610000000000014
11
123.9271339999999952
21
-72.2607330000000019
0
LINE
8
BLACK
6
CONTINUOUS
10
123.9271339999999952
20
-72.2607330000000019
11
123.9249999999999972
21
-72.25
0
LINE
8
BLACK
6
CONTINUOUS
10
123.9249999999999972
20
-72.25
11
123.9249999999999972
21
-71.75
0
LINE
8
BLACK
6
CONTINUOUS
10
123.9249999999999972
20
-71.75
11
123.9430789999999973
21
-71.6591129999999907
0
LINE
8
BLACK
6
CONTINUOUS
10
123.9430789999999973
20
-71.6591129999999907
11
123.9945619999999877
21
-71.5820619999999934
0
LINE
8
BLACK
6
CONTINUOUS
10
123.9945619999999877
20
-71.5820619999999934
11
124.0716129999999993
21
-71.530579000000003
0
LINE
8
BLACK
6
CONTINUOUS
10
124.0716129999999993
20
-71.530579000000003
11
124.1624999999999943
21
-71.5125000000000028
0
LINE
8
BLACK
6
CONTINUOUS
10
124.1624999999999943
20
-71.5125000000000028
11
124.6374999999999886
21
-71.5125000000000028
0
LINE
8
BLACK
6
CONTINUOUS
10
124.6374999999999886
20
-71.5125000000000028
11
124.7283869999999979
21
-71.530579000000003
0
LINE
8
BLACK
6
CONTINUOUS
10
124.7283869999999979
20
-71.530579000000003
11
124.8054379999999952
21
-71.5820619999999934
0
LINE
8
BLACK
6
CONTINUOUS
10
124.8054379999999952
20
-71.5820619999999934
11
124.8569209999999998
21
-71.6591129999999907
0
LINE
8
BLACK
6
CONTINUOUS
10
124.8569209999999998
20
-71.6591129999999907
11
124.8675409999999886
21
-71.7124999999999915
0
LINE
8
BLACK
6
CONTINUOUS
10
124.8675409999999886
20
-71.7124999999999915
11
125.5249999999999915
21
-71.7124999999999915
0
LINE
8
BLACK
6
CONTINUOUS
10
125.5249999999999915
20
-71.7124999999999915
11
125.5249999999999915
21
-71.5625
0
LINE
8
BLACK
6
CONTINUOUS
10
125.5249999999999915
20
-71.5625
11
125.5430789999999917
21
-71.4716129999999907
0
LINE
8
BLACK
6
CONTINUOUS
10
125.5430789999999917
20
-71.4716129999999907
11
125.5945619999999963
21
-71.3945619999999934
0
LINE
8
BLACK
6
CONTINUOUS
10
125.5945619999999963
20
-71.3945619999999934
11
125.6716129999999936
21
-71.343079000000003
0
LINE
8
BLACK
6
CONTINUOUS
10
125.6716129999999936
20
-71.343079000000003
11
125.7624999999999886
21
-71.3250000000000028
0
LINE
8
BLACK
6
CONTINUOUS
10
125.7624999999999886
20
-71.3250000000000028
11
126.2374999999999972
21
-71.3250000000000028
0
LINE
8
BLACK
6
CONTINUOUS
10
126.2374999999999972
20
-71.3250000000000028
11
126.3107889999999998
21
-71.339578000000003
0
LINE
8
BLACK
6
CONTINUOUS
10
126.3107889999999998
20
-71.339578000000003
11
126.4064339999999902
21
-71.2439339999999959
0
LINE
8
BLACK
6
CONTINUOUS
10
126.4064339999999902
20
-71.2439339999999959
11
126.4291640000000001
21
-71.2252790000000005
0
LINE
8
BLACK
6
CONTINUOUS
10
126.4291640000000001
20
-71.2252790000000005
11
126.4515609999999981
21
-71.2160020000000031
0
LINE
8
BLACK
6
CONTINUOUS
10
126.4515609999999981
20
-71.2160020000000031
11
126.4832359999999909
21
-71.2028820000000024
0
LINE
8
BLACK
6
CONTINUOUS
10
126.4832359999999909
20
-71.2028820000000024
11
126.5124999999999886
21
-71.2000000000000028
0
LINE
8
BLACK
6
CONTINUOUS
10
126.5124999999999886
20
-71.2000000000000028
11
127.0699999999999932
21
-71.2000000000000028
0
LINE
8
BLACK
6
CONTINUOUS
10
127.0699999999999932
20
-71.2000000000000028
11
127.0699999999999932
21
-71.1875
0
LINE
8
BLACK
6
CONTINUOUS
10
127.0699999999999932
20
-71.1875
11
127.0823699999999974
21
-71.125314000000003
0
LINE
8
BLACK
6
CONTINUOUS
10
127.0823699999999974
20
-71.125314000000003
11
127.1175949999999943
21
-71.0725949999999926
0
LINE
8
BLACK
6
CONTINUOUS
10
127.1175949999999943
20
-71.0725949999999926
11
127.1703139999999905
21
-71.0373699999999957
0
LINE
8
BLACK
6
CONTINUOUS
10
127.1703139999999905
20
-71.0373699999999957
11
127.2324999999999875
21
-71.0249999999999915
0
LINE
8
BLACK
6
CONTINUOUS
10
127.2324999999999875
20
-71.0249999999999915
11
128.4675000000000011
21
-71.0249999999999915
0
LINE
8
BLACK
6
CONTINUOUS
10
128.4675000000000011
20
-71.0249999999999915
11
128.5296859999999981
21
-71.0373699999999957
0
LINE
8
BLACK
6
CONTINUOUS
10
179.1037079999999833
20
-74.8561839999999989
11
179.2234299999999791
21
-74.9331249999999898
0
LINE
8
BLACK
6
CONTINUOUS
10
179.2234299999999791
20
-74.9331249999999898
11
179.3166269999999827
21
-75.0406799999999947
0
LINE
8
BLACK
6
CONTINUOUS
10
179.3166269999999827
20
-75.0406799999999947
11
179.3757459999999924
21
-75.1701339999999902
0
LINE
8
BLACK
6
CONTINUOUS
10
179.3757459999999924
20
-75.1701339999999902
11
179.3959999999999866
21
-75.3109999999999928
0
LINE
8
BLACK
6
CONTINUOUS
10
179.3959999999999866
20
-75.3109999999999928
11
179.3757459999999924
21
-75.4518659999999954
0
LINE
8
BLACK
6
CONTINUOUS
10
179.3757459999999924
20
-75.4518659999999954
11
179.3166269999999827
21
-75.581319999999991
0
LINE
8
BLACK
6
CONTINUOUS
10
179.3166269999999827
20
-75.581319999999991
11
179.2234299999999791
21
-75.6888749999999959
0
LINE
8
BLACK
6
CONTINUOUS
10
179.2234299999999791
20
-75.6888749999999959
11
179.1037079999999833
21
-75.7658160000000009
0
LINE
8
BLACK
6
CONTINUOUS
10
179.1037079999999833
20
-75.7658160000000009
11
178.9671569999999861
21
-75.8059109999999947
0
LINE
8
BLACK
6
CONTINUOUS
10
178.9671569999999861
20
-75.8059109999999947
11
178.8248429999999871
21
-75.8059109999999947
0
LINE
8
BLACK
6
CONTINUOUS
10
178.8248429999999871
20
-75.8059109999999947
11
178.6882919999999899
21
-75.7658160000000009
0
LINE
8
BLACK
6
CONTINUOUS
10
178.6882919999999899
20
-75.7658160000000009
11
178.568569999999994
21
-75.6888749999999959
0
LINE
8
BLACK
6
CONTINUOUS
10
178.568569999999994
20
-75.6888749999999959
11
178.4753729999999905
21
-75.581319999999991
0
LINE
8
BLACK
6
CONTINUOUS
10
178.4753729999999905
20
-75.581319999999991
11
178.4162539999999808
21
-75.4518659999999954
0
LINE
8
BLACK
6
CONTINUOUS
10
178.4162539999999808
20
-75.4518659999999954
11
178.3959999999999866
21
-75.3109999999999928
0
LINE
8
BLACK
6
CONTINUOUS
10
178.3959999999999866
20
-75.3109999999999928
11
178.4162539999999808
21
-75.1701339999999902
0
LINE
8
BLACK
6
CONTINUOUS
10
178.4162539999999808
20
-75.1701339999999902
11
178.4753729999999905
21
-75.0406799999999947
0
LINE
8
BLACK
6
CONTINUOUS
10
178.4753729999999905
20
-75.0406799999999947
11
178.568569999999994
21
-74.9331249999999898
0
LINE
8
BLACK
6
CONTINUOUS
10
178.568569999999994
20
-74.9331249999999898
11
178.6882919999999899
21
-74.8561839999999989
0
LINE
8
BLACK
6
CONTINUOUS
10
178.6882919999999899
20
-74.8561839999999989
11
178.8248429999999871
21
-74.816088999999991
0
LINE
8
BLACK
6
CONTINUOUS
10
178.8248429999999871
20
-74.816088999999991
11
178.9671569999999861
21
-74.816088999999991
0
LINE
8
BLACK
6
CONTINUOUS
10
178.9671569999999861
20
-74.816088999999991
11
179.1037079999999833
21
-74.8561839999999989
0
LINE
8
BLACK
6
CONTINUOUS
10
168.2611069999999813
20
-74.9820769999999897
11
168.3726139999999987
21
-75.0388930000000016
0
LINE
8
BLACK
6
CONTINUOUS
10
168.3726139999999987
20
-75.0388930000000016
11
168.4611069999999984
21
-75.1273860000000013
0
LINE
8
BLACK
6
CONTINUOUS
10
168.4611069999999984
20
-75.1273860000000013
11
168.5179229999999961
21
-75.2388929999999903
0
LINE
8
BLACK
6
CONTINUOUS
10
168.5179229999999961
20
-75.2388929999999903
11
168.5374999999999943
21
-75.3624999999999972
0
LINE
8
BLACK
6
CONTINUOUS
10
168.5374999999999943
20
-75.3624999999999972
11
168.5179229999999961
21
-75.4861069999999899
0
LINE
8
BLACK
6
CONTINUOUS
10
168.5179229999999961
20
-75.4861069999999899
11
168.4611069999999984
21
-75.597613999999993
0
LINE
8
BLACK
6
CONTINUOUS
10
168.4611069999999984
20
-75.597613999999993
11
168.3726139999999987
21
-75.6861069999999927
0
LINE
8
BLACK
6
CONTINUOUS
10
168.3726139999999987
20
-75.6861069999999927
11
168.2611069999999813
21
-75.7429229999999905
0
LINE
8
BLACK
6
CONTINUOUS
10
168.2611069999999813
20
-75.7429229999999905
11
168.1374999999999886
21
-75.7625000000000028
0
LINE
8
BLACK
6
CONTINUOUS
10
168.1374999999999886
20
-75.7625000000000028
11
168.0138929999999959
21
-75.7429229999999905
0
LINE
8
BLACK
6
CONTINUOUS
10
168.0138929999999959
20
-75.7429229999999905
11
167.9023859999999786
21
-75.6861069999999927
0
LINE
8
BLACK
6
CONTINUOUS
10
167.9023859999999786
20
-75.6861069999999927
11
167.8138929999999789
21
-75.597613999999993
0
LINE
8
BLACK
6
CONTINUOUS
10
167.8138929999999789
20
-75.597613999999993
11
167.7570769999999811
21
-75.4861069999999899
0
LINE
8
BLACK
6
CONTINUOUS
10
167.7570769999999811
20
-75.4861069999999899
11
167.7374999999999829
21
-75.3624999999999972
0
LINE
8
BLACK
6
CONTINUOUS
10
167.7374999999999829
20
-75.3624999999999972
11
167.7570769999999811
21
-75.2388929999999903
0
LINE
8
BLACK
6
CONTINUOUS
10
167.7570769999999811
20
-75.2388929999999903
11
167.8138929999999789
21
-75.1273860000000013
0
LINE
8
BLACK
6
CONTINUOUS
10
167.8138929999999789
20
-75.1273860000000013
11
167.9023859999999786
21
-75.0388930000000016
0
LINE
8
BLACK
6
CONTINUOUS
10
167.9023859999999786
20
-75.0388930000000016
11
168.0138929999999959
21
-74.9820769999999897
0
LINE
8
BLACK
6
CONTINUOUS
10
168.0138929999999959
20
-74.9820769999999897
11
168.1374999999999886
21
-74.9624999999999915
0
LINE
8
BLACK
6
CONTINUOUS
10
168.1374999999999886
20
-74.9624999999999915
11
168.2611069999999813
21
-74.9820769999999897
0
LINE
8
BLACK
6
CONTINUOUS
10
138.5190489999999954
20
-74.3784419999999926
11
138.6305559999999844
21
-74.4352579999999904
0
LINE
8
BLACK
6
CONTINUOUS
10
138.6305559999999844
20
-74.4352579999999904
11
138.7190489999999841
21
-74.5237509999999901
0
LINE
8
BLACK
6
CONTINUOUS
10
138.7190489999999841
20
-74.5237509999999901
11
138.7758649999999818
21
-74.6352579999999932
0
LINE
8
BLACK
6
CONTINUOUS
10
138.7758649999999818
20
-74.6352579999999932
11
138.79544199999998
21
-74.7588650000000001
0
LINE
8
BLACK
6
CONTINUOUS
10
138.79544199999998
20
-74.7588650000000001
11
138.7758649999999818
21
-74.8824719999999928
0
LINE
8
BLACK
6
CONTINUOUS
10
138.7758649999999818
20
-74.8824719999999928
11
138.7190489999999841
21
-74.9939789999999959
0
LINE
8
BLACK
6
CONTINUOUS
10
138.7190489999999841
20
-74.9939789999999959
11
138.6305559999999844
21
-75.0824719999999957
0
LINE
8
BLACK
6
CONTINUOUS
10
138.6305559999999844
20
-75.0824719999999957
11
138.5190489999999954
21
-75.1392879999999934
0
LINE
8
BLACK
6
CONTINUOUS
10
138.5190489999999954
20
-75.1392879999999934
11
138.3954420000000027
21
-75.1588649999999916
0
LINE
8
BLACK
6
CONTINUOUS
10
138.3954420000000027
20
-75.1588649999999916
11
138.2718349999999816
21
-75.1392879999999934
0
LINE
8
BLACK
6
CONTINUOUS
10
138.2718349999999816
20
-75.1392879999999934
11
138.1603279999999927
21
-75.0824719999999957
0
LINE
8
BLACK
6
CONTINUOUS
10
138.1603279999999927
20
-75.0824719999999957
11
138.071834999999993
21
-74.9939789999999959
0
LINE
8
BLACK
6
CONTINUOUS
10
138.071834999999993
20
-74.9939789999999959
11
138.0150189999999952
21
-74.8824719999999928
0
LINE
8
BLACK
6
CONTINUOUS
10
138.0150189999999952
20
-74.8824719999999928
11
137.9954419999999971
21
-74.7588650000000001
0
LINE
8
BLACK
6
CONTINUOUS
10
137.9954419999999971
20
-74.7588650000000001
11
138.0150189999999952
21
-74.6352579999999932
0
LINE
8
BLACK
6
CONTINUOUS
10
138.0150189999999952
20
-74.6352579999999932
11
138.071834999999993
21
-74.5237509999999901
0
LINE
8
BLACK
6
CONTINUOUS
10
138.071834999999993
20
-74.5237509999999901
11
138.1603279999999927
21
-74.4352579999999904
0
LINE
8
BLACK
6
CONTINUOUS
10
138.1603279999999927
20
-74.4352579999999904
11
138.2718349999999816
21
-74.3784419999999926
0
LINE
8
BLACK
6
CONTINUOUS
10
138.2718349999999816
20
-74.3784419999999926
11
138.3954420000000027
21
-74.3588649999999944
0
LINE
8
BLACK
6
CONTINUOUS
10
138.3954420000000027
20
-74.3588649999999944
11
138.5190489999999954
21
-74.3784419999999926
0
LINE
8
BLACK
6
CONTINUOUS
10
127.2386069999999876
20
-72.6195769999999925
11
127.3501139999999907
21
-72.6763929999999903
0
LINE
8
BLACK
6
CONTINUOUS
10
127.3501139999999907
20
-72.6763929999999903
11
127.4386069999999904
21
-72.76488599999999
0
LINE
8
BLACK
6
CONTINUOUS
10
127.4386069999999904
20
-72.76488599999999
11
127.4954229999999882
21
-72.8763929999999931
0
LINE
8
BLACK
6
CONTINUOUS
10
127.4954229999999882
20
-72.8763929999999931
11
127.5150000000000006
21
-73.
0
LINE
8
BLACK
6
CONTINUOUS
10
127.5150000000000006
20
-73.
11
127.4954229999999882
21
-73.1236069999999927
0
LINE
8
BLACK
6
CONTINUOUS
10
127.4954229999999882
20
-73.1236069999999927
11
127.4386069999999904
21
-73.2351139999999958
0
LINE
8
BLACK
6
CONTINUOUS
10
127.4386069999999904
20
-73.2351139999999958
11
127.3501139999999907
21
-73.3236069999999955
0
LINE
8
BLACK
6
CONTINUOUS
10
127.3501139999999907
20
-73.3236069999999955
11
127.2386069999999876
21
-73.3804229999999933
0
LINE
8
BLACK
6
CONTINUOUS
10
127.2386069999999876
20
-73.3804229999999933
11
127.1149999999999949
21
-73.3999999999999915
0
LINE
8
BLACK
6
CONTINUOUS
10
127.1149999999999949
20
-73.3999999999999915
11
126.991392999999988
21
-73.3804229999999933
0
LINE
8
BLACK
6
CONTINUOUS
10
126.991392999999988
20
-73.3804229999999933
11
126.8798859999999991
21
-73.3236069999999955
0
LINE
8
BLACK
6
CONTINUOUS
10
126.8798859999999991
20
-73.3236069999999955
11
126.8062789999999893
21
-73.25
0
LINE
8
BLACK
6
CONTINUOUS
10
126.8062789999999893
20
-73.25
11
126.3535539999999884
21
-73.25
0
LINE
8
BLACK
6
CONTINUOUS
10
126.3535539999999884
20
-73.25
11
126.
21
-73.6035540000000026
0
LINE
8
BLACK
6
CONTINUOUS
10
126.
20
-73.6035540000000026
11
126.
21
-73.852485999999999
0
LINE
8
BLACK
6
CONTINUOUS
10
126.
20
-73.852485999999999
11
126.0783869999999922
21
-73.8680789999999945
0
LINE
8
BLACK
6
CONTINUOUS
10
126.0783869999999922
20
-73.8680789999999945
11
126.1554379999999895
21
-73.9195619999999991
0
LINE
8
BLACK
6
CONTINUOUS
10
126.1554379999999895
20
-73.9195619999999991
11
126.2069209999999941
21
-73.9966129999999964
0
LINE
8
BLACK
6
CONTINUOUS
10
126.2069209999999941
20
-73.9966129999999964
11
126.2249999999999943
21
-74.0874999999999915
0
LINE
8
BLACK
6
CONTINUOUS
10
126.2249999999999943
20
-74.0874999999999915
11
126.2249999999999943
21
-74.6875
0
LINE
8
BLACK
6
CONTINUOUS
10
126.2249999999999943
20
-74.6875
11
126.2069209999999941
21
-74.7783869999999951
0
LINE
8
BLACK
6
CONTINUOUS
10
126.2069209999999941
20
-74.7783869999999951
11
126.1554379999999895
21
-74.8554379999999924
0
LINE
8
BLACK
6
CONTINUOUS
10
126.1554379999999895
20
-74.8554379999999924
11
126.0783869999999922
21
-74.906920999999997
0
LINE
8
BLACK
6
CONTINUOUS
10
126.0783869999999922
20
-74.906920999999997
11
125.9874999999999972
21
-74.9249999999999972
0
LINE
8
BLACK
6
CONTINUOUS
10
125.9874999999999972
20
-74.9249999999999972
11
125.5124999999999886
21
-74.9249999999999972
0
LINE
8
BLACK
6
CONTINUOUS
10
125.5124999999999886
20
-74.9249999999999972
11
125.4216129999999936
21
-74.906920999999997
0
LINE
8
BLACK
6
CONTINUOUS
10
125.4216129999999936
20
-74.906920999999997
11
125.3445619999999963
21
-74.8554379999999924
0
LINE
8
BLACK
6
CONTINUOUS
10
125.3445619999999963
20
-74.8554379999999924
11
125.2930789999999917
21
-74.7783869999999951
0
LINE
8
BLACK
6
CONTINUOUS
10
125.2930789999999917
20
-74.7783869999999951
11
125.2749999999999915
21
-74.6875
0
LINE
8
BLACK
6
CONTINUOUS
10
125.2749999999999915
20
-74.6875
11
125.2749999999999915
21
-74.0874999999999915
0
LINE
8
BLACK
6
CONTINUOUS
10
125.2749999999999915
20
-74.0874999999999915
11
125.2930789999999917
21
-73.9966129999999964
0
LINE
8
BLACK
6
CONTINUOUS
10
125.2930789999999917
20
-73.9966129999999964
11
125.3445619999999963
21
-73.9195619999999991
0
LINE
8
BLACK
6
CONTINUOUS
10
125.3445619999999963
20
-73.9195619999999991
11
125.4216129999999936
21
-73.8680789999999945
0
LINE
8
BLACK
6
CONTINUOUS
10
125.4216129999999936
20
-73.8680789999999945
11
125.5
21
-73.852485999999999
0
LINE
8
BLACK
6
CONTINUOUS
10
125.5
20
-73.852485999999999
11
125.5
21
-73.5
0
LINE
8
BLACK
6
CONTINUOUS
10
125.5
20
-73.5
11
125.5048039999999929
21
-73.4512270000000029
0
LINE
8
BLACK
6
CONTINUOUS
10
125.5048039999999929
20
-73.4512270000000029
11
125.5421329999999926
21
-73.3611069999999899
0
LINE
8
BLACK
6
CONTINUOUS
10
125.5421329999999926
20
-73.3611069999999899
11
125.5421369999999968
21
-73.3611020000000025
0
LINE
8
BLACK
6
CONTINUOUS
10
125.5421369999999968
20
-73.3611020000000025
11
125.5732229999999987
21
-73.3232229999999987
0
LINE
8
BLACK
6
CONTINUOUS
10
125.5732229999999987
20
-73.3232229999999987
11
126.0732229999999987
21
-72.8232229999999987
0
LINE
8
BLACK
6
CONTINUOUS
10
126.0732229999999987
20
-72.8232229999999987
11
126.1111079999999873
21
-72.7921319999999952
0
LINE
8
BLACK
6
CONTINUOUS
10
126.1111079999999873
20
-72.7921319999999952
11
126.2012280000000004
21
-72.7548029999999954
0
LINE
8
BLACK
6
CONTINUOUS
10
126.2012280000000004
20
-72.7548029999999954
11
126.2012369999999919
21
-72.7548029999999954
0
LINE
8
BLACK
6
CONTINUOUS
10
126.2012369999999919
20
-72.7548029999999954
11
126.25
21
-72.75
0
LINE
8
BLACK
6
CONTINUOUS
10
126.25
20
-72.75
11
126.8062789999999893
21
-72.75
0
LINE
8
BLACK
6
CONTINUOUS
10
126.8062789999999893
20
-72.75
11
126.8798859999999991
21
-72.6763929999999903
0
LINE
8
BLACK
6
CONTINUOUS
10
126.8798859999999991
20
-72.6763929999999903
11
126.991392999999988
21
-72.6195769999999925
0
LINE
8
BLACK
6
CONTINUOUS
10
126.991392999999988
20
-72.6195769999999925
11
127.1149999999999949
21
-72.5999999999999943
0
LINE
8
BLACK
6
CONTINUOUS
10
127.1149999999999949
20
-72.5999999999999943
11
127.2386069999999876
21
-72.6195769999999925
0
LINE
8
BLACK
6
CONTINUOUS
10
120.3497079999999926
20
-73.5861840000000029
11
120.4694299999999885
21
-73.6631249999999937
0
LINE
8
BLACK
6
CONTINUOUS
10
120.4694299999999885
20
-73.6631249999999937
11
120.562626999999992
21
-73.7706799999999987
0
LINE
8
BLACK
6
CONTINUOUS
10
120.562626999999992
20
-73.7706799999999987
11
120.6217459999999875
21
-73.9001339999999942
0
LINE
8
BLACK
6
CONTINUOUS
10
120.6217459999999875
20
-73.9001339999999942
11
120.6419999999999959
21
-74.0409999999999968
0
LINE
8
BLACK
6
CONTINUOUS
10
120.6419999999999959
20
-74.0409999999999968
11
120.6217459999999875
21
-74.1818659999999994
0
LINE
8
BLACK
6
CONTINUOUS
10
120.6217459999999875
20
-74.1818659999999994
11
120.562626999999992
21
-74.3113199999999949
0
LINE
8
BLACK
6
CONTINUOUS
10
120.562626999999992
20
-74.3113199999999949
11
120.4694299999999885
21
-74.4188749999999999
0
LINE
8
BLACK
6
CONTINUOUS
10
120.4694299999999885
20
-74.4188749999999999
11
120.3497079999999926
21
-74.4958159999999907
0
LINE
8
BLACK
6
CONTINUOUS
10
120.3497079999999926
20
-74.4958159999999907
11
120.2131569999999954
21
-74.5359109999999987
0
LINE
8
BLACK
6
CONTINUOUS
10
120.2131569999999954
20
-74.5359109999999987
11
120.0708429999999964
21
-74.5359109999999987
0
LINE
8
BLACK
6
CONTINUOUS
10
120.0708429999999964
20
-74.5359109999999987
11
119.9342919999999992
21
-74.4958159999999907
0
LINE
8
BLACK
6
CONTINUOUS
10
119.9342919999999992
20
-74.4958159999999907
11
119.8145699999999891
21
-74.4188749999999999
0
LINE
8
BLACK
6
CONTINUOUS
10
119.8145699999999891
20
-74.4188749999999999
11
119.7213729999999998
21
-74.3113199999999949
0
LINE
8
BLACK
6
CONTINUOUS
10
119.7213729999999998
20
-74.3113199999999949
11
119.6622539999999901
21
-74.1818659999999994
0
LINE
8
BLACK
6
CONTINUOUS
10
119.6622539999999901
20
-74.1818659999999994
11
119.6419999999999959
21
-74.0409999999999968
0
LINE
8
BLACK
6
CONTINUOUS
10
119.6419999999999959
20
-74.0409999999999968
11
119.6622539999999901
21
-73.9001339999999942
0
LINE
8
BLACK
6
CONTINUOUS
10
119.6622539999999901
20
-73.9001339999999942
11
119.7213729999999998
21
-73.7706799999999987
0
LINE
8
BLACK
6
CONTINUOUS
10
119.7213729999999998
20
-73.7706799999999987
11
119.8145699999999891
21
-73.6631249999999937
0
LINE
8
BLACK
6
CONTINUOUS
10
119.8145699999999891
20
-73.6631249999999937
11
119.9342919999999992
21
-73.5861840000000029
0
LINE
8
BLACK
6
CONTINUOUS
10
119.9342919999999992
20
-73.5861840000000029
11
120.0708429999999964
21
-73.5460889999999949
0
LINE
8
BLACK
6
CONTINUOUS
10
120.0708429999999964
20
-73.5460889999999949
11
120.2131569999999954
21
-73.5460889999999949
0
LINE
8
BLACK
6
CONTINUOUS
10
120.2131569999999954
20
-73.5460889999999949
11
120.3497079999999926
21
-73.5861840000000029
0
LINE
8
BLACK
6
CONTINUOUS
10
179.1037079999999833
20
-73.5861840000000029
11
179.2234299999999791
21
-73.6631249999999937
0
LINE
8
BLACK
6
CONTINUOUS
10
179.2234299999999791
20
-73.6631249999999937
11
179.3166269999999827
21
-73.7706799999999987
0
LINE
8
BLACK
6
CONTINUOUS
10
179.3166269999999827
20
-73.7706799999999987
11
179.3757459999999924
21
-73.9001339999999942
0
LINE
8
BLACK
6
CONTINUOUS
10
179.3757459999999924
20
-73.9001339999999942
11
179.3959999999999866
21
-74.0409999999999968
0
LINE
8
BLACK
6
CONTINUOUS
10
179.3959999999999866
20
-74.0409999999999968
11
179.3757459999999924
21
-74.1818659999999994
0
LINE
8
BLACK
6
CONTINUOUS
10
179.3757459999999924
20
-74.1818659999999994
11
179.3166269999999827
21
-74.3113199999999949
0
LINE
8
BLACK
6
CONTINUOUS
10
179.3166269999999827
20
-74.3113199999999949
11
179.2234299999999791
21
-74.4188749999999999
0
LINE
8
BLACK
6
CONTINUOUS
10
179.2234299999999791
20
-74.4188749999999999
11
179.1037079999999833
21
-74.4958159999999907
0
LINE
8
BLACK
6
CONTINUOUS
10
179.1037079999999833
20
-74.4958159999999907
11
178.9671569999999861
21
-74.5359109999999987
0
LINE
8
BLACK
6
CONTINUOUS
10
178.9671569999999861
20
-74.5359109999999987
11
178.8248429999999871
21
-74.5359109999999987
0
LINE
8
BLACK
6
CONTINUOUS
10
178.8248429999999871
20
-74.5359109999999987
11
178.6882919999999899
21
-74.4958159999999907
0
LINE
8
BLACK
6
CONTINUOUS
10
178.6882919999999899
20
-74.4958159999999907
11
178.568569999999994
21
-74.4188749999999999
0
LINE
8
BLACK
6
CONTINUOUS
10
178.568569999999994
20
-74.4188749999999999
11
178.4753729999999905
21
-74.3113199999999949
0
LINE
8
BLACK
6
CONTINUOUS
10
178.4753729999999905
20
-74.3113199999999949
11
178.4162539999999808
21
-74.1818659999999994
0
LINE
8
BLACK
6
CONTINUOUS
10
178.4162539999999808
20
-74.1818659999999994
11
178.3959999999999866
21
-74.0409999999999968
0
LINE
8
BLACK
6
CONTINUOUS
10
178.3959999999999866
20
-74.0409999999999968
11
178.4162539999999808
21
-73.9001339999999942
0
LINE
8
BLACK
6
CONTINUOUS
10
178.4162539999999808
20
-73.9001339999999942
11
178.4753729999999905
21
-73.7706799999999987
0
LINE
8
BLACK
6
CONTINUOUS
10
178.4753729999999905
20
-73.7706799999999987
11
178.568569999999994
21
-73.6631249999999937
0
LINE
8
BLACK
6
CONTINUOUS
10
178.568569999999994
20
-73.6631249999999937
11
178.6882919999999899
21
-73.5861840000000029
0
LINE
8
BLACK
6
CONTINUOUS
10
178.6882919999999899
20
-73.5861840000000029
11
178.8248429999999871
21
-73.5460889999999949
0
LINE
8
BLACK
6
CONTINUOUS
10
178.8248429999999871
20
-73.5460889999999949
11
178.9671569999999861
21
-73.5460889999999949
0
LINE
8
BLACK
6
CONTINUOUS
10
178.9671569999999861
20
-73.5460889999999949
11
179.1037079999999833
21
-73.5861840000000029
0
LINE
8
BLACK
6
CONTINUOUS
10
133.0539379999999881
20
-71.7499079999999907
11
133.1654450000000054
21
-71.8067240000000027
0
LINE
8
BLACK
6
CONTINUOUS
10
133.1654450000000054
20
-71.8067240000000027
11
133.2539380000000051
21
-71.8952170000000024
0
LINE
8
BLACK
6
CONTINUOUS
10
133.2539380000000051
20
-71.8952170000000024
11
133.3107540000000029
21
-72.0067239999999913
0
LINE
8
BLACK
6
CONTINUOUS
10
133.3107540000000029
20
-72.0067239999999913
11
133.330331000000001
21
-72.1303309999999982
0
LINE
8
BLACK
6
CONTINUOUS
10
133.330331000000001
20
-72.1303309999999982
11
133.3107540000000029
21
-72.2539379999999909
0
LINE
8
BLACK
6
CONTINUOUS
10
133.3107540000000029
20
-72.2539379999999909
11
133.2539380000000051
21
-72.365444999999994
0
LINE
8
BLACK
6
CONTINUOUS
10
133.2539380000000051
20
-72.365444999999994
11
133.1654450000000054
21
-72.4539379999999937
0
LINE
8
BLACK
6
CONTINUOUS
10
133.1654450000000054
20
-72.4539379999999937
11
133.0539379999999881
21
-72.5107539999999915
0
LINE
8
BLACK
6
CONTINUOUS
10
133.0539379999999881
20
-72.5107539999999915
11
132.9499999999999886
21
-72.5272149999999982
0
LINE
8
BLACK
6
CONTINUOUS
10
132.9499999999999886
20
-72.5272149999999982
11
132.9499999999999886
21
-73.3299999999999983
0
LINE
8
BLACK
6
CONTINUOUS
10
132.9499999999999886
20
-73.3299999999999983
11
133.0374999999999943
21
-73.3299999999999983
0
LINE
8
BLACK
6
CONTINUOUS
10
133.0374999999999943
20
-73.3299999999999983
11
133.1283870000000036
21
-73.3480789999999985
0
LINE
8
BLACK
6
CONTINUOUS
10
133.1283870000000036
20
-73.3480789999999985
11
133.2054379999999867
21
-73.3995620000000031
0
LINE
8
BLACK
6
CONTINUOUS
10
133.2054379999999867
20
-73.3995620000000031
11
133.2569210000000055
21
-73.4766130000000004
0
LINE
8
BLACK
6
CONTINUOUS
10
133.2569210000000055
20
-73.4766130000000004
11
133.2750000000000057
21
-73.5674999999999955
0
LINE
8
BLACK
6
CONTINUOUS
10
133.2750000000000057
20
-73.5674999999999955
11
133.2750000000000057
21
-74.1674999999999898
0
LINE
8
BLACK
6
CONTINUOUS
10
133.2750000000000057
20
-74.1674999999999898
11
133.2569210000000055
21
-74.258386999999999
0
LINE
8
BLACK
6
CONTINUOUS
10
133.2569210000000055
20
-74.258386999999999
11
133.2054379999999867
21
-74.3354379999999964
0
LINE
8
BLACK
6
CONTINUOUS
10
133.2054379999999867
20
-74.3354379999999964
11
133.1283870000000036
21
-74.386921000000001
0
LINE
8
BLACK
6
CONTINUOUS
10
133.1283870000000036
20
-74.386921000000001
11
133.0374999999999943
21
-74.4050000000000011
0
LINE
8
BLACK
6
CONTINUOUS
10
133.0374999999999943
20
-74.4050000000000011
11
132.5625
21
-74.4050000000000011
0
LINE
8
BLACK
6
CONTINUOUS
10
132.5625
20
-74.4050000000000011
11
132.4716129999999907
21
-74.386921000000001
0
LINE
8
BLACK
6
CONTINUOUS
10
132.4716129999999907
20
-74.386921000000001
11
132.3945620000000076
21
-74.3354379999999964
0
LINE
8
BLACK
6
CONTINUOUS
10
132.3945620000000076
20
-74.3354379999999964
11
132.3430789999999888
21
-74.258386999999999
0
LINE
8
BLACK
6
CONTINUOUS
10
132.3430789999999888
20
-74.258386999999999
11
132.3249999999999886
21
-74.1674999999999898
0
LINE
8
BLACK
6
CONTINUOUS
10
132.3249999999999886
20
-74.1674999999999898
11
132.3249999999999886
21
-73.5674999999999955
0
LINE
8
BLACK
6
CONTINUOUS
10
132.3249999999999886
20
-73.5674999999999955
11
132.3430789999999888
21
-73.4766130000000004
0
LINE
8
BLACK
6
CONTINUOUS
10
132.3430789999999888
20
-73.4766130000000004
11
132.3945620000000076
21
-73.3995620000000031
0
LINE
8
BLACK
6
CONTINUOUS
10
132.3945620000000076
20
-73.3995620000000031
11
132.4716129999999907
21
-73.3480789999999985
0
LINE
8
BLACK
6
CONTINUOUS
10
132.4716129999999907
20
-73.3480789999999985
11
132.5625
21
-73.3299999999999983
0
LINE
8
BLACK
6
CONTINUOUS
10
132.5625
20
-73.3299999999999983
11
132.6500000000000057
21
-73.3299999999999983
0
LINE
8
BLACK
6
CONTINUOUS
10
132.6500000000000057
20
-73.3299999999999983
11
132.6500000000000057
21
-72.4087209999999999
0
LINE
8
BLACK
6
CONTINUOUS
10
132.6500000000000057
20
-72.4087209999999999
11
132.6067239999999856
21
-72.365444999999994
0
LINE
8
BLACK
6
CONTINUOUS
10
132.6067239999999856
20
-72.365444999999994
11
132.5499079999999879
21
-72.2539379999999909
0
LINE
8
BLACK
6
CONTINUOUS
10
132.5499079999999879
20
-72.2539379999999909
11
132.5303309999999897
21
-72.1303309999999982
0
LINE
8
BLACK
6
CONTINUOUS
10
132.5303309999999897
20
-72.1303309999999982
11
132.5499079999999879
21
-72.0067239999999913
0
LINE
8
BLACK
6
CONTINUOUS
10
132.5499079999999879
20
-72.0067239999999913
11
132.6067239999999856
21
-71.8952170000000024
0
LINE
8
BLACK
6
CONTINUOUS
10
132.6067239999999856
20
-71.8952170000000024
11
132.6952169999999853
21
-71.8067240000000027
0
LINE
8
BLACK
6
CONTINUOUS
10
132.6952169999999853
20
-71.8067240000000027
11
132.8067240000000027
21
-71.7499079999999907
0
LINE
8
BLACK
6
CONTINUOUS
10
132.8067240000000027
20
-71.7499079999999907
11
132.9303309999999954
21
-71.7303309999999925
0
LINE
8
BLACK
6
CONTINUOUS
10
132.9303309999999954
20
-71.7303309999999925
11
133.0539379999999881
21
-71.7499079999999907
0
LINE
8
BLACK
6
CONTINUOUS
10
131.2296859999999867
20
-71.0373699999999957
11
131.2824049999999829
21
-71.0725949999999926
0
LINE
8
BLACK
6
CONTINUOUS
10
131.2824049999999829
20
-71.0725949999999926
11
131.3176299999999799
21
-71.125314000000003
0
LINE
8
BLACK
6
CONTINUOUS
10
131.3176299999999799
20
-71.125314000000003
11
131.3299999999999841
21
-71.1875
0
LINE
8
BLACK
6
CONTINUOUS
10
131.3299999999999841
20
-71.1875
11
131.3299999999999841
21
-71.5125000000000028
0
LINE
8
BLACK
6
CONTINUOUS
10
131.3299999999999841
20
-71.5125000000000028
11
131.3176299999999799
21
-71.5746859999999998
0
LINE
8
BLACK
6
CONTINUOUS
10
131.3176299999999799
20
-71.5746859999999998
11
131.2824049999999829
21
-71.627404999999996
0
LINE
8
BLACK
6
CONTINUOUS
10
131.2824049999999829
20
-71.627404999999996
11
131.2296859999999867
21
-71.6626299999999929
0
LINE
8
BLACK
6
CONTINUOUS
10
131.2296859999999867
20
-71.6626299999999929
11
131.1674999999999898
21
-71.6749999999999972
0
LINE
8
BLACK
6
CONTINUOUS
10
131.1674999999999898
20
-71.6749999999999972
11
130.4371319999999912
21
-71.6749999999999972
0
LINE
8
BLACK
6
CONTINUOUS
10
130.4371319999999912
20
-71.6749999999999972
11
130.2125000000000057
21
-71.8996319999999969
0
LINE
8
BLACK
6
CONTINUOUS
10
130.2125000000000057
20
-71.8996319999999969
11
130.2125000000000057
21
-72.5249999999999915
0
LINE
8
BLACK
6
CONTINUOUS
10
130.2125000000000057
20
-72.5249999999999915
11
130.3624999999999829
21
-72.5249999999999915
0
LINE
8
BLACK
6
CONTINUOUS
10
130.3624999999999829
20
-72.5249999999999915
11
130.4533869999999922
21
-72.5430789999999917
0
LINE
8
BLACK
6
CONTINUOUS
10
130.4533869999999922
20
-72.5430789999999917
11
130.5304380000000037
21
-72.5945619999999963
0
LINE
8
BLACK
6
CONTINUOUS
10
130.5304380000000037
20
-72.5945619999999963
11
130.5819209999999941
21
-72.6716129999999936
0
LINE
8
BLACK
6
CONTINUOUS
10
130.5819209999999941
20
-72.6716129999999936
11
130.5999999999999943
21
-72.7625000000000028
0
LINE
8
BLACK
6
CONTINUOUS
10
130.5999999999999943
20
-72.7625000000000028
11
130.5999999999999943
21
-73.2374999999999972
0
LINE
8
BLACK
6
CONTINUOUS
10
130.5999999999999943
20
-73.2374999999999972
11
130.5819209999999941
21
-73.3283869999999922
0
LINE
8
BLACK
6
CONTINUOUS
10
130.5819209999999941
20
-73.3283869999999922
11
130.5304380000000037
21
-73.4054380000000037
0
LINE
8
BLACK
6
CONTINUOUS
10
130.5304380000000037
20
-73.4054380000000037
11
130.4533869999999922
21
-73.4569209999999941
0
LINE
8
BLACK
6
CONTINUOUS
10
130.4533869999999922
20
-73.4569209999999941
11
130.3624999999999829
21
-73.4749999999999943
0
LINE
8
BLACK
6
CONTINUOUS
10
130.3624999999999829
20
-73.4749999999999943
11
130.2125000000000057
21
-73.4749999999999943
0
LINE
8
BLACK
6
CONTINUOUS
10
130.2125000000000057
20
-73.4749999999999943
11
130.2125000000000057
21
-73.5705239999999918
0
LINE
8
BLACK
6
CONTINUOUS
10
130.2125000000000057
20
-73.5705239999999918
11
130.2976139999999816
21
-73.6138929999999903
0
LINE
8
BLACK
6
CONTINUOUS
10
130.2976139999999816
20
-73.6138929999999903
11
130.3861069999999813
21
-73.70238599999999
0
LINE
8
BLACK
6
CONTINUOUS
10
130.3861069999999813
20
-73.70238599999999
11
130.4429230000000075
21
-73.8138929999999931
0
LINE
8
BLACK
6
CONTINUOUS
10
130.4429230000000075
20
-73.8138929999999931
11
130.4625000000000057
21
-73.9375
0
LINE
8
BLACK
6
CONTINUOUS
10
130.4625000000000057
20
-73.9375
11
130.4429230000000075
21
-74.0611069999999927
0
LINE
8
BLACK
6
CONTINUOUS
10
130.4429230000000075
20
-74.0611069999999927
11
130.3861069999999813
21
-74.1726139999999958
0
LINE
8
BLACK
6
CONTINUOUS
10
130.3861069999999813
20
-74.1726139999999958
11
130.2976139999999816
21
-74.2611069999999955
0
LINE
8
BLACK
6
CONTINUOUS
10
130.2976139999999816
20
-74.2611069999999955
11
130.1861069999999927
21
-74.3179229999999933
0
LINE
8
BLACK
6
CONTINUOUS
10
130.1861069999999927
20
-74.3179229999999933
11
130.0625
21
-74.3374999999999915
0
LINE
8
BLACK
6
CONTINUOUS
10
130.0625
20
-74.3374999999999915
11
129.9388930000000073
21
-74.3179229999999933
0
LINE
8
BLACK
6
CONTINUOUS
10
129.9388930000000073
20
-74.3179229999999933
11
129.82738599999999
21
-74.2611069999999955
0
LINE
8
BLACK
6
CONTINUOUS
10
129.82738599999999
20
-74.2611069999999955
11
129.7388929999999903
21
-74.1726139999999958
0
LINE
8
BLACK
6
CONTINUOUS
10
129.7388929999999903
20
-74.1726139999999958
11
129.6820769999999925
21
-74.0611069999999927
0
LINE
8
BLACK
6
CONTINUOUS
10
129.6820769999999925
20
-74.0611069999999927
11
129.6624999999999943
21
-73.9375
0
LINE
8
BLACK
6
CONTINUOUS
10
129.6624999999999943
20
-73.9375
11
129.6820769999999925
21
-73.8138929999999931
0
LINE
8
BLACK
6
CONTINUOUS
10
129.6820769999999925
20
-73.8138929999999931
11
129.7388929999999903
21
-73.70238599999999
0
LINE
8
BLACK
6
CONTINUOUS
10
129.7388929999999903
20
-73.70238599999999
11
129.82738599999999
21
-73.6138929999999903
0
LINE
8
BLACK
6
CONTINUOUS
10
129.82738599999999
20
-73.6138929999999903
11
129.9124999999999943
21
-73.5705239999999918
0
LINE
8
BLACK
6
CONTINUOUS
10
129.9124999999999943
20
-73.5705239999999918
11
129.9124999999999943
21
-73.4749999999999943
0
LINE
8
BLACK
6
CONTINUOUS
10
129.9124999999999943
20
-73.4749999999999943
11
129.7624999999999886
21
-73.4749999999999943
0
LINE
8
BLACK
6
CONTINUOUS
10
129.7624999999999886
20
-73.4749999999999943
11
129.6716130000000078
21
-73.4569209999999941
0
LINE
8
BLACK
6
CONTINUOUS
10
129.6716130000000078
20
-73.4569209999999941
11
129.5945619999999963
21
-73.4054380000000037
0
LINE
8
BLACK
6
CONTINUOUS
10
129.5945619999999963
20
-73.4054380000000037
11
129.5430790000000059
21
-73.3283869999999922
0
LINE
8
BLACK
6
CONTINUOUS
10
129.5430790000000059
20
-73.3283869999999922
11
129.5250000000000057
21
-73.2374999999999972
0
LINE
8
BLACK
6
CONTINUOUS
10
129.5250000000000057
20
-73.2374999999999972
11
129.5250000000000057
21
-72.7625000000000028
0
LINE
8
BLACK
6
CONTINUOUS
10
129.5250000000000057
20
-72.7625000000000028
11
129.5430790000000059
21
-72.6716129999999936
0
LINE
8
BLACK
6
CONTINUOUS
10
129.5430790000000059
20
-72.6716129999999936
11
129.5945619999999963
21
-72.5945619999999963
0
LINE
8
BLACK
6
CONTINUOUS
10
129.5945619999999963
20
-72.5945619999999963
11
129.6716130000000078
21
-72.5430789999999917
0
LINE
8
BLACK
6
CONTINUOUS
10
129.6716130000000078
20
-72.5430789999999917
11
129.7624999999999886
21
-72.5249999999999915
0
LINE
8
BLACK
6
CONTINUOUS
10
129.7624999999999886
20
-72.5249999999999915
11
129.9124999999999943
21
-72.5249999999999915
0
LINE
8
BLACK
6
CONTINUOUS
10
129.9124999999999943
20
-72.5249999999999915
11
129.9124999999999943
21
-71.8374999999999915
0
LINE
8
BLACK
6
CONTINUOUS
10
129.9124999999999943
20
-71.8374999999999915
11
129.9153819999999939
21
-71.8082359999999937
0
LINE
8
BLACK
6
CONTINUOUS
10
129.9153819999999939
20
-71.8082359999999937
11
129.9295630000000017
21
-71.7740000000000009
0
LINE
8
BLACK
6
CONTINUOUS
10
129.9295630000000017
20
-71.7740000000000009
11
129.9377790000000061
21
-71.7541650000000004
0
LINE
8
BLACK
6
CONTINUOUS
10
129.9377790000000061
20
-71.7541650000000004
11
129.9564340000000016
21
-71.731433999999993
0
LINE
8
BLACK
6
CONTINUOUS
10
129.9564340000000016
20
-71.731433999999993
11
130.0128679999999974
21
-71.6749999999999972
0
LINE
8
BLACK
6
CONTINUOUS
10
130.0128679999999974
20
-71.6749999999999972
11
129.9325000000000045
21
-71.6749999999999972
0
LINE
8
BLACK
6
CONTINUOUS
10
129.9325000000000045
20
-71.6749999999999972
11
129.8703140000000076
21
-71.6626299999999929
0
LINE
8
BLACK
6
CONTINUOUS
10
129.8703140000000076
20
-71.6626299999999929
11
129.817594999999983
21
-71.627404999999996
0
LINE
8
BLACK
6
CONTINUOUS
10
129.817594999999983
20
-71.627404999999996
11
129.782369999999986
21
-71.5746859999999998
0
LINE
8
BLACK
6
CONTINUOUS
10
129.782369999999986
20
-71.5746859999999998
11
129.7699999999999818
21
-71.5125000000000028
0
LINE
8
BLACK
6
CONTINUOUS
10
129.7699999999999818
20
-71.5125000000000028
11
129.7699999999999818
21
-71.1875
0
LINE
8
BLACK
6
CONTINUOUS
10
129.7699999999999818
20
-71.1875
11
129.782369999999986
21
-71.125314000000003
0
LINE
8
BLACK
6
CONTINUOUS
10
129.782369999999986
20
-71.125314000000003
11
129.817594999999983
21
-71.0725949999999926
0
LINE
8
BLACK
6
CONTINUOUS
10
129.817594999999983
20
-71.0725949999999926
11
129.8703140000000076
21
-71.0373699999999957
0
LINE
8
BLACK
6
CONTINUOUS
10
129.8703140000000076
20
-71.0373699999999957
11
129.9325000000000045
21
-71.0249999999999915
0
LINE
8
BLACK
6
CONTINUOUS
10
129.9325000000000045
20
-71.0249999999999915
11
131.1674999999999898
21
-71.0249999999999915
0
LINE
8
BLACK
6
CONTINUOUS
10
131.1674999999999898
20
-71.0249999999999915
11
131.2296859999999867
21
-71.0373699999999957
0
LINE
8
BLACK
6
CONTINUOUS
10
126.3283869999999922
20
-69.6180789999999945
11
126.4054379999999895
21
-69.6695619999999991
0
LINE
8
BLACK
6
CONTINUOUS
10
126.4054379999999895
20
-69.6695619999999991
11
126.4569209999999941
21
-69.7466129999999964
0
LINE
8
BLACK
6
CONTINUOUS
10
126.4569209999999941
20
-69.7466129999999964
11
126.4749999999999943
21
-69.8374999999999915
0
LINE
8
BLACK
6
CONTINUOUS
10
126.4749999999999943
20
-69.8374999999999915
11
126.4749999999999943
21
-70.25
0
LINE
8
BLACK
6
CONTINUOUS
10
126.4749999999999943
20
-70.25
11
127.0699999999999932
21
-70.25
0
LINE
8
BLACK
6
CONTINUOUS
10
127.0699999999999932
20
-70.25
11
127.0699999999999932
21
-70.2374999999999972
0
LINE
8
BLACK
6
CONTINUOUS
10
127.0699999999999932
20
-70.2374999999999972
11
127.0823699999999974
21
-70.1753140000000002
0
LINE
8
BLACK
6
CONTINUOUS
10
127.0823699999999974
20
-70.1753140000000002
11
127.1175949999999943
21
-70.1225949999999898
0
LINE
8
BLACK
6
CONTINUOUS
10
127.1175949999999943
20
-70.1225949999999898
11
127.1703139999999905
21
-70.0873699999999928
0
LINE
8
BLACK
6
CONTINUOUS
10
127.1703139999999905
20
-70.0873699999999928
11
127.2324999999999875
21
-70.0750000000000028
0
LINE
8
BLACK
6
CONTINUOUS
10
127.2324999999999875
20
-70.0750000000000028
11
128.4675000000000011
21
-70.0750000000000028
0
LINE
8
BLACK
6
CONTINUOUS
10
128.4675000000000011
20
-70.0750000000000028
11
128.5296859999999981
21
-70.0873699999999928
0
LINE
8
BLACK
6
CONTINUOUS
10
128.5296859999999981
20
-70.0873699999999928
11
128.5824049999999943
21
-70.1225949999999898
0
LINE
8
BLACK
6
CONTINUOUS
10
128.5824049999999943
20
-70.1225949999999898
11
128.6176299999999912
21
-70.1753140000000002
0
LINE
8
BLACK
6
CONTINUOUS
10
128.6176299999999912
20
-70.1753140000000002
11
128.6299999999999955
21
-70.2374999999999972
0
LINE
8
BLACK
6
CONTINUOUS
10
128.6299999999999955
20
-70.2374999999999972
11
128.6299999999999955
21
-70.25
0
LINE
8
BLACK
6
CONTINUOUS
10
128.6299999999999955
20
-70.25
11
128.6592629999999815
21
-70.2528819999999996
0
LINE
8
BLACK
6
CONTINUOUS
10
128.6592629999999815
20
-70.2528819999999996
11
128.672426999999999
21
-70.2583350000000024
0
LINE
8
BLACK
6
CONTINUOUS
10
128.672426999999999
20
-70.2583350000000024
11
128.7133340000000032
21
-70.2752789999999976
0
LINE
8
BLACK
6
CONTINUOUS
10
128.7133340000000032
20
-70.2752789999999976
11
128.7360649999999964
21
-70.293933999999993
0
LINE
8
BLACK
6
CONTINUOUS
10
128.7360649999999964
20
-70.293933999999993
11
129.0860659999999882
21
-70.643934999999999
0
LINE
8
BLACK
6
CONTINUOUS
10
129.0860659999999882
20
-70.643934999999999
11
129.1047209999999836
21
-70.6666659999999922
0
LINE
8
BLACK
6
CONTINUOUS
10
129.1047209999999836
20
-70.6666659999999922
11
129.1126529999999946
21
-70.6858160000000026
0
LINE
8
BLACK
6
CONTINUOUS
10
129.1126529999999946
20
-70.6858160000000026
11
129.1271179999999958
21
-70.7207369999999997
0
LINE
8
BLACK
6
CONTINUOUS
10
129.1271179999999958
20
-70.7207369999999997
11
129.1299999999999955
21
-70.7500009999999975
0
LINE
8
BLACK
6
CONTINUOUS
10
129.1299999999999955
20
-70.7500009999999975
11
129.1299999999999955
21
-72.3575000000000017
0
LINE
8
BLACK
6
CONTINUOUS
10
129.1299999999999955
20
-72.3575000000000017
11
129.1271179999999958
21
-72.386763000000002
0
LINE
8
BLACK
6
CONTINUOUS
10
129.1271179999999958
20
-72.386763000000002
11
129.1047209999999836
21
-72.4408359999999902
0
LINE
8
BLACK
6
CONTINUOUS
10
129.1047209999999836
20
-72.4408359999999902
11
129.0860659999999882
21
-72.4635660000000001
0
LINE
8
BLACK
6
CONTINUOUS
10
129.0860659999999882
20
-72.4635660000000001
11
128.8604210000000023
21
-72.6892100000000028
0
LINE
8
BLACK
6
CONTINUOUS
10
128.8604210000000023
20
-72.6892100000000028
11
128.875
21
-72.7625000000000028
0
LINE
8
BLACK
6
CONTINUOUS
10
128.875
20
-72.7625000000000028
11
128.875
21
-73.2374999999999972
0
LINE
8
BLACK
6
CONTINUOUS
10
128.875
20
-73.2374999999999972
11
128.8569209999999998
21
-73.3283869999999922
0
LINE
8
BLACK
6
CONTINUOUS
10
128.8569209999999998
20
-73.3283869999999922
11
128.805437999999981
21
-73.4054380000000037
0
LINE
8
BLACK
6
CONTINUOUS
10
128.805437999999981
20
-73.4054380000000037
11
128.7283869999999979
21
-73.4569209999999941
0
LINE
8
BLACK
6
CONTINUOUS
10
128.7283869999999979
20
-73.4569209999999941
11
128.6374999999999886
21
-73.4749999999999943
0
LINE
8
BLACK
6
CONTINUOUS
10
128.6374999999999886
20
-73.4749999999999943
11
128.4874999999999829
21
-73.4749999999999943
0
LINE
8
BLACK
6
CONTINUOUS
10
128.4874999999999829
20
-73.4749999999999943
11
128.4874999999999829
21
-73.4753680000000031
0
LINE
8
BLACK
6
CONTINUOUS
10
128.4874999999999829
20
-73.4753680000000031
11
128.5467909999999847
21
-73.5346589999999907
0
LINE
8
BLACK
6
CONTINUOUS
10
128.5467909999999847
20
-73.5346589999999907
11
128.5763929999999959
21
-73.5195769999999982
0
LINE
8
BLACK
6
CONTINUOUS
10
128.5763929999999959
20
-73.5195769999999982
11
128.6999999999999886
21
-73.5
0
LINE
8
BLACK
6
CONTINUOUS
10
128.6999999999999886
20
-73.5
11
128.8236069999999813
21
-73.5195769999999982
0
LINE
8
BLACK
6
CONTINUOUS
10
128.8236069999999813
20
-73.5195769999999982
11
128.9351139999999987
21
-73.5763929999999959
0
LINE
8
BLACK
6
CONTINUOUS
10
128.9351139999999987
20
-73.5763929999999959
11
129.0236069999999984
21
-73.6648859999999956
0
LINE
8
BLACK
6
CONTINUOUS
10
129.0236069999999984
20
-73.6648859999999956
11
129.0804229999999961
21
-73.7763929999999988
0
LINE
8
BLACK
6
CONTINUOUS
10
129.0804229999999961
20
-73.7763929999999988
11
129.0999999999999943
21
-73.8999999999999915
0
LINE
8
BLACK
6
CONTINUOUS
10
129.0999999999999943
20
-73.8999999999999915
11
129.0804229999999961
21
-74.0236069999999984
0
LINE
8
BLACK
6
CONTINUOUS
10
129.0804229999999961
20
-74.0236069999999984
11
129.0236069999999984
21
-74.1351140000000015
0
LINE
8
BLACK
6
CONTINUOUS
10
129.0236069999999984
20
-74.1351140000000015
11
128.9351139999999987
21
-74.2236070000000012
0
LINE
8
BLACK
6
CONTINUOUS
10
128.9351139999999987
20
-74.2236070000000012
11
128.8236069999999813
21
-74.280422999999999
0
LINE
8
BLACK
6
CONTINUOUS
10
128.8236069999999813
20
-74.280422999999999
11
128.6999999999999886
21
-74.2999999999999972
0
LINE
8
BLACK
6
CONTINUOUS
10
128.6999999999999886
20
-74.2999999999999972
11
128.5763929999999959
21
-74.280422999999999
0
LINE
8
BLACK
6
CONTINUOUS
10
128.5763929999999959
20
-74.280422999999999
11
128.464886000000007
21
-74.2236070000000012
0
LINE
8
BLACK
6
CONTINUOUS
10
128.464886000000007
20
-74.2236070000000012
11
128.3763930000000073
21
-74.1351140000000015
0
LINE
8
BLACK
6
CONTINUOUS
10
128.3763930000000073
20
-74.1351140000000015
11
128.3195769999999811
21
-74.0236069999999984
0
LINE
8
BLACK
6
CONTINUOUS
10
128.3195769999999811
20
-74.0236069999999984
11
128.2999999999999829
21
-73.8999999999999915
0
LINE
8
BLACK
6
CONTINUOUS
10
128.2999999999999829
20
-73.8999999999999915
11
128.3195769999999811
21
-73.7763929999999988
0
LINE
8
BLACK
6
CONTINUOUS
10
128.3195769999999811
20
-73.7763929999999988
11
128.3346589999999878
21
-73.7467910000000018
0
LINE
8
BLACK
6
CONTINUOUS
10
128.3346589999999878
20
-73.7467910000000018
11
128.2314340000000072
21
-73.6435659999999928
0
LINE
8
BLACK
6
CONTINUOUS
10
128.2314340000000072
20
-73.6435659999999928
11
128.2127789999999834
21
-73.6208349999999996
0
LINE
8
BLACK
6
CONTINUOUS
10
128.2127789999999834
20
-73.6208349999999996
11
128.1903819999999996
21
-73.5667629999999946
0
LINE
8
BLACK
6
CONTINUOUS
10
128.1903819999999996
20
-73.5667629999999946
11
128.1875
21
-73.5374999999999943
0
LINE
8
BLACK
6
CONTINUOUS
10
128.1875
20
-73.5374999999999943
11
128.1875
21
-73.4749999999999943
0
LINE
8
BLACK
6
CONTINUOUS
10
128.1875
20
-73.4749999999999943
11
128.0374999999999943
21
-73.4749999999999943
0
LINE
8
BLACK
6
CONTINUOUS
10
128.0374999999999943
20
-73.4749999999999943
11
127.9466129999999993
21
-73.4569209999999941
0
LINE
8
BLACK
6
CONTINUOUS
10
127.9466129999999993
20
-73.4569209999999941
11
127.8695619999999877
21
-73.4054380000000037
0
LINE
8
BLACK
6
CONTINUOUS
10
127.8695619999999877
20
-73.4054380000000037
11
127.8180789999999973
21
-73.3283869999999922
0
LINE
8
BLACK
6
CONTINUOUS
10
127.8180789999999973
20
-73.3283869999999922
11
127.7999999999999972
21
-73.2374999999999972
0
LINE
8
BLACK
6
CONTINUOUS
10
127.7999999999999972
20
-73.2374999999999972
11
127.7999999999999972
21
-72.7625000000000028
0
LINE
8
BLACK
6
CONTINUOUS
10
127.7999999999999972
20
-72.7625000000000028
11
127.8180789999999973
21
-72.6716129999999936
0
LINE
8
BLACK
6
CONTINUOUS
10
127.8180789999999973
20
-72.6716129999999936
11
127.8695619999999877
21
-72.5945619999999963
0
LINE
8
BLACK
6
CONTINUOUS
10
127.8695619999999877
20
-72.5945619999999963
11
127.9466129999999993
21
-72.5430789999999917
0
LINE
8
BLACK
6
CONTINUOUS
10
127.9466129999999993
20
-72.5430789999999917
11
128.0374999999999943
21
-72.5249999999999915
0
LINE
8
BLACK
6
CONTINUOUS
10
128.0374999999999943
20
-72.5249999999999915
11
128.6003680000000031
21
-72.5249999999999915
0
LINE
8
BLACK
6
CONTINUOUS
10
128.6003680000000031
20
-72.5249999999999915
11
128.8299999999999841
21
-72.2953679999999963
0
LINE
8
BLACK
6
CONTINUOUS
10
128.8299999999999841
20
-72.2953679999999963
11
128.8299999999999841
21
-70.8121330000000029
0
LINE
8
BLACK
6
CONTINUOUS
10
128.8299999999999841
20
-70.8121330000000029
11
128.6217649999999821
21
-70.6038980000000009
0
LINE
8
BLACK
6
CONTINUOUS
10
128.6217649999999821
20
-70.6038980000000009
11
128.6176299999999912
21
-70.624685999999997
0
LINE
8
BLACK
6
CONTINUOUS
10
128.6176299999999912
20
-70.624685999999997
11
128.5824049999999943
21
-70.6774049999999932
0
LINE
8
BLACK
6
CONTINUOUS
10
128.5824049999999943
20
-70.6774049999999932
11
128.5296859999999981
21
-70.7126299999999901
0
LINE
8
BLACK
6
CONTINUOUS
10
128.5296859999999981
20
-70.7126299999999901
11
128.4675000000000011
21
-70.7249999999999943
0
LINE
8
BLACK
6
CONTINUOUS
10
128.4675000000000011
20
-70.7249999999999943
11
127.2324999999999875
21
-70.7249999999999943
0
LINE
8
BLACK
6
CONTINUOUS
10
127.2324999999999875
20
-70.7249999999999943
11
127.1703139999999905
21
-70.7126299999999901
0
LINE
8
BLACK
6
CONTINUOUS
10
127.1703139999999905
20
-70.7126299999999901
11
127.1175949999999943
21
-70.6774049999999932
0
LINE
8
BLACK
6
CONTINUOUS
10
127.1175949999999943
20
-70.6774049999999932
11
127.0823699999999974
21
-70.624685999999997
0
LINE
8
BLACK
6
CONTINUOUS
10
127.0823699999999974
20
-70.624685999999997
11
127.0699999999999932
21
-70.5625
0
LINE
8
BLACK
6
CONTINUOUS
10
127.0699999999999932
20
-70.5625
11
127.0699999999999932
21
-70.5499999999999972
0
LINE
8
BLACK
6
CONTINUOUS
10
127.0699999999999932
20
-70.5499999999999972
11
126.4424799999999891
21
-70.5499999999999972
0
LINE
8
BLACK
6
CONTINUOUS
10
126.4424799999999891
20
-70.5499999999999972
11
126.4054379999999895
21
-70.6054379999999924
0
LINE
8
BLACK
6
CONTINUOUS
10
126.4054379999999895
20
-70.6054379999999924
11
126.3283869999999922
21
-70.656920999999997
0
LINE
8
BLACK
6
CONTINUOUS
10
126.3283869999999922
20
-70.656920999999997
11
126.2374999999999972
21
-70.6749999999999972
0
LINE
8
BLACK
6
CONTINUOUS
10
126.2374999999999972
20
-70.6749999999999972
11
125.7624999999999886
21
-70.6749999999999972
0
LINE
8
BLACK
6
CONTINUOUS
10
125.7624999999999886
20
-70.6749999999999972
11
125.6716129999999936
21
-70.656920999999997
0
LINE
8
BLACK
6
CONTINUOUS
10
125.6716129999999936
20
-70.656920999999997
11
125.5945619999999963
21
-70.6054379999999924
0
LINE
8
BLACK
6
CONTINUOUS
10
125.5945619999999963
20
-70.6054379999999924
11
125.5430789999999917
21
-70.5283869999999951
0
LINE
8
BLACK
6
CONTINUOUS
10
125.5430789999999917
20
-70.5283869999999951
11
125.5249999999999915
21
-70.4375
0
LINE
8
BLACK
6
CONTINUOUS
10
125.5249999999999915
20
-70.4375
11
125.5249999999999915
21
-70.2874999999999943
0
LINE
8
BLACK
6
CONTINUOUS
10
125.5249999999999915
20
-70.2874999999999943
11
124.875
21
-70.2874999999999943
0
LINE
8
BLACK
6
CONTINUOUS
10
124.875
20
-70.2874999999999943
11
124.875
21
-70.4249999999999972
0
LINE
8
BLACK
6
CONTINUOUS
10
124.875
20
-70.4249999999999972
11
124.8569209999999998
21
-70.5158869999999922
0
LINE
8
BLACK
6
CONTINUOUS
10
124.8569209999999998
20
-70.5158869999999922
11
124.8054379999999952
21
-70.5929380000000037
0
LINE
8
BLACK
6
CONTINUOUS
10
124.8054379999999952
20
-70.5929380000000037
11
124.7283869999999979
21
-70.6444209999999941
0
LINE
8
BLACK
6
CONTINUOUS
10
124.7283869999999979
20
-70.6444209999999941
11
124.6374999999999886
21
-70.6624999999999943
0
LINE
8
BLACK
6
CONTINUOUS
10
124.6374999999999886
20
-70.6624999999999943
11
124.1624999999999943
21
-70.6624999999999943
0
LINE
8
BLACK
6
CONTINUOUS
10
124.1624999999999943
20
-70.6624999999999943
11
124.0716129999999993
21
-70.6444209999999941
0
LINE
8
BLACK
6
CONTINUOUS
10
124.0716129999999993
20
-70.6444209999999941
11
123.9945619999999877
21
-70.5929380000000037
0
LINE
8
BLACK
6
CONTINUOUS
10
123.9945619999999877
20
-70.5929380000000037
11
123.9430789999999973
21
-70.5158869999999922
0
LINE
8
BLACK
6
CONTINUOUS
10
123.9430789999999973
20
-70.5158869999999922
11
123.9249999999999972
21
-70.4249999999999972
0
LINE
8
BLACK
6
CONTINUOUS
10
123.9249999999999972
20
-70.4249999999999972
11
123.9249999999999972
21
-69.9249999999999972
0
LINE
8
BLACK
6
CONTINUOUS
10
123.9249999999999972
20
-69.9249999999999972
11
123.9430789999999973
21
-69.8341130000000021
0
LINE
8
BLACK
6
CONTINUOUS
10
123.9430789999999973
20
-69.8341130000000021
11
123.9945619999999877
21
-69.7570619999999906
0
LINE
8
BLACK
6
CONTINUOUS
10
123.9945619999999877
20
-69.7570619999999906
11
124.0716129999999993
21
-69.7055790000000002
0
LINE
8
BLACK
6
CONTINUOUS
10
124.0716129999999993
20
-69.7055790000000002
11
124.1624999999999943
21
-69.6875
0
LINE
8
BLACK
6
CONTINUOUS
10
124.1624999999999943
20
-69.6875
11
124.6374999999999886
21
-69.6875
0
LINE
8
BLACK
6
CONTINUOUS
10
124.6374999999999886
20
-69.6875
11
124.7283869999999979
21
-69.7055790000000002
0
LINE
8
BLACK
6
CONTINUOUS
10
124.7283869999999979
20
-69.7055790000000002
11
124.8054379999999952
21
-69.7570619999999906
0
LINE
8
BLACK
6
CONTINUOUS
10
124.8054379999999952
20
-69.7570619999999906
11
124.8569209999999998
21
-69.8341130000000021
0
LINE
8
BLACK
6
CONTINUOUS
10
124.8569209999999998
20
-69.8341130000000021
11
124.875
21
-69.9249999999999972
0
LINE
8
BLACK
6
CONTINUOUS
10
124.875
20
-69.9249999999999972
11
124.875
21
-69.9874999999999972
0
LINE
8
BLACK
6
CONTINUOUS
10
124.875
20
-69.9874999999999972
11
125.5249999999999915
21
-69.9874999999999972
0
LINE
8
BLACK
6
CONTINUOUS
10
125.5249999999999915
20
-69.9874999999999972
11
125.5249999999999915
21
-69.8374999999999915
0
LINE
8
BLACK
6
CONTINUOUS
10
125.5249999999999915
20
-69.8374999999999915
11
125.5430789999999917
21
-69.7466129999999964
0
LINE
8
BLACK
6
CONTINUOUS
10
125.5430789999999917
20
-69.7466129999999964
11
125.5945619999999963
21
-69.6695619999999991
0
LINE
8
BLACK
6
CONTINUOUS
10
125.5945619999999963
20
-69.6695619999999991
11
125.6716129999999936
21
-69.6180789999999945
0
LINE
8
BLACK
6
CONTINUOUS
10
125.6716129999999936
20
-69.6180789999999945
11
125.7624999999999886
21
-69.5999999999999943
0
LINE
8
BLACK
6
CONTINUOUS
10
125.7624999999999886
20
-69.5999999999999943
11
126.2374999999999972
21
-69.5999999999999943
0
LINE
8
BLACK
6
CONTINUOUS
10
126.2374999999999972
20
-69.5999999999999943
11
126.3283869999999922
21
-69.6180789999999945
0
LINE
8
BLACK
6
CONTINUOUS
10
138.0569299999999942
20
-73.4916219999999925
11
138.1684369999999831
21
-73.5484379999999902
0
LINE
8
BLACK
6
CONTINUOUS
10
138.1684369999999831
20
-73.5484379999999902
11
138.2569299999999828
21
-73.6369309999999899
0
LINE
8
BLACK
6
CONTINUOUS
10
138.2569299999999828
20
-73.6369309999999899
11
138.3137459999999805
21
-73.7484379999999931
0
LINE
8
BLACK
6
CONTINUOUS
10
138.3137459999999805
20
-73.7484379999999931
11
138.3333230000000071
21
-73.872045
0
LINE
8
BLACK
6
CONTINUOUS
10
138.3333230000000071
20
-73.872045
11
138.3137459999999805
21
-73.9956519999999927
0
LINE
8
BLACK
6
CONTINUOUS
10
138.3137459999999805
20
-73.9956519999999927
11
138.2569299999999828
21
-74.1071589999999958
0
LINE
8
BLACK
6
CONTINUOUS
10
138.2569299999999828
20
-74.1071589999999958
11
138.1684369999999831
21
-74.1956519999999955
0
LINE
8
BLACK
6
CONTINUOUS
10
138.1684369999999831
20
-74.1956519999999955
11
138.0569299999999942
21
-74.2524679999999933
0
LINE
8
BLACK
6
CONTINUOUS
10
138.0569299999999942
20
-74.2524679999999933
11
137.9333230000000015
21
-74.2720449999999914
0
LINE
8
BLACK
6
CONTINUOUS
10
137.9333230000000015
20
-74.2720449999999914
11
137.8097159999999803
21
-74.2524679999999933
0
LINE
8
BLACK
6
CONTINUOUS
10
137.8097159999999803
20
-74.2524679999999933
11
137.6982089999999914
21
-74.1956519999999955
0
LINE
8
BLACK
6
CONTINUOUS
10
137.6982089999999914
20
-74.1956519999999955
11
137.6097159999999917
21
-74.1071589999999958
0
LINE
8
BLACK
6
CONTINUOUS
10
137.6097159999999917
20
-74.1071589999999958
11
137.552899999999994
21
-73.9956519999999927
0
LINE
8
BLACK
6
CONTINUOUS
10
137.552899999999994
20
-73.9956519999999927
11
137.5333229999999958
21
-73.872045
0
LINE
8
BLACK
6
CONTINUOUS
10
137.5333229999999958
20
-73.872045
11
137.552899999999994
21
-73.7484379999999931
0
LINE
8
BLACK
6
CONTINUOUS
10
137.552899999999994
20
-73.7484379999999931
11
137.6097159999999917
21
-73.6369309999999899
0
LINE
8
BLACK
6
CONTINUOUS
10
137.6097159999999917
20
-73.6369309999999899
11
137.6982089999999914
21
-73.5484379999999902
0
LINE
8
BLACK
6
CONTINUOUS
10
137.6982089999999914
20
-73.5484379999999902
11
137.8097159999999803
21
-73.4916219999999925
0
LINE
8
BLACK
6
CONTINUOUS
10
137.8097159999999803
20
-73.4916219999999925
11
137.9333230000000015
21
-73.4720449999999943
0
LINE
8
BLACK
6
CONTINUOUS
10
137.9333230000000015
20
-73.4720449999999943
11
138.0569299999999942
21
-73.4916219999999925
0
LINE
8
BLACK
6
CONTINUOUS
10
168.2611069999999813
20
-73.2570769999999953
11
168.3726139999999987
21
-73.3138929999999931
0
LINE
8
BLACK
6
CONTINUOUS
10
168.3726139999999987
20
-73.3138929999999931
11
168.4611069999999984
21
-73.4023859999999928
0
LINE
8
BLACK
6
CONTINUOUS
10
168.4611069999999984
20
-73.4023859999999928
11
168.5179229999999961
21
-73.5138929999999959
0
LINE
8
BLACK
6
CONTINUOUS
10
168.5179229999999961
20
-73.5138929999999959
11
168.5374999999999943
21
-73.6375000000000028
0
LINE
8
BLACK
6
CONTINUOUS
10
168.5374999999999943
20
-73.6375000000000028
11
168.5179229999999961
21
-73.7611069999999955
0
LINE
8
BLACK
6
CONTINUOUS
10
168.5179229999999961
20
-73.7611069999999955
11
168.4611069999999984
21
-73.8726139999999987
0
LINE
8
BLACK
6
CONTINUOUS
10
168.4611069999999984
20
-73.8726139999999987
11
168.3726139999999987
21
-73.9611069999999984
0
LINE
8
BLACK
6
CONTINUOUS
10
168.3726139999999987
20
-73.9611069999999984
11
168.2611069999999813
21
-74.0179229999999961
0
LINE
8
BLACK
6
CONTINUOUS
10
168.2611069999999813
20
-74.0179229999999961
11
168.1374999999999886
21
-74.0374999999999943
0
LINE
8
BLACK
6
CONTINUOUS
10
168.1374999999999886
20
-74.0374999999999943
11
168.0138929999999959
21
-74.0179229999999961
0
LINE
8
BLACK
6
CONTINUOUS
10
168.0138929999999959
20
-74.0179229999999961
11
167.9023859999999786
21
-73.9611069999999984
0
LINE
8
BLACK
6
CONTINUOUS
10
167.9023859999999786
20
-73.9611069999999984
11
167.8138929999999789
21
-73.8726139999999987
0
LINE
8
BLACK
6
CONTINUOUS
10
167.8138929999999789
20
-73.8726139999999987
11
167.7570769999999811
21
-73.7611069999999955
0
LINE
8
BLACK
6
CONTINUOUS
10
167.7570769999999811
20
-73.7611069999999955
11
167.7374999999999829
21
-73.6375000000000028
0
LINE
8
BLACK
6
CONTINUOUS
10
167.7374999999999829
20
-73.6375000000000028
11
167.7570769999999811
21
-73.5138929999999959
0
LINE
8
BLACK
6
CONTINUOUS
10
167.7570769999999811
20
-73.5138929999999959
11
167.8138929999999789
21
-73.4023859999999928
0
LINE
8
BLACK
6
CONTINUOUS
10
167.8138929999999789
20
-73.4023859999999928
11
167.9023859999999786
21
-73.3138929999999931
0
LINE
8
BLACK
6
CONTINUOUS
10
167.9023859999999786
20
-73.3138929999999931
11
168.0138929999999959
21
-73.2570769999999953
0
LINE
8
BLACK
6
CONTINUOUS
10
168.0138929999999959
20
-73.2570769999999953
11
168.1374999999999886
21
-73.2374999999999972
0
LINE
8
BLACK
6
CONTINUOUS
10
168.1374999999999886
20
-73.2374999999999972
11
168.2611069999999813
21
-73.2570769999999953
0
LINE
8
BLACK
6
CONTINUOUS
10
170.0929739999999981
20
-73.2115029999999933
11
170.204480999999987
21
-73.2683189999999911
0
LINE
8
BLACK
6
CONTINUOUS
10
170.204480999999987
20
-73.2683189999999911
11
170.2929739999999867
21
-73.3568119999999908
0
LINE
8
BLACK
6
CONTINUOUS
10
170.2929739999999867
20
-73.3568119999999908
11
170.3497899999999845
21
-73.4683189999999939
0
LINE
8
BLACK
6
CONTINUOUS
10
170.3497899999999845
20
-73.4683189999999939
11
170.3693669999999827
21
-73.5919260000000008
0
LINE
8
BLACK
6
CONTINUOUS
10
170.3693669999999827
20
-73.5919260000000008
11
170.3497899999999845
21
-73.7155329999999935
0
LINE
8
BLACK
6
CONTINUOUS
10
170.3497899999999845
20
-73.7155329999999935
11
170.2929739999999867
21
-73.8270399999999967
0
LINE
8
BLACK
6
CONTINUOUS
10
170.2929739999999867
20
-73.8270399999999967
11
170.204480999999987
21
-73.9155329999999964
0
LINE
8
BLACK
6
CONTINUOUS
10
170.204480999999987
20
-73.9155329999999964
11
170.0929739999999981
21
-73.9723489999999941
0
LINE
8
BLACK
6
CONTINUOUS
10
170.0929739999999981
20
-73.9723489999999941
11
169.9693670000000054
21
-73.9919259999999923
0
LINE
8
BLACK
6
CONTINUOUS
10
169.9693670000000054
20
-73.9919259999999923
11
169.8457599999999843
21
-73.9723489999999941
0
LINE
8
BLACK
6
CONTINUOUS
10
169.8457599999999843
20
-73.9723489999999941
11
169.7342529999999954
21
-73.9155329999999964
0
LINE
8
BLACK
6
CONTINUOUS
10
169.7342529999999954
20
-73.9155329999999964
11
169.6457599999999957
21
-73.8270399999999967
0
LINE
8
BLACK
6
CONTINUOUS
10
169.6457599999999957
20
-73.8270399999999967
11
169.5889439999999979
21
-73.7155329999999935
0
LINE
8
BLACK
6
CONTINUOUS
10
169.5889439999999979
20
-73.7155329999999935
11
169.5693669999999997
21
-73.5919260000000008
0
LINE
8
BLACK
6
CONTINUOUS
10
169.5693669999999997
20
-73.5919260000000008
11
169.5889439999999979
21
-73.4683189999999939
0
LINE
8
BLACK
6
CONTINUOUS
10
169.5889439999999979
20
-73.4683189999999939
11
169.6457599999999957
21
-73.3568119999999908
0
LINE
8
BLACK
6
CONTINUOUS
10
169.6457599999999957
20
-73.3568119999999908
11
169.7342529999999954
21
-73.2683189999999911
0
LINE
8
BLACK
6
CONTINUOUS
10
169.7342529999999954
20
-73.2683189999999911
11
169.8457599999999843
21
-73.2115029999999933
0
LINE
8
BLACK
6
CONTINUOUS
10
169.8457599999999843
20
-73.2115029999999933
11
169.9693670000000054
21
-73.1919259999999952
0
LINE
8
BLACK
6
CONTINUOUS
10
169.9693670000000054
20
-73.1919259999999952
11
170.0929739999999981
21
-73.2115029999999933
0
LINE
8
BLACK
6
CONTINUOUS
10
172.3424029999999902
20
-70.5614180000000033
11
172.391065999999995
21
-70.5939339999999902
0
LINE
8
BLACK
6
CONTINUOUS
10
172.391065999999995
20
-70.5939339999999902
11
172.4235819999999819
21
-70.642596999999995
0
LINE
8
BLACK
6
CONTINUOUS
10
172.4235819999999819
20
-70.642596999999995
11
172.4350000000000023
21
-70.7000000000000028
0
LINE
8
BLACK
6
CONTINUOUS
10
172.4350000000000023
20
-70.7000000000000028
11
172.4350000000000023
21
-72.3499999999999943
0
LINE
8
BLACK
6
CONTINUOUS
10
172.4350000000000023
20
-72.3499999999999943
11
172.4235819999999819
21
-72.4074030000000022
0
LINE
8
BLACK
6
CONTINUOUS
10
172.4235819999999819
20
-72.4074030000000022
11
172.391065999999995
21
-72.4560659999999928
0
LINE
8
BLACK
6
CONTINUOUS
10
172.391065999999995
20
-72.4560659999999928
11
172.3849999999999909
21
-72.4601189999999917
0
LINE
8
BLACK
6
CONTINUOUS
10
172.3849999999999909
20
-72.4601189999999917
11
172.3849999999999909
21
-72.5762789999999995
0
LINE
8
BLACK
6
CONTINUOUS
10
172.3849999999999909
20
-72.5762789999999995
11
172.4586070000000007
21
-72.6498859999999951
0
LINE
8
BLACK
6
CONTINUOUS
10
172.4586070000000007
20
-72.6498859999999951
11
172.5154229999999984
21
-72.7613929999999982
0
LINE
8
BLACK
6
CONTINUOUS
10
172.5154229999999984
20
-72.7613929999999982
11
172.5349999999999966
21
-72.8849999999999909
0
LINE
8
BLACK
6
CONTINUOUS
10
172.5349999999999966
20
-72.8849999999999909
11
172.5154229999999984
21
-73.0086069999999978
0
LINE
8
BLACK
6
CONTINUOUS
10
172.5154229999999984
20
-73.0086069999999978
11
172.4586070000000007
21
-73.1201140000000009
0
LINE
8
BLACK
6
CONTINUOUS
10
172.4586070000000007
20
-73.1201140000000009
11
172.3701140000000009
21
-73.2086070000000007
0
LINE
8
BLACK
6
CONTINUOUS
10
172.3701140000000009
20
-73.2086070000000007
11
172.2586069999999836
21
-73.2654229999999984
0
LINE
8
BLACK
6
CONTINUOUS
10
172.2586069999999836
20
-73.2654229999999984
11
172.1349999999999909
21
-73.2849999999999966
0
LINE
8
BLACK
6
CONTINUOUS
10
172.1349999999999909
20
-73.2849999999999966
11
172.0113929999999982
21
-73.2654229999999984
0
LINE
8
BLACK
6
CONTINUOUS
10
172.0113929999999982
20
-73.2654229999999984
11
171.8998859999999809
21
-73.2086070000000007
0
LINE
8
BLACK
6
CONTINUOUS
10
171.8998859999999809
20
-73.2086070000000007
11
171.8113929999999812
21
-73.1201140000000009
0
LINE
8
BLACK
6
CONTINUOUS
10
171.8113929999999812
20
-73.1201140000000009
11
171.7545769999999834
21
-73.0086069999999978
0
LINE
8
BLACK
6
CONTINUOUS
10
171.7545769999999834
20
-73.0086069999999978
11
171.7349999999999852
21
-72.8849999999999909
0
LINE
8
BLACK
6
CONTINUOUS
10
171.7349999999999852
20
-72.8849999999999909
11
171.7545769999999834
21
-72.7613929999999982
0
LINE
8
BLACK
6
CONTINUOUS
10
171.7545769999999834
20
-72.7613929999999982
11
171.8113929999999812
21
-72.6498859999999951
0
LINE
8
BLACK
6
CONTINUOUS
10
171.8113929999999812
20
-72.6498859999999951
11
171.8849999999999909
21
-72.5762789999999995
0
LINE
8
BLACK
6
CONTINUOUS
10
171.8849999999999909
20
-72.5762789999999995
11
171.8849999999999909
21
-72.4601189999999917
0
LINE
8
BLACK
6
CONTINUOUS
10
171.8849999999999909
20
-72.4601189999999917
11
171.8789339999999868
21
-72.4560659999999928
0
LINE
8
BLACK
6
CONTINUOUS
10
171.8789339999999868
20
-72.4560659999999928
11
171.8464179999999999
21
-72.4074030000000022
0
LINE
8
BLACK
6
CONTINUOUS
10
171.8464179999999999
20
-72.4074030000000022
11
171.8349999999999795
21
-72.3499999999999943
0
LINE
8
BLACK
6
CONTINUOUS
10
171.8349999999999795
20
-72.3499999999999943
11
171.8349999999999795
21
-70.7000000000000028
0
LINE
8
BLACK
6
CONTINUOUS
10
171.8349999999999795
20
-70.7000000000000028
11
171.8464179999999999
21
-70.642596999999995
0
LINE
8
BLACK
6
CONTINUOUS
10
171.8464179999999999
20
-70.642596999999995
11
171.8789339999999868
21
-70.5939339999999902
0
LINE
8
BLACK
6
CONTINUOUS
10
171.8789339999999868
20
-70.5939339999999902
11
171.9275969999999916
21
-70.5614180000000033
0
LINE
8
BLACK
6
CONTINUOUS
10
171.9275969999999916
20
-70.5614180000000033
11
171.9849999999999852
21
-70.5499999999999972
0
LINE
8
BLACK
6
CONTINUOUS
10
171.9849999999999852
20
-70.5499999999999972
11
172.2849999999999966
21
-70.5499999999999972
0
LINE
8
BLACK
6
CONTINUOUS
10
172.2849999999999966
20
-70.5499999999999972
11
172.3424029999999902
21
-70.5614180000000033
0
LINE
8
BLACK
6
CONTINUOUS
10
120.3497079999999926
20
-72.3161839999999927
11
120.4694299999999885
21
-72.3931249999999977
0
LINE
8
BLACK
6
CONTINUOUS
10
120.4694299999999885
20
-72.3931249999999977
11
120.562626999999992
21
-72.5006800000000027
0
LINE
8
BLACK
6
CONTINUOUS
10
120.562626999999992
20
-72.5006800000000027
11
120.6217459999999875
21
-72.6301339999999982
0
LINE
8
BLACK
6
CONTINUOUS
10
120.6217459999999875
20
-72.6301339999999982
11
120.6419999999999959
21
-72.7710000000000008
0
LINE
8
BLACK
6
CONTINUOUS
10
120.6419999999999959
20
-72.7710000000000008
11
120.6217459999999875
21
-72.9118660000000034
0
LINE
8
BLACK
6
CONTINUOUS
10
120.6217459999999875
20
-72.9118660000000034
11
120.562626999999992
21
-73.0413199999999989
0
LINE
8
BLACK
6
CONTINUOUS
10
120.562626999999992
20
-73.0413199999999989
11
120.4694299999999885
21
-73.1488749999999897
0
LINE
8
BLACK
6
CONTINUOUS
10
120.4694299999999885
20
-73.1488749999999897
11
120.3497079999999926
21
-73.2258159999999947
0
LINE
8
BLACK
6
CONTINUOUS
10
120.3497079999999926
20
-73.2258159999999947
11
120.2131569999999954
21
-73.2659110000000027
0
LINE
8
BLACK
6
CONTINUOUS
10
120.2131569999999954
20
-73.2659110000000027
11
120.0708429999999964
21
-73.2659110000000027
0
LINE
8
BLACK
6
CONTINUOUS
10
120.0708429999999964
20
-73.2659110000000027
11
119.9342919999999992
21
-73.2258159999999947
0
LINE
8
BLACK
6
CONTINUOUS
10
119.9342919999999992
20
-73.2258159999999947
11
119.8145699999999891
21
-73.1488749999999897
0
LINE
8
BLACK
6
CONTINUOUS
10
119.8145699999999891
20
-73.1488749999999897
11
119.7213729999999998
21
-73.0413199999999989
0
LINE
8
BLACK
6
CONTINUOUS
10
119.7213729999999998
20
-73.0413199999999989
11
119.6622539999999901
21
-72.9118660000000034
0
LINE
8
BLACK
6
CONTINUOUS
10
119.6622539999999901
20
-72.9118660000000034
11
119.6419999999999959
21
-72.7710000000000008
0
LINE
8
BLACK
6
CONTINUOUS
10
119.6419999999999959
20
-72.7710000000000008
11
119.6622539999999901
21
-72.6301339999999982
0
LINE
8
BLACK
6
CONTINUOUS
10
119.6622539999999901
20
-72.6301339999999982
11
119.7213729999999998
21
-72.5006800000000027
0
LINE
8
BLACK
6
CONTINUOUS
10
119.7213729999999998
20
-72.5006800000000027
11
119.8145699999999891
21
-72.3931249999999977
0
LINE
8
BLACK
6
CONTINUOUS
10
119.8145699999999891
20
-72.3931249999999977
11
119.9342919999999992
21
-72.3161839999999927
0
LINE
8
BLACK
6
CONTINUOUS
10
119.9342919999999992
20
-72.3161839999999927
11
120.0708429999999964
21
-72.2760889999999989
0
LINE
8
BLACK
6
CONTINUOUS
10
120.0708429999999964
20
-72.2760889999999989
11
120.2131569999999954
21
-72.2760889999999989
0
LINE
8
BLACK
6
CONTINUOUS
10
120.2131569999999954
20
-72.2760889999999989
11
120.3497079999999926
21
-72.3161839999999927
0
LINE
8
BLACK
6
CONTINUOUS
10
179.1037079999999833
20
-72.3161839999999927
11
179.2234299999999791
21
-72.3931249999999977
0
LINE
8
BLACK
6
CONTINUOUS
10
179.2234299999999791
20
-72.3931249999999977
11
179.3166269999999827
21
-72.5006800000000027
0
LINE
8
BLACK
6
CONTINUOUS
10
179.3166269999999827
20
-72.5006800000000027
11
179.3757459999999924
21
-72.6301339999999982
0
LINE
8
BLACK
6
CONTINUOUS
10
179.3757459999999924
20
-72.6301339999999982
11
179.3959999999999866
21
-72.7710000000000008
0
LINE
8
BLACK
6
CONTINUOUS
10
179.3959999999999866
20
-72.7710000000000008
11
179.3757459999999924
21
-72.9118660000000034
0
LINE
8
BLACK
6
CONTINUOUS
10
179.3757459999999924
20
-72.9118660000000034
11
179.3166269999999827
21
-73.0413199999999989
0
LINE
8
BLACK
6
CONTINUOUS
10
179.3166269999999827
20
-73.0413199999999989
11
179.2234299999999791
21
-73.1488749999999897
0
LINE
8
BLACK
6
CONTINUOUS
10
179.2234299999999791
20
-73.1488749999999897
11
179.1037079999999833
21
-73.2258159999999947
0
LINE
8
BLACK
6
CONTINUOUS
10
179.1037079999999833
20
-73.2258159999999947
11
178.9671569999999861
21
-73.2659110000000027
0
LINE
8
BLACK
6
CONTINUOUS
10
178.9671569999999861
20
-73.2659110000000027
11
178.8248429999999871
21
-73.2659110000000027
0
LINE
8
BLACK
6
CONTINUOUS
10
178.8248429999999871
20
-73.2659110000000027
11
178.6882919999999899
21
-73.2258159999999947
0
LINE
8
BLACK
6
CONTINUOUS
10
178.6882919999999899
20
-73.2258159999999947
11
178.568569999999994
21
-73.1488749999999897
0
LINE
8
BLACK
6
CONTINUOUS
10
178.568569999999994
20
-73.1488749999999897
11
178.4753729999999905
21
-73.0413199999999989
0
LINE
8
BLACK
6
CONTINUOUS
10
178.4753729999999905
20
-73.0413199999999989
11
178.4162539999999808
21
-72.9118660000000034
0
LINE
8
BLACK
6
CONTINUOUS
10
178.4162539999999808
20
-72.9118660000000034
11
178.3959999999999866
21
-72.7710000000000008
0
LINE
8
BLACK
6
CONTINUOUS
10
178.3959999999999866
20
-72.7710000000000008
11
178.4162539999999808
21
-72.6301339999999982
0
LINE
8
BLACK
6
CONTINUOUS
10
178.4162539999999808
20
-72.6301339999999982
11
178.4753729999999905
21
-72.5006800000000027
0
LINE
8
BLACK
6
CONTINUOUS
10
178.4753729999999905
20
-72.5006800000000027
11
178.568569999999994
21
-72.3931249999999977
0
LINE
8
BLACK
6
CONTINUOUS
10
178.568569999999994
20
-72.3931249999999977
11
178.6882919999999899
21
-72.3161839999999927
0
LINE
8
BLACK
6
CONTINUOUS
10
178.6882919999999899
20
-72.3161839999999927
11
178.8248429999999871
21
-72.2760889999999989
0
LINE
8
BLACK
6
CONTINUOUS
10
178.8248429999999871
20
-72.2760889999999989
11
178.9671569999999861
21
-72.2760889999999989
0
LINE
8
BLACK
6
CONTINUOUS
10
178.9671569999999861
20
-72.2760889999999989
11
179.1037079999999833
21
-72.3161839999999927
0
LINE
8
BLACK
6
CONTINUOUS
10
138.1236069999999927
20
-72.4195769999999897
11
138.2351139999999816
21
-72.4763930000000016
0
LINE
8
BLACK
6
CONTINUOUS
10
138.2351139999999816
20
-72.4763930000000016
11
138.3236069999999813
21
-72.5648860000000013
0
LINE
8
BLACK
6
CONTINUOUS
10
138.3236069999999813
20
-72.5648860000000013
11
138.3804230000000075
21
-72.6763929999999903
0
LINE
8
BLACK
6
CONTINUOUS
10
138.3804230000000075
20
-72.6763929999999903
11
138.4000000000000057
21
-72.7999999999999972
0
LINE
8
BLACK
6
CONTINUOUS
10
138.4000000000000057
20
-72.7999999999999972
11
138.3804230000000075
21
-72.9236069999999899
0
LINE
8
BLACK
6
CONTINUOUS
10
138.3804230000000075
20
-72.9236069999999899
11
138.3236069999999813
21
-73.035113999999993
0
LINE
8
BLACK
6
CONTINUOUS
10
138.3236069999999813
20
-73.035113999999993
11
138.2351139999999816
21
-73.1236069999999927
0
LINE
8
BLACK
6
CONTINUOUS
10
138.2351139999999816
20
-73.1236069999999927
11
138.1236069999999927
21
-73.1804229999999905
0
LINE
8
BLACK
6
CONTINUOUS
10
138.1236069999999927
20
-73.1804229999999905
11
138.
21
-73.2000000000000028
0
LINE
8
BLACK
6
CONTINUOUS
10
138.
20
-73.2000000000000028
11
137.8763930000000073
21
-73.1804229999999905
0
LINE
8
BLACK
6
CONTINUOUS
10
137.8763930000000073
20
-73.1804229999999905
11
137.76488599999999
21
-73.1236069999999927
0
LINE
8
BLACK
6
CONTINUOUS
10
137.76488599999999
20
-73.1236069999999927
11
137.6763929999999903
21
-73.035113999999993
0
LINE
8
BLACK
6
CONTINUOUS
10
137.6763929999999903
20
-73.035113999999993
11
137.6195769999999925
21
-72.9236069999999899
0
LINE
8
BLACK
6
CONTINUOUS
10
137.6195769999999925
20
-72.9236069999999899
11
137.5999999999999943
21
-72.7999999999999972
0
LINE
8
BLACK
6
CONTINUOUS
10
137.5999999999999943
20
-72.7999999999999972
11
137.6195769999999925
21
-72.6763929999999903
0
LINE
8
BLACK
6
CONTINUOUS
10
137.6195769999999925
20
-72.6763929999999903
11
137.6763929999999903
21
-72.5648860000000013
0
LINE
8
BLACK
6
CONTINUOUS
10
137.6763929999999903
20
-72.5648860000000013
11
137.76488599999999
21
-72.4763930000000016
0
LINE
8
BLACK
6
CONTINUOUS
10
137.76488599999999
20
-72.4763930000000016
11
137.8763930000000073
21
-72.4195769999999897
0
LINE
8
BLACK
6
CONTINUOUS
10
137.8763930000000073
20
-72.4195769999999897
11
138.
21
-72.3999999999999915
0
LINE
8
BLACK
6
CONTINUOUS
10
138.
20
-72.3999999999999915
11
138.1236069999999927
21
-72.4195769999999897
0
LINE
8
BLACK
6
CONTINUOUS
10
136.2533870000000036
20
-70.5430789999999917
11
136.3304379999999867
21
-70.5945619999999963
0
LINE
8
BLACK
6
CONTINUOUS
10
136.3304379999999867
20
-70.5945619999999963
11
136.3819210000000055
21
-70.6716129999999936
0
LINE
8
BLACK
6
CONTINUOUS
10
136.3819210000000055
20
-70.6716129999999936
11
136.4000000000000057
21
-70.7625000000000028
0
LINE
8
BLACK
6
CONTINUOUS
10
136.4000000000000057
20
-70.7625000000000028
11
136.4000000000000057
21
-71.2374999999999972
0
LINE
8
BLACK
6
CONTINUOUS
10
136.4000000000000057
20
-71.2374999999999972
11
136.3819210000000055
21
-71.3283869999999922
0
LINE
8
BLACK
6
CONTINUOUS
10
136.3819210000000055
20
-71.3283869999999922
11
136.3304379999999867
21
-71.4054380000000037
0
LINE
8
BLACK
6
CONTINUOUS
10
136.3304379999999867
20
-71.4054380000000037
11
136.2533870000000036
21
-71.4569209999999941
0
LINE
8
BLACK
6
CONTINUOUS
10
136.2533870000000036
20
-71.4569209999999941
11
136.1624999999999943
21
-71.4749999999999943
0
LINE
8
BLACK
6
CONTINUOUS
10
136.1624999999999943
20
-71.4749999999999943
11
136.0124999999999886
21
-71.4749999999999943
0
LINE
8
BLACK
6
CONTINUOUS
10
136.0124999999999886
20
-71.4749999999999943
11
136.0124999999999886
21
-71.8003679999999918
0
LINE
8
BLACK
6
CONTINUOUS
10
136.0124999999999886
20
-71.8003679999999918
11
136.4467909999999904
21
-72.2346589999999935
0
LINE
8
BLACK
6
CONTINUOUS
10
136.4467909999999904
20
-72.2346589999999935
11
136.4763930000000016
21
-72.219577000000001
0
LINE
8
BLACK
6
CONTINUOUS
10
136.4763930000000016
20
-72.219577000000001
11
136.5999999999999943
21
-72.2000000000000028
0
LINE
8
BLACK
6
CONTINUOUS
10
136.5999999999999943
20
-72.2000000000000028
11
136.723606999999987
21
-72.219577000000001
0
LINE
8
BLACK
6
CONTINUOUS
10
136.723606999999987
20
-72.219577000000001
11
136.8351140000000044
21
-72.2763929999999988
0
LINE
8
BLACK
6
CONTINUOUS
10
136.8351140000000044
20
-72.2763929999999988
11
136.9236070000000041
21
-72.3648859999999985
0
LINE
8
BLACK
6
CONTINUOUS
10
136.9236070000000041
20
-72.3648859999999985
11
136.9804230000000018
21
-72.4763930000000016
0
LINE
8
BLACK
6
CONTINUOUS
10
136.9804230000000018
20
-72.4763930000000016
11
137.
21
-72.5999999999999943
0
LINE
8
BLACK
6
CONTINUOUS
10
137.
20
-72.5999999999999943
11
136.9804230000000018
21
-72.7236070000000012
0
LINE
8
BLACK
6
CONTINUOUS
10
136.9804230000000018
20
-72.7236070000000012
11
136.9236070000000041
21
-72.8351139999999901
0
LINE
8
BLACK
6
CONTINUOUS
10
136.9236070000000041
20
-72.8351139999999901
11
136.8351140000000044
21
-72.9236069999999899
0
LINE
8
BLACK
6
CONTINUOUS
10
136.8351140000000044
20
-72.9236069999999899
11
136.723606999999987
21
-72.9804230000000018
0
LINE
8
BLACK
6
CONTINUOUS
10
136.723606999999987
20
-72.9804230000000018
11
136.5999999999999943
21
-73.
0
LINE
8
BLACK
6
CONTINUOUS
10
136.5999999999999943
20
-73.
11
136.4763930000000016
21
-72.9804230000000018
0
LINE
8
BLACK
6
CONTINUOUS
10
136.4763930000000016
20
-72.9804230000000018
11
136.3648859999999843
21
-72.9236069999999899
0
LINE
8
BLACK
6
CONTINUOUS
10
136.3648859999999843
20
-72.9236069999999899
11
136.2763929999999846
21
-72.8351139999999901
0
LINE
8
BLACK
6
CONTINUOUS
10
136.2763929999999846
20
-72.8351139999999901
11
136.2195769999999868
21
-72.7236070000000012
0
LINE
8
BLACK
6
CONTINUOUS
10
136.2195769999999868
20
-72.7236070000000012
11
136.1999999999999886
21
-72.5999999999999943
0
LINE
8
BLACK
6
CONTINUOUS
10
136.1999999999999886
20
-72.5999999999999943
11
136.2195769999999868
21
-72.4763930000000016
0
LINE
8
BLACK
6
CONTINUOUS
10
136.2195769999999868
20
-72.4763930000000016
11
136.2346589999999935
21
-72.4467909999999904
0
LINE
8
BLACK
6
CONTINUOUS
10
136.2346589999999935
20
-72.4467909999999904
11
135.7564339999999845
21
-71.9685659999999956
0
LINE
8
BLACK
6
CONTINUOUS
10
135.7564339999999845
20
-71.9685659999999956
11
135.7377789999999891
21
-71.9458350000000024
0
LINE
8
BLACK
6
CONTINUOUS
10
135.7377789999999891
20
-71.9458350000000024
11
135.7187940000000026
21
-71.8999999999999915
0
LINE
8
BLACK
6
CONTINUOUS
10
135.7187940000000026
20
-71.8999999999999915
11
135.7153820000000053
21
-71.8917639999999949
0
LINE
8
BLACK
6
CONTINUOUS
10
135.7153820000000053
20
-71.8917639999999949
11
135.7125000000000057
21
-71.8624999999999972
0
LINE
8
BLACK
6
CONTINUOUS
10
135.7125000000000057
20
-71.8624999999999972
11
135.7125000000000057
21
-71.4749999999999943
0
LINE
8
BLACK
6
CONTINUOUS
10
135.7125000000000057
20
-71.4749999999999943
11
135.5625
21
-71.4749999999999943
0
LINE
8
BLACK
6
CONTINUOUS
10
135.5625
20
-71.4749999999999943
11
135.4716129999999907
21
-71.4569209999999941
0
LINE
8
BLACK
6
CONTINUOUS
10
135.4716129999999907
20
-71.4569209999999941
11
135.3945620000000076
21
-71.4054380000000037
0
LINE
8
BLACK
6
CONTINUOUS
10
135.3945620000000076
20
-71.4054380000000037
11
135.3430789999999888
21
-71.3283869999999922
0
LINE
8
BLACK
6
CONTINUOUS
10
135.3430789999999888
20
-71.3283869999999922
11
135.3249999999999886
21
-71.2374999999999972
0
LINE
8
BLACK
6
CONTINUOUS
10
135.3249999999999886
20
-71.2374999999999972
11
135.3249999999999886
21
-70.7625000000000028
0
LINE
8
BLACK
6
CONTINUOUS
10
135.3249999999999886
20
-70.7625000000000028
11
135.3430789999999888
21
-70.6716129999999936
0
LINE
8
BLACK
6
CONTINUOUS
10
135.3430789999999888
20
-70.6716129999999936
11
135.3945620000000076
21
-70.5945619999999963
0
LINE
8
BLACK
6
CONTINUOUS
10
135.3945620000000076
20
-70.5945619999999963
11
135.4716129999999907
21
-70.5430789999999917
0
LINE
8
BLACK
6
CONTINUOUS
10
135.4716129999999907
20
-70.5430789999999917
11
135.5625
21
-70.5249999999999915
0
LINE
8
BLACK
6
CONTINUOUS
10
135.5625
20
-70.5249999999999915
11
136.1624999999999943
21
-70.5249999999999915
0
LINE
8
BLACK
6
CONTINUOUS
10
136.1624999999999943
20
-70.5249999999999915
11
136.2533870000000036
21
-70.5430789999999917
0
LINE
8
BLACK
6
CONTINUOUS
10
139.0160469999999862
20
-71.9278269999999935
11
139.1275540000000035
21
-71.9846429999999913
0
LINE
8
BLACK
6
CONTINUOUS
10
139.1275540000000035
20
-71.9846429999999913
11
139.2160470000000032
21
-72.073135999999991
0
LINE
8
BLACK
6
CONTINUOUS
10
139.2160470000000032
20
-72.073135999999991
11
139.272863000000001
21
-72.1846429999999941
0
LINE
8
BLACK
6
CONTINUOUS
10
139.272863000000001
20
-72.1846429999999941
11
139.2924399999999991
21
-72.308250000000001
0
LINE
8
BLACK
6
CONTINUOUS
10
139.2924399999999991
20
-72.308250000000001
11
139.272863000000001
21
-72.4318569999999937
0
LINE
8
BLACK
6
CONTINUOUS
10
139.272863000000001
20
-72.4318569999999937
11
139.2160470000000032
21
-72.5433639999999968
0
LINE
8
BLACK
6
CONTINUOUS
10
139.2160470000000032
20
-72.5433639999999968
11
139.1275540000000035
21
-72.6318569999999966
0
LINE
8
BLACK
6
CONTINUOUS
10
139.1275540000000035
20
-72.6318569999999966
11
139.0160469999999862
21
-72.6886729999999943
0
LINE
8
BLACK
6
CONTINUOUS
10
139.0160469999999862
20
-72.6886729999999943
11
138.8924399999999935
21
-72.7082499999999925
0
LINE
8
BLACK
6
CONTINUOUS
10
138.8924399999999935
20
-72.7082499999999925
11
138.7688330000000008
21
-72.6886729999999943
0
LINE
8
BLACK
6
CONTINUOUS
10
138.7688330000000008
20
-72.6886729999999943
11
138.6573259999999834
21
-72.6318569999999966
0
LINE
8
BLACK
6
CONTINUOUS
10
138.6573259999999834
20
-72.6318569999999966
11
138.5688329999999837
21
-72.5433639999999968
0
LINE
8
BLACK
6
CONTINUOUS
10
138.5688329999999837
20
-72.5433639999999968
11
138.512016999999986
21
-72.4318569999999937
0
LINE
8
BLACK
6
CONTINUOUS
10
138.512016999999986
20
-72.4318569999999937
11
138.4924399999999878
21
-72.308250000000001
0
LINE
8
BLACK
6
CONTINUOUS
10
138.4924399999999878
20
-72.308250000000001
11
138.512016999999986
21
-72.1846429999999941
0
LINE
8
BLACK
6
CONTINUOUS
10
138.512016999999986
20
-72.1846429999999941
11
138.5688329999999837
21
-72.073135999999991
0
LINE
8
BLACK
6
CONTINUOUS
10
138.5688329999999837
20
-72.073135999999991
11
138.6573259999999834
21
-71.9846429999999913
0
LINE
8
BLACK
6
CONTINUOUS
10
138.6573259999999834
20
-71.9846429999999913
11
138.7688330000000008
21
-71.9278269999999935
0
LINE
8
BLACK
6
CONTINUOUS
10
138.7688330000000008
20
-71.9278269999999935
11
138.8924399999999935
21
-71.9082499999999953
0
LINE
8
BLACK
6
CONTINUOUS
10
138.8924399999999935
20
-71.9082499999999953
11
139.0160469999999862
21
-71.9278269999999935
0
LINE
8
BLACK
6
CONTINUOUS
10
169.8283869999999922
20
-68.843079000000003
11
169.9054380000000037
21
-68.8945619999999934
0
LINE
8
BLACK
6
CONTINUOUS
10
169.9054380000000037
20
-68.8945619999999934
11
169.9569209999999941
21
-68.9716129999999907
0
LINE
8
BLACK
6
CONTINUOUS
10
169.9569209999999941
20
-68.9716129999999907
11
169.9749999999999943
21
-69.0625
0
LINE
8
BLACK
6
CONTINUOUS
10
169.9749999999999943
20
-69.0625
11
169.9749999999999943
21
-69.6624999999999943
0
LINE
8
BLACK
6
CONTINUOUS
10
169.9749999999999943
20
-69.6624999999999943
11
169.9569209999999941
21
-69.7533870000000036
0
LINE
8
BLACK
6
CONTINUOUS
10
169.9569209999999941
20
-69.7533870000000036
11
169.9054380000000037
21
-69.8304380000000009
0
LINE
8
BLACK
6
CONTINUOUS
10
169.9054380000000037
20
-69.8304380000000009
11
169.8449999999999989
21
-69.8708199999999948
0
LINE
8
BLACK
6
CONTINUOUS
10
169.8449999999999989
20
-69.8708199999999948
11
169.8449999999999989
21
-70.5898799999999937
0
LINE
8
BLACK
6
CONTINUOUS
10
169.8449999999999989
20
-70.5898799999999937
11
169.851066000000003
21
-70.5939339999999902
0
LINE
8
BLACK
6
CONTINUOUS
10
169.851066000000003
20
-70.5939339999999902
11
169.8835819999999899
21
-70.642596999999995
0
LINE
8
BLACK
6
CONTINUOUS
10
169.8835819999999899
20
-70.642596999999995
11
169.8949999999999818
21
-70.7000000000000028
0
LINE
8
BLACK
6
CONTINUOUS
10
169.8949999999999818
20
-70.7000000000000028
11
169.8949999999999818
21
-72.3499999999999943
0
LINE
8
BLACK
6
CONTINUOUS
10
169.8949999999999818
20
-72.3499999999999943
11
169.8835819999999899
21
-72.4074030000000022
0
LINE
8
BLACK
6
CONTINUOUS
10
169.8835819999999899
20
-72.4074030000000022
11
169.851066000000003
21
-72.4560659999999928
0
LINE
8
BLACK
6
CONTINUOUS
10
169.851066000000003
20
-72.4560659999999928
11
169.8024029999999982
21
-72.4885819999999939
0
LINE
8
BLACK
6
CONTINUOUS
10
169.8024029999999982
20
-72.4885819999999939
11
169.7450000000000045
21
-72.5
0
LINE
8
BLACK
6
CONTINUOUS
10
169.7450000000000045
20
-72.5
11
169.4449999999999932
21
-72.5
0
LINE
8
BLACK
6
CONTINUOUS
10
169.4449999999999932
20
-72.5
11
169.3875969999999995
21
-72.4885819999999939
0
LINE
8
BLACK
6
CONTINUOUS
10
169.3875969999999995
20
-72.4885819999999939
11
169.3389339999999947
21
-72.4560659999999928
0
LINE
8
BLACK
6
CONTINUOUS
10
169.3389339999999947
20
-72.4560659999999928
11
169.3064179999999794
21
-72.4074030000000022
0
LINE
8
BLACK
6
CONTINUOUS
10
169.3064179999999794
20
-72.4074030000000022
11
169.2949999999999875
21
-72.3499999999999943
0
LINE
8
BLACK
6
CONTINUOUS
10
169.2949999999999875
20
-72.3499999999999943
11
169.2949999999999875
21
-70.7000000000000028
0
LINE
8
BLACK
6
CONTINUOUS
10
169.2949999999999875
20
-70.7000000000000028
11
169.3064179999999794
21
-70.642596999999995
0
LINE
8
BLACK
6
CONTINUOUS
10
169.3064179999999794
20
-70.642596999999995
11
169.3389339999999947
21
-70.5939339999999902
0
LINE
8
BLACK
6
CONTINUOUS
10
169.3389339999999947
20
-70.5939339999999902
11
169.3449999999999989
21
-70.5898799999999937
0
LINE
8
BLACK
6
CONTINUOUS
10
169.3449999999999989
20
-70.5898799999999937
11
169.3449999999999989
21
-69.8999999999999915
0
LINE
8
BLACK
6
CONTINUOUS
10
169.3449999999999989
20
-69.8999999999999915
11
169.2624999999999886
21
-69.8999999999999915
0
LINE
8
BLACK
6
CONTINUOUS
10
169.2624999999999886
20
-69.8999999999999915
11
169.1716129999999794
21
-69.8819209999999913
0
LINE
8
BLACK
6
CONTINUOUS
10
169.1716129999999794
20
-69.8819209999999913
11
169.0945619999999963
21
-69.8304380000000009
0
LINE
8
BLACK
6
CONTINUOUS
10
169.0945619999999963
20
-69.8304380000000009
11
169.0430790000000059
21
-69.7533870000000036
0
LINE
8
BLACK
6
CONTINUOUS
10
169.0430790000000059
20
-69.7533870000000036
11
169.0250000000000057
21
-69.6624999999999943
0
LINE
8
BLACK
6
CONTINUOUS
10
169.0250000000000057
20
-69.6624999999999943
11
169.0250000000000057
21
-69.6124999999999972
0
LINE
8
BLACK
6
CONTINUOUS
10
169.0250000000000057
20
-69.6124999999999972
11
168.4749999999999943
21
-69.6124999999999972
0
LINE
8
BLACK
6
CONTINUOUS
10
168.4749999999999943
20
-69.6124999999999972
11
168.4749999999999943
21
-69.6624999999999943
0
LINE
8
BLACK
6
CONTINUOUS
10
168.4749999999999943
20
-69.6624999999999943
11
168.4569209999999941
21
-69.7533870000000036
0
LINE
8
BLACK
6
CONTINUOUS
10
168.4569209999999941
20
-69.7533870000000036
11
168.4054380000000037
21
-69.8304380000000009
0
LINE
8
BLACK
6
CONTINUOUS
10
168.4054380000000037
20
-69.8304380000000009
11
168.3283869999999922
21
-69.8819209999999913
0
LINE
8
BLACK
6
CONTINUOUS
10
168.3283869999999922
20
-69.8819209999999913
11
168.2374999999999829
21
-69.8999999999999915
0
LINE
8
BLACK
6
CONTINUOUS
10
168.2374999999999829
20
-69.8999999999999915
11
167.7624999999999886
21
-69.8999999999999915
0
LINE
8
BLACK
6
CONTINUOUS
10
167.7624999999999886
20
-69.8999999999999915
11
167.6716129999999794
21
-69.8819209999999913
0
LINE
8
BLACK
6
CONTINUOUS
10
167.6716129999999794
20
-69.8819209999999913
11
167.5945619999999963
21
-69.8304380000000009
0
LINE
8
BLACK
6
CONTINUOUS
10
167.5945619999999963
20
-69.8304380000000009
11
167.5430790000000059
21
-69.7533870000000036
0
LINE
8
BLACK
6
CONTINUOUS
10
167.5430790000000059
20
-69.7533870000000036
11
167.5250000000000057
21
-69.6624999999999943
0
LINE
8
BLACK
6
CONTINUOUS
10
167.5250000000000057
20
-69.6624999999999943
11
167.5250000000000057
21
-69.1624999999999943
0
LINE
8
BLACK
6
CONTINUOUS
10
167.5250000000000057
20
-69.1624999999999943
11
167.5430790000000059
21
-69.0716129999999993
0
LINE
8
BLACK
6
CONTINUOUS
10
167.5430790000000059
20
-69.0716129999999993
11
167.5945619999999963
21
-68.9945620000000019
0
LINE
8
BLACK
6
CONTINUOUS
10
167.5945619999999963
20
-68.9945620000000019
11
167.6716129999999794
21
-68.9430789999999973
0
LINE
8
BLACK
6
CONTINUOUS
10
167.6716129999999794
20
-68.9430789999999973
11
167.7624999999999886
21
-68.9249999999999972
0
LINE
8
BLACK
6
CONTINUOUS
10
167.7624999999999886
20
-68.9249999999999972
11
168.2374999999999829
21
-68.9249999999999972
0
LINE
8
BLACK
6
CONTINUOUS
10
168.2374999999999829
20
-68.9249999999999972
11
168.3283869999999922
21
-68.9430789999999973
0
LINE
8
BLACK
6
CONTINUOUS
10
168.3283869999999922
20
-68.9430789999999973
11
168.4054380000000037
21
-68.9945620000000019
0
LINE
8
BLACK
6
CONTINUOUS
10
168.4054380000000037
20
-68.9945620000000019
11
168.4569209999999941
21
-69.0716129999999993
0
LINE
8
BLACK
6
CONTINUOUS
10
168.4569209999999941
20
-69.0716129999999993
11
168.4650539999999808
21
-69.1124999999999972
0
LINE
8
BLACK
6
CONTINUOUS
10
168.4650539999999808
20
-69.1124999999999972
11
169.0250000000000057
21
-69.1124999999999972
0
LINE
8
BLACK
6
CONTINUOUS
10
169.0250000000000057
20
-69.1124999999999972
11
169.0250000000000057
21
-69.0625
0
LINE
8
BLACK
6
CONTINUOUS
10
169.0250000000000057
20
-69.0625
11
169.0430790000000059
21
-68.9716129999999907
0
LINE
8
BLACK
6
CONTINUOUS
10
169.0430790000000059
20
-68.9716129999999907
11
169.0945619999999963
21
-68.8945619999999934
0
LINE
8
BLACK
6
CONTINUOUS
10
169.0945619999999963
20
-68.8945619999999934
11
169.1716129999999794
21
-68.843079000000003
0
LINE
8
BLACK
6
CONTINUOUS
10
169.1716129999999794
20
-68.843079000000003
11
169.2624999999999886
21
-68.8250000000000028
0
LINE
8
BLACK
6
CONTINUOUS
10
169.2624999999999886
20
-68.8250000000000028
11
169.7374999999999829
21
-68.8250000000000028
0
LINE
8
BLACK
6
CONTINUOUS
10
169.7374999999999829
20
-68.8250000000000028
11
169.8283869999999922
21
-68.843079000000003
0
LINE
8
BLACK
6
CONTINUOUS
10
171.3283869999999922
20
-68.843079000000003
11
171.4054380000000037
21
-68.8945619999999934
0
LINE
8
BLACK
6
CONTINUOUS
10
171.4054380000000037
20
-68.8945619999999934
11
171.4569209999999941
21
-68.9716129999999907
0
LINE
8
BLACK
6
CONTINUOUS
10
171.4569209999999941
20
-68.9716129999999907
11
171.4749999999999943
21
-69.0625
0
LINE
8
BLACK
6
CONTINUOUS
10
171.4749999999999943
20
-69.0625
11
171.4749999999999943
21
-69.1124999999999972
0
LINE
8
BLACK
6
CONTINUOUS
10
171.4749999999999943
20
-69.1124999999999972
11
172.0349459999999908
21
-69.1124999999999972
0
LINE
8
BLACK
6
CONTINUOUS
10
172.0349459999999908
20
-69.1124999999999972
11
172.0430790000000059
21
-69.0716129999999993
0
LINE
8
BLACK
6
CONTINUOUS
10
172.0430790000000059
20
-69.0716129999999993
11
172.0945619999999963
21
-68.9945620000000019
0
LINE
8
BLACK
6
CONTINUOUS
10
172.0945619999999963
20
-68.9945620000000019
11
172.1716129999999794
21
-68.9430789999999973
0
LINE
8
BLACK
6
CONTINUOUS
10
172.1716129999999794
20
-68.9430789999999973
11
172.2624999999999886
21
-68.9249999999999972
0
LINE
8
BLACK
6
CONTINUOUS
10
172.2624999999999886
20
-68.9249999999999972
11
172.7374999999999829
21
-68.9249999999999972
0
LINE
8
BLACK
6
CONTINUOUS
10
172.7374999999999829
20
-68.9249999999999972
11
172.8283869999999922
21
-68.9430789999999973
0
LINE
8
BLACK
6
CONTINUOUS
10
172.8283869999999922
20
-68.9430789999999973
11
172.9054380000000037
21
-68.9945620000000019
0
LINE
8
BLACK
6
CONTINUOUS
10
172.9054380000000037
20
-68.9945620000000019
11
172.9569209999999941
21
-69.0716129999999993
0
LINE
8
BLACK
6
CONTINUOUS
10
172.9569209999999941
20
-69.0716129999999993
11
172.9749999999999943
21
-69.1624999999999943
0
LINE
8
BLACK
6
CONTINUOUS
10
172.9749999999999943
20
-69.1624999999999943
11
172.9749999999999943
21
-69.6624999999999943
0
LINE
8
BLACK
6
CONTINUOUS
10
172.9749999999999943
20
-69.6624999999999943
11
172.9569209999999941
21
-69.7533870000000036
0
LINE
8
BLACK
6
CONTINUOUS
10
172.9569209999999941
20
-69.7533870000000036
11
172.9054380000000037
21
-69.8304380000000009
0
LINE
8
BLACK
6
CONTINUOUS
10
172.9054380000000037
20
-69.8304380000000009
11
172.8283869999999922
21
-69.8819209999999913
0
LINE
8
BLACK
6
CONTINUOUS
10
172.8283869999999922
20
-69.8819209999999913
11
172.7374999999999829
21
-69.8999999999999915
0
LINE
8
BLACK
6
CONTINUOUS
10
172.7374999999999829
20
-69.8999999999999915
11
172.2624999999999886
21
-69.8999999999999915
0
LINE
8
BLACK
6
CONTINUOUS
10
172.2624999999999886
20
-69.8999999999999915
11
172.1716129999999794
21
-69.8819209999999913
0
LINE
8
BLACK
6
CONTINUOUS
10
172.1716129999999794
20
-69.8819209999999913
11
172.0945619999999963
21
-69.8304380000000009
0
LINE
8
BLACK
6
CONTINUOUS
10
172.0945619999999963
20
-69.8304380000000009
11
172.0430790000000059
21
-69.7533870000000036
0
LINE
8
BLACK
6
CONTINUOUS
10
172.0430790000000059
20
-69.7533870000000036
11
172.0250000000000057
21
-69.6624999999999943
0
LINE
8
BLACK
6
CONTINUOUS
10
172.0250000000000057
20
-69.6624999999999943
11
172.0250000000000057
21
-69.6124999999999972
0
LINE
8
BLACK
6
CONTINUOUS
10
172.0250000000000057
20
-69.6124999999999972
11
171.4749999999999943
21
-69.6124999999999972
0
LINE
8
BLACK
6
CONTINUOUS
10
171.4749999999999943
20
-69.6124999999999972
11
171.4749999999999943
21
-69.6624999999999943
0
LINE
8
BLACK
6
CONTINUOUS
10
171.4749999999999943
20
-69.6624999999999943
11
171.4569209999999941
21
-69.7533870000000036
0
LINE
8
BLACK
6
CONTINUOUS
10
171.4569209999999941
20
-69.7533870000000036
11
171.4054380000000037
21
-69.8304380000000009
0
LINE
8
BLACK
6
CONTINUOUS
10
171.4054380000000037
20
-69.8304380000000009
11
171.3283869999999922
21
-69.8819209999999913
0
LINE
8
BLACK
6
CONTINUOUS
10
171.3283869999999922
20
-69.8819209999999913
11
171.2374999999999829
21
-69.8999999999999915
0
LINE
8
BLACK
6
CONTINUOUS
10
171.2374999999999829
20
-69.8999999999999915
11
171.1149999999999807
21
-69.8999999999999915
0
LINE
8
BLACK
6
CONTINUOUS
10
171.1149999999999807
20
-69.8999999999999915
11
171.1149999999999807
21
-70.5898799999999937
0
LINE
8
BLACK
6
CONTINUOUS
10
171.1149999999999807
20
-70.5898799999999937
11
171.1210659999999848
21
-70.5939339999999902
0
LINE
8
BLACK
6
CONTINUOUS
10
171.1210659999999848
20
-70.5939339999999902
11
171.1535820000000001
21
-70.642596999999995
0
LINE
8
BLACK
6
CONTINUOUS
10
171.1535820000000001
20
-70.642596999999995
11
171.164999999999992
21
-70.7000000000000028
0
LINE
8
BLACK
6
CONTINUOUS
10
171.164999999999992
20
-70.7000000000000028
11
171.164999999999992
21
-72.3499999999999943
0
LINE
8
BLACK
6
CONTINUOUS
10
171.164999999999992
20
-72.3499999999999943
11
171.1535820000000001
21
-72.4074030000000022
0
LINE
8
BLACK
6
CONTINUOUS
10
171.1535820000000001
20
-72.4074030000000022
11
171.1210659999999848
21
-72.4560659999999928
0
LINE
8
BLACK
6
CONTINUOUS
10
171.1210659999999848
20
-72.4560659999999928
11
171.07240299999998
21
-72.4885819999999939
0
LINE
8
BLACK
6
CONTINUOUS
10
171.07240299999998
20
-72.4885819999999939
11
171.0149999999999864
21
-72.5
0
LINE
8
BLACK
6
CONTINUOUS
10
171.0149999999999864
20
-72.5
11
170.7150000000000034
21
-72.5
0
LINE
8
BLACK
6
CONTINUOUS
10
170.7150000000000034
20
-72.5
11
170.6575969999999813
21
-72.4885819999999939
0
LINE
8
BLACK
6
CONTINUOUS
10
170.6575969999999813
20
-72.4885819999999939
11
170.608934000000005
21
-72.4560659999999928
0
LINE
8
BLACK
6
CONTINUOUS
10
170.608934000000005
20
-72.4560659999999928
11
170.5764179999999897
21
-72.4074030000000022
0
LINE
8
BLACK
6
CONTINUOUS
10
170.5764179999999897
20
-72.4074030000000022
11
170.5649999999999977
21
-72.3499999999999943
0
LINE
8
BLACK
6
CONTINUOUS
10
170.5649999999999977
20
-72.3499999999999943
11
170.5649999999999977
21
-70.7000000000000028
0
LINE
8
BLACK
6
CONTINUOUS
10
170.5649999999999977
20
-70.7000000000000028
11
170.5764179999999897
21
-70.642596999999995
0
LINE
8
BLACK
6
CONTINUOUS
10
170.5764179999999897
20
-70.642596999999995
11
170.608934000000005
21
-70.5939339999999902
0
LINE
8
BLACK
6
CONTINUOUS
10
170.608934000000005
20
-70.5939339999999902
11
170.6149999999999807
21
-70.5898799999999937
0
LINE
8
BLACK
6
CONTINUOUS
10
170.6149999999999807
20
-70.5898799999999937
11
170.6149999999999807
21
-69.8440939999999983
0
LINE
8
BLACK
6
CONTINUOUS
10
170.6149999999999807
20
-69.8440939999999983
11
170.5945619999999963
21
-69.8304380000000009
0
LINE
8
BLACK
6
CONTINUOUS
10
170.5945619999999963
20
-69.8304380000000009
11
170.5430790000000059
21
-69.7533870000000036
0
LINE
8
BLACK
6
CONTINUOUS
10
170.5430790000000059
20
-69.7533870000000036
11
170.5250000000000057
21
-69.6624999999999943
0
LINE
8
BLACK
6
CONTINUOUS
10
170.5250000000000057
20
-69.6624999999999943
11
170.5250000000000057
21
-69.0625
0
LINE
8
BLACK
6
CONTINUOUS
10
170.5250000000000057
20
-69.0625
11
170.5430790000000059
21
-68.9716129999999907
0
LINE
8
BLACK
6
CONTINUOUS
10
170.5430790000000059
20
-68.9716129999999907
11
170.5945619999999963
21
-68.8945619999999934
0
LINE
8
BLACK
6
CONTINUOUS
10
170.5945619999999963
20
-68.8945619999999934
11
170.6716129999999794
21
-68.843079000000003
0
LINE
8
BLACK
6
CONTINUOUS
10
170.6716129999999794
20
-68.843079000000003
11
170.7624999999999886
21
-68.8250000000000028
0
LINE
8
BLACK
6
CONTINUOUS
10
170.7624999999999886
20
-68.8250000000000028
11
171.2374999999999829
21
-68.8250000000000028
0
LINE
8
BLACK
6
CONTINUOUS
10
171.2374999999999829
20
-68.8250000000000028
11
171.3283869999999922
21
-68.843079000000003
0
LINE
8
BLACK
6
CONTINUOUS
10
173.6124030000000005
20
-70.5614180000000033
11
173.6610660000000053
21
-70.5939339999999902
0
LINE
8
BLACK
6
CONTINUOUS
10
173.6610660000000053
20
-70.5939339999999902
11
173.6935819999999921
21
-70.642596999999995
0
LINE
8
BLACK
6
CONTINUOUS
10
173.6935819999999921
20
-70.642596999999995
11
173.7049999999999841
21
-70.7000000000000028
0
LINE
8
BLACK
6
CONTINUOUS
10
173.7049999999999841
20
-70.7000000000000028
11
173.7049999999999841
21
-71.2749999999999915
0
LINE
8
BLACK
6
CONTINUOUS
10
173.7049999999999841
20
-71.2749999999999915
11
173.9212399999999832
21
-71.2749999999999915
0
LINE
8
BLACK
6
CONTINUOUS
10
173.9212399999999832
20
-71.2749999999999915
11
173.9263929999999903
21
-71.26488599999999
0
LINE
8
BLACK
6
CONTINUOUS
10
173.9263929999999903
20
-71.26488599999999
11
174.01488599999999
21
-71.1763929999999903
0
LINE
8
BLACK
6
CONTINUOUS
10
174.01488599999999
20
-71.1763929999999903
11
174.1263929999999789
21
-71.1195769999999925
0
LINE
8
BLACK
6
CONTINUOUS
10
174.1263929999999789
20
-71.1195769999999925
11
174.25
21
-71.0999999999999943
0
LINE
8
BLACK
6
CONTINUOUS
10
174.25
20
-71.0999999999999943
11
174.3736069999999927
21
-71.1195769999999925
0
LINE
8
BLACK
6
CONTINUOUS
10
174.3736069999999927
20
-71.1195769999999925
11
174.4851139999999816
21
-71.1763929999999903
0
LINE
8
BLACK
6
CONTINUOUS
10
174.4851139999999816
20
-71.1763929999999903
11
174.5736069999999813
21
-71.26488599999999
0
LINE
8
BLACK
6
CONTINUOUS
10
174.5736069999999813
20
-71.26488599999999
11
174.6304229999999791
21
-71.3763929999999931
0
LINE
8
BLACK
6
CONTINUOUS
10
174.6304229999999791
20
-71.3763929999999931
11
174.6500000000000057
21
-71.5
0
LINE
8
BLACK
6
CONTINUOUS
10
174.6500000000000057
20
-71.5
11
174.6304229999999791
21
-71.6236069999999927
0
LINE
8
BLACK
6
CONTINUOUS
10
174.6304229999999791
20
-71.6236069999999927
11
174.5736069999999813
21
-71.7351139999999958
0
LINE
8
BLACK
6
CONTINUOUS
10
174.5736069999999813
20
-71.7351139999999958
11
174.4851139999999816
21
-71.8236069999999955
0
LINE
8
BLACK
6
CONTINUOUS
10
174.4851139999999816
20
-71.8236069999999955
11
174.3736069999999927
21
-71.8804229999999933
0
LINE
8
BLACK
6
CONTINUOUS
10
174.3736069999999927
20
-71.8804229999999933
11
174.25
21
-71.8999999999999915
0
LINE
8
BLACK
6
CONTINUOUS
10
174.25
20
-71.8999999999999915
11
174.1263929999999789
21
-71.8804229999999933
0
LINE
8
BLACK
6
CONTINUOUS
10
174.1263929999999789
20
-71.8804229999999933
11
174.01488599999999
21
-71.8236069999999955
0
LINE
8
BLACK
6
CONTINUOUS
10
174.01488599999999
20
-71.8236069999999955
11
173.9662789999999859
21
-71.7749999999999915
0
LINE
8
BLACK
6
CONTINUOUS
10
173.9662789999999859
20
-71.7749999999999915
11
173.7049999999999841
21
-71.7749999999999915
0
LINE
8
BLACK
6
CONTINUOUS
10
173.7049999999999841
20
-71.7749999999999915
11
173.7049999999999841
21
-72.3499999999999943
0
LINE
8
BLACK
6
CONTINUOUS
10
173.7049999999999841
20
-72.3499999999999943
11
173.6935819999999921
21
-72.4074030000000022
0
LINE
8
BLACK
6
CONTINUOUS
10
173.6935819999999921
20
-72.4074030000000022
11
173.6610660000000053
21
-72.4560659999999928
0
LINE
8
BLACK
6
CONTINUOUS
10
173.6610660000000053
20
-72.4560659999999928
11
173.6124030000000005
21
-72.4885819999999939
0
LINE
8
BLACK
6
CONTINUOUS
10
173.6124030000000005
20
-72.4885819999999939
11
173.5549999999999784
21
-72.5
0
LINE
8
BLACK
6
CONTINUOUS
10
173.5549999999999784
20
-72.5
11
173.2549999999999955
21
-72.5
0
LINE
8
BLACK
6
CONTINUOUS
10
173.2549999999999955
20
-72.5
11
173.1975970000000018
21
-72.4885819999999939
0
LINE
8
BLACK
6
CONTINUOUS
10
173.1975970000000018
20
-72.4885819999999939
11
173.148933999999997
21
-72.4560659999999928
0
LINE
8
BLACK
6
CONTINUOUS
10
173.148933999999997
20
-72.4560659999999928
11
173.1164179999999817
21
-72.4074030000000022
0
LINE
8
BLACK
6
CONTINUOUS
10
173.1164179999999817
20
-72.4074030000000022
11
173.1049999999999898
21
-72.3499999999999943
0
LINE
8
BLACK
6
CONTINUOUS
10
173.1049999999999898
20
-72.3499999999999943
11
173.1049999999999898
21
-70.7000000000000028
0
LINE
8
BLACK
6
CONTINUOUS
10
173.1049999999999898
20
-70.7000000000000028
11
173.1164179999999817
21
-70.642596999999995
0
LINE
8
BLACK
6
CONTINUOUS
10
173.1164179999999817
20
-70.642596999999995
11
173.148933999999997
21
-70.5939339999999902
0
LINE
8
BLACK
6
CONTINUOUS
10
173.148933999999997
20
-70.5939339999999902
11
173.1975970000000018
21
-70.5614180000000033
0
LINE
8
BLACK
6
CONTINUOUS
10
173.1975970000000018
20
-70.5614180000000033
11
173.2549999999999955
21
-70.5499999999999972
0
LINE
8
BLACK
6
CONTINUOUS
10
173.2549999999999955
20
-70.5499999999999972
11
173.5549999999999784
21
-70.5499999999999972
0
LINE
8
BLACK
6
CONTINUOUS
10
173.5549999999999784
20
-70.5499999999999972
11
173.6124030000000005
21
-70.5614180000000033
0
LINE
8
BLACK
6
CONTINUOUS
10
167.7636069999999791
20
-71.5015769999999975
11
167.8751139999999964
21
-71.5583929999999953
0
LINE
8
BLACK
6
CONTINUOUS
10
167.8751139999999964
20
-71.5583929999999953
11
167.9636069999999961
21
-71.646885999999995
0
LINE
8
BLACK
6
CONTINUOUS
10
167.9636069999999961
20
-71.646885999999995
11
168.0204229999999939
21
-71.7583929999999981
0
LINE
8
BLACK
6
CONTINUOUS
10
168.0204229999999939
20
-71.7583929999999981
11
168.039999999999992
21
-71.8819999999999908
0
LINE
8
BLACK
6
CONTINUOUS
10
168.039999999999992
20
-71.8819999999999908
11
168.0204229999999939
21
-72.0056069999999977
0
LINE
8
BLACK
6
CONTINUOUS
10
168.0204229999999939
20
-72.0056069999999977
11
167.9636069999999961
21
-72.1171140000000008
0
LINE
8
BLACK
6
CONTINUOUS
10
167.9636069999999961
20
-72.1171140000000008
11
167.8751139999999964
21
-72.2056070000000005
0
LINE
8
BLACK
6
CONTINUOUS
10
167.8751139999999964
20
-72.2056070000000005
11
167.7636069999999791
21
-72.2624229999999983
0
LINE
8
BLACK
6
CONTINUOUS
10
167.7636069999999791
20
-72.2624229999999983
11
167.6399999999999864
21
-72.2819999999999965
0
LINE
8
BLACK
6
CONTINUOUS
10
167.6399999999999864
20
-72.2819999999999965
11
167.5163929999999937
21
-72.2624229999999983
0
LINE
8
BLACK
6
CONTINUOUS
10
167.5163929999999937
20
-72.2624229999999983
11
167.4048860000000047
21
-72.2056070000000005
0
LINE
8
BLACK
6
CONTINUOUS
10
167.4048860000000047
20
-72.2056070000000005
11
167.316393000000005
21
-72.1171140000000008
0
LINE
8
BLACK
6
CONTINUOUS
10
167.316393000000005
20
-72.1171140000000008
11
167.2595769999999789
21
-72.0056069999999977
0
LINE
8
BLACK
6
CONTINUOUS
10
167.2595769999999789
20
-72.0056069999999977
11
167.2399999999999807
21
-71.8819999999999908
0
LINE
8
BLACK
6
CONTINUOUS
10
167.2399999999999807
20
-71.8819999999999908
11
167.2595769999999789
21
-71.7583929999999981
0
LINE
8
BLACK
6
CONTINUOUS
10
167.2595769999999789
20
-71.7583929999999981
11
167.316393000000005
21
-71.646885999999995
0
LINE
8
BLACK
6
CONTINUOUS
10
167.316393000000005
20
-71.646885999999995
11
167.4048860000000047
21
-71.5583929999999953
0
LINE
8
BLACK
6
CONTINUOUS
10
167.4048860000000047
20
-71.5583929999999953
11
167.5163929999999937
21
-71.5015769999999975
0
LINE
8
BLACK
6
CONTINUOUS
10
167.5163929999999937
20
-71.5015769999999975
11
167.6399999999999864
21
-71.4819999999999993
0
LINE
8
BLACK
6
CONTINUOUS
10
167.6399999999999864
20
-71.4819999999999993
11
167.7636069999999791
21
-71.5015769999999975
0
LINE
8
BLACK
6
CONTINUOUS
10
120.3497079999999926
20
-71.0461839999999967
11
120.4694299999999885
21
-71.1231250000000017
0
LINE
8
BLACK
6
CONTINUOUS
10
120.4694299999999885
20
-71.1231250000000017
11
120.562626999999992
21
-71.2306799999999924
0
LINE
8
BLACK
6
CONTINUOUS
10
120.562626999999992
20
-71.2306799999999924
11
120.6217459999999875
21
-71.3601340000000022
0
LINE
8
BLACK
6
CONTINUOUS
10
120.6217459999999875
20
-71.3601340000000022
11
120.6419999999999959
21
-71.5009999999999906
0
LINE
8
BLACK
6
CONTINUOUS
10
120.6419999999999959
20
-71.5009999999999906
11
120.6217459999999875
21
-71.6418659999999932
0
LINE
8
BLACK
6
CONTINUOUS
10
120.6217459999999875
20
-71.6418659999999932
11
120.562626999999992
21
-71.7713200000000029
0
LINE
8
BLACK
6
CONTINUOUS
10
120.562626999999992
20
-71.7713200000000029
11
120.4694299999999885
21
-71.8788749999999936
0
LINE
8
BLACK
6
CONTINUOUS
10
120.4694299999999885
20
-71.8788749999999936
11
120.3497079999999926
21
-71.9558159999999987
0
LINE
8
BLACK
6
CONTINUOUS
10
120.3497079999999926
20
-71.9558159999999987
11
120.2131569999999954
21
-71.9959109999999924
0
LINE
8
BLACK
6
CONTINUOUS
10
120.2131569999999954
20
-71.9959109999999924
11
120.0708429999999964
21
-71.9959109999999924
0
LINE
8
BLACK
6
CONTINUOUS
10
120.0708429999999964
20
-71.9959109999999924
11
119.9342919999999992
21
-71.9558159999999987
0
LINE
8
BLACK
6
CONTINUOUS
10
119.9342919999999992
20
-71.9558159999999987
11
119.8145699999999891
21
-71.8788749999999936
0
LINE
8
BLACK
6
CONTINUOUS
10
119.8145699999999891
20
-71.8788749999999936
11
119.7213729999999998
21
-71.7713200000000029
0
LINE
8
BLACK
6
CONTINUOUS
10
119.7213729999999998
20
-71.7713200000000029
11
119.6622539999999901
21
-71.6418659999999932
0
LINE
8
BLACK
6
CONTINUOUS
10
119.6622539999999901
20
-71.6418659999999932
11
119.6419999999999959
21
-71.5009999999999906
0
LINE
8
BLACK
6
CONTINUOUS
10
119.6419999999999959
20
-71.5009999999999906
11
119.6622539999999901
21
-71.3601340000000022
0
LINE
8
BLACK
6
CONTINUOUS
10
119.6622539999999901
20
-71.3601340000000022
11
119.7213729999999998
21
-71.2306799999999924
0
LINE
8
BLACK
6
CONTINUOUS
10
119.7213729999999998
20
-71.2306799999999924
11
119.8145699999999891
21
-71.1231250000000017
0
LINE
8
BLACK
6
CONTINUOUS
10
119.8145699999999891
20
-71.1231250000000017
11
119.9342919999999992
21
-71.0461839999999967
0
LINE
8
BLACK
6
CONTINUOUS
10
119.9342919999999992
20
-71.0461839999999967
11
120.0708429999999964
21
-71.0060890000000029
0
LINE
8
BLACK
6
CONTINUOUS
10
120.0708429999999964
20
-71.0060890000000029
11
120.2131569999999954
21
-71.0060890000000029
0
LINE
8
BLACK
6
CONTINUOUS
10
120.2131569999999954
20
-71.0060890000000029
11
120.3497079999999926
21
-71.0461839999999967
0
LINE
8
BLACK
6
CONTINUOUS
10
179.1037079999999833
20
-71.0461839999999967
11
179.2234299999999791
21
-71.1231250000000017
0
LINE
8
BLACK
6
CONTINUOUS
10
179.2234299999999791
20
-71.1231250000000017
11
179.3166269999999827
21
-71.2306799999999924
0
LINE
8
BLACK
6
CONTINUOUS
10
179.3166269999999827
20
-71.2306799999999924
11
179.3757459999999924
21
-71.3601340000000022
0
LINE
8
BLACK
6
CONTINUOUS
10
179.3757459999999924
20
-71.3601340000000022
11
179.3959999999999866
21
-71.5009999999999906
0
LINE
8
BLACK
6
CONTINUOUS
10
179.3959999999999866
20
-71.5009999999999906
11
179.3757459999999924
21
-71.6418659999999932
0
LINE
8
BLACK
6
CONTINUOUS
10
179.3757459999999924
20
-71.6418659999999932
11
179.3166269999999827
21
-71.7713200000000029
0
LINE
8
BLACK
6
CONTINUOUS
10
179.3166269999999827
20
-71.7713200000000029
11
179.2234299999999791
21
-71.8788749999999936
0
LINE
8
BLACK
6
CONTINUOUS
10
179.2234299999999791
20
-71.8788749999999936
11
179.1037079999999833
21
-71.9558159999999987
0
LINE
8
BLACK
6
CONTINUOUS
10
179.1037079999999833
20
-71.9558159999999987
11
178.9671569999999861
21
-71.9959109999999924
0
LINE
8
BLACK
6
CONTINUOUS
10
178.9671569999999861
20
-71.9959109999999924
11
178.8248429999999871
21
-71.9959109999999924
0
LINE
8
BLACK
6
CONTINUOUS
10
178.8248429999999871
20
-71.9959109999999924
11
178.6882919999999899
21
-71.9558159999999987
0
LINE
8
BLACK
6
CONTINUOUS
10
178.6882919999999899
20
-71.9558159999999987
11
178.568569999999994
21
-71.8788749999999936
0
LINE
8
BLACK
6
CONTINUOUS
10
178.568569999999994
20
-71.8788749999999936
11
178.4753729999999905
21
-71.7713200000000029
0
LINE
8
BLACK
6
CONTINUOUS
10
178.4753729999999905
20
-71.7713200000000029
11
178.4162539999999808
21
-71.6418659999999932
0
LINE
8
BLACK
6
CONTINUOUS
10
178.4162539999999808
20
-71.6418659999999932
11
178.3959999999999866
21
-71.5009999999999906
0
LINE
8
BLACK
6
CONTINUOUS
10
178.3959999999999866
20
-71.5009999999999906
11
178.4162539999999808
21
-71.3601340000000022
0
LINE
8
BLACK
6
CONTINUOUS
10
178.4162539999999808
20
-71.3601340000000022
11
178.4753729999999905
21
-71.2306799999999924
0
LINE
8
BLACK
6
CONTINUOUS
10
178.4753729999999905
20
-71.2306799999999924
11
178.568569999999994
21
-71.1231250000000017
0
LINE
8
BLACK
6
CONTINUOUS
10
178.568569999999994
20
-71.1231250000000017
11
178.6882919999999899
21
-71.0461839999999967
0
LINE
8
BLACK
6
CONTINUOUS
10
178.6882919999999899
20
-71.0461839999999967
11
178.8248429999999871
21
-71.0060890000000029
0
LINE
8
BLACK
6
CONTINUOUS
10
178.8248429999999871
20
-71.0060890000000029
11
178.9671569999999861
21
-71.0060890000000029
0
LINE
8
BLACK
6
CONTINUOUS
10
178.9671569999999861
20
-71.0060890000000029
11
179.1037079999999833
21
-71.0461839999999967
0
LINE
8
BLACK
6
CONTINUOUS
10
139.9506069999999909
20
-70.9935770000000019
11
140.0621139999999798
21
-71.0503929999999997
0
LINE
8
BLACK
6
CONTINUOUS
10
140.0621139999999798
20
-71.0503929999999997
11
140.1506069999999795
21
-71.1388859999999994
0
LINE
8
BLACK
6
CONTINUOUS
10
140.1506069999999795
20
-71.1388859999999994
11
140.2074230000000057
21
-71.2503930000000025
0
LINE
8
BLACK
6
CONTINUOUS
10
140.2074230000000057
20
-71.2503930000000025
11
140.2270000000000039
21
-71.3739999999999952
0
LINE
8
BLACK
6
CONTINUOUS
10
140.2270000000000039
20
-71.3739999999999952
11
140.2074230000000057
21
-71.4976070000000021
0
LINE
8
BLACK
6
CONTINUOUS
10
140.2074230000000057
20
-71.4976070000000021
11
140.1506069999999795
21
-71.6091139999999911
0
LINE
8
BLACK
6
CONTINUOUS
10
140.1506069999999795
20
-71.6091139999999911
11
140.0621139999999798
21
-71.6976069999999908
0
LINE
8
BLACK
6
CONTINUOUS
10
140.0621139999999798
20
-71.6976069999999908
11
139.9506069999999909
21
-71.7544230000000027
0
LINE
8
BLACK
6
CONTINUOUS
10
139.9506069999999909
20
-71.7544230000000027
11
139.8269999999999982
21
-71.7740000000000009
0
LINE
8
BLACK
6
CONTINUOUS
10
139.8269999999999982
20
-71.7740000000000009
11
139.7033930000000055
21
-71.7544230000000027
0
LINE
8
BLACK
6
CONTINUOUS
10
139.7033930000000055
20
-71.7544230000000027
11
139.5918859999999881
21
-71.6976069999999908
0
LINE
8
BLACK
6
CONTINUOUS
10
139.5918859999999881
20
-71.6976069999999908
11
139.5033929999999884
21
-71.6091139999999911
0
LINE
8
BLACK
6
CONTINUOUS
10
139.5033929999999884
20
-71.6091139999999911
11
139.4465769999999907
21
-71.4976070000000021
0
LINE
8
BLACK
6
CONTINUOUS
10
139.4465769999999907
20
-71.4976070000000021
11
139.4269999999999925
21
-71.3739999999999952
0
LINE
8
BLACK
6
CONTINUOUS
10
139.4269999999999925
20
-71.3739999999999952
11
139.4465769999999907
21
-71.2503930000000025
0
LINE
8
BLACK
6
CONTINUOUS
10
139.4465769999999907
20
-71.2503930000000025
11
139.5033929999999884
21
-71.1388859999999994
0
LINE
8
BLACK
6
CONTINUOUS
10
139.5033929999999884
20
-71.1388859999999994
11
139.5918859999999881
21
-71.0503929999999997
0
LINE
8
BLACK
6
CONTINUOUS
10
139.5918859999999881
20
-71.0503929999999997
11
139.7033930000000055
21
-70.9935770000000019
0
LINE
8
BLACK
6
CONTINUOUS
10
139.7033930000000055
20
-70.9935770000000019
11
139.8269999999999982
21
-70.9740000000000038
0
LINE
8
BLACK
6
CONTINUOUS
10
139.8269999999999982
20
-70.9740000000000038
11
139.9506069999999909
21
-70.9935770000000019
0
LINE
8
BLACK
6
CONTINUOUS
10
133.9236070000000041
20
-69.219577000000001
11
134.035113999999993
21
-69.2763929999999988
0
LINE
8
BLACK
6
CONTINUOUS
10
134.035113999999993
20
-69.2763929999999988
11
134.1236069999999927
21
-69.3648859999999985
0
LINE
8
BLACK
6
CONTINUOUS
10
134.1236069999999927
20
-69.3648859999999985
11
134.1804229999999905
21
-69.4763930000000016
0
LINE
8
BLACK
6
CONTINUOUS
10
134.1804229999999905
20
-69.4763930000000016
11
134.1999999999999886
21
-69.5999999999999943
0
LINE
8
BLACK
6
CONTINUOUS
10
134.1999999999999886
20
-69.5999999999999943
11
134.1804229999999905
21
-69.7236070000000012
0
LINE
8
BLACK
6
CONTINUOUS
10
134.1804229999999905
20
-69.7236070000000012
11
134.1653399999999863
21
-69.7532080000000008
0
LINE
8
BLACK
6
CONTINUOUS
10
134.1653399999999863
20
-69.7532080000000008
11
134.2435659999999871
21
-69.8314340000000016
0
LINE
8
BLACK
6
CONTINUOUS
10
134.2435659999999871
20
-69.8314340000000016
11
134.2622209999999825
21
-69.8541649999999947
0
LINE
8
BLACK
6
CONTINUOUS
10
134.2622209999999825
20
-69.8541649999999947
11
134.2695559999999944
21
-69.8718739999999912
0
LINE
8
BLACK
6
CONTINUOUS
10
134.2695559999999944
20
-69.8718739999999912
11
134.2846179999999947
21
-69.9082360000000023
0
LINE
8
BLACK
6
CONTINUOUS
10
134.2846179999999947
20
-69.9082360000000023
11
134.2874999999999943
21
-69.9375
0
LINE
8
BLACK
6
CONTINUOUS
10
134.2874999999999943
20
-69.9375
11
134.2874999999999943
21
-70.5249999999999915
0
LINE
8
BLACK
6
CONTINUOUS
10
134.2874999999999943
20
-70.5249999999999915
11
134.4375
21
-70.5249999999999915
0
LINE
8
BLACK
6
CONTINUOUS
10
134.4375
20
-70.5249999999999915
11
134.5283869999999808
21
-70.5430789999999917
0
LINE
8
BLACK
6
CONTINUOUS
10
134.5283869999999808
20
-70.5430789999999917
11
134.6054379999999924
21
-70.5945619999999963
0
LINE
8
BLACK
6
CONTINUOUS
10
134.6054379999999924
20
-70.5945619999999963
11
134.6569209999999828
21
-70.6716129999999936
0
LINE
8
BLACK
6
CONTINUOUS
10
134.6569209999999828
20
-70.6716129999999936
11
134.6749999999999829
21
-70.7625000000000028
0
LINE
8
BLACK
6
CONTINUOUS
10
134.6749999999999829
20
-70.7625000000000028
11
134.6749999999999829
21
-71.2374999999999972
0
LINE
8
BLACK
6
CONTINUOUS
10
134.6749999999999829
20
-71.2374999999999972
11
134.6569209999999828
21
-71.3283869999999922
0
LINE
8
BLACK
6
CONTINUOUS
10
134.6569209999999828
20
-71.3283869999999922
11
134.6054379999999924
21
-71.4054380000000037
0
LINE
8
BLACK
6
CONTINUOUS
10
134.6054379999999924
20
-71.4054380000000037
11
134.5283869999999808
21
-71.4569209999999941
0
LINE
8
BLACK
6
CONTINUOUS
10
134.5283869999999808
20
-71.4569209999999941
11
134.4375
21
-71.4749999999999943
0
LINE
8
BLACK
6
CONTINUOUS
10
134.4375
20
-71.4749999999999943
11
133.8375000000000057
21
-71.4749999999999943
0
LINE
8
BLACK
6
CONTINUOUS
10
133.8375000000000057
20
-71.4749999999999943
11
133.7466129999999964
21
-71.4569209999999941
0
LINE
8
BLACK
6
CONTINUOUS
10
133.7466129999999964
20
-71.4569209999999941
11
133.6695619999999849
21
-71.4054380000000037
0
LINE
8
BLACK
6
CONTINUOUS
10
133.6695619999999849
20
-71.4054380000000037
11
133.6180789999999945
21
-71.3283869999999922
0
LINE
8
BLACK
6
CONTINUOUS
10
133.6180789999999945
20
-71.3283869999999922
11
133.5999999999999943
21
-71.2374999999999972
0
LINE
8
BLACK
6
CONTINUOUS
10
133.5999999999999943
20
-71.2374999999999972
11
133.5999999999999943
21
-71.0625
0
LINE
8
BLACK
6
CONTINUOUS
10
133.5999999999999943
20
-71.0625
11
132.875
21
-71.0625
0
LINE
8
BLACK
6
CONTINUOUS
10
132.875
20
-71.0625
11
132.875
21
-71.1624999999999943
0
LINE
8
BLACK
6
CONTINUOUS
10
132.875
20
-71.1624999999999943
11
132.8569209999999998
21
-71.2533870000000036
0
LINE
8
BLACK
6
CONTINUOUS
10
132.8569209999999998
20
-71.2533870000000036
11
132.805437999999981
21
-71.3304380000000009
0
LINE
8
BLACK
6
CONTINUOUS
10
132.805437999999981
20
-71.3304380000000009
11
132.7283869999999979
21
-71.3819209999999913
0
LINE
8
BLACK
6
CONTINUOUS
10
132.7283869999999979
20
-71.3819209999999913
11
132.6374999999999886
21
-71.3999999999999915
0
LINE
8
BLACK
6
CONTINUOUS
10
132.6374999999999886
20
-71.3999999999999915
11
132.1624999999999943
21
-71.3999999999999915
0
LINE
8
BLACK
6
CONTINUOUS
10
132.1624999999999943
20
-71.3999999999999915
11
132.071612999999985
21
-71.3819209999999913
0
LINE
8
BLACK
6
CONTINUOUS
10
132.071612999999985
20
-71.3819209999999913
11
131.9945620000000019
21
-71.3304380000000009
0
LINE
8
BLACK
6
CONTINUOUS
10
131.9945620000000019
20
-71.3304380000000009
11
131.9430789999999831
21
-71.2533870000000036
0
LINE
8
BLACK
6
CONTINUOUS
10
131.9430789999999831
20
-71.2533870000000036
11
131.9249999999999829
21
-71.1624999999999943
0
LINE
8
BLACK
6
CONTINUOUS
10
131.9249999999999829
20
-71.1624999999999943
11
131.9249999999999829
21
-70.6624999999999943
0
LINE
8
BLACK
6
CONTINUOUS
10
131.9249999999999829
20
-70.6624999999999943
11
131.9430789999999831
21
-70.5716129999999993
0
LINE
8
BLACK
6
CONTINUOUS
10
131.9430789999999831
20
-70.5716129999999993
11
131.9945620000000019
21
-70.4945620000000019
0
LINE
8
BLACK
6
CONTINUOUS
10
131.9945620000000019
20
-70.4945620000000019
11
132.071612999999985
21
-70.4430789999999973
0
LINE
8
BLACK
6
CONTINUOUS
10
132.071612999999985
20
-70.4430789999999973
11
132.1624999999999943
21
-70.4249999999999972
0
LINE
8
BLACK
6
CONTINUOUS
10
132.1624999999999943
20
-70.4249999999999972
11
132.6374999999999886
21
-70.4249999999999972
0
LINE
8
BLACK
6
CONTINUOUS
10
132.6374999999999886
20
-70.4249999999999972
11
132.7283869999999979
21
-70.4430789999999973
0
LINE
8
BLACK
6
CONTINUOUS
10
132.7283869999999979
20
-70.4430789999999973
11
132.805437999999981
21
-70.4945620000000019
0
LINE
8
BLACK
6
CONTINUOUS
10
132.805437999999981
20
-70.4945620000000019
11
132.8569209999999998
21
-70.5716129999999993
0
LINE
8
BLACK
6
CONTINUOUS
10
132.8569209999999998
20
-70.5716129999999993
11
132.875
21
-70.6624999999999943
0
LINE
8
BLACK
6
CONTINUOUS
10
132.875
20
-70.6624999999999943
11
132.875
21
-70.7625000000000028
0
LINE
8
BLACK
6
CONTINUOUS
10
132.875
20
-70.7625000000000028
11
133.5999999999999943
21
-70.7625000000000028
0
LINE
8
BLACK
6
CONTINUOUS
10
133.5999999999999943
20
-70.7625000000000028
11
133.6180789999999945
21
-70.6716129999999936
0
LINE
8
BLACK
6
CONTINUOUS
10
133.6180789999999945
20
-70.6716129999999936
11
133.6695619999999849
21
-70.5945619999999963
0
LINE
8
BLACK
6
CONTINUOUS
10
133.6695619999999849
20
-70.5945619999999963
11
133.7466129999999964
21
-70.5430789999999917
0
LINE
8
BLACK
6
CONTINUOUS
10
133.7466129999999964
20
-70.5430789999999917
11
133.8375000000000057
21
-70.5249999999999915
0
LINE
8
BLACK
6
CONTINUOUS
10
133.8375000000000057
20
-70.5249999999999915
11
133.9874999999999829
21
-70.5249999999999915
0
LINE
8
BLACK
6
CONTINUOUS
10
133.9874999999999829
20
-70.5249999999999915
11
133.9874999999999829
21
-69.9996319999999912
0
LINE
8
BLACK
6
CONTINUOUS
10
133.9874999999999829
20
-69.9996319999999912
11
133.9532079999999894
21
-69.9653399999999976
0
LINE
8
BLACK
6
CONTINUOUS
10
133.9532079999999894
20
-69.9653399999999976
11
133.9236070000000041
21
-69.9804230000000018
0
LINE
8
BLACK
6
CONTINUOUS
10
133.9236070000000041
20
-69.9804230000000018
11
133.7999999999999829
21
-70.
0
LINE
8
BLACK
6
CONTINUOUS
10
133.7999999999999829
20
-70.
11
133.6763929999999903
21
-69.9804230000000018
0
LINE
8
BLACK
6
CONTINUOUS
10
133.6763929999999903
20
-69.9804230000000018
11
133.5648860000000013
21
-69.9236069999999899
0
LINE
8
BLACK
6
CONTINUOUS
10
133.5648860000000013
20
-69.9236069999999899
11
133.4763930000000016
21
-69.8351139999999901
0
LINE
8
BLACK
6
CONTINUOUS
10
133.4763930000000016
20
-69.8351139999999901
11
133.4195770000000039
21
-69.7236070000000012
0
LINE
8
BLACK
6
CONTINUOUS
10
133.4195770000000039
20
-69.7236070000000012
11
133.4000000000000057
21
-69.5999999999999943
0
LINE
8
BLACK
6
CONTINUOUS
10
133.4000000000000057
20
-69.5999999999999943
11
133.4195770000000039
21
-69.4763930000000016
0
LINE
8
BLACK
6
CONTINUOUS
10
133.4195770000000039
20
-69.4763930000000016
11
133.4763930000000016
21
-69.3648859999999985
0
LINE
8
BLACK
6
CONTINUOUS
10
133.4763930000000016
20
-69.3648859999999985
11
133.5648860000000013
21
-69.2763929999999988
0
LINE
8
BLACK
6
CONTINUOUS
10
133.5648860000000013
20
-69.2763929999999988
11
133.6763929999999903
21
-69.219577000000001
0
LINE
8
BLACK
6
CONTINUOUS
10
133.6763929999999903
20
-69.219577000000001
11
133.7999999999999829
21
-69.2000000000000028
0
LINE
8
BLACK
6
CONTINUOUS
10
133.7999999999999829
20
-69.2000000000000028
11
133.9236070000000041
21
-69.219577000000001
0
LINE
8
BLACK
6
CONTINUOUS
10
163.3236069999999813
20
-70.4195770000000039
11
163.4351139999999987
21
-70.4763930000000016
0
LINE
8
BLACK
6
CONTINUOUS
10
163.4351139999999987
20
-70.4763930000000016
11
163.5236069999999984
21
-70.5648860000000013
0
LINE
8
BLACK
6
CONTINUOUS
10
163.5236069999999984
20
-70.5648860000000013
11
163.5804229999999961
21
-70.6763929999999903
0
LINE
8
BLACK
6
CONTINUOUS
10
163.5804229999999961
20
-70.6763929999999903
11
163.5999999999999943
21
-70.7999999999999972
0
LINE
8
BLACK
6
CONTINUOUS
10
163.5999999999999943
20
-70.7999999999999972
11
163.5804229999999961
21
-70.9236069999999899
0
LINE
8
BLACK
6
CONTINUOUS
10
163.5804229999999961
20
-70.9236069999999899
11
163.5236069999999984
21
-71.035113999999993
0
LINE
8
BLACK
6
CONTINUOUS
10
163.5236069999999984
20
-71.035113999999993
11
163.4351139999999987
21
-71.1236069999999927
0
LINE
8
BLACK
6
CONTINUOUS
10
163.4351139999999987
20
-71.1236069999999927
11
163.3236069999999813
21
-71.1804229999999905
0
LINE
8
BLACK
6
CONTINUOUS
10
163.3236069999999813
20
-71.1804229999999905
11
163.1999999999999886
21
-71.2000000000000028
0
LINE
8
BLACK
6
CONTINUOUS
10
163.1999999999999886
20
-71.2000000000000028
11
163.0763929999999959
21
-71.1804229999999905
0
LINE
8
BLACK
6
CONTINUOUS
10
163.0763929999999959
20
-71.1804229999999905
11
162.9648859999999786
21
-71.1236069999999927
0
LINE
8
BLACK
6
CONTINUOUS
10
162.9648859999999786
20
-71.1236069999999927
11
162.8763929999999789
21
-71.035113999999993
0
LINE
8
BLACK
6
CONTINUOUS
10
162.8763929999999789
20
-71.035113999999993
11
162.8195769999999811
21
-70.9236069999999899
0
LINE
8
BLACK
6
CONTINUOUS
10
162.8195769999999811
20
-70.9236069999999899
11
162.7999999999999829
21
-70.7999999999999972
0
LINE
8
BLACK
6
CONTINUOUS
10
162.7999999999999829
20
-70.7999999999999972
11
162.8195769999999811
21
-70.6763929999999903
0
LINE
8
BLACK
6
CONTINUOUS
10
162.8195769999999811
20
-70.6763929999999903
11
162.8763929999999789
21
-70.5648860000000013
0
LINE
8
BLACK
6
CONTINUOUS
10
162.8763929999999789
20
-70.5648860000000013
11
162.9648859999999786
21
-70.4763930000000016
0
LINE
8
BLACK
6
CONTINUOUS
10
162.9648859999999786
20
-70.4763930000000016
11
163.0763929999999959
21
-70.4195770000000039
0
LINE
8
BLACK
6
CONTINUOUS
10
163.0763929999999959
20
-70.4195770000000039
11
163.1999999999999886
21
-70.3999999999999915
0
LINE
8
BLACK
6
CONTINUOUS
10
163.1999999999999886
20
-70.3999999999999915
11
163.3236069999999813
21
-70.4195770000000039
0
LINE
8
BLACK
6
CONTINUOUS
10
139.315607
20
-69.9775769999999966
11
139.4271139999999889
21
-70.0343929999999943
0
LINE
8
BLACK
6
CONTINUOUS
10
139.4271139999999889
20
-70.0343929999999943
11
139.5156069999999886
21
-70.1228859999999941
0
LINE
8
BLACK
6
CONTINUOUS
10
139.5156069999999886
20
-70.1228859999999941
11
139.5724229999999864
21
-70.2343929999999972
0
LINE
8
BLACK
6
CONTINUOUS
10
139.5724229999999864
20
-70.2343929999999972
11
139.5919999999999845
21
-70.3579999999999899
0
LINE
8
BLACK
6
CONTINUOUS
10
139.5919999999999845
20
-70.3579999999999899
11
139.5724229999999864
21
-70.4816069999999968
0
LINE
8
BLACK
6
CONTINUOUS
10
139.5724229999999864
20
-70.4816069999999968
11
139.5156069999999886
21
-70.5931139999999999
0
LINE
8
BLACK
6
CONTINUOUS
10
139.5156069999999886
20
-70.5931139999999999
11
139.4271139999999889
21
-70.6816069999999996
0
LINE
8
BLACK
6
CONTINUOUS
10
139.4271139999999889
20
-70.6816069999999996
11
139.315607
21
-70.7384229999999974
0
LINE
8
BLACK
6
CONTINUOUS
10
139.315607
20
-70.7384229999999974
11
139.1920000000000073
21
-70.7579999999999956
0
LINE
8
BLACK
6
CONTINUOUS
10
139.1920000000000073
20
-70.7579999999999956
11
139.0683929999999862
21
-70.7384229999999974
0
LINE
8
BLACK
6
CONTINUOUS
10
139.0683929999999862
20
-70.7384229999999974
11
138.9568859999999972
21
-70.6816069999999996
0
LINE
8
BLACK
6
CONTINUOUS
10
138.9568859999999972
20
-70.6816069999999996
11
138.8683929999999975
21
-70.5931139999999999
0
LINE
8
BLACK
6
CONTINUOUS
10
138.8683929999999975
20
-70.5931139999999999
11
138.8115769999999998
21
-70.4816069999999968
0
LINE
8
BLACK
6
CONTINUOUS
10
138.8115769999999998
20
-70.4816069999999968
11
138.7920000000000016
21
-70.3579999999999899
0
LINE
8
BLACK
6
CONTINUOUS
10
138.7920000000000016
20
-70.3579999999999899
11
138.8115769999999998
21
-70.2343929999999972
0
LINE
8
BLACK
6
CONTINUOUS
10
138.8115769999999998
20
-70.2343929999999972
11
138.8683929999999975
21
-70.1228859999999941
0
LINE
8
BLACK
6
CONTINUOUS
10
138.8683929999999975
20
-70.1228859999999941
11
138.9568859999999972
21
-70.0343929999999943
0
LINE
8
BLACK
6
CONTINUOUS
10
138.9568859999999972
20
-70.0343929999999943
11
139.0683929999999862
21
-69.9775769999999966
0
LINE
8
BLACK
6
CONTINUOUS
10
139.0683929999999862
20
-69.9775769999999966
11
139.1920000000000073
21
-69.9579999999999984
0
LINE
8
BLACK
6
CONTINUOUS
10
139.1920000000000073
20
-69.9579999999999984
11
139.315607
21
-69.9775769999999966
0
LINE
8
BLACK
6
CONTINUOUS
10
120.3497079999999926
20
-69.7761840000000007
11
120.4694299999999885
21
-69.8531249999999915
0
LINE
8
BLACK
6
CONTINUOUS
10
120.4694299999999885
20
-69.8531249999999915
11
120.562626999999992
21
-69.9606799999999964
0
LINE
8
BLACK
6
CONTINUOUS
10
120.562626999999992
20
-69.9606799999999964
11
120.6217459999999875
21
-70.0901339999999919
0
LINE
8
BLACK
6
CONTINUOUS
10
120.6217459999999875
20
-70.0901339999999919
11
120.6419999999999959
21
-70.2309999999999945
0
LINE
8
BLACK
6
CONTINUOUS
10
120.6419999999999959
20
-70.2309999999999945
11
120.6217459999999875
21
-70.3718659999999971
0
LINE
8
BLACK
6
CONTINUOUS
10
120.6217459999999875
20
-70.3718659999999971
11
120.562626999999992
21
-70.5013199999999927
0
LINE
8
BLACK
6
CONTINUOUS
10
120.562626999999992
20
-70.5013199999999927
11
120.4694299999999885
21
-70.6088749999999976
0
LINE
8
BLACK
6
CONTINUOUS
10
120.4694299999999885
20
-70.6088749999999976
11
120.3497079999999926
21
-70.6858160000000026
0
LINE
8
BLACK
6
CONTINUOUS
10
120.3497079999999926
20
-70.6858160000000026
11
120.2131569999999954
21
-70.7259109999999964
0
LINE
8
BLACK
6
CONTINUOUS
10
120.2131569999999954
20
-70.7259109999999964
11
120.0708429999999964
21
-70.7259109999999964
0
LINE
8
BLACK
6
CONTINUOUS
10
120.0708429999999964
20
-70.7259109999999964
11
119.9342919999999992
21
-70.6858160000000026
0
LINE
8
BLACK
6
CONTINUOUS
10
119.9342919999999992
20
-70.6858160000000026
11
119.8145699999999891
21
-70.6088749999999976
0
LINE
8
BLACK
6
CONTINUOUS
10
119.8145699999999891
20
-70.6088749999999976
11
119.7213729999999998
21
-70.5013199999999927
0
LINE
8
BLACK
6
CONTINUOUS
10
119.7213729999999998
20
-70.5013199999999927
11
119.6622539999999901
21
-70.3718659999999971
0
LINE
8
BLACK
6
CONTINUOUS
10
119.6622539999999901
20
-70.3718659999999971
11
119.6419999999999959
21
-70.2309999999999945
0
LINE
8
BLACK
6
CONTINUOUS
10
119.6419999999999959
20
-70.2309999999999945
11
119.6622539999999901
21
-70.0901339999999919
0
LINE
8
BLACK
6
CONTINUOUS
10
119.6622539999999901
20
-70.0901339999999919
11
119.7213729999999998
21
-69.9606799999999964
0
LINE
8
BLACK
6
CONTINUOUS
10
119.7213729999999998
20
-69.9606799999999964
11
119.8145699999999891
21
-69.8531249999999915
0
LINE
8
BLACK
6
CONTINUOUS
10
119.8145699999999891
20
-69.8531249999999915
11
119.9342919999999992
21
-69.7761840000000007
0
LINE
8
BLACK
6
CONTINUOUS
10
119.9342919999999992
20
-69.7761840000000007
11
120.0708429999999964
21
-69.7360889999999927
0
LINE
8
BLACK
6
CONTINUOUS
10
120.0708429999999964
20
-69.7360889999999927
11
120.2131569999999954
21
-69.7360889999999927
0
LINE
8
BLACK
6
CONTINUOUS
10
120.2131569999999954
20
-69.7360889999999927
11
120.3497079999999926
21
-69.7761840000000007
0
LINE
8
BLACK
6
CONTINUOUS
10
158.5447729999999922
20
-49.6658039999999943
11
158.6348930000000053
21
-49.7031330000000011
0
LINE
8
BLACK
6
CONTINUOUS
10
158.6348930000000053
20
-49.7031330000000011
11
158.6348969999999952
21
-49.7031369999999981
0
LINE
8
BLACK
6
CONTINUOUS
10
158.6348969999999952
20
-49.7031369999999981
11
158.6727769999999964
21
-49.7342230000000001
0
LINE
8
BLACK
6
CONTINUOUS
10
158.6727769999999964
20
-49.7342230000000001
11
166.7690159999999935
21
-57.8304629999999946
0
LINE
8
BLACK
6
CONTINUOUS
10
166.7690159999999935
20
-57.8304629999999946
11
166.8001019999999812
21
-57.8683419999999984
0
LINE
8
BLACK
6
CONTINUOUS
10
166.8001019999999812
20
-57.8683419999999984
11
166.800106999999997
21
-57.868347
0
LINE
8
BLACK
6
CONTINUOUS
10
166.800106999999997
20
-57.868347
11
166.8374359999999967
21
-57.9584669999999988
0
LINE
8
BLACK
6
CONTINUOUS
10
166.8374359999999967
20
-57.9584669999999988
11
166.8422400000000039
21
-58.0072399999999959
0
LINE
8
BLACK
6
CONTINUOUS
10
166.8422400000000039
20
-58.0072399999999959
11
166.8422400000000039
21
-60.1907639999999944
0
LINE
8
BLACK
6
CONTINUOUS
10
166.8422400000000039
20
-60.1907639999999944
11
169.6247249999999838
21
-62.9732500000000002
0
LINE
8
BLACK
6
CONTINUOUS
10
169.6247249999999838
20
-62.9732500000000002
11
171.8082499999999868
21
-62.9732500000000002
0
LINE
8
BLACK
6
CONTINUOUS
10
171.8082499999999868
20
-62.9732500000000002
11
171.8570229999999981
21
-62.9780540000000002
0
LINE
8
BLACK
6
CONTINUOUS
10
171.8570229999999981
20
-62.9780540000000002
11
171.9471429999999827
21
-63.0153829999999999
0
LINE
8
BLACK
6
CONTINUOUS
10
171.9471429999999827
20
-63.0153829999999999
11
171.9471470000000011
21
-63.0153869999999969
0
LINE
8
BLACK
6
CONTINUOUS
10
171.9471470000000011
20
-63.0153869999999969
11
171.9850270000000023
21
-63.0464729999999989
0
LINE
8
BLACK
6
CONTINUOUS
10
171.9850270000000023
20
-63.0464729999999989
11
175.2800440000000037
21
-66.3414909999999907
0
LINE
8
BLACK
6
CONTINUOUS
10
175.2800440000000037
20
-66.3414909999999907
11
175.3162739999999928
21
-66.3712230000000005
0
LINE
8
BLACK
6
CONTINUOUS
10
175.3162739999999928
20
-66.3712230000000005
11
178.7137559999999894
21
-69.7687059999999946
0
LINE
8
BLACK
6
CONTINUOUS
10
178.7137559999999894
20
-69.7687059999999946
11
178.8248429999999871
21
-69.7360889999999927
0
LINE
8
BLACK
6
CONTINUOUS
10
178.8248429999999871
20
-69.7360889999999927
11
178.9671569999999861
21
-69.7360889999999927
0
LINE
8
BLACK
6
CONTINUOUS
10
178.9671569999999861
20
-69.7360889999999927
11
179.1037079999999833
21
-69.7761840000000007
0
LINE
8
BLACK
6
CONTINUOUS
10
179.1037079999999833
20
-69.7761840000000007
11
179.2234299999999791
21
-69.8531249999999915
0
LINE
8
BLACK
6
CONTINUOUS
10
179.2234299999999791
20
-69.8531249999999915
11
179.3166269999999827
21
-69.9606799999999964
0
LINE
8
BLACK
6
CONTINUOUS
10
179.3166269999999827
20
-69.9606799999999964
11
179.3757459999999924
21
-70.0901339999999919
0
LINE
8
BLACK
6
CONTINUOUS
10
179.3757459999999924
20
-70.0901339999999919
11
179.3959999999999866
21
-70.2309999999999945
0
LINE
8
BLACK
6
CONTINUOUS
10
179.3959999999999866
20
-70.2309999999999945
11
179.3757459999999924
21
-70.3718659999999971
0
LINE
8
BLACK
6
CONTINUOUS
10
179.3757459999999924
20
-70.3718659999999971
11
179.3166269999999827
21
-70.5013199999999927
0
LINE
8
BLACK
6
CONTINUOUS
10
179.3166269999999827
20
-70.5013199999999927
11
179.2234299999999791
21
-70.6088749999999976
0
LINE
8
BLACK
6
CONTINUOUS
10
179.2234299999999791
20
-70.6088749999999976
11
179.1037079999999833
21
-70.6858160000000026
0
LINE
8
BLACK
6
CONTINUOUS
10
179.1037079999999833
20
-70.6858160000000026
11
178.9671569999999861
21
-70.7259109999999964
0
LINE
8
BLACK
6
CONTINUOUS
10
178.9671569999999861
20
-70.7259109999999964
11
178.8248429999999871
21
-70.7259109999999964
0
LINE
8
BLACK
6
CONTINUOUS
10
178.8248429999999871
20
-70.7259109999999964
11
178.6882919999999899
21
-70.6858160000000026
0
LINE
8
BLACK
6
CONTINUOUS
10
178.6882919999999899
20
-70.6858160000000026
11
178.568569999999994
21
-70.6088749999999976
0
LINE
8
BLACK
6
CONTINUOUS
10
178.568569999999994
20
-70.6088749999999976
11
178.4753729999999905
21
-70.5013199999999927
0
LINE
8
BLACK
6
CONTINUOUS
10
178.4753729999999905
20
-70.5013199999999927
11
178.4162539999999808
21
-70.3718659999999971
0
LINE
8
BLACK
6
CONTINUOUS
10
178.4162539999999808
20
-70.3718659999999971
11
178.3959999999999866
21
-70.2309999999999945
0
LINE
8
BLACK
6
CONTINUOUS
10
178.3959999999999866
20
-70.2309999999999945
11
178.4051690000000008
21
-70.167225000000002
0
LINE
8
BLACK
6
CONTINUOUS
10
178.4051690000000008
20
-70.167225000000002
11
174.9924509999999884
21
-66.7545080000000013
0
LINE
8
BLACK
6
CONTINUOUS
10
174.9924509999999884
20
-66.7545080000000013
11
174.9562239999999917
21
-66.7247770000000031
0
LINE
8
BLACK
6
CONTINUOUS
10
174.9562239999999917
20
-66.7247770000000031
11
171.7046959999999842
21
-63.4732500000000002
0
LINE
8
BLACK
6
CONTINUOUS
10
171.7046959999999842
20
-63.4732500000000002
11
169.5211719999999787
21
-63.4732500000000002
0
LINE
8
BLACK
6
CONTINUOUS
10
169.5211719999999787
20
-63.4732500000000002
11
169.4723989999999958
21
-63.4684460000000001
0
LINE
8
BLACK
6
CONTINUOUS
10
169.4723989999999958
20
-63.4684460000000001
11
169.3822789999999827
21
-63.4311170000000004
0
LINE
8
BLACK
6
CONTINUOUS
10
169.3822789999999827
20
-63.4311170000000004
11
169.3822739999999953
21
-63.4311119999999988
0
LINE
8
BLACK
6
CONTINUOUS
10
169.3822739999999953
20
-63.4311119999999988
11
169.3443949999999916
21
-63.4000259999999969
0
LINE
8
BLACK
6
CONTINUOUS
10
169.3443949999999916
20
-63.4000259999999969
11
166.4154629999999884
21
-60.4710949999999983
0
LINE
8
BLACK
6
CONTINUOUS
10
166.4154629999999884
20
-60.4710949999999983
11
166.3843770000000006
21
-60.433214999999997
0
LINE
8
BLACK
6
CONTINUOUS
10
166.3843770000000006
20
-60.433214999999997
11
166.3843729999999823
21
-60.433211
0
LINE
8
BLACK
6
CONTINUOUS
10
166.3843729999999823
20
-60.433211
11
166.3470439999999826
21
-60.343090999999994
0
LINE
8
BLACK
6
CONTINUOUS
10
166.3470439999999826
20
-60.343090999999994
11
166.3422400000000039
21
-60.294317999999997
0
LINE
8
BLACK
6
CONTINUOUS
10
166.3422400000000039
20
-60.294317999999997
11
166.3422400000000039
21
-58.1107929999999939
0
LINE
8
BLACK
6
CONTINUOUS
10
166.3422400000000039
20
-58.1107929999999939
11
158.3924460000000067
21
-50.1609999999999943
0
LINE
8
BLACK
6
CONTINUOUS
10
158.3924460000000067
20
-50.1609999999999943
11
155.2249999999999943
21
-50.1609999999999943
0
LINE
8
BLACK
6
CONTINUOUS
10
155.2249999999999943
20
-50.1609999999999943
11
155.2249999999999943
21
-50.7999999999999972
0
LINE
8
BLACK
6
CONTINUOUS
10
155.2249999999999943
20
-50.7999999999999972
11
155.2059699999999793
21
-50.8956710000000001
0
LINE
8
BLACK
6
CONTINUOUS
10
155.2059699999999793
20
-50.8956710000000001
11
155.1517769999999814
21
-50.9767769999999985
0
LINE
8
BLACK
6
CONTINUOUS
10
155.1517769999999814
20
-50.9767769999999985
11
155.0706710000000044
21
-51.0309699999999964
0
LINE
8
BLACK
6
CONTINUOUS
10
155.0706710000000044
20
-51.0309699999999964
11
154.9749999999999943
21
-51.0499999999999972
0
LINE
8
BLACK
6
CONTINUOUS
10
154.9749999999999943
20
-51.0499999999999972
11
154.0250000000000057
21
-51.0499999999999972
0
LINE
8
BLACK
6
CONTINUOUS
10
154.0250000000000057
20
-51.0499999999999972
11
153.9293289999999956
21
-51.0309699999999964
0
LINE
8
BLACK
6
CONTINUOUS
10
153.9293289999999956
20
-51.0309699999999964
11
153.8482229999999902
21
-50.9767769999999985
0
LINE
8
BLACK
6
CONTINUOUS
10
153.8482229999999902
20
-50.9767769999999985
11
153.7940299999999922
21
-50.8956710000000001
0
LINE
8
BLACK
6
CONTINUOUS
10
153.7940299999999922
20
-50.8956710000000001
11
153.7750000000000057
21
-50.7999999999999972
0
LINE
8
BLACK
6
CONTINUOUS
10
153.7750000000000057
20
-50.7999999999999972
11
153.7750000000000057
21
-50.6149999999999949
0
LINE
8
BLACK
6
CONTINUOUS
10
153.7750000000000057
20
-50.6149999999999949
11
153.1601189999999804
21
-50.6149999999999949
0
LINE
8
BLACK
6
CONTINUOUS
10
153.1601189999999804
20
-50.6149999999999949
11
153.1560659999999814
21
-50.621065999999999
0
LINE
8
BLACK
6
CONTINUOUS
10
153.1560659999999814
20
-50.621065999999999
11
153.107403000000005
21
-50.6535820000000001
0
LINE
8
BLACK
6
CONTINUOUS
10
153.107403000000005
20
-50.6535820000000001
11
153.0499999999999829
21
-50.6649999999999991
0
LINE
8
BLACK
6
CONTINUOUS
10
153.0499999999999829
20
-50.6649999999999991
11
151.4000000000000057
21
-50.6649999999999991
0
LINE
8
BLACK
6
CONTINUOUS
10
151.4000000000000057
20
-50.6649999999999991
11
151.3425969999999836
21
-50.6535820000000001
0
LINE
8
BLACK
6
CONTINUOUS
10
151.3425969999999836
20
-50.6535820000000001
11
151.2939340000000072
21
-50.621065999999999
0
LINE
8
BLACK
6
CONTINUOUS
10
151.2939340000000072
20
-50.621065999999999
11
151.2614179999999919
21
-50.5724029999999942
0
LINE
8
BLACK
6
CONTINUOUS
10
151.2614179999999919
20
-50.5724029999999942
11
151.25
21
-50.5150000000000006
0
LINE
8
BLACK
6
CONTINUOUS
10
151.25
20
-50.5150000000000006
11
151.25
21
-50.2149999999999963
0
LINE
8
BLACK
6
CONTINUOUS
10
151.25
20
-50.2149999999999963
11
151.2614179999999919
21
-50.1575969999999955
0
LINE
8
BLACK
6
CONTINUOUS
10
151.2614179999999919
20
-50.1575969999999955
11
151.2939340000000072
21
-50.1089339999999979
0
LINE
8
BLACK
6
CONTINUOUS
10
151.2939340000000072
20
-50.1089339999999979
11
151.3425969999999836
21
-50.0764179999999968
0
LINE
8
BLACK
6
CONTINUOUS
10
151.3425969999999836
20
-50.0764179999999968
11
151.4000000000000057
21
-50.0649999999999977
0
LINE
8
BLACK
6
CONTINUOUS
10
151.4000000000000057
20
-50.0649999999999977
11
153.0499999999999829
21
-50.0649999999999977
0
LINE
8
BLACK
6
CONTINUOUS
10
153.0499999999999829
20
-50.0649999999999977
11
153.107403000000005
21
-50.0764179999999968
0
LINE
8
BLACK
6
CONTINUOUS
10
153.107403000000005
20
-50.0764179999999968
11
153.1560659999999814
21
-50.1089339999999979
0
LINE
8
BLACK
6
CONTINUOUS
10
153.1560659999999814
20
-50.1089339999999979
11
153.1601189999999804
21
-50.1149999999999949
0
LINE
8
BLACK
6
CONTINUOUS
10
153.1601189999999804
20
-50.1149999999999949
11
153.7769889999999862
21
-50.1149999999999949
0
LINE
8
BLACK
6
CONTINUOUS
10
153.7769889999999862
20
-50.1149999999999949
11
153.7940299999999922
21
-50.0293289999999971
0
LINE
8
BLACK
6
CONTINUOUS
10
153.7940299999999922
20
-50.0293289999999971
11
153.8482229999999902
21
-49.9482229999999987
0
LINE
8
BLACK
6
CONTINUOUS
10
153.8482229999999902
20
-49.9482229999999987
11
153.9293289999999956
21
-49.8940300000000008
0
LINE
8
BLACK
6
CONTINUOUS
10
153.9293289999999956
20
-49.8940300000000008
11
154.0250000000000057
21
-49.875
0
LINE
8
BLACK
6
CONTINUOUS
10
154.0250000000000057
20
-49.875
11
154.7339460000000031
21
-49.875
0
LINE
8
BLACK
6
CONTINUOUS
10
154.7339460000000031
20
-49.875
11
154.8747229999999888
21
-49.7342230000000001
0
LINE
8
BLACK
6
CONTINUOUS
10
154.8747229999999888
20
-49.7342230000000001
11
154.9126080000000059
21
-49.7031319999999965
0
LINE
8
BLACK
6
CONTINUOUS
10
154.9126080000000059
20
-49.7031319999999965
11
155.0027279999999905
21
-49.6658029999999968
0
LINE
8
BLACK
6
CONTINUOUS
10
155.0027279999999905
20
-49.6658029999999968
11
155.0027369999999962
21
-49.6658029999999968
0
LINE
8
BLACK
6
CONTINUOUS
10
155.0027369999999962
20
-49.6658029999999968
11
155.0515000000000043
21
-49.6609999999999943
0
LINE
8
BLACK
6
CONTINUOUS
10
155.0515000000000043
20
-49.6609999999999943
11
158.4959999999999809
21
-49.6609999999999943
0
LINE
8
BLACK
6
CONTINUOUS
10
158.4959999999999809
20
-49.6609999999999943
11
158.5447729999999922
21
-49.6658039999999943
0
LINE
8
BLACK
6
CONTINUOUS
10
173.710205000000002
20
-69.367843999999991
11
173.8217119999999909
21
-69.4246600000000029
0
LINE
8
BLACK
6
CONTINUOUS
10
173.8217119999999909
20
-69.4246600000000029
11
173.9102049999999906
21
-69.5131530000000026
0
LINE
8
BLACK
6
CONTINUOUS
10
173.9102049999999906
20
-69.5131530000000026
11
173.9670209999999884
21
-69.6246599999999916
0
LINE
8
BLACK
6
CONTINUOUS
10
173.9670209999999884
20
-69.6246599999999916
11
173.9865979999999865
21
-69.7482669999999985
0
LINE
8
BLACK
6
CONTINUOUS
10
173.9865979999999865
20
-69.7482669999999985
11
173.9670209999999884
21
-69.8718739999999912
0
LINE
8
BLACK
6
CONTINUOUS
10
173.9670209999999884
20
-69.8718739999999912
11
173.9102049999999906
21
-69.9833809999999943
0
LINE
8
BLACK
6
CONTINUOUS
10
173.9102049999999906
20
-69.9833809999999943
11
173.8217119999999909
21
-70.071873999999994
0
LINE
8
BLACK
6
CONTINUOUS
10
173.8217119999999909
20
-70.071873999999994
11
173.710205000000002
21
-70.1286899999999918
0
LINE
8
BLACK
6
CONTINUOUS
10
173.710205000000002
20
-70.1286899999999918
11
173.5865979999999809
21
-70.1482669999999899
0
LINE
8
BLACK
6
CONTINUOUS
10
173.5865979999999809
20
-70.1482669999999899
11
173.4629909999999882
21
-70.1286899999999918
0
LINE
8
BLACK
6
CONTINUOUS
10
173.4629909999999882
20
-70.1286899999999918
11
173.3514839999999992
21
-70.071873999999994
0
LINE
8
BLACK
6
CONTINUOUS
10
173.3514839999999992
20
-70.071873999999994
11
173.2629909999999995
21
-69.9833809999999943
0
LINE
8
BLACK
6
CONTINUOUS
10
173.2629909999999995
20
-69.9833809999999943
11
173.2061750000000018
21
-69.8718739999999912
0
LINE
8
BLACK
6
CONTINUOUS
10
173.2061750000000018
20
-69.8718739999999912
11
173.1865980000000036
21
-69.7482669999999985
0
LINE
8
BLACK
6
CONTINUOUS
10
173.1865980000000036
20
-69.7482669999999985
11
173.2061750000000018
21
-69.6246599999999916
0
LINE
8
BLACK
6
CONTINUOUS
10
173.2061750000000018
20
-69.6246599999999916
11
173.2629909999999995
21
-69.5131530000000026
0
LINE
8
BLACK
6
CONTINUOUS
10
173.2629909999999995
20
-69.5131530000000026
11
173.3514839999999992
21
-69.4246600000000029
0
LINE
8
BLACK
6
CONTINUOUS
10
173.3514839999999992
20
-69.4246600000000029
11
173.4629909999999882
21
-69.367843999999991
0
LINE
8
BLACK
6
CONTINUOUS
10
173.4629909999999882
20
-69.367843999999991
11
173.5865979999999809
21
-69.3482669999999928
0
LINE
8
BLACK
6
CONTINUOUS
10
173.5865979999999809
20
-69.3482669999999928
11
173.710205000000002
21
-69.367843999999991
0
LINE
8
BLACK
6
CONTINUOUS
10
132.7283869999999979
20
-68.6180789999999945
11
132.805437999999981
21
-68.6695619999999991
0
LINE
8
BLACK
6
CONTINUOUS
10
132.805437999999981
20
-68.6695619999999991
11
132.8569209999999998
21
-68.7466129999999964
0
LINE
8
BLACK
6
CONTINUOUS
10
132.8569209999999998
20
-68.7466129999999964
11
132.875
21
-68.8374999999999915
0
LINE
8
BLACK
6
CONTINUOUS
10
132.875
20
-68.8374999999999915
11
132.875
21
-69.3374999999999915
0
LINE
8
BLACK
6
CONTINUOUS
10
132.875
20
-69.3374999999999915
11
132.8569209999999998
21
-69.4283870000000007
0
LINE
8
BLACK
6
CONTINUOUS
10
132.8569209999999998
20
-69.4283870000000007
11
132.805437999999981
21
-69.5054379999999981
0
LINE
8
BLACK
6
CONTINUOUS
10
132.805437999999981
20
-69.5054379999999981
11
132.7283869999999979
21
-69.5569210000000027
0
LINE
8
BLACK
6
CONTINUOUS
10
132.7283869999999979
20
-69.5569210000000027
11
132.6374999999999886
21
-69.5750000000000028
0
LINE
8
BLACK
6
CONTINUOUS
10
132.6374999999999886
20
-69.5750000000000028
11
132.1624999999999943
21
-69.5750000000000028
0
LINE
8
BLACK
6
CONTINUOUS
10
132.1624999999999943
20
-69.5750000000000028
11
132.1286889999999801
21
-69.5682740000000024
0
LINE
8
BLACK
6
CONTINUOUS
10
132.1286889999999801
20
-69.5682740000000024
11
132.1208349999999996
21
-69.5747209999999967
0
LINE
8
BLACK
6
CONTINUOUS
10
132.1208349999999996
20
-69.5747209999999967
11
132.0891609999999901
21
-69.5878399999999999
0
LINE
8
BLACK
6
CONTINUOUS
10
132.0891609999999901
20
-69.5878399999999999
11
132.0667640000000063
21
-69.5971179999999947
0
LINE
8
BLACK
6
CONTINUOUS
10
132.0667640000000063
20
-69.5971179999999947
11
132.0374999999999943
21
-69.5999999999999943
0
LINE
8
BLACK
6
CONTINUOUS
10
132.0374999999999943
20
-69.5999999999999943
11
131.3299999999999841
21
-69.5999999999999943
0
LINE
8
BLACK
6
CONTINUOUS
10
131.3299999999999841
20
-69.5999999999999943
11
131.3299999999999841
21
-69.6124999999999972
0
LINE
8
BLACK
6
CONTINUOUS
10
131.3299999999999841
20
-69.6124999999999972
11
131.3176299999999799
21
-69.6746859999999941
0
LINE
8
BLACK
6
CONTINUOUS
10
131.3176299999999799
20
-69.6746859999999941
11
131.2824049999999829
21
-69.7274049999999903
0
LINE
8
BLACK
6
CONTINUOUS
10
131.2824049999999829
20
-69.7274049999999903
11
131.2296859999999867
21
-69.7626300000000015
0
LINE
8
BLACK
6
CONTINUOUS
10
131.2296859999999867
20
-69.7626300000000015
11
131.1674999999999898
21
-69.7749999999999915
0
LINE
8
BLACK
6
CONTINUOUS
10
131.1674999999999898
20
-69.7749999999999915
11
129.9325000000000045
21
-69.7749999999999915
0
LINE
8
BLACK
6
CONTINUOUS
10
129.9325000000000045
20
-69.7749999999999915
11
129.8703140000000076
21
-69.7626300000000015
0
LINE
8
BLACK
6
CONTINUOUS
10
129.8703140000000076
20
-69.7626300000000015
11
129.817594999999983
21
-69.7274049999999903
0
LINE
8
BLACK
6
CONTINUOUS
10
129.817594999999983
20
-69.7274049999999903
11
129.782369999999986
21
-69.6746859999999941
0
LINE
8
BLACK
6
CONTINUOUS
10
129.782369999999986
20
-69.6746859999999941
11
129.7699999999999818
21
-69.6124999999999972
0
LINE
8
BLACK
6
CONTINUOUS
10
129.7699999999999818
20
-69.6124999999999972
11
129.7699999999999818
21
-69.5999999999999943
0
LINE
8
BLACK
6
CONTINUOUS
10
129.7699999999999818
20
-69.5999999999999943
11
128.6299999999999955
21
-69.5999999999999943
0
LINE
8
BLACK
6
CONTINUOUS
10
128.6299999999999955
20
-69.5999999999999943
11
128.6299999999999955
21
-69.6124999999999972
0
LINE
8
BLACK
6
CONTINUOUS
10
128.6299999999999955
20
-69.6124999999999972
11
128.6176299999999912
21
-69.6746859999999941
0
LINE
8
BLACK
6
CONTINUOUS
10
128.6176299999999912
20
-69.6746859999999941
11
128.5824049999999943
21
-69.7274049999999903
0
LINE
8
BLACK
6
CONTINUOUS
10
128.5824049999999943
20
-69.7274049999999903
11
128.5296859999999981
21
-69.7626300000000015
0
LINE
8
BLACK
6
CONTINUOUS
10
128.5296859999999981
20
-69.7626300000000015
11
128.4675000000000011
21
-69.7749999999999915
0
LINE
8
BLACK
6
CONTINUOUS
10
128.4675000000000011
20
-69.7749999999999915
11
127.2324999999999875
21
-69.7749999999999915
0
LINE
8
BLACK
6
CONTINUOUS
10
127.2324999999999875
20
-69.7749999999999915
11
127.1703139999999905
21
-69.7626300000000015
0
LINE
8
BLACK
6
CONTINUOUS
10
127.1703139999999905
20
-69.7626300000000015
11
127.1175949999999943
21
-69.7274049999999903
0
LINE
8
BLACK
6
CONTINUOUS
10
127.1175949999999943
20
-69.7274049999999903
11
127.0823699999999974
21
-69.6746859999999941
0
LINE
8
BLACK
6
CONTINUOUS
10
127.0823699999999974
20
-69.6746859999999941
11
127.0699999999999932
21
-69.6124999999999972
0
LINE
8
BLACK
6
CONTINUOUS
10
127.0699999999999932
20
-69.6124999999999972
11
127.0699999999999932
21
-69.2874999999999943
0
LINE
8
BLACK
6
CONTINUOUS
10
127.0699999999999932
20
-69.2874999999999943
11
127.0823699999999974
21
-69.2253139999999973
0
LINE
8
BLACK
6
CONTINUOUS
10
127.0823699999999974
20
-69.2253139999999973
11
127.1175949999999943
21
-69.1725950000000012
0
LINE
8
BLACK
6
CONTINUOUS
10
127.1175949999999943
20
-69.1725950000000012
11
127.1703139999999905
21
-69.13736999999999
0
LINE
8
BLACK
6
CONTINUOUS
10
127.1703139999999905
20
-69.13736999999999
11
127.2324999999999875
21
-69.125
0
LINE
8
BLACK
6
CONTINUOUS
10
127.2324999999999875
20
-69.125
11
128.4675000000000011
21
-69.125
0
LINE
8
BLACK
6
CONTINUOUS
10
128.4675000000000011
20
-69.125
11
128.5296859999999981
21
-69.13736999999999
0
LINE
8
BLACK
6
CONTINUOUS
10
128.5296859999999981
20
-69.13736999999999
11
128.5824049999999943
21
-69.1725950000000012
0
LINE
8
BLACK
6
CONTINUOUS
10
128.5824049999999943
20
-69.1725950000000012
11
128.6176299999999912
21
-69.2253139999999973
0
LINE
8
BLACK
6
CONTINUOUS
10
128.6176299999999912
20
-69.2253139999999973
11
128.6299999999999955
21
-69.2874999999999943
0
LINE
8
BLACK
6
CONTINUOUS
10
128.6299999999999955
20
-69.2874999999999943
11
128.6299999999999955
21
-69.2999999999999972
0
LINE
8
BLACK
6
CONTINUOUS
10
128.6299999999999955
20
-69.2999999999999972
11
129.7699999999999818
21
-69.2999999999999972
0
LINE
8
BLACK
6
CONTINUOUS
10
129.7699999999999818
20
-69.2999999999999972
11
129.7699999999999818
21
-69.2874999999999943
0
LINE
8
BLACK
6
CONTINUOUS
10
129.7699999999999818
20
-69.2874999999999943
11
129.782369999999986
21
-69.2253139999999973
0
LINE
8
BLACK
6
CONTINUOUS
10
129.782369999999986
20
-69.2253139999999973
11
129.817594999999983
21
-69.1725950000000012
0
LINE
8
BLACK
6
CONTINUOUS
10
129.817594999999983
20
-69.1725950000000012
11
129.8703140000000076
21
-69.13736999999999
0
LINE
8
BLACK
6
CONTINUOUS
10
129.8703140000000076
20
-69.13736999999999
11
129.9325000000000045
21
-69.125
0
LINE
8
BLACK
6
CONTINUOUS
10
129.9325000000000045
20
-69.125
11
131.1674999999999898
21
-69.125
0
LINE
8
BLACK
6
CONTINUOUS
10
131.1674999999999898
20
-69.125
11
131.2296859999999867
21
-69.13736999999999
0
LINE
8
BLACK
6
CONTINUOUS
10
131.2296859999999867
20
-69.13736999999999
11
131.2824049999999829
21
-69.1725950000000012
0
LINE
8
BLACK
6
CONTINUOUS
10
131.2824049999999829
20
-69.1725950000000012
11
131.3176299999999799
21
-69.2253139999999973
0
LINE
8
BLACK
6
CONTINUOUS
10
131.3176299999999799
20
-69.2253139999999973
11
131.3299999999999841
21
-69.2874999999999943
0
LINE
8
BLACK
6
CONTINUOUS
10
131.3299999999999841
20
-69.2874999999999943
11
131.3299999999999841
21
-69.2999999999999972
0
LINE
8
BLACK
6
CONTINUOUS
10
131.3299999999999841
20
-69.2999999999999972
11
131.9249999999999829
21
-69.2999999999999972
0
LINE
8
BLACK
6
CONTINUOUS
10
131.9249999999999829
20
-69.2999999999999972
11
131.9249999999999829
21
-68.8374999999999915
0
LINE
8
BLACK
6
CONTINUOUS
10
131.9249999999999829
20
-68.8374999999999915
11
131.9430789999999831
21
-68.7466129999999964
0
LINE
8
BLACK
6
CONTINUOUS
10
131.9430789999999831
20
-68.7466129999999964
11
131.9945620000000019
21
-68.6695619999999991
0
LINE
8
BLACK
6
CONTINUOUS
10
131.9945620000000019
20
-68.6695619999999991
11
132.071612999999985
21
-68.6180789999999945
0
LINE
8
BLACK
6
CONTINUOUS
10
132.071612999999985
20
-68.6180789999999945
11
132.1624999999999943
21
-68.5999999999999943
0
LINE
8
BLACK
6
CONTINUOUS
10
132.1624999999999943
20
-68.5999999999999943
11
132.6374999999999886
21
-68.5999999999999943
0
LINE
8
BLACK
6
CONTINUOUS
10
132.6374999999999886
20
-68.5999999999999943
11
132.7283869999999979
21
-68.6180789999999945
0
LINE
8
BLACK
6
CONTINUOUS
10
120.3497079999999926
20
-68.5061839999999904
11
120.4694299999999885
21
-68.5831249999999955
0
LINE
8
BLACK
6
CONTINUOUS
10
120.4694299999999885
20
-68.5831249999999955
11
120.562626999999992
21
-68.6906800000000004
0
LINE
8
BLACK
6
CONTINUOUS
10
120.562626999999992
20
-68.6906800000000004
11
120.6217459999999875
21
-68.8201339999999959
0
LINE
8
BLACK
6
CONTINUOUS
10
120.6217459999999875
20
-68.8201339999999959
11
120.6419999999999959
21
-68.9609999999999985
0
LINE
8
BLACK
6
CONTINUOUS
10
120.6419999999999959
20
-68.9609999999999985
11
120.6217459999999875
21
-69.1018660000000011
0
LINE
8
BLACK
6
CONTINUOUS
10
120.6217459999999875
20
-69.1018660000000011
11
120.562626999999992
21
-69.2313199999999966
0
LINE
8
BLACK
6
CONTINUOUS
10
120.562626999999992
20
-69.2313199999999966
11
120.4694299999999885
21
-69.3388750000000016
0
LINE
8
BLACK
6
CONTINUOUS
10
120.4694299999999885
20
-69.3388750000000016
11
120.3497079999999926
21
-69.4158159999999924
0
LINE
8
BLACK
6
CONTINUOUS
10
120.3497079999999926
20
-69.4158159999999924
11
120.2131569999999954
21
-69.4559110000000004
0
LINE
8
BLACK
6
CONTINUOUS
10
120.2131569999999954
20
-69.4559110000000004
11
120.0708429999999964
21
-69.4559110000000004
0
LINE
8
BLACK
6
CONTINUOUS
10
120.0708429999999964
20
-69.4559110000000004
11
119.9342919999999992
21
-69.4158159999999924
0
LINE
8
BLACK
6
CONTINUOUS
10
119.9342919999999992
20
-69.4158159999999924
11
119.8145699999999891
21
-69.3388750000000016
0
LINE
8
BLACK
6
CONTINUOUS
10
119.8145699999999891
20
-69.3388750000000016
11
119.7213729999999998
21
-69.2313199999999966
0
LINE
8
BLACK
6
CONTINUOUS
10
119.7213729999999998
20
-69.2313199999999966
11
119.6622539999999901
21
-69.1018660000000011
0
LINE
8
BLACK
6
CONTINUOUS
10
119.6622539999999901
20
-69.1018660000000011
11
119.6419999999999959
21
-68.9609999999999985
0
LINE
8
BLACK
6
CONTINUOUS
10
119.6419999999999959
20
-68.9609999999999985
11
119.6622539999999901
21
-68.8201339999999959
0
LINE
8
BLACK
6
CONTINUOUS
10
119.6622539999999901
20
-68.8201339999999959
11
119.7213729999999998
21
-68.6906800000000004
0
LINE
8
BLACK
6
CONTINUOUS
10
119.7213729999999998
20
-68.6906800000000004
11
119.8145699999999891
21
-68.5831249999999955
0
LINE
8
BLACK
6
CONTINUOUS
10
119.8145699999999891
20
-68.5831249999999955
11
119.9342919999999992
21
-68.5061839999999904
0
LINE
8
BLACK
6
CONTINUOUS
10
119.9342919999999992
20
-68.5061839999999904
11
120.0708429999999964
21
-68.4660889999999966
0
LINE
8
BLACK
6
CONTINUOUS
10
120.0708429999999964
20
-68.4660889999999966
11
120.2131569999999954
21
-68.4660889999999966
0
LINE
8
BLACK
6
CONTINUOUS
10
120.2131569999999954
20
-68.4660889999999966
11
120.3497079999999926
21
-68.5061839999999904
0
LINE
8
BLACK
6
CONTINUOUS
10
179.1037079999999833
20
-68.5061839999999904
11
179.2234299999999791
21
-68.5831249999999955
0
LINE
8
BLACK
6
CONTINUOUS
10
179.2234299999999791
20
-68.5831249999999955
11
179.3166269999999827
21
-68.6906800000000004
0
LINE
8
BLACK
6
CONTINUOUS
10
179.3166269999999827
20
-68.6906800000000004
11
179.3757459999999924
21
-68.8201339999999959
0
LINE
8
BLACK
6
CONTINUOUS
10
179.3757459999999924
20
-68.8201339999999959
11
179.3959999999999866
21
-68.9609999999999985
0
LINE
8
BLACK
6
CONTINUOUS
10
179.3959999999999866
20
-68.9609999999999985
11
179.3757459999999924
21
-69.1018660000000011
0
LINE
8
BLACK
6
CONTINUOUS
10
179.3757459999999924
20
-69.1018660000000011
11
179.3166269999999827
21
-69.2313199999999966
0
LINE
8
BLACK
6
CONTINUOUS
10
179.3166269999999827
20
-69.2313199999999966
11
179.2234299999999791
21
-69.3388750000000016
0
LINE
8
BLACK
6
CONTINUOUS
10
179.2234299999999791
20
-69.3388750000000016
11
179.1037079999999833
21
-69.4158159999999924
0
LINE
8
BLACK
6
CONTINUOUS
10
179.1037079999999833
20
-69.4158159999999924
11
178.9671569999999861
21
-69.4559110000000004
0
LINE
8
BLACK
6
CONTINUOUS
10
178.9671569999999861
20
-69.4559110000000004
11
178.8248429999999871
21
-69.4559110000000004
0
LINE
8
BLACK
6
CONTINUOUS
10
178.8248429999999871
20
-69.4559110000000004
11
178.6882919999999899
21
-69.4158159999999924
0
LINE
8
BLACK
6
CONTINUOUS
10
178.6882919999999899
20
-69.4158159999999924
11
178.568569999999994
21
-69.3388750000000016
0
LINE
8
BLACK
6
CONTINUOUS
10
178.568569999999994
20
-69.3388750000000016
11
178.4753729999999905
21
-69.2313199999999966
0
LINE
8
BLACK
6
CONTINUOUS
10
178.4753729999999905
20
-69.2313199999999966
11
178.4162539999999808
21
-69.1018660000000011
0
LINE
8
BLACK
6
CONTINUOUS
10
178.4162539999999808
20
-69.1018660000000011
11
178.3959999999999866
21
-68.9609999999999985
0
LINE
8
BLACK
6
CONTINUOUS
10
178.3959999999999866
20
-68.9609999999999985
11
178.4162539999999808
21
-68.8201339999999959
0
LINE
8
BLACK
6
CONTINUOUS
10
178.4162539999999808
20
-68.8201339999999959
11
178.4753729999999905
21
-68.6906800000000004
0
LINE
8
BLACK
6
CONTINUOUS
10
178.4753729999999905
20
-68.6906800000000004
11
178.568569999999994
21
-68.5831249999999955
0
LINE
8
BLACK
6
CONTINUOUS
10
178.568569999999994
20
-68.5831249999999955
11
178.6882919999999899
21
-68.5061839999999904
0
LINE
8
BLACK
6
CONTINUOUS
10
178.6882919999999899
20
-68.5061839999999904
11
178.8248429999999871
21
-68.4660889999999966
0
LINE
8
BLACK
6
CONTINUOUS
10
178.8248429999999871
20
-68.4660889999999966
11
178.9671569999999861
21
-68.4660889999999966
0
LINE
8
BLACK
6
CONTINUOUS
10
178.9671569999999861
20
-68.4660889999999966
11
179.1037079999999833
21
-68.5061839999999904
0
LINE
8
BLACK
6
CONTINUOUS
10
124.8736069999999927
20
-68.6195769999999925
11
124.9851139999999958
21
-68.6763929999999903
0
LINE
8
BLACK
6
CONTINUOUS
10
124.9851139999999958
20
-68.6763929999999903
11
125.0736069999999955
21
-68.76488599999999
0
LINE
8
BLACK
6
CONTINUOUS
10
125.0736069999999955
20
-68.76488599999999
11
125.1304229999999933
21
-68.8763929999999931
0
LINE
8
BLACK
6
CONTINUOUS
10
125.1304229999999933
20
-68.8763929999999931
11
125.1499999999999915
21
-69.
0
LINE
8
BLACK
6
CONTINUOUS
10
125.1499999999999915
20
-69.
11
125.1304229999999933
21
-69.1236069999999927
0
LINE
8
BLACK
6
CONTINUOUS
10
125.1304229999999933
20
-69.1236069999999927
11
125.0736069999999955
21
-69.2351139999999958
0
LINE
8
BLACK
6
CONTINUOUS
10
125.0736069999999955
20
-69.2351139999999958
11
124.9851139999999958
21
-69.3236069999999955
0
LINE
8
BLACK
6
CONTINUOUS
10
124.9851139999999958
20
-69.3236069999999955
11
124.8736069999999927
21
-69.3804229999999933
0
LINE
8
BLACK
6
CONTINUOUS
10
124.8736069999999927
20
-69.3804229999999933
11
124.75
21
-69.3999999999999915
0
LINE
8
BLACK
6
CONTINUOUS
10
124.75
20
-69.3999999999999915
11
124.6263929999999931
21
-69.3804229999999933
0
LINE
8
BLACK
6
CONTINUOUS
10
124.6263929999999931
20
-69.3804229999999933
11
124.51488599999999
21
-69.3236069999999955
0
LINE
8
BLACK
6
CONTINUOUS
10
124.51488599999999
20
-69.3236069999999955
11
124.4263929999999903
21
-69.2351139999999958
0
LINE
8
BLACK
6
CONTINUOUS
10
124.4263929999999903
20
-69.2351139999999958
11
124.3695769999999925
21
-69.1236069999999927
0
LINE
8
BLACK
6
CONTINUOUS
10
124.3695769999999925
20
-69.1236069999999927
11
124.3499999999999943
21
-69.
0
LINE
8
BLACK
6
CONTINUOUS
10
124.3499999999999943
20
-69.
11
124.3695769999999925
21
-68.8763929999999931
0
LINE
8
BLACK
6
CONTINUOUS
10
124.3695769999999925
20
-68.8763929999999931
11
124.4263929999999903
21
-68.76488599999999
0
LINE
8
BLACK
6
CONTINUOUS
10
124.4263929999999903
20
-68.76488599999999
11
124.51488599999999
21
-68.6763929999999903
0
LINE
8
BLACK
6
CONTINUOUS
10
124.51488599999999
20
-68.6763929999999903
11
124.6263929999999931
21
-68.6195769999999925
0
LINE
8
BLACK
6
CONTINUOUS
10
124.6263929999999931
20
-68.6195769999999925
11
124.75
21
-68.5999999999999943
0
LINE
8
BLACK
6
CONTINUOUS
10
124.75
20
-68.5999999999999943
11
124.8736069999999927
21
-68.6195769999999925
0
LINE
8
BLACK
6
CONTINUOUS
10
174.3736069999999927
20
-68.6195769999999925
11
174.4851139999999816
21
-68.6763929999999903
0
LINE
8
BLACK
6
CONTINUOUS
10
174.4851139999999816
20
-68.6763929999999903
11
174.5736069999999813
21
-68.76488599999999
0
LINE
8
BLACK
6
CONTINUOUS
10
174.5736069999999813
20
-68.76488599999999
11
174.6304229999999791
21
-68.8763929999999931
0
LINE
8
BLACK
6
CONTINUOUS
10
174.6304229999999791
20
-68.8763929999999931
11
174.6500000000000057
21
-69.
0
LINE
8
BLACK
6
CONTINUOUS
10
174.6500000000000057
20
-69.
11
174.6304229999999791
21
-69.1236069999999927
0
LINE
8
BLACK
6
CONTINUOUS
10
174.6304229999999791
20
-69.1236069999999927
11
174.5736069999999813
21
-69.2351139999999958
0
LINE
8
BLACK
6
CONTINUOUS
10
174.5736069999999813
20
-69.2351139999999958
11
174.4851139999999816
21
-69.3236069999999955
0
LINE
8
BLACK
6
CONTINUOUS
10
174.4851139999999816
20
-69.3236069999999955
11
174.3736069999999927
21
-69.3804229999999933
0
LINE
8
BLACK
6
CONTINUOUS
10
174.3736069999999927
20
-69.3804229999999933
11
174.25
21
-69.3999999999999915
0
LINE
8
BLACK
6
CONTINUOUS
10
174.25
20
-69.3999999999999915
11
174.1263929999999789
21
-69.3804229999999933
0
LINE
8
BLACK
6
CONTINUOUS
10
174.1263929999999789
20
-69.3804229999999933
11
174.01488599999999
21
-69.3236069999999955
0
LINE
8
BLACK
6
CONTINUOUS
10
174.01488599999999
20
-69.3236069999999955
11
173.9263929999999903
21
-69.2351139999999958
0
LINE
8
BLACK
6
CONTINUOUS
10
173.9263929999999903
20
-69.2351139999999958
11
173.8695769999999925
21
-69.1236069999999927
0
LINE
8
BLACK
6
CONTINUOUS
10
173.8695769999999925
20
-69.1236069999999927
11
173.8499999999999943
21
-69.
0
LINE
8
BLACK
6
CONTINUOUS
10
173.8499999999999943
20
-69.
11
173.8695769999999925
21
-68.8763929999999931
0
LINE
8
BLACK
6
CONTINUOUS
10
173.8695769999999925
20
-68.8763929999999931
11
173.9263929999999903
21
-68.76488599999999
0
LINE
8
BLACK
6
CONTINUOUS
10
173.9263929999999903
20
-68.76488599999999
11
174.01488599999999
21
-68.6763929999999903
0
LINE
8
BLACK
6
CONTINUOUS
10
174.01488599999999
20
-68.6763929999999903
11
174.1263929999999789
21
-68.6195769999999925
0
LINE
8
BLACK
6
CONTINUOUS
10
174.1263929999999789
20
-68.6195769999999925
11
174.25
21
-68.5999999999999943
0
LINE
8
BLACK
6
CONTINUOUS
10
174.25
20
-68.5999999999999943
11
174.3736069999999927
21
-68.6195769999999925
0
LINE
8
BLACK
6
CONTINUOUS
10
135.3236069999999813
20
-68.219577000000001
11
135.4351139999999987
21
-68.2763929999999988
0
LINE
8
BLACK
6
CONTINUOUS
10
135.4351139999999987
20
-68.2763929999999988
11
135.5236069999999984
21
-68.3648859999999985
0
LINE
8
BLACK
6
CONTINUOUS
10
135.5236069999999984
20
-68.3648859999999985
11
135.5804229999999961
21
-68.4763930000000016
0
LINE
8
BLACK
6
CONTINUOUS
10
135.5804229999999961
20
-68.4763930000000016
11
135.5999999999999943
21
-68.5999999999999943
0
LINE
8
BLACK
6
CONTINUOUS
10
135.5999999999999943
20
-68.5999999999999943
11
135.5804229999999961
21
-68.7236070000000012
0
LINE
8
BLACK
6
CONTINUOUS
10
135.5804229999999961
20
-68.7236070000000012
11
135.5236069999999984
21
-68.8351139999999901
0
LINE
8
BLACK
6
CONTINUOUS
10
135.5236069999999984
20
-68.8351139999999901
11
135.4351139999999987
21
-68.9236069999999899
0
LINE
8
BLACK
6
CONTINUOUS
10
135.4351139999999987
20
-68.9236069999999899
11
135.3236069999999813
21
-68.9804230000000018
0
LINE
8
BLACK
6
CONTINUOUS
10
135.3236069999999813
20
-68.9804230000000018
11
135.1999999999999886
21
-69.
0
LINE
8
BLACK
6
CONTINUOUS
10
135.1999999999999886
20
-69.
11
135.0763929999999959
21
-68.9804230000000018
0
LINE
8
BLACK
6
CONTINUOUS
10
135.0763929999999959
20
-68.9804230000000018
11
134.964886000000007
21
-68.9236069999999899
0
LINE
8
BLACK
6
CONTINUOUS
10
134.964886000000007
20
-68.9236069999999899
11
134.8763930000000073
21
-68.8351139999999901
0
LINE
8
BLACK
6
CONTINUOUS
10
134.8763930000000073
20
-68.8351139999999901
11
134.8195769999999811
21
-68.7236070000000012
0
LINE
8
BLACK
6
CONTINUOUS
10
134.8195769999999811
20
-68.7236070000000012
11
134.7999999999999829
21
-68.5999999999999943
0
LINE
8
BLACK
6
CONTINUOUS
10
134.7999999999999829
20
-68.5999999999999943
11
134.8195769999999811
21
-68.4763930000000016
0
LINE
8
BLACK
6
CONTINUOUS
10
134.8195769999999811
20
-68.4763930000000016
11
134.8763930000000073
21
-68.3648859999999985
0
LINE
8
BLACK
6
CONTINUOUS
10
134.8763930000000073
20
-68.3648859999999985
11
134.964886000000007
21
-68.2763929999999988
0
LINE
8
BLACK
6
CONTINUOUS
10
134.964886000000007
20
-68.2763929999999988
11
135.0763929999999959
21
-68.219577000000001
0
LINE
8
BLACK
6
CONTINUOUS
10
135.0763929999999959
20
-68.219577000000001
11
135.1999999999999886
21
-68.2000000000000028
0
LINE
8
BLACK
6
CONTINUOUS
10
135.1999999999999886
20
-68.2000000000000028
11
135.3236069999999813
21
-68.219577000000001
0
LINE
8
BLACK
6
CONTINUOUS
10
164.3236069999999813
20
-67.6195769999999925
11
164.4351139999999987
21
-67.6763929999999903
0
LINE
8
BLACK
6
CONTINUOUS
10
164.4351139999999987
20
-67.6763929999999903
11
164.5236069999999984
21
-67.76488599999999
0
LINE
8
BLACK
6
CONTINUOUS
10
164.5236069999999984
20
-67.76488599999999
11
164.5804229999999961
21
-67.8763929999999931
0
LINE
8
BLACK
6
CONTINUOUS
10
164.5804229999999961
20
-67.8763929999999931
11
164.5999999999999943
21
-68.
0
LINE
8
BLACK
6
CONTINUOUS
10
164.5999999999999943
20
-68.
11
164.5804229999999961
21
-68.1236069999999927
0
LINE
8
BLACK
6
CONTINUOUS
10
164.5804229999999961
20
-68.1236069999999927
11
164.5236069999999984
21
-68.2351139999999958
0
LINE
8
BLACK
6
CONTINUOUS
10
164.5236069999999984
20
-68.2351139999999958
11
164.4351139999999987
21
-68.3236069999999955
0
LINE
8
BLACK
6
CONTINUOUS
10
164.4351139999999987
20
-68.3236069999999955
11
164.3236069999999813
21
-68.3804229999999933
0
LINE
8
BLACK
6
CONTINUOUS
10
164.3236069999999813
20
-68.3804229999999933
11
164.1999999999999886
21
-68.3999999999999915
0
LINE
8
BLACK
6
CONTINUOUS
10
164.1999999999999886
20
-68.3999999999999915
11
164.0763929999999959
21
-68.3804229999999933
0
LINE
8
BLACK
6
CONTINUOUS
10
164.0763929999999959
20
-68.3804229999999933
11
163.9648859999999786
21
-68.3236069999999955
0
LINE
8
BLACK
6
CONTINUOUS
10
163.9648859999999786
20
-68.3236069999999955
11
163.8763929999999789
21
-68.2351139999999958
0
LINE
8
BLACK
6
CONTINUOUS
10
163.8763929999999789
20
-68.2351139999999958
11
163.8195769999999811
21
-68.1236069999999927
0
LINE
8
BLACK
6
CONTINUOUS
10
163.8195769999999811
20
-68.1236069999999927
11
163.7999999999999829
21
-68.
0
LINE
8
BLACK
6
CONTINUOUS
10
163.7999999999999829
20
-68.
11
163.8195769999999811
21
-67.8763929999999931
0
LINE
8
BLACK
6
CONTINUOUS
10
163.8195769999999811
20
-67.8763929999999931
11
163.8763929999999789
21
-67.76488599999999
0
LINE
8
BLACK
6
CONTINUOUS
10
163.8763929999999789
20
-67.76488599999999
11
163.9648859999999786
21
-67.6763929999999903
0
LINE
8
BLACK
6
CONTINUOUS
10
163.9648859999999786
20
-67.6763929999999903
11
164.0763929999999959
21
-67.6195769999999925
0
LINE
8
BLACK
6
CONTINUOUS
10
164.0763929999999959
20
-67.6195769999999925
11
164.1999999999999886
21
-67.5999999999999943
0
LINE
8
BLACK
6
CONTINUOUS
10
164.1999999999999886
20
-67.5999999999999943
11
164.3236069999999813
21
-67.6195769999999925
0
LINE
8
BLACK
6
CONTINUOUS
10
120.3497079999999926
20
-67.2361839999999944
11
120.4694299999999885
21
-67.3131249999999994
0
LINE
8
BLACK
6
CONTINUOUS
10
120.4694299999999885
20
-67.3131249999999994
11
120.562626999999992
21
-67.4206799999999902
0
LINE
8
BLACK
6
CONTINUOUS
10
120.562626999999992
20
-67.4206799999999902
11
120.6217459999999875
21
-67.5501339999999999
0
LINE
8
BLACK
6
CONTINUOUS
10
120.6217459999999875
20
-67.5501339999999999
11
120.6419999999999959
21
-67.6910000000000025
0
LINE
8
BLACK
6
CONTINUOUS
10
120.6419999999999959
20
-67.6910000000000025
11
120.6217459999999875
21
-67.8318659999999909
0
LINE
8
BLACK
6
CONTINUOUS
10
120.6217459999999875
20
-67.8318659999999909
11
120.562626999999992
21
-67.9613200000000006
0
LINE
8
BLACK
6
CONTINUOUS
10
120.562626999999992
20
-67.9613200000000006
11
120.4694299999999885
21
-68.0688749999999914
0
LINE
8
BLACK
6
CONTINUOUS
10
120.4694299999999885
20
-68.0688749999999914
11
120.3497079999999926
21
-68.1458159999999964
0
LINE
8
BLACK
6
CONTINUOUS
10
120.3497079999999926
20
-68.1458159999999964
11
120.2131569999999954
21
-68.1859109999999902
0
LINE
8
BLACK
6
CONTINUOUS
10
120.2131569999999954
20
-68.1859109999999902
11
120.0708429999999964
21
-68.1859109999999902
0
LINE
8
BLACK
6
CONTINUOUS
10
120.0708429999999964
20
-68.1859109999999902
11
119.9342919999999992
21
-68.1458159999999964
0
LINE
8
BLACK
6
CONTINUOUS
10
119.9342919999999992
20
-68.1458159999999964
11
119.8145699999999891
21
-68.0688749999999914
0
LINE
8
BLACK
6
CONTINUOUS
10
119.8145699999999891
20
-68.0688749999999914
11
119.7213729999999998
21
-67.9613200000000006
0
LINE
8
BLACK
6
CONTINUOUS
10
119.7213729999999998
20
-67.9613200000000006
11
119.6622539999999901
21
-67.8318659999999909
0
LINE
8
BLACK
6
CONTINUOUS
10
119.6622539999999901
20
-67.8318659999999909
11
119.6419999999999959
21
-67.6910000000000025
0
LINE
8
BLACK
6
CONTINUOUS
10
119.6419999999999959
20
-67.6910000000000025
11
119.6622539999999901
21
-67.5501339999999999
0
LINE
8
BLACK
6
CONTINUOUS
10
119.6622539999999901
20
-67.5501339999999999
11
119.7213729999999998
21
-67.4206799999999902
0
LINE
8
BLACK
6
CONTINUOUS
10
119.7213729999999998
20
-67.4206799999999902
11
119.8145699999999891
21
-67.3131249999999994
0
LINE
8
BLACK
6
CONTINUOUS
10
119.8145699999999891
20
-67.3131249999999994
11
119.9342919999999992
21
-67.2361839999999944
0
LINE
8
BLACK
6
CONTINUOUS
10
119.9342919999999992
20
-67.2361839999999944
11
120.0708429999999964
21
-67.1960890000000006
0
LINE
8
BLACK
6
CONTINUOUS
10
120.0708429999999964
20
-67.1960890000000006
11
120.2131569999999954
21
-67.1960890000000006
0
LINE
8
BLACK
6
CONTINUOUS
10
120.2131569999999954
20
-67.1960890000000006
11
120.3497079999999926
21
-67.2361839999999944
0
LINE
8
BLACK
6
CONTINUOUS
10
179.1037079999999833
20
-67.2361839999999944
11
179.2234299999999791
21
-67.3131249999999994
0
LINE
8
BLACK
6
CONTINUOUS
10
179.2234299999999791
20
-67.3131249999999994
11
179.3166269999999827
21
-67.4206799999999902
0
LINE
8
BLACK
6
CONTINUOUS
10
179.3166269999999827
20
-67.4206799999999902
11
179.3757459999999924
21
-67.5501339999999999
0
LINE
8
BLACK
6
CONTINUOUS
10
179.3757459999999924
20
-67.5501339999999999
11
179.3959999999999866
21
-67.6910000000000025
0
LINE
8
BLACK
6
CONTINUOUS
10
179.3959999999999866
20
-67.6910000000000025
11
179.3757459999999924
21
-67.8318659999999909
0
LINE
8
BLACK
6
CONTINUOUS
10
179.3757459999999924
20
-67.8318659999999909
11
179.3166269999999827
21
-67.9613200000000006
0
LINE
8
BLACK
6
CONTINUOUS
10
179.3166269999999827
20
-67.9613200000000006
11
179.2234299999999791
21
-68.0688749999999914
0
LINE
8
BLACK
6
CONTINUOUS
10
179.2234299999999791
20
-68.0688749999999914
11
179.1037079999999833
21
-68.1458159999999964
0
LINE
8
BLACK
6
CONTINUOUS
10
179.1037079999999833
20
-68.1458159999999964
11
178.9671569999999861
21
-68.1859109999999902
0
LINE
8
BLACK
6
CONTINUOUS
10
178.9671569999999861
20
-68.1859109999999902
11
178.8248429999999871
21
-68.1859109999999902
0
LINE
8
BLACK
6
CONTINUOUS
10
178.8248429999999871
20
-68.1859109999999902
11
178.6882919999999899
21
-68.1458159999999964
0
LINE
8
BLACK
6
CONTINUOUS
10
178.6882919999999899
20
-68.1458159999999964
11
178.568569999999994
21
-68.0688749999999914
0
LINE
8
BLACK
6
CONTINUOUS
10
178.568569999999994
20
-68.0688749999999914
11
178.4753729999999905
21
-67.9613200000000006
0
LINE
8
BLACK
6
CONTINUOUS
10
178.4753729999999905
20
-67.9613200000000006
11
178.4162539999999808
21
-67.8318659999999909
0
LINE
8
BLACK
6
CONTINUOUS
10
178.4162539999999808
20
-67.8318659999999909
11
178.3959999999999866
21
-67.6910000000000025
0
LINE
8
BLACK
6
CONTINUOUS
10
178.3959999999999866
20
-67.6910000000000025
11
178.4162539999999808
21
-67.5501339999999999
0
LINE
8
BLACK
6
CONTINUOUS
10
178.4162539999999808
20
-67.5501339999999999
11
178.4753729999999905
21
-67.4206799999999902
0
LINE
8
BLACK
6
CONTINUOUS
10
178.4753729999999905
20
-67.4206799999999902
11
178.568569999999994
21
-67.3131249999999994
0
LINE
8
BLACK
6
CONTINUOUS
10
178.568569999999994
20
-67.3131249999999994
11
178.6882919999999899
21
-67.2361839999999944
0
LINE
8
BLACK
6
CONTINUOUS
10
178.6882919999999899
20
-67.2361839999999944
11
178.8248429999999871
21
-67.1960890000000006
0
LINE
8
BLACK
6
CONTINUOUS
10
178.8248429999999871
20
-67.1960890000000006
11
178.9671569999999861
21
-67.1960890000000006
0
LINE
8
BLACK
6
CONTINUOUS
10
178.9671569999999861
20
-67.1960890000000006
11
179.1037079999999833
21
-67.2361839999999944
0
LINE
8
BLACK
6
CONTINUOUS
10
171.1236069999999927
20
-66.1195769999999925
11
171.2351139999999816
21
-66.1763929999999903
0
LINE
8
BLACK
6
CONTINUOUS
10
171.2351139999999816
20
-66.1763929999999903
11
171.3236069999999813
21
-66.26488599999999
0
LINE
8
BLACK
6
CONTINUOUS
10
171.3236069999999813
20
-66.26488599999999
11
171.3804229999999791
21
-66.3763929999999931
0
LINE
8
BLACK
6
CONTINUOUS
10
171.3804229999999791
20
-66.3763929999999931
11
171.4000000000000057
21
-66.5
0
LINE
8
BLACK
6
CONTINUOUS
10
171.4000000000000057
20
-66.5
11
171.3804229999999791
21
-66.6236069999999927
0
LINE
8
BLACK
6
CONTINUOUS
10
171.3804229999999791
20
-66.6236069999999927
11
171.3236069999999813
21
-66.7351139999999958
0
LINE
8
BLACK
6
CONTINUOUS
10
171.3236069999999813
20
-66.7351139999999958
11
171.25
21
-66.8087209999999914
0
LINE
8
BLACK
6
CONTINUOUS
10
171.25
20
-66.8087209999999914
11
171.25
21
-67.102485999999999
0
LINE
8
BLACK
6
CONTINUOUS
10
171.25
20
-67.102485999999999
11
171.3283869999999922
21
-67.1180789999999945
0
LINE
8
BLACK
6
CONTINUOUS
10
171.3283869999999922
20
-67.1180789999999945
11
171.4054380000000037
21
-67.1695619999999991
0
LINE
8
BLACK
6
CONTINUOUS
10
171.4054380000000037
20
-67.1695619999999991
11
171.4569209999999941
21
-67.2466129999999964
0
LINE
8
BLACK
6
CONTINUOUS
10
171.4569209999999941
20
-67.2466129999999964
11
171.4749999999999943
21
-67.3374999999999915
0
LINE
8
BLACK
6
CONTINUOUS
10
171.4749999999999943
20
-67.3374999999999915
11
171.4749999999999943
21
-67.9375
0
LINE
8
BLACK
6
CONTINUOUS
10
171.4749999999999943
20
-67.9375
11
171.4569209999999941
21
-68.0283869999999951
0
LINE
8
BLACK
6
CONTINUOUS
10
171.4569209999999941
20
-68.0283869999999951
11
171.4054380000000037
21
-68.1054379999999924
0
LINE
8
BLACK
6
CONTINUOUS
10
171.4054380000000037
20
-68.1054379999999924
11
171.3283869999999922
21
-68.156920999999997
0
LINE
8
BLACK
6
CONTINUOUS
10
171.3283869999999922
20
-68.156920999999997
11
171.2374999999999829
21
-68.1749999999999972
0
LINE
8
BLACK
6
CONTINUOUS
10
171.2374999999999829
20
-68.1749999999999972
11
170.7624999999999886
21
-68.1749999999999972
0
LINE
8
BLACK
6
CONTINUOUS
10
170.7624999999999886
20
-68.1749999999999972
11
170.6716129999999794
21
-68.156920999999997
0
LINE
8
BLACK
6
CONTINUOUS
10
170.6716129999999794
20
-68.156920999999997
11
170.5945619999999963
21
-68.1054379999999924
0
LINE
8
BLACK
6
CONTINUOUS
10
170.5945619999999963
20
-68.1054379999999924
11
170.5430790000000059
21
-68.0283869999999951
0
LINE
8
BLACK
6
CONTINUOUS
10
170.5430790000000059
20
-68.0283869999999951
11
170.5250000000000057
21
-67.9375
0
LINE
8
BLACK
6
CONTINUOUS
10
170.5250000000000057
20
-67.9375
11
170.5250000000000057
21
-67.8875000000000028
0
LINE
8
BLACK
6
CONTINUOUS
10
170.5250000000000057
20
-67.8875000000000028
11
169.9749999999999943
21
-67.8875000000000028
0
LINE
8
BLACK
6
CONTINUOUS
10
169.9749999999999943
20
-67.8875000000000028
11
169.9749999999999943
21
-67.9375
0
LINE
8
BLACK
6
CONTINUOUS
10
169.9749999999999943
20
-67.9375
11
169.9569209999999941
21
-68.0283869999999951
0
LINE
8
BLACK
6
CONTINUOUS
10
169.9569209999999941
20
-68.0283869999999951
11
169.9054380000000037
21
-68.1054379999999924
0
LINE
8
BLACK
6
CONTINUOUS
10
169.9054380000000037
20
-68.1054379999999924
11
169.8283869999999922
21
-68.156920999999997
0
LINE
8
BLACK
6
CONTINUOUS
10
169.8283869999999922
20
-68.156920999999997
11
169.7374999999999829
21
-68.1749999999999972
0
LINE
8
BLACK
6
CONTINUOUS
10
169.7374999999999829
20
-68.1749999999999972
11
169.2624999999999886
21
-68.1749999999999972
0
LINE
8
BLACK
6
CONTINUOUS
10
169.2624999999999886
20
-68.1749999999999972
11
169.1716129999999794
21
-68.156920999999997
0
LINE
8
BLACK
6
CONTINUOUS
10
169.1716129999999794
20
-68.156920999999997
11
169.0945619999999963
21
-68.1054379999999924
0
LINE
8
BLACK
6
CONTINUOUS
10
169.0945619999999963
20
-68.1054379999999924
11
169.0430790000000059
21
-68.0283869999999951
0
LINE
8
BLACK
6
CONTINUOUS
10
169.0430790000000059
20
-68.0283869999999951
11
169.0250000000000057
21
-67.9375
0
LINE
8
BLACK
6
CONTINUOUS
10
169.0250000000000057
20
-67.9375
11
169.0250000000000057
21
-67.3374999999999915
0
LINE
8
BLACK
6
CONTINUOUS
10
169.0250000000000057
20
-67.3374999999999915
11
169.0430790000000059
21
-67.2466129999999964
0
LINE
8
BLACK
6
CONTINUOUS
10
169.0430790000000059
20
-67.2466129999999964
11
169.0945619999999963
21
-67.1695619999999991
0
LINE
8
BLACK
6
CONTINUOUS
10
169.0945619999999963
20
-67.1695619999999991
11
169.1716129999999794
21
-67.1180789999999945
0
LINE
8
BLACK
6
CONTINUOUS
10
169.1716129999999794
20
-67.1180789999999945
11
169.2624999999999886
21
-67.0999999999999943
0
LINE
8
BLACK
6
CONTINUOUS
10
169.2624999999999886
20
-67.0999999999999943
11
169.7374999999999829
21
-67.0999999999999943
0
LINE
8
BLACK
6
CONTINUOUS
10
169.7374999999999829
20
-67.0999999999999943
11
169.8283869999999922
21
-67.1180789999999945
0
LINE
8
BLACK
6
CONTINUOUS
10
169.8283869999999922
20
-67.1180789999999945
11
169.9054380000000037
21
-67.1695619999999991
0
LINE
8
BLACK
6
CONTINUOUS
10
169.9054380000000037
20
-67.1695619999999991
11
169.9569209999999941
21
-67.2466129999999964
0
LINE
8
BLACK
6
CONTINUOUS
10
169.9569209999999941
20
-67.2466129999999964
11
169.9749999999999943
21
-67.3374999999999915
0
LINE
8
BLACK
6
CONTINUOUS
10
169.9749999999999943
20
-67.3374999999999915
11
169.9749999999999943
21
-67.3875000000000028
0
LINE
8
BLACK
6
CONTINUOUS
10
169.9749999999999943
20
-67.3875000000000028
11
170.5250000000000057
21
-67.3875000000000028
0
LINE
8
BLACK
6
CONTINUOUS
10
170.5250000000000057
20
-67.3875000000000028
11
170.5250000000000057
21
-67.3374999999999915
0
LINE
8
BLACK
6
CONTINUOUS
10
170.5250000000000057
20
-67.3374999999999915
11
170.5430790000000059
21
-67.2466129999999964
0
LINE
8
BLACK
6
CONTINUOUS
10
170.5430790000000059
20
-67.2466129999999964
11
170.5945619999999963
21
-67.1695619999999991
0
LINE
8
BLACK
6
CONTINUOUS
10
170.5945619999999963
20
-67.1695619999999991
11
170.6716129999999794
21
-67.1180789999999945
0
LINE
8
BLACK
6
CONTINUOUS
10
170.6716129999999794
20
-67.1180789999999945
11
170.75
21
-67.102485999999999
0
LINE
8
BLACK
6
CONTINUOUS
10
170.75
20
-67.102485999999999
11
170.75
21
-66.8087209999999914
0
LINE
8
BLACK
6
CONTINUOUS
10
170.75
20
-66.8087209999999914
11
170.6763929999999903
21
-66.7351139999999958
0
LINE
8
BLACK
6
CONTINUOUS
10
170.6763929999999903
20
-66.7351139999999958
11
170.6195769999999925
21
-66.6236069999999927
0
LINE
8
BLACK
6
CONTINUOUS
10
170.6195769999999925
20
-66.6236069999999927
11
170.5999999999999943
21
-66.5
0
LINE
8
BLACK
6
CONTINUOUS
10
170.5999999999999943
20
-66.5
11
170.6195769999999925
21
-66.3763929999999931
0
LINE
8
BLACK
6
CONTINUOUS
10
170.6195769999999925
20
-66.3763929999999931
11
170.6763929999999903
21
-66.26488599999999
0
LINE
8
BLACK
6
CONTINUOUS
10
170.6763929999999903
20
-66.26488599999999
11
170.76488599999999
21
-66.1763929999999903
0
LINE
8
BLACK
6
CONTINUOUS
10
170.76488599999999
20
-66.1763929999999903
11
170.8763929999999789
21
-66.1195769999999925
0
LINE
8
BLACK
6
CONTINUOUS
10
170.8763929999999789
20
-66.1195769999999925
11
171.
21
-66.0999999999999943
0
LINE
8
BLACK
6
CONTINUOUS
10
171.
20
-66.0999999999999943
11
171.1236069999999927
21
-66.1195769999999925
0
LINE
8
BLACK
6
CONTINUOUS
10
169.6236069999999927
20
-65.6195769999999925
11
169.7351139999999816
21
-65.6763929999999903
0
LINE
8
BLACK
6
CONTINUOUS
10
169.7351139999999816
20
-65.6763929999999903
11
169.8236069999999813
21
-65.76488599999999
0
LINE
8
BLACK
6
CONTINUOUS
10
169.8236069999999813
20
-65.76488599999999
11
169.8804229999999791
21
-65.8763929999999931
0
LINE
8
BLACK
6
CONTINUOUS
10
169.8804229999999791
20
-65.8763929999999931
11
169.9000000000000057
21
-66.
0
LINE
8
BLACK
6
CONTINUOUS
10
169.9000000000000057
20
-66.
11
169.8804229999999791
21
-66.1236069999999927
0
LINE
8
BLACK
6
CONTINUOUS
10
169.8804229999999791
20
-66.1236069999999927
11
169.8236069999999813
21
-66.2351139999999958
0
LINE
8
BLACK
6
CONTINUOUS
10
169.8236069999999813
20
-66.2351139999999958
11
169.7351139999999816
21
-66.3236069999999955
0
LINE
8
BLACK
6
CONTINUOUS
10
169.7351139999999816
20
-66.3236069999999955
11
169.6236069999999927
21
-66.3804229999999933
0
LINE
8
BLACK
6
CONTINUOUS
10
169.6236069999999927
20
-66.3804229999999933
11
169.5
21
-66.3999999999999915
0
LINE
8
BLACK
6
CONTINUOUS
10
169.5
20
-66.3999999999999915
11
169.3763929999999789
21
-66.3804229999999933
0
LINE
8
BLACK
6
CONTINUOUS
10
169.3763929999999789
20
-66.3804229999999933
11
169.26488599999999
21
-66.3236069999999955
0
LINE
8
BLACK
6
CONTINUOUS
10
169.26488599999999
20
-66.3236069999999955
11
169.1912789999999802
21
-66.25
0
LINE
8
BLACK
6
CONTINUOUS
10
169.1912789999999802
20
-66.25
11
168.6035540000000026
21
-66.25
0
LINE
8
BLACK
6
CONTINUOUS
10
168.6035540000000026
20
-66.25
11
168.25
21
-66.6035540000000026
0
LINE
8
BLACK
6
CONTINUOUS
10
168.25
20
-66.6035540000000026
11
168.25
21
-67.102485999999999
0
LINE
8
BLACK
6
CONTINUOUS
10
168.25
20
-67.102485999999999
11
168.3283869999999922
21
-67.1180789999999945
0
LINE
8
BLACK
6
CONTINUOUS
10
168.3283869999999922
20
-67.1180789999999945
11
168.4054380000000037
21
-67.1695619999999991
0
LINE
8
BLACK
6
CONTINUOUS
10
168.4054380000000037
20
-67.1695619999999991
11
168.4569209999999941
21
-67.2466129999999964
0
LINE
8
BLACK
6
CONTINUOUS
10
168.4569209999999941
20
-67.2466129999999964
11
168.4749999999999943
21
-67.3374999999999915
0
LINE
8
BLACK
6
CONTINUOUS
10
168.4749999999999943
20
-67.3374999999999915
11
168.4749999999999943
21
-67.8374999999999915
0
LINE
8
BLACK
6
CONTINUOUS
10
168.4749999999999943
20
-67.8374999999999915
11
168.4569209999999941
21
-67.9283870000000007
0
LINE
8
BLACK
6
CONTINUOUS
10
168.4569209999999941
20
-67.9283870000000007
11
168.4054380000000037
21
-68.0054379999999981
0
LINE
8
BLACK
6
CONTINUOUS
10
168.4054380000000037
20
-68.0054379999999981
11
168.3283869999999922
21
-68.0569210000000027
0
LINE
8
BLACK
6
CONTINUOUS
10
168.3283869999999922
20
-68.0569210000000027
11
168.2374999999999829
21
-68.0750000000000028
0
LINE
8
BLACK
6
CONTINUOUS
10
168.2374999999999829
20
-68.0750000000000028
11
167.7624999999999886
21
-68.0750000000000028
0
LINE
8
BLACK
6
CONTINUOUS
10
167.7624999999999886
20
-68.0750000000000028
11
167.6716129999999794
21
-68.0569210000000027
0
LINE
8
BLACK
6
CONTINUOUS
10
167.6716129999999794
20
-68.0569210000000027
11
167.5945619999999963
21
-68.0054379999999981
0
LINE
8
BLACK
6
CONTINUOUS
10
167.5945619999999963
20
-68.0054379999999981
11
167.5430790000000059
21
-67.9283870000000007
0
LINE
8
BLACK
6
CONTINUOUS
10
167.5430790000000059
20
-67.9283870000000007
11
167.5250000000000057
21
-67.8374999999999915
0
LINE
8
BLACK
6
CONTINUOUS
10
167.5250000000000057
20
-67.8374999999999915
11
167.5250000000000057
21
-67.3374999999999915
0
LINE
8
BLACK
6
CONTINUOUS
10
167.5250000000000057
20
-67.3374999999999915
11
167.5430790000000059
21
-67.2466129999999964
0
LINE
8
BLACK
6
CONTINUOUS
10
167.5430790000000059
20
-67.2466129999999964
11
167.5945619999999963
21
-67.1695619999999991
0
LINE
8
BLACK
6
CONTINUOUS
10
167.5945619999999963
20
-67.1695619999999991
11
167.6716129999999794
21
-67.1180789999999945
0
LINE
8
BLACK
6
CONTINUOUS
10
167.6716129999999794
20
-67.1180789999999945
11
167.75
21
-67.102485999999999
0
LINE
8
BLACK
6
CONTINUOUS
10
167.75
20
-67.102485999999999
11
167.75
21
-66.5
0
LINE
8
BLACK
6
CONTINUOUS
10
167.75
20
-66.5
11
167.7548039999999787
21
-66.4512270000000029
0
LINE
8
BLACK
6
CONTINUOUS
10
167.7548039999999787
20
-66.4512270000000029
11
167.7921329999999784
21
-66.3611070000000041
0
LINE
8
BLACK
6
CONTINUOUS
10
167.7921329999999784
20
-66.3611070000000041
11
167.7921369999999968
21
-66.3611020000000025
0
LINE
8
BLACK
6
CONTINUOUS
10
167.7921369999999968
20
-66.3611020000000025
11
167.8232229999999845
21
-66.3232229999999987
0
LINE
8
BLACK
6
CONTINUOUS
10
167.8232229999999845
20
-66.3232229999999987
11
168.3232229999999845
21
-65.8232229999999987
0
LINE
8
BLACK
6
CONTINUOUS
10
168.3232229999999845
20
-65.8232229999999987
11
168.3611080000000015
21
-65.7921319999999952
0
LINE
8
BLACK
6
CONTINUOUS
10
168.3611080000000015
20
-65.7921319999999952
11
168.4512279999999862
21
-65.7548029999999954
0
LINE
8
BLACK
6
CONTINUOUS
10
168.4512279999999862
20
-65.7548029999999954
11
168.4512369999999919
21
-65.7548029999999954
0
LINE
8
BLACK
6
CONTINUOUS
10
168.4512369999999919
20
-65.7548029999999954
11
168.5
21
-65.75
0
LINE
8
BLACK
6
CONTINUOUS
10
168.5
20
-65.75
11
169.1912789999999802
21
-65.75
0
LINE
8
BLACK
6
CONTINUOUS
10
169.1912789999999802
20
-65.75
11
169.26488599999999
21
-65.6763929999999903
0
LINE
8
BLACK
6
CONTINUOUS
10
169.26488599999999
20
-65.6763929999999903
11
169.3763929999999789
21
-65.6195769999999925
0
LINE
8
BLACK
6
CONTINUOUS
10
169.3763929999999789
20
-65.6195769999999925
11
169.5
21
-65.5999999999999943
0
LINE
8
BLACK
6
CONTINUOUS
10
169.5
20
-65.5999999999999943
11
169.6236069999999927
21
-65.6195769999999925
0
LINE
8
BLACK
6
CONTINUOUS
10
172.8283869999999922
20
-67.1180789999999945
11
172.9054380000000037
21
-67.1695619999999991
0
LINE
8
BLACK
6
CONTINUOUS
10
172.9054380000000037
20
-67.1695619999999991
11
172.9569209999999941
21
-67.2466129999999964
0
LINE
8
BLACK
6
CONTINUOUS
10
172.9569209999999941
20
-67.2466129999999964
11
172.9749999999999943
21
-67.3374999999999915
0
LINE
8
BLACK
6
CONTINUOUS
10
172.9749999999999943
20
-67.3374999999999915
11
173.103779000000003
21
-67.3374999999999915
0
LINE
8
BLACK
6
CONTINUOUS
10
173.103779000000003
20
-67.3374999999999915
11
173.1773859999999843
21
-67.2638929999999959
0
LINE
8
BLACK
6
CONTINUOUS
10
173.1773859999999843
20
-67.2638929999999959
11
173.2888930000000016
21
-67.2070769999999982
0
LINE
8
BLACK
6
CONTINUOUS
10
173.2888930000000016
20
-67.2070769999999982
11
173.4124999999999943
21
-67.1875
0
LINE
8
BLACK
6
CONTINUOUS
10
173.4124999999999943
20
-67.1875
11
173.536106999999987
21
-67.2070769999999982
0
LINE
8
BLACK
6
CONTINUOUS
10
173.536106999999987
20
-67.2070769999999982
11
173.6476140000000044
21
-67.2638929999999959
0
LINE
8
BLACK
6
CONTINUOUS
10
173.6476140000000044
20
-67.2638929999999959
11
173.7361070000000041
21
-67.3523859999999956
0
LINE
8
BLACK
6
CONTINUOUS
10
173.7361070000000041
20
-67.3523859999999956
11
173.7929230000000018
21
-67.4638929999999988
0
LINE
8
BLACK
6
CONTINUOUS
10
173.7929230000000018
20
-67.4638929999999988
11
173.8125
21
-67.5874999999999915
0
LINE
8
BLACK
6
CONTINUOUS
10
173.8125
20
-67.5874999999999915
11
173.7929230000000018
21
-67.7111069999999984
0
LINE
8
BLACK
6
CONTINUOUS
10
173.7929230000000018
20
-67.7111069999999984
11
173.7361070000000041
21
-67.8226140000000015
0
LINE
8
BLACK
6
CONTINUOUS
10
173.7361070000000041
20
-67.8226140000000015
11
173.6476140000000044
21
-67.9111070000000012
0
LINE
8
BLACK
6
CONTINUOUS
10
173.6476140000000044
20
-67.9111070000000012
11
173.536106999999987
21
-67.967922999999999
0
LINE
8
BLACK
6
CONTINUOUS
10
173.536106999999987
20
-67.967922999999999
11
173.4124999999999943
21
-67.9874999999999972
0
LINE
8
BLACK
6
CONTINUOUS
10
173.4124999999999943
20
-67.9874999999999972
11
173.2888930000000016
21
-67.967922999999999
0
LINE
8
BLACK
6
CONTINUOUS
10
173.2888930000000016
20
-67.967922999999999
11
173.1773859999999843
21
-67.9111070000000012
0
LINE
8
BLACK
6
CONTINUOUS
10
173.1773859999999843
20
-67.9111070000000012
11
173.103779000000003
21
-67.8374999999999915
0
LINE
8
BLACK
6
CONTINUOUS
10
173.103779000000003
20
-67.8374999999999915
11
172.9749999999999943
21
-67.8374999999999915
0
LINE
8
BLACK
6
CONTINUOUS
10
172.9749999999999943
20
-67.8374999999999915
11
172.9569209999999941
21
-67.9283870000000007
0
LINE
8
BLACK
6
CONTINUOUS
10
172.9569209999999941
20
-67.9283870000000007
11
172.9054380000000037
21
-68.0054379999999981
0
LINE
8
BLACK
6
CONTINUOUS
10
172.9054380000000037
20
-68.0054379999999981
11
172.8283869999999922
21
-68.0569210000000027
0
LINE
8
BLACK
6
CONTINUOUS
10
172.8283869999999922
20
-68.0569210000000027
11
172.7374999999999829
21
-68.0750000000000028
0
LINE
8
BLACK
6
CONTINUOUS
10
172.7374999999999829
20
-68.0750000000000028
11
172.2624999999999886
21
-68.0750000000000028
0
LINE
8
BLACK
6
CONTINUOUS
10
172.2624999999999886
20
-68.0750000000000028
11
172.1716129999999794
21
-68.0569210000000027
0
LINE
8
BLACK
6
CONTINUOUS
10
172.1716129999999794
20
-68.0569210000000027
11
172.0945619999999963
21
-68.0054379999999981
0
LINE
8
BLACK
6
CONTINUOUS
10
172.0945619999999963
20
-68.0054379999999981
11
172.0430790000000059
21
-67.9283870000000007
0
LINE
8
BLACK
6
CONTINUOUS
10
172.0430790000000059
20
-67.9283870000000007
11
172.0250000000000057
21
-67.8374999999999915
0
LINE
8
BLACK
6
CONTINUOUS
10
172.0250000000000057
20
-67.8374999999999915
11
172.0250000000000057
21
-67.3374999999999915
0
LINE
8
BLACK
6
CONTINUOUS
10
172.0250000000000057
20
-67.3374999999999915
11
172.0430790000000059
21
-67.2466129999999964
0
LINE
8
BLACK
6
CONTINUOUS
10
172.0430790000000059
20
-67.2466129999999964
11
172.0945619999999963
21
-67.1695619999999991
0
LINE
8
BLACK
6
CONTINUOUS
10
172.0945619999999963
20
-67.1695619999999991
11
172.1716129999999794
21
-67.1180789999999945
0
LINE
8
BLACK
6
CONTINUOUS
10
172.1716129999999794
20
-67.1180789999999945
11
172.2624999999999886
21
-67.0999999999999943
0
LINE
8
BLACK
6
CONTINUOUS
10
172.2624999999999886
20
-67.0999999999999943
11
172.7374999999999829
21
-67.0999999999999943
0
LINE
8
BLACK
6
CONTINUOUS
10
172.7374999999999829
20
-67.0999999999999943
11
172.8283869999999922
21
-67.1180789999999945
0
LINE
8
BLACK
6
CONTINUOUS
10
126.0361070000000012
20
-67.2070769999999982
11
126.1476139999999901
21
-67.2638929999999959
0
LINE
8
BLACK
6
CONTINUOUS
10
126.1476139999999901
20
-67.2638929999999959
11
126.2361069999999899
21
-67.3523859999999956
0
LINE
8
BLACK
6
CONTINUOUS
10
126.2361069999999899
20
-67.3523859999999956
11
126.2929229999999876
21
-67.4638929999999988
0
LINE
8
BLACK
6
CONTINUOUS
10
126.2929229999999876
20
-67.4638929999999988
11
126.3125
21
-67.5874999999999915
0
LINE
8
BLACK
6
CONTINUOUS
10
126.3125
20
-67.5874999999999915
11
126.2929229999999876
21
-67.7111069999999984
0
LINE
8
BLACK
6
CONTINUOUS
10
126.2929229999999876
20
-67.7111069999999984
11
126.2361069999999899
21
-67.8226140000000015
0
LINE
8
BLACK
6
CONTINUOUS
10
126.2361069999999899
20
-67.8226140000000015
11
126.1476139999999901
21
-67.9111070000000012
0
LINE
8
BLACK
6
CONTINUOUS
10
126.1476139999999901
20
-67.9111070000000012
11
126.0361070000000012
21
-67.967922999999999
0
LINE
8
BLACK
6
CONTINUOUS
10
126.0361070000000012
20
-67.967922999999999
11
125.9124999999999943
21
-67.9874999999999972
0
LINE
8
BLACK
6
CONTINUOUS
10
125.9124999999999943
20
-67.9874999999999972
11
125.7888929999999874
21
-67.967922999999999
0
LINE
8
BLACK
6
CONTINUOUS
10
125.7888929999999874
20
-67.967922999999999
11
125.6773859999999985
21
-67.9111070000000012
0
LINE
8
BLACK
6
CONTINUOUS
10
125.6773859999999985
20
-67.9111070000000012
11
125.5888929999999988
21
-67.8226140000000015
0
LINE
8
BLACK
6
CONTINUOUS
10
125.5888929999999988
20
-67.8226140000000015
11
125.532077000000001
21
-67.7111069999999984
0
LINE
8
BLACK
6
CONTINUOUS
10
125.532077000000001
20
-67.7111069999999984
11
125.5124999999999886
21
-67.5874999999999915
0
LINE
8
BLACK
6
CONTINUOUS
10
125.5124999999999886
20
-67.5874999999999915
11
125.532077000000001
21
-67.4638929999999988
0
LINE
8
BLACK
6
CONTINUOUS
10
125.532077000000001
20
-67.4638929999999988
11
125.5888929999999988
21
-67.3523859999999956
0
LINE
8
BLACK
6
CONTINUOUS
10
125.5888929999999988
20
-67.3523859999999956
11
125.6773859999999985
21
-67.2638929999999959
0
LINE
8
BLACK
6
CONTINUOUS
10
125.6773859999999985
20
-67.2638929999999959
11
125.7888929999999874
21
-67.2070769999999982
0
LINE
8
BLACK
6
CONTINUOUS
10
125.7888929999999874
20
-67.2070769999999982
11
125.9124999999999943
21
-67.1875
0
LINE
8
BLACK
6
CONTINUOUS
10
125.9124999999999943
20
-67.1875
11
126.0361070000000012
21
-67.2070769999999982
0
LINE
8
BLACK
6
CONTINUOUS
10
132.2111069999999984
20
-67.2070769999999982
11
132.3226139999999873
21
-67.2638929999999959
0
LINE
8
BLACK
6
CONTINUOUS
10
132.3226139999999873
20
-67.2638929999999959
11
132.411106999999987
21
-67.3523859999999956
0
LINE
8
BLACK
6
CONTINUOUS
10
132.411106999999987
20
-67.3523859999999956
11
132.4679229999999848
21
-67.4638929999999988
0
LINE
8
BLACK
6
CONTINUOUS
10
132.4679229999999848
20
-67.4638929999999988
11
132.4874999999999829
21
-67.5874999999999915
0
LINE
8
BLACK
6
CONTINUOUS
10
132.4874999999999829
20
-67.5874999999999915
11
132.4679229999999848
21
-67.7111069999999984
0
LINE
8
BLACK
6
CONTINUOUS
10
132.4679229999999848
20
-67.7111069999999984
11
132.411106999999987
21
-67.8226140000000015
0
LINE
8
BLACK
6
CONTINUOUS
10
132.411106999999987
20
-67.8226140000000015
11
132.3226139999999873
21
-67.9111070000000012
0
LINE
8
BLACK
6
CONTINUOUS
10
132.3226139999999873
20
-67.9111070000000012
11
132.2111069999999984
21
-67.967922999999999
0
LINE
8
BLACK
6
CONTINUOUS
10
132.2111069999999984
20
-67.967922999999999
11
132.0875000000000057
21
-67.9874999999999972
0
LINE
8
BLACK
6
CONTINUOUS
10
132.0875000000000057
20
-67.9874999999999972
11
131.9638929999999846
21
-67.967922999999999
0
LINE
8
BLACK
6
CONTINUOUS
10
131.9638929999999846
20
-67.967922999999999
11
131.8523859999999956
21
-67.9111070000000012
0
LINE
8
BLACK
6
CONTINUOUS
10
131.8523859999999956
20
-67.9111070000000012
11
131.7638929999999959
21
-67.8226140000000015
0
LINE
8
BLACK
6
CONTINUOUS
10
131.7638929999999959
20
-67.8226140000000015
11
131.7070769999999982
21
-67.7111069999999984
0
LINE
8
BLACK
6
CONTINUOUS
10
131.7070769999999982
20
-67.7111069999999984
11
131.6875
21
-67.5874999999999915
0
LINE
8
BLACK
6
CONTINUOUS
10
131.6875
20
-67.5874999999999915
11
131.7070769999999982
21
-67.4638929999999988
0
LINE
8
BLACK
6
CONTINUOUS
10
131.7070769999999982
20
-67.4638929999999988
11
131.7638929999999959
21
-67.3523859999999956
0
LINE
8
BLACK
6
CONTINUOUS
10
131.7638929999999959
20
-67.3523859999999956
11
131.8523859999999956
21
-67.2638929999999959
0
LINE
8
BLACK
6
CONTINUOUS
10
131.8523859999999956
20
-67.2638929999999959
11
131.9638929999999846
21
-67.2070769999999982
0
LINE
8
BLACK
6
CONTINUOUS
10
131.9638929999999846
20
-67.2070769999999982
11
132.0875000000000057
21
-67.1875
0
LINE
8
BLACK
6
CONTINUOUS
10
132.0875000000000057
20
-67.1875
11
132.2111069999999984
21
-67.2070769999999982
0
LINE
8
BLACK
6
CONTINUOUS
10
160.9056070000000034
20
-67.1835769999999997
11
161.0171139999999923
21
-67.2403929999999974
0
LINE
8
BLACK
6
CONTINUOUS
10
161.0171139999999923
20
-67.2403929999999974
11
161.105606999999992
21
-67.3288859999999971
0
LINE
8
BLACK
6
CONTINUOUS
10
161.105606999999992
20
-67.3288859999999971
11
161.1624229999999898
21
-67.4403930000000003
0
LINE
8
BLACK
6
CONTINUOUS
10
161.1624229999999898
20
-67.4403930000000003
11
161.1819999999999879
21
-67.563999999999993
0
LINE
8
BLACK
6
CONTINUOUS
10
161.1819999999999879
20
-67.563999999999993
11
161.1624229999999898
21
-67.6876069999999999
0
LINE
8
BLACK
6
CONTINUOUS
10
161.1624229999999898
20
-67.6876069999999999
11
161.105606999999992
21
-67.799114000000003
0
LINE
8
BLACK
6
CONTINUOUS
10
161.105606999999992
20
-67.799114000000003
11
161.0171139999999923
21
-67.8876070000000027
0
LINE
8
BLACK
6
CONTINUOUS
10
161.0171139999999923
20
-67.8876070000000027
11
160.9056070000000034
21
-67.9444230000000005
0
LINE
8
BLACK
6
CONTINUOUS
10
160.9056070000000034
20
-67.9444230000000005
11
160.7819999999999823
21
-67.9639999999999986
0
LINE
8
BLACK
6
CONTINUOUS
10
160.7819999999999823
20
-67.9639999999999986
11
160.6583929999999896
21
-67.9444230000000005
0
LINE
8
BLACK
6
CONTINUOUS
10
160.6583929999999896
20
-67.9444230000000005
11
160.5468860000000006
21
-67.8876070000000027
0
LINE
8
BLACK
6
CONTINUOUS
10
160.5468860000000006
20
-67.8876070000000027
11
160.4583930000000009
21
-67.799114000000003
0
LINE
8
BLACK
6
CONTINUOUS
10
160.4583930000000009
20
-67.799114000000003
11
160.4015770000000032
21
-67.6876069999999999
0
LINE
8
BLACK
6
CONTINUOUS
10
160.4015770000000032
20
-67.6876069999999999
11
160.382000000000005
21
-67.563999999999993
0
LINE
8
BLACK
6
CONTINUOUS
10
160.382000000000005
20
-67.563999999999993
11
160.4015770000000032
21
-67.4403930000000003
0
LINE
8
BLACK
6
CONTINUOUS
10
160.4015770000000032
20
-67.4403930000000003
11
160.4583930000000009
21
-67.3288859999999971
0
LINE
8
BLACK
6
CONTINUOUS
10
160.4583930000000009
20
-67.3288859999999971
11
160.5468860000000006
21
-67.2403929999999974
0
LINE
8
BLACK
6
CONTINUOUS
10
160.5468860000000006
20
-67.2403929999999974
11
160.6583929999999896
21
-67.1835769999999997
0
LINE
8
BLACK
6
CONTINUOUS
10
160.6583929999999896
20
-67.1835769999999997
11
160.7819999999999823
21
-67.1640000000000015
0
LINE
8
BLACK
6
CONTINUOUS
10
160.7819999999999823
20
-67.1640000000000015
11
160.9056070000000034
21
-67.1835769999999997
0
LINE
8
BLACK
6
CONTINUOUS
10
139.8236069999999813
20
-65.6595769999999987
11
139.9351139999999987
21
-65.7163929999999965
0
LINE
8
BLACK
6
CONTINUOUS
10
139.9351139999999987
20
-65.7163929999999965
11
140.0236069999999984
21
-65.8048859999999962
0
LINE
8
BLACK
6
CONTINUOUS
10
140.0236069999999984
20
-65.8048859999999962
11
140.0804229999999961
21
-65.9163929999999993
0
LINE
8
BLACK
6
CONTINUOUS
10
140.0804229999999961
20
-65.9163929999999993
11
140.0999999999999943
21
-66.039999999999992
0
LINE
8
BLACK
6
CONTINUOUS
10
140.0999999999999943
20
-66.039999999999992
11
140.0804229999999961
21
-66.1636069999999989
0
LINE
8
BLACK
6
CONTINUOUS
10
140.0804229999999961
20
-66.1636069999999989
11
140.0534059999999954
21
-66.2166289999999975
0
LINE
8
BLACK
6
CONTINUOUS
10
140.0534059999999954
20
-66.2166289999999975
11
140.2597769999999855
21
-66.4230000000000018
0
LINE
8
BLACK
6
CONTINUOUS
10
140.2597769999999855
20
-66.4230000000000018
11
140.3319999999999936
21
-66.4230000000000018
0
LINE
8
BLACK
6
CONTINUOUS
10
140.3319999999999936
20
-66.4230000000000018
11
140.3319999999999936
21
-66.3104999999999905
0
LINE
8
BLACK
6
CONTINUOUS
10
140.3319999999999936
20
-66.3104999999999905
11
140.3500789999999938
21
-66.2196129999999954
0
LINE
8
BLACK
6
CONTINUOUS
10
140.3500789999999938
20
-66.2196129999999954
11
140.4015619999999842
21
-66.1425619999999981
0
LINE
8
BLACK
6
CONTINUOUS
10
140.4015619999999842
20
-66.1425619999999981
11
140.4786129999999957
21
-66.0910789999999935
0
LINE
8
BLACK
6
CONTINUOUS
10
140.4786129999999957
20
-66.0910789999999935
11
140.569500000000005
21
-66.0729999999999933
0
LINE
8
BLACK
6
CONTINUOUS
10
140.569500000000005
20
-66.0729999999999933
11
141.1694999999999993
21
-66.0729999999999933
0
LINE
8
BLACK
6
CONTINUOUS
10
141.1694999999999993
20
-66.0729999999999933
11
141.2603869999999802
21
-66.0910789999999935
0
LINE
8
BLACK
6
CONTINUOUS
10
141.2603869999999802
20
-66.0910789999999935
11
141.3374379999999917
21
-66.1425619999999981
0
LINE
8
BLACK
6
CONTINUOUS
10
141.3374379999999917
20
-66.1425619999999981
11
141.3889209999999821
21
-66.2196129999999954
0
LINE
8
BLACK
6
CONTINUOUS
10
141.3889209999999821
20
-66.2196129999999954
11
141.4069999999999823
21
-66.3104999999999905
0
LINE
8
BLACK
6
CONTINUOUS
10
141.4069999999999823
20
-66.3104999999999905
11
141.4069999999999823
21
-66.785499999999999
0
LINE
8
BLACK
6
CONTINUOUS
10
141.4069999999999823
20
-66.785499999999999
11
141.3889209999999821
21
-66.876386999999994
0
LINE
8
BLACK
6
CONTINUOUS
10
141.3889209999999821
20
-66.876386999999994
11
141.3374379999999917
21
-66.9534379999999913
0
LINE
8
BLACK
6
CONTINUOUS
10
141.3374379999999917
20
-66.9534379999999913
11
141.2603869999999802
21
-67.004920999999996
0
LINE
8
BLACK
6
CONTINUOUS
10
141.2603869999999802
20
-67.004920999999996
11
141.1694999999999993
21
-67.0229999999999961
0
LINE
8
BLACK
6
CONTINUOUS
10
141.1694999999999993
20
-67.0229999999999961
11
140.569500000000005
21
-67.0229999999999961
0
LINE
8
BLACK
6
CONTINUOUS
10
140.569500000000005
20
-67.0229999999999961
11
140.4786129999999957
21
-67.004920999999996
0
LINE
8
BLACK
6
CONTINUOUS
10
140.4786129999999957
20
-67.004920999999996
11
140.4015619999999842
21
-66.9534379999999913
0
LINE
8
BLACK
6
CONTINUOUS
10
140.4015619999999842
20
-66.9534379999999913
11
140.3500789999999938
21
-66.876386999999994
0
LINE
8
BLACK
6
CONTINUOUS
10
140.3500789999999938
20
-66.876386999999994
11
140.3319999999999936
21
-66.785499999999999
0
LINE
8
BLACK
6
CONTINUOUS
10
140.3319999999999936
20
-66.785499999999999
11
140.3319999999999936
21
-66.6730000000000018
0
LINE
8
BLACK
6
CONTINUOUS
10
140.3319999999999936
20
-66.6730000000000018
11
140.2079999999999984
21
-66.6730000000000018
0
LINE
8
BLACK
6
CONTINUOUS
10
140.2079999999999984
20
-66.6730000000000018
11
140.1836140000000057
21
-66.6705979999999983
0
LINE
8
BLACK
6
CONTINUOUS
10
140.1836140000000057
20
-66.6705979999999983
11
140.1836129999999798
21
-66.6705979999999983
0
LINE
8
BLACK
6
CONTINUOUS
10
140.1836129999999798
20
-66.6705979999999983
11
140.1649490000000071
21
-66.662865999999994
0
LINE
8
BLACK
6
CONTINUOUS
10
140.1649490000000071
20
-66.662865999999994
11
140.1385539999999992
21
-66.6519339999999971
0
LINE
8
BLACK
6
CONTINUOUS
10
140.1385539999999992
20
-66.6519339999999971
11
140.1385530000000017
21
-66.6519329999999997
0
LINE
8
BLACK
6
CONTINUOUS
10
140.1385530000000017
20
-66.6519329999999997
11
140.1196109999999919
21
-66.6363879999999966
0
LINE
8
BLACK
6
CONTINUOUS
10
140.1196109999999919
20
-66.6363879999999966
11
139.8766289999999799
21
-66.3934059999999988
0
LINE
8
BLACK
6
CONTINUOUS
10
139.8766289999999799
20
-66.3934059999999988
11
139.8236069999999813
21
-66.4204229999999995
0
LINE
8
BLACK
6
CONTINUOUS
10
139.8236069999999813
20
-66.4204229999999995
11
139.6999999999999886
21
-66.4399999999999977
0
LINE
8
BLACK
6
CONTINUOUS
10
139.6999999999999886
20
-66.4399999999999977
11
139.5763929999999959
21
-66.4204229999999995
0
LINE
8
BLACK
6
CONTINUOUS
10
139.5763929999999959
20
-66.4204229999999995
11
139.464886000000007
21
-66.3636070000000018
0
LINE
8
BLACK
6
CONTINUOUS
10
139.464886000000007
20
-66.3636070000000018
11
139.3763930000000073
21
-66.2751140000000021
0
LINE
8
BLACK
6
CONTINUOUS
10
139.3763930000000073
20
-66.2751140000000021
11
139.3195769999999811
21
-66.1636069999999989
0
LINE
8
BLACK
6
CONTINUOUS
10
139.3195769999999811
20
-66.1636069999999989
11
139.2999999999999829
21
-66.039999999999992
0
LINE
8
BLACK
6
CONTINUOUS
10
139.2999999999999829
20
-66.039999999999992
11
139.3195769999999811
21
-65.9163929999999993
0
LINE
8
BLACK
6
CONTINUOUS
10
139.3195769999999811
20
-65.9163929999999993
11
139.3763930000000073
21
-65.8048859999999962
0
LINE
8
BLACK
6
CONTINUOUS
10
139.3763930000000073
20
-65.8048859999999962
11
139.464886000000007
21
-65.7163929999999965
0
LINE
8
BLACK
6
CONTINUOUS
10
139.464886000000007
20
-65.7163929999999965
11
139.5763929999999959
21
-65.6595769999999987
0
LINE
8
BLACK
6
CONTINUOUS
10
139.5763929999999959
20
-65.6595769999999987
11
139.6999999999999886
21
-65.6400000000000006
0
LINE
8
BLACK
6
CONTINUOUS
10
139.6999999999999886
20
-65.6400000000000006
11
139.8236069999999813
21
-65.6595769999999987
0
LINE
8
BLACK
6
CONTINUOUS
10
120.6419999999999959
20
-66.9209999999999923
11
119.6419999999999959
21
-66.9209999999999923
0
LINE
8
BLACK
6
CONTINUOUS
10
119.6419999999999959
20
-66.9209999999999923
11
119.6419999999999959
21
-65.9209999999999923
0
LINE
8
BLACK
6
CONTINUOUS
10
119.6419999999999959
20
-65.9209999999999923
11
120.6419999999999959
21
-65.9209999999999923
0
LINE
8
BLACK
6
CONTINUOUS
10
120.6419999999999959
20
-65.9209999999999923
11
120.6419999999999959
21
-66.9209999999999923
0
LINE
8
BLACK
6
CONTINUOUS
10
179.3959999999999866
20
-66.9209999999999923
11
178.3959999999999866
21
-66.9209999999999923
0
LINE
8
BLACK
6
CONTINUOUS
10
178.3959999999999866
20
-66.9209999999999923
11
178.3959999999999866
21
-65.9209999999999923
0
LINE
8
BLACK
6
CONTINUOUS
10
178.3959999999999866
20
-65.9209999999999923
11
179.3959999999999866
21
-65.9209999999999923
0
LINE
8
BLACK
6
CONTINUOUS
10
179.3959999999999866
20
-65.9209999999999923
11
179.3959999999999866
21
-66.9209999999999923
0
LINE
8
BLACK
6
CONTINUOUS
10
128.3736069999999927
20
-66.1195769999999925
11
128.4851139999999816
21
-66.1763929999999903
0
LINE
8
BLACK
6
CONTINUOUS
10
128.4851139999999816
20
-66.1763929999999903
11
128.5736069999999813
21
-66.26488599999999
0
LINE
8
BLACK
6
CONTINUOUS
10
128.5736069999999813
20
-66.26488599999999
11
128.6304230000000075
21
-66.3763929999999931
0
LINE
8
BLACK
6
CONTINUOUS
10
128.6304230000000075
20
-66.3763929999999931
11
128.6500000000000057
21
-66.5
0
LINE
8
BLACK
6
CONTINUOUS
10
128.6500000000000057
20
-66.5
11
128.6304230000000075
21
-66.6236069999999927
0
LINE
8
BLACK
6
CONTINUOUS
10
128.6304230000000075
20
-66.6236069999999927
11
128.5736069999999813
21
-66.7351139999999958
0
LINE
8
BLACK
6
CONTINUOUS
10
128.5736069999999813
20
-66.7351139999999958
11
128.4851139999999816
21
-66.8236069999999955
0
LINE
8
BLACK
6
CONTINUOUS
10
128.4851139999999816
20
-66.8236069999999955
11
128.3736069999999927
21
-66.8804229999999933
0
LINE
8
BLACK
6
CONTINUOUS
10
128.3736069999999927
20
-66.8804229999999933
11
128.25
21
-66.8999999999999915
0
LINE
8
BLACK
6
CONTINUOUS
10
128.25
20
-66.8999999999999915
11
128.1263930000000073
21
-66.8804229999999933
0
LINE
8
BLACK
6
CONTINUOUS
10
128.1263930000000073
20
-66.8804229999999933
11
128.01488599999999
21
-66.8236069999999955
0
LINE
8
BLACK
6
CONTINUOUS
10
128.01488599999999
20
-66.8236069999999955
11
127.9263929999999903
21
-66.7351139999999958
0
LINE
8
BLACK
6
CONTINUOUS
10
127.9263929999999903
20
-66.7351139999999958
11
127.8695769999999925
21
-66.6236069999999927
0
LINE
8
BLACK
6
CONTINUOUS
10
127.8695769999999925
20
-66.6236069999999927
11
127.8499999999999943
21
-66.5
0
LINE
8
BLACK
6
CONTINUOUS
10
127.8499999999999943
20
-66.5
11
127.8695769999999925
21
-66.3763929999999931
0
LINE
8
BLACK
6
CONTINUOUS
10
127.8695769999999925
20
-66.3763929999999931
11
127.9263929999999903
21
-66.26488599999999
0
LINE
8
BLACK
6
CONTINUOUS
10
127.9263929999999903
20
-66.26488599999999
11
128.01488599999999
21
-66.1763929999999903
0
LINE
8
BLACK
6
CONTINUOUS
10
128.01488599999999
20
-66.1763929999999903
11
128.1263930000000073
21
-66.1195769999999925
0
LINE
8
BLACK
6
CONTINUOUS
10
128.1263930000000073
20
-66.1195769999999925
11
128.25
21
-66.0999999999999943
0
LINE
8
BLACK
6
CONTINUOUS
10
128.25
20
-66.0999999999999943
11
128.3736069999999927
21
-66.1195769999999925
0
LINE
8
BLACK
6
CONTINUOUS
10
129.8736069999999927
20
-66.1195769999999925
11
129.9851139999999816
21
-66.1763929999999903
0
LINE
8
BLACK
6
CONTINUOUS
10
129.9851139999999816
20
-66.1763929999999903
11
130.0736069999999813
21
-66.26488599999999
0
LINE
8
BLACK
6
CONTINUOUS
10
130.0736069999999813
20
-66.26488599999999
11
130.1304230000000075
21
-66.3763929999999931
0
LINE
8
BLACK
6
CONTINUOUS
10
130.1304230000000075
20
-66.3763929999999931
11
130.1500000000000057
21
-66.5
0
LINE
8
BLACK
6
CONTINUOUS
10
130.1500000000000057
20
-66.5
11
130.1304230000000075
21
-66.6236069999999927
0
LINE
8
BLACK
6
CONTINUOUS
10
130.1304230000000075
20
-66.6236069999999927
11
130.0736069999999813
21
-66.7351139999999958
0
LINE
8
BLACK
6
CONTINUOUS
10
130.0736069999999813
20
-66.7351139999999958
11
129.9851139999999816
21
-66.8236069999999955
0
LINE
8
BLACK
6
CONTINUOUS
10
129.9851139999999816
20
-66.8236069999999955
11
129.8736069999999927
21
-66.8804229999999933
0
LINE
8
BLACK
6
CONTINUOUS
10
129.8736069999999927
20
-66.8804229999999933
11
129.75
21
-66.8999999999999915
0
LINE
8
BLACK
6
CONTINUOUS
10
129.75
20
-66.8999999999999915
11
129.6263930000000073
21
-66.8804229999999933
0
LINE
8
BLACK
6
CONTINUOUS
10
129.6263930000000073
20
-66.8804229999999933
11
129.51488599999999
21
-66.8236069999999955
0
LINE
8
BLACK
6
CONTINUOUS
10
129.51488599999999
20
-66.8236069999999955
11
129.4263929999999903
21
-66.7351139999999958
0
LINE
8
BLACK
6
CONTINUOUS
10
129.4263929999999903
20
-66.7351139999999958
11
129.3695769999999925
21
-66.6236069999999927
0
LINE
8
BLACK
6
CONTINUOUS
10
129.3695769999999925
20
-66.6236069999999927
11
129.3499999999999943
21
-66.5
0
LINE
8
BLACK
6
CONTINUOUS
10
129.3499999999999943
20
-66.5
11
129.3695769999999925
21
-66.3763929999999931
0
LINE
8
BLACK
6
CONTINUOUS
10
129.3695769999999925
20
-66.3763929999999931
11
129.4263929999999903
21
-66.26488599999999
0
LINE
8
BLACK
6
CONTINUOUS
10
129.4263929999999903
20
-66.26488599999999
11
129.51488599999999
21
-66.1763929999999903
0
LINE
8
BLACK
6
CONTINUOUS
10
129.51488599999999
20
-66.1763929999999903
11
129.6263930000000073
21
-66.1195769999999925
0
LINE
8
BLACK
6
CONTINUOUS
10
129.6263930000000073
20
-66.1195769999999925
11
129.75
21
-66.0999999999999943
0
LINE
8
BLACK
6
CONTINUOUS
10
129.75
20
-66.0999999999999943
11
129.8736069999999927
21
-66.1195769999999925
0
LINE
8
BLACK
6
CONTINUOUS
10
156.9553870000000018
20
-65.0750790000000023
11
157.0324379999999849
21
-65.1265619999999927
0
LINE
8
BLACK
6
CONTINUOUS
10
157.0324379999999849
20
-65.1265619999999927
11
157.0839210000000037
21
-65.2036129999999901
0
LINE
8
BLACK
6
CONTINUOUS
10
157.0839210000000037
20
-65.2036129999999901
11
157.1020000000000039
21
-65.2944999999999993
0
LINE
8
BLACK
6
CONTINUOUS
10
157.1020000000000039
20
-65.2944999999999993
11
157.1020000000000039
21
-65.4069999999999965
0
LINE
8
BLACK
6
CONTINUOUS
10
157.1020000000000039
20
-65.4069999999999965
11
157.60828699999999
21
-65.4069999999999965
0
LINE
8
BLACK
6
CONTINUOUS
10
157.60828699999999
20
-65.4069999999999965
11
157.6643929999999898
21
-65.2968860000000006
0
LINE
8
BLACK
6
CONTINUOUS
10
157.6643929999999898
20
-65.2968860000000006
11
157.7528859999999895
21
-65.2083930000000009
0
LINE
8
BLACK
6
CONTINUOUS
10
157.7528859999999895
20
-65.2083930000000009
11
157.8643930000000069
21
-65.1515770000000032
0
LINE
8
BLACK
6
CONTINUOUS
10
157.8643930000000069
20
-65.1515770000000032
11
157.9879999999999995
21
-65.1319999999999908
0
LINE
8
BLACK
6
CONTINUOUS
10
157.9879999999999995
20
-65.1319999999999908
11
158.1116069999999922
21
-65.1515770000000032
0
LINE
8
BLACK
6
CONTINUOUS
10
158.1116069999999922
20
-65.1515770000000032
11
158.2231139999999812
21
-65.2083930000000009
0
LINE
8
BLACK
6
CONTINUOUS
10
158.2231139999999812
20
-65.2083930000000009
11
158.3116069999999809
21
-65.2968860000000006
0
LINE
8
BLACK
6
CONTINUOUS
10
158.3116069999999809
20
-65.2968860000000006
11
158.3684229999999786
21
-65.4083930000000038
0
LINE
8
BLACK
6
CONTINUOUS
10
158.3684229999999786
20
-65.4083930000000038
11
158.3880000000000052
21
-65.5319999999999965
0
LINE
8
BLACK
6
CONTINUOUS
10
158.3880000000000052
20
-65.5319999999999965
11
158.3684229999999786
21
-65.6556070000000034
0
LINE
8
BLACK
6
CONTINUOUS
10
158.3684229999999786
20
-65.6556070000000034
11
158.3116069999999809
21
-65.7671139999999923
0
LINE
8
BLACK
6
CONTINUOUS
10
158.3116069999999809
20
-65.7671139999999923
11
158.2231139999999812
21
-65.855606999999992
0
LINE
8
BLACK
6
CONTINUOUS
10
158.2231139999999812
20
-65.855606999999992
11
158.1116069999999922
21
-65.912423000000004
0
LINE
8
BLACK
6
CONTINUOUS
10
158.1116069999999922
20
-65.912423000000004
11
157.9879999999999995
21
-65.9320000000000022
0
LINE
8
BLACK
6
CONTINUOUS
10
157.9879999999999995
20
-65.9320000000000022
11
157.8643930000000069
21
-65.912423000000004
0
LINE
8
BLACK
6
CONTINUOUS
10
157.8643930000000069
20
-65.912423000000004
11
157.7528859999999895
21
-65.855606999999992
0
LINE
8
BLACK
6
CONTINUOUS
10
157.7528859999999895
20
-65.855606999999992
11
157.6643929999999898
21
-65.7671139999999923
0
LINE
8
BLACK
6
CONTINUOUS
10
157.6643929999999898
20
-65.7671139999999923
11
157.60828699999999
21
-65.6569999999999965
0
LINE
8
BLACK
6
CONTINUOUS
10
157.60828699999999
20
-65.6569999999999965
11
157.1020000000000039
21
-65.6569999999999965
0
LINE
8
BLACK
6
CONTINUOUS
10
157.1020000000000039
20
-65.6569999999999965
11
157.1020000000000039
21
-65.7694999999999936
0
LINE
8
BLACK
6
CONTINUOUS
10
157.1020000000000039
20
-65.7694999999999936
11
157.0839210000000037
21
-65.8603870000000029
0
LINE
8
BLACK
6
CONTINUOUS
10
157.0839210000000037
20
-65.8603870000000029
11
157.0324379999999849
21
-65.9374380000000002
0
LINE
8
BLACK
6
CONTINUOUS
10
157.0324379999999849
20
-65.9374380000000002
11
156.9553870000000018
21
-65.9889209999999906
0
LINE
8
BLACK
6
CONTINUOUS
10
156.9553870000000018
20
-65.9889209999999906
11
156.8644999999999925
21
-66.0069999999999908
0
LINE
8
BLACK
6
CONTINUOUS
10
156.8644999999999925
20
-66.0069999999999908
11
156.2644999999999982
21
-66.0069999999999908
0
LINE
8
BLACK
6
CONTINUOUS
10
156.2644999999999982
20
-66.0069999999999908
11
156.1736129999999889
21
-65.9889209999999906
0
LINE
8
BLACK
6
CONTINUOUS
10
156.1736129999999889
20
-65.9889209999999906
11
156.0965620000000058
21
-65.9374380000000002
0
LINE
8
BLACK
6
CONTINUOUS
10
156.0965620000000058
20
-65.9374380000000002
11
156.045078999999987
21
-65.8603870000000029
0
LINE
8
BLACK
6
CONTINUOUS
10
156.045078999999987
20
-65.8603870000000029
11
156.0269999999999868
21
-65.7694999999999936
0
LINE
8
BLACK
6
CONTINUOUS
10
156.0269999999999868
20
-65.7694999999999936
11
156.0269999999999868
21
-65.2944999999999993
0
LINE
8
BLACK
6
CONTINUOUS
10
156.0269999999999868
20
-65.2944999999999993
11
156.045078999999987
21
-65.2036129999999901
0
LINE
8
BLACK
6
CONTINUOUS
10
156.045078999999987
20
-65.2036129999999901
11
156.0965620000000058
21
-65.1265619999999927
0
LINE
8
BLACK
6
CONTINUOUS
10
156.0965620000000058
20
-65.1265619999999927
11
156.1736129999999889
21
-65.0750790000000023
0
LINE
8
BLACK
6
CONTINUOUS
10
156.1736129999999889
20
-65.0750790000000023
11
156.2644999999999982
21
-65.0570000000000022
0
LINE
8
BLACK
6
CONTINUOUS
10
156.2644999999999982
20
-65.0570000000000022
11
156.8644999999999925
21
-65.0570000000000022
0
LINE
8
BLACK
6
CONTINUOUS
10
156.8644999999999925
20
-65.0570000000000022
11
156.9553870000000018
21
-65.0750790000000023
0
LINE
8
BLACK
6
CONTINUOUS
10
146.6142930000000035
20
-61.5333489999999941
11
146.7257999999999925
21
-61.5901649999999989
0
LINE
8
BLACK
6
CONTINUOUS
10
146.7257999999999925
20
-61.5901649999999989
11
146.8142929999999922
21
-61.6786579999999987
0
LINE
8
BLACK
6
CONTINUOUS
10
146.8142929999999922
20
-61.6786579999999987
11
146.8711089999999899
21
-61.7901649999999947
0
LINE
8
BLACK
6
CONTINUOUS
10
146.8711089999999899
20
-61.7901649999999947
11
146.8906859999999881
21
-61.9137719999999945
0
LINE
8
BLACK
6
CONTINUOUS
10
146.8906859999999881
20
-61.9137719999999945
11
146.8711089999999899
21
-62.0373789999999943
0
LINE
8
BLACK
6
CONTINUOUS
10
146.8711089999999899
20
-62.0373789999999943
11
146.8142929999999922
21
-62.1488859999999974
0
LINE
8
BLACK
6
CONTINUOUS
10
146.8142929999999922
20
-62.1488859999999974
11
146.7257999999999925
21
-62.2373789999999971
0
LINE
8
BLACK
6
CONTINUOUS
10
146.7257999999999925
20
-62.2373789999999971
11
146.6665030000000058
21
-62.2675920000000005
0
LINE
8
BLACK
6
CONTINUOUS
10
146.6665030000000058
20
-62.2675920000000005
11
146.6665030000000058
21
-62.8619999999999948
0
LINE
8
BLACK
6
CONTINUOUS
10
146.6665030000000058
20
-62.8619999999999948
11
146.7955000000000041
21
-62.8619999999999948
0
LINE
8
BLACK
6
CONTINUOUS
10
146.7955000000000041
20
-62.8619999999999948
11
146.8863869999999849
21
-62.8800789999999949
0
LINE
8
BLACK
6
CONTINUOUS
10
146.8863869999999849
20
-62.8800789999999949
11
146.9634379999999965
21
-62.9315619999999996
0
LINE
8
BLACK
6
CONTINUOUS
10
146.9634379999999965
20
-62.9315619999999996
11
147.0149209999999869
21
-63.0086129999999969
0
LINE
8
BLACK
6
CONTINUOUS
10
147.0149209999999869
20
-63.0086129999999969
11
147.032999999999987
21
-63.099499999999999
0
LINE
8
BLACK
6
CONTINUOUS
10
147.032999999999987
20
-63.099499999999999
11
147.032999999999987
21
-63.6947239999999937
0
LINE
8
BLACK
6
CONTINUOUS
10
147.032999999999987
20
-63.6947239999999937
11
148.0374239999999872
21
-64.6991479999999939
0
LINE
8
BLACK
6
CONTINUOUS
10
148.0374239999999872
20
-64.6991479999999939
11
148.0985000000000014
21
-64.6869999999999976
0
LINE
8
BLACK
6
CONTINUOUS
10
148.0985000000000014
20
-64.6869999999999976
11
148.5734999999999957
21
-64.6869999999999976
0
LINE
8
BLACK
6
CONTINUOUS
10
148.5734999999999957
20
-64.6869999999999976
11
148.6643870000000049
21
-64.7050789999999978
0
LINE
8
BLACK
6
CONTINUOUS
10
148.6643870000000049
20
-64.7050789999999978
11
148.7414379999999881
21
-64.7565620000000024
0
LINE
8
BLACK
6
CONTINUOUS
10
148.7414379999999881
20
-64.7565620000000024
11
148.7929210000000069
21
-64.8336129999999997
0
LINE
8
BLACK
6
CONTINUOUS
10
148.7929210000000069
20
-64.8336129999999997
11
148.811000000000007
21
-64.9244999999999948
0
LINE
8
BLACK
6
CONTINUOUS
10
148.811000000000007
20
-64.9244999999999948
11
148.811000000000007
21
-65.4244999999999948
0
LINE
8
BLACK
6
CONTINUOUS
10
148.811000000000007
20
-65.4244999999999948
11
148.7929210000000069
21
-65.515387000000004
0
LINE
8
BLACK
6
CONTINUOUS
10
148.7929210000000069
20
-65.515387000000004
11
148.7414379999999881
21
-65.5924380000000014
0
LINE
8
BLACK
6
CONTINUOUS
10
148.7414379999999881
20
-65.5924380000000014
11
148.6643870000000049
21
-65.6439209999999917
0
LINE
8
BLACK
6
CONTINUOUS
10
148.6643870000000049
20
-65.6439209999999917
11
148.5734999999999957
21
-65.6619999999999919
0
LINE
8
BLACK
6
CONTINUOUS
10
148.5734999999999957
20
-65.6619999999999919
11
148.0985000000000014
21
-65.6619999999999919
0
LINE
8
BLACK
6
CONTINUOUS
10
148.0985000000000014
20
-65.6619999999999919
11
148.0076129999999921
21
-65.6439209999999917
0
LINE
8
BLACK
6
CONTINUOUS
10
148.0076129999999921
20
-65.6439209999999917
11
147.9305619999999806
21
-65.5924380000000014
0
LINE
8
BLACK
6
CONTINUOUS
10
147.9305619999999806
20
-65.5924380000000014
11
147.8790789999999902
21
-65.515387000000004
0
LINE
8
BLACK
6
CONTINUOUS
10
147.8790789999999902
20
-65.515387000000004
11
147.86099999999999
21
-65.4244999999999948
0
LINE
8
BLACK
6
CONTINUOUS
10
147.86099999999999
20
-65.4244999999999948
11
147.86099999999999
21
-64.9244999999999948
0
LINE
8
BLACK
6
CONTINUOUS
10
147.86099999999999
20
-64.9244999999999948
11
147.8690009999999972
21
-64.8842769999999973
0
LINE
8
BLACK
6
CONTINUOUS
10
147.8690009999999972
20
-64.8842769999999973
11
146.8967319999999859
21
-63.9120080000000002
0
LINE
8
BLACK
6
CONTINUOUS
10
146.8967319999999859
20
-63.9120080000000002
11
146.8863869999999849
21
-63.9189209999999974
0
LINE
8
BLACK
6
CONTINUOUS
10
146.8863869999999849
20
-63.9189209999999974
11
146.7955000000000041
21
-63.9369999999999976
0
LINE
8
BLACK
6
CONTINUOUS
10
146.7955000000000041
20
-63.9369999999999976
11
146.3204999999999814
21
-63.9369999999999976
0
LINE
8
BLACK
6
CONTINUOUS
10
146.3204999999999814
20
-63.9369999999999976
11
146.2296130000000005
21
-63.9189209999999974
0
LINE
8
BLACK
6
CONTINUOUS
10
146.2296130000000005
20
-63.9189209999999974
11
146.152561999999989
21
-63.8674379999999999
0
LINE
8
BLACK
6
CONTINUOUS
10
146.152561999999989
20
-63.8674379999999999
11
146.1010789999999986
21
-63.7903869999999955
0
LINE
8
BLACK
6
CONTINUOUS
10
146.1010789999999986
20
-63.7903869999999955
11
146.0829999999999984
21
-63.6995000000000005
0
LINE
8
BLACK
6
CONTINUOUS
10
146.0829999999999984
20
-63.6995000000000005
11
146.0829999999999984
21
-63.099499999999999
0
LINE
8
BLACK
6
CONTINUOUS
10
146.0829999999999984
20
-63.099499999999999
11
146.1010789999999986
21
-63.0086129999999969
0
LINE
8
BLACK
6
CONTINUOUS
10
146.1010789999999986
20
-63.0086129999999969
11
146.152561999999989
21
-62.9315619999999996
0
LINE
8
BLACK
6
CONTINUOUS
10
146.152561999999989
20
-62.9315619999999996
11
146.2296130000000005
21
-62.8800789999999949
0
LINE
8
BLACK
6
CONTINUOUS
10
146.2296130000000005
20
-62.8800789999999949
11
146.3204999999999814
21
-62.8619999999999948
0
LINE
8
BLACK
6
CONTINUOUS
10
146.3204999999999814
20
-62.8619999999999948
11
146.4165030000000058
21
-62.8619999999999948
0
LINE
8
BLACK
6
CONTINUOUS
10
146.4165030000000058
20
-62.8619999999999948
11
146.4165030000000058
21
-62.3020219999999938
0
LINE
8
BLACK
6
CONTINUOUS
10
146.4165030000000058
20
-62.3020219999999938
11
146.3670789999999897
21
-62.2941949999999949
0
LINE
8
BLACK
6
CONTINUOUS
10
146.3670789999999897
20
-62.2941949999999949
11
146.2555720000000008
21
-62.2373789999999971
0
LINE
8
BLACK
6
CONTINUOUS
10
146.2555720000000008
20
-62.2373789999999971
11
146.1670790000000011
21
-62.1488859999999974
0
LINE
8
BLACK
6
CONTINUOUS
10
146.1670790000000011
20
-62.1488859999999974
11
146.1102630000000033
21
-62.0373789999999943
0
LINE
8
BLACK
6
CONTINUOUS
10
146.1102630000000033
20
-62.0373789999999943
11
146.0906860000000052
21
-61.9137719999999945
0
LINE
8
BLACK
6
CONTINUOUS
10
146.0906860000000052
20
-61.9137719999999945
11
146.1102630000000033
21
-61.7901649999999947
0
LINE
8
BLACK
6
CONTINUOUS
10
146.1102630000000033
20
-61.7901649999999947
11
146.1670790000000011
21
-61.6786579999999987
0
LINE
8
BLACK
6
CONTINUOUS
10
146.1670790000000011
20
-61.6786579999999987
11
146.2555720000000008
21
-61.5901649999999989
0
LINE
8
BLACK
6
CONTINUOUS
10
146.2555720000000008
20
-61.5901649999999989
11
146.3670789999999897
21
-61.5333489999999941
0
LINE
8
BLACK
6
CONTINUOUS
10
146.3670789999999897
20
-61.5333489999999941
11
146.4906859999999824
21
-61.5137719999999959
0
LINE
8
BLACK
6
CONTINUOUS
10
146.4906859999999824
20
-61.5137719999999959
11
146.6142930000000035
21
-61.5333489999999941
0
LINE
8
BLACK
6
CONTINUOUS
10
141.5626069999999856
20
-64.5165769999999981
11
141.674114000000003
21
-64.5733929999999958
0
LINE
8
BLACK
6
CONTINUOUS
10
141.674114000000003
20
-64.5733929999999958
11
141.7626070000000027
21
-64.6618859999999955
0
LINE
8
BLACK
6
CONTINUOUS
10
141.7626070000000027
20
-64.6618859999999955
11
141.8194230000000005
21
-64.7733929999999987
0
LINE
8
BLACK
6
CONTINUOUS
10
141.8194230000000005
20
-64.7733929999999987
11
141.8389999999999986
21
-64.8969999999999914
0
LINE
8
BLACK
6
CONTINUOUS
10
141.8389999999999986
20
-64.8969999999999914
11
141.8194230000000005
21
-65.0206069999999983
0
LINE
8
BLACK
6
CONTINUOUS
10
141.8194230000000005
20
-65.0206069999999983
11
141.7626070000000027
21
-65.1321140000000014
0
LINE
8
BLACK
6
CONTINUOUS
10
141.7626070000000027
20
-65.1321140000000014
11
141.674114000000003
21
-65.2206070000000011
0
LINE
8
BLACK
6
CONTINUOUS
10
141.674114000000003
20
-65.2206070000000011
11
141.5626069999999856
21
-65.2774229999999989
0
LINE
8
BLACK
6
CONTINUOUS
10
141.5626069999999856
20
-65.2774229999999989
11
141.438999999999993
21
-65.296999999999997
0
LINE
8
BLACK
6
CONTINUOUS
10
141.438999999999993
20
-65.296999999999997
11
141.3153930000000003
21
-65.2774229999999989
0
LINE
8
BLACK
6
CONTINUOUS
10
141.3153930000000003
20
-65.2774229999999989
11
141.2038859999999829
21
-65.2206070000000011
0
LINE
8
BLACK
6
CONTINUOUS
10
141.2038859999999829
20
-65.2206070000000011
11
141.1153929999999832
21
-65.1321140000000014
0
LINE
8
BLACK
6
CONTINUOUS
10
141.1153929999999832
20
-65.1321140000000014
11
141.0585769999999854
21
-65.0206069999999983
0
LINE
8
BLACK
6
CONTINUOUS
10
141.0585769999999854
20
-65.0206069999999983
11
141.0389999999999873
21
-64.8969999999999914
0
LINE
8
BLACK
6
CONTINUOUS
10
141.0389999999999873
20
-64.8969999999999914
11
141.0585769999999854
21
-64.7733929999999987
0
LINE
8
BLACK
6
CONTINUOUS
10
141.0585769999999854
20
-64.7733929999999987
11
141.1153929999999832
21
-64.6618859999999955
0
LINE
8
BLACK
6
CONTINUOUS
10
141.1153929999999832
20
-64.6618859999999955
11
141.2038859999999829
21
-64.5733929999999958
0
LINE
8
BLACK
6
CONTINUOUS
10
141.2038859999999829
20
-64.5733929999999958
11
141.3153930000000003
21
-64.5165769999999981
0
LINE
8
BLACK
6
CONTINUOUS
10
141.3153930000000003
20
-64.5165769999999981
11
141.438999999999993
21
-64.4969999999999999
0
LINE
8
BLACK
6
CONTINUOUS
10
141.438999999999993
20
-64.4969999999999999
11
141.5626069999999856
21
-64.5165769999999981
0
LINE
8
BLACK
6
CONTINUOUS
10
137.6962910000000022
20
-63.9364449999999991
11
137.8409999999999798
21
-63.9963849999999965
0
LINE
8
BLACK
6
CONTINUOUS
10
137.8409999999999798
20
-63.9963849999999965
11
137.9652639999999906
21
-64.0917359999999974
0
LINE
8
BLACK
6
CONTINUOUS
10
137.9652639999999906
20
-64.0917359999999974
11
138.0606149999999843
21
-64.215999999999994
0
LINE
8
BLACK
6
CONTINUOUS
10
138.0606149999999843
20
-64.215999999999994
11
138.120554999999996
21
-64.3607089999999999
0
LINE
8
BLACK
6
CONTINUOUS
10
138.120554999999996
20
-64.3607089999999999
11
138.1409999999999911
21
-64.5159999999999911
0
LINE
8
BLACK
6
CONTINUOUS
10
138.1409999999999911
20
-64.5159999999999911
11
138.120554999999996
21
-64.6712909999999965
0
LINE
8
BLACK
6
CONTINUOUS
10
138.120554999999996
20
-64.6712909999999965
11
138.0606149999999843
21
-64.8160000000000025
0
LINE
8
BLACK
6
CONTINUOUS
10
138.0606149999999843
20
-64.8160000000000025
11
137.9652639999999906
21
-64.9402639999999991
0
LINE
8
BLACK
6
CONTINUOUS
10
137.9652639999999906
20
-64.9402639999999991
11
137.8409999999999798
21
-65.0356149999999928
0
LINE
8
BLACK
6
CONTINUOUS
10
137.8409999999999798
20
-65.0356149999999928
11
137.6962910000000022
21
-65.0955549999999903
0
LINE
8
BLACK
6
CONTINUOUS
10
137.6962910000000022
20
-65.0955549999999903
11
137.5409999999999968
21
-65.1159999999999997
0
LINE
8
BLACK
6
CONTINUOUS
10
137.5409999999999968
20
-65.1159999999999997
11
137.3857089999999914
21
-65.0955549999999903
0
LINE
8
BLACK
6
CONTINUOUS
10
137.3857089999999914
20
-65.0955549999999903
11
137.2409999999999854
21
-65.0356149999999928
0
LINE
8
BLACK
6
CONTINUOUS
10
137.2409999999999854
20
-65.0356149999999928
11
137.1167360000000031
21
-64.9402639999999991
0
LINE
8
BLACK
6
CONTINUOUS
10
137.1167360000000031
20
-64.9402639999999991
11
137.0213849999999809
21
-64.8160000000000025
0
LINE
8
BLACK
6
CONTINUOUS
10
137.0213849999999809
20
-64.8160000000000025
11
136.9614449999999977
21
-64.6712909999999965
0
LINE
8
BLACK
6
CONTINUOUS
10
136.9614449999999977
20
-64.6712909999999965
11
136.9410000000000025
21
-64.5159999999999911
0
LINE
8
BLACK
6
CONTINUOUS
10
136.9410000000000025
20
-64.5159999999999911
11
136.9614449999999977
21
-64.3607089999999999
0
LINE
8
BLACK
6
CONTINUOUS
10
136.9614449999999977
20
-64.3607089999999999
11
137.0213849999999809
21
-64.215999999999994
0
LINE
8
BLACK
6
CONTINUOUS
10
137.0213849999999809
20
-64.215999999999994
11
137.1167360000000031
21
-64.0917359999999974
0
LINE
8
BLACK
6
CONTINUOUS
10
137.1167360000000031
20
-64.0917359999999974
11
137.2409999999999854
21
-63.9963849999999965
0
LINE
8
BLACK
6
CONTINUOUS
10
137.2409999999999854
20
-63.9963849999999965
11
137.3857089999999914
21
-63.9364449999999991
0
LINE
8
BLACK
6
CONTINUOUS
10
137.3857089999999914
20
-63.9364449999999991
11
137.5409999999999968
21
-63.9159999999999968
0
LINE
8
BLACK
6
CONTINUOUS
10
137.5409999999999968
20
-63.9159999999999968
11
137.6962910000000022
21
-63.9364449999999991
0
LINE
8
BLACK
6
CONTINUOUS
10
142.4906069999999829
20
-63.2465769999999949
11
142.6021140000000003
21
-63.3033929999999998
0
LINE
8
BLACK
6
CONTINUOUS
10
142.6021140000000003
20
-63.3033929999999998
11
142.690607
21
-63.3918859999999995
0
LINE
8
BLACK
6
CONTINUOUS
10
142.690607
20
-63.3918859999999995
11
142.7474229999999977
21
-63.5033929999999955
0
LINE
8
BLACK
6
CONTINUOUS
10
142.7474229999999977
20
-63.5033929999999955
11
142.7669999999999959
21
-63.6269999999999953
0
LINE
8
BLACK
6
CONTINUOUS
10
142.7669999999999959
20
-63.6269999999999953
11
142.7474229999999977
21
-63.7506069999999951
0
LINE
8
BLACK
6
CONTINUOUS
10
142.7474229999999977
20
-63.7506069999999951
11
142.690607
21
-63.8621139999999983
0
LINE
8
BLACK
6
CONTINUOUS
10
142.690607
20
-63.8621139999999983
11
142.6021140000000003
21
-63.950606999999998
0
LINE
8
BLACK
6
CONTINUOUS
10
142.6021140000000003
20
-63.950606999999998
11
142.4906069999999829
21
-64.0074230000000028
0
LINE
8
BLACK
6
CONTINUOUS
10
142.4906069999999829
20
-64.0074230000000028
11
142.3669999999999902
21
-64.027000000000001
0
LINE
8
BLACK
6
CONTINUOUS
10
142.3669999999999902
20
-64.027000000000001
11
142.2433929999999975
21
-64.0074230000000028
0
LINE
8
BLACK
6
CONTINUOUS
10
142.2433929999999975
20
-64.0074230000000028
11
142.1318859999999802
21
-63.950606999999998
0
LINE
8
BLACK
6
CONTINUOUS
10
142.1318859999999802
20
-63.950606999999998
11
142.0433929999999805
21
-63.8621139999999983
0
LINE
8
BLACK
6
CONTINUOUS
10
142.0433929999999805
20
-63.8621139999999983
11
141.9865769999999827
21
-63.7506069999999951
0
LINE
8
BLACK
6
CONTINUOUS
10
141.9865769999999827
20
-63.7506069999999951
11
141.9669999999999845
21
-63.6269999999999953
0
LINE
8
BLACK
6
CONTINUOUS
10
141.9669999999999845
20
-63.6269999999999953
11
141.9865769999999827
21
-63.5033929999999955
0
LINE
8
BLACK
6
CONTINUOUS
10
141.9865769999999827
20
-63.5033929999999955
11
142.0433929999999805
21
-63.3918859999999995
0
LINE
8
BLACK
6
CONTINUOUS
10
142.0433929999999805
20
-63.3918859999999995
11
142.1318859999999802
21
-63.3033929999999998
0
LINE
8
BLACK
6
CONTINUOUS
10
142.1318859999999802
20
-63.3033929999999998
11
142.2433929999999975
21
-63.2465769999999949
0
LINE
8
BLACK
6
CONTINUOUS
10
142.2433929999999975
20
-63.2465769999999949
11
142.3669999999999902
21
-63.2269999999999968
0
LINE
8
BLACK
6
CONTINUOUS
10
142.3669999999999902
20
-63.2269999999999968
11
142.4906069999999829
21
-63.2465769999999949
0
LINE
8
BLACK
6
CONTINUOUS
10
150.8726069999999879
20
-61.8495769999999965
11
150.9841140000000053
21
-61.9063929999999942
0
LINE
8
BLACK
6
CONTINUOUS
10
150.9841140000000053
20
-61.9063929999999942
11
151.072607000000005
21
-61.9948859999999939
0
LINE
8
BLACK
6
CONTINUOUS
10
151.072607000000005
20
-61.9948859999999939
11
151.1294230000000027
21
-62.1063929999999971
0
LINE
8
BLACK
6
CONTINUOUS
10
151.1294230000000027
20
-62.1063929999999971
11
151.1490000000000009
21
-62.2299999999999969
0
LINE
8
BLACK
6
CONTINUOUS
10
151.1490000000000009
20
-62.2299999999999969
11
151.1294230000000027
21
-62.3536069999999967
0
LINE
8
BLACK
6
CONTINUOUS
10
151.1294230000000027
20
-62.3536069999999967
11
151.072607000000005
21
-62.4651139999999998
0
LINE
8
BLACK
6
CONTINUOUS
10
151.072607000000005
20
-62.4651139999999998
11
150.9841140000000053
21
-62.5536069999999995
0
LINE
8
BLACK
6
CONTINUOUS
10
150.9841140000000053
20
-62.5536069999999995
11
150.8726069999999879
21
-62.6104229999999973
0
LINE
8
BLACK
6
CONTINUOUS
10
150.8726069999999879
20
-62.6104229999999973
11
150.7489999999999952
21
-62.6299999999999955
0
LINE
8
BLACK
6
CONTINUOUS
10
150.7489999999999952
20
-62.6299999999999955
11
150.6253930000000025
21
-62.6104229999999973
0
LINE
8
BLACK
6
CONTINUOUS
10
150.6253930000000025
20
-62.6104229999999973
11
150.5723700000000065
21
-62.5834059999999965
0
LINE
8
BLACK
6
CONTINUOUS
10
150.5723700000000065
20
-62.5834059999999965
11
150.2937759999999798
21
-62.8619999999999948
0
LINE
8
BLACK
6
CONTINUOUS
10
150.2937759999999798
20
-62.8619999999999948
11
150.3514999999999873
21
-62.8619999999999948
0
LINE
8
BLACK
6
CONTINUOUS
10
150.3514999999999873
20
-62.8619999999999948
11
150.4423869999999965
21
-62.8800789999999949
0
LINE
8
BLACK
6
CONTINUOUS
10
150.4423869999999965
20
-62.8800789999999949
11
150.5194379999999796
21
-62.9315619999999996
0
LINE
8
BLACK
6
CONTINUOUS
10
150.5194379999999796
20
-62.9315619999999996
11
150.5709209999999985
21
-63.0086129999999969
0
LINE
8
BLACK
6
CONTINUOUS
10
150.5709209999999985
20
-63.0086129999999969
11
150.5889999999999986
21
-63.099499999999999
0
LINE
8
BLACK
6
CONTINUOUS
10
150.5889999999999986
20
-63.099499999999999
11
150.5889999999999986
21
-63.6995000000000005
0
LINE
8
BLACK
6
CONTINUOUS
10
150.5889999999999986
20
-63.6995000000000005
11
150.5709209999999985
21
-63.7903869999999955
0
LINE
8
BLACK
6
CONTINUOUS
10
150.5709209999999985
20
-63.7903869999999955
11
150.5194379999999796
21
-63.8674379999999999
0
LINE
8
BLACK
6
CONTINUOUS
10
150.5194379999999796
20
-63.8674379999999999
11
150.4423869999999965
21
-63.9189209999999974
0
LINE
8
BLACK
6
CONTINUOUS
10
150.4423869999999965
20
-63.9189209999999974
11
150.3514999999999873
21
-63.9369999999999976
0
LINE
8
BLACK
6
CONTINUOUS
10
150.3514999999999873
20
-63.9369999999999976
11
149.876499999999993
21
-63.9369999999999976
0
LINE
8
BLACK
6
CONTINUOUS
10
149.876499999999993
20
-63.9369999999999976
11
149.7856129999999837
21
-63.9189209999999974
0
LINE
8
BLACK
6
CONTINUOUS
10
149.7856129999999837
20
-63.9189209999999974
11
149.7085620000000006
21
-63.8674379999999999
0
LINE
8
BLACK
6
CONTINUOUS
10
149.7085620000000006
20
-63.8674379999999999
11
149.6570789999999818
21
-63.7903869999999955
0
LINE
8
BLACK
6
CONTINUOUS
10
149.6570789999999818
20
-63.7903869999999955
11
149.6389999999999816
21
-63.6995000000000005
0
LINE
8
BLACK
6
CONTINUOUS
10
149.6389999999999816
20
-63.6995000000000005
11
149.6389999999999816
21
-63.099499999999999
0
LINE
8
BLACK
6
CONTINUOUS
10
149.6389999999999816
20
-63.099499999999999
11
149.6570789999999818
21
-63.0086129999999969
0
LINE
8
BLACK
6
CONTINUOUS
10
149.6570789999999818
20
-63.0086129999999969
11
149.7085620000000006
21
-62.9315619999999996
0
LINE
8
BLACK
6
CONTINUOUS
10
149.7085620000000006
20
-62.9315619999999996
11
149.7856129999999837
21
-62.8800789999999949
0
LINE
8
BLACK
6
CONTINUOUS
10
149.7856129999999837
20
-62.8800789999999949
11
149.876499999999993
21
-62.8619999999999948
0
LINE
8
BLACK
6
CONTINUOUS
10
149.876499999999993
20
-62.8619999999999948
11
149.9892949999999985
21
-62.8619999999999948
0
LINE
8
BLACK
6
CONTINUOUS
10
149.9892949999999985
20
-62.8619999999999948
11
149.9914019999999937
21
-62.8406139999999951
0
LINE
8
BLACK
6
CONTINUOUS
10
149.9914019999999937
20
-62.8406139999999951
11
150.0100659999999948
21
-62.7955539999999957
0
LINE
8
BLACK
6
CONTINUOUS
10
150.0100659999999948
20
-62.7955539999999957
11
150.0100709999999822
21
-62.7955479999999966
0
LINE
8
BLACK
6
CONTINUOUS
10
150.0100709999999822
20
-62.7955479999999966
11
150.0256119999999953
21
-62.7766120000000001
0
LINE
8
BLACK
6
CONTINUOUS
10
150.0256119999999953
20
-62.7766120000000001
11
150.395592999999991
21
-62.4066289999999952
0
LINE
8
BLACK
6
CONTINUOUS
10
150.395592999999991
20
-62.4066289999999952
11
150.3685769999999877
21
-62.3536069999999967
0
LINE
8
BLACK
6
CONTINUOUS
10
150.3685769999999877
20
-62.3536069999999967
11
150.3489999999999895
21
-62.2299999999999969
0
LINE
8
BLACK
6
CONTINUOUS
10
150.3489999999999895
20
-62.2299999999999969
11
150.3685769999999877
21
-62.1063929999999971
0
LINE
8
BLACK
6
CONTINUOUS
10
150.3685769999999877
20
-62.1063929999999971
11
150.4253929999999855
21
-61.9948859999999939
0
LINE
8
BLACK
6
CONTINUOUS
10
150.4253929999999855
20
-61.9948859999999939
11
150.5138859999999852
21
-61.9063929999999942
0
LINE
8
BLACK
6
CONTINUOUS
10
150.5138859999999852
20
-61.9063929999999942
11
150.6253930000000025
21
-61.8495769999999965
0
LINE
8
BLACK
6
CONTINUOUS
10
150.6253930000000025
20
-61.8495769999999965
11
150.7489999999999952
21
-61.8299999999999983
0
LINE
8
BLACK
6
CONTINUOUS
10
150.7489999999999952
20
-61.8299999999999983
11
150.8726069999999879
21
-61.8495769999999965
0
LINE
8
BLACK
6
CONTINUOUS
10
152.5236069999999984
20
-61.8495769999999965
11
152.6351139999999873
21
-61.9063929999999942
0
LINE
8
BLACK
6
CONTINUOUS
10
152.6351139999999873
20
-61.9063929999999942
11
152.723606999999987
21
-61.9948859999999939
0
LINE
8
BLACK
6
CONTINUOUS
10
152.723606999999987
20
-61.9948859999999939
11
152.7804229999999848
21
-62.1063929999999971
0
LINE
8
BLACK
6
CONTINUOUS
10
152.7804229999999848
20
-62.1063929999999971
11
152.7999999999999829
21
-62.2299999999999969
0
LINE
8
BLACK
6
CONTINUOUS
10
152.7999999999999829
20
-62.2299999999999969
11
152.7804229999999848
21
-62.3536069999999967
0
LINE
8
BLACK
6
CONTINUOUS
10
152.7804229999999848
20
-62.3536069999999967
11
152.723606999999987
21
-62.4651139999999998
0
LINE
8
BLACK
6
CONTINUOUS
10
152.723606999999987
20
-62.4651139999999998
11
152.6351139999999873
21
-62.5536069999999995
0
LINE
8
BLACK
6
CONTINUOUS
10
152.6351139999999873
20
-62.5536069999999995
11
152.5250000000000057
21
-62.6097129999999993
0
LINE
8
BLACK
6
CONTINUOUS
10
152.5250000000000057
20
-62.6097129999999993
11
152.5250000000000057
21
-62.8619999999999948
0
LINE
8
BLACK
6
CONTINUOUS
10
152.5250000000000057
20
-62.8619999999999948
11
152.6374999999999886
21
-62.8619999999999948
0
LINE
8
BLACK
6
CONTINUOUS
10
152.6374999999999886
20
-62.8619999999999948
11
152.7283869999999979
21
-62.8800789999999949
0
LINE
8
BLACK
6
CONTINUOUS
10
152.7283869999999979
20
-62.8800789999999949
11
152.805437999999981
21
-62.9315619999999996
0
LINE
8
BLACK
6
CONTINUOUS
10
152.805437999999981
20
-62.9315619999999996
11
152.8569209999999998
21
-63.0086129999999969
0
LINE
8
BLACK
6
CONTINUOUS
10
152.8569209999999998
20
-63.0086129999999969
11
152.875
21
-63.099499999999999
0
LINE
8
BLACK
6
CONTINUOUS
10
152.875
20
-63.099499999999999
11
152.875
21
-63.6995000000000005
0
LINE
8
BLACK
6
CONTINUOUS
10
152.875
20
-63.6995000000000005
11
152.8569209999999998
21
-63.7903869999999955
0
LINE
8
BLACK
6
CONTINUOUS
10
152.8569209999999998
20
-63.7903869999999955
11
152.805437999999981
21
-63.8674379999999999
0
LINE
8
BLACK
6
CONTINUOUS
10
152.805437999999981
20
-63.8674379999999999
11
152.7283869999999979
21
-63.9189209999999974
0
LINE
8
BLACK
6
CONTINUOUS
10
152.7283869999999979
20
-63.9189209999999974
11
152.6374999999999886
21
-63.9369999999999976
0
LINE
8
BLACK
6
CONTINUOUS
10
152.6374999999999886
20
-63.9369999999999976
11
152.1624999999999943
21
-63.9369999999999976
0
LINE
8
BLACK
6
CONTINUOUS
10
152.1624999999999943
20
-63.9369999999999976
11
152.071612999999985
21
-63.9189209999999974
0
LINE
8
BLACK
6
CONTINUOUS
10
152.071612999999985
20
-63.9189209999999974
11
151.9945620000000019
21
-63.8674379999999999
0
LINE
8
BLACK
6
CONTINUOUS
10
151.9945620000000019
20
-63.8674379999999999
11
151.9430789999999831
21
-63.7903869999999955
0
LINE
8
BLACK
6
CONTINUOUS
10
151.9430789999999831
20
-63.7903869999999955
11
151.9249999999999829
21
-63.6995000000000005
0
LINE
8
BLACK
6
CONTINUOUS
10
151.9249999999999829
20
-63.6995000000000005
11
151.9249999999999829
21
-63.099499999999999
0
LINE
8
BLACK
6
CONTINUOUS
10
151.9249999999999829
20
-63.099499999999999
11
151.9430789999999831
21
-63.0086129999999969
0
LINE
8
BLACK
6
CONTINUOUS
10
151.9430789999999831
20
-63.0086129999999969
11
151.9945620000000019
21
-62.9315619999999996
0
LINE
8
BLACK
6
CONTINUOUS
10
151.9945620000000019
20
-62.9315619999999996
11
152.071612999999985
21
-62.8800789999999949
0
LINE
8
BLACK
6
CONTINUOUS
10
152.071612999999985
20
-62.8800789999999949
11
152.1624999999999943
21
-62.8619999999999948
0
LINE
8
BLACK
6
CONTINUOUS
10
152.1624999999999943
20
-62.8619999999999948
11
152.2750000000000057
21
-62.8619999999999948
0
LINE
8
BLACK
6
CONTINUOUS
10
152.2750000000000057
20
-62.8619999999999948
11
152.2750000000000057
21
-62.6097129999999993
0
LINE
8
BLACK
6
CONTINUOUS
10
152.2750000000000057
20
-62.6097129999999993
11
152.1648859999999956
21
-62.5536069999999995
0
LINE
8
BLACK
6
CONTINUOUS
10
152.1648859999999956
20
-62.5536069999999995
11
152.0763929999999959
21
-62.4651139999999998
0
LINE
8
BLACK
6
CONTINUOUS
10
152.0763929999999959
20
-62.4651139999999998
11
152.0195769999999982
21
-62.3536069999999967
0
LINE
8
BLACK
6
CONTINUOUS
10
152.0195769999999982
20
-62.3536069999999967
11
152.
21
-62.2299999999999969
0
LINE
8
BLACK
6
CONTINUOUS
10
152.
20
-62.2299999999999969
11
152.0195769999999982
21
-62.1063929999999971
0
LINE
8
BLACK
6
CONTINUOUS
10
152.0195769999999982
20
-62.1063929999999971
11
152.0763929999999959
21
-61.9948859999999939
0
LINE
8
BLACK
6
CONTINUOUS
10
152.0763929999999959
20
-61.9948859999999939
11
152.1648859999999956
21
-61.9063929999999942
0
LINE
8
BLACK
6
CONTINUOUS
10
152.1648859999999956
20
-61.9063929999999942
11
152.2763929999999846
21
-61.8495769999999965
0
LINE
8
BLACK
6
CONTINUOUS
10
152.2763929999999846
20
-61.8495769999999965
11
152.4000000000000057
21
-61.8299999999999983
0
LINE
8
BLACK
6
CONTINUOUS
10
152.4000000000000057
20
-61.8299999999999983
11
152.5236069999999984
21
-61.8495769999999965
0
LINE
8
BLACK
6
CONTINUOUS
10
147.8246069999999861
20
-61.722576999999994
11
147.9361140000000034
21
-61.7793929999999989
0
LINE
8
BLACK
6
CONTINUOUS
10
147.9361140000000034
20
-61.7793929999999989
11
148.0246070000000032
21
-61.8678859999999986
0
LINE
8
BLACK
6
CONTINUOUS
10
148.0246070000000032
20
-61.8678859999999986
11
148.0814230000000009
21
-61.9793929999999946
0
LINE
8
BLACK
6
CONTINUOUS
10
148.0814230000000009
20
-61.9793929999999946
11
148.1009999999999991
21
-62.1029999999999944
0
LINE
8
BLACK
6
CONTINUOUS
10
148.1009999999999991
20
-62.1029999999999944
11
148.0814230000000009
21
-62.2266069999999942
0
LINE
8
BLACK
6
CONTINUOUS
10
148.0814230000000009
20
-62.2266069999999942
11
148.0544060000000002
21
-62.2796289999999999
0
LINE
8
BLACK
6
CONTINUOUS
10
148.0544060000000002
20
-62.2796289999999999
11
148.4243889999999908
21
-62.6496119999999976
0
LINE
8
BLACK
6
CONTINUOUS
10
148.4243889999999908
20
-62.6496119999999976
11
148.4399339999999938
21
-62.6685540000000003
0
LINE
8
BLACK
6
CONTINUOUS
10
148.4399339999999938
20
-62.6685540000000003
11
148.458597999999995
21
-62.7136139999999997
0
LINE
8
BLACK
6
CONTINUOUS
10
148.458597999999995
20
-62.7136139999999997
11
148.4609999999999843
21
-62.7379999999999995
0
LINE
8
BLACK
6
CONTINUOUS
10
148.4609999999999843
20
-62.7379999999999995
11
148.4609999999999843
21
-62.8619999999999948
0
LINE
8
BLACK
6
CONTINUOUS
10
148.4609999999999843
20
-62.8619999999999948
11
148.5734999999999957
21
-62.8619999999999948
0
LINE
8
BLACK
6
CONTINUOUS
10
148.5734999999999957
20
-62.8619999999999948
11
148.6643870000000049
21
-62.8800789999999949
0
LINE
8
BLACK
6
CONTINUOUS
10
148.6643870000000049
20
-62.8800789999999949
11
148.7414379999999881
21
-62.9315619999999996
0
LINE
8
BLACK
6
CONTINUOUS
10
148.7414379999999881
20
-62.9315619999999996
11
148.7929210000000069
21
-63.0086129999999969
0
LINE
8
BLACK
6
CONTINUOUS
10
148.7929210000000069
20
-63.0086129999999969
11
148.811000000000007
21
-63.099499999999999
0
LINE
8
BLACK
6
CONTINUOUS
10
148.811000000000007
20
-63.099499999999999
11
148.811000000000007
21
-63.599499999999999
0
LINE
8
BLACK
6
CONTINUOUS
10
148.811000000000007
20
-63.599499999999999
11
148.7929210000000069
21
-63.6903869999999941
0
LINE
8
BLACK
6
CONTINUOUS
10
148.7929210000000069
20
-63.6903869999999941
11
148.7414379999999881
21
-63.7674379999999985
0
LINE
8
BLACK
6
CONTINUOUS
10
148.7414379999999881
20
-63.7674379999999985
11
148.6643870000000049
21
-63.818920999999996
0
LINE
8
BLACK
6
CONTINUOUS
10
148.6643870000000049
20
-63.818920999999996
11
148.5734999999999957
21
-63.8369999999999962
0
LINE
8
BLACK
6
CONTINUOUS
10
148.5734999999999957
20
-63.8369999999999962
11
148.0985000000000014
21
-63.8369999999999962
0
LINE
8
BLACK
6
CONTINUOUS
10
148.0985000000000014
20
-63.8369999999999962
11
148.0076129999999921
21
-63.818920999999996
0
LINE
8
BLACK
6
CONTINUOUS
10
148.0076129999999921
20
-63.818920999999996
11
147.9305619999999806
21
-63.7674379999999985
0
LINE
8
BLACK
6
CONTINUOUS
10
147.9305619999999806
20
-63.7674379999999985
11
147.8790789999999902
21
-63.6903869999999941
0
LINE
8
BLACK
6
CONTINUOUS
10
147.8790789999999902
20
-63.6903869999999941
11
147.86099999999999
21
-63.599499999999999
0
LINE
8
BLACK
6
CONTINUOUS
10
147.86099999999999
20
-63.599499999999999
11
147.86099999999999
21
-63.099499999999999
0
LINE
8
BLACK
6
CONTINUOUS
10
147.86099999999999
20
-63.099499999999999
11
147.8790789999999902
21
-63.0086129999999969
0
LINE
8
BLACK
6
CONTINUOUS
10
147.8790789999999902
20
-63.0086129999999969
11
147.9305619999999806
21
-62.9315619999999996
0
LINE
8
BLACK
6
CONTINUOUS
10
147.9305619999999806
20
-62.9315619999999996
11
148.0076129999999921
21
-62.8800789999999949
0
LINE
8
BLACK
6
CONTINUOUS
10
148.0076129999999921
20
-62.8800789999999949
11
148.0985000000000014
21
-62.8619999999999948
0
LINE
8
BLACK
6
CONTINUOUS
10
148.0985000000000014
20
-62.8619999999999948
11
148.2109999999999843
21
-62.8619999999999948
0
LINE
8
BLACK
6
CONTINUOUS
10
148.2109999999999843
20
-62.8619999999999948
11
148.2109999999999843
21
-62.7897759999999963
0
LINE
8
BLACK
6
CONTINUOUS
10
148.2109999999999843
20
-62.7897759999999963
11
147.8776289999999847
21
-62.4564059999999941
0
LINE
8
BLACK
6
CONTINUOUS
10
147.8776289999999847
20
-62.4564059999999941
11
147.8246069999999861
21
-62.4834229999999948
0
LINE
8
BLACK
6
CONTINUOUS
10
147.8246069999999861
20
-62.4834229999999948
11
147.7009999999999934
21
-62.5030000000000001
0
LINE
8
BLACK
6
CONTINUOUS
10
147.7009999999999934
20
-62.5030000000000001
11
147.5773930000000007
21
-62.4834229999999948
0
LINE
8
BLACK
6
CONTINUOUS
10
147.5773930000000007
20
-62.4834229999999948
11
147.4658859999999834
21
-62.4266069999999971
0
LINE
8
BLACK
6
CONTINUOUS
10
147.4658859999999834
20
-62.4266069999999971
11
147.3773929999999837
21
-62.3381139999999974
0
LINE
8
BLACK
6
CONTINUOUS
10
147.3773929999999837
20
-62.3381139999999974
11
147.3205769999999859
21
-62.2266069999999942
0
LINE
8
BLACK
6
CONTINUOUS
10
147.3205769999999859
20
-62.2266069999999942
11
147.3009999999999877
21
-62.1029999999999944
0
LINE
8
BLACK
6
CONTINUOUS
10
147.3009999999999877
20
-62.1029999999999944
11
147.3205769999999859
21
-61.9793929999999946
0
LINE
8
BLACK
6
CONTINUOUS
10
147.3205769999999859
20
-61.9793929999999946
11
147.3773929999999837
21
-61.8678859999999986
0
LINE
8
BLACK
6
CONTINUOUS
10
147.3773929999999837
20
-61.8678859999999986
11
147.4658859999999834
21
-61.7793929999999989
0
LINE
8
BLACK
6
CONTINUOUS
10
147.4658859999999834
20
-61.7793929999999989
11
147.5773930000000007
21
-61.722576999999994
0
LINE
8
BLACK
6
CONTINUOUS
10
147.5773930000000007
20
-61.722576999999994
11
147.7009999999999934
21
-61.7029999999999959
0
LINE
8
BLACK
6
CONTINUOUS
10
147.7009999999999934
20
-61.7029999999999959
11
147.8246069999999861
21
-61.722576999999994
0
LINE
8
BLACK
6
CONTINUOUS
10
134.3932639999999878
20
-58.5268820000000005
11
134.4156610000000001
21
-58.5361589999999978
0
LINE
8
BLACK
6
CONTINUOUS
10
134.4156610000000001
20
-58.5361589999999978
11
134.4473349999999812
21
-58.5492789999999985
0
LINE
8
BLACK
6
CONTINUOUS
10
134.4473349999999812
20
-58.5492789999999985
11
134.4700660000000028
21
-58.5679339999999939
0
LINE
8
BLACK
6
CONTINUOUS
10
134.4700660000000028
20
-58.5679339999999939
11
134.9660659999999837
21
-59.0639339999999962
0
LINE
8
BLACK
6
CONTINUOUS
10
134.9660659999999837
20
-59.0639339999999962
11
134.9847210000000075
21
-59.0866649999999964
0
LINE
8
BLACK
6
CONTINUOUS
10
134.9847210000000075
20
-59.0866649999999964
11
134.9902439999999899
21
-59.0999999999999943
0
LINE
8
BLACK
6
CONTINUOUS
10
134.9902439999999899
20
-59.0999999999999943
11
135.0008249999999919
21
-59.1255449999999954
0
LINE
8
BLACK
6
CONTINUOUS
10
135.0008249999999919
20
-59.1255449999999954
11
135.0677079999999819
21
-59.1451840000000004
0
LINE
8
BLACK
6
CONTINUOUS
10
135.0677079999999819
20
-59.1451840000000004
11
135.1874300000000062
21
-59.2221249999999984
0
LINE
8
BLACK
6
CONTINUOUS
10
135.1874300000000062
20
-59.2221249999999984
11
135.2806269999999813
21
-59.3296799999999962
0
LINE
8
BLACK
6
CONTINUOUS
10
135.2806269999999813
20
-59.3296799999999962
11
135.339745999999991
21
-59.4591339999999988
0
LINE
8
BLACK
6
CONTINUOUS
10
135.339745999999991
20
-59.4591339999999988
11
135.3599999999999852
21
-59.5999999999999943
0
LINE
8
BLACK
6
CONTINUOUS
10
135.3599999999999852
20
-59.5999999999999943
11
135.339745999999991
21
-59.7408659999999969
0
LINE
8
BLACK
6
CONTINUOUS
10
135.339745999999991
20
-59.7408659999999969
11
135.2806269999999813
21
-59.8703199999999995
0
LINE
8
BLACK
6
CONTINUOUS
10
135.2806269999999813
20
-59.8703199999999995
11
135.1874300000000062
21
-59.9778749999999974
0
LINE
8
BLACK
6
CONTINUOUS
10
135.1874300000000062
20
-59.9778749999999974
11
135.0677079999999819
21
-60.0548159999999953
0
LINE
8
BLACK
6
CONTINUOUS
10
135.0677079999999819
20
-60.0548159999999953
11
134.9311569999999847
21
-60.0949109999999962
0
LINE
8
BLACK
6
CONTINUOUS
10
134.9311569999999847
20
-60.0949109999999962
11
134.7888429999999858
21
-60.0949109999999962
0
LINE
8
BLACK
6
CONTINUOUS
10
134.7888429999999858
20
-60.0949109999999962
11
134.6522919999999885
21
-60.0548159999999953
0
LINE
8
BLACK
6
CONTINUOUS
10
134.6522919999999885
20
-60.0548159999999953
11
134.5325699999999927
21
-59.9778749999999974
0
LINE
8
BLACK
6
CONTINUOUS
10
134.5325699999999927
20
-59.9778749999999974
11
134.4393729999999891
21
-59.8703199999999995
0
LINE
8
BLACK
6
CONTINUOUS
10
134.4393729999999891
20
-59.8703199999999995
11
134.3802540000000079
21
-59.7408659999999969
0
LINE
8
BLACK
6
CONTINUOUS
10
134.3802540000000079
20
-59.7408659999999969
11
134.3599999999999852
21
-59.5999999999999943
0
LINE
8
BLACK
6
CONTINUOUS
10
134.3599999999999852
20
-59.5999999999999943
11
134.3802540000000079
21
-59.4591339999999988
0
LINE
8
BLACK
6
CONTINUOUS
10
134.3802540000000079
20
-59.4591339999999988
11
134.4393729999999891
21
-59.3296799999999962
0
LINE
8
BLACK
6
CONTINUOUS
10
134.4393729999999891
20
-59.3296799999999962
11
134.5325699999999927
21
-59.2221249999999984
0
LINE
8
BLACK
6
CONTINUOUS
10
134.5325699999999927
20
-59.2221249999999984
11
134.634490999999997
21
-59.1566229999999962
0
LINE
8
BLACK
6
CONTINUOUS
10
134.634490999999997
20
-59.1566229999999962
11
134.3018679999999847
21
-58.8239999999999981
0
LINE
8
BLACK
6
CONTINUOUS
10
134.3018679999999847
20
-58.8239999999999981
11
132.8781319999999937
21
-58.8239999999999981
0
LINE
8
BLACK
6
CONTINUOUS
10
132.8781319999999937
20
-58.8239999999999981
11
132.4839999999999804
21
-59.2181319999999971
0
LINE
8
BLACK
6
CONTINUOUS
10
132.4839999999999804
20
-59.2181319999999971
11
132.4839999999999804
21
-61.4058679999999981
0
LINE
8
BLACK
6
CONTINUOUS
10
132.4839999999999804
20
-61.4058679999999981
11
133.4121319999999855
21
-62.3339999999999961
0
LINE
8
BLACK
6
CONTINUOUS
10
133.4121319999999855
20
-62.3339999999999961
11
138.5710249999999917
21
-62.3339999999999961
0
LINE
8
BLACK
6
CONTINUOUS
10
138.5710249999999917
20
-62.3339999999999961
11
138.6143930000000069
21
-62.2488859999999988
0
LINE
8
BLACK
6
CONTINUOUS
10
138.6143930000000069
20
-62.2488859999999988
11
138.7028860000000066
21
-62.1603929999999991
0
LINE
8
BLACK
6
CONTINUOUS
10
138.7028860000000066
20
-62.1603929999999991
11
138.8143929999999955
21
-62.1035769999999943
0
LINE
8
BLACK
6
CONTINUOUS
10
138.8143929999999955
20
-62.1035769999999943
11
138.9379999999999882
21
-62.0839999999999961
0
LINE
8
BLACK
6
CONTINUOUS
10
138.9379999999999882
20
-62.0839999999999961
11
139.0616069999999809
21
-62.1035769999999943
0
LINE
8
BLACK
6
CONTINUOUS
10
139.0616069999999809
20
-62.1035769999999943
11
139.1731139999999982
21
-62.1603929999999991
0
LINE
8
BLACK
6
CONTINUOUS
10
139.1731139999999982
20
-62.1603929999999991
11
139.2616069999999979
21
-62.2488859999999988
0
LINE
8
BLACK
6
CONTINUOUS
10
139.2616069999999979
20
-62.2488859999999988
11
139.3184229999999957
21
-62.3603929999999949
0
LINE
8
BLACK
6
CONTINUOUS
10
139.3184229999999957
20
-62.3603929999999949
11
139.3379999999999939
21
-62.4839999999999947
0
LINE
8
BLACK
6
CONTINUOUS
10
139.3379999999999939
20
-62.4839999999999947
11
139.3184229999999957
21
-62.6076069999999945
0
LINE
8
BLACK
6
CONTINUOUS
10
139.3184229999999957
20
-62.6076069999999945
11
139.2616069999999979
21
-62.7191139999999976
0
LINE
8
BLACK
6
CONTINUOUS
10
139.2616069999999979
20
-62.7191139999999976
11
139.1731139999999982
21
-62.8076069999999973
0
LINE
8
BLACK
6
CONTINUOUS
10
139.1731139999999982
20
-62.8076069999999973
11
139.0616069999999809
21
-62.8644229999999951
0
LINE
8
BLACK
6
CONTINUOUS
10
139.0616069999999809
20
-62.8644229999999951
11
138.9379999999999882
21
-62.8840000000000003
0
LINE
8
BLACK
6
CONTINUOUS
10
138.9379999999999882
20
-62.8840000000000003
11
138.8143929999999955
21
-62.8644229999999951
0
LINE
8
BLACK
6
CONTINUOUS
10
138.8143929999999955
20
-62.8644229999999951
11
138.7028860000000066
21
-62.8076069999999973
0
LINE
8
BLACK
6
CONTINUOUS
10
138.7028860000000066
20
-62.8076069999999973
11
138.6143930000000069
21
-62.7191139999999976
0
LINE
8
BLACK
6
CONTINUOUS
10
138.6143930000000069
20
-62.7191139999999976
11
138.5710249999999917
21
-62.6340000000000003
0
LINE
8
BLACK
6
CONTINUOUS
10
138.5710249999999917
20
-62.6340000000000003
11
133.3499999999999943
21
-62.6340000000000003
0
LINE
8
BLACK
6
CONTINUOUS
10
133.3499999999999943
20
-62.6340000000000003
11
133.3207359999999824
21
-62.6311179999999936
0
LINE
8
BLACK
6
CONTINUOUS
10
133.3207359999999824
20
-62.6311179999999936
11
133.282794999999993
21
-62.615401999999996
0
LINE
8
BLACK
6
CONTINUOUS
10
133.282794999999993
20
-62.615401999999996
11
133.266664999999989
21
-62.6087209999999956
0
LINE
8
BLACK
6
CONTINUOUS
10
133.266664999999989
20
-62.6087209999999956
11
133.2439339999999959
21
-62.5900660000000002
0
LINE
8
BLACK
6
CONTINUOUS
10
133.2439339999999959
20
-62.5900660000000002
11
132.2279340000000047
21
-61.5740659999999949
0
LINE
8
BLACK
6
CONTINUOUS
10
132.2279340000000047
20
-61.5740659999999949
11
132.2092789999999809
21
-61.5513349999999946
0
LINE
8
BLACK
6
CONTINUOUS
10
132.2092789999999809
20
-61.5513349999999946
11
132.1868819999999971
21
-61.4972629999999967
0
LINE
8
BLACK
6
CONTINUOUS
10
132.1868819999999971
20
-61.4972629999999967
11
132.1839999999999975
21
-61.4679999999999964
0
LINE
8
BLACK
6
CONTINUOUS
10
132.1839999999999975
20
-61.4679999999999964
11
132.1839999999999975
21
-59.1559999999999988
0
LINE
8
BLACK
6
CONTINUOUS
10
132.1839999999999975
20
-59.1559999999999988
11
132.1868819999999971
21
-59.126735999999994
0
LINE
8
BLACK
6
CONTINUOUS
10
132.1868819999999971
20
-59.126735999999994
11
132.2034809999999823
21
-59.086663999999999
0
LINE
8
BLACK
6
CONTINUOUS
10
132.2034809999999823
20
-59.086663999999999
11
132.2092789999999809
21
-59.0726650000000006
0
LINE
8
BLACK
6
CONTINUOUS
10
132.2092789999999809
20
-59.0726650000000006
11
132.2279340000000047
21
-59.0499340000000004
0
LINE
8
BLACK
6
CONTINUOUS
10
132.2279340000000047
20
-59.0499340000000004
11
132.7099340000000041
21
-58.5679339999999939
0
LINE
8
BLACK
6
CONTINUOUS
10
132.7099340000000041
20
-58.5679339999999939
11
132.7326649999999972
21
-58.5492789999999985
0
LINE
8
BLACK
6
CONTINUOUS
10
132.7326649999999972
20
-58.5492789999999985
11
132.7643390000000068
21
-58.5361589999999978
0
LINE
8
BLACK
6
CONTINUOUS
10
132.7643390000000068
20
-58.5361589999999978
11
132.7867359999999906
21
-58.5268820000000005
0
LINE
8
BLACK
6
CONTINUOUS
10
132.7867359999999906
20
-58.5268820000000005
11
132.8160000000000025
21
-58.5239999999999938
0
LINE
8
BLACK
6
CONTINUOUS
10
132.8160000000000025
20
-58.5239999999999938
11
134.3640000000000043
21
-58.5239999999999938
0
LINE
8
BLACK
6
CONTINUOUS
10
134.3640000000000043
20
-58.5239999999999938
11
134.3932639999999878
21
-58.5268820000000005
0
LINE
8
BLACK
6
CONTINUOUS
10
144.8020609999999806
20
-58.4205970000000008
11
144.9789409999999918
21
-58.4380179999999996
0
LINE
8
BLACK
6
CONTINUOUS
10
144.9789409999999918
20
-58.4380179999999996
11
145.0027690000000007
21
-58.4427570000000003
0
LINE
8
BLACK
6
CONTINUOUS
10
145.0027690000000007
20
-58.4427570000000003
11
145.1670009999999991
21
-58.4925759999999997
0
LINE
8
BLACK
6
CONTINUOUS
10
145.1670009999999991
20
-58.4925759999999997
11
145.1894529999999861
21
-58.5018770000000004
0
LINE
8
BLACK
6
CONTINUOUS
10
145.1894529999999861
20
-58.5018770000000004
11
145.3407980000000066
21
-58.5827719999999985
0
LINE
8
BLACK
6
CONTINUOUS
10
145.3407980000000066
20
-58.5827719999999985
11
145.3610099999999932
21
-58.5962770000000006
0
LINE
8
BLACK
6
CONTINUOUS
10
145.3610099999999932
20
-58.5962770000000006
11
145.4936659999999904
21
-58.7051449999999946
0
LINE
8
BLACK
6
CONTINUOUS
10
145.4936659999999904
20
-58.7051449999999946
11
145.5108539999999948
21
-58.722332999999999
0
LINE
8
BLACK
6
CONTINUOUS
10
145.5108539999999948
20
-58.722332999999999
11
145.6197219999999959
21
-58.8549889999999962
0
LINE
8
BLACK
6
CONTINUOUS
10
145.6197219999999959
20
-58.8549889999999962
11
145.6332270000000051
21
-58.875200999999997
0
LINE
8
BLACK
6
CONTINUOUS
10
145.6332270000000051
20
-58.875200999999997
11
145.7141210000000058
21
-59.0265429999999967
0
LINE
8
BLACK
6
CONTINUOUS
10
145.7141210000000058
20
-59.0265429999999967
11
145.7234239999999943
21
-59.049000999999997
0
LINE
8
BLACK
6
CONTINUOUS
10
145.7234239999999943
20
-59.049000999999997
11
145.773239999999987
21
-59.2132239999999967
0
LINE
8
BLACK
6
CONTINUOUS
10
145.773239999999987
20
-59.2132239999999967
11
145.7779819999999802
21
-59.2370649999999941
0
LINE
8
BLACK
6
CONTINUOUS
10
145.7779819999999802
20
-59.2370649999999941
11
145.7954029999999932
21
-59.4139379999999946
0
LINE
8
BLACK
6
CONTINUOUS
10
145.7954029999999932
20
-59.4139379999999946
11
145.7959999999999923
21
-59.426091999999997
0
LINE
8
BLACK
6
CONTINUOUS
10
145.7959999999999923
20
-59.426091999999997
11
145.7959999999999923
21
-61.7319069999999996
0
LINE
8
BLACK
6
CONTINUOUS
10
145.7959999999999923
20
-61.7319069999999996
11
145.7954029999999932
21
-61.744060999999995
0
LINE
8
BLACK
6
CONTINUOUS
10
145.7954029999999932
20
-61.744060999999995
11
145.7792069999999853
21
-61.9084859999999964
0
LINE
8
BLACK
6
CONTINUOUS
10
145.7792069999999853
20
-61.9084859999999964
11
145.8656069999999829
21
-61.9948859999999939
0
LINE
8
BLACK
6
CONTINUOUS
10
145.8656069999999829
20
-61.9948859999999939
11
145.9224229999999807
21
-62.1063929999999971
0
LINE
8
BLACK
6
CONTINUOUS
10
145.9224229999999807
20
-62.1063929999999971
11
145.9420000000000073
21
-62.2299999999999969
0
LINE
8
BLACK
6
CONTINUOUS
10
145.9420000000000073
20
-62.2299999999999969
11
145.9224229999999807
21
-62.3536069999999967
0
LINE
8
BLACK
6
CONTINUOUS
10
145.9224229999999807
20
-62.3536069999999967
11
145.8656069999999829
21
-62.4651139999999998
0
LINE
8
BLACK
6
CONTINUOUS
10
145.8656069999999829
20
-62.4651139999999998
11
145.7771139999999832
21
-62.5536069999999995
0
LINE
8
BLACK
6
CONTINUOUS
10
145.7771139999999832
20
-62.5536069999999995
11
145.6656069999999943
21
-62.6104229999999973
0
LINE
8
BLACK
6
CONTINUOUS
10
145.6656069999999943
20
-62.6104229999999973
11
145.5420000000000016
21
-62.6299999999999955
0
LINE
8
BLACK
6
CONTINUOUS
10
145.5420000000000016
20
-62.6299999999999955
11
145.4183929999999805
21
-62.6104229999999973
0
LINE
8
BLACK
6
CONTINUOUS
10
145.4183929999999805
20
-62.6104229999999973
11
145.3444829999999968
21
-62.5727639999999994
0
LINE
8
BLACK
6
CONTINUOUS
10
145.3444829999999968
20
-62.5727639999999994
11
145.3407980000000066
21
-62.5752269999999982
0
LINE
8
BLACK
6
CONTINUOUS
10
145.3407980000000066
20
-62.5752269999999982
11
145.2510819999999967
21
-62.6231809999999953
0
LINE
8
BLACK
6
CONTINUOUS
10
145.2510819999999967
20
-62.6231809999999953
11
145.1826790000000074
21
-62.6374229999999983
0
LINE
8
BLACK
6
CONTINUOUS
10
145.1826790000000074
20
-62.6374229999999983
11
145.1174350000000004
21
-62.6124229999999997
0
LINE
8
BLACK
6
CONTINUOUS
10
145.1174350000000004
20
-62.6124229999999997
11
145.0760649999999998
21
-62.5561179999999979
0
LINE
8
BLACK
6
CONTINUOUS
10
145.0760649999999998
20
-62.5561179999999979
11
145.0717029999999852
21
-62.4863839999999939
0
LINE
8
BLACK
6
CONTINUOUS
10
145.0717029999999852
20
-62.4863839999999939
11
145.0780619999999885
21
-62.466386
0
LINE
8
BLACK
6
CONTINUOUS
10
145.0780619999999885
20
-62.466386
11
145.1110439999999926
21
-62.3867619999999974
0
LINE
8
BLACK
6
CONTINUOUS
10
145.1110439999999926
20
-62.3867619999999974
11
145.1316819999999836
21
-62.2299999999999969
0
LINE
8
BLACK
6
CONTINUOUS
10
145.1316819999999836
20
-62.2299999999999969
11
145.1281970000000001
21
-62.2035309999999981
0
LINE
8
BLACK
6
CONTINUOUS
10
145.1281970000000001
20
-62.2035309999999981
11
145.1125909999999806
21
-62.0849869999999981
0
LINE
8
BLACK
6
CONTINUOUS
10
145.1125909999999806
20
-62.0849869999999981
11
145.1110439999999926
21
-62.0732379999999964
0
LINE
8
BLACK
6
CONTINUOUS
10
145.1110439999999926
20
-62.0732379999999964
11
145.0505359999999939
21
-61.9271589999999961
0
LINE
8
BLACK
6
CONTINUOUS
10
145.0505359999999939
20
-61.9271589999999961
11
144.9542820000000063
21
-61.8017179999999939
0
LINE
8
BLACK
6
CONTINUOUS
10
144.9542820000000063
20
-61.8017179999999939
11
144.8288409999999828
21
-61.7054639999999992
0
LINE
8
BLACK
6
CONTINUOUS
10
144.8288409999999828
20
-61.7054639999999992
11
144.6827619999999968
21
-61.6449560000000005
0
LINE
8
BLACK
6
CONTINUOUS
10
144.6827619999999968
20
-61.6449560000000005
11
144.6827600000000018
21
-61.6449549999999959
0
LINE
8
BLACK
6
CONTINUOUS
10
144.6827600000000018
20
-61.6449549999999959
11
144.5260009999999795
21
-61.6243179999999953
0
LINE
8
BLACK
6
CONTINUOUS
10
144.5260009999999795
20
-61.6243179999999953
11
144.5259989999999846
21
-61.6243179999999953
0
LINE
8
BLACK
6
CONTINUOUS
10
144.5259989999999846
20
-61.6243179999999953
11
144.3692389999999932
21
-61.6449549999999959
0
LINE
8
BLACK
6
CONTINUOUS
10
144.3692389999999932
20
-61.6449549999999959
11
144.3692369999999983
21
-61.6449560000000005
0
LINE
8
BLACK
6
CONTINUOUS
10
144.3692369999999983
20
-61.6449560000000005
11
144.2231600000000071
21
-61.7054629999999946
0
LINE
8
BLACK
6
CONTINUOUS
10
144.2231600000000071
20
-61.7054629999999946
11
144.0977179999999862
21
-61.8017179999999939
0
LINE
8
BLACK
6
CONTINUOUS
10
144.0977179999999862
20
-61.8017179999999939
11
144.0014630000000011
21
-61.9271600000000007
0
LINE
8
BLACK
6
CONTINUOUS
10
144.0014630000000011
20
-61.9271600000000007
11
143.9409559999999999
21
-62.0732369999999989
0
LINE
8
BLACK
6
CONTINUOUS
10
143.9409559999999999
20
-62.0732369999999989
11
143.9409550000000024
21
-62.0732389999999938
0
LINE
8
BLACK
6
CONTINUOUS
10
143.9409550000000024
20
-62.0732389999999938
11
143.9203179999999804
21
-62.2299979999999948
0
LINE
8
BLACK
6
CONTINUOUS
10
143.9203179999999804
20
-62.2299979999999948
11
143.9203179999999804
21
-62.2300009999999943
0
LINE
8
BLACK
6
CONTINUOUS
10
143.9203179999999804
20
-62.2300009999999943
11
143.9409550000000024
21
-62.3867599999999953
0
LINE
8
BLACK
6
CONTINUOUS
10
143.9409550000000024
20
-62.3867599999999953
11
143.9409559999999999
21
-62.3867619999999974
0
LINE
8
BLACK
6
CONTINUOUS
10
143.9409559999999999
20
-62.3867619999999974
11
144.0014630000000011
21
-62.5328400000000002
0
LINE
8
BLACK
6
CONTINUOUS
10
144.0014630000000011
20
-62.5328400000000002
11
144.0014639999999986
21
-62.5328409999999977
0
LINE
8
BLACK
6
CONTINUOUS
10
144.0014639999999986
20
-62.5328409999999977
11
144.0058159999999816
21
-62.5385129999999947
0
LINE
8
BLACK
6
CONTINUOUS
10
144.0058159999999816
20
-62.5385129999999947
11
144.0310110000000066
21
-62.6036809999999946
0
LINE
8
BLACK
6
CONTINUOUS
10
144.0310110000000066
20
-62.6036809999999946
11
144.0169730000000072
21
-62.6721259999999987
0
LINE
8
BLACK
6
CONTINUOUS
10
144.0169730000000072
20
-62.6721259999999987
11
143.9681599999999833
21
-62.7221169999999972
0
LINE
8
BLACK
6
CONTINUOUS
10
143.9681599999999833
20
-62.7221169999999972
11
143.9074410000000057
21
-62.7379999999999995
0
LINE
8
BLACK
6
CONTINUOUS
10
143.9074410000000057
20
-62.7379999999999995
11
139.6516369999999938
21
-62.7379999999999995
0
LINE
8
BLACK
6
CONTINUOUS
10
139.6516369999999938
20
-62.7379999999999995
11
139.5845979999999997
21
-62.7183149999999969
0
LINE
8
BLACK
6
CONTINUOUS
10
139.5845979999999997
20
-62.7183149999999969
11
139.5388429999999858
21
-62.6655109999999951
0
LINE
8
BLACK
6
CONTINUOUS
10
139.5388429999999858
20
-62.6655109999999951
11
139.5286979999999915
21
-62.5978149999999971
0
LINE
8
BLACK
6
CONTINUOUS
10
139.5286979999999915
20
-62.5978149999999971
11
139.5436819999999898
21
-62.4840009999999992
0
LINE
8
BLACK
6
CONTINUOUS
10
139.5436819999999898
20
-62.4840009999999992
11
139.5436819999999898
21
-62.4839979999999997
0
LINE
8
BLACK
6
CONTINUOUS
10
139.5436819999999898
20
-62.4839979999999997
11
139.5258709999999951
21
-62.348711999999999
0
LINE
8
BLACK
6
CONTINUOUS
10
139.5258709999999951
20
-62.348711999999999
11
139.5230439999999987
21
-62.3272379999999941
0
LINE
8
BLACK
6
CONTINUOUS
10
139.5230439999999987
20
-62.3272379999999941
11
139.4625360000000001
21
-62.1811589999999939
0
LINE
8
BLACK
6
CONTINUOUS
10
139.4625360000000001
20
-62.1811589999999939
11
139.366281999999984
21
-62.0557179999999988
0
LINE
8
BLACK
6
CONTINUOUS
10
139.366281999999984
20
-62.0557179999999988
11
139.240840999999989
21
-61.959463999999997
0
LINE
8
BLACK
6
CONTINUOUS
10
139.240840999999989
20
-61.959463999999997
11
139.205364000000003
21
-61.9447689999999938
0
LINE
8
BLACK
6
CONTINUOUS
10
139.205364000000003
20
-61.9447689999999938
11
139.0947620000000029
21
-61.8989559999999983
0
LINE
8
BLACK
6
CONTINUOUS
10
139.0947620000000029
20
-61.8989559999999983
11
139.0947599999999795
21
-61.8989549999999937
0
LINE
8
BLACK
6
CONTINUOUS
10
139.0947599999999795
20
-61.8989549999999937
11
138.9380009999999857
21
-61.8783180000000002
0
LINE
8
BLACK
6
CONTINUOUS
10
138.9380009999999857
20
-61.8783180000000002
11
138.9379989999999907
21
-61.8783180000000002
0
LINE
8
BLACK
6
CONTINUOUS
10
138.9379989999999907
20
-61.8783180000000002
11
138.7812389999999994
21
-61.8989549999999937
0
LINE
8
BLACK
6
CONTINUOUS
10
138.7812389999999994
20
-61.8989549999999937
11
138.7812370000000044
21
-61.8989559999999983
0
LINE
8
BLACK
6
CONTINUOUS
10
138.7812370000000044
20
-61.8989559999999983
11
138.6351599999999848
21
-61.9594629999999995
0
LINE
8
BLACK
6
CONTINUOUS
10
138.6351599999999848
20
-61.9594629999999995
11
138.6351589999999874
21
-61.959463999999997
0
LINE
8
BLACK
6
CONTINUOUS
10
138.6351589999999874
20
-61.959463999999997
11
138.5097179999999923
21
-62.0557179999999988
0
LINE
8
BLACK
6
CONTINUOUS
10
138.5097179999999923
20
-62.0557179999999988
11
138.4872579999999971
21
-62.0849879999999956
0
LINE
8
BLACK
6
CONTINUOUS
10
138.4872579999999971
20
-62.0849879999999956
11
138.430831999999981
21
-62.1261889999999966
0
LINE
8
BLACK
6
CONTINUOUS
10
138.430831999999981
20
-62.1261889999999966
11
138.3888839999999902
21
-62.133499999999998
0
LINE
8
BLACK
6
CONTINUOUS
10
138.3888839999999902
20
-62.133499999999998
11
137.0779729999999859
21
-62.133499999999998
0
LINE
8
BLACK
6
CONTINUOUS
10
137.0779729999999859
20
-62.133499999999998
11
137.0109339999999918
21
-62.1138149999999953
0
LINE
8
BLACK
6
CONTINUOUS
10
137.0109339999999918
20
-62.1138149999999953
11
136.9651790000000062
21
-62.0610110000000006
0
LINE
8
BLACK
6
CONTINUOUS
10
136.9651790000000062
20
-62.0610110000000006
11
136.9593119999999828
21
-62.0454949999999954
0
LINE
8
BLACK
6
CONTINUOUS
10
136.9593119999999828
20
-62.0454949999999954
11
136.9332149999999899
21
-61.9594629999999995
0
LINE
8
BLACK
6
CONTINUOUS
10
136.9332149999999899
20
-61.9594629999999995
11
136.9287569999999903
21
-61.9447689999999938
0
LINE
8
BLACK
6
CONTINUOUS
10
136.9287569999999903
20
-61.9447689999999938
11
136.9240179999999896
21
-61.9209409999999991
0
LINE
8
BLACK
6
CONTINUOUS
10
136.9240179999999896
20
-61.9209409999999991
11
136.906597000000005
21
-61.744060999999995
0
LINE
8
BLACK
6
CONTINUOUS
10
136.906597000000005
20
-61.744060999999995
11
136.9060000000000059
21
-61.7319069999999996
0
LINE
8
BLACK
6
CONTINUOUS
10
136.9060000000000059
20
-61.7319069999999996
11
136.9060000000000059
21
-61.6069679999999948
0
LINE
8
BLACK
6
CONTINUOUS
10
136.9060000000000059
20
-61.6069679999999948
11
136.9256849999999872
21
-61.5399289999999937
0
LINE
8
BLACK
6
CONTINUOUS
10
136.9256849999999872
20
-61.5399289999999937
11
136.9784889999999962
21
-61.4941739999999939
0
LINE
8
BLACK
6
CONTINUOUS
10
136.9784889999999962
20
-61.4941739999999939
11
137.0476469999999836
21
-61.4842299999999966
0
LINE
8
BLACK
6
CONTINUOUS
10
137.0476469999999836
20
-61.4842299999999966
11
137.0876260000000002
21
-61.4971719999999991
0
LINE
8
BLACK
6
CONTINUOUS
10
137.0876260000000002
20
-61.4971719999999991
11
137.1497729999999819
21
-61.5297889999999938
0
LINE
8
BLACK
6
CONTINUOUS
10
137.1497729999999819
20
-61.5297889999999938
11
137.1497750000000053
21
-61.5297899999999984
0
LINE
8
BLACK
6
CONTINUOUS
10
137.1497750000000053
20
-61.5297899999999984
11
137.314943999999997
21
-61.5704999999999956
0
LINE
8
BLACK
6
CONTINUOUS
10
137.314943999999997
20
-61.5704999999999956
11
137.4850559999999859
21
-61.5704999999999956
0
LINE
8
BLACK
6
CONTINUOUS
10
137.4850559999999859
20
-61.5704999999999956
11
137.650225000000006
21
-61.5297899999999984
0
LINE
8
BLACK
6
CONTINUOUS
10
137.650225000000006
20
-61.5297899999999984
11
137.7370310000000018
21
-61.4842299999999966
0
LINE
8
BLACK
6
CONTINUOUS
10
137.7370310000000018
20
-61.4842299999999966
11
137.8008489999999995
21
-61.4507359999999991
0
LINE
8
BLACK
6
CONTINUOUS
10
137.8008489999999995
20
-61.4507359999999991
11
137.800849999999997
21
-61.4507339999999971
0
LINE
8
BLACK
6
CONTINUOUS
10
137.800849999999997
20
-61.4507339999999971
11
137.8008519999999919
21
-61.4507339999999971
0
LINE
8
BLACK
6
CONTINUOUS
10
137.8008519999999919
20
-61.4507339999999971
11
137.92818299999999
21
-61.3379289999999955
0
LINE
8
BLACK
6
CONTINUOUS
10
137.92818299999999
20
-61.3379289999999955
11
137.9329500000000053
21
-61.3310209999999998
0
LINE
8
BLACK
6
CONTINUOUS
10
137.9329500000000053
20
-61.3310209999999998
11
137.9872299999999825
21
-61.2870329999999939
0
LINE
8
BLACK
6
CONTINUOUS
10
137.9872299999999825
20
-61.2870329999999939
11
138.0566780000000051
21
-61.2793719999999951
0
LINE
8
BLACK
6
CONTINUOUS
10
138.0566780000000051
20
-61.2793719999999951
11
138.1192439999999806
21
-61.3104729999999947
0
LINE
8
BLACK
6
CONTINUOUS
10
138.1192439999999806
20
-61.3104729999999947
11
138.137045999999998
21
-61.3310169999999957
0
LINE
8
BLACK
6
CONTINUOUS
10
138.137045999999998
20
-61.3310169999999957
11
138.1418170000000032
21
-61.3379289999999955
0
LINE
8
BLACK
6
CONTINUOUS
10
138.1418170000000032
20
-61.3379289999999955
11
138.1997309999999857
21
-61.3892359999999968
0
LINE
8
BLACK
6
CONTINUOUS
10
138.1997309999999857
20
-61.3892359999999968
11
138.2691499999999962
21
-61.4507359999999991
0
LINE
8
BLACK
6
CONTINUOUS
10
138.2691499999999962
20
-61.4507359999999991
11
138.4197729999999922
21
-61.5297889999999938
0
LINE
8
BLACK
6
CONTINUOUS
10
138.4197729999999922
20
-61.5297889999999938
11
138.4197749999999871
21
-61.5297899999999984
0
LINE
8
BLACK
6
CONTINUOUS
10
138.4197749999999871
20
-61.5297899999999984
11
138.5849440000000072
21
-61.5704999999999956
0
LINE
8
BLACK
6
CONTINUOUS
10
138.5849440000000072
20
-61.5704999999999956
11
138.7550559999999962
21
-61.5704999999999956
0
LINE
8
BLACK
6
CONTINUOUS
10
138.7550559999999962
20
-61.5704999999999956
11
138.9202249999999879
21
-61.5297899999999984
0
LINE
8
BLACK
6
CONTINUOUS
10
138.9202249999999879
20
-61.5297899999999984
11
139.0070309999999836
21
-61.4842299999999966
0
LINE
8
BLACK
6
CONTINUOUS
10
139.0070309999999836
20
-61.4842299999999966
11
139.0708489999999813
21
-61.4507359999999991
0
LINE
8
BLACK
6
CONTINUOUS
10
139.0708489999999813
20
-61.4507359999999991
11
139.0708500000000072
21
-61.4507339999999971
0
LINE
8
BLACK
6
CONTINUOUS
10
139.0708500000000072
20
-61.4507339999999971
11
139.0708520000000021
21
-61.4507339999999971
0
LINE
8
BLACK
6
CONTINUOUS
10
139.0708520000000021
20
-61.4507339999999971
11
139.1981830000000002
21
-61.3379289999999955
0
LINE
8
BLACK
6
CONTINUOUS
10
139.1981830000000002
20
-61.3379289999999955
11
139.2948179999999923
21
-61.1979299999999995
0
LINE
8
BLACK
6
CONTINUOUS
10
139.2948179999999923
20
-61.1979299999999995
11
139.3551400000000058
21
-61.0388719999999978
0
LINE
8
BLACK
6
CONTINUOUS
10
139.3551400000000058
20
-61.0388719999999978
11
139.3756449999999916
21
-60.8699999999999974
0
LINE
8
BLACK
6
CONTINUOUS
10
139.3756449999999916
20
-60.8699999999999974
11
139.3551400000000058
21
-60.7011279999999971
0
LINE
8
BLACK
6
CONTINUOUS
10
139.3551400000000058
20
-60.7011279999999971
11
139.2948179999999923
21
-60.5420699999999954
0
LINE
8
BLACK
6
CONTINUOUS
10
139.2948179999999923
20
-60.5420699999999954
11
139.2886039999999923
21
-60.5330680000000001
0
LINE
8
BLACK
6
CONTINUOUS
10
139.2886039999999923
20
-60.5330680000000001
11
139.2667219999999872
21
-60.4667139999999961
0
LINE
8
BLACK
6
CONTINUOUS
10
139.2667219999999872
20
-60.4667139999999961
11
139.2841870000000029
21
-60.3990629999999982
0
LINE
8
BLACK
6
CONTINUOUS
10
139.2841870000000029
20
-60.3990629999999982
11
139.3119910000000061
21
-60.3667739999999995
0
LINE
8
BLACK
6
CONTINUOUS
10
139.3119910000000061
20
-60.3667739999999995
11
139.3805289999999957
21
-60.3105270000000004
0
LINE
8
BLACK
6
CONTINUOUS
10
139.3805289999999957
20
-60.3105270000000004
11
139.5054920000000038
21
-60.1582599999999985
0
LINE
8
BLACK
6
CONTINUOUS
10
139.5054920000000038
20
-60.1582599999999985
11
139.5054959999999937
21
-60.1582529999999949
0
LINE
8
BLACK
6
CONTINUOUS
10
139.5054959999999937
20
-60.1582529999999949
11
139.5983469999999897
21
-59.9845410000000001
0
LINE
8
BLACK
6
CONTINUOUS
10
139.5983469999999897
20
-59.9845410000000001
11
139.6391600000000039
21
-59.8499999999999943
0
LINE
8
BLACK
6
CONTINUOUS
10
139.6391600000000039
20
-59.8499999999999943
11
139.0999070000000017
21
-59.8499999999999943
0
LINE
8
BLACK
6
CONTINUOUS
10
139.0999070000000017
20
-59.8499999999999943
11
139.0906269999999836
21
-59.8703199999999995
0
LINE
8
BLACK
6
CONTINUOUS
10
139.0906269999999836
20
-59.8703199999999995
11
138.9974299999999801
21
-59.9778749999999974
0
LINE
8
BLACK
6
CONTINUOUS
10
138.9974299999999801
20
-59.9778749999999974
11
138.8777079999999842
21
-60.0548159999999953
0
LINE
8
BLACK
6
CONTINUOUS
10
138.8777079999999842
20
-60.0548159999999953
11
138.741156999999987
21
-60.0949109999999962
0
LINE
8
BLACK
6
CONTINUOUS
10
138.741156999999987
20
-60.0949109999999962
11
138.598842999999988
21
-60.0949109999999962
0
LINE
8
BLACK
6
CONTINUOUS
10
138.598842999999988
20
-60.0949109999999962
11
138.4622919999999908
21
-60.0548159999999953
0
LINE
8
BLACK
6
CONTINUOUS
10
138.4622919999999908
20
-60.0548159999999953
11
138.3425699999999949
21
-59.9778749999999974
0
LINE
8
BLACK
6
CONTINUOUS
10
138.3425699999999949
20
-59.9778749999999974
11
138.2493729999999914
21
-59.8703199999999995
0
LINE
8
BLACK
6
CONTINUOUS
10
138.2493729999999914
20
-59.8703199999999995
11
138.2400930000000017
21
-59.8499999999999943
0
LINE
8
BLACK
6
CONTINUOUS
10
138.2400930000000017
20
-59.8499999999999943
11
137.8299069999999915
21
-59.8499999999999943
0
LINE
8
BLACK
6
CONTINUOUS
10
137.8299069999999915
20
-59.8499999999999943
11
137.8206270000000018
21
-59.8703199999999995
0
LINE
8
BLACK
6
CONTINUOUS
10
137.8206270000000018
20
-59.8703199999999995
11
137.7274299999999982
21
-59.9778749999999974
0
LINE
8
BLACK
6
CONTINUOUS
10
137.7274299999999982
20
-59.9778749999999974
11
137.6077080000000024
21
-60.0548159999999953
0
LINE
8
BLACK
6
CONTINUOUS
10
137.6077080000000024
20
-60.0548159999999953
11
137.4711570000000052
21
-60.0949109999999962
0
LINE
8
BLACK
6
CONTINUOUS
10
137.4711570000000052
20
-60.0949109999999962
11
137.3288430000000062
21
-60.0949109999999962
0
LINE
8
BLACK
6
CONTINUOUS
10
137.3288430000000062
20
-60.0949109999999962
11
137.1922919999999806
21
-60.0548159999999953
0
LINE
8
BLACK
6
CONTINUOUS
10
137.1922919999999806
20
-60.0548159999999953
11
137.0725699999999847
21
-59.9778749999999974
0
LINE
8
BLACK
6
CONTINUOUS
10
137.0725699999999847
20
-59.9778749999999974
11
136.9793729999999812
21
-59.8703199999999995
0
LINE
8
BLACK
6
CONTINUOUS
10
136.9793729999999812
20
-59.8703199999999995
11
136.9202539999999999
21
-59.7408659999999969
0
LINE
8
BLACK
6
CONTINUOUS
10
136.9202539999999999
20
-59.7408659999999969
11
136.9000000000000057
21
-59.5999999999999943
0
LINE
8
BLACK
6
CONTINUOUS
10
136.9000000000000057
20
-59.5999999999999943
11
136.9202539999999999
21
-59.4591339999999988
0
LINE
8
BLACK
6
CONTINUOUS
10
136.9202539999999999
20
-59.4591339999999988
11
136.9793729999999812
21
-59.3296799999999962
0
LINE
8
BLACK
6
CONTINUOUS
10
136.9793729999999812
20
-59.3296799999999962
11
137.0725699999999847
21
-59.2221249999999984
0
LINE
8
BLACK
6
CONTINUOUS
10
137.0725699999999847
20
-59.2221249999999984
11
137.1922919999999806
21
-59.1451840000000004
0
LINE
8
BLACK
6
CONTINUOUS
10
137.1922919999999806
20
-59.1451840000000004
11
137.3288430000000062
21
-59.1050889999999995
0
LINE
8
BLACK
6
CONTINUOUS
10
137.3288430000000062
20
-59.1050889999999995
11
137.4711570000000052
21
-59.1050889999999995
0
LINE
8
BLACK
6
CONTINUOUS
10
137.4711570000000052
20
-59.1050889999999995
11
137.6077080000000024
21
-59.1451840000000004
0
LINE
8
BLACK
6
CONTINUOUS
10
137.6077080000000024
20
-59.1451840000000004
11
137.7274299999999982
21
-59.2221249999999984
0
LINE
8
BLACK
6
CONTINUOUS
10
137.7274299999999982
20
-59.2221249999999984
11
137.8206270000000018
21
-59.3296799999999962
0
LINE
8
BLACK
6
CONTINUOUS
10
137.8206270000000018
20
-59.3296799999999962
11
137.8299069999999915
21
-59.3499999999999943
0
LINE
8
BLACK
6
CONTINUOUS
10
137.8299069999999915
20
-59.3499999999999943
11
138.2400930000000017
21
-59.3499999999999943
0
LINE
8
BLACK
6
CONTINUOUS
10
138.2400930000000017
20
-59.3499999999999943
11
138.2493729999999914
21
-59.3296799999999962
0
LINE
8
BLACK
6
CONTINUOUS
10
138.2493729999999914
20
-59.3296799999999962
11
138.3425699999999949
21
-59.2221249999999984
0
LINE
8
BLACK
6
CONTINUOUS
10
138.3425699999999949
20
-59.2221249999999984
11
138.4622919999999908
21
-59.1451840000000004
0
LINE
8
BLACK
6
CONTINUOUS
10
138.4622919999999908
20
-59.1451840000000004
11
138.598842999999988
21
-59.1050889999999995
0
LINE
8
BLACK
6
CONTINUOUS
10
138.598842999999988
20
-59.1050889999999995
11
138.741156999999987
21
-59.1050889999999995
0
LINE
8
BLACK
6
CONTINUOUS
10
138.741156999999987
20
-59.1050889999999995
11
138.8777079999999842
21
-59.1451840000000004
0
LINE
8
BLACK
6
CONTINUOUS
10
138.8777079999999842
20
-59.1451840000000004
11
138.9974299999999801
21
-59.2221249999999984
0
LINE
8
BLACK
6
CONTINUOUS
10
138.9974299999999801
20
-59.2221249999999984
11
139.0906269999999836
21
-59.3296799999999962
0
LINE
8
BLACK
6
CONTINUOUS
10
139.0906269999999836
20
-59.3296799999999962
11
139.0999070000000017
21
-59.3499999999999943
0
LINE
8
BLACK
6
CONTINUOUS
10
139.0999070000000017
20
-59.3499999999999943
11
139.6391600000000039
21
-59.3499999999999943
0
LINE
8
BLACK
6
CONTINUOUS
10
139.6391600000000039
20
-59.3499999999999943
11
139.6391600000000039
21
-59.3499989999999968
0
LINE
8
BLACK
6
CONTINUOUS
10
139.6391600000000039
20
-59.3499989999999968
11
139.5983469999999897
21
-59.2154579999999982
0
LINE
8
BLACK
6
CONTINUOUS
10
139.5983469999999897
20
-59.2154579999999982
11
139.5054959999999937
21
-59.0417459999999963
0
LINE
8
BLACK
6
CONTINUOUS
10
139.5054959999999937
20
-59.0417459999999963
11
139.5054920000000038
21
-59.0417389999999997
0
LINE
8
BLACK
6
CONTINUOUS
10
139.5054920000000038
20
-59.0417389999999997
11
139.3805279999999982
21
-58.8894710000000003
0
LINE
8
BLACK
6
CONTINUOUS
10
139.3805279999999982
20
-58.8894710000000003
11
139.2282600000000059
21
-58.7645069999999947
0
LINE
8
BLACK
6
CONTINUOUS
10
139.2282600000000059
20
-58.7645069999999947
11
139.2282529999999952
21
-58.7645029999999977
0
LINE
8
BLACK
6
CONTINUOUS
10
139.2282529999999952
20
-58.7645029999999977
11
139.0545359999999846
21
-58.6716499999999996
0
LINE
8
BLACK
6
CONTINUOUS
10
139.0545359999999846
20
-58.6716499999999996
11
139.0249000000000024
21
-58.6626599999999954
0
LINE
8
BLACK
6
CONTINUOUS
10
139.0249000000000024
20
-58.6626599999999954
11
138.966462000000007
21
-58.6243629999999953
0
LINE
8
BLACK
6
CONTINUOUS
10
138.966462000000007
20
-58.6243629999999953
11
138.938005000000004
21
-58.5605509999999967
0
LINE
8
BLACK
6
CONTINUOUS
10
138.938005000000004
20
-58.5605509999999967
11
138.9485659999999996
21
-58.4914839999999998
0
LINE
8
BLACK
6
CONTINUOUS
10
138.9485659999999996
20
-58.4914839999999998
11
138.9947909999999922
21
-58.4390900000000002
0
LINE
8
BLACK
6
CONTINUOUS
10
138.9947909999999922
20
-58.4390900000000002
11
139.0608959999999854
21
-58.4199999999999946
0
LINE
8
BLACK
6
CONTINUOUS
10
139.0608959999999854
20
-58.4199999999999946
11
144.7899069999999995
21
-58.4199999999999946
0
LINE
8
BLACK
6
CONTINUOUS
10
144.7899069999999995
20
-58.4199999999999946
11
144.8020609999999806
21
-58.4205970000000008
0
LINE
8
BLACK
6
CONTINUOUS
10
144.6496070000000032
20
-61.8495769999999965
11
144.7611139999999921
21
-61.9063929999999942
0
LINE
8
BLACK
6
CONTINUOUS
10
144.7611139999999921
20
-61.9063929999999942
11
144.8496069999999918
21
-61.9948859999999939
0
LINE
8
BLACK
6
CONTINUOUS
10
144.8496069999999918
20
-61.9948859999999939
11
144.9064229999999895
21
-62.1063929999999971
0
LINE
8
BLACK
6
CONTINUOUS
10
144.9064229999999895
20
-62.1063929999999971
11
144.9259999999999877
21
-62.2299999999999969
0
LINE
8
BLACK
6
CONTINUOUS
10
144.9259999999999877
20
-62.2299999999999969
11
144.9064229999999895
21
-62.3536069999999967
0
LINE
8
BLACK
6
CONTINUOUS
10
144.9064229999999895
20
-62.3536069999999967
11
144.8496069999999918
21
-62.4651139999999998
0
LINE
8
BLACK
6
CONTINUOUS
10
144.8496069999999918
20
-62.4651139999999998
11
144.7611139999999921
21
-62.5536069999999995
0
LINE
8
BLACK
6
CONTINUOUS
10
144.7611139999999921
20
-62.5536069999999995
11
144.6496070000000032
21
-62.6104229999999973
0
LINE
8
BLACK
6
CONTINUOUS
10
144.6496070000000032
20
-62.6104229999999973
11
144.525999999999982
21
-62.6299999999999955
0
LINE
8
BLACK
6
CONTINUOUS
10
144.525999999999982
20
-62.6299999999999955
11
144.4023929999999893
21
-62.6104229999999973
0
LINE
8
BLACK
6
CONTINUOUS
10
144.4023929999999893
20
-62.6104229999999973
11
144.2908860000000004
21
-62.5536069999999995
0
LINE
8
BLACK
6
CONTINUOUS
10
144.2908860000000004
20
-62.5536069999999995
11
144.2023930000000007
21
-62.4651139999999998
0
LINE
8
BLACK
6
CONTINUOUS
10
144.2023930000000007
20
-62.4651139999999998
11
144.145577000000003
21
-62.3536069999999967
0
LINE
8
BLACK
6
CONTINUOUS
10
144.145577000000003
20
-62.3536069999999967
11
144.1260000000000048
21
-62.2299999999999969
0
LINE
8
BLACK
6
CONTINUOUS
10
144.1260000000000048
20
-62.2299999999999969
11
144.145577000000003
21
-62.1063929999999971
0
LINE
8
BLACK
6
CONTINUOUS
10
144.145577000000003
20
-62.1063929999999971
11
144.2023930000000007
21
-61.9948859999999939
0
LINE
8
BLACK
6
CONTINUOUS
10
144.2023930000000007
20
-61.9948859999999939
11
144.2908860000000004
21
-61.9063929999999942
0
LINE
8
BLACK
6
CONTINUOUS
10
144.2908860000000004
20
-61.9063929999999942
11
144.4023929999999893
21
-61.8495769999999965
0
LINE
8
BLACK
6
CONTINUOUS
10
144.4023929999999893
20
-61.8495769999999965
11
144.525999999999982
21
-61.8299999999999983
0
LINE
8
BLACK
6
CONTINUOUS
10
144.525999999999982
20
-61.8299999999999983
11
144.6496070000000032
21
-61.8495769999999965
0
LINE
8
BLACK
6
CONTINUOUS
10
133.7977080000000001
20
-60.4151839999999964
11
133.917429999999996
21
-60.4921249999999944
0
LINE
8
BLACK
6
CONTINUOUS
10
133.917429999999996
20
-60.4921249999999944
11
134.0106269999999995
21
-60.5996799999999993
0
LINE
8
BLACK
6
CONTINUOUS
10
134.0106269999999995
20
-60.5996799999999993
11
134.0697459999999808
21
-60.7291339999999948
0
LINE
8
BLACK
6
CONTINUOUS
10
134.0697459999999808
20
-60.7291339999999948
11
134.0900000000000034
21
-60.8699999999999974
0
LINE
8
BLACK
6
CONTINUOUS
10
134.0900000000000034
20
-60.8699999999999974
11
134.0697459999999808
21
-61.010866
0
LINE
8
BLACK
6
CONTINUOUS
10
134.0697459999999808
20
-61.010866
11
134.0106269999999995
21
-61.1403199999999956
0
LINE
8
BLACK
6
CONTINUOUS
10
134.0106269999999995
20
-61.1403199999999956
11
133.917429999999996
21
-61.2478750000000005
0
LINE
8
BLACK
6
CONTINUOUS
10
133.917429999999996
20
-61.2478750000000005
11
133.7977080000000001
21
-61.3248159999999984
0
LINE
8
BLACK
6
CONTINUOUS
10
133.7977080000000001
20
-61.3248159999999984
11
133.6611570000000029
21
-61.3649109999999993
0
LINE
8
BLACK
6
CONTINUOUS
10
133.6611570000000029
20
-61.3649109999999993
11
133.5188430000000039
21
-61.3649109999999993
0
LINE
8
BLACK
6
CONTINUOUS
10
133.5188430000000039
20
-61.3649109999999993
11
133.3822920000000067
21
-61.3248159999999984
0
LINE
8
BLACK
6
CONTINUOUS
10
133.3822920000000067
20
-61.3248159999999984
11
133.2625699999999824
21
-61.2478750000000005
0
LINE
8
BLACK
6
CONTINUOUS
10
133.2625699999999824
20
-61.2478750000000005
11
133.1693730000000073
21
-61.1403199999999956
0
LINE
8
BLACK
6
CONTINUOUS
10
133.1693730000000073
20
-61.1403199999999956
11
133.1102539999999976
21
-61.010866
0
LINE
8
BLACK
6
CONTINUOUS
10
133.1102539999999976
20
-61.010866
11
133.0900000000000034
21
-60.8699999999999974
0
LINE
8
BLACK
6
CONTINUOUS
10
133.0900000000000034
20
-60.8699999999999974
11
133.1102539999999976
21
-60.7291339999999948
0
LINE
8
BLACK
6
CONTINUOUS
10
133.1102539999999976
20
-60.7291339999999948
11
133.1693730000000073
21
-60.5996799999999993
0
LINE
8
BLACK
6
CONTINUOUS
10
133.1693730000000073
20
-60.5996799999999993
11
133.2625699999999824
21
-60.4921249999999944
0
LINE
8
BLACK
6
CONTINUOUS
10
133.2625699999999824
20
-60.4921249999999944
11
133.3822920000000067
21
-60.4151839999999964
0
LINE
8
BLACK
6
CONTINUOUS
10
133.3822920000000067
20
-60.4151839999999964
11
133.5188430000000039
21
-60.3750889999999956
0
LINE
8
BLACK
6
CONTINUOUS
10
133.5188430000000039
20
-60.3750889999999956
11
133.6611570000000029
21
-60.3750889999999956
0
LINE
8
BLACK
6
CONTINUOUS
10
133.6611570000000029
20
-60.3750889999999956
11
133.7977080000000001
21
-60.4151839999999964
0
LINE
8
BLACK
6
CONTINUOUS
10
135.0677079999999819
20
-60.4151839999999964
11
135.1874300000000062
21
-60.4921249999999944
0
LINE
8
BLACK
6
CONTINUOUS
10
135.1874300000000062
20
-60.4921249999999944
11
135.2806269999999813
21
-60.5996799999999993
0
LINE
8
BLACK
6
CONTINUOUS
10
135.2806269999999813
20
-60.5996799999999993
11
135.339745999999991
21
-60.7291339999999948
0
LINE
8
BLACK
6
CONTINUOUS
10
135.339745999999991
20
-60.7291339999999948
11
135.3599999999999852
21
-60.8699999999999974
0
LINE
8
BLACK
6
CONTINUOUS
10
135.3599999999999852
20
-60.8699999999999974
11
135.339745999999991
21
-61.010866
0
LINE
8
BLACK
6
CONTINUOUS
10
135.339745999999991
20
-61.010866
11
135.2806269999999813
21
-61.1403199999999956
0
LINE
8
BLACK
6
CONTINUOUS
10
135.2806269999999813
20
-61.1403199999999956
11
135.1874300000000062
21
-61.2478750000000005
0
LINE
8
BLACK
6
CONTINUOUS
10
135.1874300000000062
20
-61.2478750000000005
11
135.0677079999999819
21
-61.3248159999999984
0
LINE
8
BLACK
6
CONTINUOUS
10
135.0677079999999819
20
-61.3248159999999984
11
134.9311569999999847
21
-61.3649109999999993
0
LINE
8
BLACK
6
CONTINUOUS
10
134.9311569999999847
20
-61.3649109999999993
11
134.7888429999999858
21
-61.3649109999999993
0
LINE
8
BLACK
6
CONTINUOUS
10
134.7888429999999858
20
-61.3649109999999993
11
134.6522919999999885
21
-61.3248159999999984
0
LINE
8
BLACK
6
CONTINUOUS
10
134.6522919999999885
20
-61.3248159999999984
11
134.5325699999999927
21
-61.2478750000000005
0
LINE
8
BLACK
6
CONTINUOUS
10
134.5325699999999927
20
-61.2478750000000005
11
134.4393729999999891
21
-61.1403199999999956
0
LINE
8
BLACK
6
CONTINUOUS
10
134.4393729999999891
20
-61.1403199999999956
11
134.3802540000000079
21
-61.010866
0
LINE
8
BLACK
6
CONTINUOUS
10
134.3802540000000079
20
-61.010866
11
134.3599999999999852
21
-60.8699999999999974
0
LINE
8
BLACK
6
CONTINUOUS
10
134.3599999999999852
20
-60.8699999999999974
11
134.3802540000000079
21
-60.7291339999999948
0
LINE
8
BLACK
6
CONTINUOUS
10
134.3802540000000079
20
-60.7291339999999948
11
134.4393729999999891
21
-60.5996799999999993
0
LINE
8
BLACK
6
CONTINUOUS
10
134.4393729999999891
20
-60.5996799999999993
11
134.5325699999999927
21
-60.4921249999999944
0
LINE
8
BLACK
6
CONTINUOUS
10
134.5325699999999927
20
-60.4921249999999944
11
134.6522919999999885
21
-60.4151839999999964
0
LINE
8
BLACK
6
CONTINUOUS
10
134.6522919999999885
20
-60.4151839999999964
11
134.7888429999999858
21
-60.3750889999999956
0
LINE
8
BLACK
6
CONTINUOUS
10
134.7888429999999858
20
-60.3750889999999956
11
134.9311569999999847
21
-60.3750889999999956
0
LINE
8
BLACK
6
CONTINUOUS
10
134.9311569999999847
20
-60.3750889999999956
11
135.0677079999999819
21
-60.4151839999999964
0
LINE
8
BLACK
6
CONTINUOUS
10
136.3377079999999921
20
-60.4151839999999964
11
136.457429999999988
21
-60.4921249999999944
0
LINE
8
BLACK
6
CONTINUOUS
10
136.457429999999988
20
-60.4921249999999944
11
136.5506269999999915
21
-60.5996799999999993
0
LINE
8
BLACK
6
CONTINUOUS
10
136.5506269999999915
20
-60.5996799999999993
11
136.6097460000000012
21
-60.7291339999999948
0
LINE
8
BLACK
6
CONTINUOUS
10
136.6097460000000012
20
-60.7291339999999948
11
136.6299999999999955
21
-60.8699999999999974
0
LINE
8
BLACK
6
CONTINUOUS
10
136.6299999999999955
20
-60.8699999999999974
11
136.6097460000000012
21
-61.010866
0
LINE
8
BLACK
6
CONTINUOUS
10
136.6097460000000012
20
-61.010866
11
136.5506269999999915
21
-61.1403199999999956
0
LINE
8
BLACK
6
CONTINUOUS
10
136.5506269999999915
20
-61.1403199999999956
11
136.457429999999988
21
-61.2478750000000005
0
LINE
8
BLACK
6
CONTINUOUS
10
136.457429999999988
20
-61.2478750000000005
11
136.3377079999999921
21
-61.3248159999999984
0
LINE
8
BLACK
6
CONTINUOUS
10
136.3377079999999921
20
-61.3248159999999984
11
136.2011569999999949
21
-61.3649109999999993
0
LINE
8
BLACK
6
CONTINUOUS
10
136.2011569999999949
20
-61.3649109999999993
11
136.058842999999996
21
-61.3649109999999993
0
LINE
8
BLACK
6
CONTINUOUS
10
136.058842999999996
20
-61.3649109999999993
11
135.9222919999999988
21
-61.3248159999999984
0
LINE
8
BLACK
6
CONTINUOUS
10
135.9222919999999988
20
-61.3248159999999984
11
135.8025700000000029
21
-61.2478750000000005
0
LINE
8
BLACK
6
CONTINUOUS
10
135.8025700000000029
20
-61.2478750000000005
11
135.7093729999999994
21
-61.1403199999999956
0
LINE
8
BLACK
6
CONTINUOUS
10
135.7093729999999994
20
-61.1403199999999956
11
135.6502539999999897
21
-61.010866
0
LINE
8
BLACK
6
CONTINUOUS
10
135.6502539999999897
20
-61.010866
11
135.6299999999999955
21
-60.8699999999999974
0
LINE
8
BLACK
6
CONTINUOUS
10
135.6299999999999955
20
-60.8699999999999974
11
135.6502539999999897
21
-60.7291339999999948
0
LINE
8
BLACK
6
CONTINUOUS
10
135.6502539999999897
20
-60.7291339999999948
11
135.7093729999999994
21
-60.5996799999999993
0
LINE
8
BLACK
6
CONTINUOUS
10
135.7093729999999994
20
-60.5996799999999993
11
135.8025700000000029
21
-60.4921249999999944
0
LINE
8
BLACK
6
CONTINUOUS
10
135.8025700000000029
20
-60.4921249999999944
11
135.9222919999999988
21
-60.4151839999999964
0
LINE
8
BLACK
6
CONTINUOUS
10
135.9222919999999988
20
-60.4151839999999964
11
136.058842999999996
21
-60.3750889999999956
0
LINE
8
BLACK
6
CONTINUOUS
10
136.058842999999996
20
-60.3750889999999956
11
136.2011569999999949
21
-60.3750889999999956
0
LINE
8
BLACK
6
CONTINUOUS
10
136.2011569999999949
20
-60.3750889999999956
11
136.3377079999999921
21
-60.4151839999999964
0
LINE
8
BLACK
6
CONTINUOUS
10
137.6077080000000024
20
-60.4151839999999964
11
137.7274299999999982
21
-60.4921249999999944
0
LINE
8
BLACK
6
CONTINUOUS
10
137.7274299999999982
20
-60.4921249999999944
11
137.8206270000000018
21
-60.5996799999999993
0
LINE
8
BLACK
6
CONTINUOUS
10
137.8206270000000018
20
-60.5996799999999993
11
137.879745999999983
21
-60.7291339999999948
0
LINE
8
BLACK
6
CONTINUOUS
10
137.879745999999983
20
-60.7291339999999948
11
137.9000000000000057
21
-60.8699999999999974
0
LINE
8
BLACK
6
CONTINUOUS
10
137.9000000000000057
20
-60.8699999999999974
11
137.879745999999983
21
-61.010866
0
LINE
8
BLACK
6
CONTINUOUS
10
137.879745999999983
20
-61.010866
11
137.8206270000000018
21
-61.1403199999999956
0
LINE
8
BLACK
6
CONTINUOUS
10
137.8206270000000018
20
-61.1403199999999956
11
137.7274299999999982
21
-61.2478750000000005
0
LINE
8
BLACK
6
CONTINUOUS
10
137.7274299999999982
20
-61.2478750000000005
11
137.6077080000000024
21
-61.3248159999999984
0
LINE
8
BLACK
6
CONTINUOUS
10
137.6077080000000024
20
-61.3248159999999984
11
137.4711570000000052
21
-61.3649109999999993
0
LINE
8
BLACK
6
CONTINUOUS
10
137.4711570000000052
20
-61.3649109999999993
11
137.3288430000000062
21
-61.3649109999999993
0
LINE
8
BLACK
6
CONTINUOUS
10
137.3288430000000062
20
-61.3649109999999993
11
137.1922919999999806
21
-61.3248159999999984
0
LINE
8
BLACK
6
CONTINUOUS
10
137.1922919999999806
20
-61.3248159999999984
11
137.0725699999999847
21
-61.2478750000000005
0
LINE
8
BLACK
6
CONTINUOUS
10
137.0725699999999847
20
-61.2478750000000005
11
136.9793729999999812
21
-61.1403199999999956
0
LINE
8
BLACK
6
CONTINUOUS
10
136.9793729999999812
20
-61.1403199999999956
11
136.9202539999999999
21
-61.010866
0
LINE
8
BLACK
6
CONTINUOUS
10
136.9202539999999999
20
-61.010866
11
136.9000000000000057
21
-60.8699999999999974
0
LINE
8
BLACK
6
CONTINUOUS
10
136.9000000000000057
20
-60.8699999999999974
11
136.9202539999999999
21
-60.7291339999999948
0
LINE
8
BLACK
6
CONTINUOUS
10
136.9202539999999999
20
-60.7291339999999948
11
136.9793729999999812
21
-60.5996799999999993
0
LINE
8
BLACK
6
CONTINUOUS
10
136.9793729999999812
20
-60.5996799999999993
11
137.0725699999999847
21
-60.4921249999999944
0
LINE
8
BLACK
6
CONTINUOUS
10
137.0725699999999847
20
-60.4921249999999944
11
137.1922919999999806
21
-60.4151839999999964
0
LINE
8
BLACK
6
CONTINUOUS
10
137.1922919999999806
20
-60.4151839999999964
11
137.3288430000000062
21
-60.3750889999999956
0
LINE
8
BLACK
6
CONTINUOUS
10
137.3288430000000062
20
-60.3750889999999956
11
137.4711570000000052
21
-60.3750889999999956
0
LINE
8
BLACK
6
CONTINUOUS
10
137.4711570000000052
20
-60.3750889999999956
11
137.6077080000000024
21
-60.4151839999999964
0
LINE
8
BLACK
6
CONTINUOUS
10
138.8777079999999842
20
-60.4151839999999964
11
138.9974299999999801
21
-60.4921249999999944
0
LINE
8
BLACK
6
CONTINUOUS
10
138.9974299999999801
20
-60.4921249999999944
11
139.0906269999999836
21
-60.5996799999999993
0
LINE
8
BLACK
6
CONTINUOUS
10
139.0906269999999836
20
-60.5996799999999993
11
139.1497459999999933
21
-60.7291339999999948
0
LINE
8
BLACK
6
CONTINUOUS
10
139.1497459999999933
20
-60.7291339999999948
11
139.1699999999999875
21
-60.8699999999999974
0
LINE
8
BLACK
6
CONTINUOUS
10
139.1699999999999875
20
-60.8699999999999974
11
139.1497459999999933
21
-61.010866
0
LINE
8
BLACK
6
CONTINUOUS
10
139.1497459999999933
20
-61.010866
11
139.0906269999999836
21
-61.1403199999999956
0
LINE
8
BLACK
6
CONTINUOUS
10
139.0906269999999836
20
-61.1403199999999956
11
138.9974299999999801
21
-61.2478750000000005
0
LINE
8
BLACK
6
CONTINUOUS
10
138.9974299999999801
20
-61.2478750000000005
11
138.8777079999999842
21
-61.3248159999999984
0
LINE
8
BLACK
6
CONTINUOUS
10
138.8777079999999842
20
-61.3248159999999984
11
138.741156999999987
21
-61.3649109999999993
0
LINE
8
BLACK
6
CONTINUOUS
10
138.741156999999987
20
-61.3649109999999993
11
138.598842999999988
21
-61.3649109999999993
0
LINE
8
BLACK
6
CONTINUOUS
10
138.598842999999988
20
-61.3649109999999993
11
138.4622919999999908
21
-61.3248159999999984
0
LINE
8
BLACK
6
CONTINUOUS
10
138.4622919999999908
20
-61.3248159999999984
11
138.3425699999999949
21
-61.2478750000000005
0
LINE
8
BLACK
6
CONTINUOUS
10
138.3425699999999949
20
-61.2478750000000005
11
138.2493729999999914
21
-61.1403199999999956
0
LINE
8
BLACK
6
CONTINUOUS
10
138.2493729999999914
20
-61.1403199999999956
11
138.1902539999999817
21
-61.010866
0
LINE
8
BLACK
6
CONTINUOUS
10
138.1902539999999817
20
-61.010866
11
138.1699999999999875
21
-60.8699999999999974
0
LINE
8
BLACK
6
CONTINUOUS
10
138.1699999999999875
20
-60.8699999999999974
11
138.1902539999999817
21
-60.7291339999999948
0
LINE
8
BLACK
6
CONTINUOUS
10
138.1902539999999817
20
-60.7291339999999948
11
138.2493729999999914
21
-60.5996799999999993
0
LINE
8
BLACK
6
CONTINUOUS
10
138.2493729999999914
20
-60.5996799999999993
11
138.3425699999999949
21
-60.4921249999999944
0
LINE
8
BLACK
6
CONTINUOUS
10
138.3425699999999949
20
-60.4921249999999944
11
138.4622919999999908
21
-60.4151839999999964
0
LINE
8
BLACK
6
CONTINUOUS
10
138.4622919999999908
20
-60.4151839999999964
11
138.598842999999988
21
-60.3750889999999956
0
LINE
8
BLACK
6
CONTINUOUS
10
138.598842999999988
20
-60.3750889999999956
11
138.741156999999987
21
-60.3750889999999956
0
LINE
8
BLACK
6
CONTINUOUS
10
138.741156999999987
20
-60.3750889999999956
11
138.8777079999999842
21
-60.4151839999999964
0
LINE
8
BLACK
6
CONTINUOUS
10
153.2856069999999988
20
-60.5795770000000005
11
153.3971139999999878
21
-60.6363929999999982
0
LINE
8
BLACK
6
CONTINUOUS
10
153.3971139999999878
20
-60.6363929999999982
11
153.4856069999999875
21
-60.7248859999999979
0
LINE
8
BLACK
6
CONTINUOUS
10
153.4856069999999875
20
-60.7248859999999979
11
153.5424229999999852
21
-60.8363929999999939
0
LINE
8
BLACK
6
CONTINUOUS
10
153.5424229999999852
20
-60.8363929999999939
11
153.5619999999999834
21
-60.9599999999999937
0
LINE
8
BLACK
6
CONTINUOUS
10
153.5619999999999834
20
-60.9599999999999937
11
153.5424229999999852
21
-61.0836070000000007
0
LINE
8
BLACK
6
CONTINUOUS
10
153.5424229999999852
20
-61.0836070000000007
11
153.4856069999999875
21
-61.1951139999999967
0
LINE
8
BLACK
6
CONTINUOUS
10
153.4856069999999875
20
-61.1951139999999967
11
153.3971139999999878
21
-61.2836069999999964
0
LINE
8
BLACK
6
CONTINUOUS
10
153.3971139999999878
20
-61.2836069999999964
11
153.2856069999999988
21
-61.3404229999999941
0
LINE
8
BLACK
6
CONTINUOUS
10
153.2856069999999988
20
-61.3404229999999941
11
153.1620000000000061
21
-61.3599999999999994
0
LINE
8
BLACK
6
CONTINUOUS
10
153.1620000000000061
20
-61.3599999999999994
11
153.038392999999985
21
-61.3404229999999941
0
LINE
8
BLACK
6
CONTINUOUS
10
153.038392999999985
20
-61.3404229999999941
11
152.9268859999999961
21
-61.2836069999999964
0
LINE
8
BLACK
6
CONTINUOUS
10
152.9268859999999961
20
-61.2836069999999964
11
152.8383929999999964
21
-61.1951139999999967
0
LINE
8
BLACK
6
CONTINUOUS
10
152.8383929999999964
20
-61.1951139999999967
11
152.7815769999999986
21
-61.0836070000000007
0
LINE
8
BLACK
6
CONTINUOUS
10
152.7815769999999986
20
-61.0836070000000007
11
152.7620000000000005
21
-60.9599999999999937
0
LINE
8
BLACK
6
CONTINUOUS
10
152.7620000000000005
20
-60.9599999999999937
11
152.7815769999999986
21
-60.8363929999999939
0
LINE
8
BLACK
6
CONTINUOUS
10
152.7815769999999986
20
-60.8363929999999939
11
152.8383929999999964
21
-60.7248859999999979
0
LINE
8
BLACK
6
CONTINUOUS
10
152.8383929999999964
20
-60.7248859999999979
11
152.9268859999999961
21
-60.6363929999999982
0
LINE
8
BLACK
6
CONTINUOUS
10
152.9268859999999961
20
-60.6363929999999982
11
153.038392999999985
21
-60.5795770000000005
0
LINE
8
BLACK
6
CONTINUOUS
10
153.038392999999985
20
-60.5795770000000005
11
153.1620000000000061
21
-60.5599999999999952
0
LINE
8
BLACK
6
CONTINUOUS
10
153.1620000000000061
20
-60.5599999999999952
11
153.2856069999999988
21
-60.5795770000000005
0
LINE
8
BLACK
6
CONTINUOUS
10
147.1896069999999952
20
-59.6395769999999956
11
147.3011139999999841
21
-59.6963930000000005
0
LINE
8
BLACK
6
CONTINUOUS
10
147.3011139999999841
20
-59.6963930000000005
11
147.3896069999999838
21
-59.7848860000000002
0
LINE
8
BLACK
6
CONTINUOUS
10
147.3896069999999838
20
-59.7848860000000002
11
147.4464229999999816
21
-59.8963929999999962
0
LINE
8
BLACK
6
CONTINUOUS
10
147.4464229999999816
20
-59.8963929999999962
11
147.4659999999999798
21
-60.019999999999996
0
LINE
8
BLACK
6
CONTINUOUS
10
147.4659999999999798
20
-60.019999999999996
11
147.4464229999999816
21
-60.1436069999999958
0
LINE
8
BLACK
6
CONTINUOUS
10
147.4464229999999816
20
-60.1436069999999958
11
147.3896069999999838
21
-60.255113999999999
0
LINE
8
BLACK
6
CONTINUOUS
10
147.3896069999999838
20
-60.255113999999999
11
147.3011139999999841
21
-60.3436069999999987
0
LINE
8
BLACK
6
CONTINUOUS
10
147.3011139999999841
20
-60.3436069999999987
11
147.1896069999999952
21
-60.4004229999999964
0
LINE
8
BLACK
6
CONTINUOUS
10
147.1896069999999952
20
-60.4004229999999964
11
147.0660000000000025
21
-60.4199999999999946
0
LINE
8
BLACK
6
CONTINUOUS
10
147.0660000000000025
20
-60.4199999999999946
11
146.9423929999999814
21
-60.4004229999999964
0
LINE
8
BLACK
6
CONTINUOUS
10
146.9423929999999814
20
-60.4004229999999964
11
146.8308859999999925
21
-60.3436069999999987
0
LINE
8
BLACK
6
CONTINUOUS
10
146.8308859999999925
20
-60.3436069999999987
11
146.7423929999999928
21
-60.255113999999999
0
LINE
8
BLACK
6
CONTINUOUS
10
146.7423929999999928
20
-60.255113999999999
11
146.685576999999995
21
-60.1436069999999958
0
LINE
8
BLACK
6
CONTINUOUS
10
146.685576999999995
20
-60.1436069999999958
11
146.6659999999999968
21
-60.019999999999996
0
LINE
8
BLACK
6
CONTINUOUS
10
146.6659999999999968
20
-60.019999999999996
11
146.685576999999995
21
-59.8963929999999962
0
LINE
8
BLACK
6
CONTINUOUS
10
146.685576999999995
20
-59.8963929999999962
11
146.7423929999999928
21
-59.7848860000000002
0
LINE
8
BLACK
6
CONTINUOUS
10
146.7423929999999928
20
-59.7848860000000002
11
146.8308859999999925
21
-59.6963930000000005
0
LINE
8
BLACK
6
CONTINUOUS
10
146.8308859999999925
20
-59.6963930000000005
11
146.9423929999999814
21
-59.6395769999999956
0
LINE
8
BLACK
6
CONTINUOUS
10
146.9423929999999814
20
-59.6395769999999956
11
147.0660000000000025
21
-59.6199999999999974
0
LINE
8
BLACK
6
CONTINUOUS
10
147.0660000000000025
20
-59.6199999999999974
11
147.1896069999999952
21
-59.6395769999999956
0
LINE
8
BLACK
6
CONTINUOUS
10
134.0900000000000034
20
-60.0999999999999943
11
133.0900000000000034
21
-60.0999999999999943
0
LINE
8
BLACK
6
CONTINUOUS
10
133.0900000000000034
20
-60.0999999999999943
11
133.0900000000000034
21
-59.0999999999999943
0
LINE
8
BLACK
6
CONTINUOUS
10
133.0900000000000034
20
-59.0999999999999943
11
134.0900000000000034
21
-59.0999999999999943
0
LINE
8
BLACK
6
CONTINUOUS
10
134.0900000000000034
20
-59.0999999999999943
11
134.0900000000000034
21
-60.0999999999999943
0
LINE
8
BLACK
6
CONTINUOUS
10
136.3377079999999921
20
-59.1451840000000004
11
136.457429999999988
21
-59.2221249999999984
0
LINE
8
BLACK
6
CONTINUOUS
10
136.457429999999988
20
-59.2221249999999984
11
136.5506269999999915
21
-59.3296799999999962
0
LINE
8
BLACK
6
CONTINUOUS
10
136.5506269999999915
20
-59.3296799999999962
11
136.6097460000000012
21
-59.4591339999999988
0
LINE
8
BLACK
6
CONTINUOUS
10
136.6097460000000012
20
-59.4591339999999988
11
136.6299999999999955
21
-59.5999999999999943
0
LINE
8
BLACK
6
CONTINUOUS
10
136.6299999999999955
20
-59.5999999999999943
11
136.6097460000000012
21
-59.7408659999999969
0
LINE
8
BLACK
6
CONTINUOUS
10
136.6097460000000012
20
-59.7408659999999969
11
136.5506269999999915
21
-59.8703199999999995
0
LINE
8
BLACK
6
CONTINUOUS
10
136.5506269999999915
20
-59.8703199999999995
11
136.457429999999988
21
-59.9778749999999974
0
LINE
8
BLACK
6
CONTINUOUS
10
136.457429999999988
20
-59.9778749999999974
11
136.3377079999999921
21
-60.0548159999999953
0
LINE
8
BLACK
6
CONTINUOUS
10
136.3377079999999921
20
-60.0548159999999953
11
136.2011569999999949
21
-60.0949109999999962
0
LINE
8
BLACK
6
CONTINUOUS
10
136.2011569999999949
20
-60.0949109999999962
11
136.058842999999996
21
-60.0949109999999962
0
LINE
8
BLACK
6
CONTINUOUS
10
136.058842999999996
20
-60.0949109999999962
11
135.9222919999999988
21
-60.0548159999999953
0
LINE
8
BLACK
6
CONTINUOUS
10
135.9222919999999988
20
-60.0548159999999953
11
135.8025700000000029
21
-59.9778749999999974
0
LINE
8
BLACK
6
CONTINUOUS
10
135.8025700000000029
20
-59.9778749999999974
11
135.7093729999999994
21
-59.8703199999999995
0
LINE
8
BLACK
6
CONTINUOUS
10
135.7093729999999994
20
-59.8703199999999995
11
135.6502539999999897
21
-59.7408659999999969
0
LINE
8
BLACK
6
CONTINUOUS
10
135.6502539999999897
20
-59.7408659999999969
11
135.6299999999999955
21
-59.5999999999999943
0
LINE
8
BLACK
6
CONTINUOUS
10
135.6299999999999955
20
-59.5999999999999943
11
135.6502539999999897
21
-59.4591339999999988
0
LINE
8
BLACK
6
CONTINUOUS
10
135.6502539999999897
20
-59.4591339999999988
11
135.7093729999999994
21
-59.3296799999999962
0
LINE
8
BLACK
6
CONTINUOUS
10
135.7093729999999994
20
-59.3296799999999962
11
135.8025700000000029
21
-59.2221249999999984
0
LINE
8
BLACK
6
CONTINUOUS
10
135.8025700000000029
20
-59.2221249999999984
11
135.9222919999999988
21
-59.1451840000000004
0
LINE
8
BLACK
6
CONTINUOUS
10
135.9222919999999988
20
-59.1451840000000004
11
136.058842999999996
21
-59.1050889999999995
0
LINE
8
BLACK
6
CONTINUOUS
10
136.058842999999996
20
-59.1050889999999995
11
136.2011569999999949
21
-59.1050889999999995
0
LINE
8
BLACK
6
CONTINUOUS
10
136.2011569999999949
20
-59.1050889999999995
11
136.3377079999999921
21
-59.1451840000000004
0
LINE
8
BLACK
6
CONTINUOUS
10
153.2856069999999988
20
-58.8015769999999947
11
153.3971139999999878
21
-58.8583929999999995
0
LINE
8
BLACK
6
CONTINUOUS
10
153.3971139999999878
20
-58.8583929999999995
11
153.4856069999999875
21
-58.9468859999999992
0
LINE
8
BLACK
6
CONTINUOUS
10
153.4856069999999875
20
-58.9468859999999992
11
153.5424229999999852
21
-59.0583929999999953
0
LINE
8
BLACK
6
CONTINUOUS
10
153.5424229999999852
20
-59.0583929999999953
11
153.5619999999999834
21
-59.1819999999999951
0
LINE
8
BLACK
6
CONTINUOUS
10
153.5619999999999834
20
-59.1819999999999951
11
153.5424229999999852
21
-59.3056069999999949
0
LINE
8
BLACK
6
CONTINUOUS
10
153.5424229999999852
20
-59.3056069999999949
11
153.4856069999999875
21
-59.417113999999998
0
LINE
8
BLACK
6
CONTINUOUS
10
153.4856069999999875
20
-59.417113999999998
11
153.3971139999999878
21
-59.5056069999999977
0
LINE
8
BLACK
6
CONTINUOUS
10
153.3971139999999878
20
-59.5056069999999977
11
153.2856069999999988
21
-59.5624229999999955
0
LINE
8
BLACK
6
CONTINUOUS
10
153.2856069999999988
20
-59.5624229999999955
11
153.1620000000000061
21
-59.5820000000000007
0
LINE
8
BLACK
6
CONTINUOUS
10
153.1620000000000061
20
-59.5820000000000007
11
153.038392999999985
21
-59.5624229999999955
0
LINE
8
BLACK
6
CONTINUOUS
10
153.038392999999985
20
-59.5624229999999955
11
152.9268859999999961
21
-59.5056069999999977
0
LINE
8
BLACK
6
CONTINUOUS
10
152.9268859999999961
20
-59.5056069999999977
11
152.8383929999999964
21
-59.417113999999998
0
LINE
8
BLACK
6
CONTINUOUS
10
152.8383929999999964
20
-59.417113999999998
11
152.7815769999999986
21
-59.3056069999999949
0
LINE
8
BLACK
6
CONTINUOUS
10
152.7815769999999986
20
-59.3056069999999949
11
152.7620000000000005
21
-59.1819999999999951
0
LINE
8
BLACK
6
CONTINUOUS
10
152.7620000000000005
20
-59.1819999999999951
11
152.7815769999999986
21
-59.0583929999999953
0
LINE
8
BLACK
6
CONTINUOUS
10
152.7815769999999986
20
-59.0583929999999953
11
152.8383929999999964
21
-58.9468859999999992
0
LINE
8
BLACK
6
CONTINUOUS
10
152.8383929999999964
20
-58.9468859999999992
11
152.9268859999999961
21
-58.8583929999999995
0
LINE
8
BLACK
6
CONTINUOUS
10
152.9268859999999961
20
-58.8583929999999995
11
153.038392999999985
21
-58.8015769999999947
0
LINE
8
BLACK
6
CONTINUOUS
10
153.038392999999985
20
-58.8015769999999947
11
153.1620000000000061
21
-58.7819999999999965
0
LINE
8
BLACK
6
CONTINUOUS
10
153.1620000000000061
20
-58.7819999999999965
11
153.2856069999999988
21
-58.8015769999999947
0
LINE
8
BLACK
6
CONTINUOUS
10
142.1096069999999827
20
-57.023576999999996
11
142.221114
21
-57.0803930000000008
0
LINE
8
BLACK
6
CONTINUOUS
10
142.221114
20
-57.0803930000000008
11
142.3096069999999997
21
-57.1688860000000005
0
LINE
8
BLACK
6
CONTINUOUS
10
142.3096069999999997
20
-57.1688860000000005
11
142.3664229999999975
21
-57.2803929999999966
0
LINE
8
BLACK
6
CONTINUOUS
10
142.3664229999999975
20
-57.2803929999999966
11
142.3859999999999957
21
-57.4039999999999964
0
LINE
8
BLACK
6
CONTINUOUS
10
142.3859999999999957
20
-57.4039999999999964
11
142.3664229999999975
21
-57.5276069999999962
0
LINE
8
BLACK
6
CONTINUOUS
10
142.3664229999999975
20
-57.5276069999999962
11
142.3096069999999997
21
-57.6391139999999993
0
LINE
8
BLACK
6
CONTINUOUS
10
142.3096069999999997
20
-57.6391139999999993
11
142.221114
21
-57.727606999999999
0
LINE
8
BLACK
6
CONTINUOUS
10
142.221114
20
-57.727606999999999
11
142.1096069999999827
21
-57.7844229999999968
0
LINE
8
BLACK
6
CONTINUOUS
10
142.1096069999999827
20
-57.7844229999999968
11
141.98599999999999
21
-57.8039999999999949
0
LINE
8
BLACK
6
CONTINUOUS
10
141.98599999999999
20
-57.8039999999999949
11
141.8623929999999973
21
-57.7844229999999968
0
LINE
8
BLACK
6
CONTINUOUS
10
141.8623929999999973
20
-57.7844229999999968
11
141.75088599999998
21
-57.727606999999999
0
LINE
8
BLACK
6
CONTINUOUS
10
141.75088599999998
20
-57.727606999999999
11
141.6623929999999802
21
-57.6391139999999993
0
LINE
8
BLACK
6
CONTINUOUS
10
141.6623929999999802
20
-57.6391139999999993
11
141.6055769999999825
21
-57.5276069999999962
0
LINE
8
BLACK
6
CONTINUOUS
10
141.6055769999999825
20
-57.5276069999999962
11
141.5859999999999843
21
-57.4039999999999964
0
LINE
8
BLACK
6
CONTINUOUS
10
141.5859999999999843
20
-57.4039999999999964
11
141.6055769999999825
21
-57.2803929999999966
0
LINE
8
BLACK
6
CONTINUOUS
10
141.6055769999999825
20
-57.2803929999999966
11
141.6623929999999802
21
-57.1688860000000005
0
LINE
8
BLACK
6
CONTINUOUS
10
141.6623929999999802
20
-57.1688860000000005
11
141.75088599999998
21
-57.0803930000000008
0
LINE
8
BLACK
6
CONTINUOUS
10
141.75088599999998
20
-57.0803930000000008
11
141.8623929999999973
21
-57.023576999999996
0
LINE
8
BLACK
6
CONTINUOUS
10
141.8623929999999973
20
-57.023576999999996
11
141.98599999999999
21
-57.0039999999999978
0
LINE
8
BLACK
6
CONTINUOUS
10
141.98599999999999
20
-57.0039999999999978
11
142.1096069999999827
21
-57.023576999999996
0
LINE
8
BLACK
6
CONTINUOUS
10
161.5283869999999808
20
-55.7430789999999945
11
161.6054379999999924
21
-55.7945619999999991
0
LINE
8
BLACK
6
CONTINUOUS
10
161.6054379999999924
20
-55.7945619999999991
11
161.6569209999999828
21
-55.8716129999999964
0
LINE
8
BLACK
6
CONTINUOUS
10
161.6569209999999828
20
-55.8716129999999964
11
161.6749999999999829
21
-55.9624999999999986
0
LINE
8
BLACK
6
CONTINUOUS
10
161.6749999999999829
20
-55.9624999999999986
11
161.6749999999999829
21
-56.4375
0
LINE
8
BLACK
6
CONTINUOUS
10
161.6749999999999829
20
-56.4375
11
161.6569209999999828
21
-56.5283869999999951
0
LINE
8
BLACK
6
CONTINUOUS
10
161.6569209999999828
20
-56.5283869999999951
11
161.6054379999999924
21
-56.6054379999999995
0
LINE
8
BLACK
6
CONTINUOUS
10
161.6054379999999924
20
-56.6054379999999995
11
161.5283869999999808
21
-56.656920999999997
0
LINE
8
BLACK
6
CONTINUOUS
10
161.5283869999999808
20
-56.656920999999997
11
161.4375
21
-56.6749999999999972
0
LINE
8
BLACK
6
CONTINUOUS
10
161.4375
20
-56.6749999999999972
11
160.8375000000000057
21
-56.6749999999999972
0
LINE
8
BLACK
6
CONTINUOUS
10
160.8375000000000057
20
-56.6749999999999972
11
160.7466129999999964
21
-56.656920999999997
0
LINE
8
BLACK
6
CONTINUOUS
10
160.7466129999999964
20
-56.656920999999997
11
160.6695619999999849
21
-56.6054379999999995
0
LINE
8
BLACK
6
CONTINUOUS
10
160.6695619999999849
20
-56.6054379999999995
11
160.6180789999999945
21
-56.5283869999999951
0
LINE
8
BLACK
6
CONTINUOUS
10
160.6180789999999945
20
-56.5283869999999951
11
160.5999999999999943
21
-56.4375
0
LINE
8
BLACK
6
CONTINUOUS
10
160.5999999999999943
20
-56.4375
11
160.5999999999999943
21
-56.3499999999999943
0
LINE
8
BLACK
6
CONTINUOUS
10
160.5999999999999943
20
-56.3499999999999943
11
160.1669749999999794
21
-56.3499999999999943
0
LINE
8
BLACK
6
CONTINUOUS
10
160.1669749999999794
20
-56.3499999999999943
11
160.1236069999999927
21
-56.4351139999999987
0
LINE
8
BLACK
6
CONTINUOUS
10
160.1236069999999927
20
-56.4351139999999987
11
160.035113999999993
21
-56.5236069999999984
0
LINE
8
BLACK
6
CONTINUOUS
10
160.035113999999993
20
-56.5236069999999984
11
159.9236070000000041
21
-56.5804229999999961
0
LINE
8
BLACK
6
CONTINUOUS
10
159.9236070000000041
20
-56.5804229999999961
11
159.7999999999999829
21
-56.5999999999999943
0
LINE
8
BLACK
6
CONTINUOUS
10
159.7999999999999829
20
-56.5999999999999943
11
159.6763929999999903
21
-56.5804229999999961
0
LINE
8
BLACK
6
CONTINUOUS
10
159.6763929999999903
20
-56.5804229999999961
11
159.5648860000000013
21
-56.5236069999999984
0
LINE
8
BLACK
6
CONTINUOUS
10
159.5648860000000013
20
-56.5236069999999984
11
159.4763930000000016
21
-56.4351139999999987
0
LINE
8
BLACK
6
CONTINUOUS
10
159.4763930000000016
20
-56.4351139999999987
11
159.4195770000000039
21
-56.3236069999999955
0
LINE
8
BLACK
6
CONTINUOUS
10
159.4195770000000039
20
-56.3236069999999955
11
159.4000000000000057
21
-56.1999999999999957
0
LINE
8
BLACK
6
CONTINUOUS
10
159.4000000000000057
20
-56.1999999999999957
11
159.4195770000000039
21
-56.0763929999999959
0
LINE
8
BLACK
6
CONTINUOUS
10
159.4195770000000039
20
-56.0763929999999959
11
159.4763930000000016
21
-55.9648859999999999
0
LINE
8
BLACK
6
CONTINUOUS
10
159.4763930000000016
20
-55.9648859999999999
11
159.5648860000000013
21
-55.8763930000000002
0
LINE
8
BLACK
6
CONTINUOUS
10
159.5648860000000013
20
-55.8763930000000002
11
159.6763929999999903
21
-55.8195769999999953
0
LINE
8
BLACK
6
CONTINUOUS
10
159.6763929999999903
20
-55.8195769999999953
11
159.7999999999999829
21
-55.7999999999999972
0
LINE
8
BLACK
6
CONTINUOUS
10
159.7999999999999829
20
-55.7999999999999972
11
159.9236070000000041
21
-55.8195769999999953
0
LINE
8
BLACK
6
CONTINUOUS
10
159.9236070000000041
20
-55.8195769999999953
11
160.035113999999993
21
-55.8763930000000002
0
LINE
8
BLACK
6
CONTINUOUS
10
160.035113999999993
20
-55.8763930000000002
11
160.1236069999999927
21
-55.9648859999999999
0
LINE
8
BLACK
6
CONTINUOUS
10
160.1236069999999927
20
-55.9648859999999999
11
160.1669749999999794
21
-56.0499999999999972
0
LINE
8
BLACK
6
CONTINUOUS
10
160.1669749999999794
20
-56.0499999999999972
11
160.5999999999999943
21
-56.0499999999999972
0
LINE
8
BLACK
6
CONTINUOUS
10
160.5999999999999943
20
-56.0499999999999972
11
160.5999999999999943
21
-55.9624999999999986
0
LINE
8
BLACK
6
CONTINUOUS
10
160.5999999999999943
20
-55.9624999999999986
11
160.6180789999999945
21
-55.8716129999999964
0
LINE
8
BLACK
6
CONTINUOUS
10
160.6180789999999945
20
-55.8716129999999964
11
160.6695619999999849
21
-55.7945619999999991
0
LINE
8
BLACK
6
CONTINUOUS
10
160.6695619999999849
20
-55.7945619999999991
11
160.7466129999999964
21
-55.7430789999999945
0
LINE
8
BLACK
6
CONTINUOUS
10
160.7466129999999964
20
-55.7430789999999945
11
160.8375000000000057
21
-55.7249999999999943
0
LINE
8
BLACK
6
CONTINUOUS
10
160.8375000000000057
20
-55.7249999999999943
11
161.4375
21
-55.7249999999999943
0
LINE
8
BLACK
6
CONTINUOUS
10
161.4375
20
-55.7249999999999943
11
161.5283869999999808
21
-55.7430789999999945
0
LINE
8
BLACK
6
CONTINUOUS
10
162.1236069999999927
20
-54.4195769999999968
11
162.2351139999999816
21
-54.4763929999999945
0
LINE
8
BLACK
6
CONTINUOUS
10
162.2351139999999816
20
-54.4763929999999945
11
162.3236069999999813
21
-54.5648859999999942
0
LINE
8
BLACK
6
CONTINUOUS
10
162.3236069999999813
20
-54.5648859999999942
11
162.3804229999999791
21
-54.6763929999999974
0
LINE
8
BLACK
6
CONTINUOUS
10
162.3804229999999791
20
-54.6763929999999974
11
162.4000000000000057
21
-54.7999999999999972
0
LINE
8
BLACK
6
CONTINUOUS
10
162.4000000000000057
20
-54.7999999999999972
11
162.3804229999999791
21
-54.923606999999997
0
LINE
8
BLACK
6
CONTINUOUS
10
162.3804229999999791
20
-54.923606999999997
11
162.3653400000000033
21
-54.9532079999999965
0
LINE
8
BLACK
6
CONTINUOUS
10
162.3653400000000033
20
-54.9532079999999965
11
162.9685659999999814
21
-55.5564339999999959
0
LINE
8
BLACK
6
CONTINUOUS
10
162.9685659999999814
20
-55.5564339999999959
11
162.9872210000000052
21
-55.5791639999999987
0
LINE
8
BLACK
6
CONTINUOUS
10
162.9872210000000052
20
-55.5791639999999987
11
163.0030569999999841
21
-55.6173989999999989
0
LINE
8
BLACK
6
CONTINUOUS
10
163.0030569999999841
20
-55.6173989999999989
11
163.009617999999989
21
-55.6332359999999966
0
LINE
8
BLACK
6
CONTINUOUS
10
163.009617999999989
20
-55.6332359999999966
11
163.0124999999999886
21
-55.6624999999999943
0
LINE
8
BLACK
6
CONTINUOUS
10
163.0124999999999886
20
-55.6624999999999943
11
163.0124999999999886
21
-55.7249999999999943
0
LINE
8
BLACK
6
CONTINUOUS
10
163.0124999999999886
20
-55.7249999999999943
11
163.1624999999999943
21
-55.7249999999999943
0
LINE
8
BLACK
6
CONTINUOUS
10
163.1624999999999943
20
-55.7249999999999943
11
163.2533870000000036
21
-55.7430789999999945
0
LINE
8
BLACK
6
CONTINUOUS
10
163.2533870000000036
20
-55.7430789999999945
11
163.3304379999999867
21
-55.7945619999999991
0
LINE
8
BLACK
6
CONTINUOUS
10
163.3304379999999867
20
-55.7945619999999991
11
163.3819210000000055
21
-55.8716129999999964
0
LINE
8
BLACK
6
CONTINUOUS
10
163.3819210000000055
20
-55.8716129999999964
11
163.4000000000000057
21
-55.9624999999999986
0
LINE
8
BLACK
6
CONTINUOUS
10
163.4000000000000057
20
-55.9624999999999986
11
163.4000000000000057
21
-56.4375
0
LINE
8
BLACK
6
CONTINUOUS
10
163.4000000000000057
20
-56.4375
11
163.3819210000000055
21
-56.5283869999999951
0
LINE
8
BLACK
6
CONTINUOUS
10
163.3819210000000055
20
-56.5283869999999951
11
163.3304379999999867
21
-56.6054379999999995
0
LINE
8
BLACK
6
CONTINUOUS
10
163.3304379999999867
20
-56.6054379999999995
11
163.2533870000000036
21
-56.656920999999997
0
LINE
8
BLACK
6
CONTINUOUS
10
163.2533870000000036
20
-56.656920999999997
11
163.1624999999999943
21
-56.6749999999999972
0
LINE
8
BLACK
6
CONTINUOUS
10
163.1624999999999943
20
-56.6749999999999972
11
162.5625
21
-56.6749999999999972
0
LINE
8
BLACK
6
CONTINUOUS
10
162.5625
20
-56.6749999999999972
11
162.4716129999999907
21
-56.656920999999997
0
LINE
8
BLACK
6
CONTINUOUS
10
162.4716129999999907
20
-56.656920999999997
11
162.3945619999999792
21
-56.6054379999999995
0
LINE
8
BLACK
6
CONTINUOUS
10
162.3945619999999792
20
-56.6054379999999995
11
162.3430789999999888
21
-56.5283869999999951
0
LINE
8
BLACK
6
CONTINUOUS
10
162.3430789999999888
20
-56.5283869999999951
11
162.3249999999999886
21
-56.4375
0
LINE
8
BLACK
6
CONTINUOUS
10
162.3249999999999886
20
-56.4375
11
162.3249999999999886
21
-55.9624999999999986
0
LINE
8
BLACK
6
CONTINUOUS
10
162.3249999999999886
20
-55.9624999999999986
11
162.3430789999999888
21
-55.8716129999999964
0
LINE
8
BLACK
6
CONTINUOUS
10
162.3430789999999888
20
-55.8716129999999964
11
162.3945619999999792
21
-55.7945619999999991
0
LINE
8
BLACK
6
CONTINUOUS
10
162.3945619999999792
20
-55.7945619999999991
11
162.4716129999999907
21
-55.7430789999999945
0
LINE
8
BLACK
6
CONTINUOUS
10
162.4716129999999907
20
-55.7430789999999945
11
162.5625
21
-55.7249999999999943
0
LINE
8
BLACK
6
CONTINUOUS
10
162.5625
20
-55.7249999999999943
11
162.7125000000000057
21
-55.7249999999999943
0
LINE
8
BLACK
6
CONTINUOUS
10
162.7125000000000057
20
-55.7249999999999943
11
162.7125000000000057
21
-55.7246319999999997
0
LINE
8
BLACK
6
CONTINUOUS
10
162.7125000000000057
20
-55.7246319999999997
11
162.1532080000000065
21
-55.1653400000000005
0
LINE
8
BLACK
6
CONTINUOUS
10
162.1532080000000065
20
-55.1653400000000005
11
162.1236069999999927
21
-55.1804229999999976
0
LINE
8
BLACK
6
CONTINUOUS
10
162.1236069999999927
20
-55.1804229999999976
11
162.
21
-55.1999999999999957
0
LINE
8
BLACK
6
CONTINUOUS
10
162.
20
-55.1999999999999957
11
161.8763929999999789
21
-55.1804229999999976
0
LINE
8
BLACK
6
CONTINUOUS
10
161.8763929999999789
20
-55.1804229999999976
11
161.76488599999999
21
-55.1236069999999998
0
LINE
8
BLACK
6
CONTINUOUS
10
161.76488599999999
20
-55.1236069999999998
11
161.6763929999999903
21
-55.0351140000000001
0
LINE
8
BLACK
6
CONTINUOUS
10
161.6763929999999903
20
-55.0351140000000001
11
161.6195769999999925
21
-54.923606999999997
0
LINE
8
BLACK
6
CONTINUOUS
10
161.6195769999999925
20
-54.923606999999997
11
161.5999999999999943
21
-54.7999999999999972
0
LINE
8
BLACK
6
CONTINUOUS
10
161.5999999999999943
20
-54.7999999999999972
11
161.6195769999999925
21
-54.6763929999999974
0
LINE
8
BLACK
6
CONTINUOUS
10
161.6195769999999925
20
-54.6763929999999974
11
161.6763929999999903
21
-54.5648859999999942
0
LINE
8
BLACK
6
CONTINUOUS
10
161.6763929999999903
20
-54.5648859999999942
11
161.76488599999999
21
-54.4763929999999945
0
LINE
8
BLACK
6
CONTINUOUS
10
161.76488599999999
20
-54.4763929999999945
11
161.8763929999999789
21
-54.4195769999999968
0
LINE
8
BLACK
6
CONTINUOUS
10
161.8763929999999789
20
-54.4195769999999968
11
162.
21
-54.3999999999999986
0
LINE
8
BLACK
6
CONTINUOUS
10
162.
20
-54.3999999999999986
11
162.1236069999999927
21
-54.4195769999999968
0
LINE
8
BLACK
6
CONTINUOUS
10
151.6213869999999986
20
-55.6770789999999991
11
151.6984379999999817
21
-55.7285619999999966
0
LINE
8
BLACK
6
CONTINUOUS
10
151.6984379999999817
20
-55.7285619999999966
11
151.7499210000000005
21
-55.805613000000001
0
LINE
8
BLACK
6
CONTINUOUS
10
151.7499210000000005
20
-55.805613000000001
11
151.7680000000000007
21
-55.8964999999999961
0
LINE
8
BLACK
6
CONTINUOUS
10
151.7680000000000007
20
-55.8964999999999961
11
151.7680000000000007
21
-56.0090000000000003
0
LINE
8
BLACK
6
CONTINUOUS
10
151.7680000000000007
20
-56.0090000000000003
11
152.8568429999999978
21
-56.0090000000000003
0
LINE
8
BLACK
6
CONTINUOUS
10
152.8568429999999978
20
-56.0090000000000003
11
152.9268859999999961
21
-55.9389569999999949
0
LINE
8
BLACK
6
CONTINUOUS
10
152.9268859999999961
20
-55.9389569999999949
11
153.038392999999985
21
-55.8821409999999972
0
LINE
8
BLACK
6
CONTINUOUS
10
153.038392999999985
20
-55.8821409999999972
11
153.1620000000000061
21
-55.862563999999999
0
LINE
8
BLACK
6
CONTINUOUS
10
153.1620000000000061
20
-55.862563999999999
11
153.2856069999999988
21
-55.8821409999999972
0
LINE
8
BLACK
6
CONTINUOUS
10
153.2856069999999988
20
-55.8821409999999972
11
153.3971139999999878
21
-55.9389569999999949
0
LINE
8
BLACK
6
CONTINUOUS
10
153.3971139999999878
20
-55.9389569999999949
11
153.4856069999999875
21
-56.0274499999999946
0
LINE
8
BLACK
6
CONTINUOUS
10
153.4856069999999875
20
-56.0274499999999946
11
153.5424229999999852
21
-56.1389569999999978
0
LINE
8
BLACK
6
CONTINUOUS
10
153.5424229999999852
20
-56.1389569999999978
11
153.5619999999999834
21
-56.2625639999999976
0
LINE
8
BLACK
6
CONTINUOUS
10
153.5619999999999834
20
-56.2625639999999976
11
153.5424229999999852
21
-56.3861709999999974
0
LINE
8
BLACK
6
CONTINUOUS
10
153.5424229999999852
20
-56.3861709999999974
11
153.4856069999999875
21
-56.4976780000000005
0
LINE
8
BLACK
6
CONTINUOUS
10
153.4856069999999875
20
-56.4976780000000005
11
153.3971139999999878
21
-56.5861710000000002
0
LINE
8
BLACK
6
CONTINUOUS
10
153.3971139999999878
20
-56.5861710000000002
11
153.2856069999999988
21
-56.642986999999998
0
LINE
8
BLACK
6
CONTINUOUS
10
153.2856069999999988
20
-56.642986999999998
11
153.1620000000000061
21
-56.6625639999999962
0
LINE
8
BLACK
6
CONTINUOUS
10
153.1620000000000061
20
-56.6625639999999962
11
153.038392999999985
21
-56.642986999999998
0
LINE
8
BLACK
6
CONTINUOUS
10
153.038392999999985
20
-56.642986999999998
11
152.9268859999999961
21
-56.5861710000000002
0
LINE
8
BLACK
6
CONTINUOUS
10
152.9268859999999961
20
-56.5861710000000002
11
152.8383929999999964
21
-56.4976780000000005
0
LINE
8
BLACK
6
CONTINUOUS
10
152.8383929999999964
20
-56.4976780000000005
11
152.7815769999999986
21
-56.3861709999999974
0
LINE
8
BLACK
6
CONTINUOUS
10
152.7815769999999986
20
-56.3861709999999974
11
152.7620000000000005
21
-56.2625639999999976
0
LINE
8
BLACK
6
CONTINUOUS
10
152.7620000000000005
20
-56.2625639999999976
11
152.7625639999999976
21
-56.2590000000000003
0
LINE
8
BLACK
6
CONTINUOUS
10
152.7625639999999976
20
-56.2590000000000003
11
151.7680000000000007
21
-56.2590000000000003
0
LINE
8
BLACK
6
CONTINUOUS
10
151.7680000000000007
20
-56.2590000000000003
11
151.7680000000000007
21
-56.3714999999999975
0
LINE
8
BLACK
6
CONTINUOUS
10
151.7680000000000007
20
-56.3714999999999975
11
151.7499210000000005
21
-56.4623869999999997
0
LINE
8
BLACK
6
CONTINUOUS
10
151.7499210000000005
20
-56.4623869999999997
11
151.6984379999999817
21
-56.539437999999997
0
LINE
8
BLACK
6
CONTINUOUS
10
151.6984379999999817
20
-56.539437999999997
11
151.6213869999999986
21
-56.5909209999999945
0
LINE
8
BLACK
6
CONTINUOUS
10
151.6213869999999986
20
-56.5909209999999945
11
151.5304999999999893
21
-56.6089999999999947
0
LINE
8
BLACK
6
CONTINUOUS
10
151.5304999999999893
20
-56.6089999999999947
11
150.930499999999995
21
-56.6089999999999947
0
LINE
8
BLACK
6
CONTINUOUS
10
150.930499999999995
20
-56.6089999999999947
11
150.8396129999999857
21
-56.5909209999999945
0
LINE
8
BLACK
6
CONTINUOUS
10
150.8396129999999857
20
-56.5909209999999945
11
150.7625620000000026
21
-56.539437999999997
0
LINE
8
BLACK
6
CONTINUOUS
10
150.7625620000000026
20
-56.539437999999997
11
150.7110789999999838
21
-56.4623869999999997
0
LINE
8
BLACK
6
CONTINUOUS
10
150.7110789999999838
20
-56.4623869999999997
11
150.6929999999999836
21
-56.3714999999999975
0
LINE
8
BLACK
6
CONTINUOUS
10
150.6929999999999836
20
-56.3714999999999975
11
150.6929999999999836
21
-55.8964999999999961
0
LINE
8
BLACK
6
CONTINUOUS
10
150.6929999999999836
20
-55.8964999999999961
11
150.7110789999999838
21
-55.805613000000001
0
LINE
8
BLACK
6
CONTINUOUS
10
150.7110789999999838
20
-55.805613000000001
11
150.7625620000000026
21
-55.7285619999999966
0
LINE
8
BLACK
6
CONTINUOUS
10
150.7625620000000026
20
-55.7285619999999966
11
150.8396129999999857
21
-55.6770789999999991
0
LINE
8
BLACK
6
CONTINUOUS
10
150.8396129999999857
20
-55.6770789999999991
11
150.930499999999995
21
-55.6589999999999989
0
LINE
8
BLACK
6
CONTINUOUS
10
150.930499999999995
20
-55.6589999999999989
11
151.5304999999999893
21
-55.6589999999999989
0
LINE
8
BLACK
6
CONTINUOUS
10
151.5304999999999893
20
-55.6589999999999989
11
151.6213869999999986
21
-55.6770789999999991
0
LINE
8
BLACK
6
CONTINUOUS
10
149.8963870000000043
20
-55.6770789999999991
11
149.9734379999999874
21
-55.7285619999999966
0
LINE
8
BLACK
6
CONTINUOUS
10
149.9734379999999874
20
-55.7285619999999966
11
150.0249210000000062
21
-55.805613000000001
0
LINE
8
BLACK
6
CONTINUOUS
10
150.0249210000000062
20
-55.805613000000001
11
150.0430000000000064
21
-55.8964999999999961
0
LINE
8
BLACK
6
CONTINUOUS
10
150.0430000000000064
20
-55.8964999999999961
11
150.0430000000000064
21
-56.3714999999999975
0
LINE
8
BLACK
6
CONTINUOUS
10
150.0430000000000064
20
-56.3714999999999975
11
150.0249210000000062
21
-56.4623869999999997
0
LINE
8
BLACK
6
CONTINUOUS
10
150.0249210000000062
20
-56.4623869999999997
11
149.9734379999999874
21
-56.539437999999997
0
LINE
8
BLACK
6
CONTINUOUS
10
149.9734379999999874
20
-56.539437999999997
11
149.8963870000000043
21
-56.5909209999999945
0
LINE
8
BLACK
6
CONTINUOUS
10
149.8963870000000043
20
-56.5909209999999945
11
149.805499999999995
21
-56.6089999999999947
0
LINE
8
BLACK
6
CONTINUOUS
10
149.805499999999995
20
-56.6089999999999947
11
149.2055000000000007
21
-56.6089999999999947
0
LINE
8
BLACK
6
CONTINUOUS
10
149.2055000000000007
20
-56.6089999999999947
11
149.1146129999999914
21
-56.5909209999999945
0
LINE
8
BLACK
6
CONTINUOUS
10
149.1146129999999914
20
-56.5909209999999945
11
149.0375619999999799
21
-56.539437999999997
0
LINE
8
BLACK
6
CONTINUOUS
10
149.0375619999999799
20
-56.539437999999997
11
148.9860789999999895
21
-56.4623869999999997
0
LINE
8
BLACK
6
CONTINUOUS
10
148.9860789999999895
20
-56.4623869999999997
11
148.9679999999999893
21
-56.3714999999999975
0
LINE
8
BLACK
6
CONTINUOUS
10
148.9679999999999893
20
-56.3714999999999975
11
148.9679999999999893
21
-56.2590000000000003
0
LINE
8
BLACK
6
CONTINUOUS
10
148.9679999999999893
20
-56.2590000000000003
11
147.6997130000000027
21
-56.2590000000000003
0
LINE
8
BLACK
6
CONTINUOUS
10
147.6997130000000027
20
-56.2590000000000003
11
147.6436070000000029
21
-56.3691139999999962
0
LINE
8
BLACK
6
CONTINUOUS
10
147.6436070000000029
20
-56.3691139999999962
11
147.5551140000000032
21
-56.4576069999999959
0
LINE
8
BLACK
6
CONTINUOUS
10
147.5551140000000032
20
-56.4576069999999959
11
147.4436069999999859
21
-56.5144230000000007
0
LINE
8
BLACK
6
CONTINUOUS
10
147.4436069999999859
20
-56.5144230000000007
11
147.3199999999999932
21
-56.5339999999999989
0
LINE
8
BLACK
6
CONTINUOUS
10
147.3199999999999932
20
-56.5339999999999989
11
147.1963930000000005
21
-56.5144230000000007
0
LINE
8
BLACK
6
CONTINUOUS
10
147.1963930000000005
20
-56.5144230000000007
11
147.0848859999999831
21
-56.4576069999999959
0
LINE
8
BLACK
6
CONTINUOUS
10
147.0848859999999831
20
-56.4576069999999959
11
146.9963929999999834
21
-56.3691139999999962
0
LINE
8
BLACK
6
CONTINUOUS
10
146.9963929999999834
20
-56.3691139999999962
11
146.9395769999999857
21
-56.2576070000000001
0
LINE
8
BLACK
6
CONTINUOUS
10
146.9395769999999857
20
-56.2576070000000001
11
146.9199999999999875
21
-56.1340000000000003
0
LINE
8
BLACK
6
CONTINUOUS
10
146.9199999999999875
20
-56.1340000000000003
11
146.9395769999999857
21
-56.0103930000000005
0
LINE
8
BLACK
6
CONTINUOUS
10
146.9395769999999857
20
-56.0103930000000005
11
146.9963929999999834
21
-55.8988859999999974
0
LINE
8
BLACK
6
CONTINUOUS
10
146.9963929999999834
20
-55.8988859999999974
11
147.0848859999999831
21
-55.8103929999999977
0
LINE
8
BLACK
6
CONTINUOUS
10
147.0848859999999831
20
-55.8103929999999977
11
147.1963930000000005
21
-55.7535769999999999
0
LINE
8
BLACK
6
CONTINUOUS
10
147.1963930000000005
20
-55.7535769999999999
11
147.3199999999999932
21
-55.7339999999999947
0
LINE
8
BLACK
6
CONTINUOUS
10
147.3199999999999932
20
-55.7339999999999947
11
147.4436069999999859
21
-55.7535769999999999
0
LINE
8
BLACK
6
CONTINUOUS
10
147.4436069999999859
20
-55.7535769999999999
11
147.5551140000000032
21
-55.8103929999999977
0
LINE
8
BLACK
6
CONTINUOUS
10
147.5551140000000032
20
-55.8103929999999977
11
147.6436070000000029
21
-55.8988859999999974
0
LINE
8
BLACK
6
CONTINUOUS
10
147.6436070000000029
20
-55.8988859999999974
11
147.6997130000000027
21
-56.0090000000000003
0
LINE
8
BLACK
6
CONTINUOUS
10
147.6997130000000027
20
-56.0090000000000003
11
148.9679999999999893
21
-56.0090000000000003
0
LINE
8
BLACK
6
CONTINUOUS
10
148.9679999999999893
20
-56.0090000000000003
11
148.9679999999999893
21
-55.8964999999999961
0
LINE
8
BLACK
6
CONTINUOUS
10
148.9679999999999893
20
-55.8964999999999961
11
148.9860789999999895
21
-55.805613000000001
0
LINE
8
BLACK
6
CONTINUOUS
10
148.9860789999999895
20
-55.805613000000001
11
149.0375619999999799
21
-55.7285619999999966
0
LINE
8
BLACK
6
CONTINUOUS
10
149.0375619999999799
20
-55.7285619999999966
11
149.1146129999999914
21
-55.6770789999999991
0
LINE
8
BLACK
6
CONTINUOUS
10
149.1146129999999914
20
-55.6770789999999991
11
149.2055000000000007
21
-55.6589999999999989
0
LINE
8
BLACK
6
CONTINUOUS
10
149.2055000000000007
20
-55.6589999999999989
11
149.805499999999995
21
-55.6589999999999989
0
LINE
8
BLACK
6
CONTINUOUS
10
149.805499999999995
20
-55.6589999999999989
11
149.8963870000000043
21
-55.6770789999999991
0
LINE
8
BLACK
6
CONTINUOUS
10
141.8736069999999927
20
-52.6195769999999996
11
141.9851139999999816
21
-52.6763929999999974
0
LINE
8
BLACK
6
CONTINUOUS
10
141.9851139999999816
20
-52.6763929999999974
11
142.0736069999999813
21
-52.7648859999999971
0
LINE
8
BLACK
6
CONTINUOUS
10
142.0736069999999813
20
-52.7648859999999971
11
142.1304230000000075
21
-52.8763930000000002
0
LINE
8
BLACK
6
CONTINUOUS
10
142.1304230000000075
20
-52.8763930000000002
11
142.1500000000000057
21
-53.
0
LINE
8
BLACK
6
CONTINUOUS
10
142.1500000000000057
20
-53.
11
142.1304230000000075
21
-53.1236069999999998
0
LINE
8
BLACK
6
CONTINUOUS
10
142.1304230000000075
20
-53.1236069999999998
11
142.0736069999999813
21
-53.2351139999999958
0
LINE
8
BLACK
6
CONTINUOUS
10
142.0736069999999813
20
-53.2351139999999958
11
142.
21
-53.3087209999999985
0
LINE
8
BLACK
6
CONTINUOUS
10
142.
20
-53.3087209999999985
11
142.
21
-53.8964459999999974
0
LINE
8
BLACK
6
CONTINUOUS
10
142.
20
-53.8964459999999974
11
142.3535540000000026
21
-54.25
0
LINE
8
BLACK
6
CONTINUOUS
10
142.3535540000000026
20
-54.25
11
142.852485999999999
21
-54.25
0
LINE
8
BLACK
6
CONTINUOUS
10
142.852485999999999
20
-54.25
11
142.8680789999999945
21
-54.1716130000000007
0
LINE
8
BLACK
6
CONTINUOUS
10
142.8680789999999945
20
-54.1716130000000007
11
142.9195619999999849
21
-54.0945619999999963
0
LINE
8
BLACK
6
CONTINUOUS
10
142.9195619999999849
20
-54.0945619999999963
11
142.9966129999999964
21
-54.0430789999999988
0
LINE
8
BLACK
6
CONTINUOUS
10
142.9966129999999964
20
-54.0430789999999988
11
143.0875000000000057
21
-54.0249999999999986
0
LINE
8
BLACK
6
CONTINUOUS
10
143.0875000000000057
20
-54.0249999999999986
11
143.5875000000000057
21
-54.0249999999999986
0
LINE
8
BLACK
6
CONTINUOUS
10
143.5875000000000057
20
-54.0249999999999986
11
143.6783869999999865
21
-54.0430789999999988
0
LINE
8
BLACK
6
CONTINUOUS
10
143.6783869999999865
20
-54.0430789999999988
11
143.7554379999999981
21
-54.0945619999999963
0
LINE
8
BLACK
6
CONTINUOUS
10
143.7554379999999981
20
-54.0945619999999963
11
143.8069209999999885
21
-54.1716130000000007
0
LINE
8
BLACK
6
CONTINUOUS
10
143.8069209999999885
20
-54.1716130000000007
11
143.8249999999999886
21
-54.2624999999999957
0
LINE
8
BLACK
6
CONTINUOUS
10
143.8249999999999886
20
-54.2624999999999957
11
143.8249999999999886
21
-54.7374999999999972
0
LINE
8
BLACK
6
CONTINUOUS
10
143.8249999999999886
20
-54.7374999999999972
11
143.8069209999999885
21
-54.8283869999999993
0
LINE
8
BLACK
6
CONTINUOUS
10
143.8069209999999885
20
-54.8283869999999993
11
143.7554379999999981
21
-54.9054379999999966
0
LINE
8
BLACK
6
CONTINUOUS
10
143.7554379999999981
20
-54.9054379999999966
11
143.6783869999999865
21
-54.9569209999999941
0
LINE
8
BLACK
6
CONTINUOUS
10
143.6783869999999865
20
-54.9569209999999941
11
143.5875000000000057
21
-54.9749999999999943
0
LINE
8
BLACK
6
CONTINUOUS
10
143.5875000000000057
20
-54.9749999999999943
11
143.0875000000000057
21
-54.9749999999999943
0
LINE
8
BLACK
6
CONTINUOUS
10
143.0875000000000057
20
-54.9749999999999943
11
142.9966129999999964
21
-54.9569209999999941
0
LINE
8
BLACK
6
CONTINUOUS
10
142.9966129999999964
20
-54.9569209999999941
11
142.9195619999999849
21
-54.9054379999999966
0
LINE
8
BLACK
6
CONTINUOUS
10
142.9195619999999849
20
-54.9054379999999966
11
142.8680789999999945
21
-54.8283869999999993
0
LINE
8
BLACK
6
CONTINUOUS
10
142.8680789999999945
20
-54.8283869999999993
11
142.852485999999999
21
-54.75
0
LINE
8
BLACK
6
CONTINUOUS
10
142.852485999999999
20
-54.75
11
142.25
21
-54.75
0
LINE
8
BLACK
6
CONTINUOUS
10
142.25
20
-54.75
11
142.2012369999999919
21
-54.7451969999999974
0
LINE
8
BLACK
6
CONTINUOUS
10
142.2012369999999919
20
-54.7451969999999974
11
142.2012279999999862
21
-54.7451969999999974
0
LINE
8
BLACK
6
CONTINUOUS
10
142.2012279999999862
20
-54.7451969999999974
11
142.1111080000000015
21
-54.7078679999999977
0
LINE
8
BLACK
6
CONTINUOUS
10
142.1111080000000015
20
-54.7078679999999977
11
142.0732229999999845
21
-54.6767769999999942
0
LINE
8
BLACK
6
CONTINUOUS
10
142.0732229999999845
20
-54.6767769999999942
11
141.5732229999999845
21
-54.1767769999999942
0
LINE
8
BLACK
6
CONTINUOUS
10
141.5732229999999845
20
-54.1767769999999942
11
141.5421369999999968
21
-54.138897
0
LINE
8
BLACK
6
CONTINUOUS
10
141.5421369999999968
20
-54.138897
11
141.5421330000000069
21
-54.1388929999999959
0
LINE
8
BLACK
6
CONTINUOUS
10
141.5421330000000069
20
-54.1388929999999959
11
141.5048040000000071
21
-54.0487729999999971
0
LINE
8
BLACK
6
CONTINUOUS
10
141.5048040000000071
20
-54.0487729999999971
11
141.5
21
-54.
0
LINE
8
BLACK
6
CONTINUOUS
10
141.5
20
-54.
11
141.5
21
-53.3087209999999985
0
LINE
8
BLACK
6
CONTINUOUS
10
141.5
20
-53.3087209999999985
11
141.4263929999999903
21
-53.2351139999999958
0
LINE
8
BLACK
6
CONTINUOUS
10
141.4263929999999903
20
-53.2351139999999958
11
141.3695769999999925
21
-53.1236069999999998
0
LINE
8
BLACK
6
CONTINUOUS
10
141.3695769999999925
20
-53.1236069999999998
11
141.3499999999999943
21
-53.
0
LINE
8
BLACK
6
CONTINUOUS
10
141.3499999999999943
20
-53.
11
141.3695769999999925
21
-52.8763930000000002
0
LINE
8
BLACK
6
CONTINUOUS
10
141.3695769999999925
20
-52.8763930000000002
11
141.4263929999999903
21
-52.7648859999999971
0
LINE
8
BLACK
6
CONTINUOUS
10
141.4263929999999903
20
-52.7648859999999971
11
141.51488599999999
21
-52.6763929999999974
0
LINE
8
BLACK
6
CONTINUOUS
10
141.51488599999999
20
-52.6763929999999974
11
141.6263930000000073
21
-52.6195769999999996
0
LINE
8
BLACK
6
CONTINUOUS
10
141.6263930000000073
20
-52.6195769999999996
11
141.75
21
-52.5999999999999943
0
LINE
8
BLACK
6
CONTINUOUS
10
141.75
20
-52.5999999999999943
11
141.8736069999999927
21
-52.6195769999999996
0
LINE
8
BLACK
6
CONTINUOUS
10
145.5033870000000036
20
-52.5430789999999988
11
145.5804379999999867
21
-52.5945619999999963
0
LINE
8
BLACK
6
CONTINUOUS
10
145.5804379999999867
20
-52.5945619999999963
11
145.6208210000000065
21
-52.6550000000000011
0
LINE
8
BLACK
6
CONTINUOUS
10
145.6208210000000065
20
-52.6550000000000011
11
146.3398809999999912
21
-52.6550000000000011
0
LINE
8
BLACK
6
CONTINUOUS
10
146.3398809999999912
20
-52.6550000000000011
11
146.3439339999999902
21
-52.648933999999997
0
LINE
8
BLACK
6
CONTINUOUS
10
146.3439339999999902
20
-52.648933999999997
11
146.392596999999995
21
-52.6164179999999959
0
LINE
8
BLACK
6
CONTINUOUS
10
146.392596999999995
20
-52.6164179999999959
11
146.4499999999999886
21
-52.6049999999999969
0
LINE
8
BLACK
6
CONTINUOUS
10
146.4499999999999886
20
-52.6049999999999969
11
148.0999999999999943
21
-52.6049999999999969
0
LINE
8
BLACK
6
CONTINUOUS
10
148.0999999999999943
20
-52.6049999999999969
11
148.157402999999988
21
-52.6164179999999959
0
LINE
8
BLACK
6
CONTINUOUS
10
148.157402999999988
20
-52.6164179999999959
11
148.2060659999999928
21
-52.648933999999997
0
LINE
8
BLACK
6
CONTINUOUS
10
148.2060659999999928
20
-52.648933999999997
11
148.2385819999999796
21
-52.6975969999999947
0
LINE
8
BLACK
6
CONTINUOUS
10
148.2385819999999796
20
-52.6975969999999947
11
148.25
21
-52.7549999999999955
0
LINE
8
BLACK
6
CONTINUOUS
10
148.25
20
-52.7549999999999955
11
148.25
21
-53.0549999999999997
0
LINE
8
BLACK
6
CONTINUOUS
10
148.25
20
-53.0549999999999997
11
148.2385819999999796
21
-53.1124030000000005
0
LINE
8
BLACK
6
CONTINUOUS
10
148.2385819999999796
20
-53.1124030000000005
11
148.2060659999999928
21
-53.1610659999999982
0
LINE
8
BLACK
6
CONTINUOUS
10
148.2060659999999928
20
-53.1610659999999982
11
148.157402999999988
21
-53.1935819999999993
0
LINE
8
BLACK
6
CONTINUOUS
10
148.157402999999988
20
-53.1935819999999993
11
148.0999999999999943
21
-53.2049999999999983
0
LINE
8
BLACK
6
CONTINUOUS
10
148.0999999999999943
20
-53.2049999999999983
11
146.4499999999999886
21
-53.2049999999999983
0
LINE
8
BLACK
6
CONTINUOUS
10
146.4499999999999886
20
-53.2049999999999983
11
146.392596999999995
21
-53.1935819999999993
0
LINE
8
BLACK
6
CONTINUOUS
10
146.392596999999995
20
-53.1935819999999993
11
146.3439339999999902
21
-53.1610659999999982
0
LINE
8
BLACK
6
CONTINUOUS
10
146.3439339999999902
20
-53.1610659999999982
11
146.3398809999999912
21
-53.1550000000000011
0
LINE
8
BLACK
6
CONTINUOUS
10
146.3398809999999912
20
-53.1550000000000011
11
145.6500000000000057
21
-53.1550000000000011
0
LINE
8
BLACK
6
CONTINUOUS
10
145.6500000000000057
20
-53.1550000000000011
11
145.6500000000000057
21
-53.2374999999999972
0
LINE
8
BLACK
6
CONTINUOUS
10
145.6500000000000057
20
-53.2374999999999972
11
145.6319210000000055
21
-53.3283869999999993
0
LINE
8
BLACK
6
CONTINUOUS
10
145.6319210000000055
20
-53.3283869999999993
11
145.5804379999999867
21
-53.4054379999999966
0
LINE
8
BLACK
6
CONTINUOUS
10
145.5804379999999867
20
-53.4054379999999966
11
145.5033870000000036
21
-53.4569209999999941
0
LINE
8
BLACK
6
CONTINUOUS
10
145.5033870000000036
20
-53.4569209999999941
11
145.4124999999999943
21
-53.4749999999999943
0
LINE
8
BLACK
6
CONTINUOUS
10
145.4124999999999943
20
-53.4749999999999943
11
145.3624999999999829
21
-53.4749999999999943
0
LINE
8
BLACK
6
CONTINUOUS
10
145.3624999999999829
20
-53.4749999999999943
11
145.3624999999999829
21
-54.0249999999999986
0
LINE
8
BLACK
6
CONTINUOUS
10
145.3624999999999829
20
-54.0249999999999986
11
145.4124999999999943
21
-54.0249999999999986
0
LINE
8
BLACK
6
CONTINUOUS
10
145.4124999999999943
20
-54.0249999999999986
11
145.5033870000000036
21
-54.0430789999999988
0
LINE
8
BLACK
6
CONTINUOUS
10
145.5033870000000036
20
-54.0430789999999988
11
145.5804379999999867
21
-54.0945619999999963
0
LINE
8
BLACK
6
CONTINUOUS
10
145.5804379999999867
20
-54.0945619999999963
11
145.6319210000000055
21
-54.1716130000000007
0
LINE
8
BLACK
6
CONTINUOUS
10
145.6319210000000055
20
-54.1716130000000007
11
145.6500000000000057
21
-54.2624999999999957
0
LINE
8
BLACK
6
CONTINUOUS
10
145.6500000000000057
20
-54.2624999999999957
11
145.6500000000000057
21
-54.7374999999999972
0
LINE
8
BLACK
6
CONTINUOUS
10
145.6500000000000057
20
-54.7374999999999972
11
145.6319210000000055
21
-54.8283869999999993
0
LINE
8
BLACK
6
CONTINUOUS
10
145.6319210000000055
20
-54.8283869999999993
11
145.5804379999999867
21
-54.9054379999999966
0
LINE
8
BLACK
6
CONTINUOUS
10
145.5804379999999867
20
-54.9054379999999966
11
145.5033870000000036
21
-54.9569209999999941
0
LINE
8
BLACK
6
CONTINUOUS
10
145.5033870000000036
20
-54.9569209999999941
11
145.4124999999999943
21
-54.9749999999999943
0
LINE
8
BLACK
6
CONTINUOUS
10
145.4124999999999943
20
-54.9749999999999943
11
144.9124999999999943
21
-54.9749999999999943
0
LINE
8
BLACK
6
CONTINUOUS
10
144.9124999999999943
20
-54.9749999999999943
11
144.821612999999985
21
-54.9569209999999941
0
LINE
8
BLACK
6
CONTINUOUS
10
144.821612999999985
20
-54.9569209999999941
11
144.7445620000000019
21
-54.9054379999999966
0
LINE
8
BLACK
6
CONTINUOUS
10
144.7445620000000019
20
-54.9054379999999966
11
144.6930789999999831
21
-54.8283869999999993
0
LINE
8
BLACK
6
CONTINUOUS
10
144.6930789999999831
20
-54.8283869999999993
11
144.6749999999999829
21
-54.7374999999999972
0
LINE
8
BLACK
6
CONTINUOUS
10
144.6749999999999829
20
-54.7374999999999972
11
144.6749999999999829
21
-54.2624999999999957
0
LINE
8
BLACK
6
CONTINUOUS
10
144.6749999999999829
20
-54.2624999999999957
11
144.6930789999999831
21
-54.1716130000000007
0
LINE
8
BLACK
6
CONTINUOUS
10
144.6930789999999831
20
-54.1716130000000007
11
144.7445620000000019
21
-54.0945619999999963
0
LINE
8
BLACK
6
CONTINUOUS
10
144.7445620000000019
20
-54.0945619999999963
11
144.821612999999985
21
-54.0430789999999988
0
LINE
8
BLACK
6
CONTINUOUS
10
144.821612999999985
20
-54.0430789999999988
11
144.8624999999999829
21
-54.0349450000000004
0
LINE
8
BLACK
6
CONTINUOUS
10
144.8624999999999829
20
-54.0349450000000004
11
144.8624999999999829
21
-53.4749999999999943
0
LINE
8
BLACK
6
CONTINUOUS
10
144.8624999999999829
20
-53.4749999999999943
11
144.8125
21
-53.4749999999999943
0
LINE
8
BLACK
6
CONTINUOUS
10
144.8125
20
-53.4749999999999943
11
144.7216129999999907
21
-53.4569209999999941
0
LINE
8
BLACK
6
CONTINUOUS
10
144.7216129999999907
20
-53.4569209999999941
11
144.6445620000000076
21
-53.4054379999999966
0
LINE
8
BLACK
6
CONTINUOUS
10
144.6445620000000076
20
-53.4054379999999966
11
144.5930789999999888
21
-53.3283869999999993
0
LINE
8
BLACK
6
CONTINUOUS
10
144.5930789999999888
20
-53.3283869999999993
11
144.5749999999999886
21
-53.2374999999999972
0
LINE
8
BLACK
6
CONTINUOUS
10
144.5749999999999886
20
-53.2374999999999972
11
144.5749999999999886
21
-52.7624999999999957
0
LINE
8
BLACK
6
CONTINUOUS
10
144.5749999999999886
20
-52.7624999999999957
11
144.5930789999999888
21
-52.6716130000000007
0
LINE
8
BLACK
6
CONTINUOUS
10
144.5930789999999888
20
-52.6716130000000007
11
144.6445620000000076
21
-52.5945619999999963
0
LINE
8
BLACK
6
CONTINUOUS
10
144.6445620000000076
20
-52.5945619999999963
11
144.7216129999999907
21
-52.5430789999999988
0
LINE
8
BLACK
6
CONTINUOUS
10
144.7216129999999907
20
-52.5430789999999988
11
144.8125
21
-52.5249999999999986
0
LINE
8
BLACK
6
CONTINUOUS
10
144.8125
20
-52.5249999999999986
11
145.4124999999999943
21
-52.5249999999999986
0
LINE
8
BLACK
6
CONTINUOUS
10
145.4124999999999943
20
-52.5249999999999986
11
145.5033870000000036
21
-52.5430789999999988
0
LINE
8
BLACK
6
CONTINUOUS
10
159.5236069999999984
20
-53.6195769999999996
11
159.6351139999999873
21
-53.6763929999999974
0
LINE
8
BLACK
6
CONTINUOUS
10
159.6351139999999873
20
-53.6763929999999974
11
159.723606999999987
21
-53.7648859999999971
0
LINE
8
BLACK
6
CONTINUOUS
10
159.723606999999987
20
-53.7648859999999971
11
159.7804229999999848
21
-53.8763930000000002
0
LINE
8
BLACK
6
CONTINUOUS
10
159.7804229999999848
20
-53.8763930000000002
11
159.7999999999999829
21
-54.
0
LINE
8
BLACK
6
CONTINUOUS
10
159.7999999999999829
20
-54.
11
159.7804229999999848
21
-54.1236069999999998
0
LINE
8
BLACK
6
CONTINUOUS
10
159.7804229999999848
20
-54.1236069999999998
11
159.723606999999987
21
-54.2351139999999958
0
LINE
8
BLACK
6
CONTINUOUS
10
159.723606999999987
20
-54.2351139999999958
11
159.6351139999999873
21
-54.3236069999999955
0
LINE
8
BLACK
6
CONTINUOUS
10
159.6351139999999873
20
-54.3236069999999955
11
159.5236069999999984
21
-54.3804230000000004
0
LINE
8
BLACK
6
CONTINUOUS
10
159.5236069999999984
20
-54.3804230000000004
11
159.4000000000000057
21
-54.3999999999999986
0
LINE
8
BLACK
6
CONTINUOUS
10
159.4000000000000057
20
-54.3999999999999986
11
159.2763929999999846
21
-54.3804230000000004
0
LINE
8
BLACK
6
CONTINUOUS
10
159.2763929999999846
20
-54.3804230000000004
11
159.1648859999999956
21
-54.3236069999999955
0
LINE
8
BLACK
6
CONTINUOUS
10
159.1648859999999956
20
-54.3236069999999955
11
159.0763929999999959
21
-54.2351139999999958
0
LINE
8
BLACK
6
CONTINUOUS
10
159.0763929999999959
20
-54.2351139999999958
11
159.0195769999999982
21
-54.1236069999999998
0
LINE
8
BLACK
6
CONTINUOUS
10
159.0195769999999982
20
-54.1236069999999998
11
159.
21
-54.
0
LINE
8
BLACK
6
CONTINUOUS
10
159.
20
-54.
11
159.0195769999999982
21
-53.8763930000000002
0
LINE
8
BLACK
6
CONTINUOUS
10
159.0195769999999982
20
-53.8763930000000002
11
159.0763929999999959
21
-53.7648859999999971
0
LINE
8
BLACK
6
CONTINUOUS
10
159.0763929999999959
20
-53.7648859999999971
11
159.1648859999999956
21
-53.6763929999999974
0
LINE
8
BLACK
6
CONTINUOUS
10
159.1648859999999956
20
-53.6763929999999974
11
159.2763929999999846
21
-53.6195769999999996
0
LINE
8
BLACK
6
CONTINUOUS
10
159.2763929999999846
20
-53.6195769999999996
11
159.4000000000000057
21
-53.5999999999999943
0
LINE
8
BLACK
6
CONTINUOUS
10
159.4000000000000057
20
-53.5999999999999943
11
159.5236069999999984
21
-53.6195769999999996
0
LINE
8
BLACK
6
CONTINUOUS
10
143.7783869999999808
20
-51.0430789999999988
11
143.8554379999999924
21
-51.0945619999999963
0
LINE
8
BLACK
6
CONTINUOUS
10
143.8554379999999924
20
-51.0945619999999963
11
143.9069209999999828
21
-51.1716130000000007
0
LINE
8
BLACK
6
CONTINUOUS
10
143.9069209999999828
20
-51.1716130000000007
11
143.9249999999999829
21
-51.2624999999999957
0
LINE
8
BLACK
6
CONTINUOUS
10
143.9249999999999829
20
-51.2624999999999957
11
143.9249999999999829
21
-51.7374999999999972
0
LINE
8
BLACK
6
CONTINUOUS
10
143.9249999999999829
20
-51.7374999999999972
11
143.9069209999999828
21
-51.8283869999999993
0
LINE
8
BLACK
6
CONTINUOUS
10
143.9069209999999828
20
-51.8283869999999993
11
143.8554379999999924
21
-51.9054379999999966
0
LINE
8
BLACK
6
CONTINUOUS
10
143.8554379999999924
20
-51.9054379999999966
11
143.7783869999999808
21
-51.9569209999999941
0
LINE
8
BLACK
6
CONTINUOUS
10
143.7783869999999808
20
-51.9569209999999941
11
143.6875
21
-51.9749999999999943
0
LINE
8
BLACK
6
CONTINUOUS
10
143.6875
20
-51.9749999999999943
11
143.6374999999999886
21
-51.9749999999999943
0
LINE
8
BLACK
6
CONTINUOUS
10
143.6374999999999886
20
-51.9749999999999943
11
143.6374999999999886
21
-52.5249999999999986
0
LINE
8
BLACK
6
CONTINUOUS
10
143.6374999999999886
20
-52.5249999999999986
11
143.6875
21
-52.5249999999999986
0
LINE
8
BLACK
6
CONTINUOUS
10
143.6875
20
-52.5249999999999986
11
143.7783869999999808
21
-52.5430789999999988
0
LINE
8
BLACK
6
CONTINUOUS
10
143.7783869999999808
20
-52.5430789999999988
11
143.8554379999999924
21
-52.5945619999999963
0
LINE
8
BLACK
6
CONTINUOUS
10
143.8554379999999924
20
-52.5945619999999963
11
143.8810589999999934
21
-52.6329080000000005
0
LINE
8
BLACK
6
CONTINUOUS
10
143.8810589999999934
20
-52.6329080000000005
11
143.9749999999999943
21
-52.6180299999999974
0
LINE
8
BLACK
6
CONTINUOUS
10
143.9749999999999943
20
-52.6180299999999974
11
144.098606999999987
21
-52.6376069999999956
0
LINE
8
BLACK
6
CONTINUOUS
10
144.098606999999987
20
-52.6376069999999956
11
144.2101140000000044
21
-52.6944230000000005
0
LINE
8
BLACK
6
CONTINUOUS
10
144.2101140000000044
20
-52.6944230000000005
11
144.2986070000000041
21
-52.7829160000000002
0
LINE
8
BLACK
6
CONTINUOUS
10
144.2986070000000041
20
-52.7829160000000002
11
144.3554230000000018
21
-52.8944229999999962
0
LINE
8
BLACK
6
CONTINUOUS
10
144.3554230000000018
20
-52.8944229999999962
11
144.375
21
-53.018029999999996
0
LINE
8
BLACK
6
CONTINUOUS
10
144.375
20
-53.018029999999996
11
144.3554230000000018
21
-53.1416369999999958
0
LINE
8
BLACK
6
CONTINUOUS
10
144.3554230000000018
20
-53.1416369999999958
11
144.2986070000000041
21
-53.2531439999999989
0
LINE
8
BLACK
6
CONTINUOUS
10
144.2986070000000041
20
-53.2531439999999989
11
144.2101140000000044
21
-53.3416369999999986
0
LINE
8
BLACK
6
CONTINUOUS
10
144.2101140000000044
20
-53.3416369999999986
11
144.098606999999987
21
-53.3984529999999964
0
LINE
8
BLACK
6
CONTINUOUS
10
144.098606999999987
20
-53.3984529999999964
11
143.9749999999999943
21
-53.4180299999999946
0
LINE
8
BLACK
6
CONTINUOUS
10
143.9749999999999943
20
-53.4180299999999946
11
143.8592710000000068
21
-53.3996999999999957
0
LINE
8
BLACK
6
CONTINUOUS
10
143.8592710000000068
20
-53.3996999999999957
11
143.8554379999999924
21
-53.4054379999999966
0
LINE
8
BLACK
6
CONTINUOUS
10
143.8554379999999924
20
-53.4054379999999966
11
143.7783869999999808
21
-53.4569209999999941
0
LINE
8
BLACK
6
CONTINUOUS
10
143.7783869999999808
20
-53.4569209999999941
11
143.6875
21
-53.4749999999999943
0
LINE
8
BLACK
6
CONTINUOUS
10
143.6875
20
-53.4749999999999943
11
143.0875000000000057
21
-53.4749999999999943
0
LINE
8
BLACK
6
CONTINUOUS
10
143.0875000000000057
20
-53.4749999999999943
11
142.9966129999999964
21
-53.4569209999999941
0
LINE
8
BLACK
6
CONTINUOUS
10
142.9966129999999964
20
-53.4569209999999941
11
142.9195619999999849
21
-53.4054379999999966
0
LINE
8
BLACK
6
CONTINUOUS
10
142.9195619999999849
20
-53.4054379999999966
11
142.8680789999999945
21
-53.3283869999999993
0
LINE
8
BLACK
6
CONTINUOUS
10
142.8680789999999945
20
-53.3283869999999993
11
142.8499999999999943
21
-53.2374999999999972
0
LINE
8
BLACK
6
CONTINUOUS
10
142.8499999999999943
20
-53.2374999999999972
11
142.8499999999999943
21
-52.7624999999999957
0
LINE
8
BLACK
6
CONTINUOUS
10
142.8499999999999943
20
-52.7624999999999957
11
142.8680789999999945
21
-52.6716130000000007
0
LINE
8
BLACK
6
CONTINUOUS
10
142.8680789999999945
20
-52.6716130000000007
11
142.9195619999999849
21
-52.5945619999999963
0
LINE
8
BLACK
6
CONTINUOUS
10
142.9195619999999849
20
-52.5945619999999963
11
142.9966129999999964
21
-52.5430789999999988
0
LINE
8
BLACK
6
CONTINUOUS
10
142.9966129999999964
20
-52.5430789999999988
11
143.0875000000000057
21
-52.5249999999999986
0
LINE
8
BLACK
6
CONTINUOUS
10
143.0875000000000057
20
-52.5249999999999986
11
143.1374999999999886
21
-52.5249999999999986
0
LINE
8
BLACK
6
CONTINUOUS
10
143.1374999999999886
20
-52.5249999999999986
11
143.1374999999999886
21
-51.9749999999999943
0
LINE
8
BLACK
6
CONTINUOUS
10
143.1374999999999886
20
-51.9749999999999943
11
143.0875000000000057
21
-51.9749999999999943
0
LINE
8
BLACK
6
CONTINUOUS
10
143.0875000000000057
20
-51.9749999999999943
11
142.9966129999999964
21
-51.9569209999999941
0
LINE
8
BLACK
6
CONTINUOUS
10
142.9966129999999964
20
-51.9569209999999941
11
142.9195619999999849
21
-51.9054379999999966
0
LINE
8
BLACK
6
CONTINUOUS
10
142.9195619999999849
20
-51.9054379999999966
11
142.8680789999999945
21
-51.8283869999999993
0
LINE
8
BLACK
6
CONTINUOUS
10
142.8680789999999945
20
-51.8283869999999993
11
142.852485999999999
21
-51.75
0
LINE
8
BLACK
6
CONTINUOUS
10
142.852485999999999
20
-51.75
11
142.5587209999999914
21
-51.75
0
LINE
8
BLACK
6
CONTINUOUS
10
142.5587209999999914
20
-51.75
11
142.4851139999999816
21
-51.8236069999999955
0
LINE
8
BLACK
6
CONTINUOUS
10
142.4851139999999816
20
-51.8236069999999955
11
142.3736069999999927
21
-51.8804230000000004
0
LINE
8
BLACK
6
CONTINUOUS
10
142.3736069999999927
20
-51.8804230000000004
11
142.25
21
-51.8999999999999986
0
LINE
8
BLACK
6
CONTINUOUS
10
142.25
20
-51.8999999999999986
11
142.1263930000000073
21
-51.8804230000000004
0
LINE
8
BLACK
6
CONTINUOUS
10
142.1263930000000073
20
-51.8804230000000004
11
142.01488599999999
21
-51.8236069999999955
0
LINE
8
BLACK
6
CONTINUOUS
10
142.01488599999999
20
-51.8236069999999955
11
141.9263929999999903
21
-51.7351139999999958
0
LINE
8
BLACK
6
CONTINUOUS
10
141.9263929999999903
20
-51.7351139999999958
11
141.8695769999999925
21
-51.6236069999999998
0
LINE
8
BLACK
6
CONTINUOUS
10
141.8695769999999925
20
-51.6236069999999998
11
141.8499999999999943
21
-51.5
0
LINE
8
BLACK
6
CONTINUOUS
10
141.8499999999999943
20
-51.5
11
141.8695769999999925
21
-51.3763930000000002
0
LINE
8
BLACK
6
CONTINUOUS
10
141.8695769999999925
20
-51.3763930000000002
11
141.9263929999999903
21
-51.2648859999999971
0
LINE
8
BLACK
6
CONTINUOUS
10
141.9263929999999903
20
-51.2648859999999971
11
142.01488599999999
21
-51.1763929999999974
0
LINE
8
BLACK
6
CONTINUOUS
10
142.01488599999999
20
-51.1763929999999974
11
142.1263930000000073
21
-51.1195769999999996
0
LINE
8
BLACK
6
CONTINUOUS
10
142.1263930000000073
20
-51.1195769999999996
11
142.25
21
-51.0999999999999943
0
LINE
8
BLACK
6
CONTINUOUS
10
142.25
20
-51.0999999999999943
11
142.3736069999999927
21
-51.1195769999999996
0
LINE
8
BLACK
6
CONTINUOUS
10
142.3736069999999927
20
-51.1195769999999996
11
142.4851139999999816
21
-51.1763929999999974
0
LINE
8
BLACK
6
CONTINUOUS
10
142.4851139999999816
20
-51.1763929999999974
11
142.5587209999999914
21
-51.25
0
LINE
8
BLACK
6
CONTINUOUS
10
142.5587209999999914
20
-51.25
11
142.852485999999999
21
-51.25
0
LINE
8
BLACK
6
CONTINUOUS
10
142.852485999999999
20
-51.25
11
142.8680789999999945
21
-51.1716130000000007
0
LINE
8
BLACK
6
CONTINUOUS
10
142.8680789999999945
20
-51.1716130000000007
11
142.9195619999999849
21
-51.0945619999999963
0
LINE
8
BLACK
6
CONTINUOUS
10
142.9195619999999849
20
-51.0945619999999963
11
142.9966129999999964
21
-51.0430789999999988
0
LINE
8
BLACK
6
CONTINUOUS
10
142.9966129999999964
20
-51.0430789999999988
11
143.0875000000000057
21
-51.0249999999999986
0
LINE
8
BLACK
6
CONTINUOUS
10
143.0875000000000057
20
-51.0249999999999986
11
143.6875
21
-51.0249999999999986
0
LINE
8
BLACK
6
CONTINUOUS
10
143.6875
20
-51.0249999999999986
11
143.7783869999999808
21
-51.0430789999999988
0
LINE
8
BLACK
6
CONTINUOUS
10
158.098670999999996
20
-50.680029999999995
11
158.1797770000000014
21
-50.7342230000000001
0
LINE
8
BLACK
6
CONTINUOUS
10
158.1797770000000014
20
-50.7342230000000001
11
158.2339699999999993
21
-50.8153289999999984
0
LINE
8
BLACK
6
CONTINUOUS
10
158.2339699999999993
20
-50.8153289999999984
11
158.2529999999999859
21
-50.9109999999999943
0
LINE
8
BLACK
6
CONTINUOUS
10
158.2529999999999859
20
-50.9109999999999943
11
158.2529999999999859
21
-52.9109999999999943
0
LINE
8
BLACK
6
CONTINUOUS
10
158.2529999999999859
20
-52.9109999999999943
11
158.2339699999999993
21
-53.0066709999999972
0
LINE
8
BLACK
6
CONTINUOUS
10
158.2339699999999993
20
-53.0066709999999972
11
158.1797770000000014
21
-53.0877769999999956
0
LINE
8
BLACK
6
CONTINUOUS
10
158.1797770000000014
20
-53.0877769999999956
11
158.098670999999996
21
-53.1419700000000006
0
LINE
8
BLACK
6
CONTINUOUS
10
158.098670999999996
20
-53.1419700000000006
11
158.0029999999999859
21
-53.1609999999999943
0
LINE
8
BLACK
6
CONTINUOUS
10
158.0029999999999859
20
-53.1609999999999943
11
156.703000000000003
21
-53.1609999999999943
0
LINE
8
BLACK
6
CONTINUOUS
10
156.703000000000003
20
-53.1609999999999943
11
156.6073289999999929
21
-53.1419700000000006
0
LINE
8
BLACK
6
CONTINUOUS
10
156.6073289999999929
20
-53.1419700000000006
11
156.5262229999999875
21
-53.0877769999999956
0
LINE
8
BLACK
6
CONTINUOUS
10
156.5262229999999875
20
-53.0877769999999956
11
156.4720299999999895
21
-53.0066709999999972
0
LINE
8
BLACK
6
CONTINUOUS
10
156.4720299999999895
20
-53.0066709999999972
11
156.453000000000003
21
-52.9109999999999943
0
LINE
8
BLACK
6
CONTINUOUS
10
156.453000000000003
20
-52.9109999999999943
11
156.453000000000003
21
-52.7951969999999946
0
LINE
8
BLACK
6
CONTINUOUS
10
156.453000000000003
20
-52.7951969999999946
11
156.4512279999999862
21
-52.7951969999999946
0
LINE
8
BLACK
6
CONTINUOUS
10
156.4512279999999862
20
-52.7951969999999946
11
156.4326460000000054
21
-52.7874999999999943
0
LINE
8
BLACK
6
CONTINUOUS
10
156.4326460000000054
20
-52.7874999999999943
11
155.2249999999999943
21
-52.7874999999999943
0
LINE
8
BLACK
6
CONTINUOUS
10
155.2249999999999943
20
-52.7874999999999943
11
155.2249999999999943
21
-52.875
0
LINE
8
BLACK
6
CONTINUOUS
10
155.2249999999999943
20
-52.875
11
155.2059699999999793
21
-52.9706709999999958
0
LINE
8
BLACK
6
CONTINUOUS
10
155.2059699999999793
20
-52.9706709999999958
11
155.1517769999999814
21
-53.0517769999999942
0
LINE
8
BLACK
6
CONTINUOUS
10
155.1517769999999814
20
-53.0517769999999942
11
155.0706710000000044
21
-53.1059699999999992
0
LINE
8
BLACK
6
CONTINUOUS
10
155.0706710000000044
20
-53.1059699999999992
11
154.9749999999999943
21
-53.125
0
LINE
8
BLACK
6
CONTINUOUS
10
154.9749999999999943
20
-53.125
11
154.242100999999991
21
-53.125
0
LINE
8
BLACK
6
CONTINUOUS
10
154.242100999999991
20
-53.125
11
154.1812730000000045
21
-53.1501960000000011
0
LINE
8
BLACK
6
CONTINUOUS
10
154.1812730000000045
20
-53.1501960000000011
11
154.1324999999999932
21
-53.1550000000000011
0
LINE
8
BLACK
6
CONTINUOUS
10
154.1324999999999932
20
-53.1550000000000011
11
153.1601189999999804
21
-53.1550000000000011
0
LINE
8
BLACK
6
CONTINUOUS
10
153.1601189999999804
20
-53.1550000000000011
11
153.1560659999999814
21
-53.1610659999999982
0
LINE
8
BLACK
6
CONTINUOUS
10
153.1560659999999814
20
-53.1610659999999982
11
153.107403000000005
21
-53.1935819999999993
0
LINE
8
BLACK
6
CONTINUOUS
10
153.107403000000005
20
-53.1935819999999993
11
153.0499999999999829
21
-53.2049999999999983
0
LINE
8
BLACK
6
CONTINUOUS
10
153.0499999999999829
20
-53.2049999999999983
11
151.4000000000000057
21
-53.2049999999999983
0
LINE
8
BLACK
6
CONTINUOUS
10
151.4000000000000057
20
-53.2049999999999983
11
151.3425969999999836
21
-53.1935819999999993
0
LINE
8
BLACK
6
CONTINUOUS
10
151.3425969999999836
20
-53.1935819999999993
11
151.2939340000000072
21
-53.1610659999999982
0
LINE
8
BLACK
6
CONTINUOUS
10
151.2939340000000072
20
-53.1610659999999982
11
151.2614179999999919
21
-53.1124030000000005
0
LINE
8
BLACK
6
CONTINUOUS
10
151.2614179999999919
20
-53.1124030000000005
11
151.25
21
-53.0549999999999997
0
LINE
8
BLACK
6
CONTINUOUS
10
151.25
20
-53.0549999999999997
11
151.25
21
-52.7549999999999955
0
LINE
8
BLACK
6
CONTINUOUS
10
151.25
20
-52.7549999999999955
11
151.2614179999999919
21
-52.6975969999999947
0
LINE
8
BLACK
6
CONTINUOUS
10
151.2614179999999919
20
-52.6975969999999947
11
151.2939340000000072
21
-52.648933999999997
0
LINE
8
BLACK
6
CONTINUOUS
10
151.2939340000000072
20
-52.648933999999997
11
151.3425969999999836
21
-52.6164179999999959
0
LINE
8
BLACK
6
CONTINUOUS
10
151.3425969999999836
20
-52.6164179999999959
11
151.4000000000000057
21
-52.6049999999999969
0
LINE
8
BLACK
6
CONTINUOUS
10
151.4000000000000057
20
-52.6049999999999969
11
153.0499999999999829
21
-52.6049999999999969
0
LINE
8
BLACK
6
CONTINUOUS
10
153.0499999999999829
20
-52.6049999999999969
11
153.107403000000005
21
-52.6164179999999959
0
LINE
8
BLACK
6
CONTINUOUS
10
153.107403000000005
20
-52.6164179999999959
11
153.1560659999999814
21
-52.648933999999997
0
LINE
8
BLACK
6
CONTINUOUS
10
153.1560659999999814
20
-52.648933999999997
11
153.1601189999999804
21
-52.6550000000000011
0
LINE
8
BLACK
6
CONTINUOUS
10
153.1601189999999804
20
-52.6550000000000011
11
153.7750000000000057
21
-52.6550000000000011
0
LINE
8
BLACK
6
CONTINUOUS
10
153.7750000000000057
20
-52.6550000000000011
11
153.7750000000000057
21
-52.1999999999999957
0
LINE
8
BLACK
6
CONTINUOUS
10
153.7750000000000057
20
-52.1999999999999957
11
153.7940299999999922
21
-52.1043289999999999
0
LINE
8
BLACK
6
CONTINUOUS
10
153.7940299999999922
20
-52.1043289999999999
11
153.8482229999999902
21
-52.0232229999999944
0
LINE
8
BLACK
6
CONTINUOUS
10
153.8482229999999902
20
-52.0232229999999944
11
153.9293289999999956
21
-51.9690299999999965
0
LINE
8
BLACK
6
CONTINUOUS
10
153.9293289999999956
20
-51.9690299999999965
11
154.0250000000000057
21
-51.9499999999999957
0
LINE
8
BLACK
6
CONTINUOUS
10
154.0250000000000057
20
-51.9499999999999957
11
154.9749999999999943
21
-51.9499999999999957
0
LINE
8
BLACK
6
CONTINUOUS
10
154.9749999999999943
20
-51.9499999999999957
11
155.0706710000000044
21
-51.9690299999999965
0
LINE
8
BLACK
6
CONTINUOUS
10
155.0706710000000044
20
-51.9690299999999965
11
155.1517769999999814
21
-52.0232229999999944
0
LINE
8
BLACK
6
CONTINUOUS
10
155.1517769999999814
20
-52.0232229999999944
11
155.2059699999999793
21
-52.1043289999999999
0
LINE
8
BLACK
6
CONTINUOUS
10
155.2059699999999793
20
-52.1043289999999999
11
155.2249999999999943
21
-52.1999999999999957
0
LINE
8
BLACK
6
CONTINUOUS
10
155.2249999999999943
20
-52.1999999999999957
11
155.2249999999999943
21
-52.2874999999999943
0
LINE
8
BLACK
6
CONTINUOUS
10
155.2249999999999943
20
-52.2874999999999943
11
156.453000000000003
21
-52.2874999999999943
0
LINE
8
BLACK
6
CONTINUOUS
10
156.453000000000003
20
-52.2874999999999943
11
156.453000000000003
21
-50.9109999999999943
0
LINE
8
BLACK
6
CONTINUOUS
10
156.453000000000003
20
-50.9109999999999943
11
156.4720299999999895
21
-50.8153289999999984
0
LINE
8
BLACK
6
CONTINUOUS
10
156.4720299999999895
20
-50.8153289999999984
11
156.5262229999999875
21
-50.7342230000000001
0
LINE
8
BLACK
6
CONTINUOUS
10
156.5262229999999875
20
-50.7342230000000001
11
156.6073289999999929
21
-50.680029999999995
0
LINE
8
BLACK
6
CONTINUOUS
10
156.6073289999999929
20
-50.680029999999995
11
156.703000000000003
21
-50.6609999999999943
0
LINE
8
BLACK
6
CONTINUOUS
10
156.703000000000003
20
-50.6609999999999943
11
158.0029999999999859
21
-50.6609999999999943
0
LINE
8
BLACK
6
CONTINUOUS
10
158.0029999999999859
20
-50.6609999999999943
11
158.098670999999996
21
-50.680029999999995
0
LINE
8
BLACK
6
CONTINUOUS
10
153.107403000000005
20
-51.3464179999999999
11
153.1560659999999814
21
-51.378934000000001
0
LINE
8
BLACK
6
CONTINUOUS
10
153.1560659999999814
20
-51.378934000000001
11
153.1885819999999967
21
-51.4275969999999987
0
LINE
8
BLACK
6
CONTINUOUS
10
153.1885819999999967
20
-51.4275969999999987
11
153.1999999999999886
21
-51.4849999999999994
0
LINE
8
BLACK
6
CONTINUOUS
10
153.1999999999999886
20
-51.4849999999999994
11
153.1999999999999886
21
-51.7849999999999966
0
LINE
8
BLACK
6
CONTINUOUS
10
153.1999999999999886
20
-51.7849999999999966
11
153.1885819999999967
21
-51.8424029999999973
0
LINE
8
BLACK
6
CONTINUOUS
10
153.1885819999999967
20
-51.8424029999999973
11
153.1560659999999814
21
-51.891065999999995
0
LINE
8
BLACK
6
CONTINUOUS
10
153.1560659999999814
20
-51.891065999999995
11
153.107403000000005
21
-51.9235819999999961
0
LINE
8
BLACK
6
CONTINUOUS
10
153.107403000000005
20
-51.9235819999999961
11
153.0499999999999829
21
-51.9349999999999952
0
LINE
8
BLACK
6
CONTINUOUS
10
153.0499999999999829
20
-51.9349999999999952
11
151.4000000000000057
21
-51.9349999999999952
0
LINE
8
BLACK
6
CONTINUOUS
10
151.4000000000000057
20
-51.9349999999999952
11
151.3425969999999836
21
-51.9235819999999961
0
LINE
8
BLACK
6
CONTINUOUS
10
151.3425969999999836
20
-51.9235819999999961
11
151.2939340000000072
21
-51.891065999999995
0
LINE
8
BLACK
6
CONTINUOUS
10
151.2939340000000072
20
-51.891065999999995
11
151.2898809999999798
21
-51.884999999999998
0
LINE
8
BLACK
6
CONTINUOUS
10
151.2898809999999798
20
-51.884999999999998
11
151.2765540000000044
21
-51.884999999999998
0
LINE
8
BLACK
6
CONTINUOUS
10
151.2765540000000044
20
-51.884999999999998
11
151.2586489999999912
21
-51.9029039999999995
0
LINE
8
BLACK
6
CONTINUOUS
10
151.2586489999999912
20
-51.9029039999999995
11
151.2649999999999864
21
-51.9429999999999978
0
LINE
8
BLACK
6
CONTINUOUS
10
151.2649999999999864
20
-51.9429999999999978
11
151.2454229999999882
21
-52.0666069999999976
0
LINE
8
BLACK
6
CONTINUOUS
10
151.2454229999999882
20
-52.0666069999999976
11
151.1886069999999904
21
-52.1781140000000008
0
LINE
8
BLACK
6
CONTINUOUS
10
151.1886069999999904
20
-52.1781140000000008
11
151.1001139999999907
21
-52.2666070000000005
0
LINE
8
BLACK
6
CONTINUOUS
10
151.1001139999999907
20
-52.2666070000000005
11
150.9886070000000018
21
-52.3234229999999982
0
LINE
8
BLACK
6
CONTINUOUS
10
150.9886070000000018
20
-52.3234229999999982
11
150.8649999999999807
21
-52.3429999999999964
0
LINE
8
BLACK
6
CONTINUOUS
10
150.8649999999999807
20
-52.3429999999999964
11
150.741392999999988
21
-52.3234229999999982
0
LINE
8
BLACK
6
CONTINUOUS
10
150.741392999999988
20
-52.3234229999999982
11
150.6298859999999991
21
-52.2666070000000005
0
LINE
8
BLACK
6
CONTINUOUS
10
150.6298859999999991
20
-52.2666070000000005
11
150.5413929999999993
21
-52.1781140000000008
0
LINE
8
BLACK
6
CONTINUOUS
10
150.5413929999999993
20
-52.1781140000000008
11
150.4845770000000016
21
-52.0666069999999976
0
LINE
8
BLACK
6
CONTINUOUS
10
150.4845770000000016
20
-52.0666069999999976
11
150.4650000000000034
21
-51.9429999999999978
0
LINE
8
BLACK
6
CONTINUOUS
10
150.4650000000000034
20
-51.9429999999999978
11
150.4845770000000016
21
-51.819392999999998
0
LINE
8
BLACK
6
CONTINUOUS
10
150.4845770000000016
20
-51.819392999999998
11
150.5413929999999993
21
-51.7078859999999949
0
LINE
8
BLACK
6
CONTINUOUS
10
150.5413929999999993
20
-51.7078859999999949
11
150.6298859999999991
21
-51.6193929999999952
0
LINE
8
BLACK
6
CONTINUOUS
10
150.6298859999999991
20
-51.6193929999999952
11
150.741392999999988
21
-51.5625769999999974
0
LINE
8
BLACK
6
CONTINUOUS
10
150.741392999999988
20
-51.5625769999999974
11
150.8649999999999807
21
-51.5429999999999993
0
LINE
8
BLACK
6
CONTINUOUS
10
150.8649999999999807
20
-51.5429999999999993
11
150.9050949999999887
21
-51.5493499999999969
0
LINE
8
BLACK
6
CONTINUOUS
10
150.9050949999999887
20
-51.5493499999999969
11
150.9962229999999863
21
-51.4582229999999967
0
LINE
8
BLACK
6
CONTINUOUS
10
150.9962229999999863
20
-51.4582229999999967
11
151.0341080000000034
21
-51.4271320000000003
0
LINE
8
BLACK
6
CONTINUOUS
10
151.0341080000000034
20
-51.4271320000000003
11
151.124227999999988
21
-51.3898030000000006
0
LINE
8
BLACK
6
CONTINUOUS
10
151.124227999999988
20
-51.3898030000000006
11
151.1242369999999937
21
-51.3898030000000006
0
LINE
8
BLACK
6
CONTINUOUS
10
151.1242369999999937
20
-51.3898030000000006
11
151.1730000000000018
21
-51.384999999999998
0
LINE
8
BLACK
6
CONTINUOUS
10
151.1730000000000018
20
-51.384999999999998
11
151.2898809999999798
21
-51.384999999999998
0
LINE
8
BLACK
6
CONTINUOUS
10
151.2898809999999798
20
-51.384999999999998
11
151.2939340000000072
21
-51.378934000000001
0
LINE
8
BLACK
6
CONTINUOUS
10
151.2939340000000072
20
-51.378934000000001
11
151.3425969999999836
21
-51.3464179999999999
0
LINE
8
BLACK
6
CONTINUOUS
10
151.3425969999999836
20
-51.3464179999999999
11
151.4000000000000057
21
-51.3350000000000009
0
LINE
8
BLACK
6
CONTINUOUS
10
151.4000000000000057
20
-51.3350000000000009
11
153.0499999999999829
21
-51.3350000000000009
0
LINE
8
BLACK
6
CONTINUOUS
10
153.0499999999999829
20
-51.3350000000000009
11
153.107403000000005
21
-51.3464179999999999
0
LINE
8
BLACK
6
CONTINUOUS
10
145.5033870000000036
20
-49.5430789999999988
11
145.5804379999999867
21
-49.5945619999999963
0
LINE
8
BLACK
6
CONTINUOUS
10
145.5804379999999867
20
-49.5945619999999963
11
145.6319210000000055
21
-49.6716130000000007
0
LINE
8
BLACK
6
CONTINUOUS
10
145.6319210000000055
20
-49.6716130000000007
11
145.6500000000000057
21
-49.7624999999999957
0
LINE
8
BLACK
6
CONTINUOUS
10
145.6500000000000057
20
-49.7624999999999957
11
145.6500000000000057
21
-50.2374999999999972
0
LINE
8
BLACK
6
CONTINUOUS
10
145.6500000000000057
20
-50.2374999999999972
11
145.6319210000000055
21
-50.3283869999999993
0
LINE
8
BLACK
6
CONTINUOUS
10
145.6319210000000055
20
-50.3283869999999993
11
145.5804379999999867
21
-50.4054379999999966
0
LINE
8
BLACK
6
CONTINUOUS
10
145.5804379999999867
20
-50.4054379999999966
11
145.5033870000000036
21
-50.4569210000000012
0
LINE
8
BLACK
6
CONTINUOUS
10
145.5033870000000036
20
-50.4569210000000012
11
145.4124999999999943
21
-50.4749999999999943
0
LINE
8
BLACK
6
CONTINUOUS
10
145.4124999999999943
20
-50.4749999999999943
11
145.3624999999999829
21
-50.4749999999999943
0
LINE
8
BLACK
6
CONTINUOUS
10
145.3624999999999829
20
-50.4749999999999943
11
145.3624999999999829
21
-51.0249999999999986
0
LINE
8
BLACK
6
CONTINUOUS
10
145.3624999999999829
20
-51.0249999999999986
11
145.4124999999999943
21
-51.0249999999999986
0
LINE
8
BLACK
6
CONTINUOUS
10
145.4124999999999943
20
-51.0249999999999986
11
145.5033870000000036
21
-51.0430789999999988
0
LINE
8
BLACK
6
CONTINUOUS
10
145.5033870000000036
20
-51.0430789999999988
11
145.5804379999999867
21
-51.0945619999999963
0
LINE
8
BLACK
6
CONTINUOUS
10
145.5804379999999867
20
-51.0945619999999963
11
145.6319210000000055
21
-51.1716130000000007
0
LINE
8
BLACK
6
CONTINUOUS
10
145.6319210000000055
20
-51.1716130000000007
11
145.6500000000000057
21
-51.2624999999999957
0
LINE
8
BLACK
6
CONTINUOUS
10
145.6500000000000057
20
-51.2624999999999957
11
145.6500000000000057
21
-51.384999999999998
0
LINE
8
BLACK
6
CONTINUOUS
10
145.6500000000000057
20
-51.384999999999998
11
146.3398809999999912
21
-51.384999999999998
0
LINE
8
BLACK
6
CONTINUOUS
10
146.3398809999999912
20
-51.384999999999998
11
146.3439339999999902
21
-51.378934000000001
0
LINE
8
BLACK
6
CONTINUOUS
10
146.3439339999999902
20
-51.378934000000001
11
146.392596999999995
21
-51.3464179999999999
0
LINE
8
BLACK
6
CONTINUOUS
10
146.392596999999995
20
-51.3464179999999999
11
146.4499999999999886
21
-51.3350000000000009
0
LINE
8
BLACK
6
CONTINUOUS
10
146.4499999999999886
20
-51.3350000000000009
11
148.0999999999999943
21
-51.3350000000000009
0
LINE
8
BLACK
6
CONTINUOUS
10
148.0999999999999943
20
-51.3350000000000009
11
148.157402999999988
21
-51.3464179999999999
0
LINE
8
BLACK
6
CONTINUOUS
10
148.157402999999988
20
-51.3464179999999999
11
148.2060659999999928
21
-51.378934000000001
0
LINE
8
BLACK
6
CONTINUOUS
10
148.2060659999999928
20
-51.378934000000001
11
148.2385819999999796
21
-51.4275969999999987
0
LINE
8
BLACK
6
CONTINUOUS
10
148.2385819999999796
20
-51.4275969999999987
11
148.25
21
-51.4849999999999994
0
LINE
8
BLACK
6
CONTINUOUS
10
148.25
20
-51.4849999999999994
11
148.25
21
-51.7849999999999966
0
LINE
8
BLACK
6
CONTINUOUS
10
148.25
20
-51.7849999999999966
11
148.2385819999999796
21
-51.8424029999999973
0
LINE
8
BLACK
6
CONTINUOUS
10
148.2385819999999796
20
-51.8424029999999973
11
148.2060659999999928
21
-51.891065999999995
0
LINE
8
BLACK
6
CONTINUOUS
10
148.2060659999999928
20
-51.891065999999995
11
148.157402999999988
21
-51.9235819999999961
0
LINE
8
BLACK
6
CONTINUOUS
10
148.157402999999988
20
-51.9235819999999961
11
148.0999999999999943
21
-51.9349999999999952
0
LINE
8
BLACK
6
CONTINUOUS
10
148.0999999999999943
20
-51.9349999999999952
11
146.4499999999999886
21
-51.9349999999999952
0
LINE
8
BLACK
6
CONTINUOUS
10
146.4499999999999886
20
-51.9349999999999952
11
146.392596999999995
21
-51.9235819999999961
0
LINE
8
BLACK
6
CONTINUOUS
10
146.392596999999995
20
-51.9235819999999961
11
146.3439339999999902
21
-51.891065999999995
0
LINE
8
BLACK
6
CONTINUOUS
10
146.3439339999999902
20
-51.891065999999995
11
146.3398809999999912
21
-51.884999999999998
0
LINE
8
BLACK
6
CONTINUOUS
10
146.3398809999999912
20
-51.884999999999998
11
145.5940939999999841
21
-51.884999999999998
0
LINE
8
BLACK
6
CONTINUOUS
10
145.5940939999999841
20
-51.884999999999998
11
145.5804379999999867
21
-51.9054379999999966
0
LINE
8
BLACK
6
CONTINUOUS
10
145.5804379999999867
20
-51.9054379999999966
11
145.5033870000000036
21
-51.9569209999999941
0
LINE
8
BLACK
6
CONTINUOUS
10
145.5033870000000036
20
-51.9569209999999941
11
145.4124999999999943
21
-51.9749999999999943
0
LINE
8
BLACK
6
CONTINUOUS
10
145.4124999999999943
20
-51.9749999999999943
11
144.8125
21
-51.9749999999999943
0
LINE
8
BLACK
6
CONTINUOUS
10
144.8125
20
-51.9749999999999943
11
144.7216129999999907
21
-51.9569209999999941
0
LINE
8
BLACK
6
CONTINUOUS
10
144.7216129999999907
20
-51.9569209999999941
11
144.6445620000000076
21
-51.9054379999999966
0
LINE
8
BLACK
6
CONTINUOUS
10
144.6445620000000076
20
-51.9054379999999966
11
144.5930789999999888
21
-51.8283869999999993
0
LINE
8
BLACK
6
CONTINUOUS
10
144.5930789999999888
20
-51.8283869999999993
11
144.5749999999999886
21
-51.7374999999999972
0
LINE
8
BLACK
6
CONTINUOUS
10
144.5749999999999886
20
-51.7374999999999972
11
144.5749999999999886
21
-51.2624999999999957
0
LINE
8
BLACK
6
CONTINUOUS
10
144.5749999999999886
20
-51.2624999999999957
11
144.5930789999999888
21
-51.1716130000000007
0
LINE
8
BLACK
6
CONTINUOUS
10
144.5930789999999888
20
-51.1716130000000007
11
144.6445620000000076
21
-51.0945619999999963
0
LINE
8
BLACK
6
CONTINUOUS
10
144.6445620000000076
20
-51.0945619999999963
11
144.7216129999999907
21
-51.0430789999999988
0
LINE
8
BLACK
6
CONTINUOUS
10
144.7216129999999907
20
-51.0430789999999988
11
144.8125
21
-51.0249999999999986
0
LINE
8
BLACK
6
CONTINUOUS
10
144.8125
20
-51.0249999999999986
11
144.8624999999999829
21
-51.0249999999999986
0
LINE
8
BLACK
6
CONTINUOUS
10
144.8624999999999829
20
-51.0249999999999986
11
144.8624999999999829
21
-50.465053999999995
0
LINE
8
BLACK
6
CONTINUOUS
10
144.8624999999999829
20
-50.465053999999995
11
144.821612999999985
21
-50.4569210000000012
0
LINE
8
BLACK
6
CONTINUOUS
10
144.821612999999985
20
-50.4569210000000012
11
144.7445620000000019
21
-50.4054379999999966
0
LINE
8
BLACK
6
CONTINUOUS
10
144.7445620000000019
20
-50.4054379999999966
11
144.6930789999999831
21
-50.3283869999999993
0
LINE
8
BLACK
6
CONTINUOUS
10
144.6930789999999831
20
-50.3283869999999993
11
144.6749999999999829
21
-50.2374999999999972
0
LINE
8
BLACK
6
CONTINUOUS
10
144.6749999999999829
20
-50.2374999999999972
11
144.6749999999999829
21
-49.7624999999999957
0
LINE
8
BLACK
6
CONTINUOUS
10
144.6749999999999829
20
-49.7624999999999957
11
144.6930789999999831
21
-49.6716130000000007
0
LINE
8
BLACK
6
CONTINUOUS
10
144.6930789999999831
20
-49.6716130000000007
11
144.7445620000000019
21
-49.5945619999999963
0
LINE
8
BLACK
6
CONTINUOUS
10
144.7445620000000019
20
-49.5945619999999963
11
144.821612999999985
21
-49.5430789999999988
0
LINE
8
BLACK
6
CONTINUOUS
10
144.821612999999985
20
-49.5430789999999988
11
144.9124999999999943
21
-49.5249999999999986
0
LINE
8
BLACK
6
CONTINUOUS
10
144.9124999999999943
20
-49.5249999999999986
11
145.4124999999999943
21
-49.5249999999999986
0
LINE
8
BLACK
6
CONTINUOUS
10
145.4124999999999943
20
-49.5249999999999986
11
145.5033870000000036
21
-49.5430789999999988
0
LINE
8
BLACK
6
CONTINUOUS
10
148.7586069999999836
20
-49.9845769999999945
11
148.8701140000000009
21
-50.0413929999999993
0
LINE
8
BLACK
6
CONTINUOUS
10
148.8701140000000009
20
-50.0413929999999993
11
148.9586070000000007
21
-50.1298859999999991
0
LINE
8
BLACK
6
CONTINUOUS
10
148.9586070000000007
20
-50.1298859999999991
11
149.0154229999999984
21
-50.2413929999999951
0
LINE
8
BLACK
6
CONTINUOUS
10
149.0154229999999984
20
-50.2413929999999951
11
149.0349999999999966
21
-50.3649999999999949
0
LINE
8
BLACK
6
CONTINUOUS
10
149.0349999999999966
20
-50.3649999999999949
11
149.0154229999999984
21
-50.4886069999999947
0
LINE
8
BLACK
6
CONTINUOUS
10
149.0154229999999984
20
-50.4886069999999947
11
148.9586070000000007
21
-50.6001139999999978
0
LINE
8
BLACK
6
CONTINUOUS
10
148.9586070000000007
20
-50.6001139999999978
11
148.8701140000000009
21
-50.6886069999999975
0
LINE
8
BLACK
6
CONTINUOUS
10
148.8701140000000009
20
-50.6886069999999975
11
148.7586069999999836
21
-50.7454229999999953
0
LINE
8
BLACK
6
CONTINUOUS
10
148.7586069999999836
20
-50.7454229999999953
11
148.6349999999999909
21
-50.7650000000000006
0
LINE
8
BLACK
6
CONTINUOUS
10
148.6349999999999909
20
-50.7650000000000006
11
148.5113929999999982
21
-50.7454229999999953
0
LINE
8
BLACK
6
CONTINUOUS
10
148.5113929999999982
20
-50.7454229999999953
11
148.3998859999999809
21
-50.6886069999999975
0
LINE
8
BLACK
6
CONTINUOUS
10
148.3998859999999809
20
-50.6886069999999975
11
148.3262789999999995
21
-50.6149999999999949
0
LINE
8
BLACK
6
CONTINUOUS
10
148.3262789999999995
20
-50.6149999999999949
11
148.2101189999999917
21
-50.6149999999999949
0
LINE
8
BLACK
6
CONTINUOUS
10
148.2101189999999917
20
-50.6149999999999949
11
148.2060659999999928
21
-50.621065999999999
0
LINE
8
BLACK
6
CONTINUOUS
10
148.2060659999999928
20
-50.621065999999999
11
148.157402999999988
21
-50.6535820000000001
0
LINE
8
BLACK
6
CONTINUOUS
10
148.157402999999988
20
-50.6535820000000001
11
148.0999999999999943
21
-50.6649999999999991
0
LINE
8
BLACK
6
CONTINUOUS
10
148.0999999999999943
20
-50.6649999999999991
11
146.4499999999999886
21
-50.6649999999999991
0
LINE
8
BLACK
6
CONTINUOUS
10
146.4499999999999886
20
-50.6649999999999991
11
146.392596999999995
21
-50.6535820000000001
0
LINE
8
BLACK
6
CONTINUOUS
10
146.392596999999995
20
-50.6535820000000001
11
146.3439339999999902
21
-50.621065999999999
0
LINE
8
BLACK
6
CONTINUOUS
10
146.3439339999999902
20
-50.621065999999999
11
146.3114180000000033
21
-50.5724029999999942
0
LINE
8
BLACK
6
CONTINUOUS
10
146.3114180000000033
20
-50.5724029999999942
11
146.2999999999999829
21
-50.5150000000000006
0
LINE
8
BLACK
6
CONTINUOUS
10
146.2999999999999829
20
-50.5150000000000006
11
146.2999999999999829
21
-50.2149999999999963
0
LINE
8
BLACK
6
CONTINUOUS
10
146.2999999999999829
20
-50.2149999999999963
11
146.3114180000000033
21
-50.1575969999999955
0
LINE
8
BLACK
6
CONTINUOUS
10
146.3114180000000033
20
-50.1575969999999955
11
146.3439339999999902
21
-50.1089339999999979
0
LINE
8
BLACK
6
CONTINUOUS
10
146.3439339999999902
20
-50.1089339999999979
11
146.392596999999995
21
-50.0764179999999968
0
LINE
8
BLACK
6
CONTINUOUS
10
146.392596999999995
20
-50.0764179999999968
11
146.4499999999999886
21
-50.0649999999999977
0
LINE
8
BLACK
6
CONTINUOUS
10
146.4499999999999886
20
-50.0649999999999977
11
148.0999999999999943
21
-50.0649999999999977
0
LINE
8
BLACK
6
CONTINUOUS
10
148.0999999999999943
20
-50.0649999999999977
11
148.157402999999988
21
-50.0764179999999968
0
LINE
8
BLACK
6
CONTINUOUS
10
148.157402999999988
20
-50.0764179999999968
11
148.2060659999999928
21
-50.1089339999999979
0
LINE
8
BLACK
6
CONTINUOUS
10
148.2060659999999928
20
-50.1089339999999979
11
148.2101189999999917
21
-50.1149999999999949
0
LINE
8
BLACK
6
CONTINUOUS
10
148.2101189999999917
20
-50.1149999999999949
11
148.3262789999999995
21
-50.1149999999999949
0
LINE
8
BLACK
6
CONTINUOUS
10
148.3262789999999995
20
-50.1149999999999949
11
148.3998859999999809
21
-50.0413929999999993
0
LINE
8
BLACK
6
CONTINUOUS
10
148.3998859999999809
20
-50.0413929999999993
11
148.5113929999999982
21
-49.9845769999999945
0
LINE
8
BLACK
6
CONTINUOUS
10
148.5113929999999982
20
-49.9845769999999945
11
148.6349999999999909
21
-49.9649999999999963
0
LINE
8
BLACK
6
CONTINUOUS
10
148.6349999999999909
20
-49.9649999999999963
11
148.7586069999999836
21
-49.9845769999999945
0
LINE
8
BLACK
6
CONTINUOUS
10
143.6783869999999865
20
-49.5430789999999988
11
143.7554379999999981
21
-49.5945619999999963
0
LINE
8
BLACK
6
CONTINUOUS
10
143.7554379999999981
20
-49.5945619999999963
11
143.8069209999999885
21
-49.6716130000000007
0
LINE
8
BLACK
6
CONTINUOUS
10
143.8069209999999885
20
-49.6716130000000007
11
143.8249999999999886
21
-49.7624999999999957
0
LINE
8
BLACK
6
CONTINUOUS
10
143.8249999999999886
20
-49.7624999999999957
11
143.8249999999999886
21
-50.2374999999999972
0
LINE
8
BLACK
6
CONTINUOUS
10
143.8249999999999886
20
-50.2374999999999972
11
143.8069209999999885
21
-50.3283869999999993
0
LINE
8
BLACK
6
CONTINUOUS
10
143.8069209999999885
20
-50.3283869999999993
11
143.7554379999999981
21
-50.4054379999999966
0
LINE
8
BLACK
6
CONTINUOUS
10
143.7554379999999981
20
-50.4054379999999966
11
143.6783869999999865
21
-50.4569210000000012
0
LINE
8
BLACK
6
CONTINUOUS
10
143.6783869999999865
20
-50.4569210000000012
11
143.5875000000000057
21
-50.4749999999999943
0
LINE
8
BLACK
6
CONTINUOUS
10
143.5875000000000057
20
-50.4749999999999943
11
143.0875000000000057
21
-50.4749999999999943
0
LINE
8
BLACK
6
CONTINUOUS
10
143.0875000000000057
20
-50.4749999999999943
11
142.9966129999999964
21
-50.4569210000000012
0
LINE
8
BLACK
6
CONTINUOUS
10
142.9966129999999964
20
-50.4569210000000012
11
142.9195619999999849
21
-50.4054379999999966
0
LINE
8
BLACK
6
CONTINUOUS
10
142.9195619999999849
20
-50.4054379999999966
11
142.8680789999999945
21
-50.3283869999999993
0
LINE
8
BLACK
6
CONTINUOUS
10
142.8680789999999945
20
-50.3283869999999993
11
142.852485999999999
21
-50.25
0
LINE
8
BLACK
6
CONTINUOUS
10
142.852485999999999
20
-50.25
11
142.5587209999999914
21
-50.25
0
LINE
8
BLACK
6
CONTINUOUS
10
142.5587209999999914
20
-50.25
11
142.4851139999999816
21
-50.3236069999999955
0
LINE
8
BLACK
6
CONTINUOUS
10
142.4851139999999816
20
-50.3236069999999955
11
142.3736069999999927
21
-50.3804230000000004
0
LINE
8
BLACK
6
CONTINUOUS
10
142.3736069999999927
20
-50.3804230000000004
11
142.25
21
-50.3999999999999986
0
LINE
8
BLACK
6
CONTINUOUS
10
142.25
20
-50.3999999999999986
11
142.1263930000000073
21
-50.3804230000000004
0
LINE
8
BLACK
6
CONTINUOUS
10
142.1263930000000073
20
-50.3804230000000004
11
142.01488599999999
21
-50.3236069999999955
0
LINE
8
BLACK
6
CONTINUOUS
10
142.01488599999999
20
-50.3236069999999955
11
141.9263929999999903
21
-50.2351139999999958
0
LINE
8
BLACK
6
CONTINUOUS
10
141.9263929999999903
20
-50.2351139999999958
11
141.8695769999999925
21
-50.1236069999999998
0
LINE
8
BLACK
6
CONTINUOUS
10
141.8695769999999925
20
-50.1236069999999998
11
141.8499999999999943
21
-50.
0
LINE
8
BLACK
6
CONTINUOUS
10
141.8499999999999943
20
-50.
11
141.8695769999999925
21
-49.8763930000000002
0
LINE
8
BLACK
6
CONTINUOUS
10
141.8695769999999925
20
-49.8763930000000002
11
141.9263929999999903
21
-49.7648859999999971
0
LINE
8
BLACK
6
CONTINUOUS
10
141.9263929999999903
20
-49.7648859999999971
11
142.01488599999999
21
-49.6763929999999974
0
LINE
8
BLACK
6
CONTINUOUS
10
142.01488599999999
20
-49.6763929999999974
11
142.1263930000000073
21
-49.6195769999999996
0
LINE
8
BLACK
6
CONTINUOUS
10
142.1263930000000073
20
-49.6195769999999996
11
142.25
21
-49.5999999999999943
0
LINE
8
BLACK
6
CONTINUOUS
10
142.25
20
-49.5999999999999943
11
142.3736069999999927
21
-49.6195769999999996
0
LINE
8
BLACK
6
CONTINUOUS
10
142.3736069999999927
20
-49.6195769999999996
11
142.4851139999999816
21
-49.6763929999999974
0
LINE
8
BLACK
6
CONTINUOUS
10
142.4851139999999816
20
-49.6763929999999974
11
142.5587209999999914
21
-49.75
0
LINE
8
BLACK
6
CONTINUOUS
10
142.5587209999999914
20
-49.75
11
142.852485999999999
21
-49.75
0
LINE
8
BLACK
6
CONTINUOUS
10
142.852485999999999
20
-49.75
11
142.8680789999999945
21
-49.6716130000000007
0
LINE
8
BLACK
6
CONTINUOUS
10
142.8680789999999945
20
-49.6716130000000007
11
142.9195619999999849
21
-49.5945619999999963
0
LINE
8
BLACK
6
CONTINUOUS
10
142.9195619999999849
20
-49.5945619999999963
11
142.9966129999999964
21
-49.5430789999999988
0
LINE
8
BLACK
6
CONTINUOUS
10
142.9966129999999964
20
-49.5430789999999988
11
143.0875000000000057
21
-49.5249999999999986
0
LINE
8
BLACK
6
CONTINUOUS
10
143.0875000000000057
20
-49.5249999999999986
11
143.5875000000000057
21
-49.5249999999999986
0
LINE
8
BLACK
6
CONTINUOUS
10
143.5875000000000057
20
-49.5249999999999986
11
143.6783869999999865
21
-49.5430789999999988
0
LINE
8
BLACK
6
CONTINUOUS
10
158.098670999999996
20
-46.680029999999995
11
158.1797770000000014
21
-46.7342230000000001
0
LINE
8
BLACK
6
CONTINUOUS
10
158.1797770000000014
20
-46.7342230000000001
11
158.2339699999999993
21
-46.8153289999999984
0
LINE
8
BLACK
6
CONTINUOUS
10
158.2339699999999993
20
-46.8153289999999984
11
158.2529999999999859
21
-46.9110000000000014
0
LINE
8
BLACK
6
CONTINUOUS
10
158.2529999999999859
20
-46.9110000000000014
11
158.2529999999999859
21
-48.9109999999999943
0
LINE
8
BLACK
6
CONTINUOUS
10
158.2529999999999859
20
-48.9109999999999943
11
158.2339699999999993
21
-49.0066709999999972
0
LINE
8
BLACK
6
CONTINUOUS
10
158.2339699999999993
20
-49.0066709999999972
11
158.1797770000000014
21
-49.0877769999999956
0
LINE
8
BLACK
6
CONTINUOUS
10
158.1797770000000014
20
-49.0877769999999956
11
158.098670999999996
21
-49.1419700000000006
0
LINE
8
BLACK
6
CONTINUOUS
10
158.098670999999996
20
-49.1419700000000006
11
158.0029999999999859
21
-49.1609999999999943
0
LINE
8
BLACK
6
CONTINUOUS
10
158.0029999999999859
20
-49.1609999999999943
11
156.703000000000003
21
-49.1609999999999943
0
LINE
8
BLACK
6
CONTINUOUS
10
156.703000000000003
20
-49.1609999999999943
11
156.6073289999999929
21
-49.1419700000000006
0
LINE
8
BLACK
6
CONTINUOUS
10
156.6073289999999929
20
-49.1419700000000006
11
156.5262229999999875
21
-49.0877769999999956
0
LINE
8
BLACK
6
CONTINUOUS
10
156.5262229999999875
20
-49.0877769999999956
11
156.4720299999999895
21
-49.0066709999999972
0
LINE
8
BLACK
6
CONTINUOUS
10
156.4720299999999895
20
-49.0066709999999972
11
156.453000000000003
21
-48.9109999999999943
0
LINE
8
BLACK
6
CONTINUOUS
10
156.453000000000003
20
-48.9109999999999943
11
156.453000000000003
21
-48.1610000000000014
0
LINE
8
BLACK
6
CONTINUOUS
10
156.453000000000003
20
-48.1610000000000014
11
154.9425530000000037
21
-48.1610000000000014
0
LINE
8
BLACK
6
CONTINUOUS
10
154.9425530000000037
20
-48.1610000000000014
11
154.1436489999999822
21
-48.9599039999999945
0
LINE
8
BLACK
6
CONTINUOUS
10
154.1436489999999822
20
-48.9599039999999945
11
154.1500000000000057
21
-49.
0
LINE
8
BLACK
6
CONTINUOUS
10
154.1500000000000057
20
-49.
11
154.1304229999999791
21
-49.1236069999999998
0
LINE
8
BLACK
6
CONTINUOUS
10
154.1304229999999791
20
-49.1236069999999998
11
154.0736069999999813
21
-49.2351139999999958
0
LINE
8
BLACK
6
CONTINUOUS
10
154.0736069999999813
20
-49.2351139999999958
11
153.9851139999999816
21
-49.3236069999999955
0
LINE
8
BLACK
6
CONTINUOUS
10
153.9851139999999816
20
-49.3236069999999955
11
153.8736069999999927
21
-49.3804230000000004
0
LINE
8
BLACK
6
CONTINUOUS
10
153.8736069999999927
20
-49.3804230000000004
11
153.75
21
-49.3999999999999986
0
LINE
8
BLACK
6
CONTINUOUS
10
153.75
20
-49.3999999999999986
11
153.6263929999999789
21
-49.3804230000000004
0
LINE
8
BLACK
6
CONTINUOUS
10
153.6263929999999789
20
-49.3804230000000004
11
153.5568719999999985
21
-49.3449999999999989
0
LINE
8
BLACK
6
CONTINUOUS
10
153.5568719999999985
20
-49.3449999999999989
11
153.1601189999999804
21
-49.3449999999999989
0
LINE
8
BLACK
6
CONTINUOUS
10
153.1601189999999804
20
-49.3449999999999989
11
153.1560659999999814
21
-49.3510659999999959
0
LINE
8
BLACK
6
CONTINUOUS
10
153.1560659999999814
20
-49.3510659999999959
11
153.107403000000005
21
-49.383581999999997
0
LINE
8
BLACK
6
CONTINUOUS
10
153.107403000000005
20
-49.383581999999997
11
153.0499999999999829
21
-49.394999999999996
0
LINE
8
BLACK
6
CONTINUOUS
10
153.0499999999999829
20
-49.394999999999996
11
151.4000000000000057
21
-49.394999999999996
0
LINE
8
BLACK
6
CONTINUOUS
10
151.4000000000000057
20
-49.394999999999996
11
151.3425969999999836
21
-49.383581999999997
0
LINE
8
BLACK
6
CONTINUOUS
10
151.3425969999999836
20
-49.383581999999997
11
151.2939340000000072
21
-49.3510659999999959
0
LINE
8
BLACK
6
CONTINUOUS
10
151.2939340000000072
20
-49.3510659999999959
11
151.2614179999999919
21
-49.3024029999999982
0
LINE
8
BLACK
6
CONTINUOUS
10
151.2614179999999919
20
-49.3024029999999982
11
151.25
21
-49.2449999999999974
0
LINE
8
BLACK
6
CONTINUOUS
10
151.25
20
-49.2449999999999974
11
151.25
21
-48.9450000000000003
0
LINE
8
BLACK
6
CONTINUOUS
10
151.25
20
-48.9450000000000003
11
151.2614179999999919
21
-48.8875969999999995
0
LINE
8
BLACK
6
CONTINUOUS
10
151.2614179999999919
20
-48.8875969999999995
11
151.2939340000000072
21
-48.8389339999999947
0
LINE
8
BLACK
6
CONTINUOUS
10
151.2939340000000072
20
-48.8389339999999947
11
151.3425969999999836
21
-48.8064180000000007
0
LINE
8
BLACK
6
CONTINUOUS
10
151.3425969999999836
20
-48.8064180000000007
11
151.4000000000000057
21
-48.7949999999999946
0
LINE
8
BLACK
6
CONTINUOUS
10
151.4000000000000057
20
-48.7949999999999946
11
153.0499999999999829
21
-48.7949999999999946
0
LINE
8
BLACK
6
CONTINUOUS
10
153.0499999999999829
20
-48.7949999999999946
11
153.107403000000005
21
-48.8064180000000007
0
LINE
8
BLACK
6
CONTINUOUS
10
153.107403000000005
20
-48.8064180000000007
11
153.1560659999999814
21
-48.8389339999999947
0
LINE
8
BLACK
6
CONTINUOUS
10
153.1560659999999814
20
-48.8389339999999947
11
153.1601189999999804
21
-48.8449999999999989
0
LINE
8
BLACK
6
CONTINUOUS
10
153.1601189999999804
20
-48.8449999999999989
11
153.3855729999999937
21
-48.8449999999999989
0
LINE
8
BLACK
6
CONTINUOUS
10
153.3855729999999937
20
-48.8449999999999989
11
153.4263929999999903
21
-48.7648859999999971
0
LINE
8
BLACK
6
CONTINUOUS
10
153.4263929999999903
20
-48.7648859999999971
11
153.51488599999999
21
-48.6763929999999974
0
LINE
8
BLACK
6
CONTINUOUS
10
153.51488599999999
20
-48.6763929999999974
11
153.6263929999999789
21
-48.6195769999999996
0
LINE
8
BLACK
6
CONTINUOUS
10
153.6263929999999789
20
-48.6195769999999996
11
153.75
21
-48.5999999999999943
0
LINE
8
BLACK
6
CONTINUOUS
10
153.75
20
-48.5999999999999943
11
153.7900949999999796
21
-48.6063499999999991
0
LINE
8
BLACK
6
CONTINUOUS
10
153.7900949999999796
20
-48.6063499999999991
11
154.6622239999999806
21
-47.7342230000000001
0
LINE
8
BLACK
6
CONTINUOUS
10
154.6622239999999806
20
-47.7342230000000001
11
154.7001080000000002
21
-47.7031319999999965
0
LINE
8
BLACK
6
CONTINUOUS
10
154.7001080000000002
20
-47.7031319999999965
11
154.7902279999999848
21
-47.6658029999999968
0
LINE
8
BLACK
6
CONTINUOUS
10
154.7902279999999848
20
-47.6658029999999968
11
154.7902369999999905
21
-47.6658029999999968
0
LINE
8
BLACK
6
CONTINUOUS
10
154.7902369999999905
20
-47.6658029999999968
11
154.8389999999999986
21
-47.6610000000000014
0
LINE
8
BLACK
6
CONTINUOUS
10
154.8389999999999986
20
-47.6610000000000014
11
156.453000000000003
21
-47.6610000000000014
0
LINE
8
BLACK
6
CONTINUOUS
10
156.453000000000003
20
-47.6610000000000014
11
156.453000000000003
21
-46.9110000000000014
0
LINE
8
BLACK
6
CONTINUOUS
10
156.453000000000003
20
-46.9110000000000014
11
156.4720299999999895
21
-46.8153289999999984
0
LINE
8
BLACK
6
CONTINUOUS
10
156.4720299999999895
20
-46.8153289999999984
11
156.5262229999999875
21
-46.7342230000000001
0
LINE
8
BLACK
6
CONTINUOUS
10
156.5262229999999875
20
-46.7342230000000001
11
156.6073289999999929
21
-46.680029999999995
0
LINE
8
BLACK
6
CONTINUOUS
10
156.6073289999999929
20
-46.680029999999995
11
156.703000000000003
21
-46.6610000000000014
0
LINE
8
BLACK
6
CONTINUOUS
10
156.703000000000003
20
-46.6610000000000014
11
158.0029999999999859
21
-46.6610000000000014
0
LINE
8
BLACK
6
CONTINUOUS
10
158.0029999999999859
20
-46.6610000000000014
11
158.098670999999996
21
-46.680029999999995
0
LINE
8
BLACK
6
CONTINUOUS
10
145.3736069999999927
20
-48.3695769999999996
11
145.4851139999999816
21
-48.4263929999999974
0
LINE
8
BLACK
6
CONTINUOUS
10
145.4851139999999816
20
-48.4263929999999974
11
145.5587209999999914
21
-48.5
0
LINE
8
BLACK
6
CONTINUOUS
10
145.5587209999999914
20
-48.5
11
145.75
21
-48.5
0
LINE
8
BLACK
6
CONTINUOUS
10
145.75
20
-48.5
11
145.7987729999999829
21
-48.504804
0
LINE
8
BLACK
6
CONTINUOUS
10
145.7987729999999829
20
-48.504804
11
145.8888929999999959
21
-48.5421329999999998
0
LINE
8
BLACK
6
CONTINUOUS
10
145.8888929999999959
20
-48.5421329999999998
11
145.8888969999999858
21
-48.5421369999999968
0
LINE
8
BLACK
6
CONTINUOUS
10
145.8888969999999858
20
-48.5421369999999968
11
145.9267769999999871
21
-48.5732229999999987
0
LINE
8
BLACK
6
CONTINUOUS
10
145.9267769999999871
20
-48.5732229999999987
11
146.198553000000004
21
-48.8449999999999989
0
LINE
8
BLACK
6
CONTINUOUS
10
146.198553000000004
20
-48.8449999999999989
11
146.3398809999999912
21
-48.8449999999999989
0
LINE
8
BLACK
6
CONTINUOUS
10
146.3398809999999912
20
-48.8449999999999989
11
146.3439339999999902
21
-48.8389339999999947
0
LINE
8
BLACK
6
CONTINUOUS
10
146.3439339999999902
20
-48.8389339999999947
11
146.392596999999995
21
-48.8064180000000007
0
LINE
8
BLACK
6
CONTINUOUS
10
146.392596999999995
20
-48.8064180000000007
11
146.4499999999999886
21
-48.7949999999999946
0
LINE
8
BLACK
6
CONTINUOUS
10
146.4499999999999886
20
-48.7949999999999946
11
148.0999999999999943
21
-48.7949999999999946
0
LINE
8
BLACK
6
CONTINUOUS
10
148.0999999999999943
20
-48.7949999999999946
11
148.157402999999988
21
-48.8064180000000007
0
LINE
8
BLACK
6
CONTINUOUS
10
148.157402999999988
20
-48.8064180000000007
11
148.2060659999999928
21
-48.8389339999999947
0
LINE
8
BLACK
6
CONTINUOUS
10
148.2060659999999928
20
-48.8389339999999947
11
148.2385819999999796
21
-48.8875969999999995
0
LINE
8
BLACK
6
CONTINUOUS
10
148.2385819999999796
20
-48.8875969999999995
11
148.25
21
-48.9450000000000003
0
LINE
8
BLACK
6
CONTINUOUS
10
148.25
20
-48.9450000000000003
11
148.25
21
-49.2449999999999974
0
LINE
8
BLACK
6
CONTINUOUS
10
148.25
20
-49.2449999999999974
11
148.2385819999999796
21
-49.3024029999999982
0
LINE
8
BLACK
6
CONTINUOUS
10
148.2385819999999796
20
-49.3024029999999982
11
148.2060659999999928
21
-49.3510659999999959
0
LINE
8
BLACK
6
CONTINUOUS
10
148.2060659999999928
20
-49.3510659999999959
11
148.157402999999988
21
-49.383581999999997
0
LINE
8
BLACK
6
CONTINUOUS
10
148.157402999999988
20
-49.383581999999997
11
148.0999999999999943
21
-49.394999999999996
0
LINE
8
BLACK
6
CONTINUOUS
10
148.0999999999999943
20
-49.394999999999996
11
146.4499999999999886
21
-49.394999999999996
0
LINE
8
BLACK
6
CONTINUOUS
10
146.4499999999999886
20
-49.394999999999996
11
146.392596999999995
21
-49.383581999999997
0
LINE
8
BLACK
6
CONTINUOUS
10
146.392596999999995
20
-49.383581999999997
11
146.3439339999999902
21
-49.3510659999999959
0
LINE
8
BLACK
6
CONTINUOUS
10
146.3439339999999902
20
-49.3510659999999959
11
146.3398809999999912
21
-49.3449999999999989
0
LINE
8
BLACK
6
CONTINUOUS
10
146.3398809999999912
20
-49.3449999999999989
11
146.0949999999999989
21
-49.3449999999999989
0
LINE
8
BLACK
6
CONTINUOUS
10
146.0949999999999989
20
-49.3449999999999989
11
146.0462369999999908
21
-49.3401969999999963
0
LINE
8
BLACK
6
CONTINUOUS
10
146.0462369999999908
20
-49.3401969999999963
11
146.0462279999999851
21
-49.3401969999999963
0
LINE
8
BLACK
6
CONTINUOUS
10
146.0462279999999851
20
-49.3401969999999963
11
145.9561080000000004
21
-49.3028679999999966
0
LINE
8
BLACK
6
CONTINUOUS
10
145.9561080000000004
20
-49.3028679999999966
11
145.9182239999999808
21
-49.2717770000000002
0
LINE
8
BLACK
6
CONTINUOUS
10
145.9182239999999808
20
-49.2717770000000002
11
145.6464459999999974
21
-49.
0
LINE
8
BLACK
6
CONTINUOUS
10
145.6464459999999974
20
-49.
11
145.5587209999999914
21
-49.
0
LINE
8
BLACK
6
CONTINUOUS
10
145.5587209999999914
20
-49.
11
145.4851139999999816
21
-49.0736069999999955
0
LINE
8
BLACK
6
CONTINUOUS
10
145.4851139999999816
20
-49.0736069999999955
11
145.3736069999999927
21
-49.1304230000000004
0
LINE
8
BLACK
6
CONTINUOUS
10
145.3736069999999927
20
-49.1304230000000004
11
145.25
21
-49.1499999999999986
0
LINE
8
BLACK
6
CONTINUOUS
10
145.25
20
-49.1499999999999986
11
145.1263930000000073
21
-49.1304230000000004
0
LINE
8
BLACK
6
CONTINUOUS
10
145.1263930000000073
20
-49.1304230000000004
11
145.01488599999999
21
-49.0736069999999955
0
LINE
8
BLACK
6
CONTINUOUS
10
145.01488599999999
20
-49.0736069999999955
11
144.9263929999999903
21
-48.9851139999999958
0
LINE
8
BLACK
6
CONTINUOUS
10
144.9263929999999903
20
-48.9851139999999958
11
144.8695769999999925
21
-48.8736069999999998
0
LINE
8
BLACK
6
CONTINUOUS
10
144.8695769999999925
20
-48.8736069999999998
11
144.8499999999999943
21
-48.75
0
LINE
8
BLACK
6
CONTINUOUS
10
144.8499999999999943
20
-48.75
11
144.8695769999999925
21
-48.6263930000000002
0
LINE
8
BLACK
6
CONTINUOUS
10
144.8695769999999925
20
-48.6263930000000002
11
144.9263929999999903
21
-48.5148859999999971
0
LINE
8
BLACK
6
CONTINUOUS
10
144.9263929999999903
20
-48.5148859999999971
11
145.01488599999999
21
-48.4263929999999974
0
LINE
8
BLACK
6
CONTINUOUS
10
145.01488599999999
20
-48.4263929999999974
11
145.1263930000000073
21
-48.3695769999999996
0
LINE
8
BLACK
6
CONTINUOUS
10
145.1263930000000073
20
-48.3695769999999996
11
145.25
21
-48.3499999999999943
0
LINE
8
BLACK
6
CONTINUOUS
10
145.25
20
-48.3499999999999943
11
145.3736069999999927
21
-48.3695769999999996
0
CIRCLE
8
BLACK
10
135.1999999999999886
20
-68.5999999999999943
40
0.2
0
CIRCLE
8
BLACK
10
156.3369999999999891
20
-103.7590000000000003
40
0.2
0
CIRCLE
8
BLACK
10
160.7819999999999823
20
-67.563999999999993
40
0.2
0
CIRCLE
8
BLACK
10
149.0979999999999848
20
-70.3579999999999899
40
0.2
0
CIRCLE
8
BLACK
10
171.
20
-66.5
40
0.2
0
CIRCLE
8
BLACK
10
127.1149999999999949
20
-73.
40
0.2
0
CIRCLE
8
BLACK
10
147.828000000000003
20
-70.3579999999999899
40
0.2
0
CIRCLE
8
BLACK
10
164.2109999999999843
20
-100.2029999999999887
40
0.2
0
CIRCLE
8
BLACK
10
147.0660000000000025
20
-60.019999999999996
40
0.2
0
CIRCLE
8
BLACK
10
129.75
20
-66.5
40
0.2
0
CIRCLE
8
BLACK
10
150.367999999999995
20
-72.8979999999999961
40
0.2
0
CIRCLE
8
BLACK
10
153.1620000000000061
20
-59.1819999999999951
40
0.2
0
CIRCLE
8
BLACK
10
131.6056859999999915
20
-86.9022310000000004
40
0.2
0
CIRCLE
8
BLACK
10
165.8619999999999948
20
-92.2019999999999982
40
0.2
0
CIRCLE
8
BLACK
10
143.9749999999999943
20
-53.018029999999996
40
0.2
0
CIRCLE
8
BLACK
10
142.25
20
-51.5
40
0.2
0
CIRCLE
8
BLACK
10
168.1374999999999886
20
-73.6375000000000028
40
0.2
0
CIRCLE
8
BLACK
10
168.782999999999987
20
-89.6619999999999919
40
0.2
0
CIRCLE
8
BLACK
10
155.8624999999999829
20
-84.8875000000000028
40
0.2
0
CIRCLE
8
BLACK
10
132.9303309999999954
20
-72.1303309999999982
40
0.2
0
CIRCLE
8
BLACK
10
149.0979999999999848
20
-72.8979999999999961
40
0.2
0
CIRCLE
8
BLACK
10
170.8499999999999943
20
-93.9799999999999898
40
0.2
0
CIRCLE
8
BLACK
10
149.0979999999999848
20
-71.6280000000000001
40
0.2
0
CIRCLE
8
BLACK
10
172.1349999999999909
20
-72.8849999999999909
40
0.2
0
CIRCLE
8
BLACK
10
153.1620000000000061
20
-56.2625639999999976
40
0.2
0
CIRCLE
8
BLACK
10
153.1620000000000061
20
-60.9599999999999937
40
0.2
0
CIRCLE
8
BLACK
10
148.6349999999999909
20
-50.3649999999999949
40
0.2
0
CIRCLE
8
BLACK
10
150.367999999999995
20
-71.6280000000000001
40
0.2
0
CIRCLE
8
BLACK
10
150.367999999999995
20
-70.3579999999999899
40
0.2
0
CIRCLE
8
BLACK
10
158.1769999999999925
20
-83.25
40
0.2
0
CIRCLE
8
BLACK
10
147.828000000000003
20
-72.8979999999999961
40
0.2
0
CIRCLE
8
BLACK
10
167.90949999999998
20
-83.0904999999999916
40
0.2
0
CIRCLE
8
BLACK
10
147.828000000000003
20
-71.6280000000000001
40
0.2
0
CIRCLE
8
BLACK
10
128.25
20
-66.5
40
0.2
0
CIRCLE
8
BLACK
10
172.8079510000000028
20
-78.7072069999999968
40
0.2
0
CIRCLE
8
BLACK
10
126.25
20
-79.
40
0.2
0
CIRCLE
8
BLACK
10
135.382000000000005
20
-79.2479999999999905
40
0.2
0
CIRCLE
8
BLACK
10
173.25
20
-77.75
40
0.2
0
CIRCLE
8
BLACK
10
153.75
20
-49.
40
0.2
0
CIRCLE
8
BLACK
10
125.8449999999999989
20
-78.
40
0.2
0
CIRCLE
8
BLACK
10
141.98599999999999
20
-97.0279999999999916
40
0.2
0
CIRCLE
8
BLACK
10
140.0809999999999889
20
-89.027000000000001
40
0.2
0
CIRCLE
8
BLACK
10
159.6389999999999816
20
-79.6289999999999907
40
0.2
0
CIRCLE
8
BLACK
10
161.0360000000000014
20
-80.8990000000000009
40
0.2
0
CIRCLE
8
BLACK
10
131.5720000000000027
20
-92.0720000000000027
40
0.2
0
CIRCLE
8
BLACK
10
165.9947290000000066
20
-99.7900839999999931
40
0.2
0
CIRCLE
8
BLACK
10
165.353999999999985
20
-95.3769999999999953
40
0.2
0
CIRCLE
8
BLACK
10
139.6999999999999886
20
-66.039999999999992
40
0.2
0
CIRCLE
8
BLACK
10
155.7019999999999982
20
-79.2479999999999905
40
0.2
0
CIRCLE
8
BLACK
10
157.9879999999999995
20
-65.5319999999999965
40
0.2
0
CIRCLE
8
BLACK
10
133.7309999999999945
20
-77.4699999999999989
40
0.2
0
CIRCLE
8
BLACK
10
163.4150410000000022
20
-82.4569589999999977
40
0.2
0
CIRCLE
8
BLACK
10
152.4000000000000057
20
-62.2299999999999969
40
0.2
0
CIRCLE
8
BLACK
10
146.4906859999999824
20
-61.9137719999999945
40
0.2
0
CIRCLE
8
BLACK
10
128.
20
-94.25
40
0.2
0
CIRCLE
8
BLACK
10
150.7489999999999952
20
-62.2299999999999969
40
0.2
0
CIRCLE
8
BLACK
10
155.8874999999999886
20
-86.6124999999999972
40
0.2
0
CIRCLE
8
BLACK
10
166.3700000000000045
20
-101.0919999999999987
40
0.2
0
CIRCLE
8
BLACK
10
141.98599999999999
20
-57.4039999999999964
40
0.2
0
CIRCLE
8
BLACK
10
141.2239999999999895
20
-78.48599999999999
40
0.2
0
CIRCLE
8
BLACK
10
147.3199999999999932
20
-56.1340000000000003
40
0.2
0
CIRCLE
8
BLACK
10
168.1374999999999886
20
-75.3624999999999972
40
0.2
0
CIRCLE
8
BLACK
10
147.7009999999999934
20
-62.1029999999999944
40
0.2
0
CIRCLE
8
BLACK
10
138.9379999999999882
20
-62.4839999999999947
40
0.2
0
CIRCLE
8
BLACK
10
163.8649999999999807
20
-76.3849999999999909
40
0.2
0
CIRCLE
8
BLACK
10
158.6253229999999803
20
-75.2877539999999925
40
0.2
0
CIRCLE
8
BLACK
10
140.0140910000000076
20
-76.9904579999999896
40
0.2
0
CIRCLE
8
BLACK
10
154.686000000000007
20
-81.0259999999999962
40
0.2
0
CIRCLE
8
BLACK
10
156.75
20
-93.25
40
0.2
0
CIRCLE
8
BLACK
10
138.
20
-104.25
40
0.2
0
CIRCLE
8
BLACK
10
175.25
20
-75.25
40
0.2
0
CIRCLE
8
BLACK
10
174.25
20
-71.5
40
0.2
0
CIRCLE
8
BLACK
10
124.75
20
-69.
40
0.2
0
CIRCLE
8
BLACK
10
145.25
20
-48.75
40
0.2
0
CIRCLE
8
BLACK
10
174.25
20
-69.
40
0.2
0
CIRCLE
8
BLACK
10
150.8649999999999807
20
-51.9429999999999978
40
0.2
0
CIRCLE
8
BLACK
10
173.4124999999999943
20
-67.5874999999999915
40
0.2
0
CIRCLE
8
BLACK
10
139.8269999999999982
20
-71.3739999999999952
40
0.2
0
CIRCLE
8
BLACK
10
169.5
20
-66.
40
0.2
0
CIRCLE
8
BLACK
10
138.8924399999999935
20
-72.308250000000001
40
0.2
0
CIRCLE
8
BLACK
10
137.9333230000000015
20
-73.872045
40
0.2
0
CIRCLE
8
BLACK
10
141.75
20
-53.
40
0.2
0
CIRCLE
8
BLACK
10
142.25
20
-50.
40
0.2
0
CIRCLE
8
BLACK
10
138.
20
-72.7999999999999972
40
0.2
0
CIRCLE
8
BLACK
10
138.5055710000000033
20
-75.7527850000000029
40
0.2
0
CIRCLE
8
BLACK
10
132.0875000000000057
20
-67.5874999999999915
40
0.2
0
CIRCLE
8
BLACK
10
138.3954420000000027
20
-74.7588650000000001
40
0.2
0
CIRCLE
8
BLACK
10
125.9124999999999943
20
-67.5874999999999915
40
0.2
0
CIRCLE
8
BLACK
10
162.
20
-54.7999999999999972
40
0.2
0
CIRCLE
8
BLACK
10
144.525999999999982
20
-62.2299999999999969
40
0.2
0
CIRCLE
8
BLACK
10
167.6399999999999864
20
-71.8819999999999908
40
0.2
0
CIRCLE
8
BLACK
10
130.0625
20
-73.9375
40
0.2
0
CIRCLE
8
BLACK
10
163.220499999999987
20
-97.2284999999999968
40
0.2
0
CIRCLE
8
BLACK
10
139.4000000000000057
20
-76.2000000000000028
40
0.2
0
CIRCLE
8
BLACK
10
164.1999999999999886
20
-68.
40
0.2
0
CIRCLE
8
BLACK
10
169.9693670000000054
20
-73.5919260000000008
40
0.2
0
CIRCLE
8
BLACK
10
145.5420000000000016
20
-62.2299999999999969
40
0.2
0
CIRCLE
8
BLACK
10
136.5999999999999943
20
-72.5999999999999943
40
0.2
0
CIRCLE
8
BLACK
10
173.5865979999999809
20
-69.7482669999999985
40
0.2
0
CIRCLE
8
BLACK
10
159.7999999999999829
20
-56.1999999999999957
40
0.2
0
CIRCLE
8
BLACK
10
128.6999999999999886
20
-73.8999999999999915
40
0.2
0
CIRCLE
8
BLACK
10
163.1999999999999886
20
-70.7999999999999972
40
0.2
0
CIRCLE
8
BLACK
10
142.3669999999999902
20
-63.6269999999999953
40
0.2
0
CIRCLE
8
BLACK
10
141.438999999999993
20
-64.8969999999999914
40
0.2
0
CIRCLE
8
BLACK
10
159.4000000000000057
20
-54.
40
0.2
0
CIRCLE
8
BLACK
10
139.1920000000000073
20
-70.3579999999999899
40
0.2
0
CIRCLE
8
BLACK
10
133.7999999999999829
20
-69.5999999999999943
40
0.2
0
CIRCLE
8
BLACK
10
137.5409999999999968
20
-64.5159999999999911
40
0.5
0
LINE
8
BLACK
6
CONTINUOUS
10
144.2239999999999895
20
-110.2360019999999992
11
144.2239999999999895
21
-107.695999999999998
0
LINE
8
BLACK
6
CONTINUOUS
10
138.2239999999999895
20
-110.2360019999999992
11
138.2239999999999895
21
-107.695999999999998
0
ARC
8
BLACK
10
149.7159999999999798
20
-107.695999999999998
40
0.508
50
0.00000000
51
180.00000000
0
LINE
8
BLACK
6
CONTINUOUS
10
155.2079999999999984
20
-110.2360019999999992
11
155.2079999999999984
21
-107.695999999999998
0
ARC
8
BLACK
10
167.8951999999999884
20
-108.2038999999999902
40
2.032113002460493
50
-89.99687032
51
-0.00281952
0
ARC
8
BLACK
10
125.584699999999998
20
-99.3550999999999931
40
3.5051411604243556
50
-0.02447015
51
49.78951917
0
LINE
8
BLACK
6
CONTINUOUS
10
137.2079999999999984
20
-110.2360019999999992
11
137.2079999999999984
21
-107.695999999999998
0
ARC
8
BLACK
10
173.4279999999999973
20
-99.2545999999999964
40
3.5006870013163129
50
130.39494890
51
179.99842877
0
LINE
8
BLACK
6
CONTINUOUS
10
141.2239999999999895
20
-110.2360019999999992
11
143.2079999999999984
21
-110.2360019999999992
0
LINE
8
BLACK
6
CONTINUOUS
10
140.2079999999999984
20
-110.2360019999999992
11
140.2079999999999984
21
-107.695999999999998
0
LINE
8
BLACK
6
CONTINUOUS
10
129.0898589999999899
20
-99.3565969999999936
11
129.0898589999999899
21
-108.2039999999999935
0
LINE
8
BLACK
6
CONTINUOUS
10
150.2239999999999895
20
-110.2360019999999992
11
150.2239999999999895
21
-107.695999999999998
0
LINE
8
BLACK
6
CONTINUOUS
10
169.9273129999999981
20
-99.2545039999999972
11
169.9273129999999981
21
-108.2039999999999935
0
ARC
8
BLACK
10
149.4505020000000002
20
-71.0742959999999897
40
33.5
50
0.00000000
51
180.00000000
0
ARC
8
BLACK
10
140.7159999999999798
20
-107.695999999999998
40
0.508
50
0.00000000
51
180.00000000
0
LINE
8
BLACK
6
CONTINUOUS
10
144.2239999999999895
20
-110.2360019999999992
11
146.2079999999999984
21
-110.2360019999999992
0
ARC
8
BLACK
10
143.7159999999999798
20
-107.695999999999998
40
0.508
50
0.00000000
51
180.00000000
0
ARC
8
BLACK
10
137.7159999999999798
20
-107.695999999999998
40
0.508
50
0.00000000
51
180.00000000
0
ARC
8
BLACK
10
131.1218000000000075
20
-108.2040999999999968
40
2.0319020008565865
50
-180.00281976
51
-89.99833631
0
ARC
8
BLACK
10
149.4504799999999989
20
-71.0742800000000017
40
33.500022000003824
50
-49.60704241
51
-0.00002737
0
ARC
8
BLACK
10
149.4505000000000052
20
-71.0742999999999938
40
33.4999958740311001
50
-180.00000684
51
-130.15536454
0
LINE
8
BLACK
6
CONTINUOUS
10
137.2079999999999984
20
-110.2360019999999992
11
131.1218590000000006
21
-110.2360019999999992
0
ARC
8
BLACK
10
155.7159999999999798
20
-107.695999999999998
40
0.508
50
0.00000000
51
180.00000000
0
LINE
8
BLACK
6
CONTINUOUS
10
167.8953109999999924
20
-110.23599999999999
11
156.2239999999999895
21
-110.2360019999999992
0
LINE
8
BLACK
6
CONTINUOUS
10
149.2079999999999984
20
-110.2360019999999992
11
149.2079999999999984
21
-107.695999999999998
0
ARC
8
BLACK
10
146.7159999999999798
20
-107.695999999999998
40
0.508
50
0.00000000
51
180.00000000
0
LINE
8
BLACK
6
CONTINUOUS
10
143.2079999999999984
20
-110.2360019999999992
11
143.2079999999999984
21
-107.695999999999998
0
LINE
8
BLACK
6
CONTINUOUS
10
152.2079999999999984
20
-110.2360019999999992
11
152.2079999999999984
21
-107.695999999999998
0
LINE
8
BLACK
6
CONTINUOUS
10
153.2239999999999895
20
-110.2360019999999992
11
155.2079999999999984
21
-110.2360019999999992
0
LINE
8
BLACK
6
CONTINUOUS
10
147.2239999999999895
20
-110.2360019999999992
11
149.2079999999999984
21
-110.2360019999999992
0
ARC
8
BLACK
10
152.7159999999999798
20
-107.695999999999998
40
0.508
50
0.00000000
51
180.00000000
0
LINE
8
BLACK
6
CONTINUOUS
10
141.2239999999999895
20
-110.2360019999999992
11
141.2239999999999895
21
-107.695999999999998
0
LINE
8
BLACK
6
CONTINUOUS
10
156.2239999999999895
20
-110.2360019999999992
11
156.2239999999999895
21
-107.695999999999998
0
LINE
8
BLACK
6
CONTINUOUS
10
153.2239999999999895
20
-110.2360019999999992
11
153.2239999999999895
21
-107.695999999999998
0
LINE
8
BLACK
6
CONTINUOUS
10
147.2239999999999895
20
-110.2360019999999992
11
147.2239999999999895
21
-107.695999999999998
0
LINE
8
BLACK
6
CONTINUOUS
10
150.2239999999999895
20
-110.2360019999999992
11
152.2079999999999984
21
-110.2360019999999992
0
LINE
8
BLACK
6
CONTINUOUS
10
138.2239999999999895
20
-110.2360019999999992
11
140.2079999999999984
21
-110.2360019999999992
0
LINE
8
BLACK
6
CONTINUOUS
10
146.2079999999999984
20
-110.2360019999999992
11
146.2079999999999984
21
-107.695999999999998
  0
ENDSEC
  0
EOF
