  0
SECTION
  2
HEADER
  9
$ANGBASE
  50
0.0
  9
$ANGDIR
  70
1
  9
$MEASUREMENT
  70
1
  0
ENDSEC
  0
SECTION
  2
TABLES
  0
TABLE
  2
LTYPE
  70
4
  0
LTYPE
  5
40F
  2
CONTINUOUS
  70
0
  3
Solid line
  72
65
  73
0
  40
0.0
  0
LTYPE
  5
410
  2
DASHDOT
 70
0
  3
Dash Dot ____ _ ____ _
 72
65
 73
4
 40
2.0
 49
1.25
 49
-0.25
 49
0.25
 49
-0.25
  0
LTYPE
  5
411
  2
DASHED
 70
0
  3
Dashed __ __ __ __ __
 72
65
 73
2
 40
0.75
 49
0.5
 49
-0.25
  0
LTYPE
  5
43B
  2
DOTTED
 70
0
  3
Dotted .  .  .  .
 72
65
 73
2
 40
0.2
 49
0.0
 49
-0.2
  0
ENDTAB
  0
TABLE
  2
STYLE
  70
4
  0
STYLE
  2
KICAD
  70
0
  40
0
  41
1
  42
1
  50
0
  71
0
  3
isocp.shx
  0
STYLE
  2
KICADB
  70
0
  40
0
  41
1
  42
1
  50
0
  71
0
  3
isocp.shx
  0
STYLE
  2
KICADI
  70
0
  40
0
  41
1
  42
1
  50
15
  71
0
  3
isocp.shx
  0
STYLE
  2
KICADBI
  70
0
  40
0
  41
1
  42
1
  50
15
  71
0
  3
isocp.shx
  0
ENDTAB
  0
TABLE
  2
LAYER
  70
1
  0
LAYER
  2
BLACK
  70
0
  62
7
  6
CONTINUOUS
  0
ENDTAB
  0
ENDSEC
  0
SECTION
  2
ENTITIES
0
LINE
8
BLACK
6
CONTINUOUS
10
172.9208189999999945
20
-65.3653329999999926
11
172.4446279999999945
21
-65.0319999999999965
0
LINE
8
BLACK
6
CONTINUOUS
10
172.9208189999999945
20
-64.7939049999999952
11
171.9208189999999945
21
-64.7939049999999952
0
LINE
8
BLACK
6
CONTINUOUS
10
171.9208189999999945
20
-64.7939049999999952
11
171.9208189999999945
21
-65.1748570000000029
0
LINE
8
BLACK
6
CONTINUOUS
10
171.9208189999999945
20
-65.1748570000000029
11
171.9684379999999919
21
-65.2700949999999978
0
LINE
8
BLACK
6
CONTINUOUS
10
171.9684379999999919
20
-65.2700949999999978
11
172.0160569999999893
21
-65.3177139999999952
0
LINE
8
BLACK
6
CONTINUOUS
10
172.0160569999999893
20
-65.3177139999999952
11
172.1112949999999842
21
-65.3653329999999926
0
LINE
8
BLACK
6
CONTINUOUS
10
172.1112949999999842
20
-65.3653329999999926
11
172.2541520000000048
21
-65.3653329999999926
0
LINE
8
BLACK
6
CONTINUOUS
10
172.2541520000000048
20
-65.3653329999999926
11
172.3493899999999996
21
-65.3177139999999952
0
LINE
8
BLACK
6
CONTINUOUS
10
172.3493899999999996
20
-65.3177139999999952
11
172.3970089999999971
21
-65.2700949999999978
0
LINE
8
BLACK
6
CONTINUOUS
10
172.3970089999999971
20
-65.2700949999999978
11
172.4446279999999945
21
-65.1748570000000029
0
LINE
8
BLACK
6
CONTINUOUS
10
172.4446279999999945
20
-65.1748570000000029
11
172.4446279999999945
21
-64.7939049999999952
0
LINE
8
BLACK
6
CONTINUOUS
10
172.9208189999999945
20
-66.3177139999999952
11
172.9208189999999945
21
-65.7462859999999978
0
LINE
8
BLACK
6
CONTINUOUS
10
172.9208189999999945
20
-66.0319999999999965
11
171.9208189999999945
21
-66.0319999999999965
0
LINE
8
BLACK
6
CONTINUOUS
10
171.9208189999999945
20
-66.0319999999999965
11
172.0636759999999867
21
-65.9367620000000016
0
LINE
8
BLACK
6
CONTINUOUS
10
172.0636759999999867
20
-65.9367620000000016
11
172.1589139999999816
21
-65.8415239999999926
0
LINE
8
BLACK
6
CONTINUOUS
10
172.1589139999999816
20
-65.8415239999999926
11
172.206532999999979
21
-65.7462859999999978
0
LINE
8
BLACK
6
CONTINUOUS
10
171.3015800000000013
20
-64.381141999999997
11
171.3491999999999962
21
-64.3335229999999996
0
LINE
8
BLACK
6
CONTINUOUS
10
171.3491999999999962
20
-64.3335229999999996
11
171.3968189999999936
21
-64.1906659999999931
0
LINE
8
BLACK
6
CONTINUOUS
10
171.3968189999999936
20
-64.1906659999999931
11
171.3968189999999936
21
-64.0954279999999983
0
LINE
8
BLACK
6
CONTINUOUS
10
171.3968189999999936
20
-64.0954279999999983
11
171.3491999999999962
21
-63.9525709999999989
0
LINE
8
BLACK
6
CONTINUOUS
10
171.3491999999999962
20
-63.9525709999999989
11
171.2539610000000039
21
-63.857332999999997
0
LINE
8
BLACK
6
CONTINUOUS
10
171.2539610000000039
20
-63.857332999999997
11
171.1587229999999806
21
-63.8097139999999996
0
LINE
8
BLACK
6
CONTINUOUS
10
171.1587229999999806
20
-63.8097139999999996
11
170.968246999999991
21
-63.7620949999999951
0
LINE
8
BLACK
6
CONTINUOUS
10
170.968246999999991
20
-63.7620949999999951
11
170.8253899999999987
21
-63.7620949999999951
0
LINE
8
BLACK
6
CONTINUOUS
10
170.8253899999999987
20
-63.7620949999999951
11
170.6349139999999807
21
-63.8097139999999996
0
LINE
8
BLACK
6
CONTINUOUS
10
170.6349139999999807
20
-63.8097139999999996
11
170.5396759999999858
21
-63.857332999999997
0
LINE
8
BLACK
6
CONTINUOUS
10
170.5396759999999858
20
-63.857332999999997
11
170.444437999999991
21
-63.9525709999999989
0
LINE
8
BLACK
6
CONTINUOUS
10
170.444437999999991
20
-63.9525709999999989
11
170.3968189999999936
21
-64.0954279999999983
0
LINE
8
BLACK
6
CONTINUOUS
10
170.3968189999999936
20
-64.0954279999999983
11
170.3968189999999936
21
-64.1906659999999931
0
LINE
8
BLACK
6
CONTINUOUS
10
170.3968189999999936
20
-64.1906659999999931
11
170.444437999999991
21
-64.3335229999999996
0
LINE
8
BLACK
6
CONTINUOUS
10
170.444437999999991
20
-64.3335229999999996
11
170.4920569999999884
21
-64.381141999999997
0
LINE
8
BLACK
6
CONTINUOUS
10
170.4920569999999884
20
-64.7620950000000022
11
170.444437999999991
21
-64.8097139999999996
0
LINE
8
BLACK
6
CONTINUOUS
10
170.444437999999991
20
-64.8097139999999996
11
170.3968189999999936
21
-64.9049519999999944
0
LINE
8
BLACK
6
CONTINUOUS
10
170.3968189999999936
20
-64.9049519999999944
11
170.3968189999999936
21
-65.1430469999999957
0
LINE
8
BLACK
6
CONTINUOUS
10
170.3968189999999936
20
-65.1430469999999957
11
170.444437999999991
21
-65.2382849999999905
0
LINE
8
BLACK
6
CONTINUOUS
10
170.444437999999991
20
-65.2382849999999905
11
170.4920569999999884
21
-65.2859040000000022
0
LINE
8
BLACK
6
CONTINUOUS
10
170.4920569999999884
20
-65.2859040000000022
11
170.5872949999999832
21
-65.3335229999999996
0
LINE
8
BLACK
6
CONTINUOUS
10
170.5872949999999832
20
-65.3335229999999996
11
170.6825329999999781
21
-65.3335229999999996
0
LINE
8
BLACK
6
CONTINUOUS
10
170.6825329999999781
20
-65.3335229999999996
11
170.8253899999999987
21
-65.2859040000000022
0
LINE
8
BLACK
6
CONTINUOUS
10
170.8253899999999987
20
-65.2859040000000022
11
171.3968189999999936
21
-64.7144759999999906
0
LINE
8
BLACK
6
CONTINUOUS
10
171.3968189999999936
20
-64.7144759999999906
11
171.3968189999999936
21
-65.3335229999999996
0
LINE
8
BLACK
6
CONTINUOUS
10
170.3968189999999936
20
-66.2382849999999905
11
170.3968189999999936
21
-65.7620950000000022
0
LINE
8
BLACK
6
CONTINUOUS
10
170.3968189999999936
20
-65.7620950000000022
11
170.8730089999999961
21
-65.7144759999999906
0
LINE
8
BLACK
6
CONTINUOUS
10
170.8730089999999961
20
-65.7144759999999906
11
170.8253899999999987
21
-65.7620950000000022
0
LINE
8
BLACK
6
CONTINUOUS
10
170.8253899999999987
20
-65.7620950000000022
11
170.7777710000000013
21
-65.857332999999997
0
LINE
8
BLACK
6
CONTINUOUS
10
170.7777710000000013
20
-65.857332999999997
11
170.7777710000000013
21
-66.0954279999999983
0
LINE
8
BLACK
6
CONTINUOUS
10
170.7777710000000013
20
-66.0954279999999983
11
170.8253899999999987
21
-66.1906659999999931
0
LINE
8
BLACK
6
CONTINUOUS
10
170.8253899999999987
20
-66.1906659999999931
11
170.8730089999999961
21
-66.2382849999999905
0
LINE
8
BLACK
6
CONTINUOUS
10
170.8730089999999961
20
-66.2382849999999905
11
170.968246999999991
21
-66.2859040000000022
0
LINE
8
BLACK
6
CONTINUOUS
10
170.968246999999991
20
-66.2859040000000022
11
171.206341999999978
21
-66.2859040000000022
0
LINE
8
BLACK
6
CONTINUOUS
10
171.206341999999978
20
-66.2859040000000022
11
171.3015800000000013
21
-66.2382849999999905
0
LINE
8
BLACK
6
CONTINUOUS
10
171.3015800000000013
20
-66.2382849999999905
11
171.3491999999999962
21
-66.1906659999999931
0
LINE
8
BLACK
6
CONTINUOUS
10
171.3491999999999962
20
-66.1906659999999931
11
171.3968189999999936
21
-66.0954279999999983
0
LINE
8
BLACK
6
CONTINUOUS
10
171.3968189999999936
20
-66.0954279999999983
11
171.3968189999999936
21
-65.857332999999997
0
LINE
8
BLACK
6
CONTINUOUS
10
171.3968189999999936
20
-65.857332999999997
11
171.3491999999999962
21
-65.7620950000000022
0
LINE
8
BLACK
6
CONTINUOUS
10
171.3491999999999962
20
-65.7620950000000022
11
171.3015800000000013
21
-65.7144759999999906
0
LINE
8
BLACK
6
CONTINUOUS
10
155.1568189999999845
20
-86.1060949999999963
11
155.9663419999999974
21
-86.1060949999999963
0
LINE
8
BLACK
6
CONTINUOUS
10
155.9663419999999974
20
-86.1060949999999963
11
156.0615799999999922
21
-86.1537139999999937
0
LINE
8
BLACK
6
CONTINUOUS
10
156.0615799999999922
20
-86.1537139999999937
11
156.1091999999999871
21
-86.2013329999999911
0
LINE
8
BLACK
6
CONTINUOUS
10
156.1091999999999871
20
-86.2013329999999911
11
156.1568189999999845
21
-86.2965710000000001
0
LINE
8
BLACK
6
CONTINUOUS
10
156.1568189999999845
20
-86.2965710000000001
11
156.1568189999999845
21
-86.4870469999999898
0
LINE
8
BLACK
6
CONTINUOUS
10
156.1568189999999845
20
-86.4870469999999898
11
156.1091999999999871
21
-86.5822849999999988
0
LINE
8
BLACK
6
CONTINUOUS
10
156.1091999999999871
20
-86.5822849999999988
11
156.0615799999999922
21
-86.6299039999999962
0
LINE
8
BLACK
6
CONTINUOUS
10
156.0615799999999922
20
-86.6299039999999962
11
155.9663419999999974
21
-86.6775229999999937
0
LINE
8
BLACK
6
CONTINUOUS
10
155.9663419999999974
20
-86.6775229999999937
11
155.1568189999999845
21
-86.6775229999999937
0
LINE
8
BLACK
6
CONTINUOUS
10
155.1568189999999845
20
-87.6299039999999962
11
155.1568189999999845
21
-87.1537139999999937
0
LINE
8
BLACK
6
CONTINUOUS
10
155.1568189999999845
20
-87.1537139999999937
11
155.6330089999999871
21
-87.1060949999999963
0
LINE
8
BLACK
6
CONTINUOUS
10
155.6330089999999871
20
-87.1060949999999963
11
155.5853899999999896
21
-87.1537139999999937
0
LINE
8
BLACK
6
CONTINUOUS
10
155.5853899999999896
20
-87.1537139999999937
11
155.5377709999999922
21
-87.2489520000000027
0
LINE
8
BLACK
6
CONTINUOUS
10
155.5377709999999922
20
-87.2489520000000027
11
155.5377709999999922
21
-87.4870469999999898
0
LINE
8
BLACK
6
CONTINUOUS
10
155.5377709999999922
20
-87.4870469999999898
11
155.5853899999999896
21
-87.5822849999999988
0
LINE
8
BLACK
6
CONTINUOUS
10
155.5853899999999896
20
-87.5822849999999988
11
155.6330089999999871
21
-87.6299039999999962
0
LINE
8
BLACK
6
CONTINUOUS
10
155.6330089999999871
20
-87.6299039999999962
11
155.7282469999999819
21
-87.6775229999999937
0
LINE
8
BLACK
6
CONTINUOUS
10
155.7282469999999819
20
-87.6775229999999937
11
155.9663419999999974
21
-87.6775229999999937
0
LINE
8
BLACK
6
CONTINUOUS
10
155.9663419999999974
20
-87.6775229999999937
11
156.0615799999999922
21
-87.6299039999999962
0
LINE
8
BLACK
6
CONTINUOUS
10
156.0615799999999922
20
-87.6299039999999962
11
156.1091999999999871
21
-87.5822849999999988
0
LINE
8
BLACK
6
CONTINUOUS
10
156.1091999999999871
20
-87.5822849999999988
11
156.1568189999999845
21
-87.4870469999999898
0
LINE
8
BLACK
6
CONTINUOUS
10
156.1568189999999845
20
-87.4870469999999898
11
156.1568189999999845
21
-87.2489520000000027
0
LINE
8
BLACK
6
CONTINUOUS
10
156.1568189999999845
20
-87.2489520000000027
11
156.1091999999999871
21
-87.1537139999999937
0
LINE
8
BLACK
6
CONTINUOUS
10
156.1091999999999871
20
-87.1537139999999937
11
156.0615799999999922
21
-87.1060949999999963
0
LINE
8
BLACK
6
CONTINUOUS
10
142.7542849999999817
20
-75.9781040000000019
11
142.792381000000006
21
-76.0161999999999978
0
LINE
8
BLACK
6
CONTINUOUS
10
142.792381000000006
20
-76.0161999999999978
11
142.9066660000000013
21
-76.0542949999999962
0
LINE
8
BLACK
6
CONTINUOUS
10
142.9066660000000013
20
-76.0542949999999962
11
142.9828569999999957
21
-76.0542949999999962
0
LINE
8
BLACK
6
CONTINUOUS
10
142.9828569999999957
20
-76.0542949999999962
11
143.0971429999999884
21
-76.0161999999999978
0
LINE
8
BLACK
6
CONTINUOUS
10
143.0971429999999884
20
-76.0161999999999978
11
143.1733329999999853
21
-75.9400090000000034
0
LINE
8
BLACK
6
CONTINUOUS
10
143.1733329999999853
20
-75.9400090000000034
11
143.2114279999999837
21
-75.8638189999999923
0
LINE
8
BLACK
6
CONTINUOUS
10
143.2114279999999837
20
-75.8638189999999923
11
143.2495239999999797
21
-75.7114380000000011
0
LINE
8
BLACK
6
CONTINUOUS
10
143.2495239999999797
20
-75.7114380000000011
11
143.2495239999999797
21
-75.5971519999999941
0
LINE
8
BLACK
6
CONTINUOUS
10
143.2495239999999797
20
-75.5971519999999941
11
143.2114279999999837
21
-75.4447710000000029
0
LINE
8
BLACK
6
CONTINUOUS
10
143.2114279999999837
20
-75.4447710000000029
11
143.1733329999999853
21
-75.3685799999999944
0
LINE
8
BLACK
6
CONTINUOUS
10
143.1733329999999853
20
-75.3685799999999944
11
143.0971429999999884
21
-75.2923899999999975
0
LINE
8
BLACK
6
CONTINUOUS
10
143.0971429999999884
20
-75.2923899999999975
11
142.9828569999999957
21
-75.254294999999999
0
LINE
8
BLACK
6
CONTINUOUS
10
142.9828569999999957
20
-75.254294999999999
11
142.9066660000000013
21
-75.254294999999999
0
LINE
8
BLACK
6
CONTINUOUS
10
142.9066660000000013
20
-75.254294999999999
11
142.792381000000006
21
-75.2923899999999975
0
LINE
8
BLACK
6
CONTINUOUS
10
142.792381000000006
20
-75.2923899999999975
11
142.7542849999999817
21
-75.3304849999999959
0
LINE
8
BLACK
6
CONTINUOUS
10
142.4876189999999951
20
-75.254294999999999
11
141.9923809999999946
21
-75.254294999999999
0
LINE
8
BLACK
6
CONTINUOUS
10
141.9923809999999946
20
-75.254294999999999
11
142.2590469999999812
21
-75.5590569999999957
0
LINE
8
BLACK
6
CONTINUOUS
10
142.2590469999999812
20
-75.5590569999999957
11
142.1447619999999858
21
-75.5590569999999957
0
LINE
8
BLACK
6
CONTINUOUS
10
142.1447619999999858
20
-75.5590569999999957
11
142.0685709999999915
21
-75.5971519999999941
0
LINE
8
BLACK
6
CONTINUOUS
10
142.0685709999999915
20
-75.5971519999999941
11
142.0304759999999931
21
-75.6352469999999926
0
LINE
8
BLACK
6
CONTINUOUS
10
142.0304759999999931
20
-75.6352469999999926
11
141.9923809999999946
21
-75.7114380000000011
0
LINE
8
BLACK
6
CONTINUOUS
10
141.9923809999999946
20
-75.7114380000000011
11
141.9923809999999946
21
-75.9019139999999908
0
LINE
8
BLACK
6
CONTINUOUS
10
141.9923809999999946
20
-75.9019139999999908
11
142.0304759999999931
21
-75.9781040000000019
0
LINE
8
BLACK
6
CONTINUOUS
10
142.0304759999999931
20
-75.9781040000000019
11
142.0685709999999915
21
-76.0161999999999978
0
LINE
8
BLACK
6
CONTINUOUS
10
142.0685709999999915
20
-76.0161999999999978
11
142.1447619999999858
21
-76.0542949999999962
0
LINE
8
BLACK
6
CONTINUOUS
10
142.1447619999999858
20
-76.0542949999999962
11
142.3733330000000024
21
-76.0542949999999962
0
LINE
8
BLACK
6
CONTINUOUS
10
142.3733330000000024
20
-76.0542949999999962
11
142.4495239999999967
21
-76.0161999999999978
0
LINE
8
BLACK
6
CONTINUOUS
10
142.4495239999999967
20
-76.0161999999999978
11
142.4876189999999951
21
-75.9781040000000019
0
LINE
8
BLACK
6
CONTINUOUS
10
141.4971419999999966
20
-75.254294999999999
11
141.4209519999999998
21
-75.254294999999999
0
LINE
8
BLACK
6
CONTINUOUS
10
141.4209519999999998
20
-75.254294999999999
11
141.3447610000000054
21
-75.2923899999999975
0
LINE
8
BLACK
6
CONTINUOUS
10
141.3447610000000054
20
-75.2923899999999975
11
141.306666000000007
21
-75.3304849999999959
0
LINE
8
BLACK
6
CONTINUOUS
10
141.306666000000007
20
-75.3304849999999959
11
141.2685709999999801
21
-75.4066759999999903
0
LINE
8
BLACK
6
CONTINUOUS
10
141.2685709999999801
20
-75.4066759999999903
11
141.2304759999999817
21
-75.5590569999999957
0
LINE
8
BLACK
6
CONTINUOUS
10
141.2304759999999817
20
-75.5590569999999957
11
141.2304759999999817
21
-75.7495329999999996
0
LINE
8
BLACK
6
CONTINUOUS
10
141.2304759999999817
20
-75.7495329999999996
11
141.2685709999999801
21
-75.9019139999999908
0
LINE
8
BLACK
6
CONTINUOUS
10
141.2685709999999801
20
-75.9019139999999908
11
141.306666000000007
21
-75.9781040000000019
0
LINE
8
BLACK
6
CONTINUOUS
10
141.306666000000007
20
-75.9781040000000019
11
141.3447610000000054
21
-76.0161999999999978
0
LINE
8
BLACK
6
CONTINUOUS
10
141.3447610000000054
20
-76.0161999999999978
11
141.4209519999999998
21
-76.0542949999999962
0
LINE
8
BLACK
6
CONTINUOUS
10
141.4209519999999998
20
-76.0542949999999962
11
141.4971419999999966
21
-76.0542949999999962
0
LINE
8
BLACK
6
CONTINUOUS
10
141.4971419999999966
20
-76.0542949999999962
11
141.573332999999991
21
-76.0161999999999978
0
LINE
8
BLACK
6
CONTINUOUS
10
141.573332999999991
20
-76.0161999999999978
11
141.6114279999999894
21
-75.9781040000000019
0
LINE
8
BLACK
6
CONTINUOUS
10
141.6114279999999894
20
-75.9781040000000019
11
141.6495229999999879
21
-75.9019139999999908
0
LINE
8
BLACK
6
CONTINUOUS
10
141.6495229999999879
20
-75.9019139999999908
11
141.6876189999999838
21
-75.7495329999999996
0
LINE
8
BLACK
6
CONTINUOUS
10
141.6876189999999838
20
-75.7495329999999996
11
141.6876189999999838
21
-75.5590569999999957
0
LINE
8
BLACK
6
CONTINUOUS
10
141.6876189999999838
20
-75.5590569999999957
11
141.6495229999999879
21
-75.4066759999999903
0
LINE
8
BLACK
6
CONTINUOUS
10
141.6495229999999879
20
-75.4066759999999903
11
141.6114279999999894
21
-75.3304849999999959
0
LINE
8
BLACK
6
CONTINUOUS
10
141.6114279999999894
20
-75.3304849999999959
11
141.573332999999991
21
-75.2923899999999975
0
LINE
8
BLACK
6
CONTINUOUS
10
141.573332999999991
20
-75.2923899999999975
11
141.4971419999999966
21
-75.254294999999999
0
LINE
8
BLACK
6
CONTINUOUS
10
156.2162849999999992
20
-64.4211039999999997
11
156.2543809999999951
21
-64.4591999999999956
0
LINE
8
BLACK
6
CONTINUOUS
10
156.2543809999999951
20
-64.4591999999999956
11
156.3686659999999904
21
-64.497294999999994
0
LINE
8
BLACK
6
CONTINUOUS
10
156.3686659999999904
20
-64.497294999999994
11
156.4448569999999847
21
-64.497294999999994
0
LINE
8
BLACK
6
CONTINUOUS
10
156.4448569999999847
20
-64.497294999999994
11
156.5591430000000059
21
-64.4591999999999956
0
LINE
8
BLACK
6
CONTINUOUS
10
156.5591430000000059
20
-64.4591999999999956
11
156.6353330000000028
21
-64.3830090000000013
0
LINE
8
BLACK
6
CONTINUOUS
10
156.6353330000000028
20
-64.3830090000000013
11
156.6734280000000012
21
-64.3068189999999902
0
LINE
8
BLACK
6
CONTINUOUS
10
156.6734280000000012
20
-64.3068189999999902
11
156.7115239999999972
21
-64.154437999999999
0
LINE
8
BLACK
6
CONTINUOUS
10
156.7115239999999972
20
-64.154437999999999
11
156.7115239999999972
21
-64.040151999999992
0
LINE
8
BLACK
6
CONTINUOUS
10
156.7115239999999972
20
-64.040151999999992
11
156.6734280000000012
21
-63.8877709999999936
0
LINE
8
BLACK
6
CONTINUOUS
10
156.6734280000000012
20
-63.8877709999999936
11
156.6353330000000028
21
-63.8115799999999993
0
LINE
8
BLACK
6
CONTINUOUS
10
156.6353330000000028
20
-63.8115799999999993
11
156.5591430000000059
21
-63.7353899999999953
0
LINE
8
BLACK
6
CONTINUOUS
10
156.5591430000000059
20
-63.7353899999999953
11
156.4448569999999847
21
-63.6972949999999969
0
LINE
8
BLACK
6
CONTINUOUS
10
156.4448569999999847
20
-63.6972949999999969
11
156.3686659999999904
21
-63.6972949999999969
0
LINE
8
BLACK
6
CONTINUOUS
10
156.3686659999999904
20
-63.6972949999999969
11
156.2543809999999951
21
-63.7353899999999953
0
LINE
8
BLACK
6
CONTINUOUS
10
156.2543809999999951
20
-63.7353899999999953
11
156.2162849999999992
21
-63.7734849999999938
0
LINE
8
BLACK
6
CONTINUOUS
10
155.9115239999999858
20
-63.7734849999999938
11
155.8734279999999899
21
-63.7353899999999953
0
LINE
8
BLACK
6
CONTINUOUS
10
155.8734279999999899
20
-63.7353899999999953
11
155.797237999999993
21
-63.6972949999999969
0
LINE
8
BLACK
6
CONTINUOUS
10
155.797237999999993
20
-63.6972949999999969
11
155.6067620000000034
21
-63.6972949999999969
0
LINE
8
BLACK
6
CONTINUOUS
10
155.6067620000000034
20
-63.6972949999999969
11
155.5305709999999806
21
-63.7353899999999953
0
LINE
8
BLACK
6
CONTINUOUS
10
155.5305709999999806
20
-63.7353899999999953
11
155.4924759999999822
21
-63.7734849999999938
0
LINE
8
BLACK
6
CONTINUOUS
10
155.4924759999999822
20
-63.7734849999999938
11
155.4543809999999837
21
-63.8496759999999952
0
LINE
8
BLACK
6
CONTINUOUS
10
155.4543809999999837
20
-63.8496759999999952
11
155.4543809999999837
21
-63.9258659999999992
0
LINE
8
BLACK
6
CONTINUOUS
10
155.4543809999999837
20
-63.9258659999999992
11
155.4924759999999822
21
-64.040151999999992
0
LINE
8
BLACK
6
CONTINUOUS
10
155.4924759999999822
20
-64.040151999999992
11
155.9496189999999842
21
-64.497294999999994
0
LINE
8
BLACK
6
CONTINUOUS
10
155.9496189999999842
20
-64.497294999999994
11
155.4543809999999837
21
-64.497294999999994
0
LINE
8
BLACK
6
CONTINUOUS
10
154.6924759999999992
20
-64.497294999999994
11
155.1496190000000013
21
-64.497294999999994
0
LINE
8
BLACK
6
CONTINUOUS
10
154.9210469999999873
20
-64.497294999999994
11
154.9210469999999873
21
-63.6972949999999969
0
LINE
8
BLACK
6
CONTINUOUS
10
154.9210469999999873
20
-63.6972949999999969
11
154.9972379999999816
21
-63.8115799999999993
0
LINE
8
BLACK
6
CONTINUOUS
10
154.9972379999999816
20
-63.8115799999999993
11
155.0734280000000069
21
-63.8877709999999936
0
LINE
8
BLACK
6
CONTINUOUS
10
155.0734280000000069
20
-63.8877709999999936
11
155.1496190000000013
21
-63.9258659999999992
0
LINE
8
BLACK
6
CONTINUOUS
10
168.5548189999999806
20
-73.2619049999999987
11
167.5548189999999806
21
-73.2619049999999987
0
LINE
8
BLACK
6
CONTINUOUS
10
167.5548189999999806
20
-73.2619049999999987
11
167.5548189999999806
21
-73.5
0
LINE
8
BLACK
6
CONTINUOUS
10
167.5548189999999806
20
-73.5
11
167.6024380000000065
21
-73.6428569999999922
0
LINE
8
BLACK
6
CONTINUOUS
10
167.6024380000000065
20
-73.6428569999999922
11
167.6976760000000013
21
-73.7380950000000013
0
LINE
8
BLACK
6
CONTINUOUS
10
167.6976760000000013
20
-73.7380950000000013
11
167.7929139999999961
21
-73.7857139999999987
0
LINE
8
BLACK
6
CONTINUOUS
10
167.7929139999999961
20
-73.7857139999999987
11
167.9833899999999858
21
-73.8333329999999961
0
LINE
8
BLACK
6
CONTINUOUS
10
167.9833899999999858
20
-73.8333329999999961
11
168.1262470000000064
21
-73.8333329999999961
0
LINE
8
BLACK
6
CONTINUOUS
10
168.1262470000000064
20
-73.8333329999999961
11
168.3167229999999961
21
-73.7857139999999987
0
LINE
8
BLACK
6
CONTINUOUS
10
168.3167229999999961
20
-73.7857139999999987
11
168.4119609999999909
21
-73.7380950000000013
0
LINE
8
BLACK
6
CONTINUOUS
10
168.4119609999999909
20
-73.7380950000000013
11
168.5071999999999832
21
-73.6428569999999922
0
LINE
8
BLACK
6
CONTINUOUS
10
168.5071999999999832
20
-73.6428569999999922
11
168.5548189999999806
21
-73.5
0
LINE
8
BLACK
6
CONTINUOUS
10
168.5548189999999806
20
-73.5
11
168.5548189999999806
21
-73.2619049999999987
0
LINE
8
BLACK
6
CONTINUOUS
10
167.5548189999999806
20
-74.6904759999999897
11
167.5548189999999806
21
-74.5
0
LINE
8
BLACK
6
CONTINUOUS
10
167.5548189999999806
20
-74.5
11
167.6024380000000065
21
-74.404761999999991
0
LINE
8
BLACK
6
CONTINUOUS
10
167.6024380000000065
20
-74.404761999999991
11
167.6500570000000039
21
-74.3571429999999935
0
LINE
8
BLACK
6
CONTINUOUS
10
167.6500570000000039
20
-74.3571429999999935
11
167.7929139999999961
21
-74.2619049999999987
0
LINE
8
BLACK
6
CONTINUOUS
10
167.7929139999999961
20
-74.2619049999999987
11
167.9833899999999858
21
-74.2142860000000013
0
LINE
8
BLACK
6
CONTINUOUS
10
167.9833899999999858
20
-74.2142860000000013
11
168.3643419999999935
21
-74.2142860000000013
0
LINE
8
BLACK
6
CONTINUOUS
10
168.3643419999999935
20
-74.2142860000000013
11
168.4595799999999883
21
-74.2619049999999987
0
LINE
8
BLACK
6
CONTINUOUS
10
168.4595799999999883
20
-74.2619049999999987
11
168.5071999999999832
21
-74.3095239999999961
0
LINE
8
BLACK
6
CONTINUOUS
10
168.5071999999999832
20
-74.3095239999999961
11
168.5548189999999806
21
-74.404761999999991
0
LINE
8
BLACK
6
CONTINUOUS
10
168.5548189999999806
20
-74.404761999999991
11
168.5548189999999806
21
-74.5952379999999948
0
LINE
8
BLACK
6
CONTINUOUS
10
168.5548189999999806
20
-74.5952379999999948
11
168.5071999999999832
21
-74.6904759999999897
0
LINE
8
BLACK
6
CONTINUOUS
10
168.5071999999999832
20
-74.6904759999999897
11
168.4595799999999883
21
-74.7380950000000013
0
LINE
8
BLACK
6
CONTINUOUS
10
168.4595799999999883
20
-74.7380950000000013
11
168.3643419999999935
21
-74.7857139999999987
0
LINE
8
BLACK
6
CONTINUOUS
10
168.3643419999999935
20
-74.7857139999999987
11
168.1262470000000064
21
-74.7857139999999987
0
LINE
8
BLACK
6
CONTINUOUS
10
168.1262470000000064
20
-74.7857139999999987
11
168.0310089999999832
21
-74.7380950000000013
0
LINE
8
BLACK
6
CONTINUOUS
10
168.0310089999999832
20
-74.7380950000000013
11
167.9833899999999858
21
-74.6904759999999897
0
LINE
8
BLACK
6
CONTINUOUS
10
167.9833899999999858
20
-74.6904759999999897
11
167.9357709999999884
21
-74.5952379999999948
0
LINE
8
BLACK
6
CONTINUOUS
10
167.9357709999999884
20
-74.5952379999999948
11
167.9357709999999884
21
-74.404761999999991
0
LINE
8
BLACK
6
CONTINUOUS
10
167.9357709999999884
20
-74.404761999999991
11
167.9833899999999858
21
-74.3095239999999961
0
LINE
8
BLACK
6
CONTINUOUS
10
167.9833899999999858
20
-74.3095239999999961
11
168.0310089999999832
21
-74.2619049999999987
0
LINE
8
BLACK
6
CONTINUOUS
10
168.0310089999999832
20
-74.2619049999999987
11
168.1262470000000064
21
-74.2142860000000013
0
LINE
8
BLACK
6
CONTINUOUS
10
151.0108569999999872
20
-58.0175799999999953
11
151.0584759999999847
21
-58.0651999999999973
0
LINE
8
BLACK
6
CONTINUOUS
10
151.0584759999999847
20
-58.0651999999999973
11
151.2013330000000053
21
-58.1128189999999947
0
LINE
8
BLACK
6
CONTINUOUS
10
151.2013330000000053
20
-58.1128189999999947
11
151.2965710000000001
21
-58.1128189999999947
0
LINE
8
BLACK
6
CONTINUOUS
10
151.2965710000000001
20
-58.1128189999999947
11
151.4394279999999924
21
-58.0651999999999973
0
LINE
8
BLACK
6
CONTINUOUS
10
151.4394279999999924
20
-58.0651999999999973
11
151.5346659999999872
21
-57.9699609999999979
0
LINE
8
BLACK
6
CONTINUOUS
10
151.5346659999999872
20
-57.9699609999999979
11
151.5822849999999846
21
-57.8747229999999959
0
LINE
8
BLACK
6
CONTINUOUS
10
151.5822849999999846
20
-57.8747229999999959
11
151.629903999999982
21
-57.6842469999999992
0
LINE
8
BLACK
6
CONTINUOUS
10
151.629903999999982
20
-57.6842469999999992
11
151.629903999999982
21
-57.5413899999999998
0
LINE
8
BLACK
6
CONTINUOUS
10
151.629903999999982
20
-57.5413899999999998
11
151.5822849999999846
21
-57.350913999999996
0
LINE
8
BLACK
6
CONTINUOUS
10
151.5822849999999846
20
-57.350913999999996
11
151.5346659999999872
21
-57.255675999999994
0
LINE
8
BLACK
6
CONTINUOUS
10
151.5346659999999872
20
-57.255675999999994
11
151.4394279999999924
21
-57.1604379999999992
0
LINE
8
BLACK
6
CONTINUOUS
10
151.4394279999999924
20
-57.1604379999999992
11
151.2965710000000001
21
-57.1128189999999947
0
LINE
8
BLACK
6
CONTINUOUS
10
151.2965710000000001
20
-57.1128189999999947
11
151.2013330000000053
21
-57.1128189999999947
0
LINE
8
BLACK
6
CONTINUOUS
10
151.2013330000000053
20
-57.1128189999999947
11
151.0584759999999847
21
-57.1604379999999992
0
LINE
8
BLACK
6
CONTINUOUS
10
151.0584759999999847
20
-57.1604379999999992
11
151.0108569999999872
21
-57.2080569999999966
0
LINE
8
BLACK
6
CONTINUOUS
10
150.0584759999999847
20
-58.1128189999999947
11
150.629903999999982
21
-58.1128189999999947
0
LINE
8
BLACK
6
CONTINUOUS
10
150.3441899999999976
20
-58.1128189999999947
11
150.3441899999999976
21
-57.1128189999999947
0
LINE
8
BLACK
6
CONTINUOUS
10
150.3441899999999976
20
-57.1128189999999947
11
150.4394279999999924
21
-57.255675999999994
0
LINE
8
BLACK
6
CONTINUOUS
10
150.4394279999999924
20
-57.255675999999994
11
150.5346659999999872
21
-57.350913999999996
0
LINE
8
BLACK
6
CONTINUOUS
10
150.5346659999999872
20
-57.350913999999996
11
150.629903999999982
21
-57.3985330000000005
0
LINE
8
BLACK
6
CONTINUOUS
10
149.2013330000000053
20
-57.1128189999999947
11
149.391808999999995
21
-57.1128189999999947
0
LINE
8
BLACK
6
CONTINUOUS
10
149.391808999999995
20
-57.1128189999999947
11
149.4870469999999898
21
-57.1604379999999992
0
LINE
8
BLACK
6
CONTINUOUS
10
149.4870469999999898
20
-57.1604379999999992
11
149.5346659999999872
21
-57.2080569999999966
0
LINE
8
BLACK
6
CONTINUOUS
10
149.5346659999999872
20
-57.2080569999999966
11
149.629903999999982
21
-57.350913999999996
0
LINE
8
BLACK
6
CONTINUOUS
10
149.629903999999982
20
-57.350913999999996
11
149.6775229999999794
21
-57.5413899999999998
0
LINE
8
BLACK
6
CONTINUOUS
10
149.6775229999999794
20
-57.5413899999999998
11
149.6775229999999794
21
-57.9223420000000004
0
LINE
8
BLACK
6
CONTINUOUS
10
149.6775229999999794
20
-57.9223420000000004
11
149.629903999999982
21
-58.0175799999999953
0
LINE
8
BLACK
6
CONTINUOUS
10
149.629903999999982
20
-58.0175799999999953
11
149.5822849999999846
21
-58.0651999999999973
0
LINE
8
BLACK
6
CONTINUOUS
10
149.5822849999999846
20
-58.0651999999999973
11
149.4870469999999898
21
-58.1128189999999947
0
LINE
8
BLACK
6
CONTINUOUS
10
149.4870469999999898
20
-58.1128189999999947
11
149.2965710000000001
21
-58.1128189999999947
0
LINE
8
BLACK
6
CONTINUOUS
10
149.2965710000000001
20
-58.1128189999999947
11
149.2013330000000053
21
-58.0651999999999973
0
LINE
8
BLACK
6
CONTINUOUS
10
149.2013330000000053
20
-58.0651999999999973
11
149.1537139999999795
21
-58.0175799999999953
0
LINE
8
BLACK
6
CONTINUOUS
10
149.1537139999999795
20
-58.0175799999999953
11
149.1060949999999821
21
-57.9223420000000004
0
LINE
8
BLACK
6
CONTINUOUS
10
149.1060949999999821
20
-57.9223420000000004
11
149.1060949999999821
21
-57.6842469999999992
0
LINE
8
BLACK
6
CONTINUOUS
10
149.1060949999999821
20
-57.6842469999999992
11
149.1537139999999795
21
-57.5890089999999972
0
LINE
8
BLACK
6
CONTINUOUS
10
149.1537139999999795
20
-57.5890089999999972
11
149.2013330000000053
21
-57.5413899999999998
0
LINE
8
BLACK
6
CONTINUOUS
10
149.2013330000000053
20
-57.5413899999999998
11
149.2965710000000001
21
-57.4937709999999953
0
LINE
8
BLACK
6
CONTINUOUS
10
149.2965710000000001
20
-57.4937709999999953
11
149.4870469999999898
21
-57.4937709999999953
0
LINE
8
BLACK
6
CONTINUOUS
10
149.4870469999999898
20
-57.4937709999999953
11
149.5822849999999846
21
-57.5413899999999998
0
LINE
8
BLACK
6
CONTINUOUS
10
149.5822849999999846
20
-57.5413899999999998
11
149.629903999999982
21
-57.5890089999999972
0
LINE
8
BLACK
6
CONTINUOUS
10
149.629903999999982
20
-57.5890089999999972
11
149.6775229999999794
21
-57.6842469999999992
0
LINE
8
BLACK
6
CONTINUOUS
10
150.9642849999999896
20
-54.8548189999999991
11
150.9642849999999896
21
-53.8548189999999991
0
LINE
8
BLACK
6
CONTINUOUS
10
150.9642849999999896
20
-53.8548189999999991
11
150.7261900000000026
21
-53.8548189999999991
0
LINE
8
BLACK
6
CONTINUOUS
10
150.7261900000000026
20
-53.8548189999999991
11
150.5833329999999819
21
-53.9024379999999965
0
LINE
8
BLACK
6
CONTINUOUS
10
150.5833329999999819
20
-53.9024379999999965
11
150.4880949999999871
21
-53.9976759999999985
0
LINE
8
BLACK
6
CONTINUOUS
10
150.4880949999999871
20
-53.9976759999999985
11
150.4404759999999897
21
-54.0929140000000004
0
LINE
8
BLACK
6
CONTINUOUS
10
150.4404759999999897
20
-54.0929140000000004
11
150.3928569999999922
21
-54.2833899999999971
0
LINE
8
BLACK
6
CONTINUOUS
10
150.3928569999999922
20
-54.2833899999999971
11
150.3928569999999922
21
-54.4262469999999965
0
LINE
8
BLACK
6
CONTINUOUS
10
150.3928569999999922
20
-54.4262469999999965
11
150.4404759999999897
21
-54.6167230000000004
0
LINE
8
BLACK
6
CONTINUOUS
10
150.4404759999999897
20
-54.6167230000000004
11
150.4880949999999871
21
-54.7119609999999952
0
LINE
8
BLACK
6
CONTINUOUS
10
150.4880949999999871
20
-54.7119609999999952
11
150.5833329999999819
21
-54.8071999999999946
0
LINE
8
BLACK
6
CONTINUOUS
10
150.5833329999999819
20
-54.8071999999999946
11
150.7261900000000026
21
-54.8548189999999991
0
LINE
8
BLACK
6
CONTINUOUS
10
150.7261900000000026
20
-54.8548189999999991
11
150.9642849999999896
21
-54.8548189999999991
0
LINE
8
BLACK
6
CONTINUOUS
10
149.4404759999999897
20
-54.8548189999999991
11
150.011903999999987
21
-54.8548189999999991
0
LINE
8
BLACK
6
CONTINUOUS
10
149.7261900000000026
20
-54.8548189999999991
11
149.7261900000000026
21
-53.8548189999999991
0
LINE
8
BLACK
6
CONTINUOUS
10
149.7261900000000026
20
-53.8548189999999991
11
149.8214279999999974
21
-53.9976759999999985
0
LINE
8
BLACK
6
CONTINUOUS
10
149.8214279999999974
20
-53.9976759999999985
11
149.9166659999999922
21
-54.0929140000000004
0
LINE
8
BLACK
6
CONTINUOUS
10
149.9166659999999922
20
-54.0929140000000004
11
150.011903999999987
21
-54.1405329999999978
0
LINE
8
BLACK
6
CONTINUOUS
10
148.8214279999999974
20
-53.8548189999999991
11
148.7261900000000026
21
-53.8548189999999991
0
LINE
8
BLACK
6
CONTINUOUS
10
148.7261900000000026
20
-53.8548189999999991
11
148.6309519999999793
21
-53.9024379999999965
0
LINE
8
BLACK
6
CONTINUOUS
10
148.6309519999999793
20
-53.9024379999999965
11
148.5833329999999819
21
-53.950057000000001
0
LINE
8
BLACK
6
CONTINUOUS
10
148.5833329999999819
20
-53.950057000000001
11
148.5357139999999845
21
-54.0452949999999959
0
LINE
8
BLACK
6
CONTINUOUS
10
148.5357139999999845
20
-54.0452949999999959
11
148.4880949999999871
21
-54.2357709999999997
0
LINE
8
BLACK
6
CONTINUOUS
10
148.4880949999999871
20
-54.2357709999999997
11
148.4880949999999871
21
-54.473866000000001
0
LINE
8
BLACK
6
CONTINUOUS
10
148.4880949999999871
20
-54.473866000000001
11
148.5357139999999845
21
-54.6643419999999978
0
LINE
8
BLACK
6
CONTINUOUS
10
148.5357139999999845
20
-54.6643419999999978
11
148.5833329999999819
21
-54.7595799999999997
0
LINE
8
BLACK
6
CONTINUOUS
10
148.5833329999999819
20
-54.7595799999999997
11
148.6309519999999793
21
-54.8071999999999946
0
LINE
8
BLACK
6
CONTINUOUS
10
148.6309519999999793
20
-54.8071999999999946
11
148.7261900000000026
21
-54.8548189999999991
0
LINE
8
BLACK
6
CONTINUOUS
10
148.7261900000000026
20
-54.8548189999999991
11
148.8214279999999974
21
-54.8548189999999991
0
LINE
8
BLACK
6
CONTINUOUS
10
148.8214279999999974
20
-54.8548189999999991
11
148.9166659999999922
21
-54.8071999999999946
0
LINE
8
BLACK
6
CONTINUOUS
10
148.9166659999999922
20
-54.8071999999999946
11
148.9642849999999896
21
-54.7595799999999997
0
LINE
8
BLACK
6
CONTINUOUS
10
148.9642849999999896
20
-54.7595799999999997
11
149.011903999999987
21
-54.6643419999999978
0
LINE
8
BLACK
6
CONTINUOUS
10
149.011903999999987
20
-54.6643419999999978
11
149.0595229999999844
21
-54.473866000000001
0
LINE
8
BLACK
6
CONTINUOUS
10
149.0595229999999844
20
-54.473866000000001
11
149.0595229999999844
21
-54.2357709999999997
0
LINE
8
BLACK
6
CONTINUOUS
10
149.0595229999999844
20
-54.2357709999999997
11
149.011903999999987
21
-54.0452949999999959
0
LINE
8
BLACK
6
CONTINUOUS
10
149.011903999999987
20
-54.0452949999999959
11
148.9642849999999896
21
-53.950057000000001
0
LINE
8
BLACK
6
CONTINUOUS
10
148.9642849999999896
20
-53.950057000000001
11
148.9166659999999922
21
-53.9024379999999965
0
LINE
8
BLACK
6
CONTINUOUS
10
148.9166659999999922
20
-53.9024379999999965
11
148.8214279999999974
21
-53.8548189999999991
0
LINE
8
BLACK
6
CONTINUOUS
10
169.7775800000000004
20
-64.381141999999997
11
169.8251999999999953
21
-64.3335229999999996
0
LINE
8
BLACK
6
CONTINUOUS
10
169.8251999999999953
20
-64.3335229999999996
11
169.8728189999999927
21
-64.1906659999999931
0
LINE
8
BLACK
6
CONTINUOUS
10
169.8728189999999927
20
-64.1906659999999931
11
169.8728189999999927
21
-64.0954279999999983
0
LINE
8
BLACK
6
CONTINUOUS
10
169.8728189999999927
20
-64.0954279999999983
11
169.8251999999999953
21
-63.9525709999999989
0
LINE
8
BLACK
6
CONTINUOUS
10
169.8251999999999953
20
-63.9525709999999989
11
169.729961000000003
21
-63.857332999999997
0
LINE
8
BLACK
6
CONTINUOUS
10
169.729961000000003
20
-63.857332999999997
11
169.6347229999999797
21
-63.8097139999999996
0
LINE
8
BLACK
6
CONTINUOUS
10
169.6347229999999797
20
-63.8097139999999996
11
169.4442469999999901
21
-63.7620949999999951
0
LINE
8
BLACK
6
CONTINUOUS
10
169.4442469999999901
20
-63.7620949999999951
11
169.3013899999999978
21
-63.7620949999999951
0
LINE
8
BLACK
6
CONTINUOUS
10
169.3013899999999978
20
-63.7620949999999951
11
169.1109139999999798
21
-63.8097139999999996
0
LINE
8
BLACK
6
CONTINUOUS
10
169.1109139999999798
20
-63.8097139999999996
11
169.0156759999999849
21
-63.857332999999997
0
LINE
8
BLACK
6
CONTINUOUS
10
169.0156759999999849
20
-63.857332999999997
11
168.9204379999999901
21
-63.9525709999999989
0
LINE
8
BLACK
6
CONTINUOUS
10
168.9204379999999901
20
-63.9525709999999989
11
168.8728189999999927
21
-64.0954279999999983
0
LINE
8
BLACK
6
CONTINUOUS
10
168.8728189999999927
20
-64.0954279999999983
11
168.8728189999999927
21
-64.1906659999999931
0
LINE
8
BLACK
6
CONTINUOUS
10
168.8728189999999927
20
-64.1906659999999931
11
168.9204379999999901
21
-64.3335229999999996
0
LINE
8
BLACK
6
CONTINUOUS
10
168.9204379999999901
20
-64.3335229999999996
11
168.9680569999999875
21
-64.381141999999997
0
LINE
8
BLACK
6
CONTINUOUS
10
168.9680569999999875
20
-64.7620950000000022
11
168.9204379999999901
21
-64.8097139999999996
0
LINE
8
BLACK
6
CONTINUOUS
10
168.9204379999999901
20
-64.8097139999999996
11
168.8728189999999927
21
-64.9049519999999944
0
LINE
8
BLACK
6
CONTINUOUS
10
168.8728189999999927
20
-64.9049519999999944
11
168.8728189999999927
21
-65.1430469999999957
0
LINE
8
BLACK
6
CONTINUOUS
10
168.8728189999999927
20
-65.1430469999999957
11
168.9204379999999901
21
-65.2382849999999905
0
LINE
8
BLACK
6
CONTINUOUS
10
168.9204379999999901
20
-65.2382849999999905
11
168.9680569999999875
21
-65.2859040000000022
0
LINE
8
BLACK
6
CONTINUOUS
10
168.9680569999999875
20
-65.2859040000000022
11
169.0632949999999823
21
-65.3335229999999996
0
LINE
8
BLACK
6
CONTINUOUS
10
169.0632949999999823
20
-65.3335229999999996
11
169.1585330000000056
21
-65.3335229999999996
0
LINE
8
BLACK
6
CONTINUOUS
10
169.1585330000000056
20
-65.3335229999999996
11
169.3013899999999978
21
-65.2859040000000022
0
LINE
8
BLACK
6
CONTINUOUS
10
169.3013899999999978
20
-65.2859040000000022
11
169.8728189999999927
21
-64.7144759999999906
0
LINE
8
BLACK
6
CONTINUOUS
10
169.8728189999999927
20
-64.7144759999999906
11
169.8728189999999927
21
-65.3335229999999996
0
LINE
8
BLACK
6
CONTINUOUS
10
168.8728189999999927
20
-66.1906659999999931
11
168.8728189999999927
21
-66.0001900000000035
0
LINE
8
BLACK
6
CONTINUOUS
10
168.8728189999999927
20
-66.0001900000000035
11
168.9204379999999901
21
-65.9049519999999944
0
LINE
8
BLACK
6
CONTINUOUS
10
168.9204379999999901
20
-65.9049519999999944
11
168.9680569999999875
21
-65.857332999999997
0
LINE
8
BLACK
6
CONTINUOUS
10
168.9680569999999875
20
-65.857332999999997
11
169.1109139999999798
21
-65.7620950000000022
0
LINE
8
BLACK
6
CONTINUOUS
10
169.1109139999999798
20
-65.7620950000000022
11
169.3013899999999978
21
-65.7144759999999906
0
LINE
8
BLACK
6
CONTINUOUS
10
169.3013899999999978
20
-65.7144759999999906
11
169.6823420000000056
21
-65.7144759999999906
0
LINE
8
BLACK
6
CONTINUOUS
10
169.6823420000000056
20
-65.7144759999999906
11
169.7775800000000004
21
-65.7620950000000022
0
LINE
8
BLACK
6
CONTINUOUS
10
169.7775800000000004
20
-65.7620950000000022
11
169.8251999999999953
21
-65.8097139999999996
0
LINE
8
BLACK
6
CONTINUOUS
10
169.8251999999999953
20
-65.8097139999999996
11
169.8728189999999927
21
-65.9049519999999944
0
LINE
8
BLACK
6
CONTINUOUS
10
169.8728189999999927
20
-65.9049519999999944
11
169.8728189999999927
21
-66.0954279999999983
0
LINE
8
BLACK
6
CONTINUOUS
10
169.8728189999999927
20
-66.0954279999999983
11
169.8251999999999953
21
-66.1906659999999931
0
LINE
8
BLACK
6
CONTINUOUS
10
169.8251999999999953
20
-66.1906659999999931
11
169.7775800000000004
21
-66.2382849999999905
0
LINE
8
BLACK
6
CONTINUOUS
10
169.7775800000000004
20
-66.2382849999999905
11
169.6823420000000056
21
-66.2859040000000022
0
LINE
8
BLACK
6
CONTINUOUS
10
169.6823420000000056
20
-66.2859040000000022
11
169.4442469999999901
21
-66.2859040000000022
0
LINE
8
BLACK
6
CONTINUOUS
10
169.4442469999999901
20
-66.2859040000000022
11
169.3490089999999952
21
-66.2382849999999905
0
LINE
8
BLACK
6
CONTINUOUS
10
169.3490089999999952
20
-66.2382849999999905
11
169.3013899999999978
21
-66.1906659999999931
0
LINE
8
BLACK
6
CONTINUOUS
10
169.3013899999999978
20
-66.1906659999999931
11
169.2537710000000004
21
-66.0954279999999983
0
LINE
8
BLACK
6
CONTINUOUS
10
169.2537710000000004
20
-66.0954279999999983
11
169.2537710000000004
21
-65.9049519999999944
0
LINE
8
BLACK
6
CONTINUOUS
10
169.2537710000000004
20
-65.9049519999999944
11
169.3013899999999978
21
-65.8097139999999996
0
LINE
8
BLACK
6
CONTINUOUS
10
169.3013899999999978
20
-65.8097139999999996
11
169.3490089999999952
21
-65.7620950000000022
0
LINE
8
BLACK
6
CONTINUOUS
10
169.3490089999999952
20
-65.7620950000000022
11
169.4442469999999901
21
-65.7144759999999906
0
LINE
8
BLACK
6
CONTINUOUS
10
129.8428569999999809
20
-75.0355799999999959
11
129.8904760000000067
21
-75.0831999999999908
0
LINE
8
BLACK
6
CONTINUOUS
10
129.8904760000000067
20
-75.0831999999999908
11
130.0333329999999989
21
-75.1308190000000025
0
LINE
8
BLACK
6
CONTINUOUS
10
130.0333329999999989
20
-75.1308190000000025
11
130.1285709999999938
21
-75.1308190000000025
0
LINE
8
BLACK
6
CONTINUOUS
10
130.1285709999999938
20
-75.1308190000000025
11
130.271427999999986
21
-75.0831999999999908
0
LINE
8
BLACK
6
CONTINUOUS
10
130.271427999999986
20
-75.0831999999999908
11
130.3666659999999808
21
-74.9879609999999985
0
LINE
8
BLACK
6
CONTINUOUS
10
130.3666659999999808
20
-74.9879609999999985
11
130.4142850000000067
21
-74.8927230000000037
0
LINE
8
BLACK
6
CONTINUOUS
10
130.4142850000000067
20
-74.8927230000000037
11
130.4619040000000041
21
-74.7022469999999998
0
LINE
8
BLACK
6
CONTINUOUS
10
130.4619040000000041
20
-74.7022469999999998
11
130.4619040000000041
21
-74.5593899999999934
0
LINE
8
BLACK
6
CONTINUOUS
10
130.4619040000000041
20
-74.5593899999999934
11
130.4142850000000067
21
-74.3689140000000037
0
LINE
8
BLACK
6
CONTINUOUS
10
130.4142850000000067
20
-74.3689140000000037
11
130.3666659999999808
21
-74.2736759999999947
0
LINE
8
BLACK
6
CONTINUOUS
10
130.3666659999999808
20
-74.2736759999999947
11
130.271427999999986
21
-74.1784379999999999
0
LINE
8
BLACK
6
CONTINUOUS
10
130.271427999999986
20
-74.1784379999999999
11
130.1285709999999938
21
-74.1308190000000025
0
LINE
8
BLACK
6
CONTINUOUS
10
130.1285709999999938
20
-74.1308190000000025
11
130.0333329999999989
21
-74.1308190000000025
0
LINE
8
BLACK
6
CONTINUOUS
10
130.0333329999999989
20
-74.1308190000000025
11
129.8904760000000067
21
-74.1784379999999999
0
LINE
8
BLACK
6
CONTINUOUS
10
129.8904760000000067
20
-74.1784379999999999
11
129.8428569999999809
21
-74.2260569999999973
0
LINE
8
BLACK
6
CONTINUOUS
10
128.9380950000000041
20
-74.1308190000000025
11
129.4142850000000067
21
-74.1308190000000025
0
LINE
8
BLACK
6
CONTINUOUS
10
129.4142850000000067
20
-74.1308190000000025
11
129.4619040000000041
21
-74.6070089999999908
0
LINE
8
BLACK
6
CONTINUOUS
10
129.4619040000000041
20
-74.6070089999999908
11
129.4142850000000067
21
-74.5593899999999934
0
LINE
8
BLACK
6
CONTINUOUS
10
129.4142850000000067
20
-74.5593899999999934
11
129.3190469999999834
21
-74.511770999999996
0
LINE
8
BLACK
6
CONTINUOUS
10
129.3190469999999834
20
-74.511770999999996
11
129.0809519999999964
21
-74.511770999999996
0
LINE
8
BLACK
6
CONTINUOUS
10
129.0809519999999964
20
-74.511770999999996
11
128.9857140000000015
21
-74.5593899999999934
0
LINE
8
BLACK
6
CONTINUOUS
10
128.9857140000000015
20
-74.5593899999999934
11
128.9380950000000041
21
-74.6070089999999908
0
LINE
8
BLACK
6
CONTINUOUS
10
128.9380950000000041
20
-74.6070089999999908
11
128.8904760000000067
21
-74.7022469999999998
0
LINE
8
BLACK
6
CONTINUOUS
10
128.8904760000000067
20
-74.7022469999999998
11
128.8904760000000067
21
-74.9403420000000011
0
LINE
8
BLACK
6
CONTINUOUS
10
128.8904760000000067
20
-74.9403420000000011
11
128.9380950000000041
21
-75.0355799999999959
0
LINE
8
BLACK
6
CONTINUOUS
10
128.9380950000000041
20
-75.0355799999999959
11
128.9857140000000015
21
-75.0831999999999908
0
LINE
8
BLACK
6
CONTINUOUS
10
128.9857140000000015
20
-75.0831999999999908
11
129.0809519999999964
21
-75.1308190000000025
0
LINE
8
BLACK
6
CONTINUOUS
10
129.0809519999999964
20
-75.1308190000000025
11
129.3190469999999834
21
-75.1308190000000025
0
LINE
8
BLACK
6
CONTINUOUS
10
129.3190469999999834
20
-75.1308190000000025
11
129.4142850000000067
21
-75.0831999999999908
0
LINE
8
BLACK
6
CONTINUOUS
10
129.4142850000000067
20
-75.0831999999999908
11
129.4619040000000041
21
-75.0355799999999959
0
LINE
8
BLACK
6
CONTINUOUS
10
128.271427999999986
20
-74.1308190000000025
11
128.1761899999999912
21
-74.1308190000000025
0
LINE
8
BLACK
6
CONTINUOUS
10
128.1761899999999912
20
-74.1308190000000025
11
128.0809519999999964
21
-74.1784379999999999
0
LINE
8
BLACK
6
CONTINUOUS
10
128.0809519999999964
20
-74.1784379999999999
11
128.0333329999999989
21
-74.2260569999999973
0
LINE
8
BLACK
6
CONTINUOUS
10
128.0333329999999989
20
-74.2260569999999973
11
127.9857139999999873
21
-74.3212949999999921
0
LINE
8
BLACK
6
CONTINUOUS
10
127.9857139999999873
20
-74.3212949999999921
11
127.9380949999999899
21
-74.511770999999996
0
LINE
8
BLACK
6
CONTINUOUS
10
127.9380949999999899
20
-74.511770999999996
11
127.9380949999999899
21
-74.7498659999999973
0
LINE
8
BLACK
6
CONTINUOUS
10
127.9380949999999899
20
-74.7498659999999973
11
127.9857139999999873
21
-74.9403420000000011
0
LINE
8
BLACK
6
CONTINUOUS
10
127.9857139999999873
20
-74.9403420000000011
11
128.0333329999999989
21
-75.0355799999999959
0
LINE
8
BLACK
6
CONTINUOUS
10
128.0333329999999989
20
-75.0355799999999959
11
128.0809519999999964
21
-75.0831999999999908
0
LINE
8
BLACK
6
CONTINUOUS
10
128.0809519999999964
20
-75.0831999999999908
11
128.1761899999999912
21
-75.1308190000000025
0
LINE
8
BLACK
6
CONTINUOUS
10
128.1761899999999912
20
-75.1308190000000025
11
128.271427999999986
21
-75.1308190000000025
0
LINE
8
BLACK
6
CONTINUOUS
10
128.271427999999986
20
-75.1308190000000025
11
128.3666659999999808
21
-75.0831999999999908
0
LINE
8
BLACK
6
CONTINUOUS
10
128.3666659999999808
20
-75.0831999999999908
11
128.4142850000000067
21
-75.0355799999999959
0
LINE
8
BLACK
6
CONTINUOUS
10
128.4142850000000067
20
-75.0355799999999959
11
128.4619040000000041
21
-74.9403420000000011
0
LINE
8
BLACK
6
CONTINUOUS
10
128.4619040000000041
20
-74.9403420000000011
11
128.5095230000000015
21
-74.7498659999999973
0
LINE
8
BLACK
6
CONTINUOUS
10
128.5095230000000015
20
-74.7498659999999973
11
128.5095230000000015
21
-74.511770999999996
0
LINE
8
BLACK
6
CONTINUOUS
10
128.5095230000000015
20
-74.511770999999996
11
128.4619040000000041
21
-74.3212949999999921
0
LINE
8
BLACK
6
CONTINUOUS
10
128.4619040000000041
20
-74.3212949999999921
11
128.4142850000000067
21
-74.2260569999999973
0
LINE
8
BLACK
6
CONTINUOUS
10
128.4142850000000067
20
-74.2260569999999973
11
128.3666659999999808
21
-74.1784379999999999
0
LINE
8
BLACK
6
CONTINUOUS
10
128.3666659999999808
20
-74.1784379999999999
11
128.271427999999986
21
-74.1308190000000025
0
LINE
8
BLACK
6
CONTINUOUS
10
128.2498190000000022
20
-91.9083329999999989
11
128.2498190000000022
21
-91.4321429999999964
0
LINE
8
BLACK
6
CONTINUOUS
10
128.2498190000000022
20
-91.4321429999999964
11
127.249818999999988
21
-91.4321429999999964
0
LINE
8
BLACK
6
CONTINUOUS
10
127.3450569999999971
20
-92.1940479999999951
11
127.2974379999999996
21
-92.2416669999999925
0
LINE
8
BLACK
6
CONTINUOUS
10
127.2974379999999996
20
-92.2416669999999925
11
127.249818999999988
21
-92.3369050000000016
0
LINE
8
BLACK
6
CONTINUOUS
10
127.249818999999988
20
-92.3369050000000016
11
127.249818999999988
21
-92.5750000000000028
0
LINE
8
BLACK
6
CONTINUOUS
10
127.249818999999988
20
-92.5750000000000028
11
127.2974379999999996
21
-92.6702379999999977
0
LINE
8
BLACK
6
CONTINUOUS
10
127.2974379999999996
20
-92.6702379999999977
11
127.3450569999999971
21
-92.7178569999999951
0
LINE
8
BLACK
6
CONTINUOUS
10
127.3450569999999971
20
-92.7178569999999951
11
127.4402949999999919
21
-92.7654759999999925
0
LINE
8
BLACK
6
CONTINUOUS
10
127.4402949999999919
20
-92.7654759999999925
11
127.5355330000000009
21
-92.7654759999999925
0
LINE
8
BLACK
6
CONTINUOUS
10
127.5355330000000009
20
-92.7654759999999925
11
127.6783899999999932
21
-92.7178569999999951
0
LINE
8
BLACK
6
CONTINUOUS
10
127.6783899999999932
20
-92.7178569999999951
11
128.2498190000000022
21
-92.1464289999999977
0
LINE
8
BLACK
6
CONTINUOUS
10
128.2498190000000022
20
-92.1464289999999977
11
128.2498190000000022
21
-92.7654759999999925
0
LINE
8
BLACK
6
CONTINUOUS
10
167.6399040000000014
20
-91.1488189999999889
11
167.6399040000000014
21
-91.9583420000000018
0
LINE
8
BLACK
6
CONTINUOUS
10
167.6399040000000014
20
-91.9583420000000018
11
167.5922850000000039
21
-92.0535799999999966
0
LINE
8
BLACK
6
CONTINUOUS
10
167.5922850000000039
20
-92.0535799999999966
11
167.5446660000000065
21
-92.1011999999999915
0
LINE
8
BLACK
6
CONTINUOUS
10
167.5446660000000065
20
-92.1011999999999915
11
167.4494279999999833
21
-92.1488189999999889
0
LINE
8
BLACK
6
CONTINUOUS
10
167.4494279999999833
20
-92.1488189999999889
11
167.2589519999999936
21
-92.1488189999999889
0
LINE
8
BLACK
6
CONTINUOUS
10
167.2589519999999936
20
-92.1488189999999889
11
167.1637139999999988
21
-92.1011999999999915
0
LINE
8
BLACK
6
CONTINUOUS
10
167.1637139999999988
20
-92.1011999999999915
11
167.1160950000000014
21
-92.0535799999999966
0
LINE
8
BLACK
6
CONTINUOUS
10
167.1160950000000014
20
-92.0535799999999966
11
167.068476000000004
21
-91.9583420000000018
0
LINE
8
BLACK
6
CONTINUOUS
10
167.068476000000004
20
-91.9583420000000018
11
167.068476000000004
21
-91.1488189999999889
0
LINE
8
BLACK
6
CONTINUOUS
10
166.1637139999999988
20
-91.4821519999999992
11
166.1637139999999988
21
-92.1488189999999889
0
LINE
8
BLACK
6
CONTINUOUS
10
166.4018089999999859
20
-91.1011999999999915
11
166.6399040000000014
21
-91.8154849999999954
0
LINE
8
BLACK
6
CONTINUOUS
10
166.6399040000000014
20
-91.8154849999999954
11
166.0208570000000066
21
-91.8154849999999954
0
LINE
8
BLACK
6
CONTINUOUS
10
143.7702850000000012
20
-80.1691039999999902
11
143.8083809999999971
21
-80.2072000000000003
0
LINE
8
BLACK
6
CONTINUOUS
10
143.8083809999999971
20
-80.2072000000000003
11
143.9226659999999924
21
-80.2452949999999987
0
LINE
8
BLACK
6
CONTINUOUS
10
143.9226659999999924
20
-80.2452949999999987
11
143.9988569999999868
21
-80.2452949999999987
0
LINE
8
BLACK
6
CONTINUOUS
10
143.9988569999999868
20
-80.2452949999999987
11
144.1131429999999796
21
-80.2072000000000003
0
LINE
8
BLACK
6
CONTINUOUS
10
144.1131429999999796
20
-80.2072000000000003
11
144.1893330000000049
21
-80.1310089999999917
0
LINE
8
BLACK
6
CONTINUOUS
10
144.1893330000000049
20
-80.1310089999999917
11
144.2274280000000033
21
-80.0548189999999948
0
LINE
8
BLACK
6
CONTINUOUS
10
144.2274280000000033
20
-80.0548189999999948
11
144.2655239999999992
21
-79.9024379999999894
0
LINE
8
BLACK
6
CONTINUOUS
10
144.2655239999999992
20
-79.9024379999999894
11
144.2655239999999992
21
-79.7881519999999966
0
LINE
8
BLACK
6
CONTINUOUS
10
144.2655239999999992
20
-79.7881519999999966
11
144.2274280000000033
21
-79.6357709999999912
0
LINE
8
BLACK
6
CONTINUOUS
10
144.2274280000000033
20
-79.6357709999999912
11
144.1893330000000049
21
-79.5595799999999969
0
LINE
8
BLACK
6
CONTINUOUS
10
144.1893330000000049
20
-79.5595799999999969
11
144.1131429999999796
21
-79.48339
0
LINE
8
BLACK
6
CONTINUOUS
10
144.1131429999999796
20
-79.48339
11
143.9988569999999868
21
-79.4452950000000016
0
LINE
8
BLACK
6
CONTINUOUS
10
143.9988569999999868
20
-79.4452950000000016
11
143.9226659999999924
21
-79.4452950000000016
0
LINE
8
BLACK
6
CONTINUOUS
10
143.9226659999999924
20
-79.4452950000000016
11
143.8083809999999971
21
-79.48339
0
LINE
8
BLACK
6
CONTINUOUS
10
143.8083809999999971
20
-79.48339
11
143.7702850000000012
21
-79.5214849999999984
0
LINE
8
BLACK
6
CONTINUOUS
10
143.0083809999999858
20
-80.2452949999999987
11
143.4655239999999878
21
-80.2452949999999987
0
LINE
8
BLACK
6
CONTINUOUS
10
143.2369520000000023
20
-80.2452949999999987
11
143.2369520000000023
21
-79.4452950000000016
0
LINE
8
BLACK
6
CONTINUOUS
10
143.2369520000000023
20
-79.4452950000000016
11
143.3131429999999966
21
-79.5595799999999969
0
LINE
8
BLACK
6
CONTINUOUS
10
143.3131429999999966
20
-79.5595799999999969
11
143.3893329999999935
21
-79.6357709999999912
0
LINE
8
BLACK
6
CONTINUOUS
10
143.3893329999999935
20
-79.6357709999999912
11
143.4655239999999878
21
-79.6738659999999896
0
LINE
8
BLACK
6
CONTINUOUS
10
142.6274279999999806
20
-80.2452949999999987
11
142.4750469999999893
21
-80.2452949999999987
0
LINE
8
BLACK
6
CONTINUOUS
10
142.4750469999999893
20
-80.2452949999999987
11
142.3988569999999925
21
-80.2072000000000003
0
LINE
8
BLACK
6
CONTINUOUS
10
142.3988569999999925
20
-80.2072000000000003
11
142.3607609999999966
21
-80.1691039999999902
0
LINE
8
BLACK
6
CONTINUOUS
10
142.3607609999999966
20
-80.1691039999999902
11
142.2845709999999997
21
-80.0548189999999948
0
LINE
8
BLACK
6
CONTINUOUS
10
142.2845709999999997
20
-80.0548189999999948
11
142.2464760000000012
21
-79.9024379999999894
0
LINE
8
BLACK
6
CONTINUOUS
10
142.2464760000000012
20
-79.9024379999999894
11
142.2464760000000012
21
-79.5976759999999928
0
LINE
8
BLACK
6
CONTINUOUS
10
142.2464760000000012
20
-79.5976759999999928
11
142.2845709999999997
21
-79.5214849999999984
0
LINE
8
BLACK
6
CONTINUOUS
10
142.2845709999999997
20
-79.5214849999999984
11
142.3226659999999981
21
-79.48339
0
LINE
8
BLACK
6
CONTINUOUS
10
142.3226659999999981
20
-79.48339
11
142.3988569999999925
21
-79.4452950000000016
0
LINE
8
BLACK
6
CONTINUOUS
10
142.3988569999999925
20
-79.4452950000000016
11
142.5512379999999837
21
-79.4452950000000016
0
LINE
8
BLACK
6
CONTINUOUS
10
142.5512379999999837
20
-79.4452950000000016
11
142.6274279999999806
21
-79.48339
0
LINE
8
BLACK
6
CONTINUOUS
10
142.6274279999999806
20
-79.48339
11
142.6655230000000074
21
-79.5214849999999984
0
LINE
8
BLACK
6
CONTINUOUS
10
142.6655230000000074
20
-79.5214849999999984
11
142.7036190000000033
21
-79.5976759999999928
0
LINE
8
BLACK
6
CONTINUOUS
10
142.7036190000000033
20
-79.5976759999999928
11
142.7036190000000033
21
-79.7881519999999966
0
LINE
8
BLACK
6
CONTINUOUS
10
142.7036190000000033
20
-79.7881519999999966
11
142.6655230000000074
21
-79.8643419999999935
0
LINE
8
BLACK
6
CONTINUOUS
10
142.6655230000000074
20
-79.8643419999999935
11
142.6274279999999806
21
-79.9024379999999894
0
LINE
8
BLACK
6
CONTINUOUS
10
142.6274279999999806
20
-79.9024379999999894
11
142.5512379999999837
21
-79.9405330000000021
0
LINE
8
BLACK
6
CONTINUOUS
10
142.5512379999999837
20
-79.9405330000000021
11
142.3988569999999925
21
-79.9405330000000021
0
LINE
8
BLACK
6
CONTINUOUS
10
142.3988569999999925
20
-79.9405330000000021
11
142.3226659999999981
21
-79.9024379999999894
0
LINE
8
BLACK
6
CONTINUOUS
10
142.3226659999999981
20
-79.9024379999999894
11
142.2845709999999997
21
-79.8643419999999935
0
LINE
8
BLACK
6
CONTINUOUS
10
142.2845709999999997
20
-79.8643419999999935
11
142.2464760000000012
21
-79.7881519999999966
0
LINE
8
BLACK
6
CONTINUOUS
10
162.6428569999999922
20
-55.1295799999999971
11
162.6904759999999897
21
-55.1771999999999991
0
LINE
8
BLACK
6
CONTINUOUS
10
162.6904759999999897
20
-55.1771999999999991
11
162.8333329999999819
21
-55.2248189999999965
0
LINE
8
BLACK
6
CONTINUOUS
10
162.8333329999999819
20
-55.2248189999999965
11
162.9285710000000051
21
-55.2248189999999965
0
LINE
8
BLACK
6
CONTINUOUS
10
162.9285710000000051
20
-55.2248189999999965
11
163.0714279999999974
21
-55.1771999999999991
0
LINE
8
BLACK
6
CONTINUOUS
10
163.0714279999999974
20
-55.1771999999999991
11
163.1666659999999922
21
-55.0819609999999997
0
LINE
8
BLACK
6
CONTINUOUS
10
163.1666659999999922
20
-55.0819609999999997
11
163.2142849999999896
21
-54.9867229999999978
0
LINE
8
BLACK
6
CONTINUOUS
10
163.2142849999999896
20
-54.9867229999999978
11
163.261903999999987
21
-54.796247000000001
0
LINE
8
BLACK
6
CONTINUOUS
10
163.261903999999987
20
-54.796247000000001
11
163.261903999999987
21
-54.6533899999999946
0
LINE
8
BLACK
6
CONTINUOUS
10
163.261903999999987
20
-54.6533899999999946
11
163.2142849999999896
21
-54.4629139999999978
0
LINE
8
BLACK
6
CONTINUOUS
10
163.2142849999999896
20
-54.4629139999999978
11
163.1666659999999922
21
-54.3676759999999959
0
LINE
8
BLACK
6
CONTINUOUS
10
163.1666659999999922
20
-54.3676759999999959
11
163.0714279999999974
21
-54.2724380000000011
0
LINE
8
BLACK
6
CONTINUOUS
10
163.0714279999999974
20
-54.2724380000000011
11
162.9285710000000051
21
-54.2248189999999965
0
LINE
8
BLACK
6
CONTINUOUS
10
162.9285710000000051
20
-54.2248189999999965
11
162.8333329999999819
21
-54.2248189999999965
0
LINE
8
BLACK
6
CONTINUOUS
10
162.8333329999999819
20
-54.2248189999999965
11
162.6904759999999897
21
-54.2724380000000011
0
LINE
8
BLACK
6
CONTINUOUS
10
162.6904759999999897
20
-54.2724380000000011
11
162.6428569999999922
21
-54.3200569999999985
0
LINE
8
BLACK
6
CONTINUOUS
10
161.7857139999999845
20
-54.5581519999999998
11
161.7857139999999845
21
-55.2248189999999965
0
LINE
8
BLACK
6
CONTINUOUS
10
162.023809
20
-54.1771999999999991
11
162.261903999999987
21
-54.8914849999999959
0
LINE
8
BLACK
6
CONTINUOUS
10
162.261903999999987
20
-54.8914849999999959
11
161.6428569999999922
21
-54.8914849999999959
0
LINE
8
BLACK
6
CONTINUOUS
10
161.3571419999999819
20
-54.2248189999999965
11
160.7380949999999871
21
-54.2248189999999965
0
LINE
8
BLACK
6
CONTINUOUS
10
160.7380949999999871
20
-54.2248189999999965
11
161.0714279999999974
21
-54.6057709999999972
0
LINE
8
BLACK
6
CONTINUOUS
10
161.0714279999999974
20
-54.6057709999999972
11
160.9285710000000051
21
-54.6057709999999972
0
LINE
8
BLACK
6
CONTINUOUS
10
160.9285710000000051
20
-54.6057709999999972
11
160.8333329999999819
21
-54.6533899999999946
0
LINE
8
BLACK
6
CONTINUOUS
10
160.8333329999999819
20
-54.6533899999999946
11
160.7857139999999845
21
-54.7010089999999991
0
LINE
8
BLACK
6
CONTINUOUS
10
160.7857139999999845
20
-54.7010089999999991
11
160.7380949999999871
21
-54.796247000000001
0
LINE
8
BLACK
6
CONTINUOUS
10
160.7380949999999871
20
-54.796247000000001
11
160.7380949999999871
21
-55.0343419999999952
0
LINE
8
BLACK
6
CONTINUOUS
10
160.7380949999999871
20
-55.0343419999999952
11
160.7857139999999845
21
-55.1295799999999971
0
LINE
8
BLACK
6
CONTINUOUS
10
160.7857139999999845
20
-55.1295799999999971
11
160.8333329999999819
21
-55.1771999999999991
0
LINE
8
BLACK
6
CONTINUOUS
10
160.8333329999999819
20
-55.1771999999999991
11
160.9285710000000051
21
-55.2248189999999965
0
LINE
8
BLACK
6
CONTINUOUS
10
160.9285710000000051
20
-55.2248189999999965
11
161.2142849999999896
21
-55.2248189999999965
0
LINE
8
BLACK
6
CONTINUOUS
10
161.2142849999999896
20
-55.2248189999999965
11
161.3095229999999844
21
-55.1771999999999991
0
LINE
8
BLACK
6
CONTINUOUS
10
161.3095229999999844
20
-55.1771999999999991
11
161.3571419999999819
21
-55.1295799999999971
0
LINE
8
BLACK
6
CONTINUOUS
10
166.3928569999999922
20
-83.7748189999999937
11
166.7261900000000026
21
-83.2986279999999937
0
LINE
8
BLACK
6
CONTINUOUS
10
166.9642849999999896
20
-83.7748189999999937
11
166.9642849999999896
21
-82.7748189999999937
0
LINE
8
BLACK
6
CONTINUOUS
10
166.9642849999999896
20
-82.7748189999999937
11
166.5833329999999819
21
-82.7748189999999937
0
LINE
8
BLACK
6
CONTINUOUS
10
166.5833329999999819
20
-82.7748189999999937
11
166.4880949999999871
21
-82.8224379999999911
0
LINE
8
BLACK
6
CONTINUOUS
10
166.4880949999999871
20
-82.8224379999999911
11
166.4404759999999897
21
-82.8700570000000027
0
LINE
8
BLACK
6
CONTINUOUS
10
166.4404759999999897
20
-82.8700570000000027
11
166.3928569999999922
21
-82.9652949999999976
0
LINE
8
BLACK
6
CONTINUOUS
10
166.3928569999999922
20
-82.9652949999999976
11
166.3928569999999922
21
-83.1081519999999898
0
LINE
8
BLACK
6
CONTINUOUS
10
166.3928569999999922
20
-83.1081519999999898
11
166.4404759999999897
21
-83.2033899999999988
0
LINE
8
BLACK
6
CONTINUOUS
10
166.4404759999999897
20
-83.2033899999999988
11
166.4880949999999871
21
-83.2510089999999963
0
LINE
8
BLACK
6
CONTINUOUS
10
166.4880949999999871
20
-83.2510089999999963
11
166.5833329999999819
21
-83.2986279999999937
0
LINE
8
BLACK
6
CONTINUOUS
10
166.5833329999999819
20
-83.2986279999999937
11
166.9642849999999896
21
-83.2986279999999937
0
LINE
8
BLACK
6
CONTINUOUS
10
165.4404759999999897
20
-83.7748189999999937
11
166.011903999999987
21
-83.7748189999999937
0
LINE
8
BLACK
6
CONTINUOUS
10
165.7261900000000026
20
-83.7748189999999937
11
165.7261900000000026
21
-82.7748189999999937
0
LINE
8
BLACK
6
CONTINUOUS
10
165.7261900000000026
20
-82.7748189999999937
11
165.8214279999999974
21
-82.9176760000000002
0
LINE
8
BLACK
6
CONTINUOUS
10
165.8214279999999974
20
-82.9176760000000002
11
165.9166659999999922
21
-83.012913999999995
0
LINE
8
BLACK
6
CONTINUOUS
10
165.9166659999999922
20
-83.012913999999995
11
166.011903999999987
21
-83.0605329999999924
0
LINE
8
BLACK
6
CONTINUOUS
10
164.5833329999999819
20
-82.7748189999999937
11
164.773809
21
-82.7748189999999937
0
LINE
8
BLACK
6
CONTINUOUS
10
164.773809
20
-82.7748189999999937
11
164.8690469999999948
21
-82.8224379999999911
0
LINE
8
BLACK
6
CONTINUOUS
10
164.8690469999999948
20
-82.8224379999999911
11
164.9166659999999922
21
-82.8700570000000027
0
LINE
8
BLACK
6
CONTINUOUS
10
164.9166659999999922
20
-82.8700570000000027
11
165.011903999999987
21
-83.012913999999995
0
LINE
8
BLACK
6
CONTINUOUS
10
165.011903999999987
20
-83.012913999999995
11
165.0595229999999844
21
-83.2033899999999988
0
LINE
8
BLACK
6
CONTINUOUS
10
165.0595229999999844
20
-83.2033899999999988
11
165.0595229999999844
21
-83.5843419999999924
0
LINE
8
BLACK
6
CONTINUOUS
10
165.0595229999999844
20
-83.5843419999999924
11
165.011903999999987
21
-83.6795800000000014
0
LINE
8
BLACK
6
CONTINUOUS
10
165.011903999999987
20
-83.6795800000000014
11
164.9642849999999896
21
-83.7271999999999963
0
LINE
8
BLACK
6
CONTINUOUS
10
164.9642849999999896
20
-83.7271999999999963
11
164.8690469999999948
21
-83.7748189999999937
0
LINE
8
BLACK
6
CONTINUOUS
10
164.8690469999999948
20
-83.7748189999999937
11
164.6785710000000051
21
-83.7748189999999937
0
LINE
8
BLACK
6
CONTINUOUS
10
164.6785710000000051
20
-83.7748189999999937
11
164.5833329999999819
21
-83.7271999999999963
0
LINE
8
BLACK
6
CONTINUOUS
10
164.5833329999999819
20
-83.7271999999999963
11
164.5357139999999845
21
-83.6795800000000014
0
LINE
8
BLACK
6
CONTINUOUS
10
164.5357139999999845
20
-83.6795800000000014
11
164.4880949999999871
21
-83.5843419999999924
0
LINE
8
BLACK
6
CONTINUOUS
10
164.4880949999999871
20
-83.5843419999999924
11
164.4880949999999871
21
-83.3462469999999911
0
LINE
8
BLACK
6
CONTINUOUS
10
164.4880949999999871
20
-83.3462469999999911
11
164.5357139999999845
21
-83.2510089999999963
0
LINE
8
BLACK
6
CONTINUOUS
10
164.5357139999999845
20
-83.2510089999999963
11
164.5833329999999819
21
-83.2033899999999988
0
LINE
8
BLACK
6
CONTINUOUS
10
164.5833329999999819
20
-83.2033899999999988
11
164.6785710000000051
21
-83.1557710000000014
0
LINE
8
BLACK
6
CONTINUOUS
10
164.6785710000000051
20
-83.1557710000000014
11
164.8690469999999948
21
-83.1557710000000014
0
LINE
8
BLACK
6
CONTINUOUS
10
164.8690469999999948
20
-83.1557710000000014
11
164.9642849999999896
21
-83.2033899999999988
0
LINE
8
BLACK
6
CONTINUOUS
10
164.9642849999999896
20
-83.2033899999999988
11
165.011903999999987
21
-83.2510089999999963
0
LINE
8
BLACK
6
CONTINUOUS
10
165.011903999999987
20
-83.2510089999999963
11
165.0595229999999844
21
-83.3462469999999911
0
LINE
8
BLACK
6
CONTINUOUS
10
160.307818999999995
20
-49.1729050000000001
11
159.307818999999995
21
-49.1729050000000001
0
LINE
8
BLACK
6
CONTINUOUS
10
159.307818999999995
20
-49.1729050000000001
11
159.307818999999995
21
-49.4109999999999943
0
LINE
8
BLACK
6
CONTINUOUS
10
159.307818999999995
20
-49.4109999999999943
11
159.3554379999999924
21
-49.5538570000000007
0
LINE
8
BLACK
6
CONTINUOUS
10
159.3554379999999924
20
-49.5538570000000007
11
159.4506759999999872
21
-49.6490949999999955
0
LINE
8
BLACK
6
CONTINUOUS
10
159.4506759999999872
20
-49.6490949999999955
11
159.545913999999982
21
-49.6967140000000001
0
LINE
8
BLACK
6
CONTINUOUS
10
159.545913999999982
20
-49.6967140000000001
11
159.7363900000000001
21
-49.7443329999999975
0
LINE
8
BLACK
6
CONTINUOUS
10
159.7363900000000001
20
-49.7443329999999975
11
159.8792469999999923
21
-49.7443329999999975
0
LINE
8
BLACK
6
CONTINUOUS
10
159.8792469999999923
20
-49.7443329999999975
11
160.069722999999982
21
-49.6967140000000001
0
LINE
8
BLACK
6
CONTINUOUS
10
160.069722999999982
20
-49.6967140000000001
11
160.1649610000000052
21
-49.6490949999999955
0
LINE
8
BLACK
6
CONTINUOUS
10
160.1649610000000052
20
-49.6490949999999955
11
160.2601999999999975
21
-49.5538570000000007
0
LINE
8
BLACK
6
CONTINUOUS
10
160.2601999999999975
20
-49.5538570000000007
11
160.307818999999995
21
-49.4109999999999943
0
LINE
8
BLACK
6
CONTINUOUS
10
160.307818999999995
20
-49.4109999999999943
11
160.307818999999995
21
-49.1729050000000001
0
LINE
8
BLACK
6
CONTINUOUS
10
159.4030569999999898
20
-50.1252859999999956
11
159.3554379999999924
21
-50.1729050000000001
0
LINE
8
BLACK
6
CONTINUOUS
10
159.3554379999999924
20
-50.1729050000000001
11
159.307818999999995
21
-50.2681429999999949
0
LINE
8
BLACK
6
CONTINUOUS
10
159.307818999999995
20
-50.2681429999999949
11
159.307818999999995
21
-50.5062379999999962
0
LINE
8
BLACK
6
CONTINUOUS
10
159.307818999999995
20
-50.5062379999999962
11
159.3554379999999924
21
-50.6014759999999981
0
LINE
8
BLACK
6
CONTINUOUS
10
159.3554379999999924
20
-50.6014759999999981
11
159.4030569999999898
21
-50.6490949999999955
0
LINE
8
BLACK
6
CONTINUOUS
10
159.4030569999999898
20
-50.6490949999999955
11
159.4982949999999846
21
-50.6967140000000001
0
LINE
8
BLACK
6
CONTINUOUS
10
159.4982949999999846
20
-50.6967140000000001
11
159.5935329999999794
21
-50.6967140000000001
0
LINE
8
BLACK
6
CONTINUOUS
10
159.5935329999999794
20
-50.6967140000000001
11
159.7363900000000001
21
-50.6490949999999955
0
LINE
8
BLACK
6
CONTINUOUS
10
159.7363900000000001
20
-50.6490949999999955
11
160.307818999999995
21
-50.0776669999999982
0
LINE
8
BLACK
6
CONTINUOUS
10
160.307818999999995
20
-50.0776669999999982
11
160.307818999999995
21
-50.6967140000000001
0
LINE
8
BLACK
6
CONTINUOUS
10
146.8441039999999873
20
-66.7957140000000038
11
146.8821999999999832
21
-66.7576179999999937
0
LINE
8
BLACK
6
CONTINUOUS
10
146.8821999999999832
20
-66.7576179999999937
11
146.9202949999999817
21
-66.6433329999999984
0
LINE
8
BLACK
6
CONTINUOUS
10
146.9202949999999817
20
-66.6433329999999984
11
146.9202949999999817
21
-66.567142000000004
0
LINE
8
BLACK
6
CONTINUOUS
10
146.9202949999999817
20
-66.567142000000004
11
146.8821999999999832
21
-66.452855999999997
0
LINE
8
BLACK
6
CONTINUOUS
10
146.8821999999999832
20
-66.452855999999997
11
146.8060089999999889
21
-66.3766660000000002
0
LINE
8
BLACK
6
CONTINUOUS
10
146.8060089999999889
20
-66.3766660000000002
11
146.729818999999992
21
-66.3385710000000017
0
LINE
8
BLACK
6
CONTINUOUS
10
146.729818999999992
20
-66.3385710000000017
11
146.5774380000000008
21
-66.3004749999999916
0
LINE
8
BLACK
6
CONTINUOUS
10
146.5774380000000008
20
-66.3004749999999916
11
146.4631519999999796
21
-66.3004749999999916
0
LINE
8
BLACK
6
CONTINUOUS
10
146.4631519999999796
20
-66.3004749999999916
11
146.3107709999999884
21
-66.3385710000000017
0
LINE
8
BLACK
6
CONTINUOUS
10
146.3107709999999884
20
-66.3385710000000017
11
146.234579999999994
21
-66.3766660000000002
0
LINE
8
BLACK
6
CONTINUOUS
10
146.234579999999994
20
-66.3766660000000002
11
146.1583899999999971
21
-66.452855999999997
0
LINE
8
BLACK
6
CONTINUOUS
10
146.1583899999999971
20
-66.452855999999997
11
146.1202949999999987
21
-66.567142000000004
0
LINE
8
BLACK
6
CONTINUOUS
10
146.1202949999999987
20
-66.567142000000004
11
146.1202949999999987
21
-66.6433329999999984
0
LINE
8
BLACK
6
CONTINUOUS
10
146.1202949999999987
20
-66.6433329999999984
11
146.1583899999999971
21
-66.7576179999999937
0
LINE
8
BLACK
6
CONTINUOUS
10
146.1583899999999971
20
-66.7576179999999937
11
146.1964849999999956
21
-66.7957140000000038
0
LINE
8
BLACK
6
CONTINUOUS
10
146.1964849999999956
20
-67.100475000000003
11
146.1583899999999971
21
-67.1385709999999989
0
LINE
8
BLACK
6
CONTINUOUS
10
146.1583899999999971
20
-67.1385709999999989
11
146.1202949999999987
21
-67.2147609999999958
0
LINE
8
BLACK
6
CONTINUOUS
10
146.1202949999999987
20
-67.2147609999999958
11
146.1202949999999987
21
-67.4052369999999996
0
LINE
8
BLACK
6
CONTINUOUS
10
146.1202949999999987
20
-67.4052369999999996
11
146.1583899999999971
21
-67.481427999999994
0
LINE
8
BLACK
6
CONTINUOUS
10
146.1583899999999971
20
-67.481427999999994
11
146.1964849999999956
21
-67.5195229999999924
0
LINE
8
BLACK
6
CONTINUOUS
10
146.1964849999999956
20
-67.5195229999999924
11
146.2726759999999899
21
-67.5576179999999908
0
LINE
8
BLACK
6
CONTINUOUS
10
146.2726759999999899
20
-67.5576179999999908
11
146.3488659999999868
21
-67.5576179999999908
0
LINE
8
BLACK
6
CONTINUOUS
10
146.3488659999999868
20
-67.5576179999999908
11
146.4631519999999796
21
-67.5195229999999924
0
LINE
8
BLACK
6
CONTINUOUS
10
146.4631519999999796
20
-67.5195229999999924
11
146.9202949999999817
21
-67.0623799999999903
0
LINE
8
BLACK
6
CONTINUOUS
10
146.9202949999999817
20
-67.0623799999999903
11
146.9202949999999817
21
-67.5576179999999908
0
LINE
8
BLACK
6
CONTINUOUS
10
146.1202949999999987
20
-68.052857000000003
11
146.1202949999999987
21
-68.1290469999999999
0
LINE
8
BLACK
6
CONTINUOUS
10
146.1202949999999987
20
-68.1290469999999999
11
146.1583899999999971
21
-68.2052379999999943
0
LINE
8
BLACK
6
CONTINUOUS
10
146.1583899999999971
20
-68.2052379999999943
11
146.1964849999999956
21
-68.2433329999999927
0
LINE
8
BLACK
6
CONTINUOUS
10
146.1964849999999956
20
-68.2433329999999927
11
146.2726759999999899
21
-68.2814279999999911
0
LINE
8
BLACK
6
CONTINUOUS
10
146.2726759999999899
20
-68.2814279999999911
11
146.4250569999999811
21
-68.3195230000000038
0
LINE
8
BLACK
6
CONTINUOUS
10
146.4250569999999811
20
-68.3195230000000038
11
146.6155329999999992
21
-68.3195230000000038
0
LINE
8
BLACK
6
CONTINUOUS
10
146.6155329999999992
20
-68.3195230000000038
11
146.7679139999999904
21
-68.2814279999999911
0
LINE
8
BLACK
6
CONTINUOUS
10
146.7679139999999904
20
-68.2814279999999911
11
146.8441039999999873
21
-68.2433329999999927
0
LINE
8
BLACK
6
CONTINUOUS
10
146.8441039999999873
20
-68.2433329999999927
11
146.8821999999999832
21
-68.2052379999999943
0
LINE
8
BLACK
6
CONTINUOUS
10
146.8821999999999832
20
-68.2052379999999943
11
146.9202949999999817
21
-68.1290469999999999
0
LINE
8
BLACK
6
CONTINUOUS
10
146.9202949999999817
20
-68.1290469999999999
11
146.9202949999999817
21
-68.052857000000003
0
LINE
8
BLACK
6
CONTINUOUS
10
146.9202949999999817
20
-68.052857000000003
11
146.8821999999999832
21
-67.9766659999999945
0
LINE
8
BLACK
6
CONTINUOUS
10
146.8821999999999832
20
-67.9766659999999945
11
146.8441039999999873
21
-67.938570999999996
0
LINE
8
BLACK
6
CONTINUOUS
10
146.8441039999999873
20
-67.938570999999996
11
146.7679139999999904
21
-67.9004759999999976
0
LINE
8
BLACK
6
CONTINUOUS
10
146.7679139999999904
20
-67.9004759999999976
11
146.6155329999999992
21
-67.8623800000000017
0
LINE
8
BLACK
6
CONTINUOUS
10
146.6155329999999992
20
-67.8623800000000017
11
146.4250569999999811
21
-67.8623800000000017
0
LINE
8
BLACK
6
CONTINUOUS
10
146.4250569999999811
20
-67.8623800000000017
11
146.2726759999999899
21
-67.9004759999999976
0
LINE
8
BLACK
6
CONTINUOUS
10
146.2726759999999899
20
-67.9004759999999976
11
146.1964849999999956
21
-67.938570999999996
0
LINE
8
BLACK
6
CONTINUOUS
10
146.1964849999999956
20
-67.938570999999996
11
146.1583899999999971
21
-67.9766659999999945
0
LINE
8
BLACK
6
CONTINUOUS
10
146.1583899999999971
20
-67.9766659999999945
11
146.1202949999999987
21
-68.052857000000003
0
LINE
8
BLACK
6
CONTINUOUS
10
129.9619040000000041
20
-67.2728189999999984
11
129.9619040000000041
21
-68.082341999999997
0
LINE
8
BLACK
6
CONTINUOUS
10
129.9619040000000041
20
-68.082341999999997
11
129.9142850000000067
21
-68.1775799999999919
0
LINE
8
BLACK
6
CONTINUOUS
10
129.9142850000000067
20
-68.1775799999999919
11
129.8666659999999808
21
-68.225200000000001
0
LINE
8
BLACK
6
CONTINUOUS
10
129.8666659999999808
20
-68.225200000000001
11
129.771427999999986
21
-68.2728189999999984
0
LINE
8
BLACK
6
CONTINUOUS
10
129.771427999999986
20
-68.2728189999999984
11
129.5809519999999964
21
-68.2728189999999984
0
LINE
8
BLACK
6
CONTINUOUS
10
129.5809519999999964
20
-68.2728189999999984
11
129.4857140000000015
21
-68.225200000000001
0
LINE
8
BLACK
6
CONTINUOUS
10
129.4857140000000015
20
-68.225200000000001
11
129.4380950000000041
21
-68.1775799999999919
0
LINE
8
BLACK
6
CONTINUOUS
10
129.4380950000000041
20
-68.1775799999999919
11
129.3904760000000067
21
-68.082341999999997
0
LINE
8
BLACK
6
CONTINUOUS
10
129.3904760000000067
20
-68.082341999999997
11
129.3904760000000067
21
-67.2728189999999984
0
LINE
8
BLACK
6
CONTINUOUS
10
128.9619040000000041
20
-67.3680569999999932
11
128.9142850000000067
21
-67.3204379999999958
0
LINE
8
BLACK
6
CONTINUOUS
10
128.9142850000000067
20
-67.3204379999999958
11
128.8190469999999834
21
-67.2728189999999984
0
LINE
8
BLACK
6
CONTINUOUS
10
128.8190469999999834
20
-67.2728189999999984
11
128.5809519999999964
21
-67.2728189999999984
0
LINE
8
BLACK
6
CONTINUOUS
10
128.5809519999999964
20
-67.2728189999999984
11
128.4857140000000015
21
-67.3204379999999958
0
LINE
8
BLACK
6
CONTINUOUS
10
128.4857140000000015
20
-67.3204379999999958
11
128.4380950000000041
21
-67.3680569999999932
0
LINE
8
BLACK
6
CONTINUOUS
10
128.4380950000000041
20
-67.3680569999999932
11
128.3904760000000067
21
-67.4632950000000022
0
LINE
8
BLACK
6
CONTINUOUS
10
128.3904760000000067
20
-67.4632950000000022
11
128.3904760000000067
21
-67.5585329999999971
0
LINE
8
BLACK
6
CONTINUOUS
10
128.3904760000000067
20
-67.5585329999999971
11
128.4380950000000041
21
-67.7013900000000035
0
LINE
8
BLACK
6
CONTINUOUS
10
128.4380950000000041
20
-67.7013900000000035
11
129.0095230000000015
21
-68.2728189999999984
0
LINE
8
BLACK
6
CONTINUOUS
10
129.0095230000000015
20
-68.2728189999999984
11
128.3904760000000067
21
-68.2728189999999984
0
LINE
8
BLACK
6
CONTINUOUS
10
135.6428569999999922
20
-72.7895800000000008
11
135.6904759999999897
21
-72.8371999999999957
0
LINE
8
BLACK
6
CONTINUOUS
10
135.6904759999999897
20
-72.8371999999999957
11
135.8333329999999819
21
-72.8848189999999931
0
LINE
8
BLACK
6
CONTINUOUS
10
135.8333329999999819
20
-72.8848189999999931
11
135.9285710000000051
21
-72.8848189999999931
0
LINE
8
BLACK
6
CONTINUOUS
10
135.9285710000000051
20
-72.8848189999999931
11
136.0714279999999974
21
-72.8371999999999957
0
LINE
8
BLACK
6
CONTINUOUS
10
136.0714279999999974
20
-72.8371999999999957
11
136.1666659999999922
21
-72.7419610000000034
0
LINE
8
BLACK
6
CONTINUOUS
10
136.1666659999999922
20
-72.7419610000000034
11
136.2142849999999896
21
-72.6467229999999944
0
LINE
8
BLACK
6
CONTINUOUS
10
136.2142849999999896
20
-72.6467229999999944
11
136.261903999999987
21
-72.4562469999999905
0
LINE
8
BLACK
6
CONTINUOUS
10
136.261903999999987
20
-72.4562469999999905
11
136.261903999999987
21
-72.3133899999999983
0
LINE
8
BLACK
6
CONTINUOUS
10
136.261903999999987
20
-72.3133899999999983
11
136.2142849999999896
21
-72.1229139999999944
0
LINE
8
BLACK
6
CONTINUOUS
10
136.2142849999999896
20
-72.1229139999999944
11
136.1666659999999922
21
-72.0276759999999996
0
LINE
8
BLACK
6
CONTINUOUS
10
136.1666659999999922
20
-72.0276759999999996
11
136.0714279999999974
21
-71.9324379999999906
0
LINE
8
BLACK
6
CONTINUOUS
10
136.0714279999999974
20
-71.9324379999999906
11
135.9285710000000051
21
-71.8848189999999931
0
LINE
8
BLACK
6
CONTINUOUS
10
135.9285710000000051
20
-71.8848189999999931
11
135.8333329999999819
21
-71.8848189999999931
0
LINE
8
BLACK
6
CONTINUOUS
10
135.8333329999999819
20
-71.8848189999999931
11
135.6904759999999897
21
-71.9324379999999906
0
LINE
8
BLACK
6
CONTINUOUS
10
135.6904759999999897
20
-71.9324379999999906
11
135.6428569999999922
21
-71.9800570000000022
0
LINE
8
BLACK
6
CONTINUOUS
10
134.7380949999999871
20
-71.8848189999999931
11
135.2142849999999896
21
-71.8848189999999931
0
LINE
8
BLACK
6
CONTINUOUS
10
135.2142849999999896
20
-71.8848189999999931
11
135.261903999999987
21
-72.3610089999999957
0
LINE
8
BLACK
6
CONTINUOUS
10
135.261903999999987
20
-72.3610089999999957
11
135.2142849999999896
21
-72.3133899999999983
0
LINE
8
BLACK
6
CONTINUOUS
10
135.2142849999999896
20
-72.3133899999999983
11
135.1190469999999948
21
-72.2657710000000009
0
LINE
8
BLACK
6
CONTINUOUS
10
135.1190469999999948
20
-72.2657710000000009
11
134.8809520000000077
21
-72.2657710000000009
0
LINE
8
BLACK
6
CONTINUOUS
10
134.8809520000000077
20
-72.2657710000000009
11
134.7857139999999845
21
-72.3133899999999983
0
LINE
8
BLACK
6
CONTINUOUS
10
134.7857139999999845
20
-72.3133899999999983
11
134.7380949999999871
21
-72.3610089999999957
0
LINE
8
BLACK
6
CONTINUOUS
10
134.7380949999999871
20
-72.3610089999999957
11
134.6904759999999897
21
-72.4562469999999905
0
LINE
8
BLACK
6
CONTINUOUS
10
134.6904759999999897
20
-72.4562469999999905
11
134.6904759999999897
21
-72.6943419999999918
0
LINE
8
BLACK
6
CONTINUOUS
10
134.6904759999999897
20
-72.6943419999999918
11
134.7380949999999871
21
-72.7895800000000008
0
LINE
8
BLACK
6
CONTINUOUS
10
134.7380949999999871
20
-72.7895800000000008
11
134.7857139999999845
21
-72.8371999999999957
0
LINE
8
BLACK
6
CONTINUOUS
10
134.7857139999999845
20
-72.8371999999999957
11
134.8809520000000077
21
-72.8848189999999931
0
LINE
8
BLACK
6
CONTINUOUS
10
134.8809520000000077
20
-72.8848189999999931
11
135.1190469999999948
21
-72.8848189999999931
0
LINE
8
BLACK
6
CONTINUOUS
10
135.1190469999999948
20
-72.8848189999999931
11
135.2142849999999896
21
-72.8371999999999957
0
LINE
8
BLACK
6
CONTINUOUS
10
135.2142849999999896
20
-72.8371999999999957
11
135.261903999999987
21
-72.7895800000000008
0
LINE
8
BLACK
6
CONTINUOUS
10
133.7380949999999871
20
-72.8848189999999931
11
134.3095229999999844
21
-72.8848189999999931
0
LINE
8
BLACK
6
CONTINUOUS
10
134.023809
20
-72.8848189999999931
11
134.023809
21
-71.8848189999999931
0
LINE
8
BLACK
6
CONTINUOUS
10
134.023809
20
-71.8848189999999931
11
134.1190469999999948
21
-72.0276759999999996
0
LINE
8
BLACK
6
CONTINUOUS
10
134.1190469999999948
20
-72.0276759999999996
11
134.2142849999999896
21
-72.1229139999999944
0
LINE
8
BLACK
6
CONTINUOUS
10
134.2142849999999896
20
-72.1229139999999944
11
134.3095229999999844
21
-72.1705329999999918
0
LINE
8
BLACK
6
CONTINUOUS
10
164.4435799999999972
20
-100.67133299999999
11
164.4911999999999921
21
-100.6237139999999926
0
LINE
8
BLACK
6
CONTINUOUS
10
164.4911999999999921
20
-100.6237139999999926
11
164.5388189999999895
21
-100.4808570000000003
0
LINE
8
BLACK
6
CONTINUOUS
10
164.5388189999999895
20
-100.4808570000000003
11
164.5388189999999895
21
-100.3856189999999913
0
LINE
8
BLACK
6
CONTINUOUS
10
164.5388189999999895
20
-100.3856189999999913
11
164.4911999999999921
21
-100.242761999999999
0
LINE
8
BLACK
6
CONTINUOUS
10
164.4911999999999921
20
-100.242761999999999
11
164.3959609999999998
21
-100.14752399999999
0
LINE
8
BLACK
6
CONTINUOUS
10
164.3959609999999998
20
-100.14752399999999
11
164.300723000000005
21
-100.0999049999999926
0
LINE
8
BLACK
6
CONTINUOUS
10
164.300723000000005
20
-100.0999049999999926
11
164.1102469999999869
21
-100.0522859999999952
0
LINE
8
BLACK
6
CONTINUOUS
10
164.1102469999999869
20
-100.0522859999999952
11
163.9673899999999946
21
-100.0522859999999952
0
LINE
8
BLACK
6
CONTINUOUS
10
163.9673899999999946
20
-100.0522859999999952
11
163.776914000000005
21
-100.0999049999999926
0
LINE
8
BLACK
6
CONTINUOUS
10
163.776914000000005
20
-100.0999049999999926
11
163.6816759999999817
21
-100.14752399999999
0
LINE
8
BLACK
6
CONTINUOUS
10
163.6816759999999817
20
-100.14752399999999
11
163.5864379999999869
21
-100.242761999999999
0
LINE
8
BLACK
6
CONTINUOUS
10
163.5864379999999869
20
-100.242761999999999
11
163.5388189999999895
21
-100.3856189999999913
0
LINE
8
BLACK
6
CONTINUOUS
10
163.5388189999999895
20
-100.3856189999999913
11
163.5388189999999895
21
-100.4808570000000003
0
LINE
8
BLACK
6
CONTINUOUS
10
163.5388189999999895
20
-100.4808570000000003
11
163.5864379999999869
21
-100.6237139999999926
0
LINE
8
BLACK
6
CONTINUOUS
10
163.5864379999999869
20
-100.6237139999999926
11
163.6340569999999843
21
-100.67133299999999
0
LINE
8
BLACK
6
CONTINUOUS
10
164.5388189999999895
20
-101.14752399999999
11
164.5388189999999895
21
-101.3379999999999939
0
LINE
8
BLACK
6
CONTINUOUS
10
164.5388189999999895
20
-101.3379999999999939
11
164.4911999999999921
21
-101.4332379999999887
0
LINE
8
BLACK
6
CONTINUOUS
10
164.4911999999999921
20
-101.4332379999999887
11
164.4435799999999972
21
-101.4808570000000003
0
LINE
8
BLACK
6
CONTINUOUS
10
164.4435799999999972
20
-101.4808570000000003
11
164.300723000000005
21
-101.5760949999999951
0
LINE
8
BLACK
6
CONTINUOUS
10
164.300723000000005
20
-101.5760949999999951
11
164.1102469999999869
21
-101.6237139999999926
0
LINE
8
BLACK
6
CONTINUOUS
10
164.1102469999999869
20
-101.6237139999999926
11
163.7292949999999792
21
-101.6237139999999926
0
LINE
8
BLACK
6
CONTINUOUS
10
163.7292949999999792
20
-101.6237139999999926
11
163.6340569999999843
21
-101.5760949999999951
0
LINE
8
BLACK
6
CONTINUOUS
10
163.6340569999999843
20
-101.5760949999999951
11
163.5864379999999869
21
-101.5284759999999977
0
LINE
8
BLACK
6
CONTINUOUS
10
163.5864379999999869
20
-101.5284759999999977
11
163.5388189999999895
21
-101.4332379999999887
0
LINE
8
BLACK
6
CONTINUOUS
10
163.5388189999999895
20
-101.4332379999999887
11
163.5388189999999895
21
-101.242761999999999
0
LINE
8
BLACK
6
CONTINUOUS
10
163.5388189999999895
20
-101.242761999999999
11
163.5864379999999869
21
-101.14752399999999
0
LINE
8
BLACK
6
CONTINUOUS
10
163.5864379999999869
20
-101.14752399999999
11
163.6340569999999843
21
-101.0999049999999926
0
LINE
8
BLACK
6
CONTINUOUS
10
163.6340569999999843
20
-101.0999049999999926
11
163.7292949999999792
21
-101.0522859999999952
0
LINE
8
BLACK
6
CONTINUOUS
10
163.7292949999999792
20
-101.0522859999999952
11
163.9673899999999946
21
-101.0522859999999952
0
LINE
8
BLACK
6
CONTINUOUS
10
163.9673899999999946
20
-101.0522859999999952
11
164.0626279999999895
21
-101.0999049999999926
0
LINE
8
BLACK
6
CONTINUOUS
10
164.0626279999999895
20
-101.0999049999999926
11
164.1102469999999869
21
-101.14752399999999
0
LINE
8
BLACK
6
CONTINUOUS
10
164.1102469999999869
20
-101.14752399999999
11
164.1578659999999843
21
-101.242761999999999
0
LINE
8
BLACK
6
CONTINUOUS
10
164.1578659999999843
20
-101.242761999999999
11
164.1578659999999843
21
-101.4332379999999887
0
LINE
8
BLACK
6
CONTINUOUS
10
164.1578659999999843
20
-101.4332379999999887
11
164.1102469999999869
21
-101.5284759999999977
0
LINE
8
BLACK
6
CONTINUOUS
10
164.1102469999999869
20
-101.5284759999999977
11
164.0626279999999895
21
-101.5760949999999951
0
LINE
8
BLACK
6
CONTINUOUS
10
164.0626279999999895
20
-101.5760949999999951
11
163.9673899999999946
21
-101.6237139999999926
0
LINE
8
BLACK
6
CONTINUOUS
10
169.9998190000000022
20
-91.3051419999999894
11
169.5236280000000022
21
-90.9718089999999933
0
LINE
8
BLACK
6
CONTINUOUS
10
169.9998190000000022
20
-90.733713999999992
11
168.9998190000000022
21
-90.733713999999992
0
LINE
8
BLACK
6
CONTINUOUS
10
168.9998190000000022
20
-90.733713999999992
11
168.9998190000000022
21
-91.1146659999999997
0
LINE
8
BLACK
6
CONTINUOUS
10
168.9998190000000022
20
-91.1146659999999997
11
169.0474379999999996
21
-91.2099039999999945
0
LINE
8
BLACK
6
CONTINUOUS
10
169.0474379999999996
20
-91.2099039999999945
11
169.0950569999999971
21
-91.257522999999992
0
LINE
8
BLACK
6
CONTINUOUS
10
169.0950569999999971
20
-91.257522999999992
11
169.1902949999999919
21
-91.3051419999999894
0
LINE
8
BLACK
6
CONTINUOUS
10
169.1902949999999919
20
-91.3051419999999894
11
169.3331519999999841
21
-91.3051419999999894
0
LINE
8
BLACK
6
CONTINUOUS
10
169.3331519999999841
20
-91.3051419999999894
11
169.428389999999979
21
-91.257522999999992
0
LINE
8
BLACK
6
CONTINUOUS
10
169.428389999999979
20
-91.257522999999992
11
169.4760090000000048
21
-91.2099039999999945
0
LINE
8
BLACK
6
CONTINUOUS
10
169.4760090000000048
20
-91.2099039999999945
11
169.5236280000000022
21
-91.1146659999999997
0
LINE
8
BLACK
6
CONTINUOUS
10
169.5236280000000022
20
-91.1146659999999997
11
169.5236280000000022
21
-90.733713999999992
0
LINE
8
BLACK
6
CONTINUOUS
10
169.9998190000000022
20
-92.257522999999992
11
169.9998190000000022
21
-91.6860949999999946
0
LINE
8
BLACK
6
CONTINUOUS
10
169.9998190000000022
20
-91.9718089999999933
11
168.9998190000000022
21
-91.9718089999999933
0
LINE
8
BLACK
6
CONTINUOUS
10
168.9998190000000022
20
-91.9718089999999933
11
169.1426759999999945
21
-91.8765709999999984
0
LINE
8
BLACK
6
CONTINUOUS
10
169.1426759999999945
20
-91.8765709999999984
11
169.2379139999999893
21
-91.7813329999999894
0
LINE
8
BLACK
6
CONTINUOUS
10
169.2379139999999893
20
-91.7813329999999894
11
169.2855329999999867
21
-91.6860949999999946
0
LINE
8
BLACK
6
CONTINUOUS
10
169.3331519999999841
20
-93.1146659999999997
11
169.9998190000000022
21
-93.1146659999999997
0
LINE
8
BLACK
6
CONTINUOUS
10
168.9522000000000048
20
-92.8765709999999984
11
169.6664849999999944
21
-92.6384759999999972
0
LINE
8
BLACK
6
CONTINUOUS
10
169.6664849999999944
20
-92.6384759999999972
11
169.6664849999999944
21
-93.257522999999992
0
LINE
8
BLACK
6
CONTINUOUS
10
134.7255800000000079
20
-74.0871420000000001
11
134.7732000000000028
21
-74.0395230000000026
0
LINE
8
BLACK
6
CONTINUOUS
10
134.7732000000000028
20
-74.0395230000000026
11
134.8208190000000002
21
-73.8966659999999962
0
LINE
8
BLACK
6
CONTINUOUS
10
134.8208190000000002
20
-73.8966659999999962
11
134.8208190000000002
21
-73.8014280000000014
0
LINE
8
BLACK
6
CONTINUOUS
10
134.8208190000000002
20
-73.8014280000000014
11
134.7732000000000028
21
-73.6585709999999949
0
LINE
8
BLACK
6
CONTINUOUS
10
134.7732000000000028
20
-73.6585709999999949
11
134.6779609999999821
21
-73.5633330000000001
0
LINE
8
BLACK
6
CONTINUOUS
10
134.6779609999999821
20
-73.5633330000000001
11
134.5827229999999872
21
-73.5157140000000027
0
LINE
8
BLACK
6
CONTINUOUS
10
134.5827229999999872
20
-73.5157140000000027
11
134.3922469999999976
21
-73.468094999999991
0
LINE
8
BLACK
6
CONTINUOUS
10
134.3922469999999976
20
-73.468094999999991
11
134.2493900000000053
21
-73.468094999999991
0
LINE
8
BLACK
6
CONTINUOUS
10
134.2493900000000053
20
-73.468094999999991
11
134.0589139999999873
21
-73.5157140000000027
0
LINE
8
BLACK
6
CONTINUOUS
10
134.0589139999999873
20
-73.5157140000000027
11
133.9636759999999924
21
-73.5633330000000001
0
LINE
8
BLACK
6
CONTINUOUS
10
133.9636759999999924
20
-73.5633330000000001
11
133.8684379999999976
21
-73.6585709999999949
0
LINE
8
BLACK
6
CONTINUOUS
10
133.8684379999999976
20
-73.6585709999999949
11
133.8208190000000002
21
-73.8014280000000014
0
LINE
8
BLACK
6
CONTINUOUS
10
133.8208190000000002
20
-73.8014280000000014
11
133.8208190000000002
21
-73.8966659999999962
0
LINE
8
BLACK
6
CONTINUOUS
10
133.8208190000000002
20
-73.8966659999999962
11
133.8684379999999976
21
-74.0395230000000026
0
LINE
8
BLACK
6
CONTINUOUS
10
133.8684379999999976
20
-74.0395230000000026
11
133.916056999999995
21
-74.0871420000000001
0
LINE
8
BLACK
6
CONTINUOUS
10
133.8208190000000002
20
-74.4204759999999936
11
133.8208190000000002
21
-75.0395230000000026
0
LINE
8
BLACK
6
CONTINUOUS
10
133.8208190000000002
20
-75.0395230000000026
11
134.2017710000000079
21
-74.7061899999999923
0
LINE
8
BLACK
6
CONTINUOUS
10
134.2017710000000079
20
-74.7061899999999923
11
134.2017710000000079
21
-74.8490469999999988
0
LINE
8
BLACK
6
CONTINUOUS
10
134.2017710000000079
20
-74.8490469999999988
11
134.2493900000000053
21
-74.9442849999999936
0
LINE
8
BLACK
6
CONTINUOUS
10
134.2493900000000053
20
-74.9442849999999936
11
134.2970090000000027
21
-74.991903999999991
0
LINE
8
BLACK
6
CONTINUOUS
10
134.2970090000000027
20
-74.991903999999991
11
134.3922469999999976
21
-75.0395230000000026
0
LINE
8
BLACK
6
CONTINUOUS
10
134.3922469999999976
20
-75.0395230000000026
11
134.6303419999999846
21
-75.0395230000000026
0
LINE
8
BLACK
6
CONTINUOUS
10
134.6303419999999846
20
-75.0395230000000026
11
134.7255800000000079
21
-74.991903999999991
0
LINE
8
BLACK
6
CONTINUOUS
10
134.7255800000000079
20
-74.991903999999991
11
134.7732000000000028
21
-74.9442849999999936
0
LINE
8
BLACK
6
CONTINUOUS
10
134.7732000000000028
20
-74.9442849999999936
11
134.8208190000000002
21
-74.8490469999999988
0
LINE
8
BLACK
6
CONTINUOUS
10
134.8208190000000002
20
-74.8490469999999988
11
134.8208190000000002
21
-74.5633330000000001
0
LINE
8
BLACK
6
CONTINUOUS
10
134.8208190000000002
20
-74.5633330000000001
11
134.7732000000000028
21
-74.468094999999991
0
LINE
8
BLACK
6
CONTINUOUS
10
134.7732000000000028
20
-74.468094999999991
11
134.7255800000000079
21
-74.4204759999999936
0
LINE
8
BLACK
6
CONTINUOUS
10
133.8208190000000002
20
-75.3728569999999962
11
133.8208190000000002
21
-75.991903999999991
0
LINE
8
BLACK
6
CONTINUOUS
10
133.8208190000000002
20
-75.991903999999991
11
134.2017710000000079
21
-75.6585709999999949
0
LINE
8
BLACK
6
CONTINUOUS
10
134.2017710000000079
20
-75.6585709999999949
11
134.2017710000000079
21
-75.8014280000000014
0
LINE
8
BLACK
6
CONTINUOUS
10
134.2017710000000079
20
-75.8014280000000014
11
134.2493900000000053
21
-75.8966659999999962
0
LINE
8
BLACK
6
CONTINUOUS
10
134.2493900000000053
20
-75.8966659999999962
11
134.2970090000000027
21
-75.9442849999999936
0
LINE
8
BLACK
6
CONTINUOUS
10
134.2970090000000027
20
-75.9442849999999936
11
134.3922469999999976
21
-75.991903999999991
0
LINE
8
BLACK
6
CONTINUOUS
10
134.3922469999999976
20
-75.991903999999991
11
134.6303419999999846
21
-75.991903999999991
0
LINE
8
BLACK
6
CONTINUOUS
10
134.6303419999999846
20
-75.991903999999991
11
134.7255800000000079
21
-75.9442849999999936
0
LINE
8
BLACK
6
CONTINUOUS
10
134.7255800000000079
20
-75.9442849999999936
11
134.7732000000000028
21
-75.8966659999999962
0
LINE
8
BLACK
6
CONTINUOUS
10
134.7732000000000028
20
-75.8966659999999962
11
134.8208190000000002
21
-75.8014280000000014
0
LINE
8
BLACK
6
CONTINUOUS
10
134.8208190000000002
20
-75.8014280000000014
11
134.8208190000000002
21
-75.5157140000000027
0
LINE
8
BLACK
6
CONTINUOUS
10
134.8208190000000002
20
-75.5157140000000027
11
134.7732000000000028
21
-75.4204759999999936
0
LINE
8
BLACK
6
CONTINUOUS
10
134.7732000000000028
20
-75.4204759999999936
11
134.7255800000000079
21
-75.3728569999999962
0
LINE
8
BLACK
6
CONTINUOUS
10
141.6446660000000008
20
-55.064819
11
141.9779989999999827
21
-54.5886279999999999
0
LINE
8
BLACK
6
CONTINUOUS
10
142.2160939999999982
20
-55.064819
11
142.2160939999999982
21
-54.064819
0
LINE
8
BLACK
6
CONTINUOUS
10
142.2160939999999982
20
-54.064819
11
141.8351419999999905
21
-54.064819
0
LINE
8
BLACK
6
CONTINUOUS
10
141.8351419999999905
20
-54.064819
11
141.7399039999999957
21
-54.1124379999999974
0
LINE
8
BLACK
6
CONTINUOUS
10
141.7399039999999957
20
-54.1124379999999974
11
141.6922849999999983
21
-54.1600569999999948
0
LINE
8
BLACK
6
CONTINUOUS
10
141.6922849999999983
20
-54.1600569999999948
11
141.6446660000000008
21
-54.2552949999999967
0
LINE
8
BLACK
6
CONTINUOUS
10
141.6446660000000008
20
-54.2552949999999967
11
141.6446660000000008
21
-54.3981519999999961
0
LINE
8
BLACK
6
CONTINUOUS
10
141.6446660000000008
20
-54.3981519999999961
11
141.6922849999999983
21
-54.493389999999998
0
LINE
8
BLACK
6
CONTINUOUS
10
141.6922849999999983
20
-54.493389999999998
11
141.7399039999999957
21
-54.5410089999999954
0
LINE
8
BLACK
6
CONTINUOUS
10
141.7399039999999957
20
-54.5410089999999954
11
141.8351419999999905
21
-54.5886279999999999
0
LINE
8
BLACK
6
CONTINUOUS
10
141.8351419999999905
20
-54.5886279999999999
11
142.2160939999999982
21
-54.5886279999999999
0
LINE
8
BLACK
6
CONTINUOUS
10
141.3113319999999931
20
-54.064819
11
140.6922849999999983
21
-54.064819
0
LINE
8
BLACK
6
CONTINUOUS
10
140.6922849999999983
20
-54.064819
11
141.0256179999999802
21
-54.4457710000000006
0
LINE
8
BLACK
6
CONTINUOUS
10
141.0256179999999802
20
-54.4457710000000006
11
140.8827609999999879
21
-54.4457710000000006
0
LINE
8
BLACK
6
CONTINUOUS
10
140.8827609999999879
20
-54.4457710000000006
11
140.7875229999999931
21
-54.493389999999998
0
LINE
8
BLACK
6
CONTINUOUS
10
140.7875229999999931
20
-54.493389999999998
11
140.7399039999999957
21
-54.5410089999999954
0
LINE
8
BLACK
6
CONTINUOUS
10
140.7399039999999957
20
-54.5410089999999954
11
140.6922849999999983
21
-54.6362469999999973
0
LINE
8
BLACK
6
CONTINUOUS
10
140.6922849999999983
20
-54.6362469999999973
11
140.6922849999999983
21
-54.8743419999999986
0
LINE
8
BLACK
6
CONTINUOUS
10
140.6922849999999983
20
-54.8743419999999986
11
140.7399039999999957
21
-54.9695800000000006
0
LINE
8
BLACK
6
CONTINUOUS
10
140.7399039999999957
20
-54.9695800000000006
11
140.7875229999999931
21
-55.0171999999999954
0
LINE
8
BLACK
6
CONTINUOUS
10
140.7875229999999931
20
-55.0171999999999954
11
140.8827609999999879
21
-55.064819
0
LINE
8
BLACK
6
CONTINUOUS
10
140.8827609999999879
20
-55.064819
11
141.1684750000000008
21
-55.064819
0
LINE
8
BLACK
6
CONTINUOUS
10
141.1684750000000008
20
-55.064819
11
141.2637129999999956
21
-55.0171999999999954
0
LINE
8
BLACK
6
CONTINUOUS
10
141.2637129999999956
20
-55.0171999999999954
11
141.3113319999999931
21
-54.9695800000000006
0
LINE
8
BLACK
6
CONTINUOUS
10
152.8131039999999814
20
-78.4797140000000013
11
152.8512000000000057
21
-78.4416179999999912
0
LINE
8
BLACK
6
CONTINUOUS
10
152.8512000000000057
20
-78.4416179999999912
11
152.8892950000000042
21
-78.3273329999999959
0
LINE
8
BLACK
6
CONTINUOUS
10
152.8892950000000042
20
-78.3273329999999959
11
152.8892950000000042
21
-78.2511420000000015
0
LINE
8
BLACK
6
CONTINUOUS
10
152.8892950000000042
20
-78.2511420000000015
11
152.8512000000000057
21
-78.1368559999999945
0
LINE
8
BLACK
6
CONTINUOUS
10
152.8512000000000057
20
-78.1368559999999945
11
152.775008999999983
21
-78.0606659999999977
0
LINE
8
BLACK
6
CONTINUOUS
10
152.775008999999983
20
-78.0606659999999977
11
152.6988189999999861
21
-78.0225709999999992
0
LINE
8
BLACK
6
CONTINUOUS
10
152.6988189999999861
20
-78.0225709999999992
11
152.5464379999999949
21
-77.9844750000000033
0
LINE
8
BLACK
6
CONTINUOUS
10
152.5464379999999949
20
-77.9844750000000033
11
152.4321520000000021
21
-77.9844750000000033
0
LINE
8
BLACK
6
CONTINUOUS
10
152.4321520000000021
20
-77.9844750000000033
11
152.2797709999999825
21
-78.0225709999999992
0
LINE
8
BLACK
6
CONTINUOUS
10
152.2797709999999825
20
-78.0225709999999992
11
152.2035799999999881
21
-78.0606659999999977
0
LINE
8
BLACK
6
CONTINUOUS
10
152.2035799999999881
20
-78.0606659999999977
11
152.1273899999999912
21
-78.1368559999999945
0
LINE
8
BLACK
6
CONTINUOUS
10
152.1273899999999912
20
-78.1368559999999945
11
152.0892949999999928
21
-78.2511420000000015
0
LINE
8
BLACK
6
CONTINUOUS
10
152.0892949999999928
20
-78.2511420000000015
11
152.0892949999999928
21
-78.3273329999999959
0
LINE
8
BLACK
6
CONTINUOUS
10
152.0892949999999928
20
-78.3273329999999959
11
152.1273899999999912
21
-78.4416179999999912
0
LINE
8
BLACK
6
CONTINUOUS
10
152.1273899999999912
20
-78.4416179999999912
11
152.1654849999999897
21
-78.4797140000000013
0
LINE
8
BLACK
6
CONTINUOUS
10
152.0892949999999928
20
-78.746380000000002
11
152.0892949999999928
21
-79.2416180000000026
0
LINE
8
BLACK
6
CONTINUOUS
10
152.0892949999999928
20
-79.2416180000000026
11
152.3940570000000037
21
-78.9749520000000018
0
LINE
8
BLACK
6
CONTINUOUS
10
152.3940570000000037
20
-78.9749520000000018
11
152.3940570000000037
21
-79.0892369999999971
0
LINE
8
BLACK
6
CONTINUOUS
10
152.3940570000000037
20
-79.0892369999999971
11
152.4321520000000021
21
-79.1654279999999915
0
LINE
8
BLACK
6
CONTINUOUS
10
152.4321520000000021
20
-79.1654279999999915
11
152.4702470000000005
21
-79.2035229999999899
0
LINE
8
BLACK
6
CONTINUOUS
10
152.4702470000000005
20
-79.2035229999999899
11
152.5464379999999949
21
-79.2416180000000026
0
LINE
8
BLACK
6
CONTINUOUS
10
152.5464379999999949
20
-79.2416180000000026
11
152.7369139999999845
21
-79.2416180000000026
0
LINE
8
BLACK
6
CONTINUOUS
10
152.7369139999999845
20
-79.2416180000000026
11
152.8131039999999814
21
-79.2035229999999899
0
LINE
8
BLACK
6
CONTINUOUS
10
152.8131039999999814
20
-79.2035229999999899
11
152.8512000000000057
21
-79.1654279999999915
0
LINE
8
BLACK
6
CONTINUOUS
10
152.8512000000000057
20
-79.1654279999999915
11
152.8892950000000042
21
-79.0892369999999971
0
LINE
8
BLACK
6
CONTINUOUS
10
152.8892950000000042
20
-79.0892369999999971
11
152.8892950000000042
21
-78.8606659999999948
0
LINE
8
BLACK
6
CONTINUOUS
10
152.8892950000000042
20
-78.8606659999999948
11
152.8512000000000057
21
-78.7844750000000005
0
LINE
8
BLACK
6
CONTINUOUS
10
152.8512000000000057
20
-78.7844750000000005
11
152.8131039999999814
21
-78.746380000000002
0
LINE
8
BLACK
6
CONTINUOUS
10
152.8892950000000042
20
-80.0035230000000013
11
152.8892950000000042
21
-79.5463799999999992
0
LINE
8
BLACK
6
CONTINUOUS
10
152.8892950000000042
20
-79.774951999999999
11
152.0892949999999928
21
-79.774951999999999
0
LINE
8
BLACK
6
CONTINUOUS
10
152.0892949999999928
20
-79.774951999999999
11
152.2035799999999881
21
-79.6987609999999904
0
LINE
8
BLACK
6
CONTINUOUS
10
152.2035799999999881
20
-79.6987609999999904
11
152.2797709999999825
21
-79.6225709999999935
0
LINE
8
BLACK
6
CONTINUOUS
10
152.2797709999999825
20
-79.6225709999999935
11
152.3178659999999809
21
-79.5463799999999992
0
LINE
8
BLACK
6
CONTINUOUS
10
142.2462850000000003
20
-68.231104000000002
11
142.2843809999999962
21
-68.2691999999999979
0
LINE
8
BLACK
6
CONTINUOUS
10
142.2843809999999962
20
-68.2691999999999979
11
142.3986659999999915
21
-68.3072949999999963
0
LINE
8
BLACK
6
CONTINUOUS
10
142.3986659999999915
20
-68.3072949999999963
11
142.4748569999999859
21
-68.3072949999999963
0
LINE
8
BLACK
6
CONTINUOUS
10
142.4748569999999859
20
-68.3072949999999963
11
142.5891430000000071
21
-68.2691999999999979
0
LINE
8
BLACK
6
CONTINUOUS
10
142.5891430000000071
20
-68.2691999999999979
11
142.6653330000000039
21
-68.1930090000000035
0
LINE
8
BLACK
6
CONTINUOUS
10
142.6653330000000039
20
-68.1930090000000035
11
142.7034280000000024
21
-68.1168189999999925
0
LINE
8
BLACK
6
CONTINUOUS
10
142.7034280000000024
20
-68.1168189999999925
11
142.7415239999999983
21
-67.9644380000000012
0
LINE
8
BLACK
6
CONTINUOUS
10
142.7415239999999983
20
-67.9644380000000012
11
142.7415239999999983
21
-67.8501519999999942
0
LINE
8
BLACK
6
CONTINUOUS
10
142.7415239999999983
20
-67.8501519999999942
11
142.7034280000000024
21
-67.697771000000003
0
LINE
8
BLACK
6
CONTINUOUS
10
142.7034280000000024
20
-67.697771000000003
11
142.6653330000000039
21
-67.6215799999999945
0
LINE
8
BLACK
6
CONTINUOUS
10
142.6653330000000039
20
-67.6215799999999945
11
142.5891430000000071
21
-67.5453899999999976
0
LINE
8
BLACK
6
CONTINUOUS
10
142.5891430000000071
20
-67.5453899999999976
11
142.4748569999999859
21
-67.5072949999999992
0
LINE
8
BLACK
6
CONTINUOUS
10
142.4748569999999859
20
-67.5072949999999992
11
142.3986659999999915
21
-67.5072949999999992
0
LINE
8
BLACK
6
CONTINUOUS
10
142.3986659999999915
20
-67.5072949999999992
11
142.2843809999999962
21
-67.5453899999999976
0
LINE
8
BLACK
6
CONTINUOUS
10
142.2843809999999962
20
-67.5453899999999976
11
142.2462850000000003
21
-67.583484999999996
0
LINE
8
BLACK
6
CONTINUOUS
10
141.9415239999999869
20
-67.583484999999996
11
141.903427999999991
21
-67.5453899999999976
0
LINE
8
BLACK
6
CONTINUOUS
10
141.903427999999991
20
-67.5453899999999976
11
141.8272379999999941
21
-67.5072949999999992
0
LINE
8
BLACK
6
CONTINUOUS
10
141.8272379999999941
20
-67.5072949999999992
11
141.6367620000000045
21
-67.5072949999999992
0
LINE
8
BLACK
6
CONTINUOUS
10
141.6367620000000045
20
-67.5072949999999992
11
141.5605709999999817
21
-67.5453899999999976
0
LINE
8
BLACK
6
CONTINUOUS
10
141.5605709999999817
20
-67.5453899999999976
11
141.5224759999999833
21
-67.583484999999996
0
LINE
8
BLACK
6
CONTINUOUS
10
141.5224759999999833
20
-67.583484999999996
11
141.4843809999999849
21
-67.6596759999999904
0
LINE
8
BLACK
6
CONTINUOUS
10
141.4843809999999849
20
-67.6596759999999904
11
141.4843809999999849
21
-67.7358660000000015
0
LINE
8
BLACK
6
CONTINUOUS
10
141.4843809999999849
20
-67.7358660000000015
11
141.5224759999999833
21
-67.8501519999999942
0
LINE
8
BLACK
6
CONTINUOUS
10
141.5224759999999833
20
-67.8501519999999942
11
141.9796189999999854
21
-68.3072949999999963
0
LINE
8
BLACK
6
CONTINUOUS
10
141.9796189999999854
20
-68.3072949999999963
11
141.4843809999999849
21
-68.3072949999999963
0
LINE
8
BLACK
6
CONTINUOUS
10
141.1796190000000024
20
-67.583484999999996
11
141.1415230000000065
21
-67.5453899999999976
0
LINE
8
BLACK
6
CONTINUOUS
10
141.1415230000000065
20
-67.5453899999999976
11
141.0653329999999812
21
-67.5072949999999992
0
LINE
8
BLACK
6
CONTINUOUS
10
141.0653329999999812
20
-67.5072949999999992
11
140.8748569999999916
21
-67.5072949999999992
0
LINE
8
BLACK
6
CONTINUOUS
10
140.8748569999999916
20
-67.5072949999999992
11
140.7986659999999972
21
-67.5453899999999976
0
LINE
8
BLACK
6
CONTINUOUS
10
140.7986659999999972
20
-67.5453899999999976
11
140.7605709999999988
21
-67.583484999999996
0
LINE
8
BLACK
6
CONTINUOUS
10
140.7605709999999988
20
-67.583484999999996
11
140.7224760000000003
21
-67.6596759999999904
0
LINE
8
BLACK
6
CONTINUOUS
10
140.7224760000000003
20
-67.6596759999999904
11
140.7224760000000003
21
-67.7358660000000015
0
LINE
8
BLACK
6
CONTINUOUS
10
140.7224760000000003
20
-67.7358660000000015
11
140.7605709999999988
21
-67.8501519999999942
0
LINE
8
BLACK
6
CONTINUOUS
10
140.7605709999999988
20
-67.8501519999999942
11
141.2177140000000009
21
-68.3072949999999963
0
LINE
8
BLACK
6
CONTINUOUS
10
141.2177140000000009
20
-68.3072949999999963
11
140.7224760000000003
21
-68.3072949999999963
0
LINE
8
BLACK
6
CONTINUOUS
10
120.475332999999992
20
-64.1808189999999996
11
120.475332999999992
21
-64.8951040000000035
0
LINE
8
BLACK
6
CONTINUOUS
10
120.475332999999992
20
-64.8951040000000035
11
120.5229519999999894
21
-65.0379609999999957
0
LINE
8
BLACK
6
CONTINUOUS
10
120.5229519999999894
20
-65.0379609999999957
11
120.6181899999999985
21
-65.1332000000000022
0
LINE
8
BLACK
6
CONTINUOUS
10
120.6181899999999985
20
-65.1332000000000022
11
120.7610469999999907
21
-65.1808189999999996
0
LINE
8
BLACK
6
CONTINUOUS
10
120.7610469999999907
20
-65.1808189999999996
11
120.8562849999999997
21
-65.1808189999999996
0
LINE
8
BLACK
6
CONTINUOUS
10
120.094380000000001
20
-64.1808189999999996
11
119.4277139999999946
21
-64.1808189999999996
0
LINE
8
BLACK
6
CONTINUOUS
10
119.4277139999999946
20
-64.1808189999999996
11
119.8562849999999997
21
-65.1808189999999996
0
LINE
8
BLACK
6
CONTINUOUS
10
152.6861040000000003
20
-66.7957140000000038
11
152.7241999999999962
21
-66.7576179999999937
0
LINE
8
BLACK
6
CONTINUOUS
10
152.7241999999999962
20
-66.7576179999999937
11
152.7622949999999946
21
-66.6433329999999984
0
LINE
8
BLACK
6
CONTINUOUS
10
152.7622949999999946
20
-66.6433329999999984
11
152.7622949999999946
21
-66.567142000000004
0
LINE
8
BLACK
6
CONTINUOUS
10
152.7622949999999946
20
-66.567142000000004
11
152.7241999999999962
21
-66.452855999999997
0
LINE
8
BLACK
6
CONTINUOUS
10
152.7241999999999962
20
-66.452855999999997
11
152.6480090000000018
21
-66.3766660000000002
0
LINE
8
BLACK
6
CONTINUOUS
10
152.6480090000000018
20
-66.3766660000000002
11
152.571819000000005
21
-66.3385710000000017
0
LINE
8
BLACK
6
CONTINUOUS
10
152.571819000000005
20
-66.3385710000000017
11
152.4194379999999853
21
-66.3004749999999916
0
LINE
8
BLACK
6
CONTINUOUS
10
152.4194379999999853
20
-66.3004749999999916
11
152.3051519999999925
21
-66.3004749999999916
0
LINE
8
BLACK
6
CONTINUOUS
10
152.3051519999999925
20
-66.3004749999999916
11
152.1527710000000013
21
-66.3385710000000017
0
LINE
8
BLACK
6
CONTINUOUS
10
152.1527710000000013
20
-66.3385710000000017
11
152.076580000000007
21
-66.3766660000000002
0
LINE
8
BLACK
6
CONTINUOUS
10
152.076580000000007
20
-66.3766660000000002
11
152.0003899999999817
21
-66.452855999999997
0
LINE
8
BLACK
6
CONTINUOUS
10
152.0003899999999817
20
-66.452855999999997
11
151.9622949999999832
21
-66.567142000000004
0
LINE
8
BLACK
6
CONTINUOUS
10
151.9622949999999832
20
-66.567142000000004
11
151.9622949999999832
21
-66.6433329999999984
0
LINE
8
BLACK
6
CONTINUOUS
10
151.9622949999999832
20
-66.6433329999999984
11
152.0003899999999817
21
-66.7576179999999937
0
LINE
8
BLACK
6
CONTINUOUS
10
152.0003899999999817
20
-66.7576179999999937
11
152.0384849999999801
21
-66.7957140000000038
0
LINE
8
BLACK
6
CONTINUOUS
10
152.0384849999999801
20
-67.100475000000003
11
152.0003899999999817
21
-67.1385709999999989
0
LINE
8
BLACK
6
CONTINUOUS
10
152.0003899999999817
20
-67.1385709999999989
11
151.9622949999999832
21
-67.2147609999999958
0
LINE
8
BLACK
6
CONTINUOUS
10
151.9622949999999832
20
-67.2147609999999958
11
151.9622949999999832
21
-67.4052369999999996
0
LINE
8
BLACK
6
CONTINUOUS
10
151.9622949999999832
20
-67.4052369999999996
11
152.0003899999999817
21
-67.481427999999994
0
LINE
8
BLACK
6
CONTINUOUS
10
152.0003899999999817
20
-67.481427999999994
11
152.0384849999999801
21
-67.5195229999999924
0
LINE
8
BLACK
6
CONTINUOUS
10
152.0384849999999801
20
-67.5195229999999924
11
152.1146760000000029
21
-67.5576179999999908
0
LINE
8
BLACK
6
CONTINUOUS
10
152.1146760000000029
20
-67.5576179999999908
11
152.1908659999999998
21
-67.5576179999999908
0
LINE
8
BLACK
6
CONTINUOUS
10
152.1908659999999998
20
-67.5576179999999908
11
152.3051519999999925
21
-67.5195229999999924
0
LINE
8
BLACK
6
CONTINUOUS
10
152.3051519999999925
20
-67.5195229999999924
11
152.7622949999999946
21
-67.0623799999999903
0
LINE
8
BLACK
6
CONTINUOUS
10
152.7622949999999946
20
-67.0623799999999903
11
152.7622949999999946
21
-67.5576179999999908
0
LINE
8
BLACK
6
CONTINUOUS
10
151.9622949999999832
20
-67.8242850000000033
11
151.9622949999999832
21
-68.3195230000000038
0
LINE
8
BLACK
6
CONTINUOUS
10
151.9622949999999832
20
-68.3195230000000038
11
152.2670569999999941
21
-68.052857000000003
0
LINE
8
BLACK
6
CONTINUOUS
10
152.2670569999999941
20
-68.052857000000003
11
152.2670569999999941
21
-68.1671419999999983
0
LINE
8
BLACK
6
CONTINUOUS
10
152.2670569999999941
20
-68.1671419999999983
11
152.3051519999999925
21
-68.2433329999999927
0
LINE
8
BLACK
6
CONTINUOUS
10
152.3051519999999925
20
-68.2433329999999927
11
152.343246999999991
21
-68.2814279999999911
0
LINE
8
BLACK
6
CONTINUOUS
10
152.343246999999991
20
-68.2814279999999911
11
152.4194379999999853
21
-68.3195230000000038
0
LINE
8
BLACK
6
CONTINUOUS
10
152.4194379999999853
20
-68.3195230000000038
11
152.6099140000000034
21
-68.3195230000000038
0
LINE
8
BLACK
6
CONTINUOUS
10
152.6099140000000034
20
-68.3195230000000038
11
152.6861040000000003
21
-68.2814279999999911
0
LINE
8
BLACK
6
CONTINUOUS
10
152.6861040000000003
20
-68.2814279999999911
11
152.7241999999999962
21
-68.2433329999999927
0
LINE
8
BLACK
6
CONTINUOUS
10
152.7241999999999962
20
-68.2433329999999927
11
152.7622949999999946
21
-68.1671419999999983
0
LINE
8
BLACK
6
CONTINUOUS
10
152.7622949999999946
20
-68.1671419999999983
11
152.7622949999999946
21
-67.938570999999996
0
LINE
8
BLACK
6
CONTINUOUS
10
152.7622949999999946
20
-67.938570999999996
11
152.7241999999999962
21
-67.8623800000000017
0
LINE
8
BLACK
6
CONTINUOUS
10
152.7241999999999962
20
-67.8623800000000017
11
152.6861040000000003
21
-67.8242850000000033
0
LINE
8
BLACK
6
CONTINUOUS
10
157.3851039999999841
20
-76.7017139999999955
11
157.42319999999998
21
-76.6636179999999996
0
LINE
8
BLACK
6
CONTINUOUS
10
157.42319999999998
20
-76.6636179999999996
11
157.4612950000000069
21
-76.5493329999999901
0
LINE
8
BLACK
6
CONTINUOUS
10
157.4612950000000069
20
-76.5493329999999901
11
157.4612950000000069
21
-76.4731419999999957
0
LINE
8
BLACK
6
CONTINUOUS
10
157.4612950000000069
20
-76.4731419999999957
11
157.42319999999998
21
-76.358856000000003
0
LINE
8
BLACK
6
CONTINUOUS
10
157.42319999999998
20
-76.358856000000003
11
157.3470089999999857
21
-76.2826659999999919
0
LINE
8
BLACK
6
CONTINUOUS
10
157.3470089999999857
20
-76.2826659999999919
11
157.2708189999999888
21
-76.2445709999999934
0
LINE
8
BLACK
6
CONTINUOUS
10
157.2708189999999888
20
-76.2445709999999934
11
157.1184379999999976
21
-76.2064749999999975
0
LINE
8
BLACK
6
CONTINUOUS
10
157.1184379999999976
20
-76.2064749999999975
11
157.0041520000000048
21
-76.2064749999999975
0
LINE
8
BLACK
6
CONTINUOUS
10
157.0041520000000048
20
-76.2064749999999975
11
156.8517709999999852
21
-76.2445709999999934
0
LINE
8
BLACK
6
CONTINUOUS
10
156.8517709999999852
20
-76.2445709999999934
11
156.7755799999999908
21
-76.2826659999999919
0
LINE
8
BLACK
6
CONTINUOUS
10
156.7755799999999908
20
-76.2826659999999919
11
156.699389999999994
21
-76.358856000000003
0
LINE
8
BLACK
6
CONTINUOUS
10
156.699389999999994
20
-76.358856000000003
11
156.6612949999999955
21
-76.4731419999999957
0
LINE
8
BLACK
6
CONTINUOUS
10
156.6612949999999955
20
-76.4731419999999957
11
156.6612949999999955
21
-76.5493329999999901
0
LINE
8
BLACK
6
CONTINUOUS
10
156.6612949999999955
20
-76.5493329999999901
11
156.699389999999994
21
-76.6636179999999996
0
LINE
8
BLACK
6
CONTINUOUS
10
156.699389999999994
20
-76.6636179999999996
11
156.7374849999999924
21
-76.7017139999999955
0
LINE
8
BLACK
6
CONTINUOUS
10
157.4612950000000069
20
-77.4636179999999968
11
157.4612950000000069
21
-77.0064749999999947
0
LINE
8
BLACK
6
CONTINUOUS
10
157.4612950000000069
20
-77.2350469999999945
11
156.6612949999999955
21
-77.2350469999999945
0
LINE
8
BLACK
6
CONTINUOUS
10
156.6612949999999955
20
-77.2350469999999945
11
156.7755799999999908
21
-77.1588560000000001
0
LINE
8
BLACK
6
CONTINUOUS
10
156.7755799999999908
20
-77.1588560000000001
11
156.8517709999999852
21
-77.0826660000000032
0
LINE
8
BLACK
6
CONTINUOUS
10
156.8517709999999852
20
-77.0826660000000032
11
156.8898659999999836
21
-77.0064749999999947
0
LINE
8
BLACK
6
CONTINUOUS
10
157.0041520000000048
20
-77.9207609999999988
11
156.9660570000000064
21
-77.844571000000002
0
LINE
8
BLACK
6
CONTINUOUS
10
156.9660570000000064
20
-77.844571000000002
11
156.9279609999999821
21
-77.8064760000000035
0
LINE
8
BLACK
6
CONTINUOUS
10
156.9279609999999821
20
-77.8064760000000035
11
156.8517709999999852
21
-77.7683799999999934
0
LINE
8
BLACK
6
CONTINUOUS
10
156.8517709999999852
20
-77.7683799999999934
11
156.8136759999999867
21
-77.7683799999999934
0
LINE
8
BLACK
6
CONTINUOUS
10
156.8136759999999867
20
-77.7683799999999934
11
156.7374849999999924
21
-77.8064760000000035
0
LINE
8
BLACK
6
CONTINUOUS
10
156.7374849999999924
20
-77.8064760000000035
11
156.699389999999994
21
-77.844571000000002
0
LINE
8
BLACK
6
CONTINUOUS
10
156.699389999999994
20
-77.844571000000002
11
156.6612949999999955
21
-77.9207609999999988
0
LINE
8
BLACK
6
CONTINUOUS
10
156.6612949999999955
20
-77.9207609999999988
11
156.6612949999999955
21
-78.07314199999999
0
LINE
8
BLACK
6
CONTINUOUS
10
156.6612949999999955
20
-78.07314199999999
11
156.699389999999994
21
-78.1493329999999986
0
LINE
8
BLACK
6
CONTINUOUS
10
156.699389999999994
20
-78.1493329999999986
11
156.7374849999999924
21
-78.187427999999997
0
LINE
8
BLACK
6
CONTINUOUS
10
156.7374849999999924
20
-78.187427999999997
11
156.8136759999999867
21
-78.2255229999999955
0
LINE
8
BLACK
6
CONTINUOUS
10
156.8136759999999867
20
-78.2255229999999955
11
156.8517709999999852
21
-78.2255229999999955
0
LINE
8
BLACK
6
CONTINUOUS
10
156.8517709999999852
20
-78.2255229999999955
11
156.9279609999999821
21
-78.187427999999997
0
LINE
8
BLACK
6
CONTINUOUS
10
156.9279609999999821
20
-78.187427999999997
11
156.9660570000000064
21
-78.1493329999999986
0
LINE
8
BLACK
6
CONTINUOUS
10
156.9660570000000064
20
-78.1493329999999986
11
157.0041520000000048
21
-78.07314199999999
0
LINE
8
BLACK
6
CONTINUOUS
10
157.0041520000000048
20
-78.07314199999999
11
157.0041520000000048
21
-77.9207609999999988
0
LINE
8
BLACK
6
CONTINUOUS
10
157.0041520000000048
20
-77.9207609999999988
11
157.0422470000000033
21
-77.844571000000002
0
LINE
8
BLACK
6
CONTINUOUS
10
157.0422470000000033
20
-77.844571000000002
11
157.0803420000000017
21
-77.8064760000000035
0
LINE
8
BLACK
6
CONTINUOUS
10
157.0803420000000017
20
-77.8064760000000035
11
157.156532999999996
21
-77.7683799999999934
0
LINE
8
BLACK
6
CONTINUOUS
10
157.156532999999996
20
-77.7683799999999934
11
157.3089139999999873
21
-77.7683799999999934
0
LINE
8
BLACK
6
CONTINUOUS
10
157.3089139999999873
20
-77.7683799999999934
11
157.3851039999999841
21
-77.8064760000000035
0
LINE
8
BLACK
6
CONTINUOUS
10
157.3851039999999841
20
-77.8064760000000035
11
157.42319999999998
21
-77.844571000000002
0
LINE
8
BLACK
6
CONTINUOUS
10
157.42319999999998
20
-77.844571000000002
11
157.4612950000000069
21
-77.9207609999999988
0
LINE
8
BLACK
6
CONTINUOUS
10
157.4612950000000069
20
-77.9207609999999988
11
157.4612950000000069
21
-78.07314199999999
0
LINE
8
BLACK
6
CONTINUOUS
10
157.4612950000000069
20
-78.07314199999999
11
157.42319999999998
21
-78.1493329999999986
0
LINE
8
BLACK
6
CONTINUOUS
10
157.42319999999998
20
-78.1493329999999986
11
157.3851039999999841
21
-78.187427999999997
0
LINE
8
BLACK
6
CONTINUOUS
10
157.3851039999999841
20
-78.187427999999997
11
157.3089139999999873
21
-78.2255229999999955
0
LINE
8
BLACK
6
CONTINUOUS
10
157.3089139999999873
20
-78.2255229999999955
11
157.156532999999996
21
-78.2255229999999955
0
LINE
8
BLACK
6
CONTINUOUS
10
157.156532999999996
20
-78.2255229999999955
11
157.0803420000000017
21
-78.187427999999997
0
LINE
8
BLACK
6
CONTINUOUS
10
157.0803420000000017
20
-78.187427999999997
11
157.0422470000000033
21
-78.1493329999999986
0
LINE
8
BLACK
6
CONTINUOUS
10
157.0422470000000033
20
-78.1493329999999986
11
157.0041520000000048
21
-78.07314199999999
0
LINE
8
BLACK
6
CONTINUOUS
10
148.7908189999999991
20
-66.9211420000000032
11
148.314627999999999
21
-66.5878089999999929
0
LINE
8
BLACK
6
CONTINUOUS
10
148.7908189999999991
20
-66.3497139999999916
11
147.7908189999999991
21
-66.3497139999999916
0
LINE
8
BLACK
6
CONTINUOUS
10
147.7908189999999991
20
-66.3497139999999916
11
147.7908189999999991
21
-66.7306659999999994
0
LINE
8
BLACK
6
CONTINUOUS
10
147.7908189999999991
20
-66.7306659999999994
11
147.8384379999999965
21
-66.8259039999999942
0
LINE
8
BLACK
6
CONTINUOUS
10
147.8384379999999965
20
-66.8259039999999942
11
147.8860569999999939
21
-66.8735229999999916
0
LINE
8
BLACK
6
CONTINUOUS
10
147.8860569999999939
20
-66.8735229999999916
11
147.9812949999999887
21
-66.9211420000000032
0
LINE
8
BLACK
6
CONTINUOUS
10
147.9812949999999887
20
-66.9211420000000032
11
148.1241519999999809
21
-66.9211420000000032
0
LINE
8
BLACK
6
CONTINUOUS
10
148.1241519999999809
20
-66.9211420000000032
11
148.2193900000000042
21
-66.8735229999999916
0
LINE
8
BLACK
6
CONTINUOUS
10
148.2193900000000042
20
-66.8735229999999916
11
148.2670090000000016
21
-66.8259039999999942
0
LINE
8
BLACK
6
CONTINUOUS
10
148.2670090000000016
20
-66.8259039999999942
11
148.314627999999999
21
-66.7306659999999994
0
LINE
8
BLACK
6
CONTINUOUS
10
148.314627999999999
20
-66.7306659999999994
11
148.314627999999999
21
-66.3497139999999916
0
LINE
8
BLACK
6
CONTINUOUS
10
147.8860569999999939
20
-67.3020949999999942
11
147.8384379999999965
21
-67.3497139999999916
0
LINE
8
BLACK
6
CONTINUOUS
10
147.8384379999999965
20
-67.3497139999999916
11
147.7908189999999991
21
-67.4449520000000007
0
LINE
8
BLACK
6
CONTINUOUS
10
147.7908189999999991
20
-67.4449520000000007
11
147.7908189999999991
21
-67.683047000000002
0
LINE
8
BLACK
6
CONTINUOUS
10
147.7908189999999991
20
-67.683047000000002
11
147.8384379999999965
21
-67.7782849999999968
0
LINE
8
BLACK
6
CONTINUOUS
10
147.8384379999999965
20
-67.7782849999999968
11
147.8860569999999939
21
-67.8259039999999942
0
LINE
8
BLACK
6
CONTINUOUS
10
147.8860569999999939
20
-67.8259039999999942
11
147.9812949999999887
21
-67.8735229999999916
0
LINE
8
BLACK
6
CONTINUOUS
10
147.9812949999999887
20
-67.8735229999999916
11
148.0765329999999835
21
-67.8735229999999916
0
LINE
8
BLACK
6
CONTINUOUS
10
148.0765329999999835
20
-67.8735229999999916
11
148.2193900000000042
21
-67.8259039999999942
0
LINE
8
BLACK
6
CONTINUOUS
10
148.2193900000000042
20
-67.8259039999999942
11
148.7908189999999991
21
-67.2544759999999968
0
LINE
8
BLACK
6
CONTINUOUS
10
148.7908189999999991
20
-67.2544759999999968
11
148.7908189999999991
21
-67.8735229999999916
0
LINE
8
BLACK
6
CONTINUOUS
10
147.8860569999999939
20
-68.2544759999999968
11
147.8384379999999965
21
-68.3020949999999942
0
LINE
8
BLACK
6
CONTINUOUS
10
147.8384379999999965
20
-68.3020949999999942
11
147.7908189999999991
21
-68.3973330000000033
0
LINE
8
BLACK
6
CONTINUOUS
10
147.7908189999999991
20
-68.3973330000000033
11
147.7908189999999991
21
-68.6354279999999903
0
LINE
8
BLACK
6
CONTINUOUS
10
147.7908189999999991
20
-68.6354279999999903
11
147.8384379999999965
21
-68.7306659999999994
0
LINE
8
BLACK
6
CONTINUOUS
10
147.8384379999999965
20
-68.7306659999999994
11
147.8860569999999939
21
-68.7782849999999968
0
LINE
8
BLACK
6
CONTINUOUS
10
147.8860569999999939
20
-68.7782849999999968
11
147.9812949999999887
21
-68.8259039999999942
0
LINE
8
BLACK
6
CONTINUOUS
10
147.9812949999999887
20
-68.8259039999999942
11
148.0765329999999835
21
-68.8259039999999942
0
LINE
8
BLACK
6
CONTINUOUS
10
148.0765329999999835
20
-68.8259039999999942
11
148.2193900000000042
21
-68.7782849999999968
0
LINE
8
BLACK
6
CONTINUOUS
10
148.2193900000000042
20
-68.7782849999999968
11
148.7908189999999991
21
-68.2068569999999994
0
LINE
8
BLACK
6
CONTINUOUS
10
148.7908189999999991
20
-68.2068569999999994
11
148.7908189999999991
21
-68.8259039999999942
0
LINE
8
BLACK
6
CONTINUOUS
10
154.859579999999994
20
-54.1273330000000001
11
154.9071999999999889
21
-54.0797139999999956
0
LINE
8
BLACK
6
CONTINUOUS
10
154.9071999999999889
20
-54.0797139999999956
11
154.9548189999999863
21
-53.9368569999999963
0
LINE
8
BLACK
6
CONTINUOUS
10
154.9548189999999863
20
-53.9368569999999963
11
154.9548189999999863
21
-53.8416189999999943
0
LINE
8
BLACK
6
CONTINUOUS
10
154.9548189999999863
20
-53.8416189999999943
11
154.9071999999999889
21
-53.698761999999995
0
LINE
8
BLACK
6
CONTINUOUS
10
154.9071999999999889
20
-53.698761999999995
11
154.8119609999999966
21
-53.6035240000000002
0
LINE
8
BLACK
6
CONTINUOUS
10
154.8119609999999966
20
-53.6035240000000002
11
154.7167230000000018
21
-53.5559049999999957
0
LINE
8
BLACK
6
CONTINUOUS
10
154.7167230000000018
20
-53.5559049999999957
11
154.5262469999999837
21
-53.5082859999999982
0
LINE
8
BLACK
6
CONTINUOUS
10
154.5262469999999837
20
-53.5082859999999982
11
154.3833899999999915
21
-53.5082859999999982
0
LINE
8
BLACK
6
CONTINUOUS
10
154.3833899999999915
20
-53.5082859999999982
11
154.1929140000000018
21
-53.5559049999999957
0
LINE
8
BLACK
6
CONTINUOUS
10
154.1929140000000018
20
-53.5559049999999957
11
154.097676000000007
21
-53.6035240000000002
0
LINE
8
BLACK
6
CONTINUOUS
10
154.097676000000007
20
-53.6035240000000002
11
154.0024379999999837
21
-53.698761999999995
0
LINE
8
BLACK
6
CONTINUOUS
10
154.0024379999999837
20
-53.698761999999995
11
153.9548189999999863
21
-53.8416189999999943
0
LINE
8
BLACK
6
CONTINUOUS
10
153.9548189999999863
20
-53.8416189999999943
11
153.9548189999999863
21
-53.9368569999999963
0
LINE
8
BLACK
6
CONTINUOUS
10
153.9548189999999863
20
-53.9368569999999963
11
154.0024379999999837
21
-54.0797139999999956
0
LINE
8
BLACK
6
CONTINUOUS
10
154.0024379999999837
20
-54.0797139999999956
11
154.0500569999999811
21
-54.1273330000000001
0
LINE
8
BLACK
6
CONTINUOUS
10
153.9548189999999863
20
-55.0320949999999982
11
153.9548189999999863
21
-54.5559049999999957
0
LINE
8
BLACK
6
CONTINUOUS
10
153.9548189999999863
20
-54.5559049999999957
11
154.4310089999999889
21
-54.5082859999999982
0
LINE
8
BLACK
6
CONTINUOUS
10
154.4310089999999889
20
-54.5082859999999982
11
154.3833899999999915
21
-54.5559049999999957
0
LINE
8
BLACK
6
CONTINUOUS
10
154.3833899999999915
20
-54.5559049999999957
11
154.335770999999994
21
-54.6511429999999976
0
LINE
8
BLACK
6
CONTINUOUS
10
154.335770999999994
20
-54.6511429999999976
11
154.335770999999994
21
-54.8892379999999989
0
LINE
8
BLACK
6
CONTINUOUS
10
154.335770999999994
20
-54.8892379999999989
11
154.3833899999999915
21
-54.9844760000000008
0
LINE
8
BLACK
6
CONTINUOUS
10
154.3833899999999915
20
-54.9844760000000008
11
154.4310089999999889
21
-55.0320949999999982
0
LINE
8
BLACK
6
CONTINUOUS
10
154.4310089999999889
20
-55.0320949999999982
11
154.5262469999999837
21
-55.0797139999999956
0
LINE
8
BLACK
6
CONTINUOUS
10
154.5262469999999837
20
-55.0797139999999956
11
154.7643419999999992
21
-55.0797139999999956
0
LINE
8
BLACK
6
CONTINUOUS
10
154.7643419999999992
20
-55.0797139999999956
11
154.859579999999994
21
-55.0320949999999982
0
LINE
8
BLACK
6
CONTINUOUS
10
154.859579999999994
20
-55.0320949999999982
11
154.9071999999999889
21
-54.9844760000000008
0
LINE
8
BLACK
6
CONTINUOUS
10
154.9071999999999889
20
-54.9844760000000008
11
154.9548189999999863
21
-54.8892379999999989
0
LINE
8
BLACK
6
CONTINUOUS
10
154.9548189999999863
20
-54.8892379999999989
11
154.9548189999999863
21
-54.6511429999999976
0
LINE
8
BLACK
6
CONTINUOUS
10
154.9548189999999863
20
-54.6511429999999976
11
154.9071999999999889
21
-54.5559049999999957
0
LINE
8
BLACK
6
CONTINUOUS
10
154.9071999999999889
20
-54.5559049999999957
11
154.859579999999994
21
-54.5082859999999982
0
LINE
8
BLACK
6
CONTINUOUS
10
174.2200939999999889
20
-84.7428189999999972
11
174.2200939999999889
21
-83.7428189999999972
0
LINE
8
BLACK
6
CONTINUOUS
10
174.2200939999999889
20
-83.7428189999999972
11
173.9819990000000018
21
-83.7428189999999972
0
LINE
8
BLACK
6
CONTINUOUS
10
173.9819990000000018
20
-83.7428189999999972
11
173.8391419999999812
21
-83.7904379999999946
0
LINE
8
BLACK
6
CONTINUOUS
10
173.8391419999999812
20
-83.7904379999999946
11
173.7439039999999864
21
-83.8856759999999895
0
LINE
8
BLACK
6
CONTINUOUS
10
173.7439039999999864
20
-83.8856759999999895
11
173.6962849999999889
21
-83.9809139999999985
0
LINE
8
BLACK
6
CONTINUOUS
10
173.6962849999999889
20
-83.9809139999999985
11
173.6486659999999915
21
-84.1713900000000024
0
LINE
8
BLACK
6
CONTINUOUS
10
173.6486659999999915
20
-84.1713900000000024
11
173.6486659999999915
21
-84.3142469999999946
0
LINE
8
BLACK
6
CONTINUOUS
10
173.6486659999999915
20
-84.3142469999999946
11
173.6962849999999889
21
-84.5047229999999985
0
LINE
8
BLACK
6
CONTINUOUS
10
173.6962849999999889
20
-84.5047229999999985
11
173.7439039999999864
21
-84.5999609999999933
0
LINE
8
BLACK
6
CONTINUOUS
10
173.7439039999999864
20
-84.5999609999999933
11
173.8391419999999812
21
-84.6951999999999998
0
LINE
8
BLACK
6
CONTINUOUS
10
173.8391419999999812
20
-84.6951999999999998
11
173.9819990000000018
21
-84.7428189999999972
0
LINE
8
BLACK
6
CONTINUOUS
10
173.9819990000000018
20
-84.7428189999999972
11
174.2200939999999889
21
-84.7428189999999972
0
LINE
8
BLACK
6
CONTINUOUS
10
172.6962849999999889
20
-84.7428189999999972
11
173.2677129999999863
21
-84.7428189999999972
0
LINE
8
BLACK
6
CONTINUOUS
10
172.9819990000000018
20
-84.7428189999999972
11
172.9819990000000018
21
-83.7428189999999972
0
LINE
8
BLACK
6
CONTINUOUS
10
172.9819990000000018
20
-83.7428189999999972
11
173.0772369999999967
21
-83.8856759999999895
0
LINE
8
BLACK
6
CONTINUOUS
10
173.0772369999999967
20
-83.8856759999999895
11
173.1724749999999915
21
-83.9809139999999985
0
LINE
8
BLACK
6
CONTINUOUS
10
173.1724749999999915
20
-83.9809139999999985
11
173.2677129999999863
21
-84.0285329999999959
0
LINE
8
BLACK
6
CONTINUOUS
10
123.3908189999999934
20
-70.4771420000000006
11
122.9146279999999933
21
-70.1438089999999903
0
LINE
8
BLACK
6
CONTINUOUS
10
123.3908189999999934
20
-69.9057140000000032
11
122.3908189999999934
21
-69.9057140000000032
0
LINE
8
BLACK
6
CONTINUOUS
10
122.3908189999999934
20
-69.9057140000000032
11
122.3908189999999934
21
-70.2866659999999968
0
LINE
8
BLACK
6
CONTINUOUS
10
122.3908189999999934
20
-70.2866659999999968
11
122.4384379999999908
21
-70.3819039999999916
0
LINE
8
BLACK
6
CONTINUOUS
10
122.4384379999999908
20
-70.3819039999999916
11
122.4860569999999882
21
-70.4295230000000032
0
LINE
8
BLACK
6
CONTINUOUS
10
122.4860569999999882
20
-70.4295230000000032
11
122.5812949999999972
21
-70.4771420000000006
0
LINE
8
BLACK
6
CONTINUOUS
10
122.5812949999999972
20
-70.4771420000000006
11
122.7241519999999895
21
-70.4771420000000006
0
LINE
8
BLACK
6
CONTINUOUS
10
122.7241519999999895
20
-70.4771420000000006
11
122.8193899999999985
21
-70.4295230000000032
0
LINE
8
BLACK
6
CONTINUOUS
10
122.8193899999999985
20
-70.4295230000000032
11
122.8670089999999959
21
-70.3819039999999916
0
LINE
8
BLACK
6
CONTINUOUS
10
122.8670089999999959
20
-70.3819039999999916
11
122.9146279999999933
21
-70.2866659999999968
0
LINE
8
BLACK
6
CONTINUOUS
10
122.9146279999999933
20
-70.2866659999999968
11
122.9146279999999933
21
-69.9057140000000032
0
LINE
8
BLACK
6
CONTINUOUS
10
122.4860569999999882
20
-70.8580949999999916
11
122.4384379999999908
21
-70.9057140000000032
0
LINE
8
BLACK
6
CONTINUOUS
10
122.4384379999999908
20
-70.9057140000000032
11
122.3908189999999934
21
-71.0009519999999981
0
LINE
8
BLACK
6
CONTINUOUS
10
122.3908189999999934
20
-71.0009519999999981
11
122.3908189999999934
21
-71.2390469999999993
0
LINE
8
BLACK
6
CONTINUOUS
10
122.3908189999999934
20
-71.2390469999999993
11
122.4384379999999908
21
-71.3342849999999942
0
LINE
8
BLACK
6
CONTINUOUS
10
122.4384379999999908
20
-71.3342849999999942
11
122.4860569999999882
21
-71.3819039999999916
0
LINE
8
BLACK
6
CONTINUOUS
10
122.4860569999999882
20
-71.3819039999999916
11
122.5812949999999972
21
-71.4295230000000032
0
LINE
8
BLACK
6
CONTINUOUS
10
122.5812949999999972
20
-71.4295230000000032
11
122.6765329999999921
21
-71.4295230000000032
0
LINE
8
BLACK
6
CONTINUOUS
10
122.6765329999999921
20
-71.4295230000000032
11
122.8193899999999985
21
-71.3819039999999916
0
LINE
8
BLACK
6
CONTINUOUS
10
122.8193899999999985
20
-71.3819039999999916
11
123.3908189999999934
21
-70.8104759999999942
0
LINE
8
BLACK
6
CONTINUOUS
10
123.3908189999999934
20
-70.8104759999999942
11
123.3908189999999934
21
-71.4295230000000032
0
LINE
8
BLACK
6
CONTINUOUS
10
122.3908189999999934
20
-72.3342849999999942
11
122.3908189999999934
21
-71.8580949999999916
0
LINE
8
BLACK
6
CONTINUOUS
10
122.3908189999999934
20
-71.8580949999999916
11
122.8670089999999959
21
-71.8104759999999942
0
LINE
8
BLACK
6
CONTINUOUS
10
122.8670089999999959
20
-71.8104759999999942
11
122.8193899999999985
21
-71.8580949999999916
0
LINE
8
BLACK
6
CONTINUOUS
10
122.8193899999999985
20
-71.8580949999999916
11
122.7717710000000011
21
-71.9533330000000007
0
LINE
8
BLACK
6
CONTINUOUS
10
122.7717710000000011
20
-71.9533330000000007
11
122.7717710000000011
21
-72.1914280000000019
0
LINE
8
BLACK
6
CONTINUOUS
10
122.7717710000000011
20
-72.1914280000000019
11
122.8193899999999985
21
-72.2866659999999968
0
LINE
8
BLACK
6
CONTINUOUS
10
122.8193899999999985
20
-72.2866659999999968
11
122.8670089999999959
21
-72.3342849999999942
0
LINE
8
BLACK
6
CONTINUOUS
10
122.8670089999999959
20
-72.3342849999999942
11
122.9622469999999907
21
-72.3819039999999916
0
LINE
8
BLACK
6
CONTINUOUS
10
122.9622469999999907
20
-72.3819039999999916
11
123.200341999999992
21
-72.3819039999999916
0
LINE
8
BLACK
6
CONTINUOUS
10
123.200341999999992
20
-72.3819039999999916
11
123.2955800000000011
21
-72.3342849999999942
0
LINE
8
BLACK
6
CONTINUOUS
10
123.2955800000000011
20
-72.3342849999999942
11
123.343199999999996
21
-72.2866659999999968
0
LINE
8
BLACK
6
CONTINUOUS
10
123.343199999999996
20
-72.2866659999999968
11
123.3908189999999934
21
-72.1914280000000019
0
LINE
8
BLACK
6
CONTINUOUS
10
123.3908189999999934
20
-72.1914280000000019
11
123.3908189999999934
21
-71.9533330000000007
0
LINE
8
BLACK
6
CONTINUOUS
10
123.3908189999999934
20
-71.9533330000000007
11
123.343199999999996
21
-71.8580949999999916
0
LINE
8
BLACK
6
CONTINUOUS
10
123.343199999999996
20
-71.8580949999999916
11
123.2955800000000011
21
-71.8104759999999942
0
LINE
8
BLACK
6
CONTINUOUS
10
168.0606659999999977
20
-79.109579999999994
11
168.1082849999999951
21
-79.1572000000000031
0
LINE
8
BLACK
6
CONTINUOUS
10
168.1082849999999951
20
-79.1572000000000031
11
168.2511419999999873
21
-79.2048190000000005
0
LINE
8
BLACK
6
CONTINUOUS
10
168.2511419999999873
20
-79.2048190000000005
11
168.3463799999999821
21
-79.2048190000000005
0
LINE
8
BLACK
6
CONTINUOUS
10
168.3463799999999821
20
-79.2048190000000005
11
168.4892370000000028
21
-79.1572000000000031
0
LINE
8
BLACK
6
CONTINUOUS
10
168.4892370000000028
20
-79.1572000000000031
11
168.5844749999999976
21
-79.0619609999999966
0
LINE
8
BLACK
6
CONTINUOUS
10
168.5844749999999976
20
-79.0619609999999966
11
168.632093999999995
21
-78.9667230000000018
0
LINE
8
BLACK
6
CONTINUOUS
10
168.632093999999995
20
-78.9667230000000018
11
168.6797129999999925
21
-78.7762469999999979
0
LINE
8
BLACK
6
CONTINUOUS
10
168.6797129999999925
20
-78.7762469999999979
11
168.6797129999999925
21
-78.6333899999999915
0
LINE
8
BLACK
6
CONTINUOUS
10
168.6797129999999925
20
-78.6333899999999915
11
168.632093999999995
21
-78.4429140000000018
0
LINE
8
BLACK
6
CONTINUOUS
10
168.632093999999995
20
-78.4429140000000018
11
168.5844749999999976
21
-78.3476759999999928
0
LINE
8
BLACK
6
CONTINUOUS
10
168.5844749999999976
20
-78.3476759999999928
11
168.4892370000000028
21
-78.2524379999999979
0
LINE
8
BLACK
6
CONTINUOUS
10
168.4892370000000028
20
-78.2524379999999979
11
168.3463799999999821
21
-78.2048190000000005
0
LINE
8
BLACK
6
CONTINUOUS
10
168.3463799999999821
20
-78.2048190000000005
11
168.2511419999999873
21
-78.2048190000000005
0
LINE
8
BLACK
6
CONTINUOUS
10
168.2511419999999873
20
-78.2048190000000005
11
168.1082849999999951
21
-78.2524379999999979
0
LINE
8
BLACK
6
CONTINUOUS
10
168.1082849999999951
20
-78.2524379999999979
11
168.0606659999999977
21
-78.3000569999999954
0
LINE
8
BLACK
6
CONTINUOUS
10
167.2035229999999899
20
-78.5381519999999966
11
167.2035229999999899
21
-79.2048190000000005
0
LINE
8
BLACK
6
CONTINUOUS
10
167.4416180000000054
20
-78.1572000000000031
11
167.6797129999999925
21
-78.8714849999999927
0
LINE
8
BLACK
6
CONTINUOUS
10
167.6797129999999925
20
-78.8714849999999927
11
167.0606659999999977
21
-78.8714849999999927
0
LINE
8
BLACK
6
CONTINUOUS
10
156.1288189999999929
20
-90.8526659999999993
11
156.8431039999999825
21
-90.8526659999999993
0
LINE
8
BLACK
6
CONTINUOUS
10
156.8431039999999825
20
-90.8526659999999993
11
156.9859610000000032
21
-90.8050470000000018
0
LINE
8
BLACK
6
CONTINUOUS
10
156.9859610000000032
20
-90.8050470000000018
11
157.0811999999999955
21
-90.7098089999999928
0
LINE
8
BLACK
6
CONTINUOUS
10
157.0811999999999955
20
-90.7098089999999928
11
157.1288189999999929
21
-90.5669520000000006
0
LINE
8
BLACK
6
CONTINUOUS
10
157.1288189999999929
20
-90.5669520000000006
11
157.1288189999999929
21
-90.4717139999999915
0
LINE
8
BLACK
6
CONTINUOUS
10
157.1288189999999929
20
-91.3764759999999967
11
157.1288189999999929
21
-91.5669520000000006
0
LINE
8
BLACK
6
CONTINUOUS
10
157.1288189999999929
20
-91.5669520000000006
11
157.0811999999999955
21
-91.6621899999999954
0
LINE
8
BLACK
6
CONTINUOUS
10
157.0811999999999955
20
-91.6621899999999954
11
157.0335800000000006
21
-91.7098089999999928
0
LINE
8
BLACK
6
CONTINUOUS
10
157.0335800000000006
20
-91.7098089999999928
11
156.8907229999999799
21
-91.8050470000000018
0
LINE
8
BLACK
6
CONTINUOUS
10
156.8907229999999799
20
-91.8050470000000018
11
156.7002469999999903
21
-91.8526659999999993
0
LINE
8
BLACK
6
CONTINUOUS
10
156.7002469999999903
20
-91.8526659999999993
11
156.3192949999999826
21
-91.8526659999999993
0
LINE
8
BLACK
6
CONTINUOUS
10
156.3192949999999826
20
-91.8526659999999993
11
156.2240569999999877
21
-91.8050470000000018
0
LINE
8
BLACK
6
CONTINUOUS
10
156.2240569999999877
20
-91.8050470000000018
11
156.1764379999999903
21
-91.7574279999999902
0
LINE
8
BLACK
6
CONTINUOUS
10
156.1764379999999903
20
-91.7574279999999902
11
156.1288189999999929
21
-91.6621899999999954
0
LINE
8
BLACK
6
CONTINUOUS
10
156.1288189999999929
20
-91.6621899999999954
11
156.1288189999999929
21
-91.4717139999999915
0
LINE
8
BLACK
6
CONTINUOUS
10
156.1288189999999929
20
-91.4717139999999915
11
156.1764379999999903
21
-91.3764759999999967
0
LINE
8
BLACK
6
CONTINUOUS
10
156.1764379999999903
20
-91.3764759999999967
11
156.2240569999999877
21
-91.3288569999999993
0
LINE
8
BLACK
6
CONTINUOUS
10
156.2240569999999877
20
-91.3288569999999993
11
156.3192949999999826
21
-91.2812380000000019
0
LINE
8
BLACK
6
CONTINUOUS
10
156.3192949999999826
20
-91.2812380000000019
11
156.5573899999999981
21
-91.2812380000000019
0
LINE
8
BLACK
6
CONTINUOUS
10
156.5573899999999981
20
-91.2812380000000019
11
156.6526279999999929
21
-91.3288569999999993
0
LINE
8
BLACK
6
CONTINUOUS
10
156.6526279999999929
20
-91.3288569999999993
11
156.7002469999999903
21
-91.3764759999999967
0
LINE
8
BLACK
6
CONTINUOUS
10
156.7002469999999903
20
-91.3764759999999967
11
156.7478659999999877
21
-91.4717139999999915
0
LINE
8
BLACK
6
CONTINUOUS
10
156.7478659999999877
20
-91.4717139999999915
11
156.7478659999999877
21
-91.6621899999999954
0
LINE
8
BLACK
6
CONTINUOUS
10
156.7478659999999877
20
-91.6621899999999954
11
156.7002469999999903
21
-91.7574279999999902
0
LINE
8
BLACK
6
CONTINUOUS
10
156.7002469999999903
20
-91.7574279999999902
11
156.6526279999999929
21
-91.8050470000000018
0
LINE
8
BLACK
6
CONTINUOUS
10
156.6526279999999929
20
-91.8050470000000018
11
156.5573899999999981
21
-91.8526659999999993
0
LINE
8
BLACK
6
CONTINUOUS
10
167.5208570000000066
20
-100.5308189999999939
11
167.8541899999999885
21
-100.0546279999999939
0
LINE
8
BLACK
6
CONTINUOUS
10
168.0922850000000039
20
-100.5308189999999939
11
168.0922850000000039
21
-99.5308189999999939
0
LINE
8
BLACK
6
CONTINUOUS
10
168.0922850000000039
20
-99.5308189999999939
11
167.7113329999999962
21
-99.5308189999999939
0
LINE
8
BLACK
6
CONTINUOUS
10
167.7113329999999962
20
-99.5308189999999939
11
167.6160950000000014
21
-99.5784379999999913
0
LINE
8
BLACK
6
CONTINUOUS
10
167.6160950000000014
20
-99.5784379999999913
11
167.568476000000004
21
-99.6260569999999888
0
LINE
8
BLACK
6
CONTINUOUS
10
167.568476000000004
20
-99.6260569999999888
11
167.5208570000000066
21
-99.7212949999999978
0
LINE
8
BLACK
6
CONTINUOUS
10
167.5208570000000066
20
-99.7212949999999978
11
167.5208570000000066
21
-99.86415199999999
0
LINE
8
BLACK
6
CONTINUOUS
10
167.5208570000000066
20
-99.86415199999999
11
167.568476000000004
21
-99.9593899999999991
0
LINE
8
BLACK
6
CONTINUOUS
10
167.568476000000004
20
-99.9593899999999991
11
167.6160950000000014
21
-100.0070089999999965
0
LINE
8
BLACK
6
CONTINUOUS
10
167.6160950000000014
20
-100.0070089999999965
11
167.7113329999999962
21
-100.0546279999999939
0
LINE
8
BLACK
6
CONTINUOUS
10
167.7113329999999962
20
-100.0546279999999939
11
168.0922850000000039
21
-100.0546279999999939
0
LINE
8
BLACK
6
CONTINUOUS
10
166.568476000000004
20
-100.5308189999999939
11
167.1399040000000014
21
-100.5308189999999939
0
LINE
8
BLACK
6
CONTINUOUS
10
166.8541899999999885
20
-100.5308189999999939
11
166.8541899999999885
21
-99.5308189999999939
0
LINE
8
BLACK
6
CONTINUOUS
10
166.8541899999999885
20
-99.5308189999999939
11
166.9494279999999833
21
-99.6736760000000004
0
LINE
8
BLACK
6
CONTINUOUS
10
166.9494279999999833
20
-99.6736760000000004
11
167.0446660000000065
21
-99.7689139999999952
0
LINE
8
BLACK
6
CONTINUOUS
10
167.0446660000000065
20
-99.7689139999999952
11
167.1399040000000014
21
-99.8165329999999926
0
LINE
8
BLACK
6
CONTINUOUS
10
166.2351419999999962
20
-99.5308189999999939
11
165.6160950000000014
21
-99.5308189999999939
0
LINE
8
BLACK
6
CONTINUOUS
10
165.6160950000000014
20
-99.5308189999999939
11
165.9494279999999833
21
-99.9117710000000017
0
LINE
8
BLACK
6
CONTINUOUS
10
165.9494279999999833
20
-99.9117710000000017
11
165.806570999999991
21
-99.9117710000000017
0
LINE
8
BLACK
6
CONTINUOUS
10
165.806570999999991
20
-99.9117710000000017
11
165.7113329999999962
21
-99.9593899999999991
0
LINE
8
BLACK
6
CONTINUOUS
10
165.7113329999999962
20
-99.9593899999999991
11
165.6637139999999988
21
-100.0070089999999965
0
LINE
8
BLACK
6
CONTINUOUS
10
165.6637139999999988
20
-100.0070089999999965
11
165.6160950000000014
21
-100.1022469999999913
0
LINE
8
BLACK
6
CONTINUOUS
10
165.6160950000000014
20
-100.1022469999999913
11
165.6160950000000014
21
-100.3403419999999926
0
LINE
8
BLACK
6
CONTINUOUS
10
165.6160950000000014
20
-100.3403419999999926
11
165.6637139999999988
21
-100.4355800000000016
0
LINE
8
BLACK
6
CONTINUOUS
10
165.6637139999999988
20
-100.4355800000000016
11
165.7113329999999962
21
-100.4831999999999965
0
LINE
8
BLACK
6
CONTINUOUS
10
165.7113329999999962
20
-100.4831999999999965
11
165.806570999999991
21
-100.5308189999999939
0
LINE
8
BLACK
6
CONTINUOUS
10
165.806570999999991
20
-100.5308189999999939
11
166.0922850000000039
21
-100.5308189999999939
0
LINE
8
BLACK
6
CONTINUOUS
10
166.0922850000000039
20
-100.5308189999999939
11
166.1875229999999988
21
-100.4831999999999965
0
LINE
8
BLACK
6
CONTINUOUS
10
166.1875229999999988
20
-100.4831999999999965
11
166.2351419999999962
21
-100.4355800000000016
0
LINE
8
BLACK
6
CONTINUOUS
10
150.4001039999999989
20
-66.7957140000000038
11
150.4381999999999948
21
-66.7576179999999937
0
LINE
8
BLACK
6
CONTINUOUS
10
150.4381999999999948
20
-66.7576179999999937
11
150.4762949999999933
21
-66.6433329999999984
0
LINE
8
BLACK
6
CONTINUOUS
10
150.4762949999999933
20
-66.6433329999999984
11
150.4762949999999933
21
-66.567142000000004
0
LINE
8
BLACK
6
CONTINUOUS
10
150.4762949999999933
20
-66.567142000000004
11
150.4381999999999948
21
-66.452855999999997
0
LINE
8
BLACK
6
CONTINUOUS
10
150.4381999999999948
20
-66.452855999999997
11
150.3620090000000005
21
-66.3766660000000002
0
LINE
8
BLACK
6
CONTINUOUS
10
150.3620090000000005
20
-66.3766660000000002
11
150.2858190000000036
21
-66.3385710000000017
0
LINE
8
BLACK
6
CONTINUOUS
10
150.2858190000000036
20
-66.3385710000000017
11
150.133437999999984
21
-66.3004749999999916
0
LINE
8
BLACK
6
CONTINUOUS
10
150.133437999999984
20
-66.3004749999999916
11
150.0191519999999912
21
-66.3004749999999916
0
LINE
8
BLACK
6
CONTINUOUS
10
150.0191519999999912
20
-66.3004749999999916
11
149.866771
21
-66.3385710000000017
0
LINE
8
BLACK
6
CONTINUOUS
10
149.866771
20
-66.3385710000000017
11
149.7905800000000056
21
-66.3766660000000002
0
LINE
8
BLACK
6
CONTINUOUS
10
149.7905800000000056
20
-66.3766660000000002
11
149.7143899999999803
21
-66.452855999999997
0
LINE
8
BLACK
6
CONTINUOUS
10
149.7143899999999803
20
-66.452855999999997
11
149.6762949999999819
21
-66.567142000000004
0
LINE
8
BLACK
6
CONTINUOUS
10
149.6762949999999819
20
-66.567142000000004
11
149.6762949999999819
21
-66.6433329999999984
0
LINE
8
BLACK
6
CONTINUOUS
10
149.6762949999999819
20
-66.6433329999999984
11
149.7143899999999803
21
-66.7576179999999937
0
LINE
8
BLACK
6
CONTINUOUS
10
149.7143899999999803
20
-66.7576179999999937
11
149.7524850000000072
21
-66.7957140000000038
0
LINE
8
BLACK
6
CONTINUOUS
10
150.4762949999999933
20
-67.5576179999999908
11
150.4762949999999933
21
-67.100475000000003
0
LINE
8
BLACK
6
CONTINUOUS
10
150.4762949999999933
20
-67.3290470000000028
11
149.6762949999999819
21
-67.3290470000000028
0
LINE
8
BLACK
6
CONTINUOUS
10
149.6762949999999819
20
-67.3290470000000028
11
149.7905800000000056
21
-67.2528559999999942
0
LINE
8
BLACK
6
CONTINUOUS
10
149.7905800000000056
20
-67.2528559999999942
11
149.866771
21
-67.1766659999999973
0
LINE
8
BLACK
6
CONTINUOUS
10
149.866771
20
-67.1766659999999973
11
149.9048659999999984
21
-67.100475000000003
0
LINE
8
BLACK
6
CONTINUOUS
10
149.6762949999999819
20
-67.8242850000000033
11
149.6762949999999819
21
-68.3576189999999997
0
LINE
8
BLACK
6
CONTINUOUS
10
149.6762949999999819
20
-68.3576189999999997
11
150.4762949999999933
21
-68.0147609999999929
0
LINE
8
BLACK
6
CONTINUOUS
10
164.5388189999999895
20
-90.5431419999999889
11
164.0626279999999895
21
-90.2098089999999928
0
LINE
8
BLACK
6
CONTINUOUS
10
164.5388189999999895
20
-89.9717139999999915
11
163.5388189999999895
21
-89.9717139999999915
0
LINE
8
BLACK
6
CONTINUOUS
10
163.5388189999999895
20
-89.9717139999999915
11
163.5388189999999895
21
-90.3526659999999993
0
LINE
8
BLACK
6
CONTINUOUS
10
163.5388189999999895
20
-90.3526659999999993
11
163.5864379999999869
21
-90.4479039999999941
0
LINE
8
BLACK
6
CONTINUOUS
10
163.5864379999999869
20
-90.4479039999999941
11
163.6340569999999843
21
-90.4955229999999915
0
LINE
8
BLACK
6
CONTINUOUS
10
163.6340569999999843
20
-90.4955229999999915
11
163.7292949999999792
21
-90.5431419999999889
0
LINE
8
BLACK
6
CONTINUOUS
10
163.7292949999999792
20
-90.5431419999999889
11
163.8721519999999998
21
-90.5431419999999889
0
LINE
8
BLACK
6
CONTINUOUS
10
163.8721519999999998
20
-90.5431419999999889
11
163.9673899999999946
21
-90.4955229999999915
0
LINE
8
BLACK
6
CONTINUOUS
10
163.9673899999999946
20
-90.4955229999999915
11
164.0150089999999921
21
-90.4479039999999941
0
LINE
8
BLACK
6
CONTINUOUS
10
164.0150089999999921
20
-90.4479039999999941
11
164.0626279999999895
21
-90.3526659999999993
0
LINE
8
BLACK
6
CONTINUOUS
10
164.0626279999999895
20
-90.3526659999999993
11
164.0626279999999895
21
-89.9717139999999915
0
LINE
8
BLACK
6
CONTINUOUS
10
164.5388189999999895
20
-91.4955229999999915
11
164.5388189999999895
21
-90.9240949999999941
0
LINE
8
BLACK
6
CONTINUOUS
10
164.5388189999999895
20
-91.2098089999999928
11
163.5388189999999895
21
-91.2098089999999928
0
LINE
8
BLACK
6
CONTINUOUS
10
163.5388189999999895
20
-91.2098089999999928
11
163.6816759999999817
21
-91.114570999999998
0
LINE
8
BLACK
6
CONTINUOUS
10
163.6816759999999817
20
-91.114570999999998
11
163.776914000000005
21
-91.0193329999999889
0
LINE
8
BLACK
6
CONTINUOUS
10
163.776914000000005
20
-91.0193329999999889
11
163.8245330000000024
21
-90.9240949999999941
0
LINE
8
BLACK
6
CONTINUOUS
10
163.5388189999999895
20
-92.4002849999999967
11
163.5388189999999895
21
-91.9240949999999941
0
LINE
8
BLACK
6
CONTINUOUS
10
163.5388189999999895
20
-91.9240949999999941
11
164.0150089999999921
21
-91.8764759999999967
0
LINE
8
BLACK
6
CONTINUOUS
10
164.0150089999999921
20
-91.8764759999999967
11
163.9673899999999946
21
-91.9240949999999941
0
LINE
8
BLACK
6
CONTINUOUS
10
163.9673899999999946
20
-91.9240949999999941
11
163.9197709999999972
21
-92.0193329999999889
0
LINE
8
BLACK
6
CONTINUOUS
10
163.9197709999999972
20
-92.0193329999999889
11
163.9197709999999972
21
-92.2574279999999902
0
LINE
8
BLACK
6
CONTINUOUS
10
163.9197709999999972
20
-92.2574279999999902
11
163.9673899999999946
21
-92.3526659999999993
0
LINE
8
BLACK
6
CONTINUOUS
10
163.9673899999999946
20
-92.3526659999999993
11
164.0150089999999921
21
-92.4002849999999967
0
LINE
8
BLACK
6
CONTINUOUS
10
164.0150089999999921
20
-92.4002849999999967
11
164.1102469999999869
21
-92.4479039999999941
0
LINE
8
BLACK
6
CONTINUOUS
10
164.1102469999999869
20
-92.4479039999999941
11
164.3483420000000024
21
-92.4479039999999941
0
LINE
8
BLACK
6
CONTINUOUS
10
164.3483420000000024
20
-92.4479039999999941
11
164.4435799999999972
21
-92.4002849999999967
0
LINE
8
BLACK
6
CONTINUOUS
10
164.4435799999999972
20
-92.4002849999999967
11
164.4911999999999921
21
-92.3526659999999993
0
LINE
8
BLACK
6
CONTINUOUS
10
164.4911999999999921
20
-92.3526659999999993
11
164.5388189999999895
21
-92.2574279999999902
0
LINE
8
BLACK
6
CONTINUOUS
10
164.5388189999999895
20
-92.2574279999999902
11
164.5388189999999895
21
-92.0193329999999889
0
LINE
8
BLACK
6
CONTINUOUS
10
164.5388189999999895
20
-92.0193329999999889
11
164.4911999999999921
21
-91.9240949999999941
0
LINE
8
BLACK
6
CONTINUOUS
10
164.4911999999999921
20
-91.9240949999999941
11
164.4435799999999972
21
-91.8764759999999967
0
LINE
8
BLACK
6
CONTINUOUS
10
160.4406659999999931
20
-82.1475799999999907
11
160.4882849999999905
21
-82.1951999999999998
0
LINE
8
BLACK
6
CONTINUOUS
10
160.4882849999999905
20
-82.1951999999999998
11
160.6311419999999828
21
-82.2428189999999972
0
LINE
8
BLACK
6
CONTINUOUS
10
160.6311419999999828
20
-82.2428189999999972
11
160.726380000000006
21
-82.2428189999999972
0
LINE
8
BLACK
6
CONTINUOUS
10
160.726380000000006
20
-82.2428189999999972
11
160.8692369999999983
21
-82.1951999999999998
0
LINE
8
BLACK
6
CONTINUOUS
10
160.8692369999999983
20
-82.1951999999999998
11
160.9644749999999931
21
-82.0999609999999933
0
LINE
8
BLACK
6
CONTINUOUS
10
160.9644749999999931
20
-82.0999609999999933
11
161.0120939999999905
21
-82.0047229999999985
0
LINE
8
BLACK
6
CONTINUOUS
10
161.0120939999999905
20
-82.0047229999999985
11
161.0597129999999879
21
-81.8142469999999946
0
LINE
8
BLACK
6
CONTINUOUS
10
161.0597129999999879
20
-81.8142469999999946
11
161.0597129999999879
21
-81.6713900000000024
0
LINE
8
BLACK
6
CONTINUOUS
10
161.0597129999999879
20
-81.6713900000000024
11
161.0120939999999905
21
-81.4809139999999985
0
LINE
8
BLACK
6
CONTINUOUS
10
161.0120939999999905
20
-81.4809139999999985
11
160.9644749999999931
21
-81.3856759999999895
0
LINE
8
BLACK
6
CONTINUOUS
10
160.9644749999999931
20
-81.3856759999999895
11
160.8692369999999983
21
-81.2904379999999946
0
LINE
8
BLACK
6
CONTINUOUS
10
160.8692369999999983
20
-81.2904379999999946
11
160.726380000000006
21
-81.2428189999999972
0
LINE
8
BLACK
6
CONTINUOUS
10
160.726380000000006
20
-81.2428189999999972
11
160.6311419999999828
21
-81.2428189999999972
0
LINE
8
BLACK
6
CONTINUOUS
10
160.6311419999999828
20
-81.2428189999999972
11
160.4882849999999905
21
-81.2904379999999946
0
LINE
8
BLACK
6
CONTINUOUS
10
160.4882849999999905
20
-81.2904379999999946
11
160.4406659999999931
21
-81.3380569999999921
0
LINE
8
BLACK
6
CONTINUOUS
10
159.8692369999999983
20
-81.6713900000000024
11
159.9644749999999931
21
-81.6237709999999907
0
LINE
8
BLACK
6
CONTINUOUS
10
159.9644749999999931
20
-81.6237709999999907
11
160.0120939999999905
21
-81.5761519999999933
0
LINE
8
BLACK
6
CONTINUOUS
10
160.0120939999999905
20
-81.5761519999999933
11
160.0597129999999879
21
-81.4809139999999985
0
LINE
8
BLACK
6
CONTINUOUS
10
160.0597129999999879
20
-81.4809139999999985
11
160.0597129999999879
21
-81.4332950000000011
0
LINE
8
BLACK
6
CONTINUOUS
10
160.0597129999999879
20
-81.4332950000000011
11
160.0120939999999905
21
-81.3380569999999921
0
LINE
8
BLACK
6
CONTINUOUS
10
160.0120939999999905
20
-81.3380569999999921
11
159.9644749999999931
21
-81.2904379999999946
0
LINE
8
BLACK
6
CONTINUOUS
10
159.9644749999999931
20
-81.2904379999999946
11
159.8692369999999983
21
-81.2428189999999972
0
LINE
8
BLACK
6
CONTINUOUS
10
159.8692369999999983
20
-81.2428189999999972
11
159.6787609999999802
21
-81.2428189999999972
0
LINE
8
BLACK
6
CONTINUOUS
10
159.6787609999999802
20
-81.2428189999999972
11
159.5835229999999854
21
-81.2904379999999946
0
LINE
8
BLACK
6
CONTINUOUS
10
159.5835229999999854
20
-81.2904379999999946
11
159.5359039999999879
21
-81.3380569999999921
0
LINE
8
BLACK
6
CONTINUOUS
10
159.5359039999999879
20
-81.3380569999999921
11
159.4882849999999905
21
-81.4332950000000011
0
LINE
8
BLACK
6
CONTINUOUS
10
159.4882849999999905
20
-81.4332950000000011
11
159.4882849999999905
21
-81.4809139999999985
0
LINE
8
BLACK
6
CONTINUOUS
10
159.4882849999999905
20
-81.4809139999999985
11
159.5359039999999879
21
-81.5761519999999933
0
LINE
8
BLACK
6
CONTINUOUS
10
159.5359039999999879
20
-81.5761519999999933
11
159.5835229999999854
21
-81.6237709999999907
0
LINE
8
BLACK
6
CONTINUOUS
10
159.5835229999999854
20
-81.6237709999999907
11
159.6787609999999802
21
-81.6713900000000024
0
LINE
8
BLACK
6
CONTINUOUS
10
159.6787609999999802
20
-81.6713900000000024
11
159.8692369999999983
21
-81.6713900000000024
0
LINE
8
BLACK
6
CONTINUOUS
10
159.8692369999999983
20
-81.6713900000000024
11
159.9644749999999931
21
-81.7190089999999998
0
LINE
8
BLACK
6
CONTINUOUS
10
159.9644749999999931
20
-81.7190089999999998
11
160.0120939999999905
21
-81.7666279999999972
0
LINE
8
BLACK
6
CONTINUOUS
10
160.0120939999999905
20
-81.7666279999999972
11
160.0597129999999879
21
-81.861865999999992
0
LINE
8
BLACK
6
CONTINUOUS
10
160.0597129999999879
20
-81.861865999999992
11
160.0597129999999879
21
-82.0523419999999959
0
LINE
8
BLACK
6
CONTINUOUS
10
160.0597129999999879
20
-82.0523419999999959
11
160.0120939999999905
21
-82.1475799999999907
0
LINE
8
BLACK
6
CONTINUOUS
10
160.0120939999999905
20
-82.1475799999999907
11
159.9644749999999931
21
-82.1951999999999998
0
LINE
8
BLACK
6
CONTINUOUS
10
159.9644749999999931
20
-82.1951999999999998
11
159.8692369999999983
21
-82.2428189999999972
0
LINE
8
BLACK
6
CONTINUOUS
10
159.8692369999999983
20
-82.2428189999999972
11
159.6787609999999802
21
-82.2428189999999972
0
LINE
8
BLACK
6
CONTINUOUS
10
159.6787609999999802
20
-82.2428189999999972
11
159.5835229999999854
21
-82.1951999999999998
0
LINE
8
BLACK
6
CONTINUOUS
10
159.5835229999999854
20
-82.1951999999999998
11
159.5359039999999879
21
-82.1475799999999907
0
LINE
8
BLACK
6
CONTINUOUS
10
159.5359039999999879
20
-82.1475799999999907
11
159.4882849999999905
21
-82.0523419999999959
0
LINE
8
BLACK
6
CONTINUOUS
10
159.4882849999999905
20
-82.0523419999999959
11
159.4882849999999905
21
-81.861865999999992
0
LINE
8
BLACK
6
CONTINUOUS
10
159.4882849999999905
20
-81.861865999999992
11
159.5359039999999879
21
-81.7666279999999972
0
LINE
8
BLACK
6
CONTINUOUS
10
159.5359039999999879
20
-81.7666279999999972
11
159.5835229999999854
21
-81.7190089999999998
0
LINE
8
BLACK
6
CONTINUOUS
10
159.5835229999999854
20
-81.7190089999999998
11
159.6787609999999802
21
-81.6713900000000024
0
LINE
8
BLACK
6
CONTINUOUS
10
141.6446660000000008
20
-50.4928189999999972
11
141.9779989999999827
21
-50.0166279999999972
0
LINE
8
BLACK
6
CONTINUOUS
10
142.2160939999999982
20
-50.4928189999999972
11
142.2160939999999982
21
-49.4928189999999972
0
LINE
8
BLACK
6
CONTINUOUS
10
142.2160939999999982
20
-49.4928189999999972
11
141.8351419999999905
21
-49.4928189999999972
0
LINE
8
BLACK
6
CONTINUOUS
10
141.8351419999999905
20
-49.4928189999999972
11
141.7399039999999957
21
-49.5404379999999946
0
LINE
8
BLACK
6
CONTINUOUS
10
141.7399039999999957
20
-49.5404379999999946
11
141.6922849999999983
21
-49.5880569999999992
0
LINE
8
BLACK
6
CONTINUOUS
10
141.6922849999999983
20
-49.5880569999999992
11
141.6446660000000008
21
-49.6832950000000011
0
LINE
8
BLACK
6
CONTINUOUS
10
141.6446660000000008
20
-49.6832950000000011
11
141.6446660000000008
21
-49.8261520000000004
0
LINE
8
BLACK
6
CONTINUOUS
10
141.6446660000000008
20
-49.8261520000000004
11
141.6922849999999983
21
-49.9213899999999953
0
LINE
8
BLACK
6
CONTINUOUS
10
141.6922849999999983
20
-49.9213899999999953
11
141.7399039999999957
21
-49.9690089999999998
0
LINE
8
BLACK
6
CONTINUOUS
10
141.7399039999999957
20
-49.9690089999999998
11
141.8351419999999905
21
-50.0166279999999972
0
LINE
8
BLACK
6
CONTINUOUS
10
141.8351419999999905
20
-50.0166279999999972
11
142.2160939999999982
21
-50.0166279999999972
0
LINE
8
BLACK
6
CONTINUOUS
10
140.7875229999999931
20
-49.8261520000000004
11
140.7875229999999931
21
-50.4928189999999972
0
LINE
8
BLACK
6
CONTINUOUS
10
141.0256179999999802
20
-49.4451999999999998
11
141.2637129999999956
21
-50.1594849999999965
0
LINE
8
BLACK
6
CONTINUOUS
10
141.2637129999999956
20
-50.1594849999999965
11
140.6446660000000008
21
-50.1594849999999965
0
LINE
8
BLACK
6
CONTINUOUS
10
141.6128569999999911
20
-51.9215799999999987
11
141.6604759999999885
21
-51.9692000000000007
0
LINE
8
BLACK
6
CONTINUOUS
10
141.6604759999999885
20
-51.9692000000000007
11
141.8033329999999808
21
-52.0168189999999981
0
LINE
8
BLACK
6
CONTINUOUS
10
141.8033329999999808
20
-52.0168189999999981
11
141.898571000000004
21
-52.0168189999999981
0
LINE
8
BLACK
6
CONTINUOUS
10
141.898571000000004
20
-52.0168189999999981
11
142.0414279999999962
21
-51.9692000000000007
0
LINE
8
BLACK
6
CONTINUOUS
10
142.0414279999999962
20
-51.9692000000000007
11
142.1366659999999911
21
-51.8739609999999942
0
LINE
8
BLACK
6
CONTINUOUS
10
142.1366659999999911
20
-51.8739609999999942
11
142.1842849999999885
21
-51.7787229999999994
0
LINE
8
BLACK
6
CONTINUOUS
10
142.1842849999999885
20
-51.7787229999999994
11
142.2319039999999859
21
-51.5882469999999955
0
LINE
8
BLACK
6
CONTINUOUS
10
142.2319039999999859
20
-51.5882469999999955
11
142.2319039999999859
21
-51.4453899999999962
0
LINE
8
BLACK
6
CONTINUOUS
10
142.2319039999999859
20
-51.4453899999999962
11
142.1842849999999885
21
-51.2549139999999994
0
LINE
8
BLACK
6
CONTINUOUS
10
142.1842849999999885
20
-51.2549139999999994
11
142.1366659999999911
21
-51.1596759999999975
0
LINE
8
BLACK
6
CONTINUOUS
10
142.1366659999999911
20
-51.1596759999999975
11
142.0414279999999962
21
-51.0644379999999956
0
LINE
8
BLACK
6
CONTINUOUS
10
142.0414279999999962
20
-51.0644379999999956
11
141.898571000000004
21
-51.0168189999999981
0
LINE
8
BLACK
6
CONTINUOUS
10
141.898571000000004
20
-51.0168189999999981
11
141.8033329999999808
21
-51.0168189999999981
0
LINE
8
BLACK
6
CONTINUOUS
10
141.8033329999999808
20
-51.0168189999999981
11
141.6604759999999885
21
-51.0644379999999956
0
LINE
8
BLACK
6
CONTINUOUS
10
141.6604759999999885
20
-51.0644379999999956
11
141.6128569999999911
21
-51.1120570000000001
0
LINE
8
BLACK
6
CONTINUOUS
10
141.2319039999999859
20
-51.1120570000000001
11
141.1842849999999885
21
-51.0644379999999956
0
LINE
8
BLACK
6
CONTINUOUS
10
141.1842849999999885
20
-51.0644379999999956
11
141.0890469999999937
21
-51.0168189999999981
0
LINE
8
BLACK
6
CONTINUOUS
10
141.0890469999999937
20
-51.0168189999999981
11
140.8509520000000066
21
-51.0168189999999981
0
LINE
8
BLACK
6
CONTINUOUS
10
140.8509520000000066
20
-51.0168189999999981
11
140.7557139999999833
21
-51.0644379999999956
0
LINE
8
BLACK
6
CONTINUOUS
10
140.7557139999999833
20
-51.0644379999999956
11
140.7080949999999859
21
-51.1120570000000001
0
LINE
8
BLACK
6
CONTINUOUS
10
140.7080949999999859
20
-51.1120570000000001
11
140.6604759999999885
21
-51.2072949999999949
0
LINE
8
BLACK
6
CONTINUOUS
10
140.6604759999999885
20
-51.2072949999999949
11
140.6604759999999885
21
-51.3025329999999968
0
LINE
8
BLACK
6
CONTINUOUS
10
140.6604759999999885
20
-51.3025329999999968
11
140.7080949999999859
21
-51.4453899999999962
0
LINE
8
BLACK
6
CONTINUOUS
10
140.7080949999999859
20
-51.4453899999999962
11
141.2795229999999833
21
-52.0168189999999981
0
LINE
8
BLACK
6
CONTINUOUS
10
141.2795229999999833
20
-52.0168189999999981
11
140.6604759999999885
21
-52.0168189999999981
0
LINE
8
BLACK
6
CONTINUOUS
10
140.0890469999999937
20
-51.4453899999999962
11
140.1842849999999885
21
-51.3977709999999988
0
LINE
8
BLACK
6
CONTINUOUS
10
140.1842849999999885
20
-51.3977709999999988
11
140.2319039999999859
21
-51.3501519999999942
0
LINE
8
BLACK
6
CONTINUOUS
10
140.2319039999999859
20
-51.3501519999999942
11
140.2795229999999833
21
-51.2549139999999994
0
LINE
8
BLACK
6
CONTINUOUS
10
140.2795229999999833
20
-51.2549139999999994
11
140.2795229999999833
21
-51.2072949999999949
0
LINE
8
BLACK
6
CONTINUOUS
10
140.2795229999999833
20
-51.2072949999999949
11
140.2319039999999859
21
-51.1120570000000001
0
LINE
8
BLACK
6
CONTINUOUS
10
140.2319039999999859
20
-51.1120570000000001
11
140.1842849999999885
21
-51.0644379999999956
0
LINE
8
BLACK
6
CONTINUOUS
10
140.1842849999999885
20
-51.0644379999999956
11
140.0890469999999937
21
-51.0168189999999981
0
LINE
8
BLACK
6
CONTINUOUS
10
140.0890469999999937
20
-51.0168189999999981
11
139.898571000000004
21
-51.0168189999999981
0
LINE
8
BLACK
6
CONTINUOUS
10
139.898571000000004
20
-51.0168189999999981
11
139.8033329999999808
21
-51.0644379999999956
0
LINE
8
BLACK
6
CONTINUOUS
10
139.8033329999999808
20
-51.0644379999999956
11
139.7557139999999833
21
-51.1120570000000001
0
LINE
8
BLACK
6
CONTINUOUS
10
139.7557139999999833
20
-51.1120570000000001
11
139.7080949999999859
21
-51.2072949999999949
0
LINE
8
BLACK
6
CONTINUOUS
10
139.7080949999999859
20
-51.2072949999999949
11
139.7080949999999859
21
-51.2549139999999994
0
LINE
8
BLACK
6
CONTINUOUS
10
139.7080949999999859
20
-51.2549139999999994
11
139.7557139999999833
21
-51.3501519999999942
0
LINE
8
BLACK
6
CONTINUOUS
10
139.7557139999999833
20
-51.3501519999999942
11
139.8033329999999808
21
-51.3977709999999988
0
LINE
8
BLACK
6
CONTINUOUS
10
139.8033329999999808
20
-51.3977709999999988
11
139.898571000000004
21
-51.4453899999999962
0
LINE
8
BLACK
6
CONTINUOUS
10
139.898571000000004
20
-51.4453899999999962
11
140.0890469999999937
21
-51.4453899999999962
0
LINE
8
BLACK
6
CONTINUOUS
10
140.0890469999999937
20
-51.4453899999999962
11
140.1842849999999885
21
-51.4930090000000007
0
LINE
8
BLACK
6
CONTINUOUS
10
140.1842849999999885
20
-51.4930090000000007
11
140.2319039999999859
21
-51.5406279999999981
0
LINE
8
BLACK
6
CONTINUOUS
10
140.2319039999999859
20
-51.5406279999999981
11
140.2795229999999833
21
-51.635866
0
LINE
8
BLACK
6
CONTINUOUS
10
140.2795229999999833
20
-51.635866
11
140.2795229999999833
21
-51.8263419999999968
0
LINE
8
BLACK
6
CONTINUOUS
10
140.2795229999999833
20
-51.8263419999999968
11
140.2319039999999859
21
-51.9215799999999987
0
LINE
8
BLACK
6
CONTINUOUS
10
140.2319039999999859
20
-51.9215799999999987
11
140.1842849999999885
21
-51.9692000000000007
0
LINE
8
BLACK
6
CONTINUOUS
10
140.1842849999999885
20
-51.9692000000000007
11
140.0890469999999937
21
-52.0168189999999981
0
LINE
8
BLACK
6
CONTINUOUS
10
140.0890469999999937
20
-52.0168189999999981
11
139.898571000000004
21
-52.0168189999999981
0
LINE
8
BLACK
6
CONTINUOUS
10
139.898571000000004
20
-52.0168189999999981
11
139.8033329999999808
21
-51.9692000000000007
0
LINE
8
BLACK
6
CONTINUOUS
10
139.8033329999999808
20
-51.9692000000000007
11
139.7557139999999833
21
-51.9215799999999987
0
LINE
8
BLACK
6
CONTINUOUS
10
139.7557139999999833
20
-51.9215799999999987
11
139.7080949999999859
21
-51.8263419999999968
0
LINE
8
BLACK
6
CONTINUOUS
10
139.7080949999999859
20
-51.8263419999999968
11
139.7080949999999859
21
-51.635866
0
LINE
8
BLACK
6
CONTINUOUS
10
139.7080949999999859
20
-51.635866
11
139.7557139999999833
21
-51.5406279999999981
0
LINE
8
BLACK
6
CONTINUOUS
10
139.7557139999999833
20
-51.5406279999999981
11
139.8033329999999808
21
-51.4930090000000007
0
LINE
8
BLACK
6
CONTINUOUS
10
139.8033329999999808
20
-51.4930090000000007
11
139.898571000000004
21
-51.4453899999999962
0
LINE
8
BLACK
6
CONTINUOUS
10
179.2293329999999969
20
-64.1808189999999996
11
179.2293329999999969
21
-64.8951040000000035
0
LINE
8
BLACK
6
CONTINUOUS
10
179.2293329999999969
20
-64.8951040000000035
11
179.2769519999999943
21
-65.0379609999999957
0
LINE
8
BLACK
6
CONTINUOUS
10
179.2769519999999943
20
-65.0379609999999957
11
179.3721899999999891
21
-65.1332000000000022
0
LINE
8
BLACK
6
CONTINUOUS
10
179.3721899999999891
20
-65.1332000000000022
11
179.5150469999999814
21
-65.1808189999999996
0
LINE
8
BLACK
6
CONTINUOUS
10
179.5150469999999814
20
-65.1808189999999996
11
179.6102850000000046
21
-65.1808189999999996
0
LINE
8
BLACK
6
CONTINUOUS
10
178.3245709999999917
20
-64.5141519999999957
11
178.3245709999999917
21
-65.1808189999999996
0
LINE
8
BLACK
6
CONTINUOUS
10
178.5626659999999788
20
-64.1332000000000022
11
178.8007609999999943
21
-64.8474849999999918
0
LINE
8
BLACK
6
CONTINUOUS
10
178.8007609999999943
20
-64.8474849999999918
11
178.1817139999999995
21
-64.8474849999999918
0
LINE
8
BLACK
6
CONTINUOUS
10
168.3488189999999918
20
-65.3653329999999926
11
167.8726279999999917
21
-65.0319999999999965
0
LINE
8
BLACK
6
CONTINUOUS
10
168.3488189999999918
20
-64.7939049999999952
11
167.3488189999999918
21
-64.7939049999999952
0
LINE
8
BLACK
6
CONTINUOUS
10
167.3488189999999918
20
-64.7939049999999952
11
167.3488189999999918
21
-65.1748570000000029
0
LINE
8
BLACK
6
CONTINUOUS
10
167.3488189999999918
20
-65.1748570000000029
11
167.3964379999999892
21
-65.2700949999999978
0
LINE
8
BLACK
6
CONTINUOUS
10
167.3964379999999892
20
-65.2700949999999978
11
167.4440569999999866
21
-65.3177139999999952
0
LINE
8
BLACK
6
CONTINUOUS
10
167.4440569999999866
20
-65.3177139999999952
11
167.5392949999999814
21
-65.3653329999999926
0
LINE
8
BLACK
6
CONTINUOUS
10
167.5392949999999814
20
-65.3653329999999926
11
167.6821520000000021
21
-65.3653329999999926
0
LINE
8
BLACK
6
CONTINUOUS
10
167.6821520000000021
20
-65.3653329999999926
11
167.7773899999999969
21
-65.3177139999999952
0
LINE
8
BLACK
6
CONTINUOUS
10
167.7773899999999969
20
-65.3177139999999952
11
167.8250089999999943
21
-65.2700949999999978
0
LINE
8
BLACK
6
CONTINUOUS
10
167.8250089999999943
20
-65.2700949999999978
11
167.8726279999999917
21
-65.1748570000000029
0
LINE
8
BLACK
6
CONTINUOUS
10
167.8726279999999917
20
-65.1748570000000029
11
167.8726279999999917
21
-64.7939049999999952
0
LINE
8
BLACK
6
CONTINUOUS
10
167.4440569999999866
20
-65.7462859999999978
11
167.3964379999999892
21
-65.7939049999999952
0
LINE
8
BLACK
6
CONTINUOUS
10
167.3964379999999892
20
-65.7939049999999952
11
167.3488189999999918
21
-65.88914299999999
0
LINE
8
BLACK
6
CONTINUOUS
10
167.3488189999999918
20
-65.88914299999999
11
167.3488189999999918
21
-66.1272379999999913
0
LINE
8
BLACK
6
CONTINUOUS
10
167.3488189999999918
20
-66.1272379999999913
11
167.3964379999999892
21
-66.2224760000000003
0
LINE
8
BLACK
6
CONTINUOUS
10
167.3964379999999892
20
-66.2224760000000003
11
167.4440569999999866
21
-66.2700949999999978
0
LINE
8
BLACK
6
CONTINUOUS
10
167.4440569999999866
20
-66.2700949999999978
11
167.5392949999999814
21
-66.3177139999999952
0
LINE
8
BLACK
6
CONTINUOUS
10
167.5392949999999814
20
-66.3177139999999952
11
167.6345330000000047
21
-66.3177139999999952
0
LINE
8
BLACK
6
CONTINUOUS
10
167.6345330000000047
20
-66.3177139999999952
11
167.7773899999999969
21
-66.2700949999999978
0
LINE
8
BLACK
6
CONTINUOUS
10
167.7773899999999969
20
-66.2700949999999978
11
168.3488189999999918
21
-65.6986670000000004
0
LINE
8
BLACK
6
CONTINUOUS
10
168.3488189999999918
20
-65.6986670000000004
11
168.3488189999999918
21
-66.3177139999999952
0
LINE
8
BLACK
6
CONTINUOUS
10
166.2508569999999963
20
-88.1335799999999949
11
166.2984759999999937
21
-88.1811999999999898
0
LINE
8
BLACK
6
CONTINUOUS
10
166.2984759999999937
20
-88.1811999999999898
11
166.441332999999986
21
-88.2288190000000014
0
LINE
8
BLACK
6
CONTINUOUS
10
166.441332999999986
20
-88.2288190000000014
11
166.5365709999999808
21
-88.2288190000000014
0
LINE
8
BLACK
6
CONTINUOUS
10
166.5365709999999808
20
-88.2288190000000014
11
166.6794280000000015
21
-88.1811999999999898
0
LINE
8
BLACK
6
CONTINUOUS
10
166.6794280000000015
20
-88.1811999999999898
11
166.7746659999999963
21
-88.0859609999999975
0
LINE
8
BLACK
6
CONTINUOUS
10
166.7746659999999963
20
-88.0859609999999975
11
166.8222849999999937
21
-87.9907230000000027
0
LINE
8
BLACK
6
CONTINUOUS
10
166.8222849999999937
20
-87.9907230000000027
11
166.8699039999999911
21
-87.8002469999999988
0
LINE
8
BLACK
6
CONTINUOUS
10
166.8699039999999911
20
-87.8002469999999988
11
166.8699039999999911
21
-87.6573899999999924
0
LINE
8
BLACK
6
CONTINUOUS
10
166.8699039999999911
20
-87.6573899999999924
11
166.8222849999999937
21
-87.4669140000000027
0
LINE
8
BLACK
6
CONTINUOUS
10
166.8222849999999937
20
-87.4669140000000027
11
166.7746659999999963
21
-87.3716759999999937
0
LINE
8
BLACK
6
CONTINUOUS
10
166.7746659999999963
20
-87.3716759999999937
11
166.6794280000000015
21
-87.2764379999999989
0
LINE
8
BLACK
6
CONTINUOUS
10
166.6794280000000015
20
-87.2764379999999989
11
166.5365709999999808
21
-87.2288190000000014
0
LINE
8
BLACK
6
CONTINUOUS
10
166.5365709999999808
20
-87.2288190000000014
11
166.441332999999986
21
-87.2288190000000014
0
LINE
8
BLACK
6
CONTINUOUS
10
166.441332999999986
20
-87.2288190000000014
11
166.2984759999999937
21
-87.2764379999999989
0
LINE
8
BLACK
6
CONTINUOUS
10
166.2984759999999937
20
-87.2764379999999989
11
166.2508569999999963
21
-87.3240569999999963
0
LINE
8
BLACK
6
CONTINUOUS
10
165.2984759999999937
20
-88.2288190000000014
11
165.8699039999999911
21
-88.2288190000000014
0
LINE
8
BLACK
6
CONTINUOUS
10
165.5841900000000066
20
-88.2288190000000014
11
165.5841900000000066
21
-87.2288190000000014
0
LINE
8
BLACK
6
CONTINUOUS
10
165.5841900000000066
20
-87.2288190000000014
11
165.6794280000000015
21
-87.3716759999999937
0
LINE
8
BLACK
6
CONTINUOUS
10
165.6794280000000015
20
-87.3716759999999937
11
165.7746659999999963
21
-87.4669140000000027
0
LINE
8
BLACK
6
CONTINUOUS
10
165.7746659999999963
20
-87.4669140000000027
11
165.8699039999999911
21
-87.5145330000000001
0
LINE
8
BLACK
6
CONTINUOUS
10
164.6794280000000015
20
-87.2288190000000014
11
164.5841900000000066
21
-87.2288190000000014
0
LINE
8
BLACK
6
CONTINUOUS
10
164.5841900000000066
20
-87.2288190000000014
11
164.4889519999999834
21
-87.2764379999999989
0
LINE
8
BLACK
6
CONTINUOUS
10
164.4889519999999834
20
-87.2764379999999989
11
164.441332999999986
21
-87.3240569999999963
0
LINE
8
BLACK
6
CONTINUOUS
10
164.441332999999986
20
-87.3240569999999963
11
164.3937139999999886
21
-87.4192949999999911
0
LINE
8
BLACK
6
CONTINUOUS
10
164.3937139999999886
20
-87.4192949999999911
11
164.3460949999999912
21
-87.609770999999995
0
LINE
8
BLACK
6
CONTINUOUS
10
164.3460949999999912
20
-87.609770999999995
11
164.3460949999999912
21
-87.8478659999999962
0
LINE
8
BLACK
6
CONTINUOUS
10
164.3460949999999912
20
-87.8478659999999962
11
164.3937139999999886
21
-88.0383420000000001
0
LINE
8
BLACK
6
CONTINUOUS
10
164.3937139999999886
20
-88.0383420000000001
11
164.441332999999986
21
-88.1335799999999949
0
LINE
8
BLACK
6
CONTINUOUS
10
164.441332999999986
20
-88.1335799999999949
11
164.4889519999999834
21
-88.1811999999999898
0
LINE
8
BLACK
6
CONTINUOUS
10
164.4889519999999834
20
-88.1811999999999898
11
164.5841900000000066
21
-88.2288190000000014
0
LINE
8
BLACK
6
CONTINUOUS
10
164.5841900000000066
20
-88.2288190000000014
11
164.6794280000000015
21
-88.2288190000000014
0
LINE
8
BLACK
6
CONTINUOUS
10
164.6794280000000015
20
-88.2288190000000014
11
164.7746659999999963
21
-88.1811999999999898
0
LINE
8
BLACK
6
CONTINUOUS
10
164.7746659999999963
20
-88.1811999999999898
11
164.8222849999999937
21
-88.1335799999999949
0
LINE
8
BLACK
6
CONTINUOUS
10
164.8222849999999937
20
-88.1335799999999949
11
164.8699039999999911
21
-88.0383420000000001
0
LINE
8
BLACK
6
CONTINUOUS
10
164.8699039999999911
20
-88.0383420000000001
11
164.9175229999999885
21
-87.8478659999999962
0
LINE
8
BLACK
6
CONTINUOUS
10
164.9175229999999885
20
-87.8478659999999962
11
164.9175229999999885
21
-87.609770999999995
0
LINE
8
BLACK
6
CONTINUOUS
10
164.9175229999999885
20
-87.609770999999995
11
164.8699039999999911
21
-87.4192949999999911
0
LINE
8
BLACK
6
CONTINUOUS
10
164.8699039999999911
20
-87.4192949999999911
11
164.8222849999999937
21
-87.3240569999999963
0
LINE
8
BLACK
6
CONTINUOUS
10
164.8222849999999937
20
-87.3240569999999963
11
164.7746659999999963
21
-87.2764379999999989
0
LINE
8
BLACK
6
CONTINUOUS
10
164.7746659999999963
20
-87.2764379999999989
11
164.6794280000000015
21
-87.2288190000000014
0
LINE
8
BLACK
6
CONTINUOUS
10
141.6128569999999911
20
-53.4455799999999996
11
141.6604759999999885
21
-53.4931999999999945
0
LINE
8
BLACK
6
CONTINUOUS
10
141.6604759999999885
20
-53.4931999999999945
11
141.8033329999999808
21
-53.5408189999999991
0
LINE
8
BLACK
6
CONTINUOUS
10
141.8033329999999808
20
-53.5408189999999991
11
141.898571000000004
21
-53.5408189999999991
0
LINE
8
BLACK
6
CONTINUOUS
10
141.898571000000004
20
-53.5408189999999991
11
142.0414279999999962
21
-53.4931999999999945
0
LINE
8
BLACK
6
CONTINUOUS
10
142.0414279999999962
20
-53.4931999999999945
11
142.1366659999999911
21
-53.3979609999999951
0
LINE
8
BLACK
6
CONTINUOUS
10
142.1366659999999911
20
-53.3979609999999951
11
142.1842849999999885
21
-53.3027230000000003
0
LINE
8
BLACK
6
CONTINUOUS
10
142.1842849999999885
20
-53.3027230000000003
11
142.2319039999999859
21
-53.1122469999999964
0
LINE
8
BLACK
6
CONTINUOUS
10
142.2319039999999859
20
-53.1122469999999964
11
142.2319039999999859
21
-52.9693899999999971
0
LINE
8
BLACK
6
CONTINUOUS
10
142.2319039999999859
20
-52.9693899999999971
11
142.1842849999999885
21
-52.7789140000000003
0
LINE
8
BLACK
6
CONTINUOUS
10
142.1842849999999885
20
-52.7789140000000003
11
142.1366659999999911
21
-52.6836759999999984
0
LINE
8
BLACK
6
CONTINUOUS
10
142.1366659999999911
20
-52.6836759999999984
11
142.0414279999999962
21
-52.5884379999999965
0
LINE
8
BLACK
6
CONTINUOUS
10
142.0414279999999962
20
-52.5884379999999965
11
141.898571000000004
21
-52.5408189999999991
0
LINE
8
BLACK
6
CONTINUOUS
10
141.898571000000004
20
-52.5408189999999991
11
141.8033329999999808
21
-52.5408189999999991
0
LINE
8
BLACK
6
CONTINUOUS
10
141.8033329999999808
20
-52.5408189999999991
11
141.6604759999999885
21
-52.5884379999999965
0
LINE
8
BLACK
6
CONTINUOUS
10
141.6604759999999885
20
-52.5884379999999965
11
141.6128569999999911
21
-52.636057000000001
0
LINE
8
BLACK
6
CONTINUOUS
10
141.2319039999999859
20
-52.636057000000001
11
141.1842849999999885
21
-52.5884379999999965
0
LINE
8
BLACK
6
CONTINUOUS
10
141.1842849999999885
20
-52.5884379999999965
11
141.0890469999999937
21
-52.5408189999999991
0
LINE
8
BLACK
6
CONTINUOUS
10
141.0890469999999937
20
-52.5408189999999991
11
140.8509520000000066
21
-52.5408189999999991
0
LINE
8
BLACK
6
CONTINUOUS
10
140.8509520000000066
20
-52.5408189999999991
11
140.7557139999999833
21
-52.5884379999999965
0
LINE
8
BLACK
6
CONTINUOUS
10
140.7557139999999833
20
-52.5884379999999965
11
140.7080949999999859
21
-52.636057000000001
0
LINE
8
BLACK
6
CONTINUOUS
10
140.7080949999999859
20
-52.636057000000001
11
140.6604759999999885
21
-52.7312949999999958
0
LINE
8
BLACK
6
CONTINUOUS
10
140.6604759999999885
20
-52.7312949999999958
11
140.6604759999999885
21
-52.8265329999999977
0
LINE
8
BLACK
6
CONTINUOUS
10
140.6604759999999885
20
-52.8265329999999977
11
140.7080949999999859
21
-52.9693899999999971
0
LINE
8
BLACK
6
CONTINUOUS
10
140.7080949999999859
20
-52.9693899999999971
11
141.2795229999999833
21
-53.5408189999999991
0
LINE
8
BLACK
6
CONTINUOUS
10
141.2795229999999833
20
-53.5408189999999991
11
140.6604759999999885
21
-53.5408189999999991
0
LINE
8
BLACK
6
CONTINUOUS
10
140.3271419999999807
20
-52.5408189999999991
11
139.6604759999999885
21
-52.5408189999999991
0
LINE
8
BLACK
6
CONTINUOUS
10
139.6604759999999885
20
-52.5408189999999991
11
140.0890469999999937
21
-53.5408189999999991
0
LINE
8
BLACK
6
CONTINUOUS
10
132.7888189999999895
20
-66.1591420000000028
11
132.3126279999999895
21
-65.8258089999999925
0
LINE
8
BLACK
6
CONTINUOUS
10
132.7888189999999895
20
-65.5877139999999912
11
131.7888189999999895
21
-65.5877139999999912
0
LINE
8
BLACK
6
CONTINUOUS
10
131.7888189999999895
20
-65.5877139999999912
11
131.7888189999999895
21
-65.9686659999999989
0
LINE
8
BLACK
6
CONTINUOUS
10
131.7888189999999895
20
-65.9686659999999989
11
131.8364379999999869
21
-66.0639039999999937
0
LINE
8
BLACK
6
CONTINUOUS
10
131.8364379999999869
20
-66.0639039999999937
11
131.8840569999999843
21
-66.1115229999999912
0
LINE
8
BLACK
6
CONTINUOUS
10
131.8840569999999843
20
-66.1115229999999912
11
131.9792950000000076
21
-66.1591420000000028
0
LINE
8
BLACK
6
CONTINUOUS
10
131.9792950000000076
20
-66.1591420000000028
11
132.1221519999999998
21
-66.1591420000000028
0
LINE
8
BLACK
6
CONTINUOUS
10
132.1221519999999998
20
-66.1591420000000028
11
132.2173899999999946
21
-66.1115229999999912
0
LINE
8
BLACK
6
CONTINUOUS
10
132.2173899999999946
20
-66.1115229999999912
11
132.2650089999999921
21
-66.0639039999999937
0
LINE
8
BLACK
6
CONTINUOUS
10
132.2650089999999921
20
-66.0639039999999937
11
132.3126279999999895
21
-65.9686659999999989
0
LINE
8
BLACK
6
CONTINUOUS
10
132.3126279999999895
20
-65.9686659999999989
11
132.3126279999999895
21
-65.5877139999999912
0
LINE
8
BLACK
6
CONTINUOUS
10
132.7888189999999895
20
-67.1115229999999912
11
132.7888189999999895
21
-66.5400949999999938
0
LINE
8
BLACK
6
CONTINUOUS
10
132.7888189999999895
20
-66.8258089999999925
11
131.7888189999999895
21
-66.8258089999999925
0
LINE
8
BLACK
6
CONTINUOUS
10
131.7888189999999895
20
-66.8258089999999925
11
131.9316759999999817
21
-66.7305709999999976
0
LINE
8
BLACK
6
CONTINUOUS
10
131.9316759999999817
20
-66.7305709999999976
11
132.026914000000005
21
-66.6353330000000028
0
LINE
8
BLACK
6
CONTINUOUS
10
132.026914000000005
20
-66.6353330000000028
11
132.0745330000000024
21
-66.5400949999999938
0
LINE
8
BLACK
6
CONTINUOUS
10
132.7888189999999895
20
-67.5877139999999912
11
132.7888189999999895
21
-67.7781899999999951
0
LINE
8
BLACK
6
CONTINUOUS
10
132.7888189999999895
20
-67.7781899999999951
11
132.7411999999999921
21
-67.8734279999999899
0
LINE
8
BLACK
6
CONTINUOUS
10
132.7411999999999921
20
-67.8734279999999899
11
132.6935799999999972
21
-67.9210470000000015
0
LINE
8
BLACK
6
CONTINUOUS
10
132.6935799999999972
20
-67.9210470000000015
11
132.550723000000005
21
-68.0162849999999963
0
LINE
8
BLACK
6
CONTINUOUS
10
132.550723000000005
20
-68.0162849999999963
11
132.3602469999999869
21
-68.0639039999999937
0
LINE
8
BLACK
6
CONTINUOUS
10
132.3602469999999869
20
-68.0639039999999937
11
131.9792950000000076
21
-68.0639039999999937
0
LINE
8
BLACK
6
CONTINUOUS
10
131.9792950000000076
20
-68.0639039999999937
11
131.8840569999999843
21
-68.0162849999999963
0
LINE
8
BLACK
6
CONTINUOUS
10
131.8840569999999843
20
-68.0162849999999963
11
131.8364379999999869
21
-67.9686659999999989
0
LINE
8
BLACK
6
CONTINUOUS
10
131.8364379999999869
20
-67.9686659999999989
11
131.7888189999999895
21
-67.8734279999999899
0
LINE
8
BLACK
6
CONTINUOUS
10
131.7888189999999895
20
-67.8734279999999899
11
131.7888189999999895
21
-67.6829520000000002
0
LINE
8
BLACK
6
CONTINUOUS
10
131.7888189999999895
20
-67.6829520000000002
11
131.8364379999999869
21
-67.5877139999999912
0
LINE
8
BLACK
6
CONTINUOUS
10
131.8364379999999869
20
-67.5877139999999912
11
131.8840569999999843
21
-67.5400949999999938
0
LINE
8
BLACK
6
CONTINUOUS
10
131.8840569999999843
20
-67.5400949999999938
11
131.9792950000000076
21
-67.4924759999999964
0
LINE
8
BLACK
6
CONTINUOUS
10
131.9792950000000076
20
-67.4924759999999964
11
132.2173899999999946
21
-67.4924759999999964
0
LINE
8
BLACK
6
CONTINUOUS
10
132.2173899999999946
20
-67.4924759999999964
11
132.3126279999999895
21
-67.5400949999999938
0
LINE
8
BLACK
6
CONTINUOUS
10
132.3126279999999895
20
-67.5400949999999938
11
132.3602469999999869
21
-67.5877139999999912
0
LINE
8
BLACK
6
CONTINUOUS
10
132.3602469999999869
20
-67.5877139999999912
11
132.4078659999999843
21
-67.6829520000000002
0
LINE
8
BLACK
6
CONTINUOUS
10
132.4078659999999843
20
-67.6829520000000002
11
132.4078659999999843
21
-67.8734279999999899
0
LINE
8
BLACK
6
CONTINUOUS
10
132.4078659999999843
20
-67.8734279999999899
11
132.3602469999999869
21
-67.9686659999999989
0
LINE
8
BLACK
6
CONTINUOUS
10
132.3602469999999869
20
-67.9686659999999989
11
132.3126279999999895
21
-68.0162849999999963
0
LINE
8
BLACK
6
CONTINUOUS
10
132.3126279999999895
20
-68.0162849999999963
11
132.2173899999999946
21
-68.0639039999999937
0
LINE
8
BLACK
6
CONTINUOUS
10
157.0548189999999806
20
-96.5833329999999961
11
157.0548189999999806
21
-96.1071429999999935
0
LINE
8
BLACK
6
CONTINUOUS
10
157.0548189999999806
20
-96.1071429999999935
11
156.0548189999999806
21
-96.1071429999999935
0
LINE
8
BLACK
6
CONTINUOUS
10
157.0548189999999806
20
-97.4404759999999897
11
157.0548189999999806
21
-96.8690479999999923
0
LINE
8
BLACK
6
CONTINUOUS
10
157.0548189999999806
20
-97.154761999999991
11
156.0548189999999806
21
-97.154761999999991
0
LINE
8
BLACK
6
CONTINUOUS
10
156.0548189999999806
20
-97.154761999999991
11
156.1976760000000013
21
-97.0595239999999961
0
LINE
8
BLACK
6
CONTINUOUS
10
156.1976760000000013
20
-97.0595239999999961
11
156.2929139999999961
21
-96.9642860000000013
0
LINE
8
BLACK
6
CONTINUOUS
10
156.2929139999999961
20
-96.9642860000000013
11
156.3405329999999935
21
-96.8690479999999923
0
LINE
8
BLACK
6
CONTINUOUS
10
124.5655799999999971
20
-75.0833329999999961
11
124.613199999999992
21
-75.0357139999999987
0
LINE
8
BLACK
6
CONTINUOUS
10
124.613199999999992
20
-75.0357139999999987
11
124.6608189999999894
21
-74.8928569999999922
0
LINE
8
BLACK
6
CONTINUOUS
10
124.6608189999999894
20
-74.8928569999999922
11
124.6608189999999894
21
-74.7976189999999974
0
LINE
8
BLACK
6
CONTINUOUS
10
124.6608189999999894
20
-74.7976189999999974
11
124.613199999999992
21
-74.654761999999991
0
LINE
8
BLACK
6
CONTINUOUS
10
124.613199999999992
20
-74.654761999999991
11
124.5179609999999997
21
-74.5595239999999961
0
LINE
8
BLACK
6
CONTINUOUS
10
124.5179609999999997
20
-74.5595239999999961
11
124.4227229999999906
21
-74.5119049999999987
0
LINE
8
BLACK
6
CONTINUOUS
10
124.4227229999999906
20
-74.5119049999999987
11
124.232247000000001
21
-74.4642860000000013
0
LINE
8
BLACK
6
CONTINUOUS
10
124.232247000000001
20
-74.4642860000000013
11
124.0893899999999945
21
-74.4642860000000013
0
LINE
8
BLACK
6
CONTINUOUS
10
124.0893899999999945
20
-74.4642860000000013
11
123.8989139999999907
21
-74.5119049999999987
0
LINE
8
BLACK
6
CONTINUOUS
10
123.8989139999999907
20
-74.5119049999999987
11
123.8036759999999958
21
-74.5595239999999961
0
LINE
8
BLACK
6
CONTINUOUS
10
123.8036759999999958
20
-74.5595239999999961
11
123.708438000000001
21
-74.654761999999991
0
LINE
8
BLACK
6
CONTINUOUS
10
123.708438000000001
20
-74.654761999999991
11
123.6608189999999894
21
-74.7976189999999974
0
LINE
8
BLACK
6
CONTINUOUS
10
123.6608189999999894
20
-74.7976189999999974
11
123.6608189999999894
21
-74.8928569999999922
0
LINE
8
BLACK
6
CONTINUOUS
10
123.6608189999999894
20
-74.8928569999999922
11
123.708438000000001
21
-75.0357139999999987
0
LINE
8
BLACK
6
CONTINUOUS
10
123.708438000000001
20
-75.0357139999999987
11
123.7560569999999984
21
-75.0833329999999961
0
LINE
8
BLACK
6
CONTINUOUS
10
123.6608189999999894
20
-75.4166669999999897
11
123.6608189999999894
21
-76.0357139999999987
0
LINE
8
BLACK
6
CONTINUOUS
10
123.6608189999999894
20
-76.0357139999999987
11
124.0417709999999971
21
-75.7023810000000026
0
LINE
8
BLACK
6
CONTINUOUS
10
124.0417709999999971
20
-75.7023810000000026
11
124.0417709999999971
21
-75.8452379999999948
0
LINE
8
BLACK
6
CONTINUOUS
10
124.0417709999999971
20
-75.8452379999999948
11
124.0893899999999945
21
-75.9404759999999897
0
LINE
8
BLACK
6
CONTINUOUS
10
124.0893899999999945
20
-75.9404759999999897
11
124.1370089999999919
21
-75.9880950000000013
0
LINE
8
BLACK
6
CONTINUOUS
10
124.1370089999999919
20
-75.9880950000000013
11
124.232247000000001
21
-76.0357139999999987
0
LINE
8
BLACK
6
CONTINUOUS
10
124.232247000000001
20
-76.0357139999999987
11
124.470341999999988
21
-76.0357139999999987
0
LINE
8
BLACK
6
CONTINUOUS
10
124.470341999999988
20
-76.0357139999999987
11
124.5655799999999971
21
-75.9880950000000013
0
LINE
8
BLACK
6
CONTINUOUS
10
124.5655799999999971
20
-75.9880950000000013
11
124.613199999999992
21
-75.9404759999999897
0
LINE
8
BLACK
6
CONTINUOUS
10
124.613199999999992
20
-75.9404759999999897
11
124.6608189999999894
21
-75.8452379999999948
0
LINE
8
BLACK
6
CONTINUOUS
10
124.6608189999999894
20
-75.8452379999999948
11
124.6608189999999894
21
-75.5595239999999961
0
LINE
8
BLACK
6
CONTINUOUS
10
124.6608189999999894
20
-75.5595239999999961
11
124.613199999999992
21
-75.4642860000000013
0
LINE
8
BLACK
6
CONTINUOUS
10
124.613199999999992
20
-75.4642860000000013
11
124.5655799999999971
21
-75.4166669999999897
0
LINE
8
BLACK
6
CONTINUOUS
10
126.3435799999999887
20
-67.1751419999999939
11
126.3911999999999978
21
-67.1275229999999965
0
LINE
8
BLACK
6
CONTINUOUS
10
126.3911999999999978
20
-67.1275229999999965
11
126.4388189999999952
21
-66.98466599999999
0
LINE
8
BLACK
6
CONTINUOUS
10
126.4388189999999952
20
-66.98466599999999
11
126.4388189999999952
21
-66.8894279999999952
0
LINE
8
BLACK
6
CONTINUOUS
10
126.4388189999999952
20
-66.8894279999999952
11
126.3911999999999978
21
-66.746571000000003
0
LINE
8
BLACK
6
CONTINUOUS
10
126.3911999999999978
20
-66.746571000000003
11
126.2959609999999913
21
-66.6513329999999939
0
LINE
8
BLACK
6
CONTINUOUS
10
126.2959609999999913
20
-66.6513329999999939
11
126.2007229999999964
21
-66.6037139999999965
0
LINE
8
BLACK
6
CONTINUOUS
10
126.2007229999999964
20
-66.6037139999999965
11
126.0102469999999926
21
-66.5560949999999991
0
LINE
8
BLACK
6
CONTINUOUS
10
126.0102469999999926
20
-66.5560949999999991
11
125.8673900000000003
21
-66.5560949999999991
0
LINE
8
BLACK
6
CONTINUOUS
10
125.8673900000000003
20
-66.5560949999999991
11
125.6769139999999965
21
-66.6037139999999965
0
LINE
8
BLACK
6
CONTINUOUS
10
125.6769139999999965
20
-66.6037139999999965
11
125.5816759999999874
21
-66.6513329999999939
0
LINE
8
BLACK
6
CONTINUOUS
10
125.5816759999999874
20
-66.6513329999999939
11
125.4864379999999926
21
-66.746571000000003
0
LINE
8
BLACK
6
CONTINUOUS
10
125.4864379999999926
20
-66.746571000000003
11
125.4388189999999952
21
-66.8894279999999952
0
LINE
8
BLACK
6
CONTINUOUS
10
125.4388189999999952
20
-66.8894279999999952
11
125.4388189999999952
21
-66.98466599999999
0
LINE
8
BLACK
6
CONTINUOUS
10
125.4388189999999952
20
-66.98466599999999
11
125.4864379999999926
21
-67.1275229999999965
0
LINE
8
BLACK
6
CONTINUOUS
10
125.4864379999999926
20
-67.1275229999999965
11
125.53405699999999
21
-67.1751419999999939
0
LINE
8
BLACK
6
CONTINUOUS
10
125.7721519999999913
20
-68.0322850000000017
11
126.4388189999999952
21
-68.0322850000000017
0
LINE
8
BLACK
6
CONTINUOUS
10
125.3911999999999978
20
-67.7941900000000004
11
126.1054849999999874
21
-67.5560949999999991
0
LINE
8
BLACK
6
CONTINUOUS
10
126.1054849999999874
20
-67.5560949999999991
11
126.1054849999999874
21
-68.1751419999999939
0
LINE
8
BLACK
6
CONTINUOUS
10
125.4388189999999952
20
-68.4608569999999901
11
125.4388189999999952
21
-69.1275229999999965
0
LINE
8
BLACK
6
CONTINUOUS
10
125.4388189999999952
20
-69.1275229999999965
11
126.4388189999999952
21
-68.6989519999999914
0
LINE
8
BLACK
6
CONTINUOUS
10
171.977499999999992
20
-68.2452759999999898
11
171.977499999999992
21
-68.754723999999996
0
LINE
8
BLACK
6
CONTINUOUS
10
173.0224999999999795
20
-68.2452759999999898
11
173.0224999999999795
21
-68.754723999999996
0
LINE
8
BLACK
6
CONTINUOUS
10
170.4899999999999807
20
-68.3537329999999912
11
170.4899999999999807
21
-68.6462669999999946
0
LINE
8
BLACK
6
CONTINUOUS
10
171.5099999999999909
20
-68.3537329999999912
11
171.5099999999999909
21
-68.6462669999999946
0
LINE
8
BLACK
6
CONTINUOUS
10
160.25
20
-84.1899999999999977
11
158.2999999999999829
21
-84.1899999999999977
0
LINE
8
BLACK
6
CONTINUOUS
10
160.25
20
-84.1899999999999977
11
162.1999999999999886
21
-84.1899999999999977
0
LINE
8
BLACK
6
CONTINUOUS
10
160.25
20
-89.3100000000000023
11
156.7999999999999829
21
-89.3100000000000023
0
LINE
8
BLACK
6
CONTINUOUS
10
160.25
20
-89.3100000000000023
11
162.1999999999999886
21
-89.3100000000000023
0
LINE
8
BLACK
6
CONTINUOUS
10
142.0937329999999861
20
-76.4519999999999982
11
142.3862670000000037
21
-76.4519999999999982
0
LINE
8
BLACK
6
CONTINUOUS
10
142.0937329999999861
20
-77.4719999999999942
11
142.3862670000000037
21
-77.4719999999999942
0
LINE
8
BLACK
6
CONTINUOUS
10
155.8482669999999928
20
-65.0219999999999914
11
155.5557330000000036
21
-65.0219999999999914
0
LINE
8
BLACK
6
CONTINUOUS
10
155.8482669999999928
20
-66.0420000000000016
11
155.5557330000000036
21
-66.0420000000000016
0
LINE
8
BLACK
6
CONTINUOUS
10
168.9399999999999977
20
-72.0499999999999972
11
168.9399999999999977
21
-74.
0
LINE
8
BLACK
6
CONTINUOUS
10
168.9399999999999977
20
-75.9500000000000028
11
168.9399999999999977
21
-74.
0
LINE
8
BLACK
6
CONTINUOUS
10
174.0600000000000023
20
-72.0499999999999972
11
174.0600000000000023
21
-74.
0
LINE
8
BLACK
6
CONTINUOUS
10
174.0600000000000023
20
-75.9500000000000028
11
174.0600000000000023
21
-74.
0
LINE
8
BLACK
6
CONTINUOUS
10
168.7253240000000005
20
-71.0045669999999944
11
168.7279609999999934
21
-71.0045669999999944
0
LINE
8
BLACK
6
CONTINUOUS
10
168.7279609999999934
20
-71.0045669999999944
11
168.7302219999999977
21
-71.0068279999999987
0
LINE
8
BLACK
6
CONTINUOUS
10
168.7302219999999977
20
-71.0068279999999987
11
168.7402899999999875
21
-71.0114760000000018
0
LINE
8
BLACK
6
CONTINUOUS
10
168.7402899999999875
20
-71.0114760000000018
11
169.07029
21
-71.2514759999999967
0
LINE
8
BLACK
6
CONTINUOUS
10
169.07029
20
-71.2514759999999967
11
169.0861730000000023
21
-71.2686739999999901
0
LINE
8
BLACK
6
CONTINUOUS
10
169.0861730000000023
20
-71.2686739999999901
11
169.0876739999999927
21
-71.2781799999999919
0
LINE
8
BLACK
6
CONTINUOUS
10
169.0876739999999927
20
-71.2781799999999919
11
169.0933359999999936
21
-71.2859649999999903
0
LINE
8
BLACK
6
CONTINUOUS
10
169.0933359999999936
20
-71.2859649999999903
11
169.091118999999992
21
-71.2999999999999972
0
LINE
8
BLACK
6
CONTINUOUS
10
169.091118999999992
20
-71.2999999999999972
11
169.0933359999999936
21
-71.3140349999999899
0
LINE
8
BLACK
6
CONTINUOUS
10
169.0933359999999936
20
-71.3140349999999899
11
169.0876739999999927
21
-71.3218189999999908
0
LINE
8
BLACK
6
CONTINUOUS
10
169.0876739999999927
20
-71.3218189999999908
11
169.0861730000000023
21
-71.33132599999999
0
LINE
8
BLACK
6
CONTINUOUS
10
169.0861730000000023
20
-71.33132599999999
11
169.07029
21
-71.3485239999999976
0
LINE
8
BLACK
6
CONTINUOUS
10
169.07029
20
-71.3485239999999976
11
168.7402899999999875
21
-71.5885239999999925
0
LINE
8
BLACK
6
CONTINUOUS
10
168.7402899999999875
20
-71.5885239999999925
11
168.7302219999999977
21
-71.5931709999999981
0
LINE
8
BLACK
6
CONTINUOUS
10
168.7302219999999977
20
-71.5931709999999981
11
168.7279609999999934
21
-71.5954329999999999
0
LINE
8
BLACK
6
CONTINUOUS
10
168.7279609999999934
20
-71.5954329999999999
11
168.7253240000000005
21
-71.5954329999999999
0
LINE
8
BLACK
6
CONTINUOUS
10
168.7253240000000005
20
-71.5954329999999999
11
168.719034999999991
21
-71.5983360000000033
0
LINE
8
BLACK
6
CONTINUOUS
10
168.719034999999991
20
-71.5983360000000033
11
168.7006489999999985
21
-71.5954329999999999
0
LINE
8
BLACK
6
CONTINUOUS
10
168.7006489999999985
20
-71.5954329999999999
11
168.6820390000000032
21
-71.5954329999999999
0
LINE
8
BLACK
6
CONTINUOUS
10
168.6820390000000032
20
-71.5954329999999999
11
168.6785490000000038
21
-71.5919430000000006
0
LINE
8
BLACK
6
CONTINUOUS
10
168.6785490000000038
20
-71.5919430000000006
11
168.6736740000000054
21
-71.5911739999999952
0
LINE
8
BLACK
6
CONTINUOUS
10
168.6736740000000054
20
-71.5911739999999952
11
168.6627239999999972
21
-71.5761179999999939
0
LINE
8
BLACK
6
CONTINUOUS
10
168.6627239999999972
20
-71.5761179999999939
11
168.6495669999999905
21
-71.5629610000000014
0
LINE
8
BLACK
6
CONTINUOUS
10
168.6495669999999905
20
-71.5629610000000014
11
168.6482159999999908
21
-71.556168999999997
0
LINE
8
BLACK
6
CONTINUOUS
10
168.6482159999999908
20
-71.556168999999997
11
168.646663999999987
21
-71.5540349999999989
0
LINE
8
BLACK
6
CONTINUOUS
10
168.646663999999987
20
-71.5540349999999989
11
168.6471619999999803
21
-71.5508739999999932
0
LINE
8
BLACK
6
CONTINUOUS
10
168.6471619999999803
20
-71.5508739999999932
11
168.6449999999999818
21
-71.539999999999992
0
LINE
8
BLACK
6
CONTINUOUS
10
168.6449999999999818
20
-71.539999999999992
11
168.6449999999999818
21
-71.0600000000000023
0
LINE
8
BLACK
6
CONTINUOUS
10
168.6449999999999818
20
-71.0600000000000023
11
168.6471619999999803
21
-71.0491250000000036
0
LINE
8
BLACK
6
CONTINUOUS
10
168.6471619999999803
20
-71.0491250000000036
11
168.646663999999987
21
-71.0459649999999954
0
LINE
8
BLACK
6
CONTINUOUS
10
168.646663999999987
20
-71.0459649999999954
11
168.6482159999999908
21
-71.0438299999999998
0
LINE
8
BLACK
6
CONTINUOUS
10
168.6482159999999908
20
-71.0438299999999998
11
168.6495669999999905
21
-71.0370389999999929
0
LINE
8
BLACK
6
CONTINUOUS
10
168.6495669999999905
20
-71.0370389999999929
11
168.6627239999999972
21
-71.0238810000000029
0
LINE
8
BLACK
6
CONTINUOUS
10
168.6627239999999972
20
-71.0238810000000029
11
168.6736740000000054
21
-71.0088259999999991
0
LINE
8
BLACK
6
CONTINUOUS
10
168.6736740000000054
20
-71.0088259999999991
11
168.6785490000000038
21
-71.0080559999999963
0
LINE
8
BLACK
6
CONTINUOUS
10
168.6785490000000038
20
-71.0080559999999963
11
168.6820390000000032
21
-71.0045669999999944
0
LINE
8
BLACK
6
CONTINUOUS
10
168.6820390000000032
20
-71.0045669999999944
11
168.7006489999999985
21
-71.0045669999999944
0
LINE
8
BLACK
6
CONTINUOUS
10
168.7006489999999985
20
-71.0045669999999944
11
168.719034999999991
21
-71.001663999999991
0
LINE
8
BLACK
6
CONTINUOUS
10
168.719034999999991
20
-71.001663999999991
11
168.7253240000000005
21
-71.0045669999999944
0
LINE
8
BLACK
6
CONTINUOUS
10
150.5142669999999896
20
-55.6239999999999952
11
150.2217330000000004
21
-55.6239999999999952
0
LINE
8
BLACK
6
CONTINUOUS
10
150.5142669999999896
20
-56.6439999999999984
11
150.2217330000000004
21
-56.6439999999999984
0
LINE
8
BLACK
6
CONTINUOUS
10
147.7999999999999829
20
-48.4399999999999977
11
149.75
21
-48.4399999999999977
0
LINE
8
BLACK
6
CONTINUOUS
10
147.7999999999999829
20
-53.5599999999999952
11
149.75
21
-53.5599999999999952
0
LINE
8
BLACK
6
CONTINUOUS
10
151.6999999999999886
20
-48.4399999999999977
11
149.75
21
-48.4399999999999977
0
LINE
8
BLACK
6
CONTINUOUS
10
151.6999999999999886
20
-53.5599999999999952
11
149.75
21
-53.5599999999999952
0
LINE
8
BLACK
6
CONTINUOUS
10
147.0718180000000075
20
-53.4123239999999981
11
147.08132599999999
21
-53.4138260000000002
0
LINE
8
BLACK
6
CONTINUOUS
10
147.08132599999999
20
-53.4138260000000002
11
147.0985239999999976
21
-53.42971
0
LINE
8
BLACK
6
CONTINUOUS
10
147.0985239999999976
20
-53.42971
11
147.3385240000000067
21
-53.7597099999999983
0
LINE
8
BLACK
6
CONTINUOUS
10
147.3385240000000067
20
-53.7597099999999983
11
147.3431709999999839
21
-53.7697769999999977
0
LINE
8
BLACK
6
CONTINUOUS
10
147.3431709999999839
20
-53.7697769999999977
11
147.3454329999999857
21
-53.7720389999999995
0
LINE
8
BLACK
6
CONTINUOUS
10
147.3454329999999857
20
-53.7720389999999995
11
147.3454329999999857
21
-53.7746759999999995
0
LINE
8
BLACK
6
CONTINUOUS
10
147.3454329999999857
20
-53.7746759999999995
11
147.3483359999999891
21
-53.7809649999999948
0
LINE
8
BLACK
6
CONTINUOUS
10
147.3483359999999891
20
-53.7809649999999948
11
147.3454329999999857
21
-53.7993479999999948
0
LINE
8
BLACK
6
CONTINUOUS
10
147.3454329999999857
20
-53.7993479999999948
11
147.3454329999999857
21
-53.8179609999999968
0
LINE
8
BLACK
6
CONTINUOUS
10
147.3454329999999857
20
-53.8179609999999968
11
147.3419419999999889
21
-53.8214509999999962
0
LINE
8
BLACK
6
CONTINUOUS
10
147.3419419999999889
20
-53.8214509999999962
11
147.3411729999999977
21
-53.8263259999999946
0
LINE
8
BLACK
6
CONTINUOUS
10
147.3411729999999977
20
-53.8263259999999946
11
147.3261200000000031
21
-53.8372729999999962
0
LINE
8
BLACK
6
CONTINUOUS
10
147.3261200000000031
20
-53.8372729999999962
11
147.3129610000000014
21
-53.8504329999999953
0
LINE
8
BLACK
6
CONTINUOUS
10
147.3129610000000014
20
-53.8504329999999953
11
147.3061689999999828
21
-53.8517829999999975
0
LINE
8
BLACK
6
CONTINUOUS
10
147.3061689999999828
20
-53.8517829999999975
11
147.3040349999999989
21
-53.8533359999999988
0
LINE
8
BLACK
6
CONTINUOUS
10
147.3040349999999989
20
-53.8533359999999988
11
147.3008739999999932
21
-53.8528359999999964
0
LINE
8
BLACK
6
CONTINUOUS
10
147.3008739999999932
20
-53.8528359999999964
11
147.289999999999992
21
-53.8549999999999969
0
LINE
8
BLACK
6
CONTINUOUS
10
147.289999999999992
20
-53.8549999999999969
11
146.8100000000000023
21
-53.8549999999999969
0
LINE
8
BLACK
6
CONTINUOUS
10
146.8100000000000023
20
-53.8549999999999969
11
146.7991250000000036
21
-53.852837000000001
0
LINE
8
BLACK
6
CONTINUOUS
10
146.7991250000000036
20
-53.852837000000001
11
146.7959649999999954
21
-53.8533359999999988
0
LINE
8
BLACK
6
CONTINUOUS
10
146.7959649999999954
20
-53.8533359999999988
11
146.7938299999999856
21
-53.8517829999999975
0
LINE
8
BLACK
6
CONTINUOUS
10
146.7938299999999856
20
-53.8517829999999975
11
146.7870389999999929
21
-53.8504329999999953
0
LINE
8
BLACK
6
CONTINUOUS
10
146.7870389999999929
20
-53.8504329999999953
11
146.7738809999999887
21
-53.8372749999999982
0
LINE
8
BLACK
6
CONTINUOUS
10
146.7738809999999887
20
-53.8372749999999982
11
146.7588259999999991
21
-53.8263259999999946
0
LINE
8
BLACK
6
CONTINUOUS
10
146.7588259999999991
20
-53.8263259999999946
11
146.7580559999999821
21
-53.8214499999999987
0
LINE
8
BLACK
6
CONTINUOUS
10
146.7580559999999821
20
-53.8214499999999987
11
146.7545669999999802
21
-53.8179609999999968
0
LINE
8
BLACK
6
CONTINUOUS
10
146.7545669999999802
20
-53.8179609999999968
11
146.7545669999999802
21
-53.7993509999999944
0
LINE
8
BLACK
6
CONTINUOUS
10
146.7545669999999802
20
-53.7993509999999944
11
146.7516640000000052
21
-53.7809649999999948
0
LINE
8
BLACK
6
CONTINUOUS
10
146.7516640000000052
20
-53.7809649999999948
11
146.7545669999999802
21
-53.7746759999999995
0
LINE
8
BLACK
6
CONTINUOUS
10
146.7545669999999802
20
-53.7746759999999995
11
146.7545669999999802
21
-53.7720389999999995
0
LINE
8
BLACK
6
CONTINUOUS
10
146.7545669999999802
20
-53.7720389999999995
11
146.7568279999999845
21
-53.7697769999999977
0
LINE
8
BLACK
6
CONTINUOUS
10
146.7568279999999845
20
-53.7697769999999977
11
146.7614759999999876
21
-53.7597099999999983
0
LINE
8
BLACK
6
CONTINUOUS
10
146.7614759999999876
20
-53.7597099999999983
11
147.0014759999999967
21
-53.42971
0
LINE
8
BLACK
6
CONTINUOUS
10
147.0014759999999967
20
-53.42971
11
147.0186740000000043
21
-53.4138269999999977
0
LINE
8
BLACK
6
CONTINUOUS
10
147.0186740000000043
20
-53.4138269999999977
11
147.0281789999999944
21
-53.4123249999999956
0
LINE
8
BLACK
6
CONTINUOUS
10
147.0281789999999944
20
-53.4123249999999956
11
147.0359650000000045
21
-53.4066639999999992
0
LINE
8
BLACK
6
CONTINUOUS
10
147.0359650000000045
20
-53.4066639999999992
11
147.0499999999999829
21
-53.4088799999999964
0
LINE
8
BLACK
6
CONTINUOUS
10
147.0499999999999829
20
-53.4088799999999964
11
147.0640349999999899
21
-53.4066639999999992
0
LINE
8
BLACK
6
CONTINUOUS
10
147.0640349999999899
20
-53.4066639999999992
11
147.0718180000000075
21
-53.4123239999999981
0
LINE
8
BLACK
6
CONTINUOUS
10
168.9899999999999807
20
-68.6462669999999946
11
168.9899999999999807
21
-68.3537329999999912
0
LINE
8
BLACK
6
CONTINUOUS
10
170.0099999999999909
20
-68.6462669999999946
11
170.0099999999999909
21
-68.3537329999999912
0
LINE
8
BLACK
6
CONTINUOUS
10
129.053732999999994
20
-72.4899999999999949
11
129.3462669999999832
21
-72.4899999999999949
0
LINE
8
BLACK
6
CONTINUOUS
10
129.053732999999994
20
-73.5099999999999909
11
129.3462669999999832
21
-73.5099999999999909
0
LINE
8
BLACK
6
CONTINUOUS
10
128.835000000000008
20
-90.6592519999999951
11
128.835000000000008
21
-93.4907479999999964
0
LINE
8
BLACK
6
CONTINUOUS
10
134.0550000000000068
20
-90.6592519999999951
11
134.0550000000000068
21
-93.4907479999999964
0
LINE
8
BLACK
6
CONTINUOUS
10
165.3289999999999793
20
-96.1970000000000027
11
165.3289999999999793
21
-93.7469999999999999
0
LINE
8
BLACK
6
CONTINUOUS
10
168.5489999999999782
20
-94.3969999999999914
11
168.5489999999999782
21
-96.1970000000000027
0
LINE
8
BLACK
6
CONTINUOUS
10
143.1097330000000056
20
-77.9759999999999991
11
143.4022669999999948
21
-77.9759999999999991
0
LINE
8
BLACK
6
CONTINUOUS
10
143.1097330000000056
20
-78.9959999999999951
11
143.4022669999999948
21
-78.9959999999999951
0
LINE
8
BLACK
6
CONTINUOUS
10
161.8537330000000054
20
-55.6899999999999977
11
162.1462669999999946
21
-55.6899999999999977
0
LINE
8
BLACK
6
CONTINUOUS
10
161.8537330000000054
20
-56.7100000000000009
11
162.1462669999999946
21
-56.7100000000000009
0
LINE
8
BLACK
6
CONTINUOUS
10
166.0047239999999817
20
-84.227499999999992
11
165.4952759999999898
21
-84.227499999999992
0
LINE
8
BLACK
6
CONTINUOUS
10
166.0047239999999817
20
-85.2724999999999937
11
165.4952759999999898
21
-85.2724999999999937
0
LINE
8
BLACK
6
CONTINUOUS
10
155.703000000000003
20
-47.9110000000000014
11
155.703000000000003
21
-53.4209999999999994
0
LINE
8
BLACK
6
CONTINUOUS
10
155.703000000000003
20
-53.4209999999999994
11
159.0029999999999859
21
-53.4209999999999994
0
LINE
8
BLACK
6
CONTINUOUS
10
159.0029999999999859
20
-47.9110000000000014
11
159.0029999999999859
21
-53.4209999999999994
0
LINE
8
BLACK
6
CONTINUOUS
10
146.0480000000000018
20
-64.1157329999999916
11
146.0480000000000018
21
-64.4082669999999951
0
LINE
8
BLACK
6
CONTINUOUS
10
147.0679999999999836
20
-64.1157329999999916
11
147.0679999999999836
21
-64.4082669999999951
0
LINE
8
BLACK
6
CONTINUOUS
10
128.5
20
-72.0099999999999909
11
129.2999999999999829
21
-72.0099999999999909
0
LINE
8
BLACK
6
CONTINUOUS
10
130.0999999999999943
20
-68.789999999999992
11
128.2999999999999829
21
-68.789999999999992
0
LINE
8
BLACK
6
CONTINUOUS
10
130.0999999999999943
20
-72.0099999999999909
11
129.2999999999999829
21
-72.0099999999999909
0
LINE
8
BLACK
6
CONTINUOUS
10
128.0218179999999961
20
-71.9073240000000027
11
128.0313260000000071
21
-71.9088259999999906
0
LINE
8
BLACK
6
CONTINUOUS
10
128.0313260000000071
20
-71.9088259999999906
11
128.0485239999999862
21
-71.9247099999999904
0
LINE
8
BLACK
6
CONTINUOUS
10
128.0485239999999862
20
-71.9247099999999904
11
128.2885239999999953
21
-72.2547100000000029
0
LINE
8
BLACK
6
CONTINUOUS
10
128.2885239999999953
20
-72.2547100000000029
11
128.293171000000001
21
-72.2647769999999952
0
LINE
8
BLACK
6
CONTINUOUS
10
128.293171000000001
20
-72.2647769999999952
11
128.2954330000000027
21
-72.2670389999999969
0
LINE
8
BLACK
6
CONTINUOUS
10
128.2954330000000027
20
-72.2670389999999969
11
128.2954330000000027
21
-72.2696759999999898
0
LINE
8
BLACK
6
CONTINUOUS
10
128.2954330000000027
20
-72.2696759999999898
11
128.2983360000000062
21
-72.2759649999999993
0
LINE
8
BLACK
6
CONTINUOUS
10
128.2983360000000062
20
-72.2759649999999993
11
128.2954330000000027
21
-72.2943479999999994
0
LINE
8
BLACK
6
CONTINUOUS
10
128.2954330000000027
20
-72.2943479999999994
11
128.2954330000000027
21
-72.3129610000000014
0
LINE
8
BLACK
6
CONTINUOUS
10
128.2954330000000027
20
-72.3129610000000014
11
128.2919420000000059
21
-72.3164510000000007
0
LINE
8
BLACK
6
CONTINUOUS
10
128.2919420000000059
20
-72.3164510000000007
11
128.2911729999999864
21
-72.3213259999999991
0
LINE
8
BLACK
6
CONTINUOUS
10
128.2911729999999864
20
-72.3213259999999991
11
128.2761199999999917
21
-72.3322730000000007
0
LINE
8
BLACK
6
CONTINUOUS
10
128.2761199999999917
20
-72.3322730000000007
11
128.26296099999999
21
-72.3454329999999999
0
LINE
8
BLACK
6
CONTINUOUS
10
128.26296099999999
20
-72.3454329999999999
11
128.2561689999999999
21
-72.3467830000000021
0
LINE
8
BLACK
6
CONTINUOUS
10
128.2561689999999999
20
-72.3467830000000021
11
128.2540349999999876
21
-72.3483360000000033
0
LINE
8
BLACK
6
CONTINUOUS
10
128.2540349999999876
20
-72.3483360000000033
11
128.2508739999999818
21
-72.3478360000000009
0
LINE
8
BLACK
6
CONTINUOUS
10
128.2508739999999818
20
-72.3478360000000009
11
128.2399999999999807
21
-72.3499999999999943
0
LINE
8
BLACK
6
CONTINUOUS
10
128.2399999999999807
20
-72.3499999999999943
11
127.7599999999999909
21
-72.3499999999999943
0
LINE
8
BLACK
6
CONTINUOUS
10
127.7599999999999909
20
-72.3499999999999943
11
127.7491249999999923
21
-72.3478369999999984
0
LINE
8
BLACK
6
CONTINUOUS
10
127.7491249999999923
20
-72.3478369999999984
11
127.7459649999999982
21
-72.3483360000000033
0
LINE
8
BLACK
6
CONTINUOUS
10
127.7459649999999982
20
-72.3483360000000033
11
127.7438299999999884
21
-72.3467830000000021
0
LINE
8
BLACK
6
CONTINUOUS
10
127.7438299999999884
20
-72.3467830000000021
11
127.7370389999999958
21
-72.3454329999999999
0
LINE
8
BLACK
6
CONTINUOUS
10
127.7370389999999958
20
-72.3454329999999999
11
127.7238809999999916
21
-72.3322749999999957
0
LINE
8
BLACK
6
CONTINUOUS
10
127.7238809999999916
20
-72.3322749999999957
11
127.7088259999999877
21
-72.3213259999999991
0
LINE
8
BLACK
6
CONTINUOUS
10
127.7088259999999877
20
-72.3213259999999991
11
127.7080559999999991
21
-72.3164500000000032
0
LINE
8
BLACK
6
CONTINUOUS
10
127.7080559999999991
20
-72.3164500000000032
11
127.7045669999999973
21
-72.3129610000000014
0
LINE
8
BLACK
6
CONTINUOUS
10
127.7045669999999973
20
-72.3129610000000014
11
127.7045669999999973
21
-72.2943509999999918
0
LINE
8
BLACK
6
CONTINUOUS
10
127.7045669999999973
20
-72.2943509999999918
11
127.7016639999999938
21
-72.2759649999999993
0
LINE
8
BLACK
6
CONTINUOUS
10
127.7016639999999938
20
-72.2759649999999993
11
127.7045669999999973
21
-72.2696759999999898
0
LINE
8
BLACK
6
CONTINUOUS
10
127.7045669999999973
20
-72.2696759999999898
11
127.7045669999999973
21
-72.2670389999999969
0
LINE
8
BLACK
6
CONTINUOUS
10
127.7045669999999973
20
-72.2670389999999969
11
127.7068279999999874
21
-72.2647769999999952
0
LINE
8
BLACK
6
CONTINUOUS
10
127.7068279999999874
20
-72.2647769999999952
11
127.7114759999999904
21
-72.2547100000000029
0
LINE
8
BLACK
6
CONTINUOUS
10
127.7114759999999904
20
-72.2547100000000029
11
127.9514759999999995
21
-71.9247099999999904
0
LINE
8
BLACK
6
CONTINUOUS
10
127.9514759999999995
20
-71.9247099999999904
11
127.9686739999999929
21
-71.9088270000000023
0
LINE
8
BLACK
6
CONTINUOUS
10
127.9686739999999929
20
-71.9088270000000023
11
127.9781789999999972
21
-71.9073250000000002
0
LINE
8
BLACK
6
CONTINUOUS
10
127.9781789999999972
20
-71.9073250000000002
11
127.9859649999999931
21
-71.9016639999999967
0
LINE
8
BLACK
6
CONTINUOUS
10
127.9859649999999931
20
-71.9016639999999967
11
128.
21
-71.9038800000000009
0
LINE
8
BLACK
6
CONTINUOUS
10
128.
20
-71.9038800000000009
11
128.0140350000000069
21
-71.9016639999999967
0
LINE
8
BLACK
6
CONTINUOUS
10
128.0140350000000069
20
-71.9016639999999967
11
128.0218179999999961
21
-71.9073240000000027
0
LINE
8
BLACK
6
CONTINUOUS
10
135.1462669999999946
20
-70.4899999999999949
11
134.8537330000000054
21
-70.4899999999999949
0
LINE
8
BLACK
6
CONTINUOUS
10
135.1462669999999946
20
-71.5099999999999909
11
134.8537330000000054
21
-71.5099999999999909
0
LINE
8
BLACK
6
CONTINUOUS
10
163.6349999999999909
20
-97.9447329999999994
11
163.6349999999999909
21
-98.2372669999999886
0
LINE
8
BLACK
6
CONTINUOUS
10
164.6550000000000011
20
-97.9447329999999994
11
164.6550000000000011
21
-98.2372669999999886
0
LINE
8
BLACK
6
CONTINUOUS
10
169.0224999999999795
20
-95.2507239999999911
11
169.0224999999999795
21
-94.7412759999999992
0
LINE
8
BLACK
6
CONTINUOUS
10
170.0674999999999955
20
-95.2507239999999911
11
170.0674999999999955
21
-94.7412759999999992
0
LINE
8
BLACK
6
CONTINUOUS
10
132.289999999999992
20
-74.5837329999999952
11
132.289999999999992
21
-74.8762669999999986
0
LINE
8
BLACK
6
CONTINUOUS
10
133.3100000000000023
20
-74.5837329999999952
11
133.3100000000000023
21
-74.8762669999999986
0
LINE
8
BLACK
6
CONTINUOUS
10
144.5047239999999817
20
-53.9774999999999991
11
143.9952759999999898
21
-53.9774999999999991
0
LINE
8
BLACK
6
CONTINUOUS
10
144.5047239999999817
20
-55.0225000000000009
11
143.9952759999999898
21
-55.0225000000000009
0
LINE
8
BLACK
6
CONTINUOUS
10
153.4139999999999873
20
-79.1402669999999944
11
153.4139999999999873
21
-78.847732999999991
0
LINE
8
BLACK
6
CONTINUOUS
10
154.4339999999999975
20
-79.1402669999999944
11
154.4339999999999975
21
-78.847732999999991
0
LINE
8
BLACK
6
CONTINUOUS
10
141.5857330000000047
20
-66.0379999999999967
11
141.8782669999999939
21
-66.0379999999999967
0
LINE
8
BLACK
6
CONTINUOUS
10
141.5857330000000047
20
-67.0579999999999927
11
141.8782669999999939
21
-67.0579999999999927
0
LINE
8
BLACK
6
CONTINUOUS
10
119.0319999999999965
20
-67.1809999999999974
11
119.578528999999989
21
-67.1809999999999974
0
LINE
8
BLACK
6
CONTINUOUS
10
119.0319999999999965
20
-78.5459999999999923
11
119.0319999999999965
21
-67.1809999999999974
0
LINE
8
BLACK
6
CONTINUOUS
10
119.0319999999999965
20
-78.5459999999999923
11
119.834469999999996
21
-78.5459999999999923
0
LINE
8
BLACK
6
CONTINUOUS
10
120.1419999999999959
20
-65.6610000000000014
11
121.2519999999999953
21
-65.6610000000000014
0
LINE
8
BLACK
6
CONTINUOUS
10
120.4495299999999958
20
-78.5459999999999923
11
121.2519999999999953
21
-78.5459999999999923
0
LINE
8
BLACK
6
CONTINUOUS
10
120.7054709999999886
20
-67.1809999999999974
11
121.2519999999999953
21
-67.1809999999999974
0
LINE
8
BLACK
6
CONTINUOUS
10
121.2519999999999953
20
-65.6610000000000014
11
121.2519999999999953
21
-66.4209999999999923
0
LINE
8
BLACK
6
CONTINUOUS
10
121.2519999999999953
20
-78.5459999999999923
11
121.2519999999999953
21
-67.1809999999999974
0
LINE
8
BLACK
6
CONTINUOUS
10
151.8899999999999864
20
-64.1157329999999916
11
151.8899999999999864
21
-64.4082669999999951
0
LINE
8
BLACK
6
CONTINUOUS
10
152.9099999999999966
20
-64.1157329999999916
11
152.9099999999999966
21
-64.4082669999999951
0
LINE
8
BLACK
6
CONTINUOUS
10
155.1919999999999789
20
-77.3622670000000028
11
155.1919999999999789
21
-77.0697329999999994
0
LINE
8
BLACK
6
CONTINUOUS
10
156.2119999999999891
20
-77.3622670000000028
11
156.2119999999999891
21
-77.0697329999999994
0
LINE
8
BLACK
6
CONTINUOUS
10
147.8135000000000048
20
-64.5167239999999964
11
147.8135000000000048
21
-64.0072759999999903
0
LINE
8
BLACK
6
CONTINUOUS
10
148.8584999999999923
20
-64.5167239999999964
11
148.8584999999999923
21
-64.0072759999999903
0
LINE
8
BLACK
6
CONTINUOUS
10
153.7649999999999864
20
-51.7612519999999989
11
153.7649999999999864
21
-51.2387480000000011
0
LINE
8
BLACK
6
CONTINUOUS
10
155.2349999999999852
20
-51.7612519999999989
11
155.2349999999999852
21
-51.2387480000000011
0
LINE
8
BLACK
6
CONTINUOUS
10
169.97199999999998
20
-80.137999999999991
11
169.97199999999998
21
-83.4380000000000024
0
LINE
8
BLACK
6
CONTINUOUS
10
175.4819999999999993
20
-80.137999999999991
11
169.97199999999998
21
-80.137999999999991
0
LINE
8
BLACK
6
CONTINUOUS
10
175.4819999999999993
20
-83.4380000000000024
11
169.97199999999998
21
-83.4380000000000024
0
LINE
8
BLACK
6
CONTINUOUS
10
123.8774999999999977
20
-71.3422240000000016
11
123.8774999999999977
21
-70.8327759999999955
0
LINE
8
BLACK
6
CONTINUOUS
10
124.9224999999999994
20
-71.3422240000000016
11
124.9224999999999994
21
-70.8327759999999955
0
LINE
8
BLACK
6
CONTINUOUS
10
170.4887479999999869
20
-78.0150000000000006
11
171.0112519999999847
21
-78.0150000000000006
0
LINE
8
BLACK
6
CONTINUOUS
10
170.4887479999999869
20
-79.4849999999999994
11
171.0112519999999847
21
-79.4849999999999994
0
LINE
8
BLACK
6
CONTINUOUS
10
157.6089999999999804
20
-90.0759999999999934
11
158.3689999999999998
21
-90.0759999999999934
0
LINE
8
BLACK
6
CONTINUOUS
10
157.6089999999999804
20
-91.1859999999999928
11
157.6089999999999804
21
-90.0759999999999934
0
LINE
8
BLACK
6
CONTINUOUS
10
159.1289999999999907
20
-90.6225290000000001
11
159.1289999999999907
21
-90.0759999999999934
0
LINE
8
BLACK
6
CONTINUOUS
10
159.1289999999999907
20
-92.2959999999999923
11
159.1289999999999907
21
-91.7494709999999998
0
LINE
8
BLACK
6
CONTINUOUS
10
162.8739999999999952
20
-90.0759999999999934
11
159.1289999999999907
21
-90.0759999999999934
0
LINE
8
BLACK
6
CONTINUOUS
10
162.8739999999999952
20
-90.878469999999993
11
162.8739999999999952
21
-90.0759999999999934
0
LINE
8
BLACK
6
CONTINUOUS
10
162.8739999999999952
20
-92.2959999999999923
11
159.1289999999999907
21
-92.2959999999999923
0
LINE
8
BLACK
6
CONTINUOUS
10
162.8739999999999952
20
-92.2959999999999923
11
162.8739999999999952
21
-91.4935299999999927
0
LINE
8
BLACK
6
CONTINUOUS
10
166.6842759999999828
20
-98.0764999999999958
11
167.1937240000000031
21
-98.0764999999999958
0
LINE
8
BLACK
6
CONTINUOUS
10
166.6842759999999828
20
-99.1214999999999975
11
167.1937240000000031
21
-99.1214999999999975
0
LINE
8
BLACK
6
CONTINUOUS
10
149.603999999999985
20
-64.1157329999999916
11
149.603999999999985
21
-64.4082669999999951
0
LINE
8
BLACK
6
CONTINUOUS
10
150.6239999999999952
20
-64.1157329999999916
11
150.6239999999999952
21
-64.4082669999999951
0
LINE
8
BLACK
6
CONTINUOUS
10
163.6225000000000023
20
-94.2802760000000006
11
163.6225000000000023
21
-94.7897239999999925
0
LINE
8
BLACK
6
CONTINUOUS
10
164.6674999999999898
20
-94.2802760000000006
11
164.6674999999999898
21
-94.7897239999999925
0
LINE
8
BLACK
6
CONTINUOUS
10
160.3962669999999946
20
-82.7399999999999949
11
160.1037330000000054
21
-82.7399999999999949
0
LINE
8
BLACK
6
CONTINUOUS
10
160.3962669999999946
20
-83.7599999999999909
11
160.1037330000000054
21
-83.7599999999999909
0
LINE
8
BLACK
6
CONTINUOUS
10
143.9952759999999898
20
-49.4774999999999991
11
144.5047239999999817
21
-49.4774999999999991
0
LINE
8
BLACK
6
CONTINUOUS
10
143.9952759999999898
20
-50.5225000000000009
11
144.5047239999999817
21
-50.5225000000000009
0
LINE
8
BLACK
6
CONTINUOUS
10
144.1037330000000054
20
-50.9899999999999949
11
144.3962669999999946
21
-50.9899999999999949
0
LINE
8
BLACK
6
CONTINUOUS
10
144.1037330000000054
20
-52.009999999999998
11
144.3962669999999946
21
-52.009999999999998
0
LINE
8
BLACK
6
CONTINUOUS
10
177.7860000000000014
20
-67.1809999999999974
11
178.3325289999999939
21
-67.1809999999999974
0
LINE
8
BLACK
6
CONTINUOUS
10
177.7860000000000014
20
-78.5459999999999923
11
177.7860000000000014
21
-67.1809999999999974
0
LINE
8
BLACK
6
CONTINUOUS
10
177.7860000000000014
20
-78.5459999999999923
11
178.5884700000000009
21
-78.5459999999999923
0
LINE
8
BLACK
6
CONTINUOUS
10
178.8959999999999866
20
-65.6610000000000014
11
180.0060000000000002
21
-65.6610000000000014
0
LINE
8
BLACK
6
CONTINUOUS
10
179.2035300000000007
20
-78.5459999999999923
11
180.0060000000000002
21
-78.5459999999999923
0
LINE
8
BLACK
6
CONTINUOUS
10
179.4594709999999793
20
-67.1809999999999974
11
180.0060000000000002
21
-67.1809999999999974
0
LINE
8
BLACK
6
CONTINUOUS
10
180.0060000000000002
20
-65.6610000000000014
11
180.0060000000000002
21
-66.4209999999999923
0
LINE
8
BLACK
6
CONTINUOUS
10
180.0060000000000002
20
-78.5459999999999923
11
180.0060000000000002
21
-67.1809999999999974
0
LINE
8
BLACK
6
CONTINUOUS
10
167.477499999999992
20
-68.2452759999999898
11
167.477499999999992
21
-68.754723999999996
0
LINE
8
BLACK
6
CONTINUOUS
10
168.5224999999999795
20
-68.2452759999999898
11
168.5224999999999795
21
-68.754723999999996
0
LINE
8
BLACK
6
CONTINUOUS
10
165.8962669999999946
20
-85.7399999999999949
11
165.6037330000000054
21
-85.7399999999999949
0
LINE
8
BLACK
6
CONTINUOUS
10
165.8962669999999946
20
-86.7599999999999909
11
165.6037330000000054
21
-86.7599999999999909
0
LINE
8
BLACK
6
CONTINUOUS
10
144.3962669999999946
20
-52.4899999999999949
11
144.1037330000000054
21
-52.4899999999999949
0
LINE
8
BLACK
6
CONTINUOUS
10
144.3962669999999946
20
-53.509999999999998
11
144.1037330000000054
21
-53.509999999999998
0
LINE
8
BLACK
6
CONTINUOUS
10
131.8774999999999977
20
-70.254723999999996
11
131.8774999999999977
21
-69.7452759999999898
0
LINE
8
BLACK
6
CONTINUOUS
10
132.9224999999999852
20
-70.254723999999996
11
132.9224999999999852
21
-69.7452759999999898
0
LINE
8
BLACK
6
CONTINUOUS
10
157.6399999999999864
20
-95.3342519999999922
11
157.6399999999999864
21
-98.1657479999999936
0
LINE
8
BLACK
6
CONTINUOUS
10
162.8599999999999852
20
-95.3342519999999922
11
162.8599999999999852
21
-98.1657479999999936
0
LINE
8
BLACK
6
CONTINUOUS
10
125.2399999999999949
20
-75.1037329999999912
11
125.2399999999999949
21
-75.3962669999999946
0
LINE
8
BLACK
6
CONTINUOUS
10
126.2599999999999909
20
-75.1037329999999912
11
126.2599999999999909
21
-75.3962669999999946
0
LINE
8
BLACK
6
CONTINUOUS
10
125.4899999999999949
20
-71.1462669999999946
11
125.4899999999999949
21
-70.8537329999999912
0
LINE
8
BLACK
6
CONTINUOUS
10
126.5099999999999909
20
-71.1462669999999946
11
126.5099999999999909
21
-70.8537329999999912
0
LINE
8
BLACK
6
CONTINUOUS
10
144.2239999999999895
20
-110.2360019999999992
11
144.2239999999999895
21
-107.695999999999998
0
LINE
8
BLACK
6
CONTINUOUS
10
138.2239999999999895
20
-110.2360019999999992
11
138.2239999999999895
21
-107.695999999999998
0
ARC
8
BLACK
10
149.7159999999999798
20
-107.695999999999998
40
0.508
50
0.00000000
51
180.00000000
0
LINE
8
BLACK
6
CONTINUOUS
10
155.2079999999999984
20
-110.2360019999999992
11
155.2079999999999984
21
-107.695999999999998
0
ARC
8
BLACK
10
167.8951999999999884
20
-108.2038999999999902
40
2.032113002460493
50
-89.99687032
51
-0.00281952
0
ARC
8
BLACK
10
125.584699999999998
20
-99.3550999999999931
40
3.5051411604243556
50
-0.02447015
51
49.78951917
0
LINE
8
BLACK
6
CONTINUOUS
10
137.2079999999999984
20
-110.2360019999999992
11
137.2079999999999984
21
-107.695999999999998
0
ARC
8
BLACK
10
173.4279999999999973
20
-99.2545999999999964
40
3.5006870013163129
50
130.39494890
51
179.99842877
0
LINE
8
BLACK
6
CONTINUOUS
10
141.2239999999999895
20
-110.2360019999999992
11
143.2079999999999984
21
-110.2360019999999992
0
LINE
8
BLACK
6
CONTINUOUS
10
140.2079999999999984
20
-110.2360019999999992
11
140.2079999999999984
21
-107.695999999999998
0
LINE
8
BLACK
6
CONTINUOUS
10
129.0898589999999899
20
-99.3565969999999936
11
129.0898589999999899
21
-108.2039999999999935
0
LINE
8
BLACK
6
CONTINUOUS
10
150.2239999999999895
20
-110.2360019999999992
11
150.2239999999999895
21
-107.695999999999998
0
LINE
8
BLACK
6
CONTINUOUS
10
169.9273129999999981
20
-99.2545039999999972
11
169.9273129999999981
21
-108.2039999999999935
0
ARC
8
BLACK
10
149.4505020000000002
20
-71.0742959999999897
40
33.5
50
0.00000000
51
180.00000000
0
ARC
8
BLACK
10
140.7159999999999798
20
-107.695999999999998
40
0.508
50
0.00000000
51
180.00000000
0
LINE
8
BLACK
6
CONTINUOUS
10
144.2239999999999895
20
-110.2360019999999992
11
146.2079999999999984
21
-110.2360019999999992
0
ARC
8
BLACK
10
143.7159999999999798
20
-107.695999999999998
40
0.508
50
0.00000000
51
180.00000000
0
ARC
8
BLACK
10
137.7159999999999798
20
-107.695999999999998
40
0.508
50
0.00000000
51
180.00000000
0
ARC
8
BLACK
10
131.1218000000000075
20
-108.2040999999999968
40
2.0319020008565865
50
-180.00281976
51
-89.99833631
0
ARC
8
BLACK
10
149.4504799999999989
20
-71.0742800000000017
40
33.500022000003824
50
-49.60704241
51
-0.00002737
0
ARC
8
BLACK
10
149.4505000000000052
20
-71.0742999999999938
40
33.4999958740311001
50
-180.00000684
51
-130.15536454
0
LINE
8
BLACK
6
CONTINUOUS
10
137.2079999999999984
20
-110.2360019999999992
11
131.1218590000000006
21
-110.2360019999999992
0
ARC
8
BLACK
10
155.7159999999999798
20
-107.695999999999998
40
0.508
50
0.00000000
51
180.00000000
0
LINE
8
BLACK
6
CONTINUOUS
10
167.8953109999999924
20
-110.23599999999999
11
156.2239999999999895
21
-110.2360019999999992
0
LINE
8
BLACK
6
CONTINUOUS
10
149.2079999999999984
20
-110.2360019999999992
11
149.2079999999999984
21
-107.695999999999998
0
ARC
8
BLACK
10
146.7159999999999798
20
-107.695999999999998
40
0.508
50
0.00000000
51
180.00000000
0
LINE
8
BLACK
6
CONTINUOUS
10
143.2079999999999984
20
-110.2360019999999992
11
143.2079999999999984
21
-107.695999999999998
0
LINE
8
BLACK
6
CONTINUOUS
10
152.2079999999999984
20
-110.2360019999999992
11
152.2079999999999984
21
-107.695999999999998
0
LINE
8
BLACK
6
CONTINUOUS
10
153.2239999999999895
20
-110.2360019999999992
11
155.2079999999999984
21
-110.2360019999999992
0
LINE
8
BLACK
6
CONTINUOUS
10
147.2239999999999895
20
-110.2360019999999992
11
149.2079999999999984
21
-110.2360019999999992
0
ARC
8
BLACK
10
152.7159999999999798
20
-107.695999999999998
40
0.508
50
0.00000000
51
180.00000000
0
LINE
8
BLACK
6
CONTINUOUS
10
141.2239999999999895
20
-110.2360019999999992
11
141.2239999999999895
21
-107.695999999999998
0
LINE
8
BLACK
6
CONTINUOUS
10
156.2239999999999895
20
-110.2360019999999992
11
156.2239999999999895
21
-107.695999999999998
0
LINE
8
BLACK
6
CONTINUOUS
10
153.2239999999999895
20
-110.2360019999999992
11
153.2239999999999895
21
-107.695999999999998
0
LINE
8
BLACK
6
CONTINUOUS
10
147.2239999999999895
20
-110.2360019999999992
11
147.2239999999999895
21
-107.695999999999998
0
LINE
8
BLACK
6
CONTINUOUS
10
150.2239999999999895
20
-110.2360019999999992
11
152.2079999999999984
21
-110.2360019999999992
0
LINE
8
BLACK
6
CONTINUOUS
10
138.2239999999999895
20
-110.2360019999999992
11
140.2079999999999984
21
-110.2360019999999992
0
LINE
8
BLACK
6
CONTINUOUS
10
146.2079999999999984
20
-110.2360019999999992
11
146.2079999999999984
21
-107.695999999999998
  0
ENDSEC
  0
EOF
