  0
SECTION
  2
HEADER
  9
$ANGBASE
  50
0.0
  9
$ANGDIR
  70
1
  9
$MEASUREMENT
  70
1
  0
ENDSEC
  0
SECTION
  2
TABLES
  0
TABLE
  2
LTYPE
  70
4
  0
LTYPE
  5
40F
  2
CONTINUOUS
  70
0
  3
Solid line
  72
65
  73
0
  40
0.0
  0
LTYPE
  5
410
  2
DASHDOT
 70
0
  3
Dash Dot ____ _ ____ _
 72
65
 73
4
 40
2.0
 49
1.25
 49
-0.25
 49
0.25
 49
-0.25
  0
LTYPE
  5
411
  2
DASHED
 70
0
  3
Dashed __ __ __ __ __
 72
65
 73
2
 40
0.75
 49
0.5
 49
-0.25
  0
LTYPE
  5
43B
  2
DOTTED
 70
0
  3
Dotted .  .  .  .
 72
65
 73
2
 40
0.2
 49
0.0
 49
-0.2
  0
ENDTAB
  0
TABLE
  2
STYLE
  70
4
  0
STYLE
  2
KICAD
  70
0
  40
0
  41
1
  42
1
  50
0
  71
0
  3
isocp.shx
  0
STYLE
  2
KICADB
  70
0
  40
0
  41
1
  42
1
  50
0
  71
0
  3
isocp.shx
  0
STYLE
  2
KICADI
  70
0
  40
0
  41
1
  42
1
  50
15
  71
0
  3
isocp.shx
  0
STYLE
  2
KICADBI
  70
0
  40
0
  41
1
  42
1
  50
15
  71
0
  3
isocp.shx
  0
ENDTAB
  0
TABLE
  2
LAYER
  70
1
  0
LAYER
  2
BLACK
  70
0
  62
7
  6
CONTINUOUS
  0
ENDTAB
  0
ENDSEC
  0
SECTION
  2
ENTITIES
0
LINE
8
BLACK
6
CONTINUOUS
10
159.5999999999999943
20
-108.5459999999999923
11
157.9000000000000057
21
-108.5459999999999923
0
LINE
8
BLACK
6
CONTINUOUS
10
157.9000000000000057
20
-108.5459999999999923
11
157.9000000000000057
21
-106.8459999999999894
0
LINE
8
BLACK
6
CONTINUOUS
10
157.9000000000000057
20
-106.8459999999999894
11
159.5999999999999943
21
-106.8459999999999894
0
LINE
8
BLACK
6
CONTINUOUS
10
159.5999999999999943
20
-106.8459999999999894
11
159.5999999999999943
21
-108.5459999999999923
0
LINE
8
BLACK
6
CONTINUOUS
10
161.5526639999999929
20
-106.8876020000000011
11
161.7150000000000034
21
-106.9598779999999891
0
LINE
8
BLACK
6
CONTINUOUS
10
161.7150000000000034
20
-106.9598779999999891
11
161.858760999999987
21
-107.0643269999999916
0
LINE
8
BLACK
6
CONTINUOUS
10
161.858760999999987
20
-107.0643269999999916
11
161.9776640000000043
21
-107.1963829999999973
0
LINE
8
BLACK
6
CONTINUOUS
10
161.9776640000000043
20
-107.1963829999999973
11
162.0665139999999838
21
-107.3502739999999989
0
LINE
8
BLACK
6
CONTINUOUS
10
162.0665139999999838
20
-107.3502739999999989
11
162.1214249999999879
21
-107.5192749999999933
0
LINE
8
BLACK
6
CONTINUOUS
10
162.1214249999999879
20
-107.5192749999999933
11
162.1399999999999864
21
-107.695999999999998
0
LINE
8
BLACK
6
CONTINUOUS
10
162.1399999999999864
20
-107.695999999999998
11
162.1214249999999879
21
-107.8727249999999884
0
LINE
8
BLACK
6
CONTINUOUS
10
162.1214249999999879
20
-107.8727249999999884
11
162.0665139999999838
21
-108.041725999999997
0
LINE
8
BLACK
6
CONTINUOUS
10
162.0665139999999838
20
-108.041725999999997
11
161.9776640000000043
21
-108.1956169999999986
0
LINE
8
BLACK
6
CONTINUOUS
10
161.9776640000000043
20
-108.1956169999999986
11
161.858760999999987
21
-108.3276729999999901
0
LINE
8
BLACK
6
CONTINUOUS
10
161.858760999999987
20
-108.3276729999999901
11
161.7150000000000034
21
-108.4321219999999926
0
LINE
8
BLACK
6
CONTINUOUS
10
161.7150000000000034
20
-108.4321219999999926
11
161.5526639999999929
21
-108.5043979999999948
0
LINE
8
BLACK
6
CONTINUOUS
10
161.5526639999999929
20
-108.5043979999999948
11
161.3788490000000024
21
-108.5413439999999952
0
LINE
8
BLACK
6
CONTINUOUS
10
161.3788490000000024
20
-108.5413439999999952
11
161.2011509999999817
21
-108.5413439999999952
0
LINE
8
BLACK
6
CONTINUOUS
10
161.2011509999999817
20
-108.5413439999999952
11
161.0273359999999911
21
-108.5043979999999948
0
LINE
8
BLACK
6
CONTINUOUS
10
161.0273359999999911
20
-108.5043979999999948
11
160.8649999999999807
21
-108.4321219999999926
0
LINE
8
BLACK
6
CONTINUOUS
10
160.8649999999999807
20
-108.4321219999999926
11
160.7212389999999971
21
-108.3276729999999901
0
LINE
8
BLACK
6
CONTINUOUS
10
160.7212389999999971
20
-108.3276729999999901
11
160.6023359999999798
21
-108.1956169999999986
0
LINE
8
BLACK
6
CONTINUOUS
10
160.6023359999999798
20
-108.1956169999999986
11
160.5134860000000003
21
-108.041725999999997
0
LINE
8
BLACK
6
CONTINUOUS
10
160.5134860000000003
20
-108.041725999999997
11
160.4585749999999962
21
-107.8727249999999884
0
LINE
8
BLACK
6
CONTINUOUS
10
160.4585749999999962
20
-107.8727249999999884
11
160.4399999999999977
21
-107.695999999999998
0
LINE
8
BLACK
6
CONTINUOUS
10
160.4399999999999977
20
-107.695999999999998
11
160.4585749999999962
21
-107.5192749999999933
0
LINE
8
BLACK
6
CONTINUOUS
10
160.4585749999999962
20
-107.5192749999999933
11
160.5134860000000003
21
-107.3502739999999989
0
LINE
8
BLACK
6
CONTINUOUS
10
160.5134860000000003
20
-107.3502739999999989
11
160.6023359999999798
21
-107.1963829999999973
0
LINE
8
BLACK
6
CONTINUOUS
10
160.6023359999999798
20
-107.1963829999999973
11
160.7212389999999971
21
-107.0643269999999916
0
LINE
8
BLACK
6
CONTINUOUS
10
160.7212389999999971
20
-107.0643269999999916
11
160.8649999999999807
21
-106.9598779999999891
0
LINE
8
BLACK
6
CONTINUOUS
10
160.8649999999999807
20
-106.9598779999999891
11
161.0273359999999911
21
-106.8876020000000011
0
LINE
8
BLACK
6
CONTINUOUS
10
161.0273359999999911
20
-106.8876020000000011
11
161.2011509999999817
21
-106.8506560000000007
0
LINE
8
BLACK
6
CONTINUOUS
10
161.2011509999999817
20
-106.8506560000000007
11
161.3788490000000024
21
-106.8506560000000007
0
LINE
8
BLACK
6
CONTINUOUS
10
161.3788490000000024
20
-106.8506560000000007
11
161.5526639999999929
21
-106.8876020000000011
0
LINE
8
BLACK
6
CONTINUOUS
10
164.092663999999985
20
-106.8876020000000011
11
164.2549999999999955
21
-106.9598779999999891
0
LINE
8
BLACK
6
CONTINUOUS
10
164.2549999999999955
20
-106.9598779999999891
11
164.398760999999979
21
-107.0643269999999916
0
LINE
8
BLACK
6
CONTINUOUS
10
164.398760999999979
20
-107.0643269999999916
11
164.5176639999999963
21
-107.1963829999999973
0
LINE
8
BLACK
6
CONTINUOUS
10
164.5176639999999963
20
-107.1963829999999973
11
164.6065140000000042
21
-107.3502739999999989
0
LINE
8
BLACK
6
CONTINUOUS
10
164.6065140000000042
20
-107.3502739999999989
11
164.6614249999999799
21
-107.5192749999999933
0
LINE
8
BLACK
6
CONTINUOUS
10
164.6614249999999799
20
-107.5192749999999933
11
164.6799999999999784
21
-107.695999999999998
0
LINE
8
BLACK
6
CONTINUOUS
10
164.6799999999999784
20
-107.695999999999998
11
164.6614249999999799
21
-107.8727249999999884
0
LINE
8
BLACK
6
CONTINUOUS
10
164.6614249999999799
20
-107.8727249999999884
11
164.6065140000000042
21
-108.041725999999997
0
LINE
8
BLACK
6
CONTINUOUS
10
164.6065140000000042
20
-108.041725999999997
11
164.5176639999999963
21
-108.1956169999999986
0
LINE
8
BLACK
6
CONTINUOUS
10
164.5176639999999963
20
-108.1956169999999986
11
164.398760999999979
21
-108.3276729999999901
0
LINE
8
BLACK
6
CONTINUOUS
10
164.398760999999979
20
-108.3276729999999901
11
164.2549999999999955
21
-108.4321219999999926
0
LINE
8
BLACK
6
CONTINUOUS
10
164.2549999999999955
20
-108.4321219999999926
11
164.092663999999985
21
-108.5043979999999948
0
LINE
8
BLACK
6
CONTINUOUS
10
164.092663999999985
20
-108.5043979999999948
11
163.9188489999999945
21
-108.5413439999999952
0
LINE
8
BLACK
6
CONTINUOUS
10
163.9188489999999945
20
-108.5413439999999952
11
163.7411510000000021
21
-108.5413439999999952
0
LINE
8
BLACK
6
CONTINUOUS
10
163.7411510000000021
20
-108.5413439999999952
11
163.5673359999999832
21
-108.5043979999999948
0
LINE
8
BLACK
6
CONTINUOUS
10
163.5673359999999832
20
-108.5043979999999948
11
163.4050000000000011
21
-108.4321219999999926
0
LINE
8
BLACK
6
CONTINUOUS
10
163.4050000000000011
20
-108.4321219999999926
11
163.2612389999999891
21
-108.3276729999999901
0
LINE
8
BLACK
6
CONTINUOUS
10
163.2612389999999891
20
-108.3276729999999901
11
163.1423360000000002
21
-108.1956169999999986
0
LINE
8
BLACK
6
CONTINUOUS
10
163.1423360000000002
20
-108.1956169999999986
11
163.0534859999999924
21
-108.041725999999997
0
LINE
8
BLACK
6
CONTINUOUS
10
163.0534859999999924
20
-108.041725999999997
11
162.9985749999999882
21
-107.8727249999999884
0
LINE
8
BLACK
6
CONTINUOUS
10
162.9985749999999882
20
-107.8727249999999884
11
162.9799999999999898
21
-107.695999999999998
0
LINE
8
BLACK
6
CONTINUOUS
10
162.9799999999999898
20
-107.695999999999998
11
162.9985749999999882
21
-107.5192749999999933
0
LINE
8
BLACK
6
CONTINUOUS
10
162.9985749999999882
20
-107.5192749999999933
11
163.0534859999999924
21
-107.3502739999999989
0
LINE
8
BLACK
6
CONTINUOUS
10
163.0534859999999924
20
-107.3502739999999989
11
163.1423360000000002
21
-107.1963829999999973
0
LINE
8
BLACK
6
CONTINUOUS
10
163.1423360000000002
20
-107.1963829999999973
11
163.2612389999999891
21
-107.0643269999999916
0
LINE
8
BLACK
6
CONTINUOUS
10
163.2612389999999891
20
-107.0643269999999916
11
163.4050000000000011
21
-106.9598779999999891
0
LINE
8
BLACK
6
CONTINUOUS
10
163.4050000000000011
20
-106.9598779999999891
11
163.5673359999999832
21
-106.8876020000000011
0
LINE
8
BLACK
6
CONTINUOUS
10
163.5673359999999832
20
-106.8876020000000011
11
163.7411510000000021
21
-106.8506560000000007
0
LINE
8
BLACK
6
CONTINUOUS
10
163.7411510000000021
20
-106.8506560000000007
11
163.9188489999999945
21
-106.8506560000000007
0
LINE
8
BLACK
6
CONTINUOUS
10
163.9188489999999945
20
-106.8506560000000007
11
164.092663999999985
21
-106.8876020000000011
0
LINE
8
BLACK
6
CONTINUOUS
10
166.6326640000000054
20
-106.8876020000000011
11
166.7949999999999875
21
-106.9598779999999891
0
LINE
8
BLACK
6
CONTINUOUS
10
166.7949999999999875
20
-106.9598779999999891
11
166.9387609999999995
21
-107.0643269999999916
0
LINE
8
BLACK
6
CONTINUOUS
10
166.9387609999999995
20
-107.0643269999999916
11
167.0576639999999884
21
-107.1963829999999973
0
LINE
8
BLACK
6
CONTINUOUS
10
167.0576639999999884
20
-107.1963829999999973
11
167.1465139999999963
21
-107.3502739999999989
0
LINE
8
BLACK
6
CONTINUOUS
10
167.1465139999999963
20
-107.3502739999999989
11
167.2014250000000004
21
-107.5192749999999933
0
LINE
8
BLACK
6
CONTINUOUS
10
167.2014250000000004
20
-107.5192749999999933
11
167.2199999999999989
21
-107.695999999999998
0
LINE
8
BLACK
6
CONTINUOUS
10
167.2199999999999989
20
-107.695999999999998
11
167.2014250000000004
21
-107.8727249999999884
0
LINE
8
BLACK
6
CONTINUOUS
10
167.2014250000000004
20
-107.8727249999999884
11
167.1465139999999963
21
-108.041725999999997
0
LINE
8
BLACK
6
CONTINUOUS
10
167.1465139999999963
20
-108.041725999999997
11
167.0576639999999884
21
-108.1956169999999986
0
LINE
8
BLACK
6
CONTINUOUS
10
167.0576639999999884
20
-108.1956169999999986
11
166.9387609999999995
21
-108.3276729999999901
0
LINE
8
BLACK
6
CONTINUOUS
10
166.9387609999999995
20
-108.3276729999999901
11
166.7949999999999875
21
-108.4321219999999926
0
LINE
8
BLACK
6
CONTINUOUS
10
166.7949999999999875
20
-108.4321219999999926
11
166.6326640000000054
21
-108.5043979999999948
0
LINE
8
BLACK
6
CONTINUOUS
10
166.6326640000000054
20
-108.5043979999999948
11
166.4588489999999865
21
-108.5413439999999952
0
LINE
8
BLACK
6
CONTINUOUS
10
166.4588489999999865
20
-108.5413439999999952
11
166.2811509999999942
21
-108.5413439999999952
0
LINE
8
BLACK
6
CONTINUOUS
10
166.2811509999999942
20
-108.5413439999999952
11
166.1073360000000037
21
-108.5043979999999948
0
LINE
8
BLACK
6
CONTINUOUS
10
166.1073360000000037
20
-108.5043979999999948
11
165.9449999999999932
21
-108.4321219999999926
0
LINE
8
BLACK
6
CONTINUOUS
10
165.9449999999999932
20
-108.4321219999999926
11
165.8012389999999812
21
-108.3276729999999901
0
LINE
8
BLACK
6
CONTINUOUS
10
165.8012389999999812
20
-108.3276729999999901
11
165.6823359999999923
21
-108.1956169999999986
0
LINE
8
BLACK
6
CONTINUOUS
10
165.6823359999999923
20
-108.1956169999999986
11
165.5934859999999844
21
-108.041725999999997
0
LINE
8
BLACK
6
CONTINUOUS
10
165.5934859999999844
20
-108.041725999999997
11
165.5385749999999803
21
-107.8727249999999884
0
LINE
8
BLACK
6
CONTINUOUS
10
165.5385749999999803
20
-107.8727249999999884
11
165.5199999999999818
21
-107.695999999999998
0
LINE
8
BLACK
6
CONTINUOUS
10
165.5199999999999818
20
-107.695999999999998
11
165.5385749999999803
21
-107.5192749999999933
0
LINE
8
BLACK
6
CONTINUOUS
10
165.5385749999999803
20
-107.5192749999999933
11
165.5934859999999844
21
-107.3502739999999989
0
LINE
8
BLACK
6
CONTINUOUS
10
165.5934859999999844
20
-107.3502739999999989
11
165.6823359999999923
21
-107.1963829999999973
0
LINE
8
BLACK
6
CONTINUOUS
10
165.6823359999999923
20
-107.1963829999999973
11
165.8012389999999812
21
-107.0643269999999916
0
LINE
8
BLACK
6
CONTINUOUS
10
165.8012389999999812
20
-107.0643269999999916
11
165.9449999999999932
21
-106.9598779999999891
0
LINE
8
BLACK
6
CONTINUOUS
10
165.9449999999999932
20
-106.9598779999999891
11
166.1073360000000037
21
-106.8876020000000011
0
LINE
8
BLACK
6
CONTINUOUS
10
166.1073360000000037
20
-106.8876020000000011
11
166.2811509999999942
21
-106.8506560000000007
0
LINE
8
BLACK
6
CONTINUOUS
10
166.2811509999999942
20
-106.8506560000000007
11
166.4588489999999865
21
-106.8506560000000007
0
LINE
8
BLACK
6
CONTINUOUS
10
166.4588489999999865
20
-106.8506560000000007
11
166.6326640000000054
21
-106.8876020000000011
0
LINE
8
BLACK
6
CONTINUOUS
10
139.3475609999999847
20
-106.9531049999999937
11
139.5086189999999817
21
-107.0094619999999992
0
LINE
8
BLACK
6
CONTINUOUS
10
139.5086189999999817
20
-107.0094619999999992
11
139.6530989999999974
21
-107.1002439999999893
0
LINE
8
BLACK
6
CONTINUOUS
10
139.6530989999999974
20
-107.1002439999999893
11
139.7737559999999917
21
-107.2209009999999978
0
LINE
8
BLACK
6
CONTINUOUS
10
139.7737559999999917
20
-107.2209009999999978
11
139.8645379999999818
21
-107.3653809999999993
0
LINE
8
BLACK
6
CONTINUOUS
10
139.8645379999999818
20
-107.3653809999999993
11
139.9208950000000016
21
-107.5264389999999963
0
LINE
8
BLACK
6
CONTINUOUS
10
139.9208950000000016
20
-107.5264389999999963
11
139.9399999999999977
21
-107.695999999999998
0
LINE
8
BLACK
6
CONTINUOUS
10
139.9399999999999977
20
-107.695999999999998
11
139.9208950000000016
21
-107.8655609999999996
0
LINE
8
BLACK
6
CONTINUOUS
10
139.9208950000000016
20
-107.8655609999999996
11
139.8645379999999818
21
-108.0266189999999966
0
LINE
8
BLACK
6
CONTINUOUS
10
139.8645379999999818
20
-108.0266189999999966
11
139.7737559999999917
21
-108.1710989999999981
0
LINE
8
BLACK
6
CONTINUOUS
10
139.7737559999999917
20
-108.1710989999999981
11
139.6530989999999974
21
-108.2917559999999924
0
LINE
8
BLACK
6
CONTINUOUS
10
139.6530989999999974
20
-108.2917559999999924
11
139.5086189999999817
21
-108.3825379999999967
0
LINE
8
BLACK
6
CONTINUOUS
10
139.5086189999999817
20
-108.3825379999999967
11
139.3475609999999847
21
-108.438894999999988
0
LINE
8
BLACK
6
CONTINUOUS
10
139.3475609999999847
20
-108.438894999999988
11
139.1779999999999973
21
-108.4579999999999984
0
LINE
8
BLACK
6
CONTINUOUS
10
139.1779999999999973
20
-108.4579999999999984
11
139.0084389999999814
21
-108.438894999999988
0
LINE
8
BLACK
6
CONTINUOUS
10
139.0084389999999814
20
-108.438894999999988
11
138.8473809999999844
21
-108.3825379999999967
0
LINE
8
BLACK
6
CONTINUOUS
10
138.8473809999999844
20
-108.3825379999999967
11
138.7029009999999971
21
-108.2917559999999924
0
LINE
8
BLACK
6
CONTINUOUS
10
138.7029009999999971
20
-108.2917559999999924
11
138.5822440000000029
21
-108.1710989999999981
0
LINE
8
BLACK
6
CONTINUOUS
10
138.5822440000000029
20
-108.1710989999999981
11
138.4914619999999843
21
-108.0266189999999966
0
LINE
8
BLACK
6
CONTINUOUS
10
138.4914619999999843
20
-108.0266189999999966
11
138.435104999999993
21
-107.8655609999999996
0
LINE
8
BLACK
6
CONTINUOUS
10
138.435104999999993
20
-107.8655609999999996
11
138.4159999999999968
21
-107.695999999999998
0
LINE
8
BLACK
6
CONTINUOUS
10
138.4159999999999968
20
-107.695999999999998
11
138.435104999999993
21
-107.5264389999999963
0
LINE
8
BLACK
6
CONTINUOUS
10
138.435104999999993
20
-107.5264389999999963
11
138.4914619999999843
21
-107.3653809999999993
0
LINE
8
BLACK
6
CONTINUOUS
10
138.4914619999999843
20
-107.3653809999999993
11
138.5822440000000029
21
-107.2209009999999978
0
LINE
8
BLACK
6
CONTINUOUS
10
138.5822440000000029
20
-107.2209009999999978
11
138.7029009999999971
21
-107.1002439999999893
0
LINE
8
BLACK
6
CONTINUOUS
10
138.7029009999999971
20
-107.1002439999999893
11
138.8473809999999844
21
-107.0094619999999992
0
LINE
8
BLACK
6
CONTINUOUS
10
138.8473809999999844
20
-107.0094619999999992
11
139.0084389999999814
21
-106.9531049999999937
0
LINE
8
BLACK
6
CONTINUOUS
10
139.0084389999999814
20
-106.9531049999999937
11
139.1779999999999973
21
-106.9339999999999975
0
LINE
8
BLACK
6
CONTINUOUS
10
139.1779999999999973
20
-106.9339999999999975
11
139.3475609999999847
21
-106.9531049999999937
0
LINE
8
BLACK
6
CONTINUOUS
10
142.3475609999999847
20
-106.9531049999999937
11
142.5086189999999817
21
-107.0094619999999992
0
LINE
8
BLACK
6
CONTINUOUS
10
142.5086189999999817
20
-107.0094619999999992
11
142.6530989999999974
21
-107.1002439999999893
0
LINE
8
BLACK
6
CONTINUOUS
10
142.6530989999999974
20
-107.1002439999999893
11
142.7737559999999917
21
-107.2209009999999978
0
LINE
8
BLACK
6
CONTINUOUS
10
142.7737559999999917
20
-107.2209009999999978
11
142.8645379999999818
21
-107.3653809999999993
0
LINE
8
BLACK
6
CONTINUOUS
10
142.8645379999999818
20
-107.3653809999999993
11
142.9208950000000016
21
-107.5264389999999963
0
LINE
8
BLACK
6
CONTINUOUS
10
142.9208950000000016
20
-107.5264389999999963
11
142.9399999999999977
21
-107.695999999999998
0
LINE
8
BLACK
6
CONTINUOUS
10
142.9399999999999977
20
-107.695999999999998
11
142.9208950000000016
21
-107.8655609999999996
0
LINE
8
BLACK
6
CONTINUOUS
10
142.9208950000000016
20
-107.8655609999999996
11
142.8645379999999818
21
-108.0266189999999966
0
LINE
8
BLACK
6
CONTINUOUS
10
142.8645379999999818
20
-108.0266189999999966
11
142.7737559999999917
21
-108.1710989999999981
0
LINE
8
BLACK
6
CONTINUOUS
10
142.7737559999999917
20
-108.1710989999999981
11
142.6530989999999974
21
-108.2917559999999924
0
LINE
8
BLACK
6
CONTINUOUS
10
142.6530989999999974
20
-108.2917559999999924
11
142.5086189999999817
21
-108.3825379999999967
0
LINE
8
BLACK
6
CONTINUOUS
10
142.5086189999999817
20
-108.3825379999999967
11
142.3475609999999847
21
-108.438894999999988
0
LINE
8
BLACK
6
CONTINUOUS
10
142.3475609999999847
20
-108.438894999999988
11
142.1779999999999973
21
-108.4579999999999984
0
LINE
8
BLACK
6
CONTINUOUS
10
142.1779999999999973
20
-108.4579999999999984
11
142.0084389999999814
21
-108.438894999999988
0
LINE
8
BLACK
6
CONTINUOUS
10
142.0084389999999814
20
-108.438894999999988
11
141.8473809999999844
21
-108.3825379999999967
0
LINE
8
BLACK
6
CONTINUOUS
10
141.8473809999999844
20
-108.3825379999999967
11
141.7029009999999971
21
-108.2917559999999924
0
LINE
8
BLACK
6
CONTINUOUS
10
141.7029009999999971
20
-108.2917559999999924
11
141.5822440000000029
21
-108.1710989999999981
0
LINE
8
BLACK
6
CONTINUOUS
10
141.5822440000000029
20
-108.1710989999999981
11
141.4914619999999843
21
-108.0266189999999966
0
LINE
8
BLACK
6
CONTINUOUS
10
141.4914619999999843
20
-108.0266189999999966
11
141.435104999999993
21
-107.8655609999999996
0
LINE
8
BLACK
6
CONTINUOUS
10
141.435104999999993
20
-107.8655609999999996
11
141.4159999999999968
21
-107.695999999999998
0
LINE
8
BLACK
6
CONTINUOUS
10
141.4159999999999968
20
-107.695999999999998
11
141.435104999999993
21
-107.5264389999999963
0
LINE
8
BLACK
6
CONTINUOUS
10
141.435104999999993
20
-107.5264389999999963
11
141.4914619999999843
21
-107.3653809999999993
0
LINE
8
BLACK
6
CONTINUOUS
10
141.4914619999999843
20
-107.3653809999999993
11
141.5822440000000029
21
-107.2209009999999978
0
LINE
8
BLACK
6
CONTINUOUS
10
141.5822440000000029
20
-107.2209009999999978
11
141.7029009999999971
21
-107.1002439999999893
0
LINE
8
BLACK
6
CONTINUOUS
10
141.7029009999999971
20
-107.1002439999999893
11
141.8473809999999844
21
-107.0094619999999992
0
LINE
8
BLACK
6
CONTINUOUS
10
141.8473809999999844
20
-107.0094619999999992
11
142.0084389999999814
21
-106.9531049999999937
0
LINE
8
BLACK
6
CONTINUOUS
10
142.0084389999999814
20
-106.9531049999999937
11
142.1779999999999973
21
-106.9339999999999975
0
LINE
8
BLACK
6
CONTINUOUS
10
142.1779999999999973
20
-106.9339999999999975
11
142.3475609999999847
21
-106.9531049999999937
0
LINE
8
BLACK
6
CONTINUOUS
10
145.3475609999999847
20
-106.9531049999999937
11
145.5086189999999817
21
-107.0094619999999992
0
LINE
8
BLACK
6
CONTINUOUS
10
145.5086189999999817
20
-107.0094619999999992
11
145.6530989999999974
21
-107.1002439999999893
0
LINE
8
BLACK
6
CONTINUOUS
10
145.6530989999999974
20
-107.1002439999999893
11
145.7737559999999917
21
-107.2209009999999978
0
LINE
8
BLACK
6
CONTINUOUS
10
145.7737559999999917
20
-107.2209009999999978
11
145.8645379999999818
21
-107.3653809999999993
0
LINE
8
BLACK
6
CONTINUOUS
10
145.8645379999999818
20
-107.3653809999999993
11
145.9208950000000016
21
-107.5264389999999963
0
LINE
8
BLACK
6
CONTINUOUS
10
145.9208950000000016
20
-107.5264389999999963
11
145.9399999999999977
21
-107.695999999999998
0
LINE
8
BLACK
6
CONTINUOUS
10
145.9399999999999977
20
-107.695999999999998
11
145.9208950000000016
21
-107.8655609999999996
0
LINE
8
BLACK
6
CONTINUOUS
10
145.9208950000000016
20
-107.8655609999999996
11
145.8645379999999818
21
-108.0266189999999966
0
LINE
8
BLACK
6
CONTINUOUS
10
145.8645379999999818
20
-108.0266189999999966
11
145.7737559999999917
21
-108.1710989999999981
0
LINE
8
BLACK
6
CONTINUOUS
10
145.7737559999999917
20
-108.1710989999999981
11
145.6530989999999974
21
-108.2917559999999924
0
LINE
8
BLACK
6
CONTINUOUS
10
145.6530989999999974
20
-108.2917559999999924
11
145.5086189999999817
21
-108.3825379999999967
0
LINE
8
BLACK
6
CONTINUOUS
10
145.5086189999999817
20
-108.3825379999999967
11
145.3475609999999847
21
-108.438894999999988
0
LINE
8
BLACK
6
CONTINUOUS
10
145.3475609999999847
20
-108.438894999999988
11
145.1779999999999973
21
-108.4579999999999984
0
LINE
8
BLACK
6
CONTINUOUS
10
145.1779999999999973
20
-108.4579999999999984
11
145.0084389999999814
21
-108.438894999999988
0
LINE
8
BLACK
6
CONTINUOUS
10
145.0084389999999814
20
-108.438894999999988
11
144.8473809999999844
21
-108.3825379999999967
0
LINE
8
BLACK
6
CONTINUOUS
10
144.8473809999999844
20
-108.3825379999999967
11
144.7029009999999971
21
-108.2917559999999924
0
LINE
8
BLACK
6
CONTINUOUS
10
144.7029009999999971
20
-108.2917559999999924
11
144.5822440000000029
21
-108.1710989999999981
0
LINE
8
BLACK
6
CONTINUOUS
10
144.5822440000000029
20
-108.1710989999999981
11
144.4914619999999843
21
-108.0266189999999966
0
LINE
8
BLACK
6
CONTINUOUS
10
144.4914619999999843
20
-108.0266189999999966
11
144.435104999999993
21
-107.8655609999999996
0
LINE
8
BLACK
6
CONTINUOUS
10
144.435104999999993
20
-107.8655609999999996
11
144.4159999999999968
21
-107.695999999999998
0
LINE
8
BLACK
6
CONTINUOUS
10
144.4159999999999968
20
-107.695999999999998
11
144.435104999999993
21
-107.5264389999999963
0
LINE
8
BLACK
6
CONTINUOUS
10
144.435104999999993
20
-107.5264389999999963
11
144.4914619999999843
21
-107.3653809999999993
0
LINE
8
BLACK
6
CONTINUOUS
10
144.4914619999999843
20
-107.3653809999999993
11
144.5822440000000029
21
-107.2209009999999978
0
LINE
8
BLACK
6
CONTINUOUS
10
144.5822440000000029
20
-107.2209009999999978
11
144.7029009999999971
21
-107.1002439999999893
0
LINE
8
BLACK
6
CONTINUOUS
10
144.7029009999999971
20
-107.1002439999999893
11
144.8473809999999844
21
-107.0094619999999992
0
LINE
8
BLACK
6
CONTINUOUS
10
144.8473809999999844
20
-107.0094619999999992
11
145.0084389999999814
21
-106.9531049999999937
0
LINE
8
BLACK
6
CONTINUOUS
10
145.0084389999999814
20
-106.9531049999999937
11
145.1779999999999973
21
-106.9339999999999975
0
LINE
8
BLACK
6
CONTINUOUS
10
145.1779999999999973
20
-106.9339999999999975
11
145.3475609999999847
21
-106.9531049999999937
0
LINE
8
BLACK
6
CONTINUOUS
10
148.3475609999999847
20
-106.9531049999999937
11
148.5086189999999817
21
-107.0094619999999992
0
LINE
8
BLACK
6
CONTINUOUS
10
148.5086189999999817
20
-107.0094619999999992
11
148.6530989999999974
21
-107.1002439999999893
0
LINE
8
BLACK
6
CONTINUOUS
10
148.6530989999999974
20
-107.1002439999999893
11
148.7737559999999917
21
-107.2209009999999978
0
LINE
8
BLACK
6
CONTINUOUS
10
148.7737559999999917
20
-107.2209009999999978
11
148.8645379999999818
21
-107.3653809999999993
0
LINE
8
BLACK
6
CONTINUOUS
10
148.8645379999999818
20
-107.3653809999999993
11
148.9208950000000016
21
-107.5264389999999963
0
LINE
8
BLACK
6
CONTINUOUS
10
148.9208950000000016
20
-107.5264389999999963
11
148.9399999999999977
21
-107.695999999999998
0
LINE
8
BLACK
6
CONTINUOUS
10
148.9399999999999977
20
-107.695999999999998
11
148.9208950000000016
21
-107.8655609999999996
0
LINE
8
BLACK
6
CONTINUOUS
10
148.9208950000000016
20
-107.8655609999999996
11
148.8645379999999818
21
-108.0266189999999966
0
LINE
8
BLACK
6
CONTINUOUS
10
148.8645379999999818
20
-108.0266189999999966
11
148.7737559999999917
21
-108.1710989999999981
0
LINE
8
BLACK
6
CONTINUOUS
10
148.7737559999999917
20
-108.1710989999999981
11
148.6530989999999974
21
-108.2917559999999924
0
LINE
8
BLACK
6
CONTINUOUS
10
148.6530989999999974
20
-108.2917559999999924
11
148.5086189999999817
21
-108.3825379999999967
0
LINE
8
BLACK
6
CONTINUOUS
10
148.5086189999999817
20
-108.3825379999999967
11
148.3475609999999847
21
-108.438894999999988
0
LINE
8
BLACK
6
CONTINUOUS
10
148.3475609999999847
20
-108.438894999999988
11
148.1779999999999973
21
-108.4579999999999984
0
LINE
8
BLACK
6
CONTINUOUS
10
148.1779999999999973
20
-108.4579999999999984
11
148.0084389999999814
21
-108.438894999999988
0
LINE
8
BLACK
6
CONTINUOUS
10
148.0084389999999814
20
-108.438894999999988
11
147.8473809999999844
21
-108.3825379999999967
0
LINE
8
BLACK
6
CONTINUOUS
10
147.8473809999999844
20
-108.3825379999999967
11
147.7029009999999971
21
-108.2917559999999924
0
LINE
8
BLACK
6
CONTINUOUS
10
147.7029009999999971
20
-108.2917559999999924
11
147.5822440000000029
21
-108.1710989999999981
0
LINE
8
BLACK
6
CONTINUOUS
10
147.5822440000000029
20
-108.1710989999999981
11
147.4914619999999843
21
-108.0266189999999966
0
LINE
8
BLACK
6
CONTINUOUS
10
147.4914619999999843
20
-108.0266189999999966
11
147.435104999999993
21
-107.8655609999999996
0
LINE
8
BLACK
6
CONTINUOUS
10
147.435104999999993
20
-107.8655609999999996
11
147.4159999999999968
21
-107.695999999999998
0
LINE
8
BLACK
6
CONTINUOUS
10
147.4159999999999968
20
-107.695999999999998
11
147.435104999999993
21
-107.5264389999999963
0
LINE
8
BLACK
6
CONTINUOUS
10
147.435104999999993
20
-107.5264389999999963
11
147.4914619999999843
21
-107.3653809999999993
0
LINE
8
BLACK
6
CONTINUOUS
10
147.4914619999999843
20
-107.3653809999999993
11
147.5822440000000029
21
-107.2209009999999978
0
LINE
8
BLACK
6
CONTINUOUS
10
147.5822440000000029
20
-107.2209009999999978
11
147.7029009999999971
21
-107.1002439999999893
0
LINE
8
BLACK
6
CONTINUOUS
10
147.7029009999999971
20
-107.1002439999999893
11
147.8473809999999844
21
-107.0094619999999992
0
LINE
8
BLACK
6
CONTINUOUS
10
147.8473809999999844
20
-107.0094619999999992
11
148.0084389999999814
21
-106.9531049999999937
0
LINE
8
BLACK
6
CONTINUOUS
10
148.0084389999999814
20
-106.9531049999999937
11
148.1779999999999973
21
-106.9339999999999975
0
LINE
8
BLACK
6
CONTINUOUS
10
148.1779999999999973
20
-106.9339999999999975
11
148.3475609999999847
21
-106.9531049999999937
0
LINE
8
BLACK
6
CONTINUOUS
10
151.3475609999999847
20
-106.9531049999999937
11
151.5086189999999817
21
-107.0094619999999992
0
LINE
8
BLACK
6
CONTINUOUS
10
151.5086189999999817
20
-107.0094619999999992
11
151.6530989999999974
21
-107.1002439999999893
0
LINE
8
BLACK
6
CONTINUOUS
10
151.6530989999999974
20
-107.1002439999999893
11
151.7737559999999917
21
-107.2209009999999978
0
LINE
8
BLACK
6
CONTINUOUS
10
151.7737559999999917
20
-107.2209009999999978
11
151.8645379999999818
21
-107.3653809999999993
0
LINE
8
BLACK
6
CONTINUOUS
10
151.8645379999999818
20
-107.3653809999999993
11
151.9208950000000016
21
-107.5264389999999963
0
LINE
8
BLACK
6
CONTINUOUS
10
151.9208950000000016
20
-107.5264389999999963
11
151.9399999999999977
21
-107.695999999999998
0
LINE
8
BLACK
6
CONTINUOUS
10
151.9399999999999977
20
-107.695999999999998
11
151.9208950000000016
21
-107.8655609999999996
0
LINE
8
BLACK
6
CONTINUOUS
10
151.9208950000000016
20
-107.8655609999999996
11
151.8645379999999818
21
-108.0266189999999966
0
LINE
8
BLACK
6
CONTINUOUS
10
151.8645379999999818
20
-108.0266189999999966
11
151.7737559999999917
21
-108.1710989999999981
0
LINE
8
BLACK
6
CONTINUOUS
10
151.7737559999999917
20
-108.1710989999999981
11
151.6530989999999974
21
-108.2917559999999924
0
LINE
8
BLACK
6
CONTINUOUS
10
151.6530989999999974
20
-108.2917559999999924
11
151.5086189999999817
21
-108.3825379999999967
0
LINE
8
BLACK
6
CONTINUOUS
10
151.5086189999999817
20
-108.3825379999999967
11
151.3475609999999847
21
-108.438894999999988
0
LINE
8
BLACK
6
CONTINUOUS
10
151.3475609999999847
20
-108.438894999999988
11
151.1779999999999973
21
-108.4579999999999984
0
LINE
8
BLACK
6
CONTINUOUS
10
151.1779999999999973
20
-108.4579999999999984
11
151.0084389999999814
21
-108.438894999999988
0
LINE
8
BLACK
6
CONTINUOUS
10
151.0084389999999814
20
-108.438894999999988
11
150.8473809999999844
21
-108.3825379999999967
0
LINE
8
BLACK
6
CONTINUOUS
10
150.8473809999999844
20
-108.3825379999999967
11
150.7029009999999971
21
-108.2917559999999924
0
LINE
8
BLACK
6
CONTINUOUS
10
150.7029009999999971
20
-108.2917559999999924
11
150.5822440000000029
21
-108.1710989999999981
0
LINE
8
BLACK
6
CONTINUOUS
10
150.5822440000000029
20
-108.1710989999999981
11
150.4914619999999843
21
-108.0266189999999966
0
LINE
8
BLACK
6
CONTINUOUS
10
150.4914619999999843
20
-108.0266189999999966
11
150.435104999999993
21
-107.8655609999999996
0
LINE
8
BLACK
6
CONTINUOUS
10
150.435104999999993
20
-107.8655609999999996
11
150.4159999999999968
21
-107.695999999999998
0
LINE
8
BLACK
6
CONTINUOUS
10
150.4159999999999968
20
-107.695999999999998
11
150.435104999999993
21
-107.5264389999999963
0
LINE
8
BLACK
6
CONTINUOUS
10
150.435104999999993
20
-107.5264389999999963
11
150.4914619999999843
21
-107.3653809999999993
0
LINE
8
BLACK
6
CONTINUOUS
10
150.4914619999999843
20
-107.3653809999999993
11
150.5822440000000029
21
-107.2209009999999978
0
LINE
8
BLACK
6
CONTINUOUS
10
150.5822440000000029
20
-107.2209009999999978
11
150.7029009999999971
21
-107.1002439999999893
0
LINE
8
BLACK
6
CONTINUOUS
10
150.7029009999999971
20
-107.1002439999999893
11
150.8473809999999844
21
-107.0094619999999992
0
LINE
8
BLACK
6
CONTINUOUS
10
150.8473809999999844
20
-107.0094619999999992
11
151.0084389999999814
21
-106.9531049999999937
0
LINE
8
BLACK
6
CONTINUOUS
10
151.0084389999999814
20
-106.9531049999999937
11
151.1779999999999973
21
-106.9339999999999975
0
LINE
8
BLACK
6
CONTINUOUS
10
151.1779999999999973
20
-106.9339999999999975
11
151.3475609999999847
21
-106.9531049999999937
0
LINE
8
BLACK
6
CONTINUOUS
10
154.3475609999999847
20
-106.9531049999999937
11
154.5086189999999817
21
-107.0094619999999992
0
LINE
8
BLACK
6
CONTINUOUS
10
154.5086189999999817
20
-107.0094619999999992
11
154.6530989999999974
21
-107.1002439999999893
0
LINE
8
BLACK
6
CONTINUOUS
10
154.6530989999999974
20
-107.1002439999999893
11
154.7737559999999917
21
-107.2209009999999978
0
LINE
8
BLACK
6
CONTINUOUS
10
154.7737559999999917
20
-107.2209009999999978
11
154.8645379999999818
21
-107.3653809999999993
0
LINE
8
BLACK
6
CONTINUOUS
10
154.8645379999999818
20
-107.3653809999999993
11
154.9208950000000016
21
-107.5264389999999963
0
LINE
8
BLACK
6
CONTINUOUS
10
154.9208950000000016
20
-107.5264389999999963
11
154.9399999999999977
21
-107.695999999999998
0
LINE
8
BLACK
6
CONTINUOUS
10
154.9399999999999977
20
-107.695999999999998
11
154.9208950000000016
21
-107.8655609999999996
0
LINE
8
BLACK
6
CONTINUOUS
10
154.9208950000000016
20
-107.8655609999999996
11
154.8645379999999818
21
-108.0266189999999966
0
LINE
8
BLACK
6
CONTINUOUS
10
154.8645379999999818
20
-108.0266189999999966
11
154.7737559999999917
21
-108.1710989999999981
0
LINE
8
BLACK
6
CONTINUOUS
10
154.7737559999999917
20
-108.1710989999999981
11
154.6530989999999974
21
-108.2917559999999924
0
LINE
8
BLACK
6
CONTINUOUS
10
154.6530989999999974
20
-108.2917559999999924
11
154.5086189999999817
21
-108.3825379999999967
0
LINE
8
BLACK
6
CONTINUOUS
10
154.5086189999999817
20
-108.3825379999999967
11
154.3475609999999847
21
-108.438894999999988
0
LINE
8
BLACK
6
CONTINUOUS
10
154.3475609999999847
20
-108.438894999999988
11
154.1779999999999973
21
-108.4579999999999984
0
LINE
8
BLACK
6
CONTINUOUS
10
154.1779999999999973
20
-108.4579999999999984
11
154.0084389999999814
21
-108.438894999999988
0
LINE
8
BLACK
6
CONTINUOUS
10
154.0084389999999814
20
-108.438894999999988
11
153.8473809999999844
21
-108.3825379999999967
0
LINE
8
BLACK
6
CONTINUOUS
10
153.8473809999999844
20
-108.3825379999999967
11
153.7029009999999971
21
-108.2917559999999924
0
LINE
8
BLACK
6
CONTINUOUS
10
153.7029009999999971
20
-108.2917559999999924
11
153.5822440000000029
21
-108.1710989999999981
0
LINE
8
BLACK
6
CONTINUOUS
10
153.5822440000000029
20
-108.1710989999999981
11
153.4914619999999843
21
-108.0266189999999966
0
LINE
8
BLACK
6
CONTINUOUS
10
153.4914619999999843
20
-108.0266189999999966
11
153.435104999999993
21
-107.8655609999999996
0
LINE
8
BLACK
6
CONTINUOUS
10
153.435104999999993
20
-107.8655609999999996
11
153.4159999999999968
21
-107.695999999999998
0
LINE
8
BLACK
6
CONTINUOUS
10
153.4159999999999968
20
-107.695999999999998
11
153.435104999999993
21
-107.5264389999999963
0
LINE
8
BLACK
6
CONTINUOUS
10
153.435104999999993
20
-107.5264389999999963
11
153.4914619999999843
21
-107.3653809999999993
0
LINE
8
BLACK
6
CONTINUOUS
10
153.4914619999999843
20
-107.3653809999999993
11
153.5822440000000029
21
-107.2209009999999978
0
LINE
8
BLACK
6
CONTINUOUS
10
153.5822440000000029
20
-107.2209009999999978
11
153.7029009999999971
21
-107.1002439999999893
0
LINE
8
BLACK
6
CONTINUOUS
10
153.7029009999999971
20
-107.1002439999999893
11
153.8473809999999844
21
-107.0094619999999992
0
LINE
8
BLACK
6
CONTINUOUS
10
153.8473809999999844
20
-107.0094619999999992
11
154.0084389999999814
21
-106.9531049999999937
0
LINE
8
BLACK
6
CONTINUOUS
10
154.0084389999999814
20
-106.9531049999999937
11
154.1779999999999973
21
-106.9339999999999975
0
LINE
8
BLACK
6
CONTINUOUS
10
154.1779999999999973
20
-106.9339999999999975
11
154.3475609999999847
21
-106.9531049999999937
0
LINE
8
BLACK
6
CONTINUOUS
10
132.1956710000000044
20
-104.6690299999999922
11
132.2767769999999814
21
-104.7232229999999902
0
LINE
8
BLACK
6
CONTINUOUS
10
132.2767769999999814
20
-104.7232229999999902
11
132.3309700000000078
21
-104.8043289999999956
0
LINE
8
BLACK
6
CONTINUOUS
10
132.3309700000000078
20
-104.8043289999999956
11
132.3499999999999943
21
-104.8999999999999915
0
LINE
8
BLACK
6
CONTINUOUS
10
132.3499999999999943
20
-104.8999999999999915
11
132.3499999999999943
21
-107.0999999999999943
0
LINE
8
BLACK
6
CONTINUOUS
10
132.3499999999999943
20
-107.0999999999999943
11
132.3309700000000078
21
-107.1956709999999902
0
LINE
8
BLACK
6
CONTINUOUS
10
132.3309700000000078
20
-107.1956709999999902
11
132.2767769999999814
21
-107.2767769999999956
0
LINE
8
BLACK
6
CONTINUOUS
10
132.2767769999999814
20
-107.2767769999999956
11
132.1956710000000044
21
-107.3309699999999935
0
LINE
8
BLACK
6
CONTINUOUS
10
132.1956710000000044
20
-107.3309699999999935
11
132.0999999999999943
21
-107.3499999999999943
0
LINE
8
BLACK
6
CONTINUOUS
10
132.0999999999999943
20
-107.3499999999999943
11
131.2750000000000057
21
-107.3499999999999943
0
LINE
8
BLACK
6
CONTINUOUS
10
131.2750000000000057
20
-107.3499999999999943
11
131.1793289999999956
21
-107.3309699999999935
0
LINE
8
BLACK
6
CONTINUOUS
10
131.1793289999999956
20
-107.3309699999999935
11
131.0982229999999902
21
-107.2767769999999956
0
LINE
8
BLACK
6
CONTINUOUS
10
131.0982229999999902
20
-107.2767769999999956
11
131.0440299999999922
21
-107.1956709999999902
0
LINE
8
BLACK
6
CONTINUOUS
10
131.0440299999999922
20
-107.1956709999999902
11
131.0250000000000057
21
-107.0999999999999943
0
LINE
8
BLACK
6
CONTINUOUS
10
131.0250000000000057
20
-107.0999999999999943
11
131.0250000000000057
21
-104.8999999999999915
0
LINE
8
BLACK
6
CONTINUOUS
10
131.0250000000000057
20
-104.8999999999999915
11
131.0440299999999922
21
-104.8043289999999956
0
LINE
8
BLACK
6
CONTINUOUS
10
131.0440299999999922
20
-104.8043289999999956
11
131.0982229999999902
21
-104.7232229999999902
0
LINE
8
BLACK
6
CONTINUOUS
10
131.0982229999999902
20
-104.7232229999999902
11
131.1793289999999956
21
-104.6690299999999922
0
LINE
8
BLACK
6
CONTINUOUS
10
131.1793289999999956
20
-104.6690299999999922
11
131.2750000000000057
21
-104.6499999999999915
0
LINE
8
BLACK
6
CONTINUOUS
10
131.2750000000000057
20
-104.6499999999999915
11
132.0999999999999943
21
-104.6499999999999915
0
LINE
8
BLACK
6
CONTINUOUS
10
132.0999999999999943
20
-104.6499999999999915
11
132.1956710000000044
21
-104.6690299999999922
0
LINE
8
BLACK
6
CONTINUOUS
10
135.3206710000000044
20
-104.6690299999999922
11
135.4017769999999814
21
-104.7232229999999902
0
LINE
8
BLACK
6
CONTINUOUS
10
135.4017769999999814
20
-104.7232229999999902
11
135.4559700000000078
21
-104.8043289999999956
0
LINE
8
BLACK
6
CONTINUOUS
10
135.4559700000000078
20
-104.8043289999999956
11
135.4749999999999943
21
-104.8999999999999915
0
LINE
8
BLACK
6
CONTINUOUS
10
135.4749999999999943
20
-104.8999999999999915
11
135.4749999999999943
21
-107.0999999999999943
0
LINE
8
BLACK
6
CONTINUOUS
10
135.4749999999999943
20
-107.0999999999999943
11
135.4559700000000078
21
-107.1956709999999902
0
LINE
8
BLACK
6
CONTINUOUS
10
135.4559700000000078
20
-107.1956709999999902
11
135.4017769999999814
21
-107.2767769999999956
0
LINE
8
BLACK
6
CONTINUOUS
10
135.4017769999999814
20
-107.2767769999999956
11
135.3206710000000044
21
-107.3309699999999935
0
LINE
8
BLACK
6
CONTINUOUS
10
135.3206710000000044
20
-107.3309699999999935
11
135.2249999999999943
21
-107.3499999999999943
0
LINE
8
BLACK
6
CONTINUOUS
10
135.2249999999999943
20
-107.3499999999999943
11
134.4000000000000057
21
-107.3499999999999943
0
LINE
8
BLACK
6
CONTINUOUS
10
134.4000000000000057
20
-107.3499999999999943
11
134.3043289999999956
21
-107.3309699999999935
0
LINE
8
BLACK
6
CONTINUOUS
10
134.3043289999999956
20
-107.3309699999999935
11
134.2232229999999902
21
-107.2767769999999956
0
LINE
8
BLACK
6
CONTINUOUS
10
134.2232229999999902
20
-107.2767769999999956
11
134.1690299999999922
21
-107.1956709999999902
0
LINE
8
BLACK
6
CONTINUOUS
10
134.1690299999999922
20
-107.1956709999999902
11
134.1500000000000057
21
-107.0999999999999943
0
LINE
8
BLACK
6
CONTINUOUS
10
134.1500000000000057
20
-107.0999999999999943
11
134.1500000000000057
21
-104.8999999999999915
0
LINE
8
BLACK
6
CONTINUOUS
10
134.1500000000000057
20
-104.8999999999999915
11
134.1690299999999922
21
-104.8043289999999956
0
LINE
8
BLACK
6
CONTINUOUS
10
134.1690299999999922
20
-104.8043289999999956
11
134.2232229999999902
21
-104.7232229999999902
0
LINE
8
BLACK
6
CONTINUOUS
10
134.2232229999999902
20
-104.7232229999999902
11
134.3043289999999956
21
-104.6690299999999922
0
LINE
8
BLACK
6
CONTINUOUS
10
134.3043289999999956
20
-104.6690299999999922
11
134.4000000000000057
21
-104.6499999999999915
0
LINE
8
BLACK
6
CONTINUOUS
10
134.4000000000000057
20
-104.6499999999999915
11
135.2249999999999943
21
-104.6499999999999915
0
LINE
8
BLACK
6
CONTINUOUS
10
135.2249999999999943
20
-104.6499999999999915
11
135.3206710000000044
21
-104.6690299999999922
0
LINE
8
BLACK
6
CONTINUOUS
10
166.7156709999999862
20
-104.4010299999999916
11
166.7967769999999916
21
-104.4552229999999895
0
LINE
8
BLACK
6
CONTINUOUS
10
166.7967769999999916
20
-104.4552229999999895
11
166.8509699999999896
21
-104.5363289999999949
0
LINE
8
BLACK
6
CONTINUOUS
10
166.8509699999999896
20
-104.5363289999999949
11
166.8700000000000045
21
-104.6319999999999908
0
LINE
8
BLACK
6
CONTINUOUS
10
166.8700000000000045
20
-104.6319999999999908
11
166.8700000000000045
21
-105.1319999999999908
0
LINE
8
BLACK
6
CONTINUOUS
10
166.8700000000000045
20
-105.1319999999999908
11
166.8509699999999896
21
-105.2276710000000008
0
LINE
8
BLACK
6
CONTINUOUS
10
166.8509699999999896
20
-105.2276710000000008
11
166.7967769999999916
21
-105.3087769999999921
0
LINE
8
BLACK
6
CONTINUOUS
10
166.7967769999999916
20
-105.3087769999999921
11
166.7156709999999862
21
-105.36296999999999
0
LINE
8
BLACK
6
CONTINUOUS
10
166.7156709999999862
20
-105.36296999999999
11
166.6200000000000045
21
-105.3819999999999908
0
LINE
8
BLACK
6
CONTINUOUS
10
166.6200000000000045
20
-105.3819999999999908
11
166.1200000000000045
21
-105.3819999999999908
0
LINE
8
BLACK
6
CONTINUOUS
10
166.1200000000000045
20
-105.3819999999999908
11
166.0243289999999945
21
-105.36296999999999
0
LINE
8
BLACK
6
CONTINUOUS
10
166.0243289999999945
20
-105.36296999999999
11
165.943222999999989
21
-105.3087769999999921
0
LINE
8
BLACK
6
CONTINUOUS
10
165.943222999999989
20
-105.3087769999999921
11
165.8890299999999911
21
-105.2276710000000008
0
LINE
8
BLACK
6
CONTINUOUS
10
165.8890299999999911
20
-105.2276710000000008
11
165.8700000000000045
21
-105.1319999999999908
0
LINE
8
BLACK
6
CONTINUOUS
10
165.8700000000000045
20
-105.1319999999999908
11
165.8700000000000045
21
-104.6319999999999908
0
LINE
8
BLACK
6
CONTINUOUS
10
165.8700000000000045
20
-104.6319999999999908
11
165.8890299999999911
21
-104.5363289999999949
0
LINE
8
BLACK
6
CONTINUOUS
10
165.8890299999999911
20
-104.5363289999999949
11
165.943222999999989
21
-104.4552229999999895
0
LINE
8
BLACK
6
CONTINUOUS
10
165.943222999999989
20
-104.4552229999999895
11
166.0243289999999945
21
-104.4010299999999916
0
LINE
8
BLACK
6
CONTINUOUS
10
166.0243289999999945
20
-104.4010299999999916
11
166.1200000000000045
21
-104.3819999999999908
0
LINE
8
BLACK
6
CONTINUOUS
10
166.1200000000000045
20
-104.3819999999999908
11
166.6200000000000045
21
-104.3819999999999908
0
LINE
8
BLACK
6
CONTINUOUS
10
166.6200000000000045
20
-104.3819999999999908
11
166.7156709999999862
21
-104.4010299999999916
0
LINE
8
BLACK
6
CONTINUOUS
10
157.5824029999999993
20
-104.4114179999999976
11
157.6310660000000041
21
-104.4439339999999987
0
LINE
8
BLACK
6
CONTINUOUS
10
157.6310660000000041
20
-104.4439339999999987
11
157.663581999999991
21
-104.4925969999999893
0
LINE
8
BLACK
6
CONTINUOUS
10
157.663581999999991
20
-104.4925969999999893
11
157.6749999999999829
21
-104.5499999999999972
0
LINE
8
BLACK
6
CONTINUOUS
10
157.6749999999999829
20
-104.5499999999999972
11
157.6749999999999829
21
-104.8499999999999943
0
LINE
8
BLACK
6
CONTINUOUS
10
157.6749999999999829
20
-104.8499999999999943
11
157.663581999999991
21
-104.9074030000000022
0
LINE
8
BLACK
6
CONTINUOUS
10
157.663581999999991
20
-104.9074030000000022
11
157.6310660000000041
21
-104.9560659999999928
0
LINE
8
BLACK
6
CONTINUOUS
10
157.6310660000000041
20
-104.9560659999999928
11
157.5824029999999993
21
-104.9885819999999939
0
LINE
8
BLACK
6
CONTINUOUS
10
157.5824029999999993
20
-104.9885819999999939
11
157.5250000000000057
21
-105.
0
LINE
8
BLACK
6
CONTINUOUS
10
157.5250000000000057
20
-105.
11
156.3499999999999943
21
-105.
0
LINE
8
BLACK
6
CONTINUOUS
10
156.3499999999999943
20
-105.
11
156.2925970000000007
21
-104.9885819999999939
0
LINE
8
BLACK
6
CONTINUOUS
10
156.2925970000000007
20
-104.9885819999999939
11
156.2439339999999959
21
-104.9560659999999928
0
LINE
8
BLACK
6
CONTINUOUS
10
156.2439339999999959
20
-104.9560659999999928
11
156.2114179999999806
21
-104.9074030000000022
0
LINE
8
BLACK
6
CONTINUOUS
10
156.2114179999999806
20
-104.9074030000000022
11
156.1999999999999886
21
-104.8499999999999943
0
LINE
8
BLACK
6
CONTINUOUS
10
156.1999999999999886
20
-104.8499999999999943
11
156.1999999999999886
21
-104.5499999999999972
0
LINE
8
BLACK
6
CONTINUOUS
10
156.1999999999999886
20
-104.5499999999999972
11
156.2114179999999806
21
-104.4925969999999893
0
LINE
8
BLACK
6
CONTINUOUS
10
156.2114179999999806
20
-104.4925969999999893
11
156.2439339999999959
21
-104.4439339999999987
0
LINE
8
BLACK
6
CONTINUOUS
10
156.2439339999999959
20
-104.4439339999999987
11
156.2925970000000007
21
-104.4114179999999976
0
LINE
8
BLACK
6
CONTINUOUS
10
156.2925970000000007
20
-104.4114179999999976
11
156.3499999999999943
21
-104.3999999999999915
0
LINE
8
BLACK
6
CONTINUOUS
10
156.3499999999999943
20
-104.3999999999999915
11
157.5250000000000057
21
-104.3999999999999915
0
LINE
8
BLACK
6
CONTINUOUS
10
157.5250000000000057
20
-104.3999999999999915
11
157.5824029999999993
21
-104.4114179999999976
0
LINE
8
BLACK
6
CONTINUOUS
10
155.7074029999999993
20
-103.4614179999999948
11
155.7560660000000041
21
-103.4939339999999959
0
LINE
8
BLACK
6
CONTINUOUS
10
155.7560660000000041
20
-103.4939339999999959
11
155.788581999999991
21
-103.5425970000000007
0
LINE
8
BLACK
6
CONTINUOUS
10
155.788581999999991
20
-103.5425970000000007
11
155.7999999999999829
21
-103.5999999999999943
0
LINE
8
BLACK
6
CONTINUOUS
10
155.7999999999999829
20
-103.5999999999999943
11
155.7999999999999829
21
-103.8999999999999915
0
LINE
8
BLACK
6
CONTINUOUS
10
155.7999999999999829
20
-103.8999999999999915
11
155.788581999999991
21
-103.9574029999999993
0
LINE
8
BLACK
6
CONTINUOUS
10
155.788581999999991
20
-103.9574029999999993
11
155.7560660000000041
21
-104.0060659999999899
0
LINE
8
BLACK
6
CONTINUOUS
10
155.7560660000000041
20
-104.0060659999999899
11
155.7074029999999993
21
-104.038581999999991
0
LINE
8
BLACK
6
CONTINUOUS
10
155.7074029999999993
20
-104.038581999999991
11
155.6500000000000057
21
-104.0499999999999972
0
LINE
8
BLACK
6
CONTINUOUS
10
155.6500000000000057
20
-104.0499999999999972
11
154.4749999999999943
21
-104.0499999999999972
0
LINE
8
BLACK
6
CONTINUOUS
10
154.4749999999999943
20
-104.0499999999999972
11
154.4175970000000007
21
-104.038581999999991
0
LINE
8
BLACK
6
CONTINUOUS
10
154.4175970000000007
20
-104.038581999999991
11
154.3689339999999959
21
-104.0060659999999899
0
LINE
8
BLACK
6
CONTINUOUS
10
154.3689339999999959
20
-104.0060659999999899
11
154.3364179999999806
21
-103.9574029999999993
0
LINE
8
BLACK
6
CONTINUOUS
10
154.3364179999999806
20
-103.9574029999999993
11
154.3249999999999886
21
-103.8999999999999915
0
LINE
8
BLACK
6
CONTINUOUS
10
154.3249999999999886
20
-103.8999999999999915
11
154.3249999999999886
21
-103.5999999999999943
0
LINE
8
BLACK
6
CONTINUOUS
10
154.3249999999999886
20
-103.5999999999999943
11
154.3364179999999806
21
-103.5425970000000007
0
LINE
8
BLACK
6
CONTINUOUS
10
154.3364179999999806
20
-103.5425970000000007
11
154.3689339999999959
21
-103.4939339999999959
0
LINE
8
BLACK
6
CONTINUOUS
10
154.3689339999999959
20
-103.4939339999999959
11
154.4175970000000007
21
-103.4614179999999948
0
LINE
8
BLACK
6
CONTINUOUS
10
154.4175970000000007
20
-103.4614179999999948
11
154.4749999999999943
21
-103.4499999999999886
0
LINE
8
BLACK
6
CONTINUOUS
10
154.4749999999999943
20
-103.4499999999999886
11
155.6500000000000057
21
-103.4499999999999886
0
LINE
8
BLACK
6
CONTINUOUS
10
155.6500000000000057
20
-103.4499999999999886
11
155.7074029999999993
21
-103.4614179999999948
0
LINE
8
BLACK
6
CONTINUOUS
10
131.8024029999999982
20
-102.0114179999999919
11
131.851066000000003
21
-102.043933999999993
0
LINE
8
BLACK
6
CONTINUOUS
10
131.851066000000003
20
-102.043933999999993
11
131.8835819999999899
21
-102.0925969999999978
0
LINE
8
BLACK
6
CONTINUOUS
10
131.8835819999999899
20
-102.0925969999999978
11
131.8949999999999818
21
-102.1499999999999915
0
LINE
8
BLACK
6
CONTINUOUS
10
131.8949999999999818
20
-102.1499999999999915
11
131.8949999999999818
21
-103.7999999999999972
0
LINE
8
BLACK
6
CONTINUOUS
10
131.8949999999999818
20
-103.7999999999999972
11
131.8835819999999899
21
-103.8574029999999908
0
LINE
8
BLACK
6
CONTINUOUS
10
131.8835819999999899
20
-103.8574029999999908
11
131.851066000000003
21
-103.9060659999999956
0
LINE
8
BLACK
6
CONTINUOUS
10
131.851066000000003
20
-103.9060659999999956
11
131.8024029999999982
21
-103.9385819999999967
0
LINE
8
BLACK
6
CONTINUOUS
10
131.8024029999999982
20
-103.9385819999999967
11
131.7450000000000045
21
-103.9499999999999886
0
LINE
8
BLACK
6
CONTINUOUS
10
131.7450000000000045
20
-103.9499999999999886
11
131.4449999999999932
21
-103.9499999999999886
0
LINE
8
BLACK
6
CONTINUOUS
10
131.4449999999999932
20
-103.9499999999999886
11
131.3875969999999995
21
-103.9385819999999967
0
LINE
8
BLACK
6
CONTINUOUS
10
131.3875969999999995
20
-103.9385819999999967
11
131.3389339999999947
21
-103.9060659999999956
0
LINE
8
BLACK
6
CONTINUOUS
10
131.3389339999999947
20
-103.9060659999999956
11
131.3064180000000079
21
-103.8574029999999908
0
LINE
8
BLACK
6
CONTINUOUS
10
131.3064180000000079
20
-103.8574029999999908
11
131.2949999999999875
21
-103.7999999999999972
0
LINE
8
BLACK
6
CONTINUOUS
10
131.2949999999999875
20
-103.7999999999999972
11
131.2949999999999875
21
-102.1499999999999915
0
LINE
8
BLACK
6
CONTINUOUS
10
131.2949999999999875
20
-102.1499999999999915
11
131.3064180000000079
21
-102.0925969999999978
0
LINE
8
BLACK
6
CONTINUOUS
10
131.3064180000000079
20
-102.0925969999999978
11
131.3389339999999947
21
-102.043933999999993
0
LINE
8
BLACK
6
CONTINUOUS
10
131.3389339999999947
20
-102.043933999999993
11
131.3875969999999995
21
-102.0114179999999919
0
LINE
8
BLACK
6
CONTINUOUS
10
131.3875969999999995
20
-102.0114179999999919
11
131.4449999999999932
21
-102.
0
LINE
8
BLACK
6
CONTINUOUS
10
131.4449999999999932
20
-102.
11
131.7450000000000045
21
-102.
0
LINE
8
BLACK
6
CONTINUOUS
10
131.7450000000000045
20
-102.
11
131.8024029999999982
21
-102.0114179999999919
0
LINE
8
BLACK
6
CONTINUOUS
10
133.07240299999998
20
-102.0114179999999919
11
133.1210659999999848
21
-102.043933999999993
0
LINE
8
BLACK
6
CONTINUOUS
10
133.1210659999999848
20
-102.043933999999993
11
133.1535820000000001
21
-102.0925969999999978
0
LINE
8
BLACK
6
CONTINUOUS
10
133.1535820000000001
20
-102.0925969999999978
11
133.164999999999992
21
-102.1499999999999915
0
LINE
8
BLACK
6
CONTINUOUS
10
133.164999999999992
20
-102.1499999999999915
11
133.164999999999992
21
-103.7999999999999972
0
LINE
8
BLACK
6
CONTINUOUS
10
133.164999999999992
20
-103.7999999999999972
11
133.1535820000000001
21
-103.8574029999999908
0
LINE
8
BLACK
6
CONTINUOUS
10
133.1535820000000001
20
-103.8574029999999908
11
133.1210659999999848
21
-103.9060659999999956
0
LINE
8
BLACK
6
CONTINUOUS
10
133.1210659999999848
20
-103.9060659999999956
11
133.07240299999998
21
-103.9385819999999967
0
LINE
8
BLACK
6
CONTINUOUS
10
133.07240299999998
20
-103.9385819999999967
11
133.0149999999999864
21
-103.9499999999999886
0
LINE
8
BLACK
6
CONTINUOUS
10
133.0149999999999864
20
-103.9499999999999886
11
132.7150000000000034
21
-103.9499999999999886
0
LINE
8
BLACK
6
CONTINUOUS
10
132.7150000000000034
20
-103.9499999999999886
11
132.6575969999999813
21
-103.9385819999999967
0
LINE
8
BLACK
6
CONTINUOUS
10
132.6575969999999813
20
-103.9385819999999967
11
132.608934000000005
21
-103.9060659999999956
0
LINE
8
BLACK
6
CONTINUOUS
10
132.608934000000005
20
-103.9060659999999956
11
132.5764179999999897
21
-103.8574029999999908
0
LINE
8
BLACK
6
CONTINUOUS
10
132.5764179999999897
20
-103.8574029999999908
11
132.5649999999999977
21
-103.7999999999999972
0
LINE
8
BLACK
6
CONTINUOUS
10
132.5649999999999977
20
-103.7999999999999972
11
132.5649999999999977
21
-102.1499999999999915
0
LINE
8
BLACK
6
CONTINUOUS
10
132.5649999999999977
20
-102.1499999999999915
11
132.5764179999999897
21
-102.0925969999999978
0
LINE
8
BLACK
6
CONTINUOUS
10
132.5764179999999897
20
-102.0925969999999978
11
132.608934000000005
21
-102.043933999999993
0
LINE
8
BLACK
6
CONTINUOUS
10
132.608934000000005
20
-102.043933999999993
11
132.6575969999999813
21
-102.0114179999999919
0
LINE
8
BLACK
6
CONTINUOUS
10
132.6575969999999813
20
-102.0114179999999919
11
132.7150000000000034
21
-102.
0
LINE
8
BLACK
6
CONTINUOUS
10
132.7150000000000034
20
-102.
11
133.0149999999999864
21
-102.
0
LINE
8
BLACK
6
CONTINUOUS
10
133.0149999999999864
20
-102.
11
133.07240299999998
21
-102.0114179999999919
0
LINE
8
BLACK
6
CONTINUOUS
10
134.3424029999999902
20
-102.0114179999999919
11
134.391065999999995
21
-102.043933999999993
0
LINE
8
BLACK
6
CONTINUOUS
10
134.391065999999995
20
-102.043933999999993
11
134.4235819999999819
21
-102.0925969999999978
0
LINE
8
BLACK
6
CONTINUOUS
10
134.4235819999999819
20
-102.0925969999999978
11
134.4350000000000023
21
-102.1499999999999915
0
LINE
8
BLACK
6
CONTINUOUS
10
134.4350000000000023
20
-102.1499999999999915
11
134.4350000000000023
21
-103.7999999999999972
0
LINE
8
BLACK
6
CONTINUOUS
10
134.4350000000000023
20
-103.7999999999999972
11
134.4235819999999819
21
-103.8574029999999908
0
LINE
8
BLACK
6
CONTINUOUS
10
134.4235819999999819
20
-103.8574029999999908
11
134.391065999999995
21
-103.9060659999999956
0
LINE
8
BLACK
6
CONTINUOUS
10
134.391065999999995
20
-103.9060659999999956
11
134.3424029999999902
21
-103.9385819999999967
0
LINE
8
BLACK
6
CONTINUOUS
10
134.3424029999999902
20
-103.9385819999999967
11
134.2849999999999966
21
-103.9499999999999886
0
LINE
8
BLACK
6
CONTINUOUS
10
134.2849999999999966
20
-103.9499999999999886
11
133.9849999999999852
21
-103.9499999999999886
0
LINE
8
BLACK
6
CONTINUOUS
10
133.9849999999999852
20
-103.9499999999999886
11
133.9275969999999916
21
-103.9385819999999967
0
LINE
8
BLACK
6
CONTINUOUS
10
133.9275969999999916
20
-103.9385819999999967
11
133.8789339999999868
21
-103.9060659999999956
0
LINE
8
BLACK
6
CONTINUOUS
10
133.8789339999999868
20
-103.9060659999999956
11
133.8464179999999999
21
-103.8574029999999908
0
LINE
8
BLACK
6
CONTINUOUS
10
133.8464179999999999
20
-103.8574029999999908
11
133.835000000000008
21
-103.7999999999999972
0
LINE
8
BLACK
6
CONTINUOUS
10
133.835000000000008
20
-103.7999999999999972
11
133.835000000000008
21
-102.1499999999999915
0
LINE
8
BLACK
6
CONTINUOUS
10
133.835000000000008
20
-102.1499999999999915
11
133.8464179999999999
21
-102.0925969999999978
0
LINE
8
BLACK
6
CONTINUOUS
10
133.8464179999999999
20
-102.0925969999999978
11
133.8789339999999868
21
-102.043933999999993
0
LINE
8
BLACK
6
CONTINUOUS
10
133.8789339999999868
20
-102.043933999999993
11
133.9275969999999916
21
-102.0114179999999919
0
LINE
8
BLACK
6
CONTINUOUS
10
133.9275969999999916
20
-102.0114179999999919
11
133.9849999999999852
21
-102.
0
LINE
8
BLACK
6
CONTINUOUS
10
133.9849999999999852
20
-102.
11
134.2849999999999966
21
-102.
0
LINE
8
BLACK
6
CONTINUOUS
10
134.2849999999999966
20
-102.
11
134.3424029999999902
21
-102.0114179999999919
0
LINE
8
BLACK
6
CONTINUOUS
10
135.6124030000000005
20
-102.0114179999999919
11
135.6610660000000053
21
-102.043933999999993
0
LINE
8
BLACK
6
CONTINUOUS
10
135.6610660000000053
20
-102.043933999999993
11
135.6935819999999921
21
-102.0925969999999978
0
LINE
8
BLACK
6
CONTINUOUS
10
135.6935819999999921
20
-102.0925969999999978
11
135.7049999999999841
21
-102.1499999999999915
0
LINE
8
BLACK
6
CONTINUOUS
10
135.7049999999999841
20
-102.1499999999999915
11
135.7049999999999841
21
-103.7999999999999972
0
LINE
8
BLACK
6
CONTINUOUS
10
135.7049999999999841
20
-103.7999999999999972
11
135.6935819999999921
21
-103.8574029999999908
0
LINE
8
BLACK
6
CONTINUOUS
10
135.6935819999999921
20
-103.8574029999999908
11
135.6610660000000053
21
-103.9060659999999956
0
LINE
8
BLACK
6
CONTINUOUS
10
135.6610660000000053
20
-103.9060659999999956
11
135.6124030000000005
21
-103.9385819999999967
0
LINE
8
BLACK
6
CONTINUOUS
10
135.6124030000000005
20
-103.9385819999999967
11
135.5550000000000068
21
-103.9499999999999886
0
LINE
8
BLACK
6
CONTINUOUS
10
135.5550000000000068
20
-103.9499999999999886
11
135.2549999999999955
21
-103.9499999999999886
0
LINE
8
BLACK
6
CONTINUOUS
10
135.2549999999999955
20
-103.9499999999999886
11
135.1975970000000018
21
-103.9385819999999967
0
LINE
8
BLACK
6
CONTINUOUS
10
135.1975970000000018
20
-103.9385819999999967
11
135.148933999999997
21
-103.9060659999999956
0
LINE
8
BLACK
6
CONTINUOUS
10
135.148933999999997
20
-103.9060659999999956
11
135.1164179999999817
21
-103.8574029999999908
0
LINE
8
BLACK
6
CONTINUOUS
10
135.1164179999999817
20
-103.8574029999999908
11
135.1049999999999898
21
-103.7999999999999972
0
LINE
8
BLACK
6
CONTINUOUS
10
135.1049999999999898
20
-103.7999999999999972
11
135.1049999999999898
21
-102.1499999999999915
0
LINE
8
BLACK
6
CONTINUOUS
10
135.1049999999999898
20
-102.1499999999999915
11
135.1164179999999817
21
-102.0925969999999978
0
LINE
8
BLACK
6
CONTINUOUS
10
135.1164179999999817
20
-102.0925969999999978
11
135.148933999999997
21
-102.043933999999993
0
LINE
8
BLACK
6
CONTINUOUS
10
135.148933999999997
20
-102.043933999999993
11
135.1975970000000018
21
-102.0114179999999919
0
LINE
8
BLACK
6
CONTINUOUS
10
135.1975970000000018
20
-102.0114179999999919
11
135.2549999999999955
21
-102.
0
LINE
8
BLACK
6
CONTINUOUS
10
135.2549999999999955
20
-102.
11
135.5550000000000068
21
-102.
0
LINE
8
BLACK
6
CONTINUOUS
10
135.5550000000000068
20
-102.
11
135.6124030000000005
21
-102.0114179999999919
0
LINE
8
BLACK
6
CONTINUOUS
10
138.7456709999999873
20
-101.2690300000000008
11
138.8267769999999928
21
-101.3232229999999987
0
LINE
8
BLACK
6
CONTINUOUS
10
138.8267769999999928
20
-101.3232229999999987
11
138.8809699999999907
21
-101.4043289999999899
0
LINE
8
BLACK
6
CONTINUOUS
10
138.8809699999999907
20
-101.4043289999999899
11
138.9000000000000057
21
-101.5
0
LINE
8
BLACK
6
CONTINUOUS
10
138.9000000000000057
20
-101.5
11
138.9000000000000057
21
-103.5
0
LINE
8
BLACK
6
CONTINUOUS
10
138.9000000000000057
20
-103.5
11
138.8809699999999907
21
-103.5956709999999958
0
LINE
8
BLACK
6
CONTINUOUS
10
138.8809699999999907
20
-103.5956709999999958
11
138.8267769999999928
21
-103.6767770000000013
0
LINE
8
BLACK
6
CONTINUOUS
10
138.8267769999999928
20
-103.6767770000000013
11
138.7456709999999873
21
-103.7309699999999992
0
LINE
8
BLACK
6
CONTINUOUS
10
138.7456709999999873
20
-103.7309699999999992
11
138.6500000000000057
21
-103.75
0
LINE
8
BLACK
6
CONTINUOUS
10
138.6500000000000057
20
-103.75
11
137.3499999999999943
21
-103.75
0
LINE
8
BLACK
6
CONTINUOUS
10
137.3499999999999943
20
-103.75
11
137.2543289999999843
21
-103.7309699999999992
0
LINE
8
BLACK
6
CONTINUOUS
10
137.2543289999999843
20
-103.7309699999999992
11
137.1732230000000072
21
-103.6767770000000013
0
LINE
8
BLACK
6
CONTINUOUS
10
137.1732230000000072
20
-103.6767770000000013
11
137.1190299999999809
21
-103.5956709999999958
0
LINE
8
BLACK
6
CONTINUOUS
10
137.1190299999999809
20
-103.5956709999999958
11
137.0999999999999943
21
-103.5
0
LINE
8
BLACK
6
CONTINUOUS
10
137.0999999999999943
20
-103.5
11
137.0999999999999943
21
-101.5
0
LINE
8
BLACK
6
CONTINUOUS
10
137.0999999999999943
20
-101.5
11
137.1190299999999809
21
-101.4043289999999899
0
LINE
8
BLACK
6
CONTINUOUS
10
137.1190299999999809
20
-101.4043289999999899
11
137.1732230000000072
21
-101.3232229999999987
0
LINE
8
BLACK
6
CONTINUOUS
10
137.1732230000000072
20
-101.3232229999999987
11
137.2543289999999843
21
-101.2690300000000008
0
LINE
8
BLACK
6
CONTINUOUS
10
137.2543289999999843
20
-101.2690300000000008
11
137.3499999999999943
21
-101.25
0
LINE
8
BLACK
6
CONTINUOUS
10
137.3499999999999943
20
-101.25
11
138.6500000000000057
21
-101.25
0
LINE
8
BLACK
6
CONTINUOUS
10
138.6500000000000057
20
-101.25
11
138.7456709999999873
21
-101.2690300000000008
0
LINE
8
BLACK
6
CONTINUOUS
10
157.5824029999999993
20
-102.5114179999999919
11
157.6310660000000041
21
-102.543933999999993
0
LINE
8
BLACK
6
CONTINUOUS
10
157.6310660000000041
20
-102.543933999999993
11
157.663581999999991
21
-102.5925969999999978
0
LINE
8
BLACK
6
CONTINUOUS
10
157.663581999999991
20
-102.5925969999999978
11
157.6749999999999829
21
-102.6499999999999915
0
LINE
8
BLACK
6
CONTINUOUS
10
157.6749999999999829
20
-102.6499999999999915
11
157.6749999999999829
21
-102.9499999999999886
0
LINE
8
BLACK
6
CONTINUOUS
10
157.6749999999999829
20
-102.9499999999999886
11
157.663581999999991
21
-103.0074029999999965
0
LINE
8
BLACK
6
CONTINUOUS
10
157.663581999999991
20
-103.0074029999999965
11
157.6310660000000041
21
-103.0560660000000013
0
LINE
8
BLACK
6
CONTINUOUS
10
157.6310660000000041
20
-103.0560660000000013
11
157.5824029999999993
21
-103.0885820000000024
0
LINE
8
BLACK
6
CONTINUOUS
10
157.5824029999999993
20
-103.0885820000000024
11
157.5250000000000057
21
-103.0999999999999943
0
LINE
8
BLACK
6
CONTINUOUS
10
157.5250000000000057
20
-103.0999999999999943
11
156.3499999999999943
21
-103.0999999999999943
0
LINE
8
BLACK
6
CONTINUOUS
10
156.3499999999999943
20
-103.0999999999999943
11
156.2925970000000007
21
-103.0885820000000024
0
LINE
8
BLACK
6
CONTINUOUS
10
156.2925970000000007
20
-103.0885820000000024
11
156.2439339999999959
21
-103.0560660000000013
0
LINE
8
BLACK
6
CONTINUOUS
10
156.2439339999999959
20
-103.0560660000000013
11
156.2114179999999806
21
-103.0074029999999965
0
LINE
8
BLACK
6
CONTINUOUS
10
156.2114179999999806
20
-103.0074029999999965
11
156.1999999999999886
21
-102.9499999999999886
0
LINE
8
BLACK
6
CONTINUOUS
10
156.1999999999999886
20
-102.9499999999999886
11
156.1999999999999886
21
-102.6499999999999915
0
LINE
8
BLACK
6
CONTINUOUS
10
156.1999999999999886
20
-102.6499999999999915
11
156.2114179999999806
21
-102.5925969999999978
0
LINE
8
BLACK
6
CONTINUOUS
10
156.2114179999999806
20
-102.5925969999999978
11
156.2439339999999959
21
-102.543933999999993
0
LINE
8
BLACK
6
CONTINUOUS
10
156.2439339999999959
20
-102.543933999999993
11
156.2925970000000007
21
-102.5114179999999919
0
LINE
8
BLACK
6
CONTINUOUS
10
156.2925970000000007
20
-102.5114179999999919
11
156.3499999999999943
21
-102.5
0
LINE
8
BLACK
6
CONTINUOUS
10
156.3499999999999943
20
-102.5
11
157.5250000000000057
21
-102.5
0
LINE
8
BLACK
6
CONTINUOUS
10
157.5250000000000057
20
-102.5
11
157.5824029999999993
21
-102.5114179999999919
0
LINE
8
BLACK
6
CONTINUOUS
10
166.7156709999999862
20
-101.9010299999999916
11
166.7967769999999916
21
-101.9552229999999895
0
LINE
8
BLACK
6
CONTINUOUS
10
166.7967769999999916
20
-101.9552229999999895
11
166.8509699999999896
21
-102.0363289999999949
0
LINE
8
BLACK
6
CONTINUOUS
10
166.8509699999999896
20
-102.0363289999999949
11
166.8700000000000045
21
-102.1319999999999908
0
LINE
8
BLACK
6
CONTINUOUS
10
166.8700000000000045
20
-102.1319999999999908
11
166.8700000000000045
21
-102.6319999999999908
0
LINE
8
BLACK
6
CONTINUOUS
10
166.8700000000000045
20
-102.6319999999999908
11
166.8509699999999896
21
-102.7276710000000008
0
LINE
8
BLACK
6
CONTINUOUS
10
166.8509699999999896
20
-102.7276710000000008
11
166.7967769999999916
21
-102.8087769999999921
0
LINE
8
BLACK
6
CONTINUOUS
10
166.7967769999999916
20
-102.8087769999999921
11
166.7156709999999862
21
-102.86296999999999
0
LINE
8
BLACK
6
CONTINUOUS
10
166.7156709999999862
20
-102.86296999999999
11
166.6200000000000045
21
-102.8819999999999908
0
LINE
8
BLACK
6
CONTINUOUS
10
166.6200000000000045
20
-102.8819999999999908
11
166.1200000000000045
21
-102.8819999999999908
0
LINE
8
BLACK
6
CONTINUOUS
10
166.1200000000000045
20
-102.8819999999999908
11
166.0243289999999945
21
-102.86296999999999
0
LINE
8
BLACK
6
CONTINUOUS
10
166.0243289999999945
20
-102.86296999999999
11
165.943222999999989
21
-102.8087769999999921
0
LINE
8
BLACK
6
CONTINUOUS
10
165.943222999999989
20
-102.8087769999999921
11
165.8890299999999911
21
-102.7276710000000008
0
LINE
8
BLACK
6
CONTINUOUS
10
165.8890299999999911
20
-102.7276710000000008
11
165.8700000000000045
21
-102.6319999999999908
0
LINE
8
BLACK
6
CONTINUOUS
10
165.8700000000000045
20
-102.6319999999999908
11
165.8700000000000045
21
-102.1319999999999908
0
LINE
8
BLACK
6
CONTINUOUS
10
165.8700000000000045
20
-102.1319999999999908
11
165.8890299999999911
21
-102.0363289999999949
0
LINE
8
BLACK
6
CONTINUOUS
10
165.8890299999999911
20
-102.0363289999999949
11
165.943222999999989
21
-101.9552229999999895
0
LINE
8
BLACK
6
CONTINUOUS
10
165.943222999999989
20
-101.9552229999999895
11
166.0243289999999945
21
-101.9010299999999916
0
LINE
8
BLACK
6
CONTINUOUS
10
166.0243289999999945
20
-101.9010299999999916
11
166.1200000000000045
21
-101.8819999999999908
0
LINE
8
BLACK
6
CONTINUOUS
10
166.1200000000000045
20
-101.8819999999999908
11
166.6200000000000045
21
-101.8819999999999908
0
LINE
8
BLACK
6
CONTINUOUS
10
166.6200000000000045
20
-101.8819999999999908
11
166.7156709999999862
21
-101.9010299999999916
0
LINE
8
BLACK
6
CONTINUOUS
10
144.9456710000000044
20
-99.4190299999999922
11
145.0267769999999814
21
-99.4732229999999902
0
LINE
8
BLACK
6
CONTINUOUS
10
145.0267769999999814
20
-99.4732229999999902
11
145.0809699999999793
21
-99.5543289999999956
0
LINE
8
BLACK
6
CONTINUOUS
10
145.0809699999999793
20
-99.5543289999999956
11
145.0999999999999943
21
-99.6499999999999915
0
LINE
8
BLACK
6
CONTINUOUS
10
145.0999999999999943
20
-99.6499999999999915
11
145.0999999999999943
21
-101.8499999999999943
0
LINE
8
BLACK
6
CONTINUOUS
10
145.0999999999999943
20
-101.8499999999999943
11
145.0809699999999793
21
-101.9456709999999902
0
LINE
8
BLACK
6
CONTINUOUS
10
145.0809699999999793
20
-101.9456709999999902
11
145.0267769999999814
21
-102.0267769999999956
0
LINE
8
BLACK
6
CONTINUOUS
10
145.0267769999999814
20
-102.0267769999999956
11
144.9456710000000044
21
-102.0809699999999935
0
LINE
8
BLACK
6
CONTINUOUS
10
144.9456710000000044
20
-102.0809699999999935
11
144.8499999999999943
21
-102.0999999999999943
0
LINE
8
BLACK
6
CONTINUOUS
10
144.8499999999999943
20
-102.0999999999999943
11
144.0250000000000057
21
-102.0999999999999943
0
LINE
8
BLACK
6
CONTINUOUS
10
144.0250000000000057
20
-102.0999999999999943
11
143.9293289999999956
21
-102.0809699999999935
0
LINE
8
BLACK
6
CONTINUOUS
10
143.9293289999999956
20
-102.0809699999999935
11
143.8482229999999902
21
-102.0267769999999956
0
LINE
8
BLACK
6
CONTINUOUS
10
143.8482229999999902
20
-102.0267769999999956
11
143.7940299999999922
21
-101.9456709999999902
0
LINE
8
BLACK
6
CONTINUOUS
10
143.7940299999999922
20
-101.9456709999999902
11
143.7750000000000057
21
-101.8499999999999943
0
LINE
8
BLACK
6
CONTINUOUS
10
143.7750000000000057
20
-101.8499999999999943
11
143.7750000000000057
21
-99.6499999999999915
0
LINE
8
BLACK
6
CONTINUOUS
10
143.7750000000000057
20
-99.6499999999999915
11
143.7940299999999922
21
-99.5543289999999956
0
LINE
8
BLACK
6
CONTINUOUS
10
143.7940299999999922
20
-99.5543289999999956
11
143.8482229999999902
21
-99.4732229999999902
0
LINE
8
BLACK
6
CONTINUOUS
10
143.8482229999999902
20
-99.4732229999999902
11
143.9293289999999956
21
-99.4190299999999922
0
LINE
8
BLACK
6
CONTINUOUS
10
143.9293289999999956
20
-99.4190299999999922
11
144.0250000000000057
21
-99.3999999999999915
0
LINE
8
BLACK
6
CONTINUOUS
10
144.0250000000000057
20
-99.3999999999999915
11
144.8499999999999943
21
-99.3999999999999915
0
LINE
8
BLACK
6
CONTINUOUS
10
144.8499999999999943
20
-99.3999999999999915
11
144.9456710000000044
21
-99.4190299999999922
0
LINE
8
BLACK
6
CONTINUOUS
10
148.0706710000000044
20
-99.4190299999999922
11
148.1517769999999814
21
-99.4732229999999902
0
LINE
8
BLACK
6
CONTINUOUS
10
148.1517769999999814
20
-99.4732229999999902
11
148.2059699999999793
21
-99.5543289999999956
0
LINE
8
BLACK
6
CONTINUOUS
10
148.2059699999999793
20
-99.5543289999999956
11
148.2249999999999943
21
-99.6499999999999915
0
LINE
8
BLACK
6
CONTINUOUS
10
148.2249999999999943
20
-99.6499999999999915
11
148.2249999999999943
21
-101.8499999999999943
0
LINE
8
BLACK
6
CONTINUOUS
10
148.2249999999999943
20
-101.8499999999999943
11
148.2059699999999793
21
-101.9456709999999902
0
LINE
8
BLACK
6
CONTINUOUS
10
148.2059699999999793
20
-101.9456709999999902
11
148.1517769999999814
21
-102.0267769999999956
0
LINE
8
BLACK
6
CONTINUOUS
10
148.1517769999999814
20
-102.0267769999999956
11
148.0706710000000044
21
-102.0809699999999935
0
LINE
8
BLACK
6
CONTINUOUS
10
148.0706710000000044
20
-102.0809699999999935
11
147.9749999999999943
21
-102.0999999999999943
0
LINE
8
BLACK
6
CONTINUOUS
10
147.9749999999999943
20
-102.0999999999999943
11
147.1500000000000057
21
-102.0999999999999943
0
LINE
8
BLACK
6
CONTINUOUS
10
147.1500000000000057
20
-102.0999999999999943
11
147.0543289999999956
21
-102.0809699999999935
0
LINE
8
BLACK
6
CONTINUOUS
10
147.0543289999999956
20
-102.0809699999999935
11
146.9732229999999902
21
-102.0267769999999956
0
LINE
8
BLACK
6
CONTINUOUS
10
146.9732229999999902
20
-102.0267769999999956
11
146.9190299999999922
21
-101.9456709999999902
0
LINE
8
BLACK
6
CONTINUOUS
10
146.9190299999999922
20
-101.9456709999999902
11
146.9000000000000057
21
-101.8499999999999943
0
LINE
8
BLACK
6
CONTINUOUS
10
146.9000000000000057
20
-101.8499999999999943
11
146.9000000000000057
21
-99.6499999999999915
0
LINE
8
BLACK
6
CONTINUOUS
10
146.9000000000000057
20
-99.6499999999999915
11
146.9190299999999922
21
-99.5543289999999956
0
LINE
8
BLACK
6
CONTINUOUS
10
146.9190299999999922
20
-99.5543289999999956
11
146.9732229999999902
21
-99.4732229999999902
0
LINE
8
BLACK
6
CONTINUOUS
10
146.9732229999999902
20
-99.4732229999999902
11
147.0543289999999956
21
-99.4190299999999922
0
LINE
8
BLACK
6
CONTINUOUS
10
147.0543289999999956
20
-99.4190299999999922
11
147.1500000000000057
21
-99.3999999999999915
0
LINE
8
BLACK
6
CONTINUOUS
10
147.1500000000000057
20
-99.3999999999999915
11
147.9749999999999943
21
-99.3999999999999915
0
LINE
8
BLACK
6
CONTINUOUS
10
147.9749999999999943
20
-99.3999999999999915
11
148.0706710000000044
21
-99.4190299999999922
0
LINE
8
BLACK
6
CONTINUOUS
10
150.4456710000000044
20
-99.4190299999999922
11
150.5267769999999814
21
-99.4732229999999902
0
LINE
8
BLACK
6
CONTINUOUS
10
150.5267769999999814
20
-99.4732229999999902
11
150.5809699999999793
21
-99.5543289999999956
0
LINE
8
BLACK
6
CONTINUOUS
10
150.5809699999999793
20
-99.5543289999999956
11
150.5999999999999943
21
-99.6499999999999915
0
LINE
8
BLACK
6
CONTINUOUS
10
150.5999999999999943
20
-99.6499999999999915
11
150.5999999999999943
21
-101.8499999999999943
0
LINE
8
BLACK
6
CONTINUOUS
10
150.5999999999999943
20
-101.8499999999999943
11
150.5809699999999793
21
-101.9456709999999902
0
LINE
8
BLACK
6
CONTINUOUS
10
150.5809699999999793
20
-101.9456709999999902
11
150.5267769999999814
21
-102.0267769999999956
0
LINE
8
BLACK
6
CONTINUOUS
10
150.5267769999999814
20
-102.0267769999999956
11
150.4456710000000044
21
-102.0809699999999935
0
LINE
8
BLACK
6
CONTINUOUS
10
150.4456710000000044
20
-102.0809699999999935
11
150.3499999999999943
21
-102.0999999999999943
0
LINE
8
BLACK
6
CONTINUOUS
10
150.3499999999999943
20
-102.0999999999999943
11
149.5250000000000057
21
-102.0999999999999943
0
LINE
8
BLACK
6
CONTINUOUS
10
149.5250000000000057
20
-102.0999999999999943
11
149.4293289999999956
21
-102.0809699999999935
0
LINE
8
BLACK
6
CONTINUOUS
10
149.4293289999999956
20
-102.0809699999999935
11
149.3482229999999902
21
-102.0267769999999956
0
LINE
8
BLACK
6
CONTINUOUS
10
149.3482229999999902
20
-102.0267769999999956
11
149.2940299999999922
21
-101.9456709999999902
0
LINE
8
BLACK
6
CONTINUOUS
10
149.2940299999999922
20
-101.9456709999999902
11
149.2750000000000057
21
-101.8499999999999943
0
LINE
8
BLACK
6
CONTINUOUS
10
149.2750000000000057
20
-101.8499999999999943
11
149.2750000000000057
21
-99.6499999999999915
0
LINE
8
BLACK
6
CONTINUOUS
10
149.2750000000000057
20
-99.6499999999999915
11
149.2940299999999922
21
-99.5543289999999956
0
LINE
8
BLACK
6
CONTINUOUS
10
149.2940299999999922
20
-99.5543289999999956
11
149.3482229999999902
21
-99.4732229999999902
0
LINE
8
BLACK
6
CONTINUOUS
10
149.3482229999999902
20
-99.4732229999999902
11
149.4293289999999956
21
-99.4190299999999922
0
LINE
8
BLACK
6
CONTINUOUS
10
149.4293289999999956
20
-99.4190299999999922
11
149.5250000000000057
21
-99.3999999999999915
0
LINE
8
BLACK
6
CONTINUOUS
10
149.5250000000000057
20
-99.3999999999999915
11
150.3499999999999943
21
-99.3999999999999915
0
LINE
8
BLACK
6
CONTINUOUS
10
150.3499999999999943
20
-99.3999999999999915
11
150.4456710000000044
21
-99.4190299999999922
0
LINE
8
BLACK
6
CONTINUOUS
10
153.5706710000000044
20
-99.4190299999999922
11
153.6517769999999814
21
-99.4732229999999902
0
LINE
8
BLACK
6
CONTINUOUS
10
153.6517769999999814
20
-99.4732229999999902
11
153.7059699999999793
21
-99.5543289999999956
0
LINE
8
BLACK
6
CONTINUOUS
10
153.7059699999999793
20
-99.5543289999999956
11
153.7249999999999943
21
-99.6499999999999915
0
LINE
8
BLACK
6
CONTINUOUS
10
153.7249999999999943
20
-99.6499999999999915
11
153.7249999999999943
21
-101.8499999999999943
0
LINE
8
BLACK
6
CONTINUOUS
10
153.7249999999999943
20
-101.8499999999999943
11
153.7059699999999793
21
-101.9456709999999902
0
LINE
8
BLACK
6
CONTINUOUS
10
153.7059699999999793
20
-101.9456709999999902
11
153.6517769999999814
21
-102.0267769999999956
0
LINE
8
BLACK
6
CONTINUOUS
10
153.6517769999999814
20
-102.0267769999999956
11
153.5706710000000044
21
-102.0809699999999935
0
LINE
8
BLACK
6
CONTINUOUS
10
153.5706710000000044
20
-102.0809699999999935
11
153.4749999999999943
21
-102.0999999999999943
0
LINE
8
BLACK
6
CONTINUOUS
10
153.4749999999999943
20
-102.0999999999999943
11
152.6500000000000057
21
-102.0999999999999943
0
LINE
8
BLACK
6
CONTINUOUS
10
152.6500000000000057
20
-102.0999999999999943
11
152.5543289999999956
21
-102.0809699999999935
0
LINE
8
BLACK
6
CONTINUOUS
10
152.5543289999999956
20
-102.0809699999999935
11
152.4732229999999902
21
-102.0267769999999956
0
LINE
8
BLACK
6
CONTINUOUS
10
152.4732229999999902
20
-102.0267769999999956
11
152.4190299999999922
21
-101.9456709999999902
0
LINE
8
BLACK
6
CONTINUOUS
10
152.4190299999999922
20
-101.9456709999999902
11
152.4000000000000057
21
-101.8499999999999943
0
LINE
8
BLACK
6
CONTINUOUS
10
152.4000000000000057
20
-101.8499999999999943
11
152.4000000000000057
21
-99.6499999999999915
0
LINE
8
BLACK
6
CONTINUOUS
10
152.4000000000000057
20
-99.6499999999999915
11
152.4190299999999922
21
-99.5543289999999956
0
LINE
8
BLACK
6
CONTINUOUS
10
152.4190299999999922
20
-99.5543289999999956
11
152.4732229999999902
21
-99.4732229999999902
0
LINE
8
BLACK
6
CONTINUOUS
10
152.4732229999999902
20
-99.4732229999999902
11
152.5543289999999956
21
-99.4190299999999922
0
LINE
8
BLACK
6
CONTINUOUS
10
152.5543289999999956
20
-99.4190299999999922
11
152.6500000000000057
21
-99.3999999999999915
0
LINE
8
BLACK
6
CONTINUOUS
10
152.6500000000000057
20
-99.3999999999999915
11
153.4749999999999943
21
-99.3999999999999915
0
LINE
8
BLACK
6
CONTINUOUS
10
153.4749999999999943
20
-99.3999999999999915
11
153.5706710000000044
21
-99.4190299999999922
0
LINE
8
BLACK
6
CONTINUOUS
10
138.7456709999999873
20
-97.2690300000000008
11
138.8267769999999928
21
-97.3232229999999987
0
LINE
8
BLACK
6
CONTINUOUS
10
138.8267769999999928
20
-97.3232229999999987
11
138.8809699999999907
21
-97.4043289999999899
0
LINE
8
BLACK
6
CONTINUOUS
10
138.8809699999999907
20
-97.4043289999999899
11
138.9000000000000057
21
-97.5
0
LINE
8
BLACK
6
CONTINUOUS
10
138.9000000000000057
20
-97.5
11
138.9000000000000057
21
-99.5
0
LINE
8
BLACK
6
CONTINUOUS
10
138.9000000000000057
20
-99.5
11
138.8809699999999907
21
-99.5956709999999958
0
LINE
8
BLACK
6
CONTINUOUS
10
138.8809699999999907
20
-99.5956709999999958
11
138.8267769999999928
21
-99.6767770000000013
0
LINE
8
BLACK
6
CONTINUOUS
10
138.8267769999999928
20
-99.6767770000000013
11
138.7456709999999873
21
-99.7309699999999992
0
LINE
8
BLACK
6
CONTINUOUS
10
138.7456709999999873
20
-99.7309699999999992
11
138.6500000000000057
21
-99.75
0
LINE
8
BLACK
6
CONTINUOUS
10
138.6500000000000057
20
-99.75
11
137.3499999999999943
21
-99.75
0
LINE
8
BLACK
6
CONTINUOUS
10
137.3499999999999943
20
-99.75
11
137.2543289999999843
21
-99.7309699999999992
0
LINE
8
BLACK
6
CONTINUOUS
10
137.2543289999999843
20
-99.7309699999999992
11
137.1732230000000072
21
-99.6767770000000013
0
LINE
8
BLACK
6
CONTINUOUS
10
137.1732230000000072
20
-99.6767770000000013
11
137.1190299999999809
21
-99.5956709999999958
0
LINE
8
BLACK
6
CONTINUOUS
10
137.1190299999999809
20
-99.5956709999999958
11
137.0999999999999943
21
-99.5
0
LINE
8
BLACK
6
CONTINUOUS
10
137.0999999999999943
20
-99.5
11
137.0999999999999943
21
-97.5
0
LINE
8
BLACK
6
CONTINUOUS
10
137.0999999999999943
20
-97.5
11
137.1190299999999809
21
-97.4043289999999899
0
LINE
8
BLACK
6
CONTINUOUS
10
137.1190299999999809
20
-97.4043289999999899
11
137.1732230000000072
21
-97.3232229999999987
0
LINE
8
BLACK
6
CONTINUOUS
10
137.1732230000000072
20
-97.3232229999999987
11
137.2543289999999843
21
-97.2690300000000008
0
LINE
8
BLACK
6
CONTINUOUS
10
137.2543289999999843
20
-97.2690300000000008
11
137.3499999999999943
21
-97.25
0
LINE
8
BLACK
6
CONTINUOUS
10
137.3499999999999943
20
-97.25
11
138.6500000000000057
21
-97.25
0
LINE
8
BLACK
6
CONTINUOUS
10
138.6500000000000057
20
-97.25
11
138.7456709999999873
21
-97.2690300000000008
0
LINE
8
BLACK
6
CONTINUOUS
10
131.8024029999999982
20
-97.0614179999999891
11
131.851066000000003
21
-97.0939339999999902
0
LINE
8
BLACK
6
CONTINUOUS
10
131.851066000000003
20
-97.0939339999999902
11
131.8835819999999899
21
-97.142596999999995
0
LINE
8
BLACK
6
CONTINUOUS
10
131.8835819999999899
20
-97.142596999999995
11
131.8949999999999818
21
-97.1999999999999886
0
LINE
8
BLACK
6
CONTINUOUS
10
131.8949999999999818
20
-97.1999999999999886
11
131.8949999999999818
21
-98.8499999999999943
0
LINE
8
BLACK
6
CONTINUOUS
10
131.8949999999999818
20
-98.8499999999999943
11
131.8835819999999899
21
-98.9074030000000022
0
LINE
8
BLACK
6
CONTINUOUS
10
131.8835819999999899
20
-98.9074030000000022
11
131.851066000000003
21
-98.9560659999999928
0
LINE
8
BLACK
6
CONTINUOUS
10
131.851066000000003
20
-98.9560659999999928
11
131.8024029999999982
21
-98.9885819999999939
0
LINE
8
BLACK
6
CONTINUOUS
10
131.8024029999999982
20
-98.9885819999999939
11
131.7450000000000045
21
-99.
0
LINE
8
BLACK
6
CONTINUOUS
10
131.7450000000000045
20
-99.
11
131.4449999999999932
21
-99.
0
LINE
8
BLACK
6
CONTINUOUS
10
131.4449999999999932
20
-99.
11
131.3875969999999995
21
-98.9885819999999939
0
LINE
8
BLACK
6
CONTINUOUS
10
131.3875969999999995
20
-98.9885819999999939
11
131.3389339999999947
21
-98.9560659999999928
0
LINE
8
BLACK
6
CONTINUOUS
10
131.3389339999999947
20
-98.9560659999999928
11
131.3064180000000079
21
-98.9074030000000022
0
LINE
8
BLACK
6
CONTINUOUS
10
131.3064180000000079
20
-98.9074030000000022
11
131.2949999999999875
21
-98.8499999999999943
0
LINE
8
BLACK
6
CONTINUOUS
10
131.2949999999999875
20
-98.8499999999999943
11
131.2949999999999875
21
-97.1999999999999886
0
LINE
8
BLACK
6
CONTINUOUS
10
131.2949999999999875
20
-97.1999999999999886
11
131.3064180000000079
21
-97.142596999999995
0
LINE
8
BLACK
6
CONTINUOUS
10
131.3064180000000079
20
-97.142596999999995
11
131.3389339999999947
21
-97.0939339999999902
0
LINE
8
BLACK
6
CONTINUOUS
10
131.3389339999999947
20
-97.0939339999999902
11
131.3875969999999995
21
-97.0614179999999891
0
LINE
8
BLACK
6
CONTINUOUS
10
131.3875969999999995
20
-97.0614179999999891
11
131.4449999999999932
21
-97.0499999999999972
0
LINE
8
BLACK
6
CONTINUOUS
10
131.4449999999999932
20
-97.0499999999999972
11
131.7450000000000045
21
-97.0499999999999972
0
LINE
8
BLACK
6
CONTINUOUS
10
131.7450000000000045
20
-97.0499999999999972
11
131.8024029999999982
21
-97.0614179999999891
0
LINE
8
BLACK
6
CONTINUOUS
10
133.07240299999998
20
-97.0614179999999891
11
133.1210659999999848
21
-97.0939339999999902
0
LINE
8
BLACK
6
CONTINUOUS
10
133.1210659999999848
20
-97.0939339999999902
11
133.1535820000000001
21
-97.142596999999995
0
LINE
8
BLACK
6
CONTINUOUS
10
133.1535820000000001
20
-97.142596999999995
11
133.164999999999992
21
-97.1999999999999886
0
LINE
8
BLACK
6
CONTINUOUS
10
133.164999999999992
20
-97.1999999999999886
11
133.164999999999992
21
-98.8499999999999943
0
LINE
8
BLACK
6
CONTINUOUS
10
133.164999999999992
20
-98.8499999999999943
11
133.1535820000000001
21
-98.9074030000000022
0
LINE
8
BLACK
6
CONTINUOUS
10
133.1535820000000001
20
-98.9074030000000022
11
133.1210659999999848
21
-98.9560659999999928
0
LINE
8
BLACK
6
CONTINUOUS
10
133.1210659999999848
20
-98.9560659999999928
11
133.07240299999998
21
-98.9885819999999939
0
LINE
8
BLACK
6
CONTINUOUS
10
133.07240299999998
20
-98.9885819999999939
11
133.0149999999999864
21
-99.
0
LINE
8
BLACK
6
CONTINUOUS
10
133.0149999999999864
20
-99.
11
132.7150000000000034
21
-99.
0
LINE
8
BLACK
6
CONTINUOUS
10
132.7150000000000034
20
-99.
11
132.6575969999999813
21
-98.9885819999999939
0
LINE
8
BLACK
6
CONTINUOUS
10
132.6575969999999813
20
-98.9885819999999939
11
132.608934000000005
21
-98.9560659999999928
0
LINE
8
BLACK
6
CONTINUOUS
10
132.608934000000005
20
-98.9560659999999928
11
132.5764179999999897
21
-98.9074030000000022
0
LINE
8
BLACK
6
CONTINUOUS
10
132.5764179999999897
20
-98.9074030000000022
11
132.5649999999999977
21
-98.8499999999999943
0
LINE
8
BLACK
6
CONTINUOUS
10
132.5649999999999977
20
-98.8499999999999943
11
132.5649999999999977
21
-97.1999999999999886
0
LINE
8
BLACK
6
CONTINUOUS
10
132.5649999999999977
20
-97.1999999999999886
11
132.5764179999999897
21
-97.142596999999995
0
LINE
8
BLACK
6
CONTINUOUS
10
132.5764179999999897
20
-97.142596999999995
11
132.608934000000005
21
-97.0939339999999902
0
LINE
8
BLACK
6
CONTINUOUS
10
132.608934000000005
20
-97.0939339999999902
11
132.6575969999999813
21
-97.0614179999999891
0
LINE
8
BLACK
6
CONTINUOUS
10
132.6575969999999813
20
-97.0614179999999891
11
132.7150000000000034
21
-97.0499999999999972
0
LINE
8
BLACK
6
CONTINUOUS
10
132.7150000000000034
20
-97.0499999999999972
11
133.0149999999999864
21
-97.0499999999999972
0
LINE
8
BLACK
6
CONTINUOUS
10
133.0149999999999864
20
-97.0499999999999972
11
133.07240299999998
21
-97.0614179999999891
0
LINE
8
BLACK
6
CONTINUOUS
10
134.3424029999999902
20
-97.0614179999999891
11
134.391065999999995
21
-97.0939339999999902
0
LINE
8
BLACK
6
CONTINUOUS
10
134.391065999999995
20
-97.0939339999999902
11
134.4235819999999819
21
-97.142596999999995
0
LINE
8
BLACK
6
CONTINUOUS
10
134.4235819999999819
20
-97.142596999999995
11
134.4350000000000023
21
-97.1999999999999886
0
LINE
8
BLACK
6
CONTINUOUS
10
134.4350000000000023
20
-97.1999999999999886
11
134.4350000000000023
21
-98.8499999999999943
0
LINE
8
BLACK
6
CONTINUOUS
10
134.4350000000000023
20
-98.8499999999999943
11
134.4235819999999819
21
-98.9074030000000022
0
LINE
8
BLACK
6
CONTINUOUS
10
134.4235819999999819
20
-98.9074030000000022
11
134.391065999999995
21
-98.9560659999999928
0
LINE
8
BLACK
6
CONTINUOUS
10
134.391065999999995
20
-98.9560659999999928
11
134.3424029999999902
21
-98.9885819999999939
0
LINE
8
BLACK
6
CONTINUOUS
10
134.3424029999999902
20
-98.9885819999999939
11
134.2849999999999966
21
-99.
0
LINE
8
BLACK
6
CONTINUOUS
10
134.2849999999999966
20
-99.
11
133.9849999999999852
21
-99.
0
LINE
8
BLACK
6
CONTINUOUS
10
133.9849999999999852
20
-99.
11
133.9275969999999916
21
-98.9885819999999939
0
LINE
8
BLACK
6
CONTINUOUS
10
133.9275969999999916
20
-98.9885819999999939
11
133.8789339999999868
21
-98.9560659999999928
0
LINE
8
BLACK
6
CONTINUOUS
10
133.8789339999999868
20
-98.9560659999999928
11
133.8464179999999999
21
-98.9074030000000022
0
LINE
8
BLACK
6
CONTINUOUS
10
133.8464179999999999
20
-98.9074030000000022
11
133.835000000000008
21
-98.8499999999999943
0
LINE
8
BLACK
6
CONTINUOUS
10
133.835000000000008
20
-98.8499999999999943
11
133.835000000000008
21
-97.1999999999999886
0
LINE
8
BLACK
6
CONTINUOUS
10
133.835000000000008
20
-97.1999999999999886
11
133.8464179999999999
21
-97.142596999999995
0
LINE
8
BLACK
6
CONTINUOUS
10
133.8464179999999999
20
-97.142596999999995
11
133.8789339999999868
21
-97.0939339999999902
0
LINE
8
BLACK
6
CONTINUOUS
10
133.8789339999999868
20
-97.0939339999999902
11
133.9275969999999916
21
-97.0614179999999891
0
LINE
8
BLACK
6
CONTINUOUS
10
133.9275969999999916
20
-97.0614179999999891
11
133.9849999999999852
21
-97.0499999999999972
0
LINE
8
BLACK
6
CONTINUOUS
10
133.9849999999999852
20
-97.0499999999999972
11
134.2849999999999966
21
-97.0499999999999972
0
LINE
8
BLACK
6
CONTINUOUS
10
134.2849999999999966
20
-97.0499999999999972
11
134.3424029999999902
21
-97.0614179999999891
0
LINE
8
BLACK
6
CONTINUOUS
10
135.6124030000000005
20
-97.0614179999999891
11
135.6610660000000053
21
-97.0939339999999902
0
LINE
8
BLACK
6
CONTINUOUS
10
135.6610660000000053
20
-97.0939339999999902
11
135.6935819999999921
21
-97.142596999999995
0
LINE
8
BLACK
6
CONTINUOUS
10
135.6935819999999921
20
-97.142596999999995
11
135.7049999999999841
21
-97.1999999999999886
0
LINE
8
BLACK
6
CONTINUOUS
10
135.7049999999999841
20
-97.1999999999999886
11
135.7049999999999841
21
-98.8499999999999943
0
LINE
8
BLACK
6
CONTINUOUS
10
135.7049999999999841
20
-98.8499999999999943
11
135.6935819999999921
21
-98.9074030000000022
0
LINE
8
BLACK
6
CONTINUOUS
10
135.6935819999999921
20
-98.9074030000000022
11
135.6610660000000053
21
-98.9560659999999928
0
LINE
8
BLACK
6
CONTINUOUS
10
135.6610660000000053
20
-98.9560659999999928
11
135.6124030000000005
21
-98.9885819999999939
0
LINE
8
BLACK
6
CONTINUOUS
10
135.6124030000000005
20
-98.9885819999999939
11
135.5550000000000068
21
-99.
0
LINE
8
BLACK
6
CONTINUOUS
10
135.5550000000000068
20
-99.
11
135.2549999999999955
21
-99.
0
LINE
8
BLACK
6
CONTINUOUS
10
135.2549999999999955
20
-99.
11
135.1975970000000018
21
-98.9885819999999939
0
LINE
8
BLACK
6
CONTINUOUS
10
135.1975970000000018
20
-98.9885819999999939
11
135.148933999999997
21
-98.9560659999999928
0
LINE
8
BLACK
6
CONTINUOUS
10
135.148933999999997
20
-98.9560659999999928
11
135.1164179999999817
21
-98.9074030000000022
0
LINE
8
BLACK
6
CONTINUOUS
10
135.1164179999999817
20
-98.9074030000000022
11
135.1049999999999898
21
-98.8499999999999943
0
LINE
8
BLACK
6
CONTINUOUS
10
135.1049999999999898
20
-98.8499999999999943
11
135.1049999999999898
21
-97.1999999999999886
0
LINE
8
BLACK
6
CONTINUOUS
10
135.1049999999999898
20
-97.1999999999999886
11
135.1164179999999817
21
-97.142596999999995
0
LINE
8
BLACK
6
CONTINUOUS
10
135.1164179999999817
20
-97.142596999999995
11
135.148933999999997
21
-97.0939339999999902
0
LINE
8
BLACK
6
CONTINUOUS
10
135.148933999999997
20
-97.0939339999999902
11
135.1975970000000018
21
-97.0614179999999891
0
LINE
8
BLACK
6
CONTINUOUS
10
135.1975970000000018
20
-97.0614179999999891
11
135.2549999999999955
21
-97.0499999999999972
0
LINE
8
BLACK
6
CONTINUOUS
10
135.2549999999999955
20
-97.0499999999999972
11
135.5550000000000068
21
-97.0499999999999972
0
LINE
8
BLACK
6
CONTINUOUS
10
135.5550000000000068
20
-97.0499999999999972
11
135.6124030000000005
21
-97.0614179999999891
0
LINE
8
BLACK
6
CONTINUOUS
10
144.9456710000000044
20
-95.9190299999999922
11
145.0267769999999814
21
-95.9732229999999902
0
LINE
8
BLACK
6
CONTINUOUS
10
145.0267769999999814
20
-95.9732229999999902
11
145.0809699999999793
21
-96.0543289999999956
0
LINE
8
BLACK
6
CONTINUOUS
10
145.0809699999999793
20
-96.0543289999999956
11
145.0999999999999943
21
-96.1499999999999915
0
LINE
8
BLACK
6
CONTINUOUS
10
145.0999999999999943
20
-96.1499999999999915
11
145.0999999999999943
21
-98.3499999999999943
0
LINE
8
BLACK
6
CONTINUOUS
10
145.0999999999999943
20
-98.3499999999999943
11
145.0809699999999793
21
-98.4456709999999902
0
LINE
8
BLACK
6
CONTINUOUS
10
145.0809699999999793
20
-98.4456709999999902
11
145.0267769999999814
21
-98.5267769999999956
0
LINE
8
BLACK
6
CONTINUOUS
10
145.0267769999999814
20
-98.5267769999999956
11
144.9456710000000044
21
-98.5809699999999935
0
LINE
8
BLACK
6
CONTINUOUS
10
144.9456710000000044
20
-98.5809699999999935
11
144.8499999999999943
21
-98.5999999999999943
0
LINE
8
BLACK
6
CONTINUOUS
10
144.8499999999999943
20
-98.5999999999999943
11
144.0250000000000057
21
-98.5999999999999943
0
LINE
8
BLACK
6
CONTINUOUS
10
144.0250000000000057
20
-98.5999999999999943
11
143.9293289999999956
21
-98.5809699999999935
0
LINE
8
BLACK
6
CONTINUOUS
10
143.9293289999999956
20
-98.5809699999999935
11
143.8482229999999902
21
-98.5267769999999956
0
LINE
8
BLACK
6
CONTINUOUS
10
143.8482229999999902
20
-98.5267769999999956
11
143.7940299999999922
21
-98.4456709999999902
0
LINE
8
BLACK
6
CONTINUOUS
10
143.7940299999999922
20
-98.4456709999999902
11
143.7750000000000057
21
-98.3499999999999943
0
LINE
8
BLACK
6
CONTINUOUS
10
143.7750000000000057
20
-98.3499999999999943
11
143.7750000000000057
21
-96.1499999999999915
0
LINE
8
BLACK
6
CONTINUOUS
10
143.7750000000000057
20
-96.1499999999999915
11
143.7940299999999922
21
-96.0543289999999956
0
LINE
8
BLACK
6
CONTINUOUS
10
143.7940299999999922
20
-96.0543289999999956
11
143.8482229999999902
21
-95.9732229999999902
0
LINE
8
BLACK
6
CONTINUOUS
10
143.8482229999999902
20
-95.9732229999999902
11
143.9293289999999956
21
-95.9190299999999922
0
LINE
8
BLACK
6
CONTINUOUS
10
143.9293289999999956
20
-95.9190299999999922
11
144.0250000000000057
21
-95.8999999999999915
0
LINE
8
BLACK
6
CONTINUOUS
10
144.0250000000000057
20
-95.8999999999999915
11
144.8499999999999943
21
-95.8999999999999915
0
LINE
8
BLACK
6
CONTINUOUS
10
144.8499999999999943
20
-95.8999999999999915
11
144.9456710000000044
21
-95.9190299999999922
0
LINE
8
BLACK
6
CONTINUOUS
10
148.0706710000000044
20
-95.9190299999999922
11
148.1517769999999814
21
-95.9732229999999902
0
LINE
8
BLACK
6
CONTINUOUS
10
148.1517769999999814
20
-95.9732229999999902
11
148.2059699999999793
21
-96.0543289999999956
0
LINE
8
BLACK
6
CONTINUOUS
10
148.2059699999999793
20
-96.0543289999999956
11
148.2249999999999943
21
-96.1499999999999915
0
LINE
8
BLACK
6
CONTINUOUS
10
148.2249999999999943
20
-96.1499999999999915
11
148.2249999999999943
21
-98.3499999999999943
0
LINE
8
BLACK
6
CONTINUOUS
10
148.2249999999999943
20
-98.3499999999999943
11
148.2059699999999793
21
-98.4456709999999902
0
LINE
8
BLACK
6
CONTINUOUS
10
148.2059699999999793
20
-98.4456709999999902
11
148.1517769999999814
21
-98.5267769999999956
0
LINE
8
BLACK
6
CONTINUOUS
10
148.1517769999999814
20
-98.5267769999999956
11
148.0706710000000044
21
-98.5809699999999935
0
LINE
8
BLACK
6
CONTINUOUS
10
148.0706710000000044
20
-98.5809699999999935
11
147.9749999999999943
21
-98.5999999999999943
0
LINE
8
BLACK
6
CONTINUOUS
10
147.9749999999999943
20
-98.5999999999999943
11
147.1500000000000057
21
-98.5999999999999943
0
LINE
8
BLACK
6
CONTINUOUS
10
147.1500000000000057
20
-98.5999999999999943
11
147.0543289999999956
21
-98.5809699999999935
0
LINE
8
BLACK
6
CONTINUOUS
10
147.0543289999999956
20
-98.5809699999999935
11
146.9732229999999902
21
-98.5267769999999956
0
LINE
8
BLACK
6
CONTINUOUS
10
146.9732229999999902
20
-98.5267769999999956
11
146.9190299999999922
21
-98.4456709999999902
0
LINE
8
BLACK
6
CONTINUOUS
10
146.9190299999999922
20
-98.4456709999999902
11
146.9000000000000057
21
-98.3499999999999943
0
LINE
8
BLACK
6
CONTINUOUS
10
146.9000000000000057
20
-98.3499999999999943
11
146.9000000000000057
21
-96.1499999999999915
0
LINE
8
BLACK
6
CONTINUOUS
10
146.9000000000000057
20
-96.1499999999999915
11
146.9190299999999922
21
-96.0543289999999956
0
LINE
8
BLACK
6
CONTINUOUS
10
146.9190299999999922
20
-96.0543289999999956
11
146.9732229999999902
21
-95.9732229999999902
0
LINE
8
BLACK
6
CONTINUOUS
10
146.9732229999999902
20
-95.9732229999999902
11
147.0543289999999956
21
-95.9190299999999922
0
LINE
8
BLACK
6
CONTINUOUS
10
147.0543289999999956
20
-95.9190299999999922
11
147.1500000000000057
21
-95.8999999999999915
0
LINE
8
BLACK
6
CONTINUOUS
10
147.1500000000000057
20
-95.8999999999999915
11
147.9749999999999943
21
-95.8999999999999915
0
LINE
8
BLACK
6
CONTINUOUS
10
147.9749999999999943
20
-95.8999999999999915
11
148.0706710000000044
21
-95.9190299999999922
0
LINE
8
BLACK
6
CONTINUOUS
10
150.4456710000000044
20
-95.9190299999999922
11
150.5267769999999814
21
-95.9732229999999902
0
LINE
8
BLACK
6
CONTINUOUS
10
150.5267769999999814
20
-95.9732229999999902
11
150.5809699999999793
21
-96.0543289999999956
0
LINE
8
BLACK
6
CONTINUOUS
10
150.5809699999999793
20
-96.0543289999999956
11
150.5999999999999943
21
-96.1499999999999915
0
LINE
8
BLACK
6
CONTINUOUS
10
150.5999999999999943
20
-96.1499999999999915
11
150.5999999999999943
21
-98.3499999999999943
0
LINE
8
BLACK
6
CONTINUOUS
10
150.5999999999999943
20
-98.3499999999999943
11
150.5809699999999793
21
-98.4456709999999902
0
LINE
8
BLACK
6
CONTINUOUS
10
150.5809699999999793
20
-98.4456709999999902
11
150.5267769999999814
21
-98.5267769999999956
0
LINE
8
BLACK
6
CONTINUOUS
10
150.5267769999999814
20
-98.5267769999999956
11
150.4456710000000044
21
-98.5809699999999935
0
LINE
8
BLACK
6
CONTINUOUS
10
150.4456710000000044
20
-98.5809699999999935
11
150.3499999999999943
21
-98.5999999999999943
0
LINE
8
BLACK
6
CONTINUOUS
10
150.3499999999999943
20
-98.5999999999999943
11
149.5250000000000057
21
-98.5999999999999943
0
LINE
8
BLACK
6
CONTINUOUS
10
149.5250000000000057
20
-98.5999999999999943
11
149.4293289999999956
21
-98.5809699999999935
0
LINE
8
BLACK
6
CONTINUOUS
10
149.4293289999999956
20
-98.5809699999999935
11
149.3482229999999902
21
-98.5267769999999956
0
LINE
8
BLACK
6
CONTINUOUS
10
149.3482229999999902
20
-98.5267769999999956
11
149.2940299999999922
21
-98.4456709999999902
0
LINE
8
BLACK
6
CONTINUOUS
10
149.2940299999999922
20
-98.4456709999999902
11
149.2750000000000057
21
-98.3499999999999943
0
LINE
8
BLACK
6
CONTINUOUS
10
149.2750000000000057
20
-98.3499999999999943
11
149.2750000000000057
21
-96.1499999999999915
0
LINE
8
BLACK
6
CONTINUOUS
10
149.2750000000000057
20
-96.1499999999999915
11
149.2940299999999922
21
-96.0543289999999956
0
LINE
8
BLACK
6
CONTINUOUS
10
149.2940299999999922
20
-96.0543289999999956
11
149.3482229999999902
21
-95.9732229999999902
0
LINE
8
BLACK
6
CONTINUOUS
10
149.3482229999999902
20
-95.9732229999999902
11
149.4293289999999956
21
-95.9190299999999922
0
LINE
8
BLACK
6
CONTINUOUS
10
149.4293289999999956
20
-95.9190299999999922
11
149.5250000000000057
21
-95.8999999999999915
0
LINE
8
BLACK
6
CONTINUOUS
10
149.5250000000000057
20
-95.8999999999999915
11
150.3499999999999943
21
-95.8999999999999915
0
LINE
8
BLACK
6
CONTINUOUS
10
150.3499999999999943
20
-95.8999999999999915
11
150.4456710000000044
21
-95.9190299999999922
0
LINE
8
BLACK
6
CONTINUOUS
10
153.5706710000000044
20
-95.9190299999999922
11
153.6517769999999814
21
-95.9732229999999902
0
LINE
8
BLACK
6
CONTINUOUS
10
153.6517769999999814
20
-95.9732229999999902
11
153.7059699999999793
21
-96.0543289999999956
0
LINE
8
BLACK
6
CONTINUOUS
10
153.7059699999999793
20
-96.0543289999999956
11
153.7249999999999943
21
-96.1499999999999915
0
LINE
8
BLACK
6
CONTINUOUS
10
153.7249999999999943
20
-96.1499999999999915
11
153.7249999999999943
21
-98.3499999999999943
0
LINE
8
BLACK
6
CONTINUOUS
10
153.7249999999999943
20
-98.3499999999999943
11
153.7059699999999793
21
-98.4456709999999902
0
LINE
8
BLACK
6
CONTINUOUS
10
153.7059699999999793
20
-98.4456709999999902
11
153.6517769999999814
21
-98.5267769999999956
0
LINE
8
BLACK
6
CONTINUOUS
10
153.6517769999999814
20
-98.5267769999999956
11
153.5706710000000044
21
-98.5809699999999935
0
LINE
8
BLACK
6
CONTINUOUS
10
153.5706710000000044
20
-98.5809699999999935
11
153.4749999999999943
21
-98.5999999999999943
0
LINE
8
BLACK
6
CONTINUOUS
10
153.4749999999999943
20
-98.5999999999999943
11
152.6500000000000057
21
-98.5999999999999943
0
LINE
8
BLACK
6
CONTINUOUS
10
152.6500000000000057
20
-98.5999999999999943
11
152.5543289999999956
21
-98.5809699999999935
0
LINE
8
BLACK
6
CONTINUOUS
10
152.5543289999999956
20
-98.5809699999999935
11
152.4732229999999902
21
-98.5267769999999956
0
LINE
8
BLACK
6
CONTINUOUS
10
152.4732229999999902
20
-98.5267769999999956
11
152.4190299999999922
21
-98.4456709999999902
0
LINE
8
BLACK
6
CONTINUOUS
10
152.4190299999999922
20
-98.4456709999999902
11
152.4000000000000057
21
-98.3499999999999943
0
LINE
8
BLACK
6
CONTINUOUS
10
152.4000000000000057
20
-98.3499999999999943
11
152.4000000000000057
21
-96.1499999999999915
0
LINE
8
BLACK
6
CONTINUOUS
10
152.4000000000000057
20
-96.1499999999999915
11
152.4190299999999922
21
-96.0543289999999956
0
LINE
8
BLACK
6
CONTINUOUS
10
152.4190299999999922
20
-96.0543289999999956
11
152.4732229999999902
21
-95.9732229999999902
0
LINE
8
BLACK
6
CONTINUOUS
10
152.4732229999999902
20
-95.9732229999999902
11
152.5543289999999956
21
-95.9190299999999922
0
LINE
8
BLACK
6
CONTINUOUS
10
152.5543289999999956
20
-95.9190299999999922
11
152.6500000000000057
21
-95.8999999999999915
0
LINE
8
BLACK
6
CONTINUOUS
10
152.6500000000000057
20
-95.8999999999999915
11
153.4749999999999943
21
-95.8999999999999915
0
LINE
8
BLACK
6
CONTINUOUS
10
153.4749999999999943
20
-95.8999999999999915
11
153.5706710000000044
21
-95.9190299999999922
0
LINE
8
BLACK
6
CONTINUOUS
10
132.69267099999999
20
-94.0420299999999969
11
132.7737769999999955
21
-94.0962229999999948
0
LINE
8
BLACK
6
CONTINUOUS
10
132.7737769999999955
20
-94.0962229999999948
11
132.8279699999999934
21
-94.1773290000000003
0
LINE
8
BLACK
6
CONTINUOUS
10
132.8279699999999934
20
-94.1773290000000003
11
132.84699999999998
21
-94.2729999999999961
0
LINE
8
BLACK
6
CONTINUOUS
10
132.84699999999998
20
-94.2729999999999961
11
132.84699999999998
21
-96.0229999999999961
0
LINE
8
BLACK
6
CONTINUOUS
10
132.84699999999998
20
-96.0229999999999961
11
132.8279699999999934
21
-96.118670999999992
0
LINE
8
BLACK
6
CONTINUOUS
10
132.8279699999999934
20
-96.118670999999992
11
132.7737769999999955
21
-96.1997769999999974
0
LINE
8
BLACK
6
CONTINUOUS
10
132.7737769999999955
20
-96.1997769999999974
11
132.69267099999999
21
-96.2539699999999954
0
LINE
8
BLACK
6
CONTINUOUS
10
132.69267099999999
20
-96.2539699999999954
11
132.59699999999998
21
-96.2729999999999961
0
LINE
8
BLACK
6
CONTINUOUS
10
132.59699999999998
20
-96.2729999999999961
11
130.546999999999997
21
-96.2729999999999961
0
LINE
8
BLACK
6
CONTINUOUS
10
130.546999999999997
20
-96.2729999999999961
11
130.451328999999987
21
-96.2539699999999954
0
LINE
8
BLACK
6
CONTINUOUS
10
130.451328999999987
20
-96.2539699999999954
11
130.3702229999999815
21
-96.1997769999999974
0
LINE
8
BLACK
6
CONTINUOUS
10
130.3702229999999815
20
-96.1997769999999974
11
130.3160299999999836
21
-96.118670999999992
0
LINE
8
BLACK
6
CONTINUOUS
10
130.3160299999999836
20
-96.118670999999992
11
130.296999999999997
21
-96.0229999999999961
0
LINE
8
BLACK
6
CONTINUOUS
10
130.296999999999997
20
-96.0229999999999961
11
130.296999999999997
21
-94.2729999999999961
0
LINE
8
BLACK
6
CONTINUOUS
10
130.296999999999997
20
-94.2729999999999961
11
130.3160299999999836
21
-94.1773290000000003
0
LINE
8
BLACK
6
CONTINUOUS
10
130.3160299999999836
20
-94.1773290000000003
11
130.3702229999999815
21
-94.0962229999999948
0
LINE
8
BLACK
6
CONTINUOUS
10
130.3702229999999815
20
-94.0962229999999948
11
130.451328999999987
21
-94.0420299999999969
0
LINE
8
BLACK
6
CONTINUOUS
10
130.451328999999987
20
-94.0420299999999969
11
130.546999999999997
21
-94.0229999999999961
0
LINE
8
BLACK
6
CONTINUOUS
10
130.546999999999997
20
-94.0229999999999961
11
132.59699999999998
21
-94.0229999999999961
0
LINE
8
BLACK
6
CONTINUOUS
10
132.59699999999998
20
-94.0229999999999961
11
132.69267099999999
21
-94.0420299999999969
0
LINE
8
BLACK
6
CONTINUOUS
10
136.4546709999999905
20
-92.8510299999999944
11
136.535776999999996
21
-92.9052229999999923
0
LINE
8
BLACK
6
CONTINUOUS
10
136.535776999999996
20
-92.9052229999999923
11
136.5899699999999939
21
-92.9863289999999978
0
LINE
8
BLACK
6
CONTINUOUS
10
136.5899699999999939
20
-92.9863289999999978
11
136.6089999999999804
21
-93.0819999999999936
0
LINE
8
BLACK
6
CONTINUOUS
10
136.6089999999999804
20
-93.0819999999999936
11
136.6089999999999804
21
-95.1319999999999908
0
LINE
8
BLACK
6
CONTINUOUS
10
136.6089999999999804
20
-95.1319999999999908
11
136.5899699999999939
21
-95.2276710000000008
0
LINE
8
BLACK
6
CONTINUOUS
10
136.5899699999999939
20
-95.2276710000000008
11
136.535776999999996
21
-95.3087769999999921
0
LINE
8
BLACK
6
CONTINUOUS
10
136.535776999999996
20
-95.3087769999999921
11
136.4546709999999905
21
-95.36296999999999
0
LINE
8
BLACK
6
CONTINUOUS
10
136.4546709999999905
20
-95.36296999999999
11
136.3589999999999804
21
-95.3819999999999908
0
LINE
8
BLACK
6
CONTINUOUS
10
136.3589999999999804
20
-95.3819999999999908
11
134.6089999999999804
21
-95.3819999999999908
0
LINE
8
BLACK
6
CONTINUOUS
10
134.6089999999999804
20
-95.3819999999999908
11
134.5133289999999988
21
-95.36296999999999
0
LINE
8
BLACK
6
CONTINUOUS
10
134.5133289999999988
20
-95.36296999999999
11
134.4322229999999934
21
-95.3087769999999921
0
LINE
8
BLACK
6
CONTINUOUS
10
134.4322229999999934
20
-95.3087769999999921
11
134.3780299999999954
21
-95.2276710000000008
0
LINE
8
BLACK
6
CONTINUOUS
10
134.3780299999999954
20
-95.2276710000000008
11
134.3589999999999804
21
-95.1319999999999908
0
LINE
8
BLACK
6
CONTINUOUS
10
134.3589999999999804
20
-95.1319999999999908
11
134.3589999999999804
21
-93.0819999999999936
0
LINE
8
BLACK
6
CONTINUOUS
10
134.3589999999999804
20
-93.0819999999999936
11
134.3780299999999954
21
-92.9863289999999978
0
LINE
8
BLACK
6
CONTINUOUS
10
134.3780299999999954
20
-92.9863289999999978
11
134.4322229999999934
21
-92.9052229999999923
0
LINE
8
BLACK
6
CONTINUOUS
10
134.4322229999999934
20
-92.9052229999999923
11
134.5133289999999988
21
-92.8510299999999944
0
LINE
8
BLACK
6
CONTINUOUS
10
134.5133289999999988
20
-92.8510299999999944
11
134.6089999999999804
21
-92.8319999999999936
0
LINE
8
BLACK
6
CONTINUOUS
10
134.6089999999999804
20
-92.8319999999999936
11
136.3589999999999804
21
-92.8319999999999936
0
LINE
8
BLACK
6
CONTINUOUS
10
136.3589999999999804
20
-92.8319999999999936
11
136.4546709999999905
21
-92.8510299999999944
0
LINE
8
BLACK
6
CONTINUOUS
10
142.8546709999999962
20
-92.8510299999999944
11
142.9357770000000016
21
-92.9052229999999923
0
LINE
8
BLACK
6
CONTINUOUS
10
142.9357770000000016
20
-92.9052229999999923
11
142.9899699999999996
21
-92.9863289999999978
0
LINE
8
BLACK
6
CONTINUOUS
10
142.9899699999999996
20
-92.9863289999999978
11
143.0089999999999861
21
-93.0819999999999936
0
LINE
8
BLACK
6
CONTINUOUS
10
143.0089999999999861
20
-93.0819999999999936
11
143.0089999999999861
21
-95.1319999999999908
0
LINE
8
BLACK
6
CONTINUOUS
10
143.0089999999999861
20
-95.1319999999999908
11
142.9899699999999996
21
-95.2276710000000008
0
LINE
8
BLACK
6
CONTINUOUS
10
142.9899699999999996
20
-95.2276710000000008
11
142.9357770000000016
21
-95.3087769999999921
0
LINE
8
BLACK
6
CONTINUOUS
10
142.9357770000000016
20
-95.3087769999999921
11
142.8546709999999962
21
-95.36296999999999
0
LINE
8
BLACK
6
CONTINUOUS
10
142.8546709999999962
20
-95.36296999999999
11
142.7589999999999861
21
-95.3819999999999908
0
LINE
8
BLACK
6
CONTINUOUS
10
142.7589999999999861
20
-95.3819999999999908
11
141.0089999999999861
21
-95.3819999999999908
0
LINE
8
BLACK
6
CONTINUOUS
10
141.0089999999999861
20
-95.3819999999999908
11
140.9133290000000045
21
-95.36296999999999
0
LINE
8
BLACK
6
CONTINUOUS
10
140.9133290000000045
20
-95.36296999999999
11
140.832222999999999
21
-95.3087769999999921
0
LINE
8
BLACK
6
CONTINUOUS
10
140.832222999999999
20
-95.3087769999999921
11
140.7780300000000011
21
-95.2276710000000008
0
LINE
8
BLACK
6
CONTINUOUS
10
140.7780300000000011
20
-95.2276710000000008
11
140.7589999999999861
21
-95.1319999999999908
0
LINE
8
BLACK
6
CONTINUOUS
10
140.7589999999999861
20
-95.1319999999999908
11
140.7589999999999861
21
-93.0819999999999936
0
LINE
8
BLACK
6
CONTINUOUS
10
140.7589999999999861
20
-93.0819999999999936
11
140.7780300000000011
21
-92.9863289999999978
0
LINE
8
BLACK
6
CONTINUOUS
10
140.7780300000000011
20
-92.9863289999999978
11
140.832222999999999
21
-92.9052229999999923
0
LINE
8
BLACK
6
CONTINUOUS
10
140.832222999999999
20
-92.9052229999999923
11
140.9133290000000045
21
-92.8510299999999944
0
LINE
8
BLACK
6
CONTINUOUS
10
140.9133290000000045
20
-92.8510299999999944
11
141.0089999999999861
21
-92.8319999999999936
0
LINE
8
BLACK
6
CONTINUOUS
10
141.0089999999999861
20
-92.8319999999999936
11
142.7589999999999861
21
-92.8319999999999936
0
LINE
8
BLACK
6
CONTINUOUS
10
142.7589999999999861
20
-92.8319999999999936
11
142.8546709999999962
21
-92.8510299999999944
0
LINE
8
BLACK
6
CONTINUOUS
10
144.5524029999999982
20
-93.2614179999999919
11
144.601066000000003
21
-93.293933999999993
0
LINE
8
BLACK
6
CONTINUOUS
10
144.601066000000003
20
-93.293933999999993
11
144.6335819999999899
21
-93.3425969999999978
0
LINE
8
BLACK
6
CONTINUOUS
10
144.6335819999999899
20
-93.3425969999999978
11
144.6449999999999818
21
-93.3999999999999915
0
LINE
8
BLACK
6
CONTINUOUS
10
144.6449999999999818
20
-93.3999999999999915
11
144.6449999999999818
21
-95.0499999999999972
0
LINE
8
BLACK
6
CONTINUOUS
10
144.6449999999999818
20
-95.0499999999999972
11
144.6335819999999899
21
-95.1074029999999908
0
LINE
8
BLACK
6
CONTINUOUS
10
144.6335819999999899
20
-95.1074029999999908
11
144.601066000000003
21
-95.1560659999999956
0
LINE
8
BLACK
6
CONTINUOUS
10
144.601066000000003
20
-95.1560659999999956
11
144.5524029999999982
21
-95.1885819999999967
0
LINE
8
BLACK
6
CONTINUOUS
10
144.5524029999999982
20
-95.1885819999999967
11
144.4950000000000045
21
-95.1999999999999886
0
LINE
8
BLACK
6
CONTINUOUS
10
144.4950000000000045
20
-95.1999999999999886
11
144.1949999999999932
21
-95.1999999999999886
0
LINE
8
BLACK
6
CONTINUOUS
10
144.1949999999999932
20
-95.1999999999999886
11
144.1375969999999995
21
-95.1885819999999967
0
LINE
8
BLACK
6
CONTINUOUS
10
144.1375969999999995
20
-95.1885819999999967
11
144.0889339999999947
21
-95.1560659999999956
0
LINE
8
BLACK
6
CONTINUOUS
10
144.0889339999999947
20
-95.1560659999999956
11
144.0564179999999794
21
-95.1074029999999908
0
LINE
8
BLACK
6
CONTINUOUS
10
144.0564179999999794
20
-95.1074029999999908
11
144.0449999999999875
21
-95.0499999999999972
0
LINE
8
BLACK
6
CONTINUOUS
10
144.0449999999999875
20
-95.0499999999999972
11
144.0449999999999875
21
-93.3999999999999915
0
LINE
8
BLACK
6
CONTINUOUS
10
144.0449999999999875
20
-93.3999999999999915
11
144.0564179999999794
21
-93.3425969999999978
0
LINE
8
BLACK
6
CONTINUOUS
10
144.0564179999999794
20
-93.3425969999999978
11
144.0889339999999947
21
-93.293933999999993
0
LINE
8
BLACK
6
CONTINUOUS
10
144.0889339999999947
20
-93.293933999999993
11
144.1375969999999995
21
-93.2614179999999919
0
LINE
8
BLACK
6
CONTINUOUS
10
144.1375969999999995
20
-93.2614179999999919
11
144.1949999999999932
21
-93.25
0
LINE
8
BLACK
6
CONTINUOUS
10
144.1949999999999932
20
-93.25
11
144.4950000000000045
21
-93.25
0
LINE
8
BLACK
6
CONTINUOUS
10
144.4950000000000045
20
-93.25
11
144.5524029999999982
21
-93.2614179999999919
0
LINE
8
BLACK
6
CONTINUOUS
10
145.82240299999998
20
-93.2614179999999919
11
145.8710659999999848
21
-93.293933999999993
0
LINE
8
BLACK
6
CONTINUOUS
10
145.8710659999999848
20
-93.293933999999993
11
145.9035820000000001
21
-93.3425969999999978
0
LINE
8
BLACK
6
CONTINUOUS
10
145.9035820000000001
20
-93.3425969999999978
11
145.914999999999992
21
-93.3999999999999915
0
LINE
8
BLACK
6
CONTINUOUS
10
145.914999999999992
20
-93.3999999999999915
11
145.914999999999992
21
-95.0499999999999972
0
LINE
8
BLACK
6
CONTINUOUS
10
145.914999999999992
20
-95.0499999999999972
11
145.9035820000000001
21
-95.1074029999999908
0
LINE
8
BLACK
6
CONTINUOUS
10
145.9035820000000001
20
-95.1074029999999908
11
145.8710659999999848
21
-95.1560659999999956
0
LINE
8
BLACK
6
CONTINUOUS
10
145.8710659999999848
20
-95.1560659999999956
11
145.82240299999998
21
-95.1885819999999967
0
LINE
8
BLACK
6
CONTINUOUS
10
145.82240299999998
20
-95.1885819999999967
11
145.7649999999999864
21
-95.1999999999999886
0
LINE
8
BLACK
6
CONTINUOUS
10
145.7649999999999864
20
-95.1999999999999886
11
145.4650000000000034
21
-95.1999999999999886
0
LINE
8
BLACK
6
CONTINUOUS
10
145.4650000000000034
20
-95.1999999999999886
11
145.4075969999999813
21
-95.1885819999999967
0
LINE
8
BLACK
6
CONTINUOUS
10
145.4075969999999813
20
-95.1885819999999967
11
145.358934000000005
21
-95.1560659999999956
0
LINE
8
BLACK
6
CONTINUOUS
10
145.358934000000005
20
-95.1560659999999956
11
145.3264179999999897
21
-95.1074029999999908
0
LINE
8
BLACK
6
CONTINUOUS
10
145.3264179999999897
20
-95.1074029999999908
11
145.3149999999999977
21
-95.0499999999999972
0
LINE
8
BLACK
6
CONTINUOUS
10
145.3149999999999977
20
-95.0499999999999972
11
145.3149999999999977
21
-93.3999999999999915
0
LINE
8
BLACK
6
CONTINUOUS
10
145.3149999999999977
20
-93.3999999999999915
11
145.3264179999999897
21
-93.3425969999999978
0
LINE
8
BLACK
6
CONTINUOUS
10
145.3264179999999897
20
-93.3425969999999978
11
145.358934000000005
21
-93.293933999999993
0
LINE
8
BLACK
6
CONTINUOUS
10
145.358934000000005
20
-93.293933999999993
11
145.4075969999999813
21
-93.2614179999999919
0
LINE
8
BLACK
6
CONTINUOUS
10
145.4075969999999813
20
-93.2614179999999919
11
145.4650000000000034
21
-93.25
0
LINE
8
BLACK
6
CONTINUOUS
10
145.4650000000000034
20
-93.25
11
145.7649999999999864
21
-93.25
0
LINE
8
BLACK
6
CONTINUOUS
10
145.7649999999999864
20
-93.25
11
145.82240299999998
21
-93.2614179999999919
0
LINE
8
BLACK
6
CONTINUOUS
10
147.0924029999999902
20
-93.2614179999999919
11
147.141065999999995
21
-93.293933999999993
0
LINE
8
BLACK
6
CONTINUOUS
10
147.141065999999995
20
-93.293933999999993
11
147.1735819999999819
21
-93.3425969999999978
0
LINE
8
BLACK
6
CONTINUOUS
10
147.1735819999999819
20
-93.3425969999999978
11
147.1850000000000023
21
-93.3999999999999915
0
LINE
8
BLACK
6
CONTINUOUS
10
147.1850000000000023
20
-93.3999999999999915
11
147.1850000000000023
21
-95.0499999999999972
0
LINE
8
BLACK
6
CONTINUOUS
10
147.1850000000000023
20
-95.0499999999999972
11
147.1735819999999819
21
-95.1074029999999908
0
LINE
8
BLACK
6
CONTINUOUS
10
147.1735819999999819
20
-95.1074029999999908
11
147.141065999999995
21
-95.1560659999999956
0
LINE
8
BLACK
6
CONTINUOUS
10
147.141065999999995
20
-95.1560659999999956
11
147.0924029999999902
21
-95.1885819999999967
0
LINE
8
BLACK
6
CONTINUOUS
10
147.0924029999999902
20
-95.1885819999999967
11
147.0349999999999966
21
-95.1999999999999886
0
LINE
8
BLACK
6
CONTINUOUS
10
147.0349999999999966
20
-95.1999999999999886
11
146.7349999999999852
21
-95.1999999999999886
0
LINE
8
BLACK
6
CONTINUOUS
10
146.7349999999999852
20
-95.1999999999999886
11
146.6775969999999916
21
-95.1885819999999967
0
LINE
8
BLACK
6
CONTINUOUS
10
146.6775969999999916
20
-95.1885819999999967
11
146.6289339999999868
21
-95.1560659999999956
0
LINE
8
BLACK
6
CONTINUOUS
10
146.6289339999999868
20
-95.1560659999999956
11
146.5964179999999999
21
-95.1074029999999908
0
LINE
8
BLACK
6
CONTINUOUS
10
146.5964179999999999
20
-95.1074029999999908
11
146.5849999999999795
21
-95.0499999999999972
0
LINE
8
BLACK
6
CONTINUOUS
10
146.5849999999999795
20
-95.0499999999999972
11
146.5849999999999795
21
-93.3999999999999915
0
LINE
8
BLACK
6
CONTINUOUS
10
146.5849999999999795
20
-93.3999999999999915
11
146.5964179999999999
21
-93.3425969999999978
0
LINE
8
BLACK
6
CONTINUOUS
10
146.5964179999999999
20
-93.3425969999999978
11
146.6289339999999868
21
-93.293933999999993
0
LINE
8
BLACK
6
CONTINUOUS
10
146.6289339999999868
20
-93.293933999999993
11
146.6775969999999916
21
-93.2614179999999919
0
LINE
8
BLACK
6
CONTINUOUS
10
146.6775969999999916
20
-93.2614179999999919
11
146.7349999999999852
21
-93.25
0
LINE
8
BLACK
6
CONTINUOUS
10
146.7349999999999852
20
-93.25
11
147.0349999999999966
21
-93.25
0
LINE
8
BLACK
6
CONTINUOUS
10
147.0349999999999966
20
-93.25
11
147.0924029999999902
21
-93.2614179999999919
0
LINE
8
BLACK
6
CONTINUOUS
10
148.3624030000000005
20
-93.2614179999999919
11
148.4110660000000053
21
-93.293933999999993
0
LINE
8
BLACK
6
CONTINUOUS
10
148.4110660000000053
20
-93.293933999999993
11
148.4435819999999921
21
-93.3425969999999978
0
LINE
8
BLACK
6
CONTINUOUS
10
148.4435819999999921
20
-93.3425969999999978
11
148.4549999999999841
21
-93.3999999999999915
0
LINE
8
BLACK
6
CONTINUOUS
10
148.4549999999999841
20
-93.3999999999999915
11
148.4549999999999841
21
-95.0499999999999972
0
LINE
8
BLACK
6
CONTINUOUS
10
148.4549999999999841
20
-95.0499999999999972
11
148.4435819999999921
21
-95.1074029999999908
0
LINE
8
BLACK
6
CONTINUOUS
10
148.4435819999999921
20
-95.1074029999999908
11
148.4110660000000053
21
-95.1560659999999956
0
LINE
8
BLACK
6
CONTINUOUS
10
148.4110660000000053
20
-95.1560659999999956
11
148.3624030000000005
21
-95.1885819999999967
0
LINE
8
BLACK
6
CONTINUOUS
10
148.3624030000000005
20
-95.1885819999999967
11
148.3050000000000068
21
-95.1999999999999886
0
LINE
8
BLACK
6
CONTINUOUS
10
148.3050000000000068
20
-95.1999999999999886
11
148.0049999999999955
21
-95.1999999999999886
0
LINE
8
BLACK
6
CONTINUOUS
10
148.0049999999999955
20
-95.1999999999999886
11
147.9475970000000018
21
-95.1885819999999967
0
LINE
8
BLACK
6
CONTINUOUS
10
147.9475970000000018
20
-95.1885819999999967
11
147.898933999999997
21
-95.1560659999999956
0
LINE
8
BLACK
6
CONTINUOUS
10
147.898933999999997
20
-95.1560659999999956
11
147.8664179999999817
21
-95.1074029999999908
0
LINE
8
BLACK
6
CONTINUOUS
10
147.8664179999999817
20
-95.1074029999999908
11
147.8549999999999898
21
-95.0499999999999972
0
LINE
8
BLACK
6
CONTINUOUS
10
147.8549999999999898
20
-95.0499999999999972
11
147.8549999999999898
21
-93.3999999999999915
0
LINE
8
BLACK
6
CONTINUOUS
10
147.8549999999999898
20
-93.3999999999999915
11
147.8664179999999817
21
-93.3425969999999978
0
LINE
8
BLACK
6
CONTINUOUS
10
147.8664179999999817
20
-93.3425969999999978
11
147.898933999999997
21
-93.293933999999993
0
LINE
8
BLACK
6
CONTINUOUS
10
147.898933999999997
20
-93.293933999999993
11
147.9475970000000018
21
-93.2614179999999919
0
LINE
8
BLACK
6
CONTINUOUS
10
147.9475970000000018
20
-93.2614179999999919
11
148.0049999999999955
21
-93.25
0
LINE
8
BLACK
6
CONTINUOUS
10
148.0049999999999955
20
-93.25
11
148.3050000000000068
21
-93.25
0
LINE
8
BLACK
6
CONTINUOUS
10
148.3050000000000068
20
-93.25
11
148.3624030000000005
21
-93.2614179999999919
0
LINE
8
BLACK
6
CONTINUOUS
10
151.4956709999999873
20
-92.2690300000000008
11
151.5767769999999928
21
-92.3232229999999987
0
LINE
8
BLACK
6
CONTINUOUS
10
151.5767769999999928
20
-92.3232229999999987
11
151.6309699999999907
21
-92.4043289999999899
0
LINE
8
BLACK
6
CONTINUOUS
10
151.6309699999999907
20
-92.4043289999999899
11
151.6500000000000057
21
-92.5
0
LINE
8
BLACK
6
CONTINUOUS
10
151.6500000000000057
20
-92.5
11
151.6500000000000057
21
-94.5
0
LINE
8
BLACK
6
CONTINUOUS
10
151.6500000000000057
20
-94.5
11
151.6309699999999907
21
-94.5956709999999958
0
LINE
8
BLACK
6
CONTINUOUS
10
151.6309699999999907
20
-94.5956709999999958
11
151.5767769999999928
21
-94.6767770000000013
0
LINE
8
BLACK
6
CONTINUOUS
10
151.5767769999999928
20
-94.6767770000000013
11
151.4956709999999873
21
-94.7309699999999992
0
LINE
8
BLACK
6
CONTINUOUS
10
151.4956709999999873
20
-94.7309699999999992
11
151.4000000000000057
21
-94.75
0
LINE
8
BLACK
6
CONTINUOUS
10
151.4000000000000057
20
-94.75
11
150.0999999999999943
21
-94.75
0
LINE
8
BLACK
6
CONTINUOUS
10
150.0999999999999943
20
-94.75
11
150.0043289999999843
21
-94.7309699999999992
0
LINE
8
BLACK
6
CONTINUOUS
10
150.0043289999999843
20
-94.7309699999999992
11
149.9232230000000072
21
-94.6767770000000013
0
LINE
8
BLACK
6
CONTINUOUS
10
149.9232230000000072
20
-94.6767770000000013
11
149.8690299999999809
21
-94.5956709999999958
0
LINE
8
BLACK
6
CONTINUOUS
10
149.8690299999999809
20
-94.5956709999999958
11
149.8499999999999943
21
-94.5
0
LINE
8
BLACK
6
CONTINUOUS
10
149.8499999999999943
20
-94.5
11
149.8499999999999943
21
-92.5
0
LINE
8
BLACK
6
CONTINUOUS
10
149.8499999999999943
20
-92.5
11
149.8690299999999809
21
-92.4043289999999899
0
LINE
8
BLACK
6
CONTINUOUS
10
149.8690299999999809
20
-92.4043289999999899
11
149.9232230000000072
21
-92.3232229999999987
0
LINE
8
BLACK
6
CONTINUOUS
10
149.9232230000000072
20
-92.3232229999999987
11
150.0043289999999843
21
-92.2690300000000008
0
LINE
8
BLACK
6
CONTINUOUS
10
150.0043289999999843
20
-92.2690300000000008
11
150.0999999999999943
21
-92.25
0
LINE
8
BLACK
6
CONTINUOUS
10
150.0999999999999943
20
-92.25
11
151.4000000000000057
21
-92.25
0
LINE
8
BLACK
6
CONTINUOUS
10
151.4000000000000057
20
-92.25
11
151.4956709999999873
21
-92.2690300000000008
0
LINE
8
BLACK
6
CONTINUOUS
10
165.0473869999999863
20
-93.6880790000000019
11
165.1244379999999978
21
-93.7395619999999923
0
LINE
8
BLACK
6
CONTINUOUS
10
165.1244379999999978
20
-93.7395619999999923
11
165.1759209999999882
21
-93.8166129999999896
0
LINE
8
BLACK
6
CONTINUOUS
10
165.1759209999999882
20
-93.8166129999999896
11
165.1939999999999884
21
-93.9074999999999989
0
LINE
8
BLACK
6
CONTINUOUS
10
165.1939999999999884
20
-93.9074999999999989
11
165.1939999999999884
21
-94.5074999999999932
0
LINE
8
BLACK
6
CONTINUOUS
10
165.1939999999999884
20
-94.5074999999999932
11
165.1759209999999882
21
-94.5983870000000024
0
LINE
8
BLACK
6
CONTINUOUS
10
165.1759209999999882
20
-94.5983870000000024
11
165.1244379999999978
21
-94.6754379999999998
0
LINE
8
BLACK
6
CONTINUOUS
10
165.1244379999999978
20
-94.6754379999999998
11
165.0473869999999863
21
-94.7269209999999902
0
LINE
8
BLACK
6
CONTINUOUS
10
165.0473869999999863
20
-94.7269209999999902
11
164.9565000000000055
21
-94.7449999999999903
0
LINE
8
BLACK
6
CONTINUOUS
10
164.9565000000000055
20
-94.7449999999999903
11
164.4814999999999827
21
-94.7449999999999903
0
LINE
8
BLACK
6
CONTINUOUS
10
164.4814999999999827
20
-94.7449999999999903
11
164.3906130000000019
21
-94.7269209999999902
0
LINE
8
BLACK
6
CONTINUOUS
10
164.3906130000000019
20
-94.7269209999999902
11
164.3135619999999903
21
-94.6754379999999998
0
LINE
8
BLACK
6
CONTINUOUS
10
164.3135619999999903
20
-94.6754379999999998
11
164.262079
21
-94.5983870000000024
0
LINE
8
BLACK
6
CONTINUOUS
10
164.262079
20
-94.5983870000000024
11
164.2439999999999998
21
-94.5074999999999932
0
LINE
8
BLACK
6
CONTINUOUS
10
164.2439999999999998
20
-94.5074999999999932
11
164.2439999999999998
21
-93.9074999999999989
0
LINE
8
BLACK
6
CONTINUOUS
10
164.2439999999999998
20
-93.9074999999999989
11
164.262079
21
-93.8166129999999896
0
LINE
8
BLACK
6
CONTINUOUS
10
164.262079
20
-93.8166129999999896
11
164.3135619999999903
21
-93.7395619999999923
0
LINE
8
BLACK
6
CONTINUOUS
10
164.3135619999999903
20
-93.7395619999999923
11
164.3906130000000019
21
-93.6880790000000019
0
LINE
8
BLACK
6
CONTINUOUS
10
164.3906130000000019
20
-93.6880790000000019
11
164.4814999999999827
21
-93.6700000000000017
0
LINE
8
BLACK
6
CONTINUOUS
10
164.4814999999999827
20
-93.6700000000000017
11
164.9565000000000055
21
-93.6700000000000017
0
LINE
8
BLACK
6
CONTINUOUS
10
164.9565000000000055
20
-93.6700000000000017
11
165.0473869999999863
21
-93.6880790000000019
0
LINE
8
BLACK
6
CONTINUOUS
10
165.0473869999999863
20
-91.9630789999999934
11
165.1244379999999978
21
-92.014561999999998
0
LINE
8
BLACK
6
CONTINUOUS
10
165.1244379999999978
20
-92.014561999999998
11
165.1759209999999882
21
-92.0916129999999953
0
LINE
8
BLACK
6
CONTINUOUS
10
165.1759209999999882
20
-92.0916129999999953
11
165.1939999999999884
21
-92.1824999999999903
0
LINE
8
BLACK
6
CONTINUOUS
10
165.1939999999999884
20
-92.1824999999999903
11
165.1939999999999884
21
-92.7824999999999989
0
LINE
8
BLACK
6
CONTINUOUS
10
165.1939999999999884
20
-92.7824999999999989
11
165.1759209999999882
21
-92.8733869999999939
0
LINE
8
BLACK
6
CONTINUOUS
10
165.1759209999999882
20
-92.8733869999999939
11
165.1244379999999978
21
-92.9504379999999912
0
LINE
8
BLACK
6
CONTINUOUS
10
165.1244379999999978
20
-92.9504379999999912
11
165.0473869999999863
21
-93.0019209999999958
0
LINE
8
BLACK
6
CONTINUOUS
10
165.0473869999999863
20
-93.0019209999999958
11
164.9565000000000055
21
-93.019999999999996
0
LINE
8
BLACK
6
CONTINUOUS
10
164.9565000000000055
20
-93.019999999999996
11
164.4814999999999827
21
-93.019999999999996
0
LINE
8
BLACK
6
CONTINUOUS
10
164.4814999999999827
20
-93.019999999999996
11
164.3906130000000019
21
-93.0019209999999958
0
LINE
8
BLACK
6
CONTINUOUS
10
164.3906130000000019
20
-93.0019209999999958
11
164.3135619999999903
21
-92.9504379999999912
0
LINE
8
BLACK
6
CONTINUOUS
10
164.3135619999999903
20
-92.9504379999999912
11
164.262079
21
-92.8733869999999939
0
LINE
8
BLACK
6
CONTINUOUS
10
164.262079
20
-92.8733869999999939
11
164.2439999999999998
21
-92.7824999999999989
0
LINE
8
BLACK
6
CONTINUOUS
10
164.2439999999999998
20
-92.7824999999999989
11
164.2439999999999998
21
-92.1824999999999903
0
LINE
8
BLACK
6
CONTINUOUS
10
164.2439999999999998
20
-92.1824999999999903
11
164.262079
21
-92.0916129999999953
0
LINE
8
BLACK
6
CONTINUOUS
10
164.262079
20
-92.0916129999999953
11
164.3135619999999903
21
-92.014561999999998
0
LINE
8
BLACK
6
CONTINUOUS
10
164.3135619999999903
20
-92.014561999999998
11
164.3906130000000019
21
-91.9630789999999934
0
LINE
8
BLACK
6
CONTINUOUS
10
164.3906130000000019
20
-91.9630789999999934
11
164.4814999999999827
21
-91.9449999999999932
0
LINE
8
BLACK
6
CONTINUOUS
10
164.4814999999999827
20
-91.9449999999999932
11
164.9565000000000055
21
-91.9449999999999932
0
LINE
8
BLACK
6
CONTINUOUS
10
164.9565000000000055
20
-91.9449999999999932
11
165.0473869999999863
21
-91.9630789999999934
0
LINE
8
BLACK
6
CONTINUOUS
10
158.8689999999999998
20
-91.6859999999999928
11
157.8689999999999998
21
-91.6859999999999928
0
LINE
8
BLACK
6
CONTINUOUS
10
157.8689999999999998
20
-91.6859999999999928
11
157.8689999999999998
21
-90.6859999999999928
0
LINE
8
BLACK
6
CONTINUOUS
10
157.8689999999999998
20
-90.6859999999999928
11
158.8689999999999998
21
-90.6859999999999928
0
LINE
8
BLACK
6
CONTINUOUS
10
158.8689999999999998
20
-90.6859999999999928
11
158.8689999999999998
21
-91.6859999999999928
0
LINE
8
BLACK
6
CONTINUOUS
10
159.8467080000000067
20
-90.7311839999999989
11
159.9664300000000026
21
-90.8081249999999898
0
LINE
8
BLACK
6
CONTINUOUS
10
159.9664300000000026
20
-90.8081249999999898
11
160.0596270000000061
21
-90.9156799999999947
0
LINE
8
BLACK
6
CONTINUOUS
10
160.0596270000000061
20
-90.9156799999999947
11
160.1187459999999874
21
-91.0451339999999902
0
LINE
8
BLACK
6
CONTINUOUS
10
160.1187459999999874
20
-91.0451339999999902
11
160.1389999999999816
21
-91.1859999999999928
0
LINE
8
BLACK
6
CONTINUOUS
10
160.1389999999999816
20
-91.1859999999999928
11
160.1187459999999874
21
-91.3268659999999954
0
LINE
8
BLACK
6
CONTINUOUS
10
160.1187459999999874
20
-91.3268659999999954
11
160.0596270000000061
21
-91.456319999999991
0
LINE
8
BLACK
6
CONTINUOUS
10
160.0596270000000061
20
-91.456319999999991
11
159.9664300000000026
21
-91.5638749999999959
0
LINE
8
BLACK
6
CONTINUOUS
10
159.9664300000000026
20
-91.5638749999999959
11
159.8467080000000067
21
-91.6408160000000009
0
LINE
8
BLACK
6
CONTINUOUS
10
159.8467080000000067
20
-91.6408160000000009
11
159.7101569999999811
21
-91.6809109999999947
0
LINE
8
BLACK
6
CONTINUOUS
10
159.7101569999999811
20
-91.6809109999999947
11
159.5678429999999821
21
-91.6809109999999947
0
LINE
8
BLACK
6
CONTINUOUS
10
159.5678429999999821
20
-91.6809109999999947
11
159.4312919999999849
21
-91.6408160000000009
0
LINE
8
BLACK
6
CONTINUOUS
10
159.4312919999999849
20
-91.6408160000000009
11
159.311569999999989
21
-91.5638749999999959
0
LINE
8
BLACK
6
CONTINUOUS
10
159.311569999999989
20
-91.5638749999999959
11
159.2183729999999855
21
-91.456319999999991
0
LINE
8
BLACK
6
CONTINUOUS
10
159.2183729999999855
20
-91.456319999999991
11
159.1592540000000042
21
-91.3268659999999954
0
LINE
8
BLACK
6
CONTINUOUS
10
159.1592540000000042
20
-91.3268659999999954
11
159.1389999999999816
21
-91.1859999999999928
0
LINE
8
BLACK
6
CONTINUOUS
10
159.1389999999999816
20
-91.1859999999999928
11
159.1592540000000042
21
-91.0451339999999902
0
LINE
8
BLACK
6
CONTINUOUS
10
159.1592540000000042
20
-91.0451339999999902
11
159.2183729999999855
21
-90.9156799999999947
0
LINE
8
BLACK
6
CONTINUOUS
10
159.2183729999999855
20
-90.9156799999999947
11
159.311569999999989
21
-90.8081249999999898
0
LINE
8
BLACK
6
CONTINUOUS
10
159.311569999999989
20
-90.8081249999999898
11
159.4312919999999849
21
-90.7311839999999989
0
LINE
8
BLACK
6
CONTINUOUS
10
159.4312919999999849
20
-90.7311839999999989
11
159.5678429999999821
21
-90.691088999999991
0
LINE
8
BLACK
6
CONTINUOUS
10
159.5678429999999821
20
-90.691088999999991
11
159.7101569999999811
21
-90.691088999999991
0
LINE
8
BLACK
6
CONTINUOUS
10
159.7101569999999811
20
-90.691088999999991
11
159.8467080000000067
21
-90.7311839999999989
0
LINE
8
BLACK
6
CONTINUOUS
10
161.1167079999999885
20
-90.7311839999999989
11
161.2364299999999844
21
-90.8081249999999898
0
LINE
8
BLACK
6
CONTINUOUS
10
161.2364299999999844
20
-90.8081249999999898
11
161.3296269999999879
21
-90.9156799999999947
0
LINE
8
BLACK
6
CONTINUOUS
10
161.3296269999999879
20
-90.9156799999999947
11
161.3887459999999976
21
-91.0451339999999902
0
LINE
8
BLACK
6
CONTINUOUS
10
161.3887459999999976
20
-91.0451339999999902
11
161.4089999999999918
21
-91.1859999999999928
0
LINE
8
BLACK
6
CONTINUOUS
10
161.4089999999999918
20
-91.1859999999999928
11
161.3887459999999976
21
-91.3268659999999954
0
LINE
8
BLACK
6
CONTINUOUS
10
161.3887459999999976
20
-91.3268659999999954
11
161.3296269999999879
21
-91.456319999999991
0
LINE
8
BLACK
6
CONTINUOUS
10
161.3296269999999879
20
-91.456319999999991
11
161.2364299999999844
21
-91.5638749999999959
0
LINE
8
BLACK
6
CONTINUOUS
10
161.2364299999999844
20
-91.5638749999999959
11
161.1167079999999885
21
-91.6408160000000009
0
LINE
8
BLACK
6
CONTINUOUS
10
161.1167079999999885
20
-91.6408160000000009
11
160.9801569999999913
21
-91.6809109999999947
0
LINE
8
BLACK
6
CONTINUOUS
10
160.9801569999999913
20
-91.6809109999999947
11
160.8378429999999923
21
-91.6809109999999947
0
LINE
8
BLACK
6
CONTINUOUS
10
160.8378429999999923
20
-91.6809109999999947
11
160.7012919999999951
21
-91.6408160000000009
0
LINE
8
BLACK
6
CONTINUOUS
10
160.7012919999999951
20
-91.6408160000000009
11
160.5815699999999993
21
-91.5638749999999959
0
LINE
8
BLACK
6
CONTINUOUS
10
160.5815699999999993
20
-91.5638749999999959
11
160.4883729999999957
21
-91.456319999999991
0
LINE
8
BLACK
6
CONTINUOUS
10
160.4883729999999957
20
-91.456319999999991
11
160.429253999999986
21
-91.3268659999999954
0
LINE
8
BLACK
6
CONTINUOUS
10
160.429253999999986
20
-91.3268659999999954
11
160.4089999999999918
21
-91.1859999999999928
0
LINE
8
BLACK
6
CONTINUOUS
10
160.4089999999999918
20
-91.1859999999999928
11
160.429253999999986
21
-91.0451339999999902
0
LINE
8
BLACK
6
CONTINUOUS
10
160.429253999999986
20
-91.0451339999999902
11
160.4883729999999957
21
-90.9156799999999947
0
LINE
8
BLACK
6
CONTINUOUS
10
160.4883729999999957
20
-90.9156799999999947
11
160.5815699999999993
21
-90.8081249999999898
0
LINE
8
BLACK
6
CONTINUOUS
10
160.5815699999999993
20
-90.8081249999999898
11
160.7012919999999951
21
-90.7311839999999989
0
LINE
8
BLACK
6
CONTINUOUS
10
160.7012919999999951
20
-90.7311839999999989
11
160.8378429999999923
21
-90.691088999999991
0
LINE
8
BLACK
6
CONTINUOUS
10
160.8378429999999923
20
-90.691088999999991
11
160.9801569999999913
21
-90.691088999999991
0
LINE
8
BLACK
6
CONTINUOUS
10
160.9801569999999913
20
-90.691088999999991
11
161.1167079999999885
21
-90.7311839999999989
0
LINE
8
BLACK
6
CONTINUOUS
10
162.3867079999999987
20
-90.7311839999999989
11
162.5064299999999946
21
-90.8081249999999898
0
LINE
8
BLACK
6
CONTINUOUS
10
162.5064299999999946
20
-90.8081249999999898
11
162.5996269999999981
21
-90.9156799999999947
0
LINE
8
BLACK
6
CONTINUOUS
10
162.5996269999999981
20
-90.9156799999999947
11
162.6587459999999794
21
-91.0451339999999902
0
LINE
8
BLACK
6
CONTINUOUS
10
162.6587459999999794
20
-91.0451339999999902
11
162.679000000000002
21
-91.1859999999999928
0
LINE
8
BLACK
6
CONTINUOUS
10
162.679000000000002
20
-91.1859999999999928
11
162.6587459999999794
21
-91.3268659999999954
0
LINE
8
BLACK
6
CONTINUOUS
10
162.6587459999999794
20
-91.3268659999999954
11
162.5996269999999981
21
-91.456319999999991
0
LINE
8
BLACK
6
CONTINUOUS
10
162.5996269999999981
20
-91.456319999999991
11
162.5064299999999946
21
-91.5638749999999959
0
LINE
8
BLACK
6
CONTINUOUS
10
162.5064299999999946
20
-91.5638749999999959
11
162.3867079999999987
21
-91.6408160000000009
0
LINE
8
BLACK
6
CONTINUOUS
10
162.3867079999999987
20
-91.6408160000000009
11
162.2501570000000015
21
-91.6809109999999947
0
LINE
8
BLACK
6
CONTINUOUS
10
162.2501570000000015
20
-91.6809109999999947
11
162.1078430000000026
21
-91.6809109999999947
0
LINE
8
BLACK
6
CONTINUOUS
10
162.1078430000000026
20
-91.6809109999999947
11
161.9712920000000054
21
-91.6408160000000009
0
LINE
8
BLACK
6
CONTINUOUS
10
161.9712920000000054
20
-91.6408160000000009
11
161.8515699999999811
21
-91.5638749999999959
0
LINE
8
BLACK
6
CONTINUOUS
10
161.8515699999999811
20
-91.5638749999999959
11
161.758373000000006
21
-91.456319999999991
0
LINE
8
BLACK
6
CONTINUOUS
10
161.758373000000006
20
-91.456319999999991
11
161.6992539999999963
21
-91.3268659999999954
0
LINE
8
BLACK
6
CONTINUOUS
10
161.6992539999999963
20
-91.3268659999999954
11
161.679000000000002
21
-91.1859999999999928
0
LINE
8
BLACK
6
CONTINUOUS
10
161.679000000000002
20
-91.1859999999999928
11
161.6992539999999963
21
-91.0451339999999902
0
LINE
8
BLACK
6
CONTINUOUS
10
161.6992539999999963
20
-91.0451339999999902
11
161.758373000000006
21
-90.9156799999999947
0
LINE
8
BLACK
6
CONTINUOUS
10
161.758373000000006
20
-90.9156799999999947
11
161.8515699999999811
21
-90.8081249999999898
0
LINE
8
BLACK
6
CONTINUOUS
10
161.8515699999999811
20
-90.8081249999999898
11
161.9712920000000054
21
-90.7311839999999989
0
LINE
8
BLACK
6
CONTINUOUS
10
161.9712920000000054
20
-90.7311839999999989
11
162.1078430000000026
21
-90.691088999999991
0
LINE
8
BLACK
6
CONTINUOUS
10
162.1078430000000026
20
-90.691088999999991
11
162.2501570000000015
21
-90.691088999999991
0
LINE
8
BLACK
6
CONTINUOUS
10
162.2501570000000015
20
-90.691088999999991
11
162.3867079999999987
21
-90.7311839999999989
0
LINE
8
BLACK
6
CONTINUOUS
10
151.4956709999999873
20
-88.2690300000000008
11
151.5767769999999928
21
-88.3232229999999987
0
LINE
8
BLACK
6
CONTINUOUS
10
151.5767769999999928
20
-88.3232229999999987
11
151.6309699999999907
21
-88.4043289999999899
0
LINE
8
BLACK
6
CONTINUOUS
10
151.6309699999999907
20
-88.4043289999999899
11
151.6500000000000057
21
-88.5
0
LINE
8
BLACK
6
CONTINUOUS
10
151.6500000000000057
20
-88.5
11
151.6500000000000057
21
-90.5
0
LINE
8
BLACK
6
CONTINUOUS
10
151.6500000000000057
20
-90.5
11
151.6309699999999907
21
-90.5956709999999958
0
LINE
8
BLACK
6
CONTINUOUS
10
151.6309699999999907
20
-90.5956709999999958
11
151.5767769999999928
21
-90.6767770000000013
0
LINE
8
BLACK
6
CONTINUOUS
10
151.5767769999999928
20
-90.6767770000000013
11
151.4956709999999873
21
-90.7309699999999992
0
LINE
8
BLACK
6
CONTINUOUS
10
151.4956709999999873
20
-90.7309699999999992
11
151.4000000000000057
21
-90.75
0
LINE
8
BLACK
6
CONTINUOUS
10
151.4000000000000057
20
-90.75
11
150.0999999999999943
21
-90.75
0
LINE
8
BLACK
6
CONTINUOUS
10
150.0999999999999943
20
-90.75
11
150.0043289999999843
21
-90.7309699999999992
0
LINE
8
BLACK
6
CONTINUOUS
10
150.0043289999999843
20
-90.7309699999999992
11
149.9232230000000072
21
-90.6767770000000013
0
LINE
8
BLACK
6
CONTINUOUS
10
149.9232230000000072
20
-90.6767770000000013
11
149.8690299999999809
21
-90.5956709999999958
0
LINE
8
BLACK
6
CONTINUOUS
10
149.8690299999999809
20
-90.5956709999999958
11
149.8499999999999943
21
-90.5
0
LINE
8
BLACK
6
CONTINUOUS
10
149.8499999999999943
20
-90.5
11
149.8499999999999943
21
-88.5
0
LINE
8
BLACK
6
CONTINUOUS
10
149.8499999999999943
20
-88.5
11
149.8690299999999809
21
-88.4043289999999899
0
LINE
8
BLACK
6
CONTINUOUS
10
149.8690299999999809
20
-88.4043289999999899
11
149.9232230000000072
21
-88.3232229999999987
0
LINE
8
BLACK
6
CONTINUOUS
10
149.9232230000000072
20
-88.3232229999999987
11
150.0043289999999843
21
-88.2690300000000008
0
LINE
8
BLACK
6
CONTINUOUS
10
150.0043289999999843
20
-88.2690300000000008
11
150.0999999999999943
21
-88.25
0
LINE
8
BLACK
6
CONTINUOUS
10
150.0999999999999943
20
-88.25
11
151.4000000000000057
21
-88.25
0
LINE
8
BLACK
6
CONTINUOUS
10
151.4000000000000057
20
-88.25
11
151.4956709999999873
21
-88.2690300000000008
0
LINE
8
BLACK
6
CONTINUOUS
10
136.4546709999999905
20
-87.7710299999999961
11
136.535776999999996
21
-87.825222999999994
0
LINE
8
BLACK
6
CONTINUOUS
10
136.535776999999996
20
-87.825222999999994
11
136.5899699999999939
21
-87.9063289999999995
0
LINE
8
BLACK
6
CONTINUOUS
10
136.5899699999999939
20
-87.9063289999999995
11
136.6089999999999804
21
-88.0019999999999953
0
LINE
8
BLACK
6
CONTINUOUS
10
136.6089999999999804
20
-88.0019999999999953
11
136.6089999999999804
21
-90.0519999999999925
0
LINE
8
BLACK
6
CONTINUOUS
10
136.6089999999999804
20
-90.0519999999999925
11
136.5899699999999939
21
-90.1476710000000026
0
LINE
8
BLACK
6
CONTINUOUS
10
136.5899699999999939
20
-90.1476710000000026
11
136.535776999999996
21
-90.2287769999999938
0
LINE
8
BLACK
6
CONTINUOUS
10
136.535776999999996
20
-90.2287769999999938
11
136.4546709999999905
21
-90.2829699999999917
0
LINE
8
BLACK
6
CONTINUOUS
10
136.4546709999999905
20
-90.2829699999999917
11
136.3589999999999804
21
-90.3019999999999925
0
LINE
8
BLACK
6
CONTINUOUS
10
136.3589999999999804
20
-90.3019999999999925
11
134.6089999999999804
21
-90.3019999999999925
0
LINE
8
BLACK
6
CONTINUOUS
10
134.6089999999999804
20
-90.3019999999999925
11
134.5133289999999988
21
-90.2829699999999917
0
LINE
8
BLACK
6
CONTINUOUS
10
134.5133289999999988
20
-90.2829699999999917
11
134.4322229999999934
21
-90.2287769999999938
0
LINE
8
BLACK
6
CONTINUOUS
10
134.4322229999999934
20
-90.2287769999999938
11
134.3780299999999954
21
-90.1476710000000026
0
LINE
8
BLACK
6
CONTINUOUS
10
134.3780299999999954
20
-90.1476710000000026
11
134.3589999999999804
21
-90.0519999999999925
0
LINE
8
BLACK
6
CONTINUOUS
10
134.3589999999999804
20
-90.0519999999999925
11
134.3589999999999804
21
-88.0019999999999953
0
LINE
8
BLACK
6
CONTINUOUS
10
134.3589999999999804
20
-88.0019999999999953
11
134.3780299999999954
21
-87.9063289999999995
0
LINE
8
BLACK
6
CONTINUOUS
10
134.3780299999999954
20
-87.9063289999999995
11
134.4322229999999934
21
-87.825222999999994
0
LINE
8
BLACK
6
CONTINUOUS
10
134.4322229999999934
20
-87.825222999999994
11
134.5133289999999988
21
-87.7710299999999961
0
LINE
8
BLACK
6
CONTINUOUS
10
134.5133289999999988
20
-87.7710299999999961
11
134.6089999999999804
21
-87.7519999999999953
0
LINE
8
BLACK
6
CONTINUOUS
10
134.6089999999999804
20
-87.7519999999999953
11
136.3589999999999804
21
-87.7519999999999953
0
LINE
8
BLACK
6
CONTINUOUS
10
136.3589999999999804
20
-87.7519999999999953
11
136.4546709999999905
21
-87.7710299999999961
0
LINE
8
BLACK
6
CONTINUOUS
10
142.8546709999999962
20
-87.7710299999999961
11
142.9357770000000016
21
-87.825222999999994
0
LINE
8
BLACK
6
CONTINUOUS
10
142.9357770000000016
20
-87.825222999999994
11
142.9899699999999996
21
-87.9063289999999995
0
LINE
8
BLACK
6
CONTINUOUS
10
142.9899699999999996
20
-87.9063289999999995
11
143.0089999999999861
21
-88.0019999999999953
0
LINE
8
BLACK
6
CONTINUOUS
10
143.0089999999999861
20
-88.0019999999999953
11
143.0089999999999861
21
-90.0519999999999925
0
LINE
8
BLACK
6
CONTINUOUS
10
143.0089999999999861
20
-90.0519999999999925
11
142.9899699999999996
21
-90.1476710000000026
0
LINE
8
BLACK
6
CONTINUOUS
10
142.9899699999999996
20
-90.1476710000000026
11
142.9357770000000016
21
-90.2287769999999938
0
LINE
8
BLACK
6
CONTINUOUS
10
142.9357770000000016
20
-90.2287769999999938
11
142.8546709999999962
21
-90.2829699999999917
0
LINE
8
BLACK
6
CONTINUOUS
10
142.8546709999999962
20
-90.2829699999999917
11
142.7589999999999861
21
-90.3019999999999925
0
LINE
8
BLACK
6
CONTINUOUS
10
142.7589999999999861
20
-90.3019999999999925
11
141.0089999999999861
21
-90.3019999999999925
0
LINE
8
BLACK
6
CONTINUOUS
10
141.0089999999999861
20
-90.3019999999999925
11
140.9133290000000045
21
-90.2829699999999917
0
LINE
8
BLACK
6
CONTINUOUS
10
140.9133290000000045
20
-90.2829699999999917
11
140.832222999999999
21
-90.2287769999999938
0
LINE
8
BLACK
6
CONTINUOUS
10
140.832222999999999
20
-90.2287769999999938
11
140.7780300000000011
21
-90.1476710000000026
0
LINE
8
BLACK
6
CONTINUOUS
10
140.7780300000000011
20
-90.1476710000000026
11
140.7589999999999861
21
-90.0519999999999925
0
LINE
8
BLACK
6
CONTINUOUS
10
140.7589999999999861
20
-90.0519999999999925
11
140.7589999999999861
21
-88.0019999999999953
0
LINE
8
BLACK
6
CONTINUOUS
10
140.7589999999999861
20
-88.0019999999999953
11
140.7780300000000011
21
-87.9063289999999995
0
LINE
8
BLACK
6
CONTINUOUS
10
140.7780300000000011
20
-87.9063289999999995
11
140.832222999999999
21
-87.825222999999994
0
LINE
8
BLACK
6
CONTINUOUS
10
140.832222999999999
20
-87.825222999999994
11
140.9133290000000045
21
-87.7710299999999961
0
LINE
8
BLACK
6
CONTINUOUS
10
140.9133290000000045
20
-87.7710299999999961
11
141.0089999999999861
21
-87.7519999999999953
0
LINE
8
BLACK
6
CONTINUOUS
10
141.0089999999999861
20
-87.7519999999999953
11
142.7589999999999861
21
-87.7519999999999953
0
LINE
8
BLACK
6
CONTINUOUS
10
142.7589999999999861
20
-87.7519999999999953
11
142.8546709999999962
21
-87.7710299999999961
0
LINE
8
BLACK
6
CONTINUOUS
10
144.5524029999999982
20
-88.3114179999999891
11
144.601066000000003
21
-88.3439339999999902
0
LINE
8
BLACK
6
CONTINUOUS
10
144.601066000000003
20
-88.3439339999999902
11
144.6335819999999899
21
-88.392596999999995
0
LINE
8
BLACK
6
CONTINUOUS
10
144.6335819999999899
20
-88.392596999999995
11
144.6449999999999818
21
-88.4500000000000028
0
LINE
8
BLACK
6
CONTINUOUS
10
144.6449999999999818
20
-88.4500000000000028
11
144.6449999999999818
21
-90.0999999999999943
0
LINE
8
BLACK
6
CONTINUOUS
10
144.6449999999999818
20
-90.0999999999999943
11
144.6335819999999899
21
-90.1574030000000022
0
LINE
8
BLACK
6
CONTINUOUS
10
144.6335819999999899
20
-90.1574030000000022
11
144.601066000000003
21
-90.2060659999999928
0
LINE
8
BLACK
6
CONTINUOUS
10
144.601066000000003
20
-90.2060659999999928
11
144.5524029999999982
21
-90.2385819999999939
0
LINE
8
BLACK
6
CONTINUOUS
10
144.5524029999999982
20
-90.2385819999999939
11
144.4950000000000045
21
-90.25
0
LINE
8
BLACK
6
CONTINUOUS
10
144.4950000000000045
20
-90.25
11
144.1949999999999932
21
-90.25
0
LINE
8
BLACK
6
CONTINUOUS
10
144.1949999999999932
20
-90.25
11
144.1375969999999995
21
-90.2385819999999939
0
LINE
8
BLACK
6
CONTINUOUS
10
144.1375969999999995
20
-90.2385819999999939
11
144.0889339999999947
21
-90.2060659999999928
0
LINE
8
BLACK
6
CONTINUOUS
10
144.0889339999999947
20
-90.2060659999999928
11
144.0564179999999794
21
-90.1574030000000022
0
LINE
8
BLACK
6
CONTINUOUS
10
144.0564179999999794
20
-90.1574030000000022
11
144.0449999999999875
21
-90.0999999999999943
0
LINE
8
BLACK
6
CONTINUOUS
10
144.0449999999999875
20
-90.0999999999999943
11
144.0449999999999875
21
-88.4500000000000028
0
LINE
8
BLACK
6
CONTINUOUS
10
144.0449999999999875
20
-88.4500000000000028
11
144.0564179999999794
21
-88.392596999999995
0
LINE
8
BLACK
6
CONTINUOUS
10
144.0564179999999794
20
-88.392596999999995
11
144.0889339999999947
21
-88.3439339999999902
0
LINE
8
BLACK
6
CONTINUOUS
10
144.0889339999999947
20
-88.3439339999999902
11
144.1375969999999995
21
-88.3114179999999891
0
LINE
8
BLACK
6
CONTINUOUS
10
144.1375969999999995
20
-88.3114179999999891
11
144.1949999999999932
21
-88.2999999999999972
0
LINE
8
BLACK
6
CONTINUOUS
10
144.1949999999999932
20
-88.2999999999999972
11
144.4950000000000045
21
-88.2999999999999972
0
LINE
8
BLACK
6
CONTINUOUS
10
144.4950000000000045
20
-88.2999999999999972
11
144.5524029999999982
21
-88.3114179999999891
0
LINE
8
BLACK
6
CONTINUOUS
10
145.82240299999998
20
-88.3114179999999891
11
145.8710659999999848
21
-88.3439339999999902
0
LINE
8
BLACK
6
CONTINUOUS
10
145.8710659999999848
20
-88.3439339999999902
11
145.9035820000000001
21
-88.392596999999995
0
LINE
8
BLACK
6
CONTINUOUS
10
145.9035820000000001
20
-88.392596999999995
11
145.914999999999992
21
-88.4500000000000028
0
LINE
8
BLACK
6
CONTINUOUS
10
145.914999999999992
20
-88.4500000000000028
11
145.914999999999992
21
-90.0999999999999943
0
LINE
8
BLACK
6
CONTINUOUS
10
145.914999999999992
20
-90.0999999999999943
11
145.9035820000000001
21
-90.1574030000000022
0
LINE
8
BLACK
6
CONTINUOUS
10
145.9035820000000001
20
-90.1574030000000022
11
145.8710659999999848
21
-90.2060659999999928
0
LINE
8
BLACK
6
CONTINUOUS
10
145.8710659999999848
20
-90.2060659999999928
11
145.82240299999998
21
-90.2385819999999939
0
LINE
8
BLACK
6
CONTINUOUS
10
145.82240299999998
20
-90.2385819999999939
11
145.7649999999999864
21
-90.25
0
LINE
8
BLACK
6
CONTINUOUS
10
145.7649999999999864
20
-90.25
11
145.4650000000000034
21
-90.25
0
LINE
8
BLACK
6
CONTINUOUS
10
145.4650000000000034
20
-90.25
11
145.4075969999999813
21
-90.2385819999999939
0
LINE
8
BLACK
6
CONTINUOUS
10
145.4075969999999813
20
-90.2385819999999939
11
145.358934000000005
21
-90.2060659999999928
0
LINE
8
BLACK
6
CONTINUOUS
10
145.358934000000005
20
-90.2060659999999928
11
145.3264179999999897
21
-90.1574030000000022
0
LINE
8
BLACK
6
CONTINUOUS
10
145.3264179999999897
20
-90.1574030000000022
11
145.3149999999999977
21
-90.0999999999999943
0
LINE
8
BLACK
6
CONTINUOUS
10
145.3149999999999977
20
-90.0999999999999943
11
145.3149999999999977
21
-88.4500000000000028
0
LINE
8
BLACK
6
CONTINUOUS
10
145.3149999999999977
20
-88.4500000000000028
11
145.3264179999999897
21
-88.392596999999995
0
LINE
8
BLACK
6
CONTINUOUS
10
145.3264179999999897
20
-88.392596999999995
11
145.358934000000005
21
-88.3439339999999902
0
LINE
8
BLACK
6
CONTINUOUS
10
145.358934000000005
20
-88.3439339999999902
11
145.4075969999999813
21
-88.3114179999999891
0
LINE
8
BLACK
6
CONTINUOUS
10
145.4075969999999813
20
-88.3114179999999891
11
145.4650000000000034
21
-88.2999999999999972
0
LINE
8
BLACK
6
CONTINUOUS
10
145.4650000000000034
20
-88.2999999999999972
11
145.7649999999999864
21
-88.2999999999999972
0
LINE
8
BLACK
6
CONTINUOUS
10
145.7649999999999864
20
-88.2999999999999972
11
145.82240299999998
21
-88.3114179999999891
0
LINE
8
BLACK
6
CONTINUOUS
10
147.0924029999999902
20
-88.3114179999999891
11
147.141065999999995
21
-88.3439339999999902
0
LINE
8
BLACK
6
CONTINUOUS
10
147.141065999999995
20
-88.3439339999999902
11
147.1735819999999819
21
-88.392596999999995
0
LINE
8
BLACK
6
CONTINUOUS
10
147.1735819999999819
20
-88.392596999999995
11
147.1850000000000023
21
-88.4500000000000028
0
LINE
8
BLACK
6
CONTINUOUS
10
147.1850000000000023
20
-88.4500000000000028
11
147.1850000000000023
21
-90.0999999999999943
0
LINE
8
BLACK
6
CONTINUOUS
10
147.1850000000000023
20
-90.0999999999999943
11
147.1735819999999819
21
-90.1574030000000022
0
LINE
8
BLACK
6
CONTINUOUS
10
147.1735819999999819
20
-90.1574030000000022
11
147.141065999999995
21
-90.2060659999999928
0
LINE
8
BLACK
6
CONTINUOUS
10
147.141065999999995
20
-90.2060659999999928
11
147.0924029999999902
21
-90.2385819999999939
0
LINE
8
BLACK
6
CONTINUOUS
10
147.0924029999999902
20
-90.2385819999999939
11
147.0349999999999966
21
-90.25
0
LINE
8
BLACK
6
CONTINUOUS
10
147.0349999999999966
20
-90.25
11
146.7349999999999852
21
-90.25
0
LINE
8
BLACK
6
CONTINUOUS
10
146.7349999999999852
20
-90.25
11
146.6775969999999916
21
-90.2385819999999939
0
LINE
8
BLACK
6
CONTINUOUS
10
146.6775969999999916
20
-90.2385819999999939
11
146.6289339999999868
21
-90.2060659999999928
0
LINE
8
BLACK
6
CONTINUOUS
10
146.6289339999999868
20
-90.2060659999999928
11
146.5964179999999999
21
-90.1574030000000022
0
LINE
8
BLACK
6
CONTINUOUS
10
146.5964179999999999
20
-90.1574030000000022
11
146.5849999999999795
21
-90.0999999999999943
0
LINE
8
BLACK
6
CONTINUOUS
10
146.5849999999999795
20
-90.0999999999999943
11
146.5849999999999795
21
-88.4500000000000028
0
LINE
8
BLACK
6
CONTINUOUS
10
146.5849999999999795
20
-88.4500000000000028
11
146.5964179999999999
21
-88.392596999999995
0
LINE
8
BLACK
6
CONTINUOUS
10
146.5964179999999999
20
-88.392596999999995
11
146.6289339999999868
21
-88.3439339999999902
0
LINE
8
BLACK
6
CONTINUOUS
10
146.6289339999999868
20
-88.3439339999999902
11
146.6775969999999916
21
-88.3114179999999891
0
LINE
8
BLACK
6
CONTINUOUS
10
146.6775969999999916
20
-88.3114179999999891
11
146.7349999999999852
21
-88.2999999999999972
0
LINE
8
BLACK
6
CONTINUOUS
10
146.7349999999999852
20
-88.2999999999999972
11
147.0349999999999966
21
-88.2999999999999972
0
LINE
8
BLACK
6
CONTINUOUS
10
147.0349999999999966
20
-88.2999999999999972
11
147.0924029999999902
21
-88.3114179999999891
0
LINE
8
BLACK
6
CONTINUOUS
10
148.3624030000000005
20
-88.3114179999999891
11
148.4110660000000053
21
-88.3439339999999902
0
LINE
8
BLACK
6
CONTINUOUS
10
148.4110660000000053
20
-88.3439339999999902
11
148.4435819999999921
21
-88.392596999999995
0
LINE
8
BLACK
6
CONTINUOUS
10
148.4435819999999921
20
-88.392596999999995
11
148.4549999999999841
21
-88.4500000000000028
0
LINE
8
BLACK
6
CONTINUOUS
10
148.4549999999999841
20
-88.4500000000000028
11
148.4549999999999841
21
-90.0999999999999943
0
LINE
8
BLACK
6
CONTINUOUS
10
148.4549999999999841
20
-90.0999999999999943
11
148.4435819999999921
21
-90.1574030000000022
0
LINE
8
BLACK
6
CONTINUOUS
10
148.4435819999999921
20
-90.1574030000000022
11
148.4110660000000053
21
-90.2060659999999928
0
LINE
8
BLACK
6
CONTINUOUS
10
148.4110660000000053
20
-90.2060659999999928
11
148.3624030000000005
21
-90.2385819999999939
0
LINE
8
BLACK
6
CONTINUOUS
10
148.3624030000000005
20
-90.2385819999999939
11
148.3050000000000068
21
-90.25
0
LINE
8
BLACK
6
CONTINUOUS
10
148.3050000000000068
20
-90.25
11
148.0049999999999955
21
-90.25
0
LINE
8
BLACK
6
CONTINUOUS
10
148.0049999999999955
20
-90.25
11
147.9475970000000018
21
-90.2385819999999939
0
LINE
8
BLACK
6
CONTINUOUS
10
147.9475970000000018
20
-90.2385819999999939
11
147.898933999999997
21
-90.2060659999999928
0
LINE
8
BLACK
6
CONTINUOUS
10
147.898933999999997
20
-90.2060659999999928
11
147.8664179999999817
21
-90.1574030000000022
0
LINE
8
BLACK
6
CONTINUOUS
10
147.8664179999999817
20
-90.1574030000000022
11
147.8549999999999898
21
-90.0999999999999943
0
LINE
8
BLACK
6
CONTINUOUS
10
147.8549999999999898
20
-90.0999999999999943
11
147.8549999999999898
21
-88.4500000000000028
0
LINE
8
BLACK
6
CONTINUOUS
10
147.8549999999999898
20
-88.4500000000000028
11
147.8664179999999817
21
-88.392596999999995
0
LINE
8
BLACK
6
CONTINUOUS
10
147.8664179999999817
20
-88.392596999999995
11
147.898933999999997
21
-88.3439339999999902
0
LINE
8
BLACK
6
CONTINUOUS
10
147.898933999999997
20
-88.3439339999999902
11
147.9475970000000018
21
-88.3114179999999891
0
LINE
8
BLACK
6
CONTINUOUS
10
147.9475970000000018
20
-88.3114179999999891
11
148.0049999999999955
21
-88.2999999999999972
0
LINE
8
BLACK
6
CONTINUOUS
10
148.0049999999999955
20
-88.2999999999999972
11
148.3050000000000068
21
-88.2999999999999972
0
LINE
8
BLACK
6
CONTINUOUS
10
148.3050000000000068
20
-88.2999999999999972
11
148.3624030000000005
21
-88.3114179999999891
0
LINE
8
BLACK
6
CONTINUOUS
10
132.69267099999999
20
-87.6420299999999912
11
132.7737769999999955
21
-87.6962229999999892
0
LINE
8
BLACK
6
CONTINUOUS
10
132.7737769999999955
20
-87.6962229999999892
11
132.8279699999999934
21
-87.7773289999999946
0
LINE
8
BLACK
6
CONTINUOUS
10
132.8279699999999934
20
-87.7773289999999946
11
132.84699999999998
21
-87.8729999999999905
0
LINE
8
BLACK
6
CONTINUOUS
10
132.84699999999998
20
-87.8729999999999905
11
132.84699999999998
21
-89.6229999999999905
0
LINE
8
BLACK
6
CONTINUOUS
10
132.84699999999998
20
-89.6229999999999905
11
132.8279699999999934
21
-89.7186710000000005
0
LINE
8
BLACK
6
CONTINUOUS
10
132.8279699999999934
20
-89.7186710000000005
11
132.7737769999999955
21
-89.7997769999999917
0
LINE
8
BLACK
6
CONTINUOUS
10
132.7737769999999955
20
-89.7997769999999917
11
132.69267099999999
21
-89.8539699999999897
0
LINE
8
BLACK
6
CONTINUOUS
10
132.69267099999999
20
-89.8539699999999897
11
132.59699999999998
21
-89.8729999999999905
0
LINE
8
BLACK
6
CONTINUOUS
10
132.59699999999998
20
-89.8729999999999905
11
130.546999999999997
21
-89.8729999999999905
0
LINE
8
BLACK
6
CONTINUOUS
10
130.546999999999997
20
-89.8729999999999905
11
130.451328999999987
21
-89.8539699999999897
0
LINE
8
BLACK
6
CONTINUOUS
10
130.451328999999987
20
-89.8539699999999897
11
130.3702229999999815
21
-89.7997769999999917
0
LINE
8
BLACK
6
CONTINUOUS
10
130.3702229999999815
20
-89.7997769999999917
11
130.3160299999999836
21
-89.7186710000000005
0
LINE
8
BLACK
6
CONTINUOUS
10
130.3160299999999836
20
-89.7186710000000005
11
130.296999999999997
21
-89.6229999999999905
0
LINE
8
BLACK
6
CONTINUOUS
10
130.296999999999997
20
-89.6229999999999905
11
130.296999999999997
21
-87.8729999999999905
0
LINE
8
BLACK
6
CONTINUOUS
10
130.296999999999997
20
-87.8729999999999905
11
130.3160299999999836
21
-87.7773289999999946
0
LINE
8
BLACK
6
CONTINUOUS
10
130.3160299999999836
20
-87.7773289999999946
11
130.3702229999999815
21
-87.6962229999999892
0
LINE
8
BLACK
6
CONTINUOUS
10
130.3702229999999815
20
-87.6962229999999892
11
130.451328999999987
21
-87.6420299999999912
0
LINE
8
BLACK
6
CONTINUOUS
10
130.451328999999987
20
-87.6420299999999912
11
130.546999999999997
21
-87.6229999999999905
0
LINE
8
BLACK
6
CONTINUOUS
10
130.546999999999997
20
-87.6229999999999905
11
132.59699999999998
21
-87.6229999999999905
0
LINE
8
BLACK
6
CONTINUOUS
10
132.59699999999998
20
-87.6229999999999905
11
132.69267099999999
21
-87.6420299999999912
0
LINE
8
BLACK
6
CONTINUOUS
10
169.1033869999999979
20
-88.113078999999999
11
169.180437999999981
21
-88.1645619999999894
0
LINE
8
BLACK
6
CONTINUOUS
10
169.180437999999981
20
-88.1645619999999894
11
169.2319209999999998
21
-88.241613000000001
0
LINE
8
BLACK
6
CONTINUOUS
10
169.2319209999999998
20
-88.241613000000001
11
169.25
21
-88.332499999999996
0
LINE
8
BLACK
6
CONTINUOUS
10
169.25
20
-88.332499999999996
11
169.25
21
-88.9324999999999903
0
LINE
8
BLACK
6
CONTINUOUS
10
169.25
20
-88.9324999999999903
11
169.2319209999999998
21
-89.0233869999999996
0
LINE
8
BLACK
6
CONTINUOUS
10
169.2319209999999998
20
-89.0233869999999996
11
169.180437999999981
21
-89.1004379999999969
0
LINE
8
BLACK
6
CONTINUOUS
10
169.180437999999981
20
-89.1004379999999969
11
169.1033869999999979
21
-89.1519210000000015
0
LINE
8
BLACK
6
CONTINUOUS
10
169.1033869999999979
20
-89.1519210000000015
11
169.0124999999999886
21
-89.1700000000000017
0
LINE
8
BLACK
6
CONTINUOUS
10
169.0124999999999886
20
-89.1700000000000017
11
168.5374999999999943
21
-89.1700000000000017
0
LINE
8
BLACK
6
CONTINUOUS
10
168.5374999999999943
20
-89.1700000000000017
11
168.446612999999985
21
-89.1519210000000015
0
LINE
8
BLACK
6
CONTINUOUS
10
168.446612999999985
20
-89.1519210000000015
11
168.3695620000000019
21
-89.1004379999999969
0
LINE
8
BLACK
6
CONTINUOUS
10
168.3695620000000019
20
-89.1004379999999969
11
168.3180789999999831
21
-89.0233869999999996
0
LINE
8
BLACK
6
CONTINUOUS
10
168.3180789999999831
20
-89.0233869999999996
11
168.2999999999999829
21
-88.9324999999999903
0
LINE
8
BLACK
6
CONTINUOUS
10
168.2999999999999829
20
-88.9324999999999903
11
168.2999999999999829
21
-88.332499999999996
0
LINE
8
BLACK
6
CONTINUOUS
10
168.2999999999999829
20
-88.332499999999996
11
168.3180789999999831
21
-88.241613000000001
0
LINE
8
BLACK
6
CONTINUOUS
10
168.3180789999999831
20
-88.241613000000001
11
168.3695620000000019
21
-88.1645619999999894
0
LINE
8
BLACK
6
CONTINUOUS
10
168.3695620000000019
20
-88.1645619999999894
11
168.446612999999985
21
-88.113078999999999
0
LINE
8
BLACK
6
CONTINUOUS
10
168.446612999999985
20
-88.113078999999999
11
168.5374999999999943
21
-88.0949999999999989
0
LINE
8
BLACK
6
CONTINUOUS
10
168.5374999999999943
20
-88.0949999999999989
11
169.0124999999999886
21
-88.0949999999999989
0
LINE
8
BLACK
6
CONTINUOUS
10
169.0124999999999886
20
-88.0949999999999989
11
169.1033869999999979
21
-88.113078999999999
0
LINE
8
BLACK
6
CONTINUOUS
10
161.1824029999999937
20
-87.4814179999999908
11
161.2310659999999984
21
-87.5139339999999919
0
LINE
8
BLACK
6
CONTINUOUS
10
161.2310659999999984
20
-87.5139339999999919
11
161.2635819999999853
21
-87.5625969999999967
0
LINE
8
BLACK
6
CONTINUOUS
10
161.2635819999999853
20
-87.5625969999999967
11
161.2750000000000057
21
-87.6199999999999903
0
LINE
8
BLACK
6
CONTINUOUS
10
161.2750000000000057
20
-87.6199999999999903
11
161.2750000000000057
21
-87.9200000000000017
0
LINE
8
BLACK
6
CONTINUOUS
10
161.2750000000000057
20
-87.9200000000000017
11
161.2635819999999853
21
-87.9774029999999954
0
LINE
8
BLACK
6
CONTINUOUS
10
161.2635819999999853
20
-87.9774029999999954
11
161.2310659999999984
21
-88.0260660000000001
0
LINE
8
BLACK
6
CONTINUOUS
10
161.2310659999999984
20
-88.0260660000000001
11
161.1824029999999937
21
-88.0585820000000012
0
LINE
8
BLACK
6
CONTINUOUS
10
161.1824029999999937
20
-88.0585820000000012
11
161.125
21
-88.0699999999999932
0
LINE
8
BLACK
6
CONTINUOUS
10
161.125
20
-88.0699999999999932
11
159.4749999999999943
21
-88.0699999999999932
0
LINE
8
BLACK
6
CONTINUOUS
10
159.4749999999999943
20
-88.0699999999999932
11
159.4175970000000007
21
-88.0585820000000012
0
LINE
8
BLACK
6
CONTINUOUS
10
159.4175970000000007
20
-88.0585820000000012
11
159.3689339999999959
21
-88.0260660000000001
0
LINE
8
BLACK
6
CONTINUOUS
10
159.3689339999999959
20
-88.0260660000000001
11
159.3364179999999806
21
-87.9774029999999954
0
LINE
8
BLACK
6
CONTINUOUS
10
159.3364179999999806
20
-87.9774029999999954
11
159.3249999999999886
21
-87.9200000000000017
0
LINE
8
BLACK
6
CONTINUOUS
10
159.3249999999999886
20
-87.9200000000000017
11
159.3249999999999886
21
-87.6199999999999903
0
LINE
8
BLACK
6
CONTINUOUS
10
159.3249999999999886
20
-87.6199999999999903
11
159.3364179999999806
21
-87.5625969999999967
0
LINE
8
BLACK
6
CONTINUOUS
10
159.3364179999999806
20
-87.5625969999999967
11
159.3689339999999959
21
-87.5139339999999919
0
LINE
8
BLACK
6
CONTINUOUS
10
159.3689339999999959
20
-87.5139339999999919
11
159.4175970000000007
21
-87.4814179999999908
0
LINE
8
BLACK
6
CONTINUOUS
10
159.4175970000000007
20
-87.4814179999999908
11
159.4749999999999943
21
-87.4699999999999989
0
LINE
8
BLACK
6
CONTINUOUS
10
159.4749999999999943
20
-87.4699999999999989
11
161.125
21
-87.4699999999999989
0
LINE
8
BLACK
6
CONTINUOUS
10
161.125
20
-87.4699999999999989
11
161.1824029999999937
21
-87.4814179999999908
0
LINE
8
BLACK
6
CONTINUOUS
10
166.1324029999999823
20
-87.4814179999999908
11
166.1810659999999871
21
-87.5139339999999919
0
LINE
8
BLACK
6
CONTINUOUS
10
166.1810659999999871
20
-87.5139339999999919
11
166.2135820000000024
21
-87.5625969999999967
0
LINE
8
BLACK
6
CONTINUOUS
10
166.2135820000000024
20
-87.5625969999999967
11
166.2249999999999943
21
-87.6199999999999903
0
LINE
8
BLACK
6
CONTINUOUS
10
166.2249999999999943
20
-87.6199999999999903
11
166.2249999999999943
21
-87.9200000000000017
0
LINE
8
BLACK
6
CONTINUOUS
10
166.2249999999999943
20
-87.9200000000000017
11
166.2135820000000024
21
-87.9774029999999954
0
LINE
8
BLACK
6
CONTINUOUS
10
166.2135820000000024
20
-87.9774029999999954
11
166.1810659999999871
21
-88.0260660000000001
0
LINE
8
BLACK
6
CONTINUOUS
10
166.1810659999999871
20
-88.0260660000000001
11
166.1324029999999823
21
-88.0585820000000012
0
LINE
8
BLACK
6
CONTINUOUS
10
166.1324029999999823
20
-88.0585820000000012
11
166.0749999999999886
21
-88.0699999999999932
0
LINE
8
BLACK
6
CONTINUOUS
10
166.0749999999999886
20
-88.0699999999999932
11
164.4249999999999829
21
-88.0699999999999932
0
LINE
8
BLACK
6
CONTINUOUS
10
164.4249999999999829
20
-88.0699999999999932
11
164.3675969999999893
21
-88.0585820000000012
0
LINE
8
BLACK
6
CONTINUOUS
10
164.3675969999999893
20
-88.0585820000000012
11
164.3189339999999845
21
-88.0260660000000001
0
LINE
8
BLACK
6
CONTINUOUS
10
164.3189339999999845
20
-88.0260660000000001
11
164.2864179999999976
21
-87.9774029999999954
0
LINE
8
BLACK
6
CONTINUOUS
10
164.2864179999999976
20
-87.9774029999999954
11
164.2750000000000057
21
-87.9200000000000017
0
LINE
8
BLACK
6
CONTINUOUS
10
164.2750000000000057
20
-87.9200000000000017
11
164.2750000000000057
21
-87.6199999999999903
0
LINE
8
BLACK
6
CONTINUOUS
10
164.2750000000000057
20
-87.6199999999999903
11
164.2864179999999976
21
-87.5625969999999967
0
LINE
8
BLACK
6
CONTINUOUS
10
164.2864179999999976
20
-87.5625969999999967
11
164.3189339999999845
21
-87.5139339999999919
0
LINE
8
BLACK
6
CONTINUOUS
10
164.3189339999999845
20
-87.5139339999999919
11
164.3675969999999893
21
-87.4814179999999908
0
LINE
8
BLACK
6
CONTINUOUS
10
164.3675969999999893
20
-87.4814179999999908
11
164.4249999999999829
21
-87.4699999999999989
0
LINE
8
BLACK
6
CONTINUOUS
10
164.4249999999999829
20
-87.4699999999999989
11
166.0749999999999886
21
-87.4699999999999989
0
LINE
8
BLACK
6
CONTINUOUS
10
166.0749999999999886
20
-87.4699999999999989
11
166.1324029999999823
21
-87.4814179999999908
0
LINE
8
BLACK
6
CONTINUOUS
10
124.9217079999999953
20
-86.7941840000000013
11
125.0414299999999912
21
-86.8711249999999922
0
LINE
8
BLACK
6
CONTINUOUS
10
125.0414299999999912
20
-86.8711249999999922
11
125.1346269999999947
21
-86.9786799999999971
0
LINE
8
BLACK
6
CONTINUOUS
10
125.1346269999999947
20
-86.9786799999999971
11
125.1937459999999902
21
-87.1081339999999926
0
LINE
8
BLACK
6
CONTINUOUS
10
125.1937459999999902
20
-87.1081339999999926
11
125.2139999999999986
21
-87.2489999999999952
0
LINE
8
BLACK
6
CONTINUOUS
10
125.2139999999999986
20
-87.2489999999999952
11
125.1937459999999902
21
-87.3898659999999978
0
LINE
8
BLACK
6
CONTINUOUS
10
125.1937459999999902
20
-87.3898659999999978
11
125.1346269999999947
21
-87.5193199999999933
0
LINE
8
BLACK
6
CONTINUOUS
10
125.1346269999999947
20
-87.5193199999999933
11
125.0414299999999912
21
-87.6268749999999983
0
LINE
8
BLACK
6
CONTINUOUS
10
125.0414299999999912
20
-87.6268749999999983
11
124.9217079999999953
21
-87.7038159999999891
0
LINE
8
BLACK
6
CONTINUOUS
10
124.9217079999999953
20
-87.7038159999999891
11
124.7851569999999981
21
-87.7439109999999971
0
LINE
8
BLACK
6
CONTINUOUS
10
124.7851569999999981
20
-87.7439109999999971
11
124.6428429999999992
21
-87.7439109999999971
0
LINE
8
BLACK
6
CONTINUOUS
10
124.6428429999999992
20
-87.7439109999999971
11
124.5062919999999878
21
-87.7038159999999891
0
LINE
8
BLACK
6
CONTINUOUS
10
124.5062919999999878
20
-87.7038159999999891
11
124.3865699999999919
21
-87.6268749999999983
0
LINE
8
BLACK
6
CONTINUOUS
10
124.3865699999999919
20
-87.6268749999999983
11
124.2933729999999883
21
-87.5193199999999933
0
LINE
8
BLACK
6
CONTINUOUS
10
124.2933729999999883
20
-87.5193199999999933
11
124.2342539999999929
21
-87.3898659999999978
0
LINE
8
BLACK
6
CONTINUOUS
10
124.2342539999999929
20
-87.3898659999999978
11
124.2139999999999986
21
-87.2489999999999952
0
LINE
8
BLACK
6
CONTINUOUS
10
124.2139999999999986
20
-87.2489999999999952
11
124.2342539999999929
21
-87.1081339999999926
0
LINE
8
BLACK
6
CONTINUOUS
10
124.2342539999999929
20
-87.1081339999999926
11
124.2933729999999883
21
-86.9786799999999971
0
LINE
8
BLACK
6
CONTINUOUS
10
124.2933729999999883
20
-86.9786799999999971
11
124.3865699999999919
21
-86.8711249999999922
0
LINE
8
BLACK
6
CONTINUOUS
10
124.3865699999999919
20
-86.8711249999999922
11
124.5062919999999878
21
-86.7941840000000013
0
LINE
8
BLACK
6
CONTINUOUS
10
124.5062919999999878
20
-86.7941840000000013
11
124.6428429999999992
21
-86.7540889999999933
0
LINE
8
BLACK
6
CONTINUOUS
10
124.6428429999999992
20
-86.7540889999999933
11
124.7851569999999981
21
-86.7540889999999933
0
LINE
8
BLACK
6
CONTINUOUS
10
124.7851569999999981
20
-86.7540889999999933
11
124.9217079999999953
21
-86.7941840000000013
0
LINE
8
BLACK
6
CONTINUOUS
10
174.5947079999999971
20
-86.7941840000000013
11
174.714429999999993
21
-86.8711249999999922
0
LINE
8
BLACK
6
CONTINUOUS
10
174.714429999999993
20
-86.8711249999999922
11
174.8076269999999965
21
-86.9786799999999971
0
LINE
8
BLACK
6
CONTINUOUS
10
174.8076269999999965
20
-86.9786799999999971
11
174.8667460000000062
21
-87.1081339999999926
0
LINE
8
BLACK
6
CONTINUOUS
10
174.8667460000000062
20
-87.1081339999999926
11
174.8870000000000005
21
-87.2489999999999952
0
LINE
8
BLACK
6
CONTINUOUS
10
174.8870000000000005
20
-87.2489999999999952
11
174.8667460000000062
21
-87.3898659999999978
0
LINE
8
BLACK
6
CONTINUOUS
10
174.8667460000000062
20
-87.3898659999999978
11
174.8076269999999965
21
-87.5193199999999933
0
LINE
8
BLACK
6
CONTINUOUS
10
174.8076269999999965
20
-87.5193199999999933
11
174.714429999999993
21
-87.6268749999999983
0
LINE
8
BLACK
6
CONTINUOUS
10
174.714429999999993
20
-87.6268749999999983
11
174.5947079999999971
21
-87.7038159999999891
0
LINE
8
BLACK
6
CONTINUOUS
10
174.5947079999999971
20
-87.7038159999999891
11
174.4581569999999999
21
-87.7439109999999971
0
LINE
8
BLACK
6
CONTINUOUS
10
174.4581569999999999
20
-87.7439109999999971
11
174.315843000000001
21
-87.7439109999999971
0
LINE
8
BLACK
6
CONTINUOUS
10
174.315843000000001
20
-87.7439109999999971
11
174.1792920000000038
21
-87.7038159999999891
0
LINE
8
BLACK
6
CONTINUOUS
10
174.1792920000000038
20
-87.7038159999999891
11
174.0595699999999795
21
-87.6268749999999983
0
LINE
8
BLACK
6
CONTINUOUS
10
174.0595699999999795
20
-87.6268749999999983
11
173.9663730000000044
21
-87.5193199999999933
0
LINE
8
BLACK
6
CONTINUOUS
10
173.9663730000000044
20
-87.5193199999999933
11
173.9072539999999947
21
-87.3898659999999978
0
LINE
8
BLACK
6
CONTINUOUS
10
173.9072539999999947
20
-87.3898659999999978
11
173.8870000000000005
21
-87.2489999999999952
0
LINE
8
BLACK
6
CONTINUOUS
10
173.8870000000000005
20
-87.2489999999999952
11
173.9072539999999947
21
-87.1081339999999926
0
LINE
8
BLACK
6
CONTINUOUS
10
173.9072539999999947
20
-87.1081339999999926
11
173.9663730000000044
21
-86.9786799999999971
0
LINE
8
BLACK
6
CONTINUOUS
10
173.9663730000000044
20
-86.9786799999999971
11
174.0595699999999795
21
-86.8711249999999922
0
LINE
8
BLACK
6
CONTINUOUS
10
174.0595699999999795
20
-86.8711249999999922
11
174.1792920000000038
21
-86.7941840000000013
0
LINE
8
BLACK
6
CONTINUOUS
10
174.1792920000000038
20
-86.7941840000000013
11
174.315843000000001
21
-86.7540889999999933
0
LINE
8
BLACK
6
CONTINUOUS
10
174.315843000000001
20
-86.7540889999999933
11
174.4581569999999999
21
-86.7540889999999933
0
LINE
8
BLACK
6
CONTINUOUS
10
174.4581569999999999
20
-86.7540889999999933
11
174.5947079999999971
21
-86.7941840000000013
0
LINE
8
BLACK
6
CONTINUOUS
10
169.1033869999999979
20
-86.3880789999999905
11
169.180437999999981
21
-86.4395619999999951
0
LINE
8
BLACK
6
CONTINUOUS
10
169.180437999999981
20
-86.4395619999999951
11
169.2319209999999998
21
-86.5166129999999924
0
LINE
8
BLACK
6
CONTINUOUS
10
169.2319209999999998
20
-86.5166129999999924
11
169.25
21
-86.6075000000000017
0
LINE
8
BLACK
6
CONTINUOUS
10
169.25
20
-86.6075000000000017
11
169.25
21
-87.207499999999996
0
LINE
8
BLACK
6
CONTINUOUS
10
169.25
20
-87.207499999999996
11
169.2319209999999998
21
-87.2983869999999911
0
LINE
8
BLACK
6
CONTINUOUS
10
169.2319209999999998
20
-87.2983869999999911
11
169.180437999999981
21
-87.3754380000000026
0
LINE
8
BLACK
6
CONTINUOUS
10
169.180437999999981
20
-87.3754380000000026
11
169.1033869999999979
21
-87.426920999999993
0
LINE
8
BLACK
6
CONTINUOUS
10
169.1033869999999979
20
-87.426920999999993
11
169.0124999999999886
21
-87.4449999999999932
0
LINE
8
BLACK
6
CONTINUOUS
10
169.0124999999999886
20
-87.4449999999999932
11
168.5374999999999943
21
-87.4449999999999932
0
LINE
8
BLACK
6
CONTINUOUS
10
168.5374999999999943
20
-87.4449999999999932
11
168.446612999999985
21
-87.426920999999993
0
LINE
8
BLACK
6
CONTINUOUS
10
168.446612999999985
20
-87.426920999999993
11
168.3695620000000019
21
-87.3754380000000026
0
LINE
8
BLACK
6
CONTINUOUS
10
168.3695620000000019
20
-87.3754380000000026
11
168.3180789999999831
21
-87.2983869999999911
0
LINE
8
BLACK
6
CONTINUOUS
10
168.3180789999999831
20
-87.2983869999999911
11
168.2999999999999829
21
-87.207499999999996
0
LINE
8
BLACK
6
CONTINUOUS
10
168.2999999999999829
20
-87.207499999999996
11
168.2999999999999829
21
-86.6075000000000017
0
LINE
8
BLACK
6
CONTINUOUS
10
168.2999999999999829
20
-86.6075000000000017
11
168.3180789999999831
21
-86.5166129999999924
0
LINE
8
BLACK
6
CONTINUOUS
10
168.3180789999999831
20
-86.5166129999999924
11
168.3695620000000019
21
-86.4395619999999951
0
LINE
8
BLACK
6
CONTINUOUS
10
168.3695620000000019
20
-86.4395619999999951
11
168.446612999999985
21
-86.3880789999999905
0
LINE
8
BLACK
6
CONTINUOUS
10
168.446612999999985
20
-86.3880789999999905
11
168.5374999999999943
21
-86.3699999999999903
0
LINE
8
BLACK
6
CONTINUOUS
10
168.5374999999999943
20
-86.3699999999999903
11
169.0124999999999886
21
-86.3699999999999903
0
LINE
8
BLACK
6
CONTINUOUS
10
169.0124999999999886
20
-86.3699999999999903
11
169.1033869999999979
21
-86.3880789999999905
0
LINE
8
BLACK
6
CONTINUOUS
10
167.6033869999999979
20
-86.3080789999999922
11
167.680437999999981
21
-86.3595619999999968
0
LINE
8
BLACK
6
CONTINUOUS
10
167.680437999999981
20
-86.3595619999999968
11
167.7319209999999998
21
-86.4366129999999941
0
LINE
8
BLACK
6
CONTINUOUS
10
167.7319209999999998
20
-86.4366129999999941
11
167.75
21
-86.5274999999999892
0
LINE
8
BLACK
6
CONTINUOUS
10
167.75
20
-86.5274999999999892
11
167.75
21
-87.0274999999999892
0
LINE
8
BLACK
6
CONTINUOUS
10
167.75
20
-87.0274999999999892
11
167.7319209999999998
21
-87.1183869999999985
0
LINE
8
BLACK
6
CONTINUOUS
10
167.7319209999999998
20
-87.1183869999999985
11
167.680437999999981
21
-87.1954379999999958
0
LINE
8
BLACK
6
CONTINUOUS
10
167.680437999999981
20
-87.1954379999999958
11
167.6033869999999979
21
-87.2469210000000004
0
LINE
8
BLACK
6
CONTINUOUS
10
167.6033869999999979
20
-87.2469210000000004
11
167.5124999999999886
21
-87.2650000000000006
0
LINE
8
BLACK
6
CONTINUOUS
10
167.5124999999999886
20
-87.2650000000000006
11
167.0374999999999943
21
-87.2650000000000006
0
LINE
8
BLACK
6
CONTINUOUS
10
167.0374999999999943
20
-87.2650000000000006
11
166.946612999999985
21
-87.2469210000000004
0
LINE
8
BLACK
6
CONTINUOUS
10
166.946612999999985
20
-87.2469210000000004
11
166.8695620000000019
21
-87.1954379999999958
0
LINE
8
BLACK
6
CONTINUOUS
10
166.8695620000000019
20
-87.1954379999999958
11
166.8180789999999831
21
-87.1183869999999985
0
LINE
8
BLACK
6
CONTINUOUS
10
166.8180789999999831
20
-87.1183869999999985
11
166.7999999999999829
21
-87.0274999999999892
0
LINE
8
BLACK
6
CONTINUOUS
10
166.7999999999999829
20
-87.0274999999999892
11
166.7999999999999829
21
-86.5274999999999892
0
LINE
8
BLACK
6
CONTINUOUS
10
166.7999999999999829
20
-86.5274999999999892
11
166.8180789999999831
21
-86.4366129999999941
0
LINE
8
BLACK
6
CONTINUOUS
10
166.8180789999999831
20
-86.4366129999999941
11
166.8695620000000019
21
-86.3595619999999968
0
LINE
8
BLACK
6
CONTINUOUS
10
166.8695620000000019
20
-86.3595619999999968
11
166.946612999999985
21
-86.3080789999999922
0
LINE
8
BLACK
6
CONTINUOUS
10
166.946612999999985
20
-86.3080789999999922
11
167.0374999999999943
21
-86.289999999999992
0
LINE
8
BLACK
6
CONTINUOUS
10
167.0374999999999943
20
-86.289999999999992
11
167.5124999999999886
21
-86.289999999999992
0
LINE
8
BLACK
6
CONTINUOUS
10
167.5124999999999886
20
-86.289999999999992
11
167.6033869999999979
21
-86.3080789999999922
0
LINE
8
BLACK
6
CONTINUOUS
10
157.0783869999999922
20
-86.093079000000003
11
157.1554380000000037
21
-86.1445619999999934
0
LINE
8
BLACK
6
CONTINUOUS
10
157.1554380000000037
20
-86.1445619999999934
11
157.2069209999999941
21
-86.2216129999999907
0
LINE
8
BLACK
6
CONTINUOUS
10
157.2069209999999941
20
-86.2216129999999907
11
157.2249999999999943
21
-86.3125
0
LINE
8
BLACK
6
CONTINUOUS
10
157.2249999999999943
20
-86.3125
11
157.2249999999999943
21
-86.9124999999999943
0
LINE
8
BLACK
6
CONTINUOUS
10
157.2249999999999943
20
-86.9124999999999943
11
157.2069209999999941
21
-87.0033869999999894
0
LINE
8
BLACK
6
CONTINUOUS
10
157.2069209999999941
20
-87.0033869999999894
11
157.1554380000000037
21
-87.0804380000000009
0
LINE
8
BLACK
6
CONTINUOUS
10
157.1554380000000037
20
-87.0804380000000009
11
157.0783869999999922
21
-87.1319209999999913
0
LINE
8
BLACK
6
CONTINUOUS
10
157.0783869999999922
20
-87.1319209999999913
11
156.9874999999999829
21
-87.1499999999999915
0
LINE
8
BLACK
6
CONTINUOUS
10
156.9874999999999829
20
-87.1499999999999915
11
156.5124999999999886
21
-87.1499999999999915
0
LINE
8
BLACK
6
CONTINUOUS
10
156.5124999999999886
20
-87.1499999999999915
11
156.4216129999999794
21
-87.1319209999999913
0
LINE
8
BLACK
6
CONTINUOUS
10
156.4216129999999794
20
-87.1319209999999913
11
156.3445619999999963
21
-87.0804380000000009
0
LINE
8
BLACK
6
CONTINUOUS
10
156.3445619999999963
20
-87.0804380000000009
11
156.2930790000000059
21
-87.0033869999999894
0
LINE
8
BLACK
6
CONTINUOUS
10
156.2930790000000059
20
-87.0033869999999894
11
156.2750000000000057
21
-86.9124999999999943
0
LINE
8
BLACK
6
CONTINUOUS
10
156.2750000000000057
20
-86.9124999999999943
11
156.2750000000000057
21
-86.3125
0
LINE
8
BLACK
6
CONTINUOUS
10
156.2750000000000057
20
-86.3125
11
156.2930790000000059
21
-86.2216129999999907
0
LINE
8
BLACK
6
CONTINUOUS
10
156.2930790000000059
20
-86.2216129999999907
11
156.3445619999999963
21
-86.1445619999999934
0
LINE
8
BLACK
6
CONTINUOUS
10
156.3445619999999963
20
-86.1445619999999934
11
156.4216129999999794
21
-86.093079000000003
0
LINE
8
BLACK
6
CONTINUOUS
10
156.4216129999999794
20
-86.093079000000003
11
156.5124999999999886
21
-86.0750000000000028
0
LINE
8
BLACK
6
CONTINUOUS
10
156.5124999999999886
20
-86.0750000000000028
11
156.9874999999999829
21
-86.0750000000000028
0
LINE
8
BLACK
6
CONTINUOUS
10
156.9874999999999829
20
-86.0750000000000028
11
157.0783869999999922
21
-86.093079000000003
0
LINE
8
BLACK
6
CONTINUOUS
10
158.5783869999999922
20
-86.093079000000003
11
158.6554380000000037
21
-86.1445619999999934
0
LINE
8
BLACK
6
CONTINUOUS
10
158.6554380000000037
20
-86.1445619999999934
11
158.7069209999999941
21
-86.2216129999999907
0
LINE
8
BLACK
6
CONTINUOUS
10
158.7069209999999941
20
-86.2216129999999907
11
158.7249999999999943
21
-86.3125
0
LINE
8
BLACK
6
CONTINUOUS
10
158.7249999999999943
20
-86.3125
11
158.7249999999999943
21
-86.9124999999999943
0
LINE
8
BLACK
6
CONTINUOUS
10
158.7249999999999943
20
-86.9124999999999943
11
158.7069209999999941
21
-87.0033869999999894
0
LINE
8
BLACK
6
CONTINUOUS
10
158.7069209999999941
20
-87.0033869999999894
11
158.6554380000000037
21
-87.0804380000000009
0
LINE
8
BLACK
6
CONTINUOUS
10
158.6554380000000037
20
-87.0804380000000009
11
158.5783869999999922
21
-87.1319209999999913
0
LINE
8
BLACK
6
CONTINUOUS
10
158.5783869999999922
20
-87.1319209999999913
11
158.4874999999999829
21
-87.1499999999999915
0
LINE
8
BLACK
6
CONTINUOUS
10
158.4874999999999829
20
-87.1499999999999915
11
158.0124999999999886
21
-87.1499999999999915
0
LINE
8
BLACK
6
CONTINUOUS
10
158.0124999999999886
20
-87.1499999999999915
11
157.9216129999999794
21
-87.1319209999999913
0
LINE
8
BLACK
6
CONTINUOUS
10
157.9216129999999794
20
-87.1319209999999913
11
157.8445619999999963
21
-87.0804380000000009
0
LINE
8
BLACK
6
CONTINUOUS
10
157.8445619999999963
20
-87.0804380000000009
11
157.7930790000000059
21
-87.0033869999999894
0
LINE
8
BLACK
6
CONTINUOUS
10
157.7930790000000059
20
-87.0033869999999894
11
157.7750000000000057
21
-86.9124999999999943
0
LINE
8
BLACK
6
CONTINUOUS
10
157.7750000000000057
20
-86.9124999999999943
11
157.7750000000000057
21
-86.3125
0
LINE
8
BLACK
6
CONTINUOUS
10
157.7750000000000057
20
-86.3125
11
157.7930790000000059
21
-86.2216129999999907
0
LINE
8
BLACK
6
CONTINUOUS
10
157.7930790000000059
20
-86.2216129999999907
11
157.8445619999999963
21
-86.1445619999999934
0
LINE
8
BLACK
6
CONTINUOUS
10
157.8445619999999963
20
-86.1445619999999934
11
157.9216129999999794
21
-86.093079000000003
0
LINE
8
BLACK
6
CONTINUOUS
10
157.9216129999999794
20
-86.093079000000003
11
158.0124999999999886
21
-86.0750000000000028
0
LINE
8
BLACK
6
CONTINUOUS
10
158.0124999999999886
20
-86.0750000000000028
11
158.4874999999999829
21
-86.0750000000000028
0
LINE
8
BLACK
6
CONTINUOUS
10
158.4874999999999829
20
-86.0750000000000028
11
158.5783869999999922
21
-86.093079000000003
0
LINE
8
BLACK
6
CONTINUOUS
10
161.1824029999999937
20
-86.2114179999999948
11
161.2310659999999984
21
-86.2439339999999959
0
LINE
8
BLACK
6
CONTINUOUS
10
161.2310659999999984
20
-86.2439339999999959
11
161.2635819999999853
21
-86.2925970000000007
0
LINE
8
BLACK
6
CONTINUOUS
10
161.2635819999999853
20
-86.2925970000000007
11
161.2750000000000057
21
-86.3499999999999943
0
LINE
8
BLACK
6
CONTINUOUS
10
161.2750000000000057
20
-86.3499999999999943
11
161.2750000000000057
21
-86.6499999999999915
0
LINE
8
BLACK
6
CONTINUOUS
10
161.2750000000000057
20
-86.6499999999999915
11
161.2635819999999853
21
-86.7074029999999993
0
LINE
8
BLACK
6
CONTINUOUS
10
161.2635819999999853
20
-86.7074029999999993
11
161.2310659999999984
21
-86.7560659999999899
0
LINE
8
BLACK
6
CONTINUOUS
10
161.2310659999999984
20
-86.7560659999999899
11
161.1824029999999937
21
-86.788581999999991
0
LINE
8
BLACK
6
CONTINUOUS
10
161.1824029999999937
20
-86.788581999999991
11
161.125
21
-86.7999999999999972
0
LINE
8
BLACK
6
CONTINUOUS
10
161.125
20
-86.7999999999999972
11
159.4749999999999943
21
-86.7999999999999972
0
LINE
8
BLACK
6
CONTINUOUS
10
159.4749999999999943
20
-86.7999999999999972
11
159.4175970000000007
21
-86.788581999999991
0
LINE
8
BLACK
6
CONTINUOUS
10
159.4175970000000007
20
-86.788581999999991
11
159.3689339999999959
21
-86.7560659999999899
0
LINE
8
BLACK
6
CONTINUOUS
10
159.3689339999999959
20
-86.7560659999999899
11
159.3364179999999806
21
-86.7074029999999993
0
LINE
8
BLACK
6
CONTINUOUS
10
159.3364179999999806
20
-86.7074029999999993
11
159.3249999999999886
21
-86.6499999999999915
0
LINE
8
BLACK
6
CONTINUOUS
10
159.3249999999999886
20
-86.6499999999999915
11
159.3249999999999886
21
-86.3499999999999943
0
LINE
8
BLACK
6
CONTINUOUS
10
159.3249999999999886
20
-86.3499999999999943
11
159.3364179999999806
21
-86.2925970000000007
0
LINE
8
BLACK
6
CONTINUOUS
10
159.3364179999999806
20
-86.2925970000000007
11
159.3689339999999959
21
-86.2439339999999959
0
LINE
8
BLACK
6
CONTINUOUS
10
159.3689339999999959
20
-86.2439339999999959
11
159.4175970000000007
21
-86.2114179999999948
0
LINE
8
BLACK
6
CONTINUOUS
10
159.4175970000000007
20
-86.2114179999999948
11
159.4749999999999943
21
-86.2000000000000028
0
LINE
8
BLACK
6
CONTINUOUS
10
159.4749999999999943
20
-86.2000000000000028
11
161.125
21
-86.2000000000000028
0
LINE
8
BLACK
6
CONTINUOUS
10
161.125
20
-86.2000000000000028
11
161.1824029999999937
21
-86.2114179999999948
0
LINE
8
BLACK
6
CONTINUOUS
10
166.1324029999999823
20
-86.2114179999999948
11
166.1810659999999871
21
-86.2439339999999959
0
LINE
8
BLACK
6
CONTINUOUS
10
166.1810659999999871
20
-86.2439339999999959
11
166.2135820000000024
21
-86.2925970000000007
0
LINE
8
BLACK
6
CONTINUOUS
10
166.2135820000000024
20
-86.2925970000000007
11
166.2249999999999943
21
-86.3499999999999943
0
LINE
8
BLACK
6
CONTINUOUS
10
166.2249999999999943
20
-86.3499999999999943
11
166.2249999999999943
21
-86.6499999999999915
0
LINE
8
BLACK
6
CONTINUOUS
10
166.2249999999999943
20
-86.6499999999999915
11
166.2135820000000024
21
-86.7074029999999993
0
LINE
8
BLACK
6
CONTINUOUS
10
166.2135820000000024
20
-86.7074029999999993
11
166.1810659999999871
21
-86.7560659999999899
0
LINE
8
BLACK
6
CONTINUOUS
10
166.1810659999999871
20
-86.7560659999999899
11
166.1324029999999823
21
-86.788581999999991
0
LINE
8
BLACK
6
CONTINUOUS
10
166.1324029999999823
20
-86.788581999999991
11
166.0749999999999886
21
-86.7999999999999972
0
LINE
8
BLACK
6
CONTINUOUS
10
166.0749999999999886
20
-86.7999999999999972
11
164.4249999999999829
21
-86.7999999999999972
0
LINE
8
BLACK
6
CONTINUOUS
10
164.4249999999999829
20
-86.7999999999999972
11
164.3675969999999893
21
-86.788581999999991
0
LINE
8
BLACK
6
CONTINUOUS
10
164.3675969999999893
20
-86.788581999999991
11
164.3189339999999845
21
-86.7560659999999899
0
LINE
8
BLACK
6
CONTINUOUS
10
164.3189339999999845
20
-86.7560659999999899
11
164.2864179999999976
21
-86.7074029999999993
0
LINE
8
BLACK
6
CONTINUOUS
10
164.2864179999999976
20
-86.7074029999999993
11
164.2750000000000057
21
-86.6499999999999915
0
LINE
8
BLACK
6
CONTINUOUS
10
164.2750000000000057
20
-86.6499999999999915
11
164.2750000000000057
21
-86.3499999999999943
0
LINE
8
BLACK
6
CONTINUOUS
10
164.2750000000000057
20
-86.3499999999999943
11
164.2864179999999976
21
-86.2925970000000007
0
LINE
8
BLACK
6
CONTINUOUS
10
164.2864179999999976
20
-86.2925970000000007
11
164.3189339999999845
21
-86.2439339999999959
0
LINE
8
BLACK
6
CONTINUOUS
10
164.3189339999999845
20
-86.2439339999999959
11
164.3675969999999893
21
-86.2114179999999948
0
LINE
8
BLACK
6
CONTINUOUS
10
164.3675969999999893
20
-86.2114179999999948
11
164.4249999999999829
21
-86.2000000000000028
0
LINE
8
BLACK
6
CONTINUOUS
10
164.4249999999999829
20
-86.2000000000000028
11
166.0749999999999886
21
-86.2000000000000028
0
LINE
8
BLACK
6
CONTINUOUS
10
166.0749999999999886
20
-86.2000000000000028
11
166.1324029999999823
21
-86.2114179999999948
0
LINE
8
BLACK
6
CONTINUOUS
10
125.2139999999999986
20
-86.4789999999999992
11
124.2139999999999986
21
-86.4789999999999992
0
LINE
8
BLACK
6
CONTINUOUS
10
124.2139999999999986
20
-86.4789999999999992
11
124.2139999999999986
21
-85.4789999999999992
0
LINE
8
BLACK
6
CONTINUOUS
10
124.2139999999999986
20
-85.4789999999999992
11
125.2139999999999986
21
-85.4789999999999992
0
LINE
8
BLACK
6
CONTINUOUS
10
125.2139999999999986
20
-85.4789999999999992
11
125.2139999999999986
21
-86.4789999999999992
0
LINE
8
BLACK
6
CONTINUOUS
10
174.8870000000000005
20
-86.4789999999999992
11
173.8870000000000005
21
-86.4789999999999992
0
LINE
8
BLACK
6
CONTINUOUS
10
173.8870000000000005
20
-86.4789999999999992
11
173.8870000000000005
21
-85.4789999999999992
0
LINE
8
BLACK
6
CONTINUOUS
10
173.8870000000000005
20
-85.4789999999999992
11
174.8870000000000005
21
-85.4789999999999992
0
LINE
8
BLACK
6
CONTINUOUS
10
174.8870000000000005
20
-85.4789999999999992
11
174.8870000000000005
21
-86.4789999999999992
0
LINE
8
BLACK
6
CONTINUOUS
10
161.1824029999999937
20
-84.9414179999999988
11
161.2310659999999984
21
-84.9739339999999999
0
LINE
8
BLACK
6
CONTINUOUS
10
161.2310659999999984
20
-84.9739339999999999
11
161.2635819999999853
21
-85.0225969999999904
0
LINE
8
BLACK
6
CONTINUOUS
10
161.2635819999999853
20
-85.0225969999999904
11
161.2750000000000057
21
-85.0799999999999983
0
LINE
8
BLACK
6
CONTINUOUS
10
161.2750000000000057
20
-85.0799999999999983
11
161.2750000000000057
21
-85.3799999999999955
0
LINE
8
BLACK
6
CONTINUOUS
10
161.2750000000000057
20
-85.3799999999999955
11
161.2635819999999853
21
-85.4374029999999891
0
LINE
8
BLACK
6
CONTINUOUS
10
161.2635819999999853
20
-85.4374029999999891
11
161.2310659999999984
21
-85.4860659999999939
0
LINE
8
BLACK
6
CONTINUOUS
10
161.2310659999999984
20
-85.4860659999999939
11
161.1824029999999937
21
-85.518581999999995
0
LINE
8
BLACK
6
CONTINUOUS
10
161.1824029999999937
20
-85.518581999999995
11
161.125
21
-85.5300000000000011
0
LINE
8
BLACK
6
CONTINUOUS
10
161.125
20
-85.5300000000000011
11
159.4749999999999943
21
-85.5300000000000011
0
LINE
8
BLACK
6
CONTINUOUS
10
159.4749999999999943
20
-85.5300000000000011
11
159.4175970000000007
21
-85.518581999999995
0
LINE
8
BLACK
6
CONTINUOUS
10
159.4175970000000007
20
-85.518581999999995
11
159.3689339999999959
21
-85.4860659999999939
0
LINE
8
BLACK
6
CONTINUOUS
10
159.3689339999999959
20
-85.4860659999999939
11
159.3364179999999806
21
-85.4374029999999891
0
LINE
8
BLACK
6
CONTINUOUS
10
159.3364179999999806
20
-85.4374029999999891
11
159.3249999999999886
21
-85.3799999999999955
0
LINE
8
BLACK
6
CONTINUOUS
10
159.3249999999999886
20
-85.3799999999999955
11
159.3249999999999886
21
-85.0799999999999983
0
LINE
8
BLACK
6
CONTINUOUS
10
159.3249999999999886
20
-85.0799999999999983
11
159.3364179999999806
21
-85.0225969999999904
0
LINE
8
BLACK
6
CONTINUOUS
10
159.3364179999999806
20
-85.0225969999999904
11
159.3689339999999959
21
-84.9739339999999999
0
LINE
8
BLACK
6
CONTINUOUS
10
159.3689339999999959
20
-84.9739339999999999
11
159.4175970000000007
21
-84.9414179999999988
0
LINE
8
BLACK
6
CONTINUOUS
10
159.4175970000000007
20
-84.9414179999999988
11
159.4749999999999943
21
-84.9299999999999926
0
LINE
8
BLACK
6
CONTINUOUS
10
159.4749999999999943
20
-84.9299999999999926
11
161.125
21
-84.9299999999999926
0
LINE
8
BLACK
6
CONTINUOUS
10
161.125
20
-84.9299999999999926
11
161.1824029999999937
21
-84.9414179999999988
0
LINE
8
BLACK
6
CONTINUOUS
10
166.1324029999999823
20
-84.9414179999999988
11
166.1810659999999871
21
-84.9739339999999999
0
LINE
8
BLACK
6
CONTINUOUS
10
166.1810659999999871
20
-84.9739339999999999
11
166.2135820000000024
21
-85.0225969999999904
0
LINE
8
BLACK
6
CONTINUOUS
10
166.2135820000000024
20
-85.0225969999999904
11
166.2249999999999943
21
-85.0799999999999983
0
LINE
8
BLACK
6
CONTINUOUS
10
166.2249999999999943
20
-85.0799999999999983
11
166.2249999999999943
21
-85.3799999999999955
0
LINE
8
BLACK
6
CONTINUOUS
10
166.2249999999999943
20
-85.3799999999999955
11
166.2135820000000024
21
-85.4374029999999891
0
LINE
8
BLACK
6
CONTINUOUS
10
166.2135820000000024
20
-85.4374029999999891
11
166.1810659999999871
21
-85.4860659999999939
0
LINE
8
BLACK
6
CONTINUOUS
10
166.1810659999999871
20
-85.4860659999999939
11
166.1324029999999823
21
-85.518581999999995
0
LINE
8
BLACK
6
CONTINUOUS
10
166.1324029999999823
20
-85.518581999999995
11
166.0749999999999886
21
-85.5300000000000011
0
LINE
8
BLACK
6
CONTINUOUS
10
166.0749999999999886
20
-85.5300000000000011
11
164.4249999999999829
21
-85.5300000000000011
0
LINE
8
BLACK
6
CONTINUOUS
10
164.4249999999999829
20
-85.5300000000000011
11
164.3675969999999893
21
-85.518581999999995
0
LINE
8
BLACK
6
CONTINUOUS
10
164.3675969999999893
20
-85.518581999999995
11
164.3189339999999845
21
-85.4860659999999939
0
LINE
8
BLACK
6
CONTINUOUS
10
164.3189339999999845
20
-85.4860659999999939
11
164.2864179999999976
21
-85.4374029999999891
0
LINE
8
BLACK
6
CONTINUOUS
10
164.2864179999999976
20
-85.4374029999999891
11
164.2750000000000057
21
-85.3799999999999955
0
LINE
8
BLACK
6
CONTINUOUS
10
164.2750000000000057
20
-85.3799999999999955
11
164.2750000000000057
21
-85.0799999999999983
0
LINE
8
BLACK
6
CONTINUOUS
10
164.2750000000000057
20
-85.0799999999999983
11
164.2864179999999976
21
-85.0225969999999904
0
LINE
8
BLACK
6
CONTINUOUS
10
164.2864179999999976
20
-85.0225969999999904
11
164.3189339999999845
21
-84.9739339999999999
0
LINE
8
BLACK
6
CONTINUOUS
10
164.3189339999999845
20
-84.9739339999999999
11
164.3675969999999893
21
-84.9414179999999988
0
LINE
8
BLACK
6
CONTINUOUS
10
164.3675969999999893
20
-84.9414179999999988
11
164.4249999999999829
21
-84.9299999999999926
0
LINE
8
BLACK
6
CONTINUOUS
10
164.4249999999999829
20
-84.9299999999999926
11
166.0749999999999886
21
-84.9299999999999926
0
LINE
8
BLACK
6
CONTINUOUS
10
166.0749999999999886
20
-84.9299999999999926
11
166.1324029999999823
21
-84.9414179999999988
0
LINE
8
BLACK
6
CONTINUOUS
10
167.6033869999999979
20
-84.4830789999999894
11
167.680437999999981
21
-84.534561999999994
0
LINE
8
BLACK
6
CONTINUOUS
10
167.680437999999981
20
-84.534561999999994
11
167.7319209999999998
21
-84.6116129999999913
0
LINE
8
BLACK
6
CONTINUOUS
10
167.7319209999999998
20
-84.6116129999999913
11
167.75
21
-84.7025000000000006
0
LINE
8
BLACK
6
CONTINUOUS
10
167.75
20
-84.7025000000000006
11
167.75
21
-85.2025000000000006
0
LINE
8
BLACK
6
CONTINUOUS
10
167.75
20
-85.2025000000000006
11
167.7319209999999998
21
-85.2933869999999956
0
LINE
8
BLACK
6
CONTINUOUS
10
167.7319209999999998
20
-85.2933869999999956
11
167.680437999999981
21
-85.3704379999999929
0
LINE
8
BLACK
6
CONTINUOUS
10
167.680437999999981
20
-85.3704379999999929
11
167.6033869999999979
21
-85.4219209999999975
0
LINE
8
BLACK
6
CONTINUOUS
10
167.6033869999999979
20
-85.4219209999999975
11
167.5124999999999886
21
-85.4399999999999977
0
LINE
8
BLACK
6
CONTINUOUS
10
167.5124999999999886
20
-85.4399999999999977
11
167.0374999999999943
21
-85.4399999999999977
0
LINE
8
BLACK
6
CONTINUOUS
10
167.0374999999999943
20
-85.4399999999999977
11
166.946612999999985
21
-85.4219209999999975
0
LINE
8
BLACK
6
CONTINUOUS
10
166.946612999999985
20
-85.4219209999999975
11
166.8695620000000019
21
-85.3704379999999929
0
LINE
8
BLACK
6
CONTINUOUS
10
166.8695620000000019
20
-85.3704379999999929
11
166.8180789999999831
21
-85.2933869999999956
0
LINE
8
BLACK
6
CONTINUOUS
10
166.8180789999999831
20
-85.2933869999999956
11
166.7999999999999829
21
-85.2025000000000006
0
LINE
8
BLACK
6
CONTINUOUS
10
166.7999999999999829
20
-85.2025000000000006
11
166.7999999999999829
21
-84.7025000000000006
0
LINE
8
BLACK
6
CONTINUOUS
10
166.7999999999999829
20
-84.7025000000000006
11
166.8180789999999831
21
-84.6116129999999913
0
LINE
8
BLACK
6
CONTINUOUS
10
166.8180789999999831
20
-84.6116129999999913
11
166.8695620000000019
21
-84.534561999999994
0
LINE
8
BLACK
6
CONTINUOUS
10
166.8695620000000019
20
-84.534561999999994
11
166.946612999999985
21
-84.4830789999999894
0
LINE
8
BLACK
6
CONTINUOUS
10
166.946612999999985
20
-84.4830789999999894
11
167.0374999999999943
21
-84.4649999999999892
0
LINE
8
BLACK
6
CONTINUOUS
10
167.0374999999999943
20
-84.4649999999999892
11
167.5124999999999886
21
-84.4649999999999892
0
LINE
8
BLACK
6
CONTINUOUS
10
167.5124999999999886
20
-84.4649999999999892
11
167.6033869999999979
21
-84.4830789999999894
0
LINE
8
BLACK
6
CONTINUOUS
10
157.0783869999999922
20
-84.3680789999999945
11
157.1554380000000037
21
-84.4195619999999991
0
LINE
8
BLACK
6
CONTINUOUS
10
157.1554380000000037
20
-84.4195619999999991
11
157.2069209999999941
21
-84.4966129999999964
0
LINE
8
BLACK
6
CONTINUOUS
10
157.2069209999999941
20
-84.4966129999999964
11
157.2249999999999943
21
-84.5874999999999915
0
LINE
8
BLACK
6
CONTINUOUS
10
157.2249999999999943
20
-84.5874999999999915
11
157.2249999999999943
21
-85.1875
0
LINE
8
BLACK
6
CONTINUOUS
10
157.2249999999999943
20
-85.1875
11
157.2069209999999941
21
-85.2783869999999951
0
LINE
8
BLACK
6
CONTINUOUS
10
157.2069209999999941
20
-85.2783869999999951
11
157.1554380000000037
21
-85.3554379999999924
0
LINE
8
BLACK
6
CONTINUOUS
10
157.1554380000000037
20
-85.3554379999999924
11
157.0783869999999922
21
-85.406920999999997
0
LINE
8
BLACK
6
CONTINUOUS
10
157.0783869999999922
20
-85.406920999999997
11
156.9874999999999829
21
-85.4249999999999972
0
LINE
8
BLACK
6
CONTINUOUS
10
156.9874999999999829
20
-85.4249999999999972
11
156.5124999999999886
21
-85.4249999999999972
0
LINE
8
BLACK
6
CONTINUOUS
10
156.5124999999999886
20
-85.4249999999999972
11
156.4216129999999794
21
-85.406920999999997
0
LINE
8
BLACK
6
CONTINUOUS
10
156.4216129999999794
20
-85.406920999999997
11
156.3445619999999963
21
-85.3554379999999924
0
LINE
8
BLACK
6
CONTINUOUS
10
156.3445619999999963
20
-85.3554379999999924
11
156.2930790000000059
21
-85.2783869999999951
0
LINE
8
BLACK
6
CONTINUOUS
10
156.2930790000000059
20
-85.2783869999999951
11
156.2750000000000057
21
-85.1875
0
LINE
8
BLACK
6
CONTINUOUS
10
156.2750000000000057
20
-85.1875
11
156.2750000000000057
21
-84.5874999999999915
0
LINE
8
BLACK
6
CONTINUOUS
10
156.2750000000000057
20
-84.5874999999999915
11
156.2930790000000059
21
-84.4966129999999964
0
LINE
8
BLACK
6
CONTINUOUS
10
156.2930790000000059
20
-84.4966129999999964
11
156.3445619999999963
21
-84.4195619999999991
0
LINE
8
BLACK
6
CONTINUOUS
10
156.3445619999999963
20
-84.4195619999999991
11
156.4216129999999794
21
-84.3680789999999945
0
LINE
8
BLACK
6
CONTINUOUS
10
156.4216129999999794
20
-84.3680789999999945
11
156.5124999999999886
21
-84.3499999999999943
0
LINE
8
BLACK
6
CONTINUOUS
10
156.5124999999999886
20
-84.3499999999999943
11
156.9874999999999829
21
-84.3499999999999943
0
LINE
8
BLACK
6
CONTINUOUS
10
156.9874999999999829
20
-84.3499999999999943
11
157.0783869999999922
21
-84.3680789999999945
0
LINE
8
BLACK
6
CONTINUOUS
10
158.5783869999999922
20
-84.3680789999999945
11
158.6554380000000037
21
-84.4195619999999991
0
LINE
8
BLACK
6
CONTINUOUS
10
158.6554380000000037
20
-84.4195619999999991
11
158.7069209999999941
21
-84.4966129999999964
0
LINE
8
BLACK
6
CONTINUOUS
10
158.7069209999999941
20
-84.4966129999999964
11
158.7249999999999943
21
-84.5874999999999915
0
LINE
8
BLACK
6
CONTINUOUS
10
158.7249999999999943
20
-84.5874999999999915
11
158.7249999999999943
21
-85.1875
0
LINE
8
BLACK
6
CONTINUOUS
10
158.7249999999999943
20
-85.1875
11
158.7069209999999941
21
-85.2783869999999951
0
LINE
8
BLACK
6
CONTINUOUS
10
158.7069209999999941
20
-85.2783869999999951
11
158.6554380000000037
21
-85.3554379999999924
0
LINE
8
BLACK
6
CONTINUOUS
10
158.6554380000000037
20
-85.3554379999999924
11
158.5783869999999922
21
-85.406920999999997
0
LINE
8
BLACK
6
CONTINUOUS
10
158.5783869999999922
20
-85.406920999999997
11
158.4874999999999829
21
-85.4249999999999972
0
LINE
8
BLACK
6
CONTINUOUS
10
158.4874999999999829
20
-85.4249999999999972
11
158.0124999999999886
21
-85.4249999999999972
0
LINE
8
BLACK
6
CONTINUOUS
10
158.0124999999999886
20
-85.4249999999999972
11
157.9216129999999794
21
-85.406920999999997
0
LINE
8
BLACK
6
CONTINUOUS
10
157.9216129999999794
20
-85.406920999999997
11
157.8445619999999963
21
-85.3554379999999924
0
LINE
8
BLACK
6
CONTINUOUS
10
157.8445619999999963
20
-85.3554379999999924
11
157.7930790000000059
21
-85.2783869999999951
0
LINE
8
BLACK
6
CONTINUOUS
10
157.7930790000000059
20
-85.2783869999999951
11
157.7750000000000057
21
-85.1875
0
LINE
8
BLACK
6
CONTINUOUS
10
157.7750000000000057
20
-85.1875
11
157.7750000000000057
21
-84.5874999999999915
0
LINE
8
BLACK
6
CONTINUOUS
10
157.7750000000000057
20
-84.5874999999999915
11
157.7930790000000059
21
-84.4966129999999964
0
LINE
8
BLACK
6
CONTINUOUS
10
157.7930790000000059
20
-84.4966129999999964
11
157.8445619999999963
21
-84.4195619999999991
0
LINE
8
BLACK
6
CONTINUOUS
10
157.8445619999999963
20
-84.4195619999999991
11
157.9216129999999794
21
-84.3680789999999945
0
LINE
8
BLACK
6
CONTINUOUS
10
157.9216129999999794
20
-84.3680789999999945
11
158.0124999999999886
21
-84.3499999999999943
0
LINE
8
BLACK
6
CONTINUOUS
10
158.0124999999999886
20
-84.3499999999999943
11
158.4874999999999829
21
-84.3499999999999943
0
LINE
8
BLACK
6
CONTINUOUS
10
158.4874999999999829
20
-84.3499999999999943
11
158.5783869999999922
21
-84.3680789999999945
0
LINE
8
BLACK
6
CONTINUOUS
10
169.1033869999999979
20
-84.2960789999999918
11
169.180437999999981
21
-84.3475619999999964
0
LINE
8
BLACK
6
CONTINUOUS
10
169.180437999999981
20
-84.3475619999999964
11
169.2319209999999998
21
-84.4246129999999937
0
LINE
8
BLACK
6
CONTINUOUS
10
169.2319209999999998
20
-84.4246129999999937
11
169.25
21
-84.515500000000003
0
LINE
8
BLACK
6
CONTINUOUS
10
169.25
20
-84.515500000000003
11
169.25
21
-85.1154999999999973
0
LINE
8
BLACK
6
CONTINUOUS
10
169.25
20
-85.1154999999999973
11
169.2319209999999998
21
-85.2063869999999923
0
LINE
8
BLACK
6
CONTINUOUS
10
169.2319209999999998
20
-85.2063869999999923
11
169.180437999999981
21
-85.2834379999999896
0
LINE
8
BLACK
6
CONTINUOUS
10
169.180437999999981
20
-85.2834379999999896
11
169.1033869999999979
21
-85.3349209999999943
0
LINE
8
BLACK
6
CONTINUOUS
10
169.1033869999999979
20
-85.3349209999999943
11
169.0124999999999886
21
-85.3529999999999944
0
LINE
8
BLACK
6
CONTINUOUS
10
169.0124999999999886
20
-85.3529999999999944
11
168.5374999999999943
21
-85.3529999999999944
0
LINE
8
BLACK
6
CONTINUOUS
10
168.5374999999999943
20
-85.3529999999999944
11
168.446612999999985
21
-85.3349209999999943
0
LINE
8
BLACK
6
CONTINUOUS
10
168.446612999999985
20
-85.3349209999999943
11
168.3695620000000019
21
-85.2834379999999896
0
LINE
8
BLACK
6
CONTINUOUS
10
168.3695620000000019
20
-85.2834379999999896
11
168.3180789999999831
21
-85.2063869999999923
0
LINE
8
BLACK
6
CONTINUOUS
10
168.3180789999999831
20
-85.2063869999999923
11
168.2999999999999829
21
-85.1154999999999973
0
LINE
8
BLACK
6
CONTINUOUS
10
168.2999999999999829
20
-85.1154999999999973
11
168.2999999999999829
21
-84.515500000000003
0
LINE
8
BLACK
6
CONTINUOUS
10
168.2999999999999829
20
-84.515500000000003
11
168.3180789999999831
21
-84.4246129999999937
0
LINE
8
BLACK
6
CONTINUOUS
10
168.3180789999999831
20
-84.4246129999999937
11
168.3695620000000019
21
-84.3475619999999964
0
LINE
8
BLACK
6
CONTINUOUS
10
168.3695620000000019
20
-84.3475619999999964
11
168.446612999999985
21
-84.2960789999999918
0
LINE
8
BLACK
6
CONTINUOUS
10
168.446612999999985
20
-84.2960789999999918
11
168.5374999999999943
21
-84.2779999999999916
0
LINE
8
BLACK
6
CONTINUOUS
10
168.5374999999999943
20
-84.2779999999999916
11
169.0124999999999886
21
-84.2779999999999916
0
LINE
8
BLACK
6
CONTINUOUS
10
169.0124999999999886
20
-84.2779999999999916
11
169.1033869999999979
21
-84.2960789999999918
0
LINE
8
BLACK
6
CONTINUOUS
10
161.1824029999999937
20
-83.6714180000000027
11
161.2310659999999984
21
-83.7039339999999896
0
LINE
8
BLACK
6
CONTINUOUS
10
161.2310659999999984
20
-83.7039339999999896
11
161.2635819999999853
21
-83.7525969999999944
0
LINE
8
BLACK
6
CONTINUOUS
10
161.2635819999999853
20
-83.7525969999999944
11
161.2750000000000057
21
-83.8100000000000023
0
LINE
8
BLACK
6
CONTINUOUS
10
161.2750000000000057
20
-83.8100000000000023
11
161.2750000000000057
21
-84.1099999999999994
0
LINE
8
BLACK
6
CONTINUOUS
10
161.2750000000000057
20
-84.1099999999999994
11
161.2635819999999853
21
-84.1674029999999931
0
LINE
8
BLACK
6
CONTINUOUS
10
161.2635819999999853
20
-84.1674029999999931
11
161.2310659999999984
21
-84.2160659999999979
0
LINE
8
BLACK
6
CONTINUOUS
10
161.2310659999999984
20
-84.2160659999999979
11
161.1824029999999937
21
-84.248581999999999
0
LINE
8
BLACK
6
CONTINUOUS
10
161.1824029999999937
20
-84.248581999999999
11
161.125
21
-84.2599999999999909
0
LINE
8
BLACK
6
CONTINUOUS
10
161.125
20
-84.2599999999999909
11
159.4749999999999943
21
-84.2599999999999909
0
LINE
8
BLACK
6
CONTINUOUS
10
159.4749999999999943
20
-84.2599999999999909
11
159.4175970000000007
21
-84.248581999999999
0
LINE
8
BLACK
6
CONTINUOUS
10
159.4175970000000007
20
-84.248581999999999
11
159.3689339999999959
21
-84.2160659999999979
0
LINE
8
BLACK
6
CONTINUOUS
10
159.3689339999999959
20
-84.2160659999999979
11
159.3364179999999806
21
-84.1674029999999931
0
LINE
8
BLACK
6
CONTINUOUS
10
159.3364179999999806
20
-84.1674029999999931
11
159.3249999999999886
21
-84.1099999999999994
0
LINE
8
BLACK
6
CONTINUOUS
10
159.3249999999999886
20
-84.1099999999999994
11
159.3249999999999886
21
-83.8100000000000023
0
LINE
8
BLACK
6
CONTINUOUS
10
159.3249999999999886
20
-83.8100000000000023
11
159.3364179999999806
21
-83.7525969999999944
0
LINE
8
BLACK
6
CONTINUOUS
10
159.3364179999999806
20
-83.7525969999999944
11
159.3689339999999959
21
-83.7039339999999896
0
LINE
8
BLACK
6
CONTINUOUS
10
159.3689339999999959
20
-83.7039339999999896
11
159.4175970000000007
21
-83.6714180000000027
0
LINE
8
BLACK
6
CONTINUOUS
10
159.4175970000000007
20
-83.6714180000000027
11
159.4749999999999943
21
-83.6599999999999966
0
LINE
8
BLACK
6
CONTINUOUS
10
159.4749999999999943
20
-83.6599999999999966
11
161.125
21
-83.6599999999999966
0
LINE
8
BLACK
6
CONTINUOUS
10
161.125
20
-83.6599999999999966
11
161.1824029999999937
21
-83.6714180000000027
0
LINE
8
BLACK
6
CONTINUOUS
10
166.1324029999999823
20
-83.6714180000000027
11
166.1810659999999871
21
-83.7039339999999896
0
LINE
8
BLACK
6
CONTINUOUS
10
166.1810659999999871
20
-83.7039339999999896
11
166.2135820000000024
21
-83.7525969999999944
0
LINE
8
BLACK
6
CONTINUOUS
10
166.2135820000000024
20
-83.7525969999999944
11
166.2249999999999943
21
-83.8100000000000023
0
LINE
8
BLACK
6
CONTINUOUS
10
166.2249999999999943
20
-83.8100000000000023
11
166.2249999999999943
21
-84.1099999999999994
0
LINE
8
BLACK
6
CONTINUOUS
10
166.2249999999999943
20
-84.1099999999999994
11
166.2135820000000024
21
-84.1674029999999931
0
LINE
8
BLACK
6
CONTINUOUS
10
166.2135820000000024
20
-84.1674029999999931
11
166.1810659999999871
21
-84.2160659999999979
0
LINE
8
BLACK
6
CONTINUOUS
10
166.1810659999999871
20
-84.2160659999999979
11
166.1324029999999823
21
-84.248581999999999
0
LINE
8
BLACK
6
CONTINUOUS
10
166.1324029999999823
20
-84.248581999999999
11
166.0749999999999886
21
-84.2599999999999909
0
LINE
8
BLACK
6
CONTINUOUS
10
166.0749999999999886
20
-84.2599999999999909
11
164.4249999999999829
21
-84.2599999999999909
0
LINE
8
BLACK
6
CONTINUOUS
10
164.4249999999999829
20
-84.2599999999999909
11
164.3675969999999893
21
-84.248581999999999
0
LINE
8
BLACK
6
CONTINUOUS
10
164.3675969999999893
20
-84.248581999999999
11
164.3189339999999845
21
-84.2160659999999979
0
LINE
8
BLACK
6
CONTINUOUS
10
164.3189339999999845
20
-84.2160659999999979
11
164.2864179999999976
21
-84.1674029999999931
0
LINE
8
BLACK
6
CONTINUOUS
10
164.2864179999999976
20
-84.1674029999999931
11
164.2750000000000057
21
-84.1099999999999994
0
LINE
8
BLACK
6
CONTINUOUS
10
164.2750000000000057
20
-84.1099999999999994
11
164.2750000000000057
21
-83.8100000000000023
0
LINE
8
BLACK
6
CONTINUOUS
10
164.2750000000000057
20
-83.8100000000000023
11
164.2864179999999976
21
-83.7525969999999944
0
LINE
8
BLACK
6
CONTINUOUS
10
164.2864179999999976
20
-83.7525969999999944
11
164.3189339999999845
21
-83.7039339999999896
0
LINE
8
BLACK
6
CONTINUOUS
10
164.3189339999999845
20
-83.7039339999999896
11
164.3675969999999893
21
-83.6714180000000027
0
LINE
8
BLACK
6
CONTINUOUS
10
164.3675969999999893
20
-83.6714180000000027
11
164.4249999999999829
21
-83.6599999999999966
0
LINE
8
BLACK
6
CONTINUOUS
10
164.4249999999999829
20
-83.6599999999999966
11
166.0749999999999886
21
-83.6599999999999966
0
LINE
8
BLACK
6
CONTINUOUS
10
166.0749999999999886
20
-83.6599999999999966
11
166.1324029999999823
21
-83.6714180000000027
0
LINE
8
BLACK
6
CONTINUOUS
10
169.1033869999999979
20
-82.5710789999999974
11
169.180437999999981
21
-82.6225620000000021
0
LINE
8
BLACK
6
CONTINUOUS
10
169.180437999999981
20
-82.6225620000000021
11
169.2319209999999998
21
-82.6996129999999994
0
LINE
8
BLACK
6
CONTINUOUS
10
169.2319209999999998
20
-82.6996129999999994
11
169.25
21
-82.7904999999999944
0
LINE
8
BLACK
6
CONTINUOUS
10
169.25
20
-82.7904999999999944
11
169.25
21
-83.390500000000003
0
LINE
8
BLACK
6
CONTINUOUS
10
169.25
20
-83.390500000000003
11
169.2319209999999998
21
-83.481386999999998
0
LINE
8
BLACK
6
CONTINUOUS
10
169.2319209999999998
20
-83.481386999999998
11
169.180437999999981
21
-83.5584379999999953
0
LINE
8
BLACK
6
CONTINUOUS
10
169.180437999999981
20
-83.5584379999999953
11
169.1033869999999979
21
-83.6099209999999999
0
LINE
8
BLACK
6
CONTINUOUS
10
169.1033869999999979
20
-83.6099209999999999
11
169.0124999999999886
21
-83.6280000000000001
0
LINE
8
BLACK
6
CONTINUOUS
10
169.0124999999999886
20
-83.6280000000000001
11
168.5374999999999943
21
-83.6280000000000001
0
LINE
8
BLACK
6
CONTINUOUS
10
168.5374999999999943
20
-83.6280000000000001
11
168.446612999999985
21
-83.6099209999999999
0
LINE
8
BLACK
6
CONTINUOUS
10
168.446612999999985
20
-83.6099209999999999
11
168.3695620000000019
21
-83.5584379999999953
0
LINE
8
BLACK
6
CONTINUOUS
10
168.3695620000000019
20
-83.5584379999999953
11
168.3180789999999831
21
-83.481386999999998
0
LINE
8
BLACK
6
CONTINUOUS
10
168.3180789999999831
20
-83.481386999999998
11
168.2999999999999829
21
-83.390500000000003
0
LINE
8
BLACK
6
CONTINUOUS
10
168.2999999999999829
20
-83.390500000000003
11
168.2999999999999829
21
-82.7904999999999944
0
LINE
8
BLACK
6
CONTINUOUS
10
168.2999999999999829
20
-82.7904999999999944
11
168.3180789999999831
21
-82.6996129999999994
0
LINE
8
BLACK
6
CONTINUOUS
10
168.3180789999999831
20
-82.6996129999999994
11
168.3695620000000019
21
-82.6225620000000021
0
LINE
8
BLACK
6
CONTINUOUS
10
168.3695620000000019
20
-82.6225620000000021
11
168.446612999999985
21
-82.5710789999999974
0
LINE
8
BLACK
6
CONTINUOUS
10
168.446612999999985
20
-82.5710789999999974
11
168.5374999999999943
21
-82.5529999999999973
0
LINE
8
BLACK
6
CONTINUOUS
10
168.5374999999999943
20
-82.5529999999999973
11
169.0124999999999886
21
-82.5529999999999973
0
LINE
8
BLACK
6
CONTINUOUS
10
169.0124999999999886
20
-82.5529999999999973
11
169.1033869999999979
21
-82.5710789999999974
0
LINE
8
BLACK
6
CONTINUOUS
10
160.3033869999999865
20
-81.8520790000000034
11
160.3804379999999981
21
-81.9035619999999938
0
LINE
8
BLACK
6
CONTINUOUS
10
160.3804379999999981
20
-81.9035619999999938
11
160.4319209999999885
21
-81.9806129999999911
0
LINE
8
BLACK
6
CONTINUOUS
10
160.4319209999999885
20
-81.9806129999999911
11
160.4499999999999886
21
-82.0715000000000003
0
LINE
8
BLACK
6
CONTINUOUS
10
160.4499999999999886
20
-82.0715000000000003
11
160.4499999999999886
21
-82.5464999999999947
0
LINE
8
BLACK
6
CONTINUOUS
10
160.4499999999999886
20
-82.5464999999999947
11
160.4319209999999885
21
-82.6373869999999897
0
LINE
8
BLACK
6
CONTINUOUS
10
160.4319209999999885
20
-82.6373869999999897
11
160.3804379999999981
21
-82.7144380000000012
0
LINE
8
BLACK
6
CONTINUOUS
10
160.3804379999999981
20
-82.7144380000000012
11
160.3033869999999865
21
-82.7659209999999916
0
LINE
8
BLACK
6
CONTINUOUS
10
160.3033869999999865
20
-82.7659209999999916
11
160.2125000000000057
21
-82.7839999999999918
0
LINE
8
BLACK
6
CONTINUOUS
10
160.2125000000000057
20
-82.7839999999999918
11
159.6124999999999829
21
-82.7839999999999918
0
LINE
8
BLACK
6
CONTINUOUS
10
159.6124999999999829
20
-82.7839999999999918
11
159.5216130000000021
21
-82.7659209999999916
0
LINE
8
BLACK
6
CONTINUOUS
10
159.5216130000000021
20
-82.7659209999999916
11
159.4445619999999906
21
-82.7144380000000012
0
LINE
8
BLACK
6
CONTINUOUS
10
159.4445619999999906
20
-82.7144380000000012
11
159.3930790000000002
21
-82.6373869999999897
0
LINE
8
BLACK
6
CONTINUOUS
10
159.3930790000000002
20
-82.6373869999999897
11
159.375
21
-82.5464999999999947
0
LINE
8
BLACK
6
CONTINUOUS
10
159.375
20
-82.5464999999999947
11
159.375
21
-82.0715000000000003
0
LINE
8
BLACK
6
CONTINUOUS
10
159.375
20
-82.0715000000000003
11
159.3930790000000002
21
-81.9806129999999911
0
LINE
8
BLACK
6
CONTINUOUS
10
159.3930790000000002
20
-81.9806129999999911
11
159.4445619999999906
21
-81.9035619999999938
0
LINE
8
BLACK
6
CONTINUOUS
10
159.4445619999999906
20
-81.9035619999999938
11
159.5216130000000021
21
-81.8520790000000034
0
LINE
8
BLACK
6
CONTINUOUS
10
159.5216130000000021
20
-81.8520790000000034
11
159.6124999999999829
21
-81.8340000000000032
0
LINE
8
BLACK
6
CONTINUOUS
10
159.6124999999999829
20
-81.8340000000000032
11
160.2125000000000057
21
-81.8340000000000032
0
LINE
8
BLACK
6
CONTINUOUS
10
160.2125000000000057
20
-81.8340000000000032
11
160.3033869999999865
21
-81.8520790000000034
0
LINE
8
BLACK
6
CONTINUOUS
10
162.0283869999999808
20
-81.8520790000000034
11
162.1054379999999924
21
-81.9035619999999938
0
LINE
8
BLACK
6
CONTINUOUS
10
162.1054379999999924
20
-81.9035619999999938
11
162.1569209999999828
21
-81.9806129999999911
0
LINE
8
BLACK
6
CONTINUOUS
10
162.1569209999999828
20
-81.9806129999999911
11
162.1749999999999829
21
-82.0715000000000003
0
LINE
8
BLACK
6
CONTINUOUS
10
162.1749999999999829
20
-82.0715000000000003
11
162.1749999999999829
21
-82.5464999999999947
0
LINE
8
BLACK
6
CONTINUOUS
10
162.1749999999999829
20
-82.5464999999999947
11
162.1569209999999828
21
-82.6373869999999897
0
LINE
8
BLACK
6
CONTINUOUS
10
162.1569209999999828
20
-82.6373869999999897
11
162.1054379999999924
21
-82.7144380000000012
0
LINE
8
BLACK
6
CONTINUOUS
10
162.1054379999999924
20
-82.7144380000000012
11
162.0283869999999808
21
-82.7659209999999916
0
LINE
8
BLACK
6
CONTINUOUS
10
162.0283869999999808
20
-82.7659209999999916
11
161.9375
21
-82.7839999999999918
0
LINE
8
BLACK
6
CONTINUOUS
10
161.9375
20
-82.7839999999999918
11
161.3375000000000057
21
-82.7839999999999918
0
LINE
8
BLACK
6
CONTINUOUS
10
161.3375000000000057
20
-82.7839999999999918
11
161.2466129999999964
21
-82.7659209999999916
0
LINE
8
BLACK
6
CONTINUOUS
10
161.2466129999999964
20
-82.7659209999999916
11
161.1695619999999849
21
-82.7144380000000012
0
LINE
8
BLACK
6
CONTINUOUS
10
161.1695619999999849
20
-82.7144380000000012
11
161.1180789999999945
21
-82.6373869999999897
0
LINE
8
BLACK
6
CONTINUOUS
10
161.1180789999999945
20
-82.6373869999999897
11
161.0999999999999943
21
-82.5464999999999947
0
LINE
8
BLACK
6
CONTINUOUS
10
161.0999999999999943
20
-82.5464999999999947
11
161.0999999999999943
21
-82.0715000000000003
0
LINE
8
BLACK
6
CONTINUOUS
10
161.0999999999999943
20
-82.0715000000000003
11
161.1180789999999945
21
-81.9806129999999911
0
LINE
8
BLACK
6
CONTINUOUS
10
161.1180789999999945
20
-81.9806129999999911
11
161.1695619999999849
21
-81.9035619999999938
0
LINE
8
BLACK
6
CONTINUOUS
10
161.1695619999999849
20
-81.9035619999999938
11
161.2466129999999964
21
-81.8520790000000034
0
LINE
8
BLACK
6
CONTINUOUS
10
161.2466129999999964
20
-81.8520790000000034
11
161.3375000000000057
21
-81.8340000000000032
0
LINE
8
BLACK
6
CONTINUOUS
10
161.3375000000000057
20
-81.8340000000000032
11
161.9375
21
-81.8340000000000032
0
LINE
8
BLACK
6
CONTINUOUS
10
161.9375
20
-81.8340000000000032
11
162.0283869999999808
21
-81.8520790000000034
0
LINE
8
BLACK
6
CONTINUOUS
10
127.5956709999999958
20
-80.7800299999999964
11
127.6767770000000013
21
-80.8342229999999944
0
LINE
8
BLACK
6
CONTINUOUS
10
127.6767770000000013
20
-80.8342229999999944
11
127.7309699999999992
21
-80.9153289999999998
0
LINE
8
BLACK
6
CONTINUOUS
10
127.7309699999999992
20
-80.9153289999999998
11
127.75
21
-81.0109999999999957
0
LINE
8
BLACK
6
CONTINUOUS
10
127.75
20
-81.0109999999999957
11
127.75
21
-82.3109999999999928
0
LINE
8
BLACK
6
CONTINUOUS
10
127.75
20
-82.3109999999999928
11
127.7309699999999992
21
-82.4066710000000029
0
LINE
8
BLACK
6
CONTINUOUS
10
127.7309699999999992
20
-82.4066710000000029
11
127.6767770000000013
21
-82.4877769999999941
0
LINE
8
BLACK
6
CONTINUOUS
10
127.6767770000000013
20
-82.4877769999999941
11
127.5956709999999958
21
-82.5419699999999921
0
LINE
8
BLACK
6
CONTINUOUS
10
127.5956709999999958
20
-82.5419699999999921
11
127.5
21
-82.5609999999999928
0
LINE
8
BLACK
6
CONTINUOUS
10
127.5
20
-82.5609999999999928
11
125.5
21
-82.5609999999999928
0
LINE
8
BLACK
6
CONTINUOUS
10
125.5
20
-82.5609999999999928
11
125.4043289999999899
21
-82.5419699999999921
0
LINE
8
BLACK
6
CONTINUOUS
10
125.4043289999999899
20
-82.5419699999999921
11
125.3232229999999987
21
-82.4877769999999941
0
LINE
8
BLACK
6
CONTINUOUS
10
125.3232229999999987
20
-82.4877769999999941
11
125.2690300000000008
21
-82.4066710000000029
0
LINE
8
BLACK
6
CONTINUOUS
10
125.2690300000000008
20
-82.4066710000000029
11
125.25
21
-82.3109999999999928
0
LINE
8
BLACK
6
CONTINUOUS
10
125.25
20
-82.3109999999999928
11
125.25
21
-81.0109999999999957
0
LINE
8
BLACK
6
CONTINUOUS
10
125.25
20
-81.0109999999999957
11
125.2690300000000008
21
-80.9153289999999998
0
LINE
8
BLACK
6
CONTINUOUS
10
125.2690300000000008
20
-80.9153289999999998
11
125.3232229999999987
21
-80.8342229999999944
0
LINE
8
BLACK
6
CONTINUOUS
10
125.3232229999999987
20
-80.8342229999999944
11
125.4043289999999899
21
-80.7800299999999964
0
LINE
8
BLACK
6
CONTINUOUS
10
125.4043289999999899
20
-80.7800299999999964
11
125.5
21
-80.7609999999999957
0
LINE
8
BLACK
6
CONTINUOUS
10
125.5
20
-80.7609999999999957
11
127.5
21
-80.7609999999999957
0
LINE
8
BLACK
6
CONTINUOUS
10
127.5
20
-80.7609999999999957
11
127.5956709999999958
21
-80.7800299999999964
0
LINE
8
BLACK
6
CONTINUOUS
10
131.5956709999999816
20
-80.7800299999999964
11
131.6767769999999871
21
-80.8342229999999944
0
LINE
8
BLACK
6
CONTINUOUS
10
131.6767769999999871
20
-80.8342229999999944
11
131.730969999999985
21
-80.9153289999999998
0
LINE
8
BLACK
6
CONTINUOUS
10
131.730969999999985
20
-80.9153289999999998
11
131.75
21
-81.0109999999999957
0
LINE
8
BLACK
6
CONTINUOUS
10
131.75
20
-81.0109999999999957
11
131.75
21
-82.3109999999999928
0
LINE
8
BLACK
6
CONTINUOUS
10
131.75
20
-82.3109999999999928
11
131.730969999999985
21
-82.4066710000000029
0
LINE
8
BLACK
6
CONTINUOUS
10
131.730969999999985
20
-82.4066710000000029
11
131.6767769999999871
21
-82.4877769999999941
0
LINE
8
BLACK
6
CONTINUOUS
10
131.6767769999999871
20
-82.4877769999999941
11
131.5956709999999816
21
-82.5419699999999921
0
LINE
8
BLACK
6
CONTINUOUS
10
131.5956709999999816
20
-82.5419699999999921
11
131.5
21
-82.5609999999999928
0
LINE
8
BLACK
6
CONTINUOUS
10
131.5
20
-82.5609999999999928
11
129.5
21
-82.5609999999999928
0
LINE
8
BLACK
6
CONTINUOUS
10
129.5
20
-82.5609999999999928
11
129.4043289999999899
21
-82.5419699999999921
0
LINE
8
BLACK
6
CONTINUOUS
10
129.4043289999999899
20
-82.5419699999999921
11
129.3232229999999845
21
-82.4877769999999941
0
LINE
8
BLACK
6
CONTINUOUS
10
129.3232229999999845
20
-82.4877769999999941
11
129.2690299999999866
21
-82.4066710000000029
0
LINE
8
BLACK
6
CONTINUOUS
10
129.2690299999999866
20
-82.4066710000000029
11
129.25
21
-82.3109999999999928
0
LINE
8
BLACK
6
CONTINUOUS
10
129.25
20
-82.3109999999999928
11
129.25
21
-81.0109999999999957
0
LINE
8
BLACK
6
CONTINUOUS
10
129.25
20
-81.0109999999999957
11
129.2690299999999866
21
-80.9153289999999998
0
LINE
8
BLACK
6
CONTINUOUS
10
129.2690299999999866
20
-80.9153289999999998
11
129.3232229999999845
21
-80.8342229999999944
0
LINE
8
BLACK
6
CONTINUOUS
10
129.3232229999999845
20
-80.8342229999999944
11
129.4043289999999899
21
-80.7800299999999964
0
LINE
8
BLACK
6
CONTINUOUS
10
129.4043289999999899
20
-80.7800299999999964
11
129.5
21
-80.7609999999999957
0
LINE
8
BLACK
6
CONTINUOUS
10
129.5
20
-80.7609999999999957
11
131.5
21
-80.7609999999999957
0
LINE
8
BLACK
6
CONTINUOUS
10
131.5
20
-80.7609999999999957
11
131.5956709999999816
21
-80.7800299999999964
0
LINE
8
BLACK
6
CONTINUOUS
10
143.0899409999999818
20
-78.438958999999997
11
143.1142729999999972
21
-78.4552169999999904
0
LINE
8
BLACK
6
CONTINUOUS
10
143.1142729999999972
20
-78.4552169999999904
11
143.1305309999999906
21
-78.4795489999999916
0
LINE
8
BLACK
6
CONTINUOUS
10
143.1305309999999906
20
-78.4795489999999916
11
143.1362399999999866
21
-78.5082499999999897
0
LINE
8
BLACK
6
CONTINUOUS
10
143.1362399999999866
20
-78.5082499999999897
11
143.1362399999999866
21
-79.9582499999999925
0
LINE
8
BLACK
6
CONTINUOUS
10
143.1362399999999866
20
-79.9582499999999925
11
143.1305309999999906
21
-79.9869509999999906
0
LINE
8
BLACK
6
CONTINUOUS
10
143.1305309999999906
20
-79.9869509999999906
11
143.1142729999999972
21
-80.0112829999999917
0
LINE
8
BLACK
6
CONTINUOUS
10
143.1142729999999972
20
-80.0112829999999917
11
143.0899409999999818
21
-80.0275409999999994
0
LINE
8
BLACK
6
CONTINUOUS
10
143.0899409999999818
20
-80.0275409999999994
11
143.061239999999998
21
-80.0332499999999953
0
LINE
8
BLACK
6
CONTINUOUS
10
143.061239999999998
20
-80.0332499999999953
11
142.9112399999999923
21
-80.0332499999999953
0
LINE
8
BLACK
6
CONTINUOUS
10
142.9112399999999923
20
-80.0332499999999953
11
142.88253899999998
21
-80.0275409999999994
0
LINE
8
BLACK
6
CONTINUOUS
10
142.88253899999998
20
-80.0275409999999994
11
142.8582069999999931
21
-80.0112829999999917
0
LINE
8
BLACK
6
CONTINUOUS
10
142.8582069999999931
20
-80.0112829999999917
11
142.8419489999999996
21
-79.9869509999999906
0
LINE
8
BLACK
6
CONTINUOUS
10
142.8419489999999996
20
-79.9869509999999906
11
142.8362400000000036
21
-79.9582499999999925
0
LINE
8
BLACK
6
CONTINUOUS
10
142.8362400000000036
20
-79.9582499999999925
11
142.8362400000000036
21
-78.5082499999999897
0
LINE
8
BLACK
6
CONTINUOUS
10
142.8362400000000036
20
-78.5082499999999897
11
142.8419489999999996
21
-78.4795489999999916
0
LINE
8
BLACK
6
CONTINUOUS
10
142.8419489999999996
20
-78.4795489999999916
11
142.8582069999999931
21
-78.4552169999999904
0
LINE
8
BLACK
6
CONTINUOUS
10
142.8582069999999931
20
-78.4552169999999904
11
142.88253899999998
21
-78.438958999999997
0
LINE
8
BLACK
6
CONTINUOUS
10
142.88253899999998
20
-78.438958999999997
11
142.9112399999999923
21
-78.433250000000001
0
LINE
8
BLACK
6
CONTINUOUS
10
142.9112399999999923
20
-78.433250000000001
11
143.061239999999998
21
-78.433250000000001
0
LINE
8
BLACK
6
CONTINUOUS
10
143.061239999999998
20
-78.433250000000001
11
143.0899409999999818
21
-78.438958999999997
0
LINE
8
BLACK
6
CONTINUOUS
10
143.5899409999999818
20
-78.438958999999997
11
143.6142729999999972
21
-78.4552169999999904
0
LINE
8
BLACK
6
CONTINUOUS
10
143.6142729999999972
20
-78.4552169999999904
11
143.6305309999999906
21
-78.4795489999999916
0
LINE
8
BLACK
6
CONTINUOUS
10
143.6305309999999906
20
-78.4795489999999916
11
143.6362399999999866
21
-78.5082499999999897
0
LINE
8
BLACK
6
CONTINUOUS
10
143.6362399999999866
20
-78.5082499999999897
11
143.6362399999999866
21
-79.9582499999999925
0
LINE
8
BLACK
6
CONTINUOUS
10
143.6362399999999866
20
-79.9582499999999925
11
143.6305309999999906
21
-79.9869509999999906
0
LINE
8
BLACK
6
CONTINUOUS
10
143.6305309999999906
20
-79.9869509999999906
11
143.6142729999999972
21
-80.0112829999999917
0
LINE
8
BLACK
6
CONTINUOUS
10
143.6142729999999972
20
-80.0112829999999917
11
143.5899409999999818
21
-80.0275409999999994
0
LINE
8
BLACK
6
CONTINUOUS
10
143.5899409999999818
20
-80.0275409999999994
11
143.561239999999998
21
-80.0332499999999953
0
LINE
8
BLACK
6
CONTINUOUS
10
143.561239999999998
20
-80.0332499999999953
11
143.4112399999999923
21
-80.0332499999999953
0
LINE
8
BLACK
6
CONTINUOUS
10
143.4112399999999923
20
-80.0332499999999953
11
143.38253899999998
21
-80.0275409999999994
0
LINE
8
BLACK
6
CONTINUOUS
10
143.38253899999998
20
-80.0275409999999994
11
143.3582069999999931
21
-80.0112829999999917
0
LINE
8
BLACK
6
CONTINUOUS
10
143.3582069999999931
20
-80.0112829999999917
11
143.3419489999999996
21
-79.9869509999999906
0
LINE
8
BLACK
6
CONTINUOUS
10
143.3419489999999996
20
-79.9869509999999906
11
143.3362400000000036
21
-79.9582499999999925
0
LINE
8
BLACK
6
CONTINUOUS
10
143.3362400000000036
20
-79.9582499999999925
11
143.3362400000000036
21
-78.5082499999999897
0
LINE
8
BLACK
6
CONTINUOUS
10
143.3362400000000036
20
-78.5082499999999897
11
143.3419489999999996
21
-78.4795489999999916
0
LINE
8
BLACK
6
CONTINUOUS
10
143.3419489999999996
20
-78.4795489999999916
11
143.3582069999999931
21
-78.4552169999999904
0
LINE
8
BLACK
6
CONTINUOUS
10
143.3582069999999931
20
-78.4552169999999904
11
143.38253899999998
21
-78.438958999999997
0
LINE
8
BLACK
6
CONTINUOUS
10
143.38253899999998
20
-78.438958999999997
11
143.4112399999999923
21
-78.433250000000001
0
LINE
8
BLACK
6
CONTINUOUS
10
143.4112399999999923
20
-78.433250000000001
11
143.561239999999998
21
-78.433250000000001
0
LINE
8
BLACK
6
CONTINUOUS
10
143.561239999999998
20
-78.433250000000001
11
143.5899409999999818
21
-78.438958999999997
0
LINE
8
BLACK
6
CONTINUOUS
10
144.0899409999999818
20
-78.438958999999997
11
144.1142729999999972
21
-78.4552169999999904
0
LINE
8
BLACK
6
CONTINUOUS
10
144.1142729999999972
20
-78.4552169999999904
11
144.1305309999999906
21
-78.4795489999999916
0
LINE
8
BLACK
6
CONTINUOUS
10
144.1305309999999906
20
-78.4795489999999916
11
144.1362399999999866
21
-78.5082499999999897
0
LINE
8
BLACK
6
CONTINUOUS
10
144.1362399999999866
20
-78.5082499999999897
11
144.1362399999999866
21
-79.9582499999999925
0
LINE
8
BLACK
6
CONTINUOUS
10
144.1362399999999866
20
-79.9582499999999925
11
144.1305309999999906
21
-79.9869509999999906
0
LINE
8
BLACK
6
CONTINUOUS
10
144.1305309999999906
20
-79.9869509999999906
11
144.1142729999999972
21
-80.0112829999999917
0
LINE
8
BLACK
6
CONTINUOUS
10
144.1142729999999972
20
-80.0112829999999917
11
144.0899409999999818
21
-80.0275409999999994
0
LINE
8
BLACK
6
CONTINUOUS
10
144.0899409999999818
20
-80.0275409999999994
11
144.061239999999998
21
-80.0332499999999953
0
LINE
8
BLACK
6
CONTINUOUS
10
144.061239999999998
20
-80.0332499999999953
11
143.9112399999999923
21
-80.0332499999999953
0
LINE
8
BLACK
6
CONTINUOUS
10
143.9112399999999923
20
-80.0332499999999953
11
143.88253899999998
21
-80.0275409999999994
0
LINE
8
BLACK
6
CONTINUOUS
10
143.88253899999998
20
-80.0275409999999994
11
143.8582069999999931
21
-80.0112829999999917
0
LINE
8
BLACK
6
CONTINUOUS
10
143.8582069999999931
20
-80.0112829999999917
11
143.8419489999999996
21
-79.9869509999999906
0
LINE
8
BLACK
6
CONTINUOUS
10
143.8419489999999996
20
-79.9869509999999906
11
143.8362400000000036
21
-79.9582499999999925
0
LINE
8
BLACK
6
CONTINUOUS
10
143.8362400000000036
20
-79.9582499999999925
11
143.8362400000000036
21
-78.5082499999999897
0
LINE
8
BLACK
6
CONTINUOUS
10
143.8362400000000036
20
-78.5082499999999897
11
143.8419489999999996
21
-78.4795489999999916
0
LINE
8
BLACK
6
CONTINUOUS
10
143.8419489999999996
20
-78.4795489999999916
11
143.8582069999999931
21
-78.4552169999999904
0
LINE
8
BLACK
6
CONTINUOUS
10
143.8582069999999931
20
-78.4552169999999904
11
143.88253899999998
21
-78.438958999999997
0
LINE
8
BLACK
6
CONTINUOUS
10
143.88253899999998
20
-78.438958999999997
11
143.9112399999999923
21
-78.433250000000001
0
LINE
8
BLACK
6
CONTINUOUS
10
143.9112399999999923
20
-78.433250000000001
11
144.061239999999998
21
-78.433250000000001
0
LINE
8
BLACK
6
CONTINUOUS
10
144.061239999999998
20
-78.433250000000001
11
144.0899409999999818
21
-78.438958999999997
0
LINE
8
BLACK
6
CONTINUOUS
10
144.5899409999999818
20
-78.438958999999997
11
144.6142729999999972
21
-78.4552169999999904
0
LINE
8
BLACK
6
CONTINUOUS
10
144.6142729999999972
20
-78.4552169999999904
11
144.6305309999999906
21
-78.4795489999999916
0
LINE
8
BLACK
6
CONTINUOUS
10
144.6305309999999906
20
-78.4795489999999916
11
144.6362399999999866
21
-78.5082499999999897
0
LINE
8
BLACK
6
CONTINUOUS
10
144.6362399999999866
20
-78.5082499999999897
11
144.6362399999999866
21
-79.9582499999999925
0
LINE
8
BLACK
6
CONTINUOUS
10
144.6362399999999866
20
-79.9582499999999925
11
144.6305309999999906
21
-79.9869509999999906
0
LINE
8
BLACK
6
CONTINUOUS
10
144.6305309999999906
20
-79.9869509999999906
11
144.6142729999999972
21
-80.0112829999999917
0
LINE
8
BLACK
6
CONTINUOUS
10
144.6142729999999972
20
-80.0112829999999917
11
144.5899409999999818
21
-80.0275409999999994
0
LINE
8
BLACK
6
CONTINUOUS
10
144.5899409999999818
20
-80.0275409999999994
11
144.561239999999998
21
-80.0332499999999953
0
LINE
8
BLACK
6
CONTINUOUS
10
144.561239999999998
20
-80.0332499999999953
11
144.4112399999999923
21
-80.0332499999999953
0
LINE
8
BLACK
6
CONTINUOUS
10
144.4112399999999923
20
-80.0332499999999953
11
144.38253899999998
21
-80.0275409999999994
0
LINE
8
BLACK
6
CONTINUOUS
10
144.38253899999998
20
-80.0275409999999994
11
144.3582069999999931
21
-80.0112829999999917
0
LINE
8
BLACK
6
CONTINUOUS
10
144.3582069999999931
20
-80.0112829999999917
11
144.3419489999999996
21
-79.9869509999999906
0
LINE
8
BLACK
6
CONTINUOUS
10
144.3419489999999996
20
-79.9869509999999906
11
144.3362400000000036
21
-79.9582499999999925
0
LINE
8
BLACK
6
CONTINUOUS
10
144.3362400000000036
20
-79.9582499999999925
11
144.3362400000000036
21
-78.5082499999999897
0
LINE
8
BLACK
6
CONTINUOUS
10
144.3362400000000036
20
-78.5082499999999897
11
144.3419489999999996
21
-78.4795489999999916
0
LINE
8
BLACK
6
CONTINUOUS
10
144.3419489999999996
20
-78.4795489999999916
11
144.3582069999999931
21
-78.4552169999999904
0
LINE
8
BLACK
6
CONTINUOUS
10
144.3582069999999931
20
-78.4552169999999904
11
144.38253899999998
21
-78.438958999999997
0
LINE
8
BLACK
6
CONTINUOUS
10
144.38253899999998
20
-78.438958999999997
11
144.4112399999999923
21
-78.433250000000001
0
LINE
8
BLACK
6
CONTINUOUS
10
144.4112399999999923
20
-78.433250000000001
11
144.561239999999998
21
-78.433250000000001
0
LINE
8
BLACK
6
CONTINUOUS
10
144.561239999999998
20
-78.433250000000001
11
144.5899409999999818
21
-78.438958999999997
0
LINE
8
BLACK
6
CONTINUOUS
10
145.0899409999999818
20
-78.438958999999997
11
145.1142729999999972
21
-78.4552169999999904
0
LINE
8
BLACK
6
CONTINUOUS
10
145.1142729999999972
20
-78.4552169999999904
11
145.1305309999999906
21
-78.4795489999999916
0
LINE
8
BLACK
6
CONTINUOUS
10
145.1305309999999906
20
-78.4795489999999916
11
145.1362399999999866
21
-78.5082499999999897
0
LINE
8
BLACK
6
CONTINUOUS
10
145.1362399999999866
20
-78.5082499999999897
11
145.1362399999999866
21
-79.9582499999999925
0
LINE
8
BLACK
6
CONTINUOUS
10
145.1362399999999866
20
-79.9582499999999925
11
145.1305309999999906
21
-79.9869509999999906
0
LINE
8
BLACK
6
CONTINUOUS
10
145.1305309999999906
20
-79.9869509999999906
11
145.1142729999999972
21
-80.0112829999999917
0
LINE
8
BLACK
6
CONTINUOUS
10
145.1142729999999972
20
-80.0112829999999917
11
145.0899409999999818
21
-80.0275409999999994
0
LINE
8
BLACK
6
CONTINUOUS
10
145.0899409999999818
20
-80.0275409999999994
11
145.061239999999998
21
-80.0332499999999953
0
LINE
8
BLACK
6
CONTINUOUS
10
145.061239999999998
20
-80.0332499999999953
11
144.9112399999999923
21
-80.0332499999999953
0
LINE
8
BLACK
6
CONTINUOUS
10
144.9112399999999923
20
-80.0332499999999953
11
144.88253899999998
21
-80.0275409999999994
0
LINE
8
BLACK
6
CONTINUOUS
10
144.88253899999998
20
-80.0275409999999994
11
144.8582069999999931
21
-80.0112829999999917
0
LINE
8
BLACK
6
CONTINUOUS
10
144.8582069999999931
20
-80.0112829999999917
11
144.8419489999999996
21
-79.9869509999999906
0
LINE
8
BLACK
6
CONTINUOUS
10
144.8419489999999996
20
-79.9869509999999906
11
144.8362400000000036
21
-79.9582499999999925
0
LINE
8
BLACK
6
CONTINUOUS
10
144.8362400000000036
20
-79.9582499999999925
11
144.8362400000000036
21
-78.5082499999999897
0
LINE
8
BLACK
6
CONTINUOUS
10
144.8362400000000036
20
-78.5082499999999897
11
144.8419489999999996
21
-78.4795489999999916
0
LINE
8
BLACK
6
CONTINUOUS
10
144.8419489999999996
20
-78.4795489999999916
11
144.8582069999999931
21
-78.4552169999999904
0
LINE
8
BLACK
6
CONTINUOUS
10
144.8582069999999931
20
-78.4552169999999904
11
144.88253899999998
21
-78.438958999999997
0
LINE
8
BLACK
6
CONTINUOUS
10
144.88253899999998
20
-78.438958999999997
11
144.9112399999999923
21
-78.433250000000001
0
LINE
8
BLACK
6
CONTINUOUS
10
144.9112399999999923
20
-78.433250000000001
11
145.061239999999998
21
-78.433250000000001
0
LINE
8
BLACK
6
CONTINUOUS
10
145.061239999999998
20
-78.433250000000001
11
145.0899409999999818
21
-78.438958999999997
0
LINE
8
BLACK
6
CONTINUOUS
10
145.5899409999999818
20
-78.438958999999997
11
145.6142729999999972
21
-78.4552169999999904
0
LINE
8
BLACK
6
CONTINUOUS
10
145.6142729999999972
20
-78.4552169999999904
11
145.6305309999999906
21
-78.4795489999999916
0
LINE
8
BLACK
6
CONTINUOUS
10
145.6305309999999906
20
-78.4795489999999916
11
145.6362399999999866
21
-78.5082499999999897
0
LINE
8
BLACK
6
CONTINUOUS
10
145.6362399999999866
20
-78.5082499999999897
11
145.6362399999999866
21
-79.9582499999999925
0
LINE
8
BLACK
6
CONTINUOUS
10
145.6362399999999866
20
-79.9582499999999925
11
145.6305309999999906
21
-79.9869509999999906
0
LINE
8
BLACK
6
CONTINUOUS
10
145.6305309999999906
20
-79.9869509999999906
11
145.6142729999999972
21
-80.0112829999999917
0
LINE
8
BLACK
6
CONTINUOUS
10
145.6142729999999972
20
-80.0112829999999917
11
145.5899409999999818
21
-80.0275409999999994
0
LINE
8
BLACK
6
CONTINUOUS
10
145.5899409999999818
20
-80.0275409999999994
11
145.561239999999998
21
-80.0332499999999953
0
LINE
8
BLACK
6
CONTINUOUS
10
145.561239999999998
20
-80.0332499999999953
11
145.4112399999999923
21
-80.0332499999999953
0
LINE
8
BLACK
6
CONTINUOUS
10
145.4112399999999923
20
-80.0332499999999953
11
145.38253899999998
21
-80.0275409999999994
0
LINE
8
BLACK
6
CONTINUOUS
10
145.38253899999998
20
-80.0275409999999994
11
145.3582069999999931
21
-80.0112829999999917
0
LINE
8
BLACK
6
CONTINUOUS
10
145.3582069999999931
20
-80.0112829999999917
11
145.3419489999999996
21
-79.9869509999999906
0
LINE
8
BLACK
6
CONTINUOUS
10
145.3419489999999996
20
-79.9869509999999906
11
145.3362400000000036
21
-79.9582499999999925
0
LINE
8
BLACK
6
CONTINUOUS
10
145.3362400000000036
20
-79.9582499999999925
11
145.3362400000000036
21
-78.5082499999999897
0
LINE
8
BLACK
6
CONTINUOUS
10
145.3362400000000036
20
-78.5082499999999897
11
145.3419489999999996
21
-78.4795489999999916
0
LINE
8
BLACK
6
CONTINUOUS
10
145.3419489999999996
20
-78.4795489999999916
11
145.3582069999999931
21
-78.4552169999999904
0
LINE
8
BLACK
6
CONTINUOUS
10
145.3582069999999931
20
-78.4552169999999904
11
145.38253899999998
21
-78.438958999999997
0
LINE
8
BLACK
6
CONTINUOUS
10
145.38253899999998
20
-78.438958999999997
11
145.4112399999999923
21
-78.433250000000001
0
LINE
8
BLACK
6
CONTINUOUS
10
145.4112399999999923
20
-78.433250000000001
11
145.561239999999998
21
-78.433250000000001
0
LINE
8
BLACK
6
CONTINUOUS
10
145.561239999999998
20
-78.433250000000001
11
145.5899409999999818
21
-78.438958999999997
0
LINE
8
BLACK
6
CONTINUOUS
10
146.0899409999999818
20
-78.438958999999997
11
146.1142729999999972
21
-78.4552169999999904
0
LINE
8
BLACK
6
CONTINUOUS
10
146.1142729999999972
20
-78.4552169999999904
11
146.1305309999999906
21
-78.4795489999999916
0
LINE
8
BLACK
6
CONTINUOUS
10
146.1305309999999906
20
-78.4795489999999916
11
146.1362399999999866
21
-78.5082499999999897
0
LINE
8
BLACK
6
CONTINUOUS
10
146.1362399999999866
20
-78.5082499999999897
11
146.1362399999999866
21
-79.9582499999999925
0
LINE
8
BLACK
6
CONTINUOUS
10
146.1362399999999866
20
-79.9582499999999925
11
146.1305309999999906
21
-79.9869509999999906
0
LINE
8
BLACK
6
CONTINUOUS
10
146.1305309999999906
20
-79.9869509999999906
11
146.1142729999999972
21
-80.0112829999999917
0
LINE
8
BLACK
6
CONTINUOUS
10
146.1142729999999972
20
-80.0112829999999917
11
146.0899409999999818
21
-80.0275409999999994
0
LINE
8
BLACK
6
CONTINUOUS
10
146.0899409999999818
20
-80.0275409999999994
11
146.061239999999998
21
-80.0332499999999953
0
LINE
8
BLACK
6
CONTINUOUS
10
146.061239999999998
20
-80.0332499999999953
11
145.9112399999999923
21
-80.0332499999999953
0
LINE
8
BLACK
6
CONTINUOUS
10
145.9112399999999923
20
-80.0332499999999953
11
145.88253899999998
21
-80.0275409999999994
0
LINE
8
BLACK
6
CONTINUOUS
10
145.88253899999998
20
-80.0275409999999994
11
145.8582069999999931
21
-80.0112829999999917
0
LINE
8
BLACK
6
CONTINUOUS
10
145.8582069999999931
20
-80.0112829999999917
11
145.8419489999999996
21
-79.9869509999999906
0
LINE
8
BLACK
6
CONTINUOUS
10
145.8419489999999996
20
-79.9869509999999906
11
145.8362400000000036
21
-79.9582499999999925
0
LINE
8
BLACK
6
CONTINUOUS
10
145.8362400000000036
20
-79.9582499999999925
11
145.8362400000000036
21
-78.5082499999999897
0
LINE
8
BLACK
6
CONTINUOUS
10
145.8362400000000036
20
-78.5082499999999897
11
145.8419489999999996
21
-78.4795489999999916
0
LINE
8
BLACK
6
CONTINUOUS
10
145.8419489999999996
20
-78.4795489999999916
11
145.8582069999999931
21
-78.4552169999999904
0
LINE
8
BLACK
6
CONTINUOUS
10
145.8582069999999931
20
-78.4552169999999904
11
145.88253899999998
21
-78.438958999999997
0
LINE
8
BLACK
6
CONTINUOUS
10
145.88253899999998
20
-78.438958999999997
11
145.9112399999999923
21
-78.433250000000001
0
LINE
8
BLACK
6
CONTINUOUS
10
145.9112399999999923
20
-78.433250000000001
11
146.061239999999998
21
-78.433250000000001
0
LINE
8
BLACK
6
CONTINUOUS
10
146.061239999999998
20
-78.433250000000001
11
146.0899409999999818
21
-78.438958999999997
0
LINE
8
BLACK
6
CONTINUOUS
10
146.5899409999999818
20
-78.438958999999997
11
146.6142729999999972
21
-78.4552169999999904
0
LINE
8
BLACK
6
CONTINUOUS
10
146.6142729999999972
20
-78.4552169999999904
11
146.6305309999999906
21
-78.4795489999999916
0
LINE
8
BLACK
6
CONTINUOUS
10
146.6305309999999906
20
-78.4795489999999916
11
146.6362399999999866
21
-78.5082499999999897
0
LINE
8
BLACK
6
CONTINUOUS
10
146.6362399999999866
20
-78.5082499999999897
11
146.6362399999999866
21
-79.9582499999999925
0
LINE
8
BLACK
6
CONTINUOUS
10
146.6362399999999866
20
-79.9582499999999925
11
146.6305309999999906
21
-79.9869509999999906
0
LINE
8
BLACK
6
CONTINUOUS
10
146.6305309999999906
20
-79.9869509999999906
11
146.6142729999999972
21
-80.0112829999999917
0
LINE
8
BLACK
6
CONTINUOUS
10
146.6142729999999972
20
-80.0112829999999917
11
146.5899409999999818
21
-80.0275409999999994
0
LINE
8
BLACK
6
CONTINUOUS
10
146.5899409999999818
20
-80.0275409999999994
11
146.561239999999998
21
-80.0332499999999953
0
LINE
8
BLACK
6
CONTINUOUS
10
146.561239999999998
20
-80.0332499999999953
11
146.4112399999999923
21
-80.0332499999999953
0
LINE
8
BLACK
6
CONTINUOUS
10
146.4112399999999923
20
-80.0332499999999953
11
146.38253899999998
21
-80.0275409999999994
0
LINE
8
BLACK
6
CONTINUOUS
10
146.38253899999998
20
-80.0275409999999994
11
146.3582069999999931
21
-80.0112829999999917
0
LINE
8
BLACK
6
CONTINUOUS
10
146.3582069999999931
20
-80.0112829999999917
11
146.3419489999999996
21
-79.9869509999999906
0
LINE
8
BLACK
6
CONTINUOUS
10
146.3419489999999996
20
-79.9869509999999906
11
146.3362400000000036
21
-79.9582499999999925
0
LINE
8
BLACK
6
CONTINUOUS
10
146.3362400000000036
20
-79.9582499999999925
11
146.3362400000000036
21
-78.5082499999999897
0
LINE
8
BLACK
6
CONTINUOUS
10
146.3362400000000036
20
-78.5082499999999897
11
146.3419489999999996
21
-78.4795489999999916
0
LINE
8
BLACK
6
CONTINUOUS
10
146.3419489999999996
20
-78.4795489999999916
11
146.3582069999999931
21
-78.4552169999999904
0
LINE
8
BLACK
6
CONTINUOUS
10
146.3582069999999931
20
-78.4552169999999904
11
146.38253899999998
21
-78.438958999999997
0
LINE
8
BLACK
6
CONTINUOUS
10
146.38253899999998
20
-78.438958999999997
11
146.4112399999999923
21
-78.433250000000001
0
LINE
8
BLACK
6
CONTINUOUS
10
146.4112399999999923
20
-78.433250000000001
11
146.561239999999998
21
-78.433250000000001
0
LINE
8
BLACK
6
CONTINUOUS
10
146.561239999999998
20
-78.433250000000001
11
146.5899409999999818
21
-78.438958999999997
0
LINE
8
BLACK
6
CONTINUOUS
10
147.0899409999999818
20
-78.438958999999997
11
147.1142729999999972
21
-78.4552169999999904
0
LINE
8
BLACK
6
CONTINUOUS
10
147.1142729999999972
20
-78.4552169999999904
11
147.1305309999999906
21
-78.4795489999999916
0
LINE
8
BLACK
6
CONTINUOUS
10
147.1305309999999906
20
-78.4795489999999916
11
147.1362399999999866
21
-78.5082499999999897
0
LINE
8
BLACK
6
CONTINUOUS
10
147.1362399999999866
20
-78.5082499999999897
11
147.1362399999999866
21
-79.9582499999999925
0
LINE
8
BLACK
6
CONTINUOUS
10
147.1362399999999866
20
-79.9582499999999925
11
147.1305309999999906
21
-79.9869509999999906
0
LINE
8
BLACK
6
CONTINUOUS
10
147.1305309999999906
20
-79.9869509999999906
11
147.1142729999999972
21
-80.0112829999999917
0
LINE
8
BLACK
6
CONTINUOUS
10
147.1142729999999972
20
-80.0112829999999917
11
147.0899409999999818
21
-80.0275409999999994
0
LINE
8
BLACK
6
CONTINUOUS
10
147.0899409999999818
20
-80.0275409999999994
11
147.061239999999998
21
-80.0332499999999953
0
LINE
8
BLACK
6
CONTINUOUS
10
147.061239999999998
20
-80.0332499999999953
11
146.9112399999999923
21
-80.0332499999999953
0
LINE
8
BLACK
6
CONTINUOUS
10
146.9112399999999923
20
-80.0332499999999953
11
146.88253899999998
21
-80.0275409999999994
0
LINE
8
BLACK
6
CONTINUOUS
10
146.88253899999998
20
-80.0275409999999994
11
146.8582069999999931
21
-80.0112829999999917
0
LINE
8
BLACK
6
CONTINUOUS
10
146.8582069999999931
20
-80.0112829999999917
11
146.8419489999999996
21
-79.9869509999999906
0
LINE
8
BLACK
6
CONTINUOUS
10
146.8419489999999996
20
-79.9869509999999906
11
146.8362400000000036
21
-79.9582499999999925
0
LINE
8
BLACK
6
CONTINUOUS
10
146.8362400000000036
20
-79.9582499999999925
11
146.8362400000000036
21
-78.5082499999999897
0
LINE
8
BLACK
6
CONTINUOUS
10
146.8362400000000036
20
-78.5082499999999897
11
146.8419489999999996
21
-78.4795489999999916
0
LINE
8
BLACK
6
CONTINUOUS
10
146.8419489999999996
20
-78.4795489999999916
11
146.8582069999999931
21
-78.4552169999999904
0
LINE
8
BLACK
6
CONTINUOUS
10
146.8582069999999931
20
-78.4552169999999904
11
146.88253899999998
21
-78.438958999999997
0
LINE
8
BLACK
6
CONTINUOUS
10
146.88253899999998
20
-78.438958999999997
11
146.9112399999999923
21
-78.433250000000001
0
LINE
8
BLACK
6
CONTINUOUS
10
146.9112399999999923
20
-78.433250000000001
11
147.061239999999998
21
-78.433250000000001
0
LINE
8
BLACK
6
CONTINUOUS
10
147.061239999999998
20
-78.433250000000001
11
147.0899409999999818
21
-78.438958999999997
0
LINE
8
BLACK
6
CONTINUOUS
10
147.5899409999999818
20
-78.438958999999997
11
147.6142729999999972
21
-78.4552169999999904
0
LINE
8
BLACK
6
CONTINUOUS
10
147.6142729999999972
20
-78.4552169999999904
11
147.6305309999999906
21
-78.4795489999999916
0
LINE
8
BLACK
6
CONTINUOUS
10
147.6305309999999906
20
-78.4795489999999916
11
147.6362399999999866
21
-78.5082499999999897
0
LINE
8
BLACK
6
CONTINUOUS
10
147.6362399999999866
20
-78.5082499999999897
11
147.6362399999999866
21
-79.9582499999999925
0
LINE
8
BLACK
6
CONTINUOUS
10
147.6362399999999866
20
-79.9582499999999925
11
147.6305309999999906
21
-79.9869509999999906
0
LINE
8
BLACK
6
CONTINUOUS
10
147.6305309999999906
20
-79.9869509999999906
11
147.6142729999999972
21
-80.0112829999999917
0
LINE
8
BLACK
6
CONTINUOUS
10
147.6142729999999972
20
-80.0112829999999917
11
147.5899409999999818
21
-80.0275409999999994
0
LINE
8
BLACK
6
CONTINUOUS
10
147.5899409999999818
20
-80.0275409999999994
11
147.561239999999998
21
-80.0332499999999953
0
LINE
8
BLACK
6
CONTINUOUS
10
147.561239999999998
20
-80.0332499999999953
11
147.4112399999999923
21
-80.0332499999999953
0
LINE
8
BLACK
6
CONTINUOUS
10
147.4112399999999923
20
-80.0332499999999953
11
147.38253899999998
21
-80.0275409999999994
0
LINE
8
BLACK
6
CONTINUOUS
10
147.38253899999998
20
-80.0275409999999994
11
147.3582069999999931
21
-80.0112829999999917
0
LINE
8
BLACK
6
CONTINUOUS
10
147.3582069999999931
20
-80.0112829999999917
11
147.3419489999999996
21
-79.9869509999999906
0
LINE
8
BLACK
6
CONTINUOUS
10
147.3419489999999996
20
-79.9869509999999906
11
147.3362400000000036
21
-79.9582499999999925
0
LINE
8
BLACK
6
CONTINUOUS
10
147.3362400000000036
20
-79.9582499999999925
11
147.3362400000000036
21
-78.5082499999999897
0
LINE
8
BLACK
6
CONTINUOUS
10
147.3362400000000036
20
-78.5082499999999897
11
147.3419489999999996
21
-78.4795489999999916
0
LINE
8
BLACK
6
CONTINUOUS
10
147.3419489999999996
20
-78.4795489999999916
11
147.3582069999999931
21
-78.4552169999999904
0
LINE
8
BLACK
6
CONTINUOUS
10
147.3582069999999931
20
-78.4552169999999904
11
147.38253899999998
21
-78.438958999999997
0
LINE
8
BLACK
6
CONTINUOUS
10
147.38253899999998
20
-78.438958999999997
11
147.4112399999999923
21
-78.433250000000001
0
LINE
8
BLACK
6
CONTINUOUS
10
147.4112399999999923
20
-78.433250000000001
11
147.561239999999998
21
-78.433250000000001
0
LINE
8
BLACK
6
CONTINUOUS
10
147.561239999999998
20
-78.433250000000001
11
147.5899409999999818
21
-78.438958999999997
0
LINE
8
BLACK
6
CONTINUOUS
10
148.0899409999999818
20
-78.438958999999997
11
148.1142729999999972
21
-78.4552169999999904
0
LINE
8
BLACK
6
CONTINUOUS
10
148.1142729999999972
20
-78.4552169999999904
11
148.1305309999999906
21
-78.4795489999999916
0
LINE
8
BLACK
6
CONTINUOUS
10
148.1305309999999906
20
-78.4795489999999916
11
148.1362399999999866
21
-78.5082499999999897
0
LINE
8
BLACK
6
CONTINUOUS
10
148.1362399999999866
20
-78.5082499999999897
11
148.1362399999999866
21
-79.9582499999999925
0
LINE
8
BLACK
6
CONTINUOUS
10
148.1362399999999866
20
-79.9582499999999925
11
148.1305309999999906
21
-79.9869509999999906
0
LINE
8
BLACK
6
CONTINUOUS
10
148.1305309999999906
20
-79.9869509999999906
11
148.1142729999999972
21
-80.0112829999999917
0
LINE
8
BLACK
6
CONTINUOUS
10
148.1142729999999972
20
-80.0112829999999917
11
148.0899409999999818
21
-80.0275409999999994
0
LINE
8
BLACK
6
CONTINUOUS
10
148.0899409999999818
20
-80.0275409999999994
11
148.061239999999998
21
-80.0332499999999953
0
LINE
8
BLACK
6
CONTINUOUS
10
148.061239999999998
20
-80.0332499999999953
11
147.9112399999999923
21
-80.0332499999999953
0
LINE
8
BLACK
6
CONTINUOUS
10
147.9112399999999923
20
-80.0332499999999953
11
147.88253899999998
21
-80.0275409999999994
0
LINE
8
BLACK
6
CONTINUOUS
10
147.88253899999998
20
-80.0275409999999994
11
147.8582069999999931
21
-80.0112829999999917
0
LINE
8
BLACK
6
CONTINUOUS
10
147.8582069999999931
20
-80.0112829999999917
11
147.8419489999999996
21
-79.9869509999999906
0
LINE
8
BLACK
6
CONTINUOUS
10
147.8419489999999996
20
-79.9869509999999906
11
147.8362400000000036
21
-79.9582499999999925
0
LINE
8
BLACK
6
CONTINUOUS
10
147.8362400000000036
20
-79.9582499999999925
11
147.8362400000000036
21
-78.5082499999999897
0
LINE
8
BLACK
6
CONTINUOUS
10
147.8362400000000036
20
-78.5082499999999897
11
147.8419489999999996
21
-78.4795489999999916
0
LINE
8
BLACK
6
CONTINUOUS
10
147.8419489999999996
20
-78.4795489999999916
11
147.8582069999999931
21
-78.4552169999999904
0
LINE
8
BLACK
6
CONTINUOUS
10
147.8582069999999931
20
-78.4552169999999904
11
147.88253899999998
21
-78.438958999999997
0
LINE
8
BLACK
6
CONTINUOUS
10
147.88253899999998
20
-78.438958999999997
11
147.9112399999999923
21
-78.433250000000001
0
LINE
8
BLACK
6
CONTINUOUS
10
147.9112399999999923
20
-78.433250000000001
11
148.061239999999998
21
-78.433250000000001
0
LINE
8
BLACK
6
CONTINUOUS
10
148.061239999999998
20
-78.433250000000001
11
148.0899409999999818
21
-78.438958999999997
0
LINE
8
BLACK
6
CONTINUOUS
10
148.5899409999999818
20
-78.438958999999997
11
148.6142729999999972
21
-78.4552169999999904
0
LINE
8
BLACK
6
CONTINUOUS
10
148.6142729999999972
20
-78.4552169999999904
11
148.6305309999999906
21
-78.4795489999999916
0
LINE
8
BLACK
6
CONTINUOUS
10
148.6305309999999906
20
-78.4795489999999916
11
148.6362399999999866
21
-78.5082499999999897
0
LINE
8
BLACK
6
CONTINUOUS
10
148.6362399999999866
20
-78.5082499999999897
11
148.6362399999999866
21
-79.9582499999999925
0
LINE
8
BLACK
6
CONTINUOUS
10
148.6362399999999866
20
-79.9582499999999925
11
148.6305309999999906
21
-79.9869509999999906
0
LINE
8
BLACK
6
CONTINUOUS
10
148.6305309999999906
20
-79.9869509999999906
11
148.6142729999999972
21
-80.0112829999999917
0
LINE
8
BLACK
6
CONTINUOUS
10
148.6142729999999972
20
-80.0112829999999917
11
148.5899409999999818
21
-80.0275409999999994
0
LINE
8
BLACK
6
CONTINUOUS
10
148.5899409999999818
20
-80.0275409999999994
11
148.561239999999998
21
-80.0332499999999953
0
LINE
8
BLACK
6
CONTINUOUS
10
148.561239999999998
20
-80.0332499999999953
11
148.4112399999999923
21
-80.0332499999999953
0
LINE
8
BLACK
6
CONTINUOUS
10
148.4112399999999923
20
-80.0332499999999953
11
148.38253899999998
21
-80.0275409999999994
0
LINE
8
BLACK
6
CONTINUOUS
10
148.38253899999998
20
-80.0275409999999994
11
148.3582069999999931
21
-80.0112829999999917
0
LINE
8
BLACK
6
CONTINUOUS
10
148.3582069999999931
20
-80.0112829999999917
11
148.3419489999999996
21
-79.9869509999999906
0
LINE
8
BLACK
6
CONTINUOUS
10
148.3419489999999996
20
-79.9869509999999906
11
148.3362400000000036
21
-79.9582499999999925
0
LINE
8
BLACK
6
CONTINUOUS
10
148.3362400000000036
20
-79.9582499999999925
11
148.3362400000000036
21
-78.5082499999999897
0
LINE
8
BLACK
6
CONTINUOUS
10
148.3362400000000036
20
-78.5082499999999897
11
148.3419489999999996
21
-78.4795489999999916
0
LINE
8
BLACK
6
CONTINUOUS
10
148.3419489999999996
20
-78.4795489999999916
11
148.3582069999999931
21
-78.4552169999999904
0
LINE
8
BLACK
6
CONTINUOUS
10
148.3582069999999931
20
-78.4552169999999904
11
148.38253899999998
21
-78.438958999999997
0
LINE
8
BLACK
6
CONTINUOUS
10
148.38253899999998
20
-78.438958999999997
11
148.4112399999999923
21
-78.433250000000001
0
LINE
8
BLACK
6
CONTINUOUS
10
148.4112399999999923
20
-78.433250000000001
11
148.561239999999998
21
-78.433250000000001
0
LINE
8
BLACK
6
CONTINUOUS
10
148.561239999999998
20
-78.433250000000001
11
148.5899409999999818
21
-78.438958999999997
0
LINE
8
BLACK
6
CONTINUOUS
10
149.0899409999999818
20
-78.438958999999997
11
149.1142729999999972
21
-78.4552169999999904
0
LINE
8
BLACK
6
CONTINUOUS
10
149.1142729999999972
20
-78.4552169999999904
11
149.1305309999999906
21
-78.4795489999999916
0
LINE
8
BLACK
6
CONTINUOUS
10
149.1305309999999906
20
-78.4795489999999916
11
149.1362399999999866
21
-78.5082499999999897
0
LINE
8
BLACK
6
CONTINUOUS
10
149.1362399999999866
20
-78.5082499999999897
11
149.1362399999999866
21
-79.9582499999999925
0
LINE
8
BLACK
6
CONTINUOUS
10
149.1362399999999866
20
-79.9582499999999925
11
149.1305309999999906
21
-79.9869509999999906
0
LINE
8
BLACK
6
CONTINUOUS
10
149.1305309999999906
20
-79.9869509999999906
11
149.1142729999999972
21
-80.0112829999999917
0
LINE
8
BLACK
6
CONTINUOUS
10
149.1142729999999972
20
-80.0112829999999917
11
149.0899409999999818
21
-80.0275409999999994
0
LINE
8
BLACK
6
CONTINUOUS
10
149.0899409999999818
20
-80.0275409999999994
11
149.061239999999998
21
-80.0332499999999953
0
LINE
8
BLACK
6
CONTINUOUS
10
149.061239999999998
20
-80.0332499999999953
11
148.9112399999999923
21
-80.0332499999999953
0
LINE
8
BLACK
6
CONTINUOUS
10
148.9112399999999923
20
-80.0332499999999953
11
148.88253899999998
21
-80.0275409999999994
0
LINE
8
BLACK
6
CONTINUOUS
10
148.88253899999998
20
-80.0275409999999994
11
148.8582069999999931
21
-80.0112829999999917
0
LINE
8
BLACK
6
CONTINUOUS
10
148.8582069999999931
20
-80.0112829999999917
11
148.8419489999999996
21
-79.9869509999999906
0
LINE
8
BLACK
6
CONTINUOUS
10
148.8419489999999996
20
-79.9869509999999906
11
148.8362400000000036
21
-79.9582499999999925
0
LINE
8
BLACK
6
CONTINUOUS
10
148.8362400000000036
20
-79.9582499999999925
11
148.8362400000000036
21
-78.5082499999999897
0
LINE
8
BLACK
6
CONTINUOUS
10
148.8362400000000036
20
-78.5082499999999897
11
148.8419489999999996
21
-78.4795489999999916
0
LINE
8
BLACK
6
CONTINUOUS
10
148.8419489999999996
20
-78.4795489999999916
11
148.8582069999999931
21
-78.4552169999999904
0
LINE
8
BLACK
6
CONTINUOUS
10
148.8582069999999931
20
-78.4552169999999904
11
148.88253899999998
21
-78.438958999999997
0
LINE
8
BLACK
6
CONTINUOUS
10
148.88253899999998
20
-78.438958999999997
11
148.9112399999999923
21
-78.433250000000001
0
LINE
8
BLACK
6
CONTINUOUS
10
148.9112399999999923
20
-78.433250000000001
11
149.061239999999998
21
-78.433250000000001
0
LINE
8
BLACK
6
CONTINUOUS
10
149.061239999999998
20
-78.433250000000001
11
149.0899409999999818
21
-78.438958999999997
0
LINE
8
BLACK
6
CONTINUOUS
10
149.5899409999999818
20
-78.438958999999997
11
149.6142729999999972
21
-78.4552169999999904
0
LINE
8
BLACK
6
CONTINUOUS
10
149.6142729999999972
20
-78.4552169999999904
11
149.6305309999999906
21
-78.4795489999999916
0
LINE
8
BLACK
6
CONTINUOUS
10
149.6305309999999906
20
-78.4795489999999916
11
149.6362399999999866
21
-78.5082499999999897
0
LINE
8
BLACK
6
CONTINUOUS
10
149.6362399999999866
20
-78.5082499999999897
11
149.6362399999999866
21
-79.9582499999999925
0
LINE
8
BLACK
6
CONTINUOUS
10
149.6362399999999866
20
-79.9582499999999925
11
149.6305309999999906
21
-79.9869509999999906
0
LINE
8
BLACK
6
CONTINUOUS
10
149.6305309999999906
20
-79.9869509999999906
11
149.6142729999999972
21
-80.0112829999999917
0
LINE
8
BLACK
6
CONTINUOUS
10
149.6142729999999972
20
-80.0112829999999917
11
149.5899409999999818
21
-80.0275409999999994
0
LINE
8
BLACK
6
CONTINUOUS
10
149.5899409999999818
20
-80.0275409999999994
11
149.561239999999998
21
-80.0332499999999953
0
LINE
8
BLACK
6
CONTINUOUS
10
149.561239999999998
20
-80.0332499999999953
11
149.4112399999999923
21
-80.0332499999999953
0
LINE
8
BLACK
6
CONTINUOUS
10
149.4112399999999923
20
-80.0332499999999953
11
149.38253899999998
21
-80.0275409999999994
0
LINE
8
BLACK
6
CONTINUOUS
10
149.38253899999998
20
-80.0275409999999994
11
149.3582069999999931
21
-80.0112829999999917
0
LINE
8
BLACK
6
CONTINUOUS
10
149.3582069999999931
20
-80.0112829999999917
11
149.3419489999999996
21
-79.9869509999999906
0
LINE
8
BLACK
6
CONTINUOUS
10
149.3419489999999996
20
-79.9869509999999906
11
149.3362400000000036
21
-79.9582499999999925
0
LINE
8
BLACK
6
CONTINUOUS
10
149.3362400000000036
20
-79.9582499999999925
11
149.3362400000000036
21
-78.5082499999999897
0
LINE
8
BLACK
6
CONTINUOUS
10
149.3362400000000036
20
-78.5082499999999897
11
149.3419489999999996
21
-78.4795489999999916
0
LINE
8
BLACK
6
CONTINUOUS
10
149.3419489999999996
20
-78.4795489999999916
11
149.3582069999999931
21
-78.4552169999999904
0
LINE
8
BLACK
6
CONTINUOUS
10
149.3582069999999931
20
-78.4552169999999904
11
149.38253899999998
21
-78.438958999999997
0
LINE
8
BLACK
6
CONTINUOUS
10
149.38253899999998
20
-78.438958999999997
11
149.4112399999999923
21
-78.433250000000001
0
LINE
8
BLACK
6
CONTINUOUS
10
149.4112399999999923
20
-78.433250000000001
11
149.561239999999998
21
-78.433250000000001
0
LINE
8
BLACK
6
CONTINUOUS
10
149.561239999999998
20
-78.433250000000001
11
149.5899409999999818
21
-78.438958999999997
0
LINE
8
BLACK
6
CONTINUOUS
10
150.0899409999999818
20
-78.438958999999997
11
150.1142729999999972
21
-78.4552169999999904
0
LINE
8
BLACK
6
CONTINUOUS
10
150.1142729999999972
20
-78.4552169999999904
11
150.1305309999999906
21
-78.4795489999999916
0
LINE
8
BLACK
6
CONTINUOUS
10
150.1305309999999906
20
-78.4795489999999916
11
150.1362399999999866
21
-78.5082499999999897
0
LINE
8
BLACK
6
CONTINUOUS
10
150.1362399999999866
20
-78.5082499999999897
11
150.1362399999999866
21
-79.9582499999999925
0
LINE
8
BLACK
6
CONTINUOUS
10
150.1362399999999866
20
-79.9582499999999925
11
150.1305309999999906
21
-79.9869509999999906
0
LINE
8
BLACK
6
CONTINUOUS
10
150.1305309999999906
20
-79.9869509999999906
11
150.1142729999999972
21
-80.0112829999999917
0
LINE
8
BLACK
6
CONTINUOUS
10
150.1142729999999972
20
-80.0112829999999917
11
150.0899409999999818
21
-80.0275409999999994
0
LINE
8
BLACK
6
CONTINUOUS
10
150.0899409999999818
20
-80.0275409999999994
11
150.061239999999998
21
-80.0332499999999953
0
LINE
8
BLACK
6
CONTINUOUS
10
150.061239999999998
20
-80.0332499999999953
11
149.9112399999999923
21
-80.0332499999999953
0
LINE
8
BLACK
6
CONTINUOUS
10
149.9112399999999923
20
-80.0332499999999953
11
149.88253899999998
21
-80.0275409999999994
0
LINE
8
BLACK
6
CONTINUOUS
10
149.88253899999998
20
-80.0275409999999994
11
149.8582069999999931
21
-80.0112829999999917
0
LINE
8
BLACK
6
CONTINUOUS
10
149.8582069999999931
20
-80.0112829999999917
11
149.8419489999999996
21
-79.9869509999999906
0
LINE
8
BLACK
6
CONTINUOUS
10
149.8419489999999996
20
-79.9869509999999906
11
149.8362400000000036
21
-79.9582499999999925
0
LINE
8
BLACK
6
CONTINUOUS
10
149.8362400000000036
20
-79.9582499999999925
11
149.8362400000000036
21
-78.5082499999999897
0
LINE
8
BLACK
6
CONTINUOUS
10
149.8362400000000036
20
-78.5082499999999897
11
149.8419489999999996
21
-78.4795489999999916
0
LINE
8
BLACK
6
CONTINUOUS
10
149.8419489999999996
20
-78.4795489999999916
11
149.8582069999999931
21
-78.4552169999999904
0
LINE
8
BLACK
6
CONTINUOUS
10
149.8582069999999931
20
-78.4552169999999904
11
149.88253899999998
21
-78.438958999999997
0
LINE
8
BLACK
6
CONTINUOUS
10
149.88253899999998
20
-78.438958999999997
11
149.9112399999999923
21
-78.433250000000001
0
LINE
8
BLACK
6
CONTINUOUS
10
149.9112399999999923
20
-78.433250000000001
11
150.061239999999998
21
-78.433250000000001
0
LINE
8
BLACK
6
CONTINUOUS
10
150.061239999999998
20
-78.433250000000001
11
150.0899409999999818
21
-78.438958999999997
0
LINE
8
BLACK
6
CONTINUOUS
10
150.5899409999999818
20
-78.438958999999997
11
150.6142729999999972
21
-78.4552169999999904
0
LINE
8
BLACK
6
CONTINUOUS
10
150.6142729999999972
20
-78.4552169999999904
11
150.6305309999999906
21
-78.4795489999999916
0
LINE
8
BLACK
6
CONTINUOUS
10
150.6305309999999906
20
-78.4795489999999916
11
150.6362399999999866
21
-78.5082499999999897
0
LINE
8
BLACK
6
CONTINUOUS
10
150.6362399999999866
20
-78.5082499999999897
11
150.6362399999999866
21
-79.9582499999999925
0
LINE
8
BLACK
6
CONTINUOUS
10
150.6362399999999866
20
-79.9582499999999925
11
150.6305309999999906
21
-79.9869509999999906
0
LINE
8
BLACK
6
CONTINUOUS
10
150.6305309999999906
20
-79.9869509999999906
11
150.6142729999999972
21
-80.0112829999999917
0
LINE
8
BLACK
6
CONTINUOUS
10
150.6142729999999972
20
-80.0112829999999917
11
150.5899409999999818
21
-80.0275409999999994
0
LINE
8
BLACK
6
CONTINUOUS
10
150.5899409999999818
20
-80.0275409999999994
11
150.561239999999998
21
-80.0332499999999953
0
LINE
8
BLACK
6
CONTINUOUS
10
150.561239999999998
20
-80.0332499999999953
11
150.4112399999999923
21
-80.0332499999999953
0
LINE
8
BLACK
6
CONTINUOUS
10
150.4112399999999923
20
-80.0332499999999953
11
150.38253899999998
21
-80.0275409999999994
0
LINE
8
BLACK
6
CONTINUOUS
10
150.38253899999998
20
-80.0275409999999994
11
150.3582069999999931
21
-80.0112829999999917
0
LINE
8
BLACK
6
CONTINUOUS
10
150.3582069999999931
20
-80.0112829999999917
11
150.3419489999999996
21
-79.9869509999999906
0
LINE
8
BLACK
6
CONTINUOUS
10
150.3419489999999996
20
-79.9869509999999906
11
150.3362400000000036
21
-79.9582499999999925
0
LINE
8
BLACK
6
CONTINUOUS
10
150.3362400000000036
20
-79.9582499999999925
11
150.3362400000000036
21
-78.5082499999999897
0
LINE
8
BLACK
6
CONTINUOUS
10
150.3362400000000036
20
-78.5082499999999897
11
150.3419489999999996
21
-78.4795489999999916
0
LINE
8
BLACK
6
CONTINUOUS
10
150.3419489999999996
20
-78.4795489999999916
11
150.3582069999999931
21
-78.4552169999999904
0
LINE
8
BLACK
6
CONTINUOUS
10
150.3582069999999931
20
-78.4552169999999904
11
150.38253899999998
21
-78.438958999999997
0
LINE
8
BLACK
6
CONTINUOUS
10
150.38253899999998
20
-78.438958999999997
11
150.4112399999999923
21
-78.433250000000001
0
LINE
8
BLACK
6
CONTINUOUS
10
150.4112399999999923
20
-78.433250000000001
11
150.561239999999998
21
-78.433250000000001
0
LINE
8
BLACK
6
CONTINUOUS
10
150.561239999999998
20
-78.433250000000001
11
150.5899409999999818
21
-78.438958999999997
0
LINE
8
BLACK
6
CONTINUOUS
10
151.0899409999999818
20
-78.438958999999997
11
151.1142729999999972
21
-78.4552169999999904
0
LINE
8
BLACK
6
CONTINUOUS
10
151.1142729999999972
20
-78.4552169999999904
11
151.1305309999999906
21
-78.4795489999999916
0
LINE
8
BLACK
6
CONTINUOUS
10
151.1305309999999906
20
-78.4795489999999916
11
151.1362399999999866
21
-78.5082499999999897
0
LINE
8
BLACK
6
CONTINUOUS
10
151.1362399999999866
20
-78.5082499999999897
11
151.1362399999999866
21
-79.9582499999999925
0
LINE
8
BLACK
6
CONTINUOUS
10
151.1362399999999866
20
-79.9582499999999925
11
151.1305309999999906
21
-79.9869509999999906
0
LINE
8
BLACK
6
CONTINUOUS
10
151.1305309999999906
20
-79.9869509999999906
11
151.1142729999999972
21
-80.0112829999999917
0
LINE
8
BLACK
6
CONTINUOUS
10
151.1142729999999972
20
-80.0112829999999917
11
151.0899409999999818
21
-80.0275409999999994
0
LINE
8
BLACK
6
CONTINUOUS
10
151.0899409999999818
20
-80.0275409999999994
11
151.061239999999998
21
-80.0332499999999953
0
LINE
8
BLACK
6
CONTINUOUS
10
151.061239999999998
20
-80.0332499999999953
11
150.9112399999999923
21
-80.0332499999999953
0
LINE
8
BLACK
6
CONTINUOUS
10
150.9112399999999923
20
-80.0332499999999953
11
150.88253899999998
21
-80.0275409999999994
0
LINE
8
BLACK
6
CONTINUOUS
10
150.88253899999998
20
-80.0275409999999994
11
150.8582069999999931
21
-80.0112829999999917
0
LINE
8
BLACK
6
CONTINUOUS
10
150.8582069999999931
20
-80.0112829999999917
11
150.8419489999999996
21
-79.9869509999999906
0
LINE
8
BLACK
6
CONTINUOUS
10
150.8419489999999996
20
-79.9869509999999906
11
150.8362400000000036
21
-79.9582499999999925
0
LINE
8
BLACK
6
CONTINUOUS
10
150.8362400000000036
20
-79.9582499999999925
11
150.8362400000000036
21
-78.5082499999999897
0
LINE
8
BLACK
6
CONTINUOUS
10
150.8362400000000036
20
-78.5082499999999897
11
150.8419489999999996
21
-78.4795489999999916
0
LINE
8
BLACK
6
CONTINUOUS
10
150.8419489999999996
20
-78.4795489999999916
11
150.8582069999999931
21
-78.4552169999999904
0
LINE
8
BLACK
6
CONTINUOUS
10
150.8582069999999931
20
-78.4552169999999904
11
150.88253899999998
21
-78.438958999999997
0
LINE
8
BLACK
6
CONTINUOUS
10
150.88253899999998
20
-78.438958999999997
11
150.9112399999999923
21
-78.433250000000001
0
LINE
8
BLACK
6
CONTINUOUS
10
150.9112399999999923
20
-78.433250000000001
11
151.061239999999998
21
-78.433250000000001
0
LINE
8
BLACK
6
CONTINUOUS
10
151.061239999999998
20
-78.433250000000001
11
151.0899409999999818
21
-78.438958999999997
0
LINE
8
BLACK
6
CONTINUOUS
10
151.5899409999999818
20
-78.438958999999997
11
151.6142729999999972
21
-78.4552169999999904
0
LINE
8
BLACK
6
CONTINUOUS
10
151.6142729999999972
20
-78.4552169999999904
11
151.6305309999999906
21
-78.4795489999999916
0
LINE
8
BLACK
6
CONTINUOUS
10
151.6305309999999906
20
-78.4795489999999916
11
151.6362399999999866
21
-78.5082499999999897
0
LINE
8
BLACK
6
CONTINUOUS
10
151.6362399999999866
20
-78.5082499999999897
11
151.6362399999999866
21
-79.9582499999999925
0
LINE
8
BLACK
6
CONTINUOUS
10
151.6362399999999866
20
-79.9582499999999925
11
151.6305309999999906
21
-79.9869509999999906
0
LINE
8
BLACK
6
CONTINUOUS
10
151.6305309999999906
20
-79.9869509999999906
11
151.6142729999999972
21
-80.0112829999999917
0
LINE
8
BLACK
6
CONTINUOUS
10
151.6142729999999972
20
-80.0112829999999917
11
151.5899409999999818
21
-80.0275409999999994
0
LINE
8
BLACK
6
CONTINUOUS
10
151.5899409999999818
20
-80.0275409999999994
11
151.561239999999998
21
-80.0332499999999953
0
LINE
8
BLACK
6
CONTINUOUS
10
151.561239999999998
20
-80.0332499999999953
11
151.4112399999999923
21
-80.0332499999999953
0
LINE
8
BLACK
6
CONTINUOUS
10
151.4112399999999923
20
-80.0332499999999953
11
151.38253899999998
21
-80.0275409999999994
0
LINE
8
BLACK
6
CONTINUOUS
10
151.38253899999998
20
-80.0275409999999994
11
151.3582069999999931
21
-80.0112829999999917
0
LINE
8
BLACK
6
CONTINUOUS
10
151.3582069999999931
20
-80.0112829999999917
11
151.3419489999999996
21
-79.9869509999999906
0
LINE
8
BLACK
6
CONTINUOUS
10
151.3419489999999996
20
-79.9869509999999906
11
151.3362400000000036
21
-79.9582499999999925
0
LINE
8
BLACK
6
CONTINUOUS
10
151.3362400000000036
20
-79.9582499999999925
11
151.3362400000000036
21
-78.5082499999999897
0
LINE
8
BLACK
6
CONTINUOUS
10
151.3362400000000036
20
-78.5082499999999897
11
151.3419489999999996
21
-78.4795489999999916
0
LINE
8
BLACK
6
CONTINUOUS
10
151.3419489999999996
20
-78.4795489999999916
11
151.3582069999999931
21
-78.4552169999999904
0
LINE
8
BLACK
6
CONTINUOUS
10
151.3582069999999931
20
-78.4552169999999904
11
151.38253899999998
21
-78.438958999999997
0
LINE
8
BLACK
6
CONTINUOUS
10
151.38253899999998
20
-78.438958999999997
11
151.4112399999999923
21
-78.433250000000001
0
LINE
8
BLACK
6
CONTINUOUS
10
151.4112399999999923
20
-78.433250000000001
11
151.561239999999998
21
-78.433250000000001
0
LINE
8
BLACK
6
CONTINUOUS
10
151.561239999999998
20
-78.433250000000001
11
151.5899409999999818
21
-78.438958999999997
0
LINE
8
BLACK
6
CONTINUOUS
10
152.0899409999999818
20
-78.438958999999997
11
152.1142729999999972
21
-78.4552169999999904
0
LINE
8
BLACK
6
CONTINUOUS
10
152.1142729999999972
20
-78.4552169999999904
11
152.1305309999999906
21
-78.4795489999999916
0
LINE
8
BLACK
6
CONTINUOUS
10
152.1305309999999906
20
-78.4795489999999916
11
152.1362399999999866
21
-78.5082499999999897
0
LINE
8
BLACK
6
CONTINUOUS
10
152.1362399999999866
20
-78.5082499999999897
11
152.1362399999999866
21
-79.9582499999999925
0
LINE
8
BLACK
6
CONTINUOUS
10
152.1362399999999866
20
-79.9582499999999925
11
152.1305309999999906
21
-79.9869509999999906
0
LINE
8
BLACK
6
CONTINUOUS
10
152.1305309999999906
20
-79.9869509999999906
11
152.1142729999999972
21
-80.0112829999999917
0
LINE
8
BLACK
6
CONTINUOUS
10
152.1142729999999972
20
-80.0112829999999917
11
152.0899409999999818
21
-80.0275409999999994
0
LINE
8
BLACK
6
CONTINUOUS
10
152.0899409999999818
20
-80.0275409999999994
11
152.061239999999998
21
-80.0332499999999953
0
LINE
8
BLACK
6
CONTINUOUS
10
152.061239999999998
20
-80.0332499999999953
11
151.9112399999999923
21
-80.0332499999999953
0
LINE
8
BLACK
6
CONTINUOUS
10
151.9112399999999923
20
-80.0332499999999953
11
151.88253899999998
21
-80.0275409999999994
0
LINE
8
BLACK
6
CONTINUOUS
10
151.88253899999998
20
-80.0275409999999994
11
151.8582069999999931
21
-80.0112829999999917
0
LINE
8
BLACK
6
CONTINUOUS
10
151.8582069999999931
20
-80.0112829999999917
11
151.8419489999999996
21
-79.9869509999999906
0
LINE
8
BLACK
6
CONTINUOUS
10
151.8419489999999996
20
-79.9869509999999906
11
151.8362400000000036
21
-79.9582499999999925
0
LINE
8
BLACK
6
CONTINUOUS
10
151.8362400000000036
20
-79.9582499999999925
11
151.8362400000000036
21
-78.5082499999999897
0
LINE
8
BLACK
6
CONTINUOUS
10
151.8362400000000036
20
-78.5082499999999897
11
151.8419489999999996
21
-78.4795489999999916
0
LINE
8
BLACK
6
CONTINUOUS
10
151.8419489999999996
20
-78.4795489999999916
11
151.8582069999999931
21
-78.4552169999999904
0
LINE
8
BLACK
6
CONTINUOUS
10
151.8582069999999931
20
-78.4552169999999904
11
151.88253899999998
21
-78.438958999999997
0
LINE
8
BLACK
6
CONTINUOUS
10
151.88253899999998
20
-78.438958999999997
11
151.9112399999999923
21
-78.433250000000001
0
LINE
8
BLACK
6
CONTINUOUS
10
151.9112399999999923
20
-78.433250000000001
11
152.061239999999998
21
-78.433250000000001
0
LINE
8
BLACK
6
CONTINUOUS
10
152.061239999999998
20
-78.433250000000001
11
152.0899409999999818
21
-78.438958999999997
0
LINE
8
BLACK
6
CONTINUOUS
10
152.5899409999999818
20
-78.438958999999997
11
152.6142729999999972
21
-78.4552169999999904
0
LINE
8
BLACK
6
CONTINUOUS
10
152.6142729999999972
20
-78.4552169999999904
11
152.6305309999999906
21
-78.4795489999999916
0
LINE
8
BLACK
6
CONTINUOUS
10
152.6305309999999906
20
-78.4795489999999916
11
152.6362399999999866
21
-78.5082499999999897
0
LINE
8
BLACK
6
CONTINUOUS
10
152.6362399999999866
20
-78.5082499999999897
11
152.6362399999999866
21
-79.9582499999999925
0
LINE
8
BLACK
6
CONTINUOUS
10
152.6362399999999866
20
-79.9582499999999925
11
152.6305309999999906
21
-79.9869509999999906
0
LINE
8
BLACK
6
CONTINUOUS
10
152.6305309999999906
20
-79.9869509999999906
11
152.6142729999999972
21
-80.0112829999999917
0
LINE
8
BLACK
6
CONTINUOUS
10
152.6142729999999972
20
-80.0112829999999917
11
152.5899409999999818
21
-80.0275409999999994
0
LINE
8
BLACK
6
CONTINUOUS
10
152.5899409999999818
20
-80.0275409999999994
11
152.561239999999998
21
-80.0332499999999953
0
LINE
8
BLACK
6
CONTINUOUS
10
152.561239999999998
20
-80.0332499999999953
11
152.4112399999999923
21
-80.0332499999999953
0
LINE
8
BLACK
6
CONTINUOUS
10
152.4112399999999923
20
-80.0332499999999953
11
152.38253899999998
21
-80.0275409999999994
0
LINE
8
BLACK
6
CONTINUOUS
10
152.38253899999998
20
-80.0275409999999994
11
152.3582069999999931
21
-80.0112829999999917
0
LINE
8
BLACK
6
CONTINUOUS
10
152.3582069999999931
20
-80.0112829999999917
11
152.3419489999999996
21
-79.9869509999999906
0
LINE
8
BLACK
6
CONTINUOUS
10
152.3419489999999996
20
-79.9869509999999906
11
152.3362400000000036
21
-79.9582499999999925
0
LINE
8
BLACK
6
CONTINUOUS
10
152.3362400000000036
20
-79.9582499999999925
11
152.3362400000000036
21
-78.5082499999999897
0
LINE
8
BLACK
6
CONTINUOUS
10
152.3362400000000036
20
-78.5082499999999897
11
152.3419489999999996
21
-78.4795489999999916
0
LINE
8
BLACK
6
CONTINUOUS
10
152.3419489999999996
20
-78.4795489999999916
11
152.3582069999999931
21
-78.4552169999999904
0
LINE
8
BLACK
6
CONTINUOUS
10
152.3582069999999931
20
-78.4552169999999904
11
152.38253899999998
21
-78.438958999999997
0
LINE
8
BLACK
6
CONTINUOUS
10
152.38253899999998
20
-78.438958999999997
11
152.4112399999999923
21
-78.433250000000001
0
LINE
8
BLACK
6
CONTINUOUS
10
152.4112399999999923
20
-78.433250000000001
11
152.561239999999998
21
-78.433250000000001
0
LINE
8
BLACK
6
CONTINUOUS
10
152.561239999999998
20
-78.433250000000001
11
152.5899409999999818
21
-78.438958999999997
0
LINE
8
BLACK
6
CONTINUOUS
10
153.0899409999999818
20
-78.438958999999997
11
153.1142729999999972
21
-78.4552169999999904
0
LINE
8
BLACK
6
CONTINUOUS
10
153.1142729999999972
20
-78.4552169999999904
11
153.1305309999999906
21
-78.4795489999999916
0
LINE
8
BLACK
6
CONTINUOUS
10
153.1305309999999906
20
-78.4795489999999916
11
153.1362399999999866
21
-78.5082499999999897
0
LINE
8
BLACK
6
CONTINUOUS
10
153.1362399999999866
20
-78.5082499999999897
11
153.1362399999999866
21
-79.9582499999999925
0
LINE
8
BLACK
6
CONTINUOUS
10
153.1362399999999866
20
-79.9582499999999925
11
153.1305309999999906
21
-79.9869509999999906
0
LINE
8
BLACK
6
CONTINUOUS
10
153.1305309999999906
20
-79.9869509999999906
11
153.1142729999999972
21
-80.0112829999999917
0
LINE
8
BLACK
6
CONTINUOUS
10
153.1142729999999972
20
-80.0112829999999917
11
153.0899409999999818
21
-80.0275409999999994
0
LINE
8
BLACK
6
CONTINUOUS
10
153.0899409999999818
20
-80.0275409999999994
11
153.061239999999998
21
-80.0332499999999953
0
LINE
8
BLACK
6
CONTINUOUS
10
153.061239999999998
20
-80.0332499999999953
11
152.9112399999999923
21
-80.0332499999999953
0
LINE
8
BLACK
6
CONTINUOUS
10
152.9112399999999923
20
-80.0332499999999953
11
152.88253899999998
21
-80.0275409999999994
0
LINE
8
BLACK
6
CONTINUOUS
10
152.88253899999998
20
-80.0275409999999994
11
152.8582069999999931
21
-80.0112829999999917
0
LINE
8
BLACK
6
CONTINUOUS
10
152.8582069999999931
20
-80.0112829999999917
11
152.8419489999999996
21
-79.9869509999999906
0
LINE
8
BLACK
6
CONTINUOUS
10
152.8419489999999996
20
-79.9869509999999906
11
152.8362400000000036
21
-79.9582499999999925
0
LINE
8
BLACK
6
CONTINUOUS
10
152.8362400000000036
20
-79.9582499999999925
11
152.8362400000000036
21
-78.5082499999999897
0
LINE
8
BLACK
6
CONTINUOUS
10
152.8362400000000036
20
-78.5082499999999897
11
152.8419489999999996
21
-78.4795489999999916
0
LINE
8
BLACK
6
CONTINUOUS
10
152.8419489999999996
20
-78.4795489999999916
11
152.8582069999999931
21
-78.4552169999999904
0
LINE
8
BLACK
6
CONTINUOUS
10
152.8582069999999931
20
-78.4552169999999904
11
152.88253899999998
21
-78.438958999999997
0
LINE
8
BLACK
6
CONTINUOUS
10
152.88253899999998
20
-78.438958999999997
11
152.9112399999999923
21
-78.433250000000001
0
LINE
8
BLACK
6
CONTINUOUS
10
152.9112399999999923
20
-78.433250000000001
11
153.061239999999998
21
-78.433250000000001
0
LINE
8
BLACK
6
CONTINUOUS
10
153.061239999999998
20
-78.433250000000001
11
153.0899409999999818
21
-78.438958999999997
0
LINE
8
BLACK
6
CONTINUOUS
10
153.5899409999999818
20
-78.438958999999997
11
153.6142729999999972
21
-78.4552169999999904
0
LINE
8
BLACK
6
CONTINUOUS
10
153.6142729999999972
20
-78.4552169999999904
11
153.6305309999999906
21
-78.4795489999999916
0
LINE
8
BLACK
6
CONTINUOUS
10
153.6305309999999906
20
-78.4795489999999916
11
153.6362399999999866
21
-78.5082499999999897
0
LINE
8
BLACK
6
CONTINUOUS
10
153.6362399999999866
20
-78.5082499999999897
11
153.6362399999999866
21
-79.9582499999999925
0
LINE
8
BLACK
6
CONTINUOUS
10
153.6362399999999866
20
-79.9582499999999925
11
153.6305309999999906
21
-79.9869509999999906
0
LINE
8
BLACK
6
CONTINUOUS
10
153.6305309999999906
20
-79.9869509999999906
11
153.6142729999999972
21
-80.0112829999999917
0
LINE
8
BLACK
6
CONTINUOUS
10
153.6142729999999972
20
-80.0112829999999917
11
153.5899409999999818
21
-80.0275409999999994
0
LINE
8
BLACK
6
CONTINUOUS
10
153.5899409999999818
20
-80.0275409999999994
11
153.561239999999998
21
-80.0332499999999953
0
LINE
8
BLACK
6
CONTINUOUS
10
153.561239999999998
20
-80.0332499999999953
11
153.4112399999999923
21
-80.0332499999999953
0
LINE
8
BLACK
6
CONTINUOUS
10
153.4112399999999923
20
-80.0332499999999953
11
153.38253899999998
21
-80.0275409999999994
0
LINE
8
BLACK
6
CONTINUOUS
10
153.38253899999998
20
-80.0275409999999994
11
153.3582069999999931
21
-80.0112829999999917
0
LINE
8
BLACK
6
CONTINUOUS
10
153.3582069999999931
20
-80.0112829999999917
11
153.3419489999999996
21
-79.9869509999999906
0
LINE
8
BLACK
6
CONTINUOUS
10
153.3419489999999996
20
-79.9869509999999906
11
153.3362400000000036
21
-79.9582499999999925
0
LINE
8
BLACK
6
CONTINUOUS
10
153.3362400000000036
20
-79.9582499999999925
11
153.3362400000000036
21
-78.5082499999999897
0
LINE
8
BLACK
6
CONTINUOUS
10
153.3362400000000036
20
-78.5082499999999897
11
153.3419489999999996
21
-78.4795489999999916
0
LINE
8
BLACK
6
CONTINUOUS
10
153.3419489999999996
20
-78.4795489999999916
11
153.3582069999999931
21
-78.4552169999999904
0
LINE
8
BLACK
6
CONTINUOUS
10
153.3582069999999931
20
-78.4552169999999904
11
153.38253899999998
21
-78.438958999999997
0
LINE
8
BLACK
6
CONTINUOUS
10
153.38253899999998
20
-78.438958999999997
11
153.4112399999999923
21
-78.433250000000001
0
LINE
8
BLACK
6
CONTINUOUS
10
153.4112399999999923
20
-78.433250000000001
11
153.561239999999998
21
-78.433250000000001
0
LINE
8
BLACK
6
CONTINUOUS
10
153.561239999999998
20
-78.433250000000001
11
153.5899409999999818
21
-78.438958999999997
0
LINE
8
BLACK
6
CONTINUOUS
10
154.0899409999999818
20
-78.438958999999997
11
154.1142729999999972
21
-78.4552169999999904
0
LINE
8
BLACK
6
CONTINUOUS
10
154.1142729999999972
20
-78.4552169999999904
11
154.1305309999999906
21
-78.4795489999999916
0
LINE
8
BLACK
6
CONTINUOUS
10
154.1305309999999906
20
-78.4795489999999916
11
154.1362399999999866
21
-78.5082499999999897
0
LINE
8
BLACK
6
CONTINUOUS
10
154.1362399999999866
20
-78.5082499999999897
11
154.1362399999999866
21
-79.9582499999999925
0
LINE
8
BLACK
6
CONTINUOUS
10
154.1362399999999866
20
-79.9582499999999925
11
154.1305309999999906
21
-79.9869509999999906
0
LINE
8
BLACK
6
CONTINUOUS
10
154.1305309999999906
20
-79.9869509999999906
11
154.1142729999999972
21
-80.0112829999999917
0
LINE
8
BLACK
6
CONTINUOUS
10
154.1142729999999972
20
-80.0112829999999917
11
154.0899409999999818
21
-80.0275409999999994
0
LINE
8
BLACK
6
CONTINUOUS
10
154.0899409999999818
20
-80.0275409999999994
11
154.061239999999998
21
-80.0332499999999953
0
LINE
8
BLACK
6
CONTINUOUS
10
154.061239999999998
20
-80.0332499999999953
11
153.9112399999999923
21
-80.0332499999999953
0
LINE
8
BLACK
6
CONTINUOUS
10
153.9112399999999923
20
-80.0332499999999953
11
153.88253899999998
21
-80.0275409999999994
0
LINE
8
BLACK
6
CONTINUOUS
10
153.88253899999998
20
-80.0275409999999994
11
153.8582069999999931
21
-80.0112829999999917
0
LINE
8
BLACK
6
CONTINUOUS
10
153.8582069999999931
20
-80.0112829999999917
11
153.8419489999999996
21
-79.9869509999999906
0
LINE
8
BLACK
6
CONTINUOUS
10
153.8419489999999996
20
-79.9869509999999906
11
153.8362400000000036
21
-79.9582499999999925
0
LINE
8
BLACK
6
CONTINUOUS
10
153.8362400000000036
20
-79.9582499999999925
11
153.8362400000000036
21
-78.5082499999999897
0
LINE
8
BLACK
6
CONTINUOUS
10
153.8362400000000036
20
-78.5082499999999897
11
153.8419489999999996
21
-78.4795489999999916
0
LINE
8
BLACK
6
CONTINUOUS
10
153.8419489999999996
20
-78.4795489999999916
11
153.8582069999999931
21
-78.4552169999999904
0
LINE
8
BLACK
6
CONTINUOUS
10
153.8582069999999931
20
-78.4552169999999904
11
153.88253899999998
21
-78.438958999999997
0
LINE
8
BLACK
6
CONTINUOUS
10
153.88253899999998
20
-78.438958999999997
11
153.9112399999999923
21
-78.433250000000001
0
LINE
8
BLACK
6
CONTINUOUS
10
153.9112399999999923
20
-78.433250000000001
11
154.061239999999998
21
-78.433250000000001
0
LINE
8
BLACK
6
CONTINUOUS
10
154.061239999999998
20
-78.433250000000001
11
154.0899409999999818
21
-78.438958999999997
0
LINE
8
BLACK
6
CONTINUOUS
10
154.5899409999999818
20
-78.438958999999997
11
154.6142729999999972
21
-78.4552169999999904
0
LINE
8
BLACK
6
CONTINUOUS
10
154.6142729999999972
20
-78.4552169999999904
11
154.6305309999999906
21
-78.4795489999999916
0
LINE
8
BLACK
6
CONTINUOUS
10
154.6305309999999906
20
-78.4795489999999916
11
154.6362399999999866
21
-78.5082499999999897
0
LINE
8
BLACK
6
CONTINUOUS
10
154.6362399999999866
20
-78.5082499999999897
11
154.6362399999999866
21
-79.9582499999999925
0
LINE
8
BLACK
6
CONTINUOUS
10
154.6362399999999866
20
-79.9582499999999925
11
154.6305309999999906
21
-79.9869509999999906
0
LINE
8
BLACK
6
CONTINUOUS
10
154.6305309999999906
20
-79.9869509999999906
11
154.6142729999999972
21
-80.0112829999999917
0
LINE
8
BLACK
6
CONTINUOUS
10
154.6142729999999972
20
-80.0112829999999917
11
154.5899409999999818
21
-80.0275409999999994
0
LINE
8
BLACK
6
CONTINUOUS
10
154.5899409999999818
20
-80.0275409999999994
11
154.561239999999998
21
-80.0332499999999953
0
LINE
8
BLACK
6
CONTINUOUS
10
154.561239999999998
20
-80.0332499999999953
11
154.4112399999999923
21
-80.0332499999999953
0
LINE
8
BLACK
6
CONTINUOUS
10
154.4112399999999923
20
-80.0332499999999953
11
154.38253899999998
21
-80.0275409999999994
0
LINE
8
BLACK
6
CONTINUOUS
10
154.38253899999998
20
-80.0275409999999994
11
154.3582069999999931
21
-80.0112829999999917
0
LINE
8
BLACK
6
CONTINUOUS
10
154.3582069999999931
20
-80.0112829999999917
11
154.3419489999999996
21
-79.9869509999999906
0
LINE
8
BLACK
6
CONTINUOUS
10
154.3419489999999996
20
-79.9869509999999906
11
154.3362400000000036
21
-79.9582499999999925
0
LINE
8
BLACK
6
CONTINUOUS
10
154.3362400000000036
20
-79.9582499999999925
11
154.3362400000000036
21
-78.5082499999999897
0
LINE
8
BLACK
6
CONTINUOUS
10
154.3362400000000036
20
-78.5082499999999897
11
154.3419489999999996
21
-78.4795489999999916
0
LINE
8
BLACK
6
CONTINUOUS
10
154.3419489999999996
20
-78.4795489999999916
11
154.3582069999999931
21
-78.4552169999999904
0
LINE
8
BLACK
6
CONTINUOUS
10
154.3582069999999931
20
-78.4552169999999904
11
154.38253899999998
21
-78.438958999999997
0
LINE
8
BLACK
6
CONTINUOUS
10
154.38253899999998
20
-78.438958999999997
11
154.4112399999999923
21
-78.433250000000001
0
LINE
8
BLACK
6
CONTINUOUS
10
154.4112399999999923
20
-78.433250000000001
11
154.561239999999998
21
-78.433250000000001
0
LINE
8
BLACK
6
CONTINUOUS
10
154.561239999999998
20
-78.433250000000001
11
154.5899409999999818
21
-78.438958999999997
0
LINE
8
BLACK
6
CONTINUOUS
10
155.0899409999999818
20
-78.438958999999997
11
155.1142729999999972
21
-78.4552169999999904
0
LINE
8
BLACK
6
CONTINUOUS
10
155.1142729999999972
20
-78.4552169999999904
11
155.1305309999999906
21
-78.4795489999999916
0
LINE
8
BLACK
6
CONTINUOUS
10
155.1305309999999906
20
-78.4795489999999916
11
155.1362399999999866
21
-78.5082499999999897
0
LINE
8
BLACK
6
CONTINUOUS
10
155.1362399999999866
20
-78.5082499999999897
11
155.1362399999999866
21
-79.9582499999999925
0
LINE
8
BLACK
6
CONTINUOUS
10
155.1362399999999866
20
-79.9582499999999925
11
155.1305309999999906
21
-79.9869509999999906
0
LINE
8
BLACK
6
CONTINUOUS
10
155.1305309999999906
20
-79.9869509999999906
11
155.1142729999999972
21
-80.0112829999999917
0
LINE
8
BLACK
6
CONTINUOUS
10
155.1142729999999972
20
-80.0112829999999917
11
155.0899409999999818
21
-80.0275409999999994
0
LINE
8
BLACK
6
CONTINUOUS
10
155.0899409999999818
20
-80.0275409999999994
11
155.061239999999998
21
-80.0332499999999953
0
LINE
8
BLACK
6
CONTINUOUS
10
155.061239999999998
20
-80.0332499999999953
11
154.9112399999999923
21
-80.0332499999999953
0
LINE
8
BLACK
6
CONTINUOUS
10
154.9112399999999923
20
-80.0332499999999953
11
154.88253899999998
21
-80.0275409999999994
0
LINE
8
BLACK
6
CONTINUOUS
10
154.88253899999998
20
-80.0275409999999994
11
154.8582069999999931
21
-80.0112829999999917
0
LINE
8
BLACK
6
CONTINUOUS
10
154.8582069999999931
20
-80.0112829999999917
11
154.8419489999999996
21
-79.9869509999999906
0
LINE
8
BLACK
6
CONTINUOUS
10
154.8419489999999996
20
-79.9869509999999906
11
154.8362400000000036
21
-79.9582499999999925
0
LINE
8
BLACK
6
CONTINUOUS
10
154.8362400000000036
20
-79.9582499999999925
11
154.8362400000000036
21
-78.5082499999999897
0
LINE
8
BLACK
6
CONTINUOUS
10
154.8362400000000036
20
-78.5082499999999897
11
154.8419489999999996
21
-78.4795489999999916
0
LINE
8
BLACK
6
CONTINUOUS
10
154.8419489999999996
20
-78.4795489999999916
11
154.8582069999999931
21
-78.4552169999999904
0
LINE
8
BLACK
6
CONTINUOUS
10
154.8582069999999931
20
-78.4552169999999904
11
154.88253899999998
21
-78.438958999999997
0
LINE
8
BLACK
6
CONTINUOUS
10
154.88253899999998
20
-78.438958999999997
11
154.9112399999999923
21
-78.433250000000001
0
LINE
8
BLACK
6
CONTINUOUS
10
154.9112399999999923
20
-78.433250000000001
11
155.061239999999998
21
-78.433250000000001
0
LINE
8
BLACK
6
CONTINUOUS
10
155.061239999999998
20
-78.433250000000001
11
155.0899409999999818
21
-78.438958999999997
0
LINE
8
BLACK
6
CONTINUOUS
10
127.895670999999993
20
-78.0440299999999922
11
127.9767769999999985
21
-78.0982229999999902
0
LINE
8
BLACK
6
CONTINUOUS
10
127.9767769999999985
20
-78.0982229999999902
11
128.0309699999999964
21
-78.1793289999999956
0
LINE
8
BLACK
6
CONTINUOUS
10
128.0309699999999964
20
-78.1793289999999956
11
128.0499999999999829
21
-78.2749999999999915
0
LINE
8
BLACK
6
CONTINUOUS
10
128.0499999999999829
20
-78.2749999999999915
11
128.0499999999999829
21
-79.2249999999999943
0
LINE
8
BLACK
6
CONTINUOUS
10
128.0499999999999829
20
-79.2249999999999943
11
128.0309699999999964
21
-79.3206709999999902
0
LINE
8
BLACK
6
CONTINUOUS
10
128.0309699999999964
20
-79.3206709999999902
11
127.9767769999999985
21
-79.4017769999999956
0
LINE
8
BLACK
6
CONTINUOUS
10
127.9767769999999985
20
-79.4017769999999956
11
127.895670999999993
21
-79.4559699999999935
0
LINE
8
BLACK
6
CONTINUOUS
10
127.895670999999993
20
-79.4559699999999935
11
127.7999999999999972
21
-79.4749999999999943
0
LINE
8
BLACK
6
CONTINUOUS
10
127.7999999999999972
20
-79.4749999999999943
11
127.125
21
-79.4749999999999943
0
LINE
8
BLACK
6
CONTINUOUS
10
127.125
20
-79.4749999999999943
11
127.0293289999999899
21
-79.4559699999999935
0
LINE
8
BLACK
6
CONTINUOUS
10
127.0293289999999899
20
-79.4559699999999935
11
126.9482229999999987
21
-79.4017769999999956
0
LINE
8
BLACK
6
CONTINUOUS
10
126.9482229999999987
20
-79.4017769999999956
11
126.8940300000000008
21
-79.3206709999999902
0
LINE
8
BLACK
6
CONTINUOUS
10
126.8940300000000008
20
-79.3206709999999902
11
126.875
21
-79.2249999999999943
0
LINE
8
BLACK
6
CONTINUOUS
10
126.875
20
-79.2249999999999943
11
126.875
21
-78.2749999999999915
0
LINE
8
BLACK
6
CONTINUOUS
10
126.875
20
-78.2749999999999915
11
126.8940300000000008
21
-78.1793289999999956
0
LINE
8
BLACK
6
CONTINUOUS
10
126.8940300000000008
20
-78.1793289999999956
11
126.9482229999999987
21
-78.0982229999999902
0
LINE
8
BLACK
6
CONTINUOUS
10
126.9482229999999987
20
-78.0982229999999902
11
127.0293289999999899
21
-78.0440299999999922
0
LINE
8
BLACK
6
CONTINUOUS
10
127.0293289999999899
20
-78.0440299999999922
11
127.125
21
-78.0249999999999915
0
LINE
8
BLACK
6
CONTINUOUS
10
127.125
20
-78.0249999999999915
11
127.7999999999999972
21
-78.0249999999999915
0
LINE
8
BLACK
6
CONTINUOUS
10
127.7999999999999972
20
-78.0249999999999915
11
127.895670999999993
21
-78.0440299999999922
0
LINE
8
BLACK
6
CONTINUOUS
10
129.9706709999999816
20
-78.0440299999999922
11
130.0517769999999871
21
-78.0982229999999902
0
LINE
8
BLACK
6
CONTINUOUS
10
130.0517769999999871
20
-78.0982229999999902
11
130.105969999999985
21
-78.1793289999999956
0
LINE
8
BLACK
6
CONTINUOUS
10
130.105969999999985
20
-78.1793289999999956
11
130.125
21
-78.2749999999999915
0
LINE
8
BLACK
6
CONTINUOUS
10
130.125
20
-78.2749999999999915
11
130.125
21
-79.2249999999999943
0
LINE
8
BLACK
6
CONTINUOUS
10
130.125
20
-79.2249999999999943
11
130.105969999999985
21
-79.3206709999999902
0
LINE
8
BLACK
6
CONTINUOUS
10
130.105969999999985
20
-79.3206709999999902
11
130.0517769999999871
21
-79.4017769999999956
0
LINE
8
BLACK
6
CONTINUOUS
10
130.0517769999999871
20
-79.4017769999999956
11
129.9706709999999816
21
-79.4559699999999935
0
LINE
8
BLACK
6
CONTINUOUS
10
129.9706709999999816
20
-79.4559699999999935
11
129.875
21
-79.4749999999999943
0
LINE
8
BLACK
6
CONTINUOUS
10
129.875
20
-79.4749999999999943
11
129.1999999999999886
21
-79.4749999999999943
0
LINE
8
BLACK
6
CONTINUOUS
10
129.1999999999999886
20
-79.4749999999999943
11
129.104329000000007
21
-79.4559699999999935
0
LINE
8
BLACK
6
CONTINUOUS
10
129.104329000000007
20
-79.4559699999999935
11
129.0232230000000015
21
-79.4017769999999956
0
LINE
8
BLACK
6
CONTINUOUS
10
129.0232230000000015
20
-79.4017769999999956
11
128.9690300000000036
21
-79.3206709999999902
0
LINE
8
BLACK
6
CONTINUOUS
10
128.9690300000000036
20
-79.3206709999999902
11
128.9499999999999886
21
-79.2249999999999943
0
LINE
8
BLACK
6
CONTINUOUS
10
128.9499999999999886
20
-79.2249999999999943
11
128.9499999999999886
21
-78.2749999999999915
0
LINE
8
BLACK
6
CONTINUOUS
10
128.9499999999999886
20
-78.2749999999999915
11
128.9690300000000036
21
-78.1793289999999956
0
LINE
8
BLACK
6
CONTINUOUS
10
128.9690300000000036
20
-78.1793289999999956
11
129.0232230000000015
21
-78.0982229999999902
0
LINE
8
BLACK
6
CONTINUOUS
10
129.0232230000000015
20
-78.0982229999999902
11
129.104329000000007
21
-78.0440299999999922
0
LINE
8
BLACK
6
CONTINUOUS
10
129.104329000000007
20
-78.0440299999999922
11
129.1999999999999886
21
-78.0249999999999915
0
LINE
8
BLACK
6
CONTINUOUS
10
129.1999999999999886
20
-78.0249999999999915
11
129.875
21
-78.0249999999999915
0
LINE
8
BLACK
6
CONTINUOUS
10
129.875
20
-78.0249999999999915
11
129.9706709999999816
21
-78.0440299999999922
0
LINE
8
BLACK
6
CONTINUOUS
10
135.6993870000000015
20
-77.7430789999999945
11
135.7764379999999846
21
-77.7945619999999991
0
LINE
8
BLACK
6
CONTINUOUS
10
135.7764379999999846
20
-77.7945619999999991
11
135.8279210000000035
21
-77.8716129999999964
0
LINE
8
BLACK
6
CONTINUOUS
10
135.8279210000000035
20
-77.8716129999999964
11
135.8460000000000036
21
-77.9624999999999915
0
LINE
8
BLACK
6
CONTINUOUS
10
135.8460000000000036
20
-77.9624999999999915
11
135.8460000000000036
21
-78.4375
0
LINE
8
BLACK
6
CONTINUOUS
10
135.8460000000000036
20
-78.4375
11
135.8279210000000035
21
-78.5283869999999951
0
LINE
8
BLACK
6
CONTINUOUS
10
135.8279210000000035
20
-78.5283869999999951
11
135.7764379999999846
21
-78.6054379999999924
0
LINE
8
BLACK
6
CONTINUOUS
10
135.7764379999999846
20
-78.6054379999999924
11
135.6993870000000015
21
-78.656920999999997
0
LINE
8
BLACK
6
CONTINUOUS
10
135.6993870000000015
20
-78.656920999999997
11
135.6084999999999923
21
-78.6749999999999972
0
LINE
8
BLACK
6
CONTINUOUS
10
135.6084999999999923
20
-78.6749999999999972
11
135.1084999999999923
21
-78.6749999999999972
0
LINE
8
BLACK
6
CONTINUOUS
10
135.1084999999999923
20
-78.6749999999999972
11
135.017612999999983
21
-78.656920999999997
0
LINE
8
BLACK
6
CONTINUOUS
10
135.017612999999983
20
-78.656920999999997
11
134.9405619999999999
21
-78.6054379999999924
0
LINE
8
BLACK
6
CONTINUOUS
10
134.9405619999999999
20
-78.6054379999999924
11
134.8890789999999811
21
-78.5283869999999951
0
LINE
8
BLACK
6
CONTINUOUS
10
134.8890789999999811
20
-78.5283869999999951
11
134.8709999999999809
21
-78.4375
0
LINE
8
BLACK
6
CONTINUOUS
10
134.8709999999999809
20
-78.4375
11
134.8709999999999809
21
-77.9624999999999915
0
LINE
8
BLACK
6
CONTINUOUS
10
134.8709999999999809
20
-77.9624999999999915
11
134.8890789999999811
21
-77.8716129999999964
0
LINE
8
BLACK
6
CONTINUOUS
10
134.8890789999999811
20
-77.8716129999999964
11
134.9405619999999999
21
-77.7945619999999991
0
LINE
8
BLACK
6
CONTINUOUS
10
134.9405619999999999
20
-77.7945619999999991
11
135.017612999999983
21
-77.7430789999999945
0
LINE
8
BLACK
6
CONTINUOUS
10
135.017612999999983
20
-77.7430789999999945
11
135.1084999999999923
21
-77.7249999999999943
0
LINE
8
BLACK
6
CONTINUOUS
10
135.1084999999999923
20
-77.7249999999999943
11
135.6084999999999923
21
-77.7249999999999943
0
LINE
8
BLACK
6
CONTINUOUS
10
135.6084999999999923
20
-77.7249999999999943
11
135.6993870000000015
21
-77.7430789999999945
0
LINE
8
BLACK
6
CONTINUOUS
10
137.5243869999999902
20
-77.7430789999999945
11
137.6014380000000017
21
-77.7945619999999991
0
LINE
8
BLACK
6
CONTINUOUS
10
137.6014380000000017
20
-77.7945619999999991
11
137.6529209999999921
21
-77.8716129999999964
0
LINE
8
BLACK
6
CONTINUOUS
10
137.6529209999999921
20
-77.8716129999999964
11
137.6709999999999923
21
-77.9624999999999915
0
LINE
8
BLACK
6
CONTINUOUS
10
137.6709999999999923
20
-77.9624999999999915
11
137.6709999999999923
21
-78.4375
0
LINE
8
BLACK
6
CONTINUOUS
10
137.6709999999999923
20
-78.4375
11
137.6529209999999921
21
-78.5283869999999951
0
LINE
8
BLACK
6
CONTINUOUS
10
137.6529209999999921
20
-78.5283869999999951
11
137.6014380000000017
21
-78.6054379999999924
0
LINE
8
BLACK
6
CONTINUOUS
10
137.6014380000000017
20
-78.6054379999999924
11
137.5243869999999902
21
-78.656920999999997
0
LINE
8
BLACK
6
CONTINUOUS
10
137.5243869999999902
20
-78.656920999999997
11
137.4334999999999809
21
-78.6749999999999972
0
LINE
8
BLACK
6
CONTINUOUS
10
137.4334999999999809
20
-78.6749999999999972
11
136.9334999999999809
21
-78.6749999999999972
0
LINE
8
BLACK
6
CONTINUOUS
10
136.9334999999999809
20
-78.6749999999999972
11
136.8426130000000001
21
-78.656920999999997
0
LINE
8
BLACK
6
CONTINUOUS
10
136.8426130000000001
20
-78.656920999999997
11
136.7655619999999885
21
-78.6054379999999924
0
LINE
8
BLACK
6
CONTINUOUS
10
136.7655619999999885
20
-78.6054379999999924
11
136.7140789999999981
21
-78.5283869999999951
0
LINE
8
BLACK
6
CONTINUOUS
10
136.7140789999999981
20
-78.5283869999999951
11
136.695999999999998
21
-78.4375
0
LINE
8
BLACK
6
CONTINUOUS
10
136.695999999999998
20
-78.4375
11
136.695999999999998
21
-77.9624999999999915
0
LINE
8
BLACK
6
CONTINUOUS
10
136.695999999999998
20
-77.9624999999999915
11
136.7140789999999981
21
-77.8716129999999964
0
LINE
8
BLACK
6
CONTINUOUS
10
136.7140789999999981
20
-77.8716129999999964
11
136.7655619999999885
21
-77.7945619999999991
0
LINE
8
BLACK
6
CONTINUOUS
10
136.7655619999999885
20
-77.7945619999999991
11
136.8426130000000001
21
-77.7430789999999945
0
LINE
8
BLACK
6
CONTINUOUS
10
136.8426130000000001
20
-77.7430789999999945
11
136.9334999999999809
21
-77.7249999999999943
0
LINE
8
BLACK
6
CONTINUOUS
10
136.9334999999999809
20
-77.7249999999999943
11
137.4334999999999809
21
-77.7249999999999943
0
LINE
8
BLACK
6
CONTINUOUS
10
137.4334999999999809
20
-77.7249999999999943
11
137.5243869999999902
21
-77.7430789999999945
0
LINE
8
BLACK
6
CONTINUOUS
10
120.3497079999999926
20
-77.396183999999991
11
120.4694299999999885
21
-77.473124999999996
0
LINE
8
BLACK
6
CONTINUOUS
10
120.4694299999999885
20
-77.473124999999996
11
120.562626999999992
21
-77.580680000000001
0
LINE
8
BLACK
6
CONTINUOUS
10
120.562626999999992
20
-77.580680000000001
11
120.6217459999999875
21
-77.7101339999999965
0
LINE
8
BLACK
6
CONTINUOUS
10
120.6217459999999875
20
-77.7101339999999965
11
120.6419999999999959
21
-77.8509999999999991
0
LINE
8
BLACK
6
CONTINUOUS
10
120.6419999999999959
20
-77.8509999999999991
11
120.6217459999999875
21
-77.9918660000000017
0
LINE
8
BLACK
6
CONTINUOUS
10
120.6217459999999875
20
-77.9918660000000017
11
120.562626999999992
21
-78.1213199999999972
0
LINE
8
BLACK
6
CONTINUOUS
10
120.562626999999992
20
-78.1213199999999972
11
120.4694299999999885
21
-78.2288750000000022
0
LINE
8
BLACK
6
CONTINUOUS
10
120.4694299999999885
20
-78.2288750000000022
11
120.3497079999999926
21
-78.305815999999993
0
LINE
8
BLACK
6
CONTINUOUS
10
120.3497079999999926
20
-78.305815999999993
11
120.2131569999999954
21
-78.345911000000001
0
LINE
8
BLACK
6
CONTINUOUS
10
120.2131569999999954
20
-78.345911000000001
11
120.0708429999999964
21
-78.345911000000001
0
LINE
8
BLACK
6
CONTINUOUS
10
120.0708429999999964
20
-78.345911000000001
11
119.9342919999999992
21
-78.305815999999993
0
LINE
8
BLACK
6
CONTINUOUS
10
119.9342919999999992
20
-78.305815999999993
11
119.8145699999999891
21
-78.2288750000000022
0
LINE
8
BLACK
6
CONTINUOUS
10
119.8145699999999891
20
-78.2288750000000022
11
119.7213729999999998
21
-78.1213199999999972
0
LINE
8
BLACK
6
CONTINUOUS
10
119.7213729999999998
20
-78.1213199999999972
11
119.6622539999999901
21
-77.9918660000000017
0
LINE
8
BLACK
6
CONTINUOUS
10
119.6622539999999901
20
-77.9918660000000017
11
119.6419999999999959
21
-77.8509999999999991
0
LINE
8
BLACK
6
CONTINUOUS
10
119.6419999999999959
20
-77.8509999999999991
11
119.6622539999999901
21
-77.7101339999999965
0
LINE
8
BLACK
6
CONTINUOUS
10
119.6622539999999901
20
-77.7101339999999965
11
119.7213729999999998
21
-77.580680000000001
0
LINE
8
BLACK
6
CONTINUOUS
10
119.7213729999999998
20
-77.580680000000001
11
119.8145699999999891
21
-77.473124999999996
0
LINE
8
BLACK
6
CONTINUOUS
10
119.8145699999999891
20
-77.473124999999996
11
119.9342919999999992
21
-77.396183999999991
0
LINE
8
BLACK
6
CONTINUOUS
10
119.9342919999999992
20
-77.396183999999991
11
120.0708429999999964
21
-77.3560889999999972
0
LINE
8
BLACK
6
CONTINUOUS
10
120.0708429999999964
20
-77.3560889999999972
11
120.2131569999999954
21
-77.3560889999999972
0
LINE
8
BLACK
6
CONTINUOUS
10
120.2131569999999954
20
-77.3560889999999972
11
120.3497079999999926
21
-77.396183999999991
0
LINE
8
BLACK
6
CONTINUOUS
10
179.1037079999999833
20
-77.396183999999991
11
179.2234299999999791
21
-77.473124999999996
0
LINE
8
BLACK
6
CONTINUOUS
10
179.2234299999999791
20
-77.473124999999996
11
179.3166269999999827
21
-77.580680000000001
0
LINE
8
BLACK
6
CONTINUOUS
10
179.3166269999999827
20
-77.580680000000001
11
179.3757459999999924
21
-77.7101339999999965
0
LINE
8
BLACK
6
CONTINUOUS
10
179.3757459999999924
20
-77.7101339999999965
11
179.3959999999999866
21
-77.8509999999999991
0
LINE
8
BLACK
6
CONTINUOUS
10
179.3959999999999866
20
-77.8509999999999991
11
179.3757459999999924
21
-77.9918660000000017
0
LINE
8
BLACK
6
CONTINUOUS
10
179.3757459999999924
20
-77.9918660000000017
11
179.3166269999999827
21
-78.1213199999999972
0
LINE
8
BLACK
6
CONTINUOUS
10
179.3166269999999827
20
-78.1213199999999972
11
179.2234299999999791
21
-78.2288750000000022
0
LINE
8
BLACK
6
CONTINUOUS
10
179.2234299999999791
20
-78.2288750000000022
11
179.1037079999999833
21
-78.305815999999993
0
LINE
8
BLACK
6
CONTINUOUS
10
179.1037079999999833
20
-78.305815999999993
11
178.9671569999999861
21
-78.345911000000001
0
LINE
8
BLACK
6
CONTINUOUS
10
178.9671569999999861
20
-78.345911000000001
11
178.8248429999999871
21
-78.345911000000001
0
LINE
8
BLACK
6
CONTINUOUS
10
178.8248429999999871
20
-78.345911000000001
11
178.6882919999999899
21
-78.305815999999993
0
LINE
8
BLACK
6
CONTINUOUS
10
178.6882919999999899
20
-78.305815999999993
11
178.568569999999994
21
-78.2288750000000022
0
LINE
8
BLACK
6
CONTINUOUS
10
178.568569999999994
20
-78.2288750000000022
11
178.4753729999999905
21
-78.1213199999999972
0
LINE
8
BLACK
6
CONTINUOUS
10
178.4753729999999905
20
-78.1213199999999972
11
178.4162539999999808
21
-77.9918660000000017
0
LINE
8
BLACK
6
CONTINUOUS
10
178.4162539999999808
20
-77.9918660000000017
11
178.3959999999999866
21
-77.8509999999999991
0
LINE
8
BLACK
6
CONTINUOUS
10
178.3959999999999866
20
-77.8509999999999991
11
178.4162539999999808
21
-77.7101339999999965
0
LINE
8
BLACK
6
CONTINUOUS
10
178.4162539999999808
20
-77.7101339999999965
11
178.4753729999999905
21
-77.580680000000001
0
LINE
8
BLACK
6
CONTINUOUS
10
178.4753729999999905
20
-77.580680000000001
11
178.568569999999994
21
-77.473124999999996
0
LINE
8
BLACK
6
CONTINUOUS
10
178.568569999999994
20
-77.473124999999996
11
178.6882919999999899
21
-77.396183999999991
0
LINE
8
BLACK
6
CONTINUOUS
10
178.6882919999999899
20
-77.396183999999991
11
178.8248429999999871
21
-77.3560889999999972
0
LINE
8
BLACK
6
CONTINUOUS
10
178.8248429999999871
20
-77.3560889999999972
11
178.9671569999999861
21
-77.3560889999999972
0
LINE
8
BLACK
6
CONTINUOUS
10
178.9671569999999861
20
-77.3560889999999972
11
179.1037079999999833
21
-77.396183999999991
0
LINE
8
BLACK
6
CONTINUOUS
10
161.157402999999988
20
-77.3664179999999959
11
161.2060659999999928
21
-77.398933999999997
0
LINE
8
BLACK
6
CONTINUOUS
10
161.2060659999999928
20
-77.398933999999997
11
161.2385819999999796
21
-77.4475970000000018
0
LINE
8
BLACK
6
CONTINUOUS
10
161.2385819999999796
20
-77.4475970000000018
11
161.25
21
-77.5049999999999955
0
LINE
8
BLACK
6
CONTINUOUS
10
161.25
20
-77.5049999999999955
11
161.25
21
-77.8049999999999926
0
LINE
8
BLACK
6
CONTINUOUS
10
161.25
20
-77.8049999999999926
11
161.2385819999999796
21
-77.8624030000000005
0
LINE
8
BLACK
6
CONTINUOUS
10
161.2385819999999796
20
-77.8624030000000005
11
161.2060659999999928
21
-77.911065999999991
0
LINE
8
BLACK
6
CONTINUOUS
10
161.2060659999999928
20
-77.911065999999991
11
161.157402999999988
21
-77.9435819999999921
0
LINE
8
BLACK
6
CONTINUOUS
10
161.157402999999988
20
-77.9435819999999921
11
161.0999999999999943
21
-77.9549999999999983
0
LINE
8
BLACK
6
CONTINUOUS
10
161.0999999999999943
20
-77.9549999999999983
11
159.4499999999999886
21
-77.9549999999999983
0
LINE
8
BLACK
6
CONTINUOUS
10
159.4499999999999886
20
-77.9549999999999983
11
159.392596999999995
21
-77.9435819999999921
0
LINE
8
BLACK
6
CONTINUOUS
10
159.392596999999995
20
-77.9435819999999921
11
159.3439339999999902
21
-77.911065999999991
0
LINE
8
BLACK
6
CONTINUOUS
10
159.3439339999999902
20
-77.911065999999991
11
159.3114180000000033
21
-77.8624030000000005
0
LINE
8
BLACK
6
CONTINUOUS
10
159.3114180000000033
20
-77.8624030000000005
11
159.2999999999999829
21
-77.8049999999999926
0
LINE
8
BLACK
6
CONTINUOUS
10
159.2999999999999829
20
-77.8049999999999926
11
159.2999999999999829
21
-77.5049999999999955
0
LINE
8
BLACK
6
CONTINUOUS
10
159.2999999999999829
20
-77.5049999999999955
11
159.3114180000000033
21
-77.4475970000000018
0
LINE
8
BLACK
6
CONTINUOUS
10
159.3114180000000033
20
-77.4475970000000018
11
159.3439339999999902
21
-77.398933999999997
0
LINE
8
BLACK
6
CONTINUOUS
10
159.3439339999999902
20
-77.398933999999997
11
159.392596999999995
21
-77.3664179999999959
0
LINE
8
BLACK
6
CONTINUOUS
10
159.392596999999995
20
-77.3664179999999959
11
159.4499999999999886
21
-77.3549999999999898
0
LINE
8
BLACK
6
CONTINUOUS
10
159.4499999999999886
20
-77.3549999999999898
11
161.0999999999999943
21
-77.3549999999999898
0
LINE
8
BLACK
6
CONTINUOUS
10
161.0999999999999943
20
-77.3549999999999898
11
161.157402999999988
21
-77.3664179999999959
0
LINE
8
BLACK
6
CONTINUOUS
10
166.107403000000005
20
-77.3664179999999959
11
166.1560659999999814
21
-77.398933999999997
0
LINE
8
BLACK
6
CONTINUOUS
10
166.1560659999999814
20
-77.398933999999997
11
166.1885819999999967
21
-77.4475970000000018
0
LINE
8
BLACK
6
CONTINUOUS
10
166.1885819999999967
20
-77.4475970000000018
11
166.1999999999999886
21
-77.5049999999999955
0
LINE
8
BLACK
6
CONTINUOUS
10
166.1999999999999886
20
-77.5049999999999955
11
166.1999999999999886
21
-77.8049999999999926
0
LINE
8
BLACK
6
CONTINUOUS
10
166.1999999999999886
20
-77.8049999999999926
11
166.1885819999999967
21
-77.8624030000000005
0
LINE
8
BLACK
6
CONTINUOUS
10
166.1885819999999967
20
-77.8624030000000005
11
166.1560659999999814
21
-77.911065999999991
0
LINE
8
BLACK
6
CONTINUOUS
10
166.1560659999999814
20
-77.911065999999991
11
166.107403000000005
21
-77.9435819999999921
0
LINE
8
BLACK
6
CONTINUOUS
10
166.107403000000005
20
-77.9435819999999921
11
166.0499999999999829
21
-77.9549999999999983
0
LINE
8
BLACK
6
CONTINUOUS
10
166.0499999999999829
20
-77.9549999999999983
11
164.4000000000000057
21
-77.9549999999999983
0
LINE
8
BLACK
6
CONTINUOUS
10
164.4000000000000057
20
-77.9549999999999983
11
164.3425969999999836
21
-77.9435819999999921
0
LINE
8
BLACK
6
CONTINUOUS
10
164.3425969999999836
20
-77.9435819999999921
11
164.2939339999999788
21
-77.911065999999991
0
LINE
8
BLACK
6
CONTINUOUS
10
164.2939339999999788
20
-77.911065999999991
11
164.2614179999999919
21
-77.8624030000000005
0
LINE
8
BLACK
6
CONTINUOUS
10
164.2614179999999919
20
-77.8624030000000005
11
164.25
21
-77.8049999999999926
0
LINE
8
BLACK
6
CONTINUOUS
10
164.25
20
-77.8049999999999926
11
164.25
21
-77.5049999999999955
0
LINE
8
BLACK
6
CONTINUOUS
10
164.25
20
-77.5049999999999955
11
164.2614179999999919
21
-77.4475970000000018
0
LINE
8
BLACK
6
CONTINUOUS
10
164.2614179999999919
20
-77.4475970000000018
11
164.2939339999999788
21
-77.398933999999997
0
LINE
8
BLACK
6
CONTINUOUS
10
164.2939339999999788
20
-77.398933999999997
11
164.3425969999999836
21
-77.3664179999999959
0
LINE
8
BLACK
6
CONTINUOUS
10
164.3425969999999836
20
-77.3664179999999959
11
164.4000000000000057
21
-77.3549999999999898
0
LINE
8
BLACK
6
CONTINUOUS
10
164.4000000000000057
20
-77.3549999999999898
11
166.0499999999999829
21
-77.3549999999999898
0
LINE
8
BLACK
6
CONTINUOUS
10
166.0499999999999829
20
-77.3549999999999898
11
166.107403000000005
21
-77.3664179999999959
0
LINE
8
BLACK
6
CONTINUOUS
10
142.0649410000000046
20
-77.4139589999999913
11
142.0892729999999915
21
-77.430216999999999
0
LINE
8
BLACK
6
CONTINUOUS
10
142.0892729999999915
20
-77.430216999999999
11
142.1055309999999849
21
-77.4545490000000001
0
LINE
8
BLACK
6
CONTINUOUS
10
142.1055309999999849
20
-77.4545490000000001
11
142.1112399999999809
21
-77.4832499999999982
0
LINE
8
BLACK
6
CONTINUOUS
10
142.1112399999999809
20
-77.4832499999999982
11
142.1112399999999809
21
-77.6332499999999897
0
LINE
8
BLACK
6
CONTINUOUS
10
142.1112399999999809
20
-77.6332499999999897
11
142.1055309999999849
21
-77.661951000000002
0
LINE
8
BLACK
6
CONTINUOUS
10
142.1055309999999849
20
-77.661951000000002
11
142.0892729999999915
21
-77.6862830000000031
0
LINE
8
BLACK
6
CONTINUOUS
10
142.0892729999999915
20
-77.6862830000000031
11
142.0649410000000046
21
-77.7025409999999965
0
LINE
8
BLACK
6
CONTINUOUS
10
142.0649410000000046
20
-77.7025409999999965
11
142.0362399999999923
21
-77.7082499999999925
0
LINE
8
BLACK
6
CONTINUOUS
10
142.0362399999999923
20
-77.7082499999999925
11
140.5862400000000036
21
-77.7082499999999925
0
LINE
8
BLACK
6
CONTINUOUS
10
140.5862400000000036
20
-77.7082499999999925
11
140.5575389999999913
21
-77.7025409999999965
0
LINE
8
BLACK
6
CONTINUOUS
10
140.5575389999999913
20
-77.7025409999999965
11
140.5332070000000044
21
-77.6862830000000031
0
LINE
8
BLACK
6
CONTINUOUS
10
140.5332070000000044
20
-77.6862830000000031
11
140.5169489999999826
21
-77.661951000000002
0
LINE
8
BLACK
6
CONTINUOUS
10
140.5169489999999826
20
-77.661951000000002
11
140.5112399999999866
21
-77.6332499999999897
0
LINE
8
BLACK
6
CONTINUOUS
10
140.5112399999999866
20
-77.6332499999999897
11
140.5112399999999866
21
-77.4832499999999982
0
LINE
8
BLACK
6
CONTINUOUS
10
140.5112399999999866
20
-77.4832499999999982
11
140.5169489999999826
21
-77.4545490000000001
0
LINE
8
BLACK
6
CONTINUOUS
10
140.5169489999999826
20
-77.4545490000000001
11
140.5332070000000044
21
-77.430216999999999
0
LINE
8
BLACK
6
CONTINUOUS
10
140.5332070000000044
20
-77.430216999999999
11
140.5575389999999913
21
-77.4139589999999913
0
LINE
8
BLACK
6
CONTINUOUS
10
140.5575389999999913
20
-77.4139589999999913
11
140.5862400000000036
21
-77.4082499999999953
0
LINE
8
BLACK
6
CONTINUOUS
10
140.5862400000000036
20
-77.4082499999999953
11
142.0362399999999923
21
-77.4082499999999953
0
LINE
8
BLACK
6
CONTINUOUS
10
142.0362399999999923
20
-77.4082499999999953
11
142.0649410000000046
21
-77.4139589999999913
0
LINE
8
BLACK
6
CONTINUOUS
10
157.4149409999999989
20
-77.4139589999999913
11
157.4392729999999858
21
-77.430216999999999
0
LINE
8
BLACK
6
CONTINUOUS
10
157.4392729999999858
20
-77.430216999999999
11
157.4555309999999793
21
-77.4545490000000001
0
LINE
8
BLACK
6
CONTINUOUS
10
157.4555309999999793
20
-77.4545490000000001
11
157.4612400000000036
21
-77.4832499999999982
0
LINE
8
BLACK
6
CONTINUOUS
10
157.4612400000000036
20
-77.4832499999999982
11
157.4612400000000036
21
-77.6332499999999897
0
LINE
8
BLACK
6
CONTINUOUS
10
157.4612400000000036
20
-77.6332499999999897
11
157.4555309999999793
21
-77.661951000000002
0
LINE
8
BLACK
6
CONTINUOUS
10
157.4555309999999793
20
-77.661951000000002
11
157.4392729999999858
21
-77.6862830000000031
0
LINE
8
BLACK
6
CONTINUOUS
10
157.4392729999999858
20
-77.6862830000000031
11
157.4149409999999989
21
-77.7025409999999965
0
LINE
8
BLACK
6
CONTINUOUS
10
157.4149409999999989
20
-77.7025409999999965
11
157.3862399999999866
21
-77.7082499999999925
0
LINE
8
BLACK
6
CONTINUOUS
10
157.3862399999999866
20
-77.7082499999999925
11
155.936239999999998
21
-77.7082499999999925
0
LINE
8
BLACK
6
CONTINUOUS
10
155.936239999999998
20
-77.7082499999999925
11
155.9075389999999857
21
-77.7025409999999965
0
LINE
8
BLACK
6
CONTINUOUS
10
155.9075389999999857
20
-77.7025409999999965
11
155.8832069999999987
21
-77.6862830000000031
0
LINE
8
BLACK
6
CONTINUOUS
10
155.8832069999999987
20
-77.6862830000000031
11
155.8669490000000053
21
-77.661951000000002
0
LINE
8
BLACK
6
CONTINUOUS
10
155.8669490000000053
20
-77.661951000000002
11
155.8612399999999809
21
-77.6332499999999897
0
LINE
8
BLACK
6
CONTINUOUS
10
155.8612399999999809
20
-77.6332499999999897
11
155.8612399999999809
21
-77.4832499999999982
0
LINE
8
BLACK
6
CONTINUOUS
10
155.8612399999999809
20
-77.4832499999999982
11
155.8669490000000053
21
-77.4545490000000001
0
LINE
8
BLACK
6
CONTINUOUS
10
155.8669490000000053
20
-77.4545490000000001
11
155.8832069999999987
21
-77.430216999999999
0
LINE
8
BLACK
6
CONTINUOUS
10
155.8832069999999987
20
-77.430216999999999
11
155.9075389999999857
21
-77.4139589999999913
0
LINE
8
BLACK
6
CONTINUOUS
10
155.9075389999999857
20
-77.4139589999999913
11
155.936239999999998
21
-77.4082499999999953
0
LINE
8
BLACK
6
CONTINUOUS
10
155.936239999999998
20
-77.4082499999999953
11
157.3862399999999866
21
-77.4082499999999953
0
LINE
8
BLACK
6
CONTINUOUS
10
157.3862399999999866
20
-77.4082499999999953
11
157.4149409999999989
21
-77.4139589999999913
0
LINE
8
BLACK
6
CONTINUOUS
10
126.0524029999999982
20
-75.5114179999999919
11
126.1010659999999888
21
-75.543933999999993
0
LINE
8
BLACK
6
CONTINUOUS
10
126.1010659999999888
20
-75.543933999999993
11
126.1335819999999899
21
-75.5925969999999978
0
LINE
8
BLACK
6
CONTINUOUS
10
126.1335819999999899
20
-75.5925969999999978
11
126.144999999999996
21
-75.6499999999999915
0
LINE
8
BLACK
6
CONTINUOUS
10
126.144999999999996
20
-75.6499999999999915
11
126.144999999999996
21
-77.2999999999999972
0
LINE
8
BLACK
6
CONTINUOUS
10
126.144999999999996
20
-77.2999999999999972
11
126.1335819999999899
21
-77.3574029999999908
0
LINE
8
BLACK
6
CONTINUOUS
10
126.1335819999999899
20
-77.3574029999999908
11
126.1010659999999888
21
-77.4060659999999956
0
LINE
8
BLACK
6
CONTINUOUS
10
126.1010659999999888
20
-77.4060659999999956
11
126.0524029999999982
21
-77.4385819999999967
0
LINE
8
BLACK
6
CONTINUOUS
10
126.0524029999999982
20
-77.4385819999999967
11
125.9949999999999903
21
-77.4500000000000028
0
LINE
8
BLACK
6
CONTINUOUS
10
125.9949999999999903
20
-77.4500000000000028
11
125.6949999999999932
21
-77.4500000000000028
0
LINE
8
BLACK
6
CONTINUOUS
10
125.6949999999999932
20
-77.4500000000000028
11
125.6375969999999995
21
-77.4385819999999967
0
LINE
8
BLACK
6
CONTINUOUS
10
125.6375969999999995
20
-77.4385819999999967
11
125.5889339999999947
21
-77.4060659999999956
0
LINE
8
BLACK
6
CONTINUOUS
10
125.5889339999999947
20
-77.4060659999999956
11
125.5564179999999936
21
-77.3574029999999908
0
LINE
8
BLACK
6
CONTINUOUS
10
125.5564179999999936
20
-77.3574029999999908
11
125.5449999999999875
21
-77.2999999999999972
0
LINE
8
BLACK
6
CONTINUOUS
10
125.5449999999999875
20
-77.2999999999999972
11
125.5449999999999875
21
-75.6499999999999915
0
LINE
8
BLACK
6
CONTINUOUS
10
125.5449999999999875
20
-75.6499999999999915
11
125.5564179999999936
21
-75.5925969999999978
0
LINE
8
BLACK
6
CONTINUOUS
10
125.5564179999999936
20
-75.5925969999999978
11
125.5889339999999947
21
-75.543933999999993
0
LINE
8
BLACK
6
CONTINUOUS
10
125.5889339999999947
20
-75.543933999999993
11
125.6375969999999995
21
-75.5114179999999919
0
LINE
8
BLACK
6
CONTINUOUS
10
125.6375969999999995
20
-75.5114179999999919
11
125.6949999999999932
21
-75.5
0
LINE
8
BLACK
6
CONTINUOUS
10
125.6949999999999932
20
-75.5
11
125.9949999999999903
21
-75.5
0
LINE
8
BLACK
6
CONTINUOUS
10
125.9949999999999903
20
-75.5
11
126.0524029999999982
21
-75.5114179999999919
0
LINE
8
BLACK
6
CONTINUOUS
10
127.3224029999999942
20
-75.5114179999999919
11
127.371065999999999
21
-75.543933999999993
0
LINE
8
BLACK
6
CONTINUOUS
10
127.371065999999999
20
-75.543933999999993
11
127.4035820000000001
21
-75.5925969999999978
0
LINE
8
BLACK
6
CONTINUOUS
10
127.4035820000000001
20
-75.5925969999999978
11
127.414999999999992
21
-75.6499999999999915
0
LINE
8
BLACK
6
CONTINUOUS
10
127.414999999999992
20
-75.6499999999999915
11
127.414999999999992
21
-77.2999999999999972
0
LINE
8
BLACK
6
CONTINUOUS
10
127.414999999999992
20
-77.2999999999999972
11
127.4035820000000001
21
-77.3574029999999908
0
LINE
8
BLACK
6
CONTINUOUS
10
127.4035820000000001
20
-77.3574029999999908
11
127.371065999999999
21
-77.4060659999999956
0
LINE
8
BLACK
6
CONTINUOUS
10
127.371065999999999
20
-77.4060659999999956
11
127.3224029999999942
21
-77.4385819999999967
0
LINE
8
BLACK
6
CONTINUOUS
10
127.3224029999999942
20
-77.4385819999999967
11
127.2650000000000006
21
-77.4500000000000028
0
LINE
8
BLACK
6
CONTINUOUS
10
127.2650000000000006
20
-77.4500000000000028
11
126.9649999999999892
21
-77.4500000000000028
0
LINE
8
BLACK
6
CONTINUOUS
10
126.9649999999999892
20
-77.4500000000000028
11
126.9075969999999955
21
-77.4385819999999967
0
LINE
8
BLACK
6
CONTINUOUS
10
126.9075969999999955
20
-77.4385819999999967
11
126.8589339999999908
21
-77.4060659999999956
0
LINE
8
BLACK
6
CONTINUOUS
10
126.8589339999999908
20
-77.4060659999999956
11
126.8264179999999897
21
-77.3574029999999908
0
LINE
8
BLACK
6
CONTINUOUS
10
126.8264179999999897
20
-77.3574029999999908
11
126.8149999999999977
21
-77.2999999999999972
0
LINE
8
BLACK
6
CONTINUOUS
10
126.8149999999999977
20
-77.2999999999999972
11
126.8149999999999977
21
-75.6499999999999915
0
LINE
8
BLACK
6
CONTINUOUS
10
126.8149999999999977
20
-75.6499999999999915
11
126.8264179999999897
21
-75.5925969999999978
0
LINE
8
BLACK
6
CONTINUOUS
10
126.8264179999999897
20
-75.5925969999999978
11
126.8589339999999908
21
-75.543933999999993
0
LINE
8
BLACK
6
CONTINUOUS
10
126.8589339999999908
20
-75.543933999999993
11
126.9075969999999955
21
-75.5114179999999919
0
LINE
8
BLACK
6
CONTINUOUS
10
126.9075969999999955
20
-75.5114179999999919
11
126.9649999999999892
21
-75.5
0
LINE
8
BLACK
6
CONTINUOUS
10
126.9649999999999892
20
-75.5
11
127.2650000000000006
21
-75.5
0
LINE
8
BLACK
6
CONTINUOUS
10
127.2650000000000006
20
-75.5
11
127.3224029999999942
21
-75.5114179999999919
0
LINE
8
BLACK
6
CONTINUOUS
10
128.5924029999999902
20
-75.5114179999999919
11
128.641065999999995
21
-75.543933999999993
0
LINE
8
BLACK
6
CONTINUOUS
10
128.641065999999995
20
-75.543933999999993
11
128.6735819999999819
21
-75.5925969999999978
0
LINE
8
BLACK
6
CONTINUOUS
10
128.6735819999999819
20
-75.5925969999999978
11
128.6850000000000023
21
-75.6499999999999915
0
LINE
8
BLACK
6
CONTINUOUS
10
128.6850000000000023
20
-75.6499999999999915
11
128.6850000000000023
21
-77.2999999999999972
0
LINE
8
BLACK
6
CONTINUOUS
10
128.6850000000000023
20
-77.2999999999999972
11
128.6735819999999819
21
-77.3574029999999908
0
LINE
8
BLACK
6
CONTINUOUS
10
128.6735819999999819
20
-77.3574029999999908
11
128.641065999999995
21
-77.4060659999999956
0
LINE
8
BLACK
6
CONTINUOUS
10
128.641065999999995
20
-77.4060659999999956
11
128.5924029999999902
21
-77.4385819999999967
0
LINE
8
BLACK
6
CONTINUOUS
10
128.5924029999999902
20
-77.4385819999999967
11
128.5349999999999966
21
-77.4500000000000028
0
LINE
8
BLACK
6
CONTINUOUS
10
128.5349999999999966
20
-77.4500000000000028
11
128.2349999999999852
21
-77.4500000000000028
0
LINE
8
BLACK
6
CONTINUOUS
10
128.2349999999999852
20
-77.4500000000000028
11
128.1775969999999916
21
-77.4385819999999967
0
LINE
8
BLACK
6
CONTINUOUS
10
128.1775969999999916
20
-77.4385819999999967
11
128.1289339999999868
21
-77.4060659999999956
0
LINE
8
BLACK
6
CONTINUOUS
10
128.1289339999999868
20
-77.4060659999999956
11
128.0964179999999999
21
-77.3574029999999908
0
LINE
8
BLACK
6
CONTINUOUS
10
128.0964179999999999
20
-77.3574029999999908
11
128.085000000000008
21
-77.2999999999999972
0
LINE
8
BLACK
6
CONTINUOUS
10
128.085000000000008
20
-77.2999999999999972
11
128.085000000000008
21
-75.6499999999999915
0
LINE
8
BLACK
6
CONTINUOUS
10
128.085000000000008
20
-75.6499999999999915
11
128.0964179999999999
21
-75.5925969999999978
0
LINE
8
BLACK
6
CONTINUOUS
10
128.0964179999999999
20
-75.5925969999999978
11
128.1289339999999868
21
-75.543933999999993
0
LINE
8
BLACK
6
CONTINUOUS
10
128.1289339999999868
20
-75.543933999999993
11
128.1775969999999916
21
-75.5114179999999919
0
LINE
8
BLACK
6
CONTINUOUS
10
128.1775969999999916
20
-75.5114179999999919
11
128.2349999999999852
21
-75.5
0
LINE
8
BLACK
6
CONTINUOUS
10
128.2349999999999852
20
-75.5
11
128.5349999999999966
21
-75.5
0
LINE
8
BLACK
6
CONTINUOUS
10
128.5349999999999966
20
-75.5
11
128.5924029999999902
21
-75.5114179999999919
0
LINE
8
BLACK
6
CONTINUOUS
10
129.8624030000000005
20
-75.5114179999999919
11
129.9110660000000053
21
-75.543933999999993
0
LINE
8
BLACK
6
CONTINUOUS
10
129.9110660000000053
20
-75.543933999999993
11
129.9435819999999921
21
-75.5925969999999978
0
LINE
8
BLACK
6
CONTINUOUS
10
129.9435819999999921
20
-75.5925969999999978
11
129.9549999999999841
21
-75.6499999999999915
0
LINE
8
BLACK
6
CONTINUOUS
10
129.9549999999999841
20
-75.6499999999999915
11
129.9549999999999841
21
-77.2999999999999972
0
LINE
8
BLACK
6
CONTINUOUS
10
129.9549999999999841
20
-77.2999999999999972
11
129.9435819999999921
21
-77.3574029999999908
0
LINE
8
BLACK
6
CONTINUOUS
10
129.9435819999999921
20
-77.3574029999999908
11
129.9110660000000053
21
-77.4060659999999956
0
LINE
8
BLACK
6
CONTINUOUS
10
129.9110660000000053
20
-77.4060659999999956
11
129.8624030000000005
21
-77.4385819999999967
0
LINE
8
BLACK
6
CONTINUOUS
10
129.8624030000000005
20
-77.4385819999999967
11
129.8050000000000068
21
-77.4500000000000028
0
LINE
8
BLACK
6
CONTINUOUS
10
129.8050000000000068
20
-77.4500000000000028
11
129.5049999999999955
21
-77.4500000000000028
0
LINE
8
BLACK
6
CONTINUOUS
10
129.5049999999999955
20
-77.4500000000000028
11
129.4475970000000018
21
-77.4385819999999967
0
LINE
8
BLACK
6
CONTINUOUS
10
129.4475970000000018
20
-77.4385819999999967
11
129.398933999999997
21
-77.4060659999999956
0
LINE
8
BLACK
6
CONTINUOUS
10
129.398933999999997
20
-77.4060659999999956
11
129.3664179999999817
21
-77.3574029999999908
0
LINE
8
BLACK
6
CONTINUOUS
10
129.3664179999999817
20
-77.3574029999999908
11
129.3549999999999898
21
-77.2999999999999972
0
LINE
8
BLACK
6
CONTINUOUS
10
129.3549999999999898
20
-77.2999999999999972
11
129.3549999999999898
21
-75.6499999999999915
0
LINE
8
BLACK
6
CONTINUOUS
10
129.3549999999999898
20
-75.6499999999999915
11
129.3664179999999817
21
-75.5925969999999978
0
LINE
8
BLACK
6
CONTINUOUS
10
129.3664179999999817
20
-75.5925969999999978
11
129.398933999999997
21
-75.543933999999993
0
LINE
8
BLACK
6
CONTINUOUS
10
129.398933999999997
20
-75.543933999999993
11
129.4475970000000018
21
-75.5114179999999919
0
LINE
8
BLACK
6
CONTINUOUS
10
129.4475970000000018
20
-75.5114179999999919
11
129.5049999999999955
21
-75.5
0
LINE
8
BLACK
6
CONTINUOUS
10
129.5049999999999955
20
-75.5
11
129.8050000000000068
21
-75.5
0
LINE
8
BLACK
6
CONTINUOUS
10
129.8050000000000068
20
-75.5
11
129.8624030000000005
21
-75.5114179999999919
0
LINE
8
BLACK
6
CONTINUOUS
10
142.0649410000000046
20
-76.9139589999999913
11
142.0892729999999915
21
-76.930216999999999
0
LINE
8
BLACK
6
CONTINUOUS
10
142.0892729999999915
20
-76.930216999999999
11
142.1055309999999849
21
-76.9545490000000001
0
LINE
8
BLACK
6
CONTINUOUS
10
142.1055309999999849
20
-76.9545490000000001
11
142.1112399999999809
21
-76.9832499999999982
0
LINE
8
BLACK
6
CONTINUOUS
10
142.1112399999999809
20
-76.9832499999999982
11
142.1112399999999809
21
-77.1332499999999897
0
LINE
8
BLACK
6
CONTINUOUS
10
142.1112399999999809
20
-77.1332499999999897
11
142.1055309999999849
21
-77.161951000000002
0
LINE
8
BLACK
6
CONTINUOUS
10
142.1055309999999849
20
-77.161951000000002
11
142.0892729999999915
21
-77.1862830000000031
0
LINE
8
BLACK
6
CONTINUOUS
10
142.0892729999999915
20
-77.1862830000000031
11
142.0649410000000046
21
-77.2025409999999965
0
LINE
8
BLACK
6
CONTINUOUS
10
142.0649410000000046
20
-77.2025409999999965
11
142.0362399999999923
21
-77.2082499999999925
0
LINE
8
BLACK
6
CONTINUOUS
10
142.0362399999999923
20
-77.2082499999999925
11
140.5862400000000036
21
-77.2082499999999925
0
LINE
8
BLACK
6
CONTINUOUS
10
140.5862400000000036
20
-77.2082499999999925
11
140.5575389999999913
21
-77.2025409999999965
0
LINE
8
BLACK
6
CONTINUOUS
10
140.5575389999999913
20
-77.2025409999999965
11
140.5332070000000044
21
-77.1862830000000031
0
LINE
8
BLACK
6
CONTINUOUS
10
140.5332070000000044
20
-77.1862830000000031
11
140.5169489999999826
21
-77.161951000000002
0
LINE
8
BLACK
6
CONTINUOUS
10
140.5169489999999826
20
-77.161951000000002
11
140.5112399999999866
21
-77.1332499999999897
0
LINE
8
BLACK
6
CONTINUOUS
10
140.5112399999999866
20
-77.1332499999999897
11
140.5112399999999866
21
-76.9832499999999982
0
LINE
8
BLACK
6
CONTINUOUS
10
140.5112399999999866
20
-76.9832499999999982
11
140.5169489999999826
21
-76.9545490000000001
0
LINE
8
BLACK
6
CONTINUOUS
10
140.5169489999999826
20
-76.9545490000000001
11
140.5332070000000044
21
-76.930216999999999
0
LINE
8
BLACK
6
CONTINUOUS
10
140.5332070000000044
20
-76.930216999999999
11
140.5575389999999913
21
-76.9139589999999913
0
LINE
8
BLACK
6
CONTINUOUS
10
140.5575389999999913
20
-76.9139589999999913
11
140.5862400000000036
21
-76.9082499999999953
0
LINE
8
BLACK
6
CONTINUOUS
10
140.5862400000000036
20
-76.9082499999999953
11
142.0362399999999923
21
-76.9082499999999953
0
LINE
8
BLACK
6
CONTINUOUS
10
142.0362399999999923
20
-76.9082499999999953
11
142.0649410000000046
21
-76.9139589999999913
0
LINE
8
BLACK
6
CONTINUOUS
10
157.4149409999999989
20
-76.9139589999999913
11
157.4392729999999858
21
-76.930216999999999
0
LINE
8
BLACK
6
CONTINUOUS
10
157.4392729999999858
20
-76.930216999999999
11
157.4555309999999793
21
-76.9545490000000001
0
LINE
8
BLACK
6
CONTINUOUS
10
157.4555309999999793
20
-76.9545490000000001
11
157.4612400000000036
21
-76.9832499999999982
0
LINE
8
BLACK
6
CONTINUOUS
10
157.4612400000000036
20
-76.9832499999999982
11
157.4612400000000036
21
-77.1332499999999897
0
LINE
8
BLACK
6
CONTINUOUS
10
157.4612400000000036
20
-77.1332499999999897
11
157.4555309999999793
21
-77.161951000000002
0
LINE
8
BLACK
6
CONTINUOUS
10
157.4555309999999793
20
-77.161951000000002
11
157.4392729999999858
21
-77.1862830000000031
0
LINE
8
BLACK
6
CONTINUOUS
10
157.4392729999999858
20
-77.1862830000000031
11
157.4149409999999989
21
-77.2025409999999965
0
LINE
8
BLACK
6
CONTINUOUS
10
157.4149409999999989
20
-77.2025409999999965
11
157.3862399999999866
21
-77.2082499999999925
0
LINE
8
BLACK
6
CONTINUOUS
10
157.3862399999999866
20
-77.2082499999999925
11
155.936239999999998
21
-77.2082499999999925
0
LINE
8
BLACK
6
CONTINUOUS
10
155.936239999999998
20
-77.2082499999999925
11
155.9075389999999857
21
-77.2025409999999965
0
LINE
8
BLACK
6
CONTINUOUS
10
155.9075389999999857
20
-77.2025409999999965
11
155.8832069999999987
21
-77.1862830000000031
0
LINE
8
BLACK
6
CONTINUOUS
10
155.8832069999999987
20
-77.1862830000000031
11
155.8669490000000053
21
-77.161951000000002
0
LINE
8
BLACK
6
CONTINUOUS
10
155.8669490000000053
20
-77.161951000000002
11
155.8612399999999809
21
-77.1332499999999897
0
LINE
8
BLACK
6
CONTINUOUS
10
155.8612399999999809
20
-77.1332499999999897
11
155.8612399999999809
21
-76.9832499999999982
0
LINE
8
BLACK
6
CONTINUOUS
10
155.8612399999999809
20
-76.9832499999999982
11
155.8669490000000053
21
-76.9545490000000001
0
LINE
8
BLACK
6
CONTINUOUS
10
155.8669490000000053
20
-76.9545490000000001
11
155.8832069999999987
21
-76.930216999999999
0
LINE
8
BLACK
6
CONTINUOUS
10
155.8832069999999987
20
-76.930216999999999
11
155.9075389999999857
21
-76.9139589999999913
0
LINE
8
BLACK
6
CONTINUOUS
10
155.9075389999999857
20
-76.9139589999999913
11
155.936239999999998
21
-76.9082499999999953
0
LINE
8
BLACK
6
CONTINUOUS
10
155.936239999999998
20
-76.9082499999999953
11
157.3862399999999866
21
-76.9082499999999953
0
LINE
8
BLACK
6
CONTINUOUS
10
157.3862399999999866
20
-76.9082499999999953
11
157.4149409999999989
21
-76.9139589999999913
0
LINE
8
BLACK
6
CONTINUOUS
10
122.1956709999999902
20
-75.8190299999999979
11
122.2767769999999956
21
-75.8732229999999959
0
LINE
8
BLACK
6
CONTINUOUS
10
122.2767769999999956
20
-75.8732229999999959
11
122.3309699999999935
21
-75.9543290000000013
0
LINE
8
BLACK
6
CONTINUOUS
10
122.3309699999999935
20
-75.9543290000000013
11
122.3499999999999943
21
-76.0499999999999972
0
LINE
8
BLACK
6
CONTINUOUS
10
122.3499999999999943
20
-76.0499999999999972
11
122.3499999999999943
21
-76.9500000000000028
0
LINE
8
BLACK
6
CONTINUOUS
10
122.3499999999999943
20
-76.9500000000000028
11
122.3309699999999935
21
-77.0456709999999987
0
LINE
8
BLACK
6
CONTINUOUS
10
122.3309699999999935
20
-77.0456709999999987
11
122.2767769999999956
21
-77.1267769999999899
0
LINE
8
BLACK
6
CONTINUOUS
10
122.2767769999999956
20
-77.1267769999999899
11
122.1956709999999902
21
-77.1809700000000021
0
LINE
8
BLACK
6
CONTINUOUS
10
122.1956709999999902
20
-77.1809700000000021
11
122.0999999999999943
21
-77.2000000000000028
0
LINE
8
BLACK
6
CONTINUOUS
10
122.0999999999999943
20
-77.2000000000000028
11
121.3999999999999915
21
-77.2000000000000028
0
LINE
8
BLACK
6
CONTINUOUS
10
121.3999999999999915
20
-77.2000000000000028
11
121.3043289999999956
21
-77.1809700000000021
0
LINE
8
BLACK
6
CONTINUOUS
10
121.3043289999999956
20
-77.1809700000000021
11
121.2232229999999902
21
-77.1267769999999899
0
LINE
8
BLACK
6
CONTINUOUS
10
121.2232229999999902
20
-77.1267769999999899
11
121.1690299999999922
21
-77.0456709999999987
0
LINE
8
BLACK
6
CONTINUOUS
10
121.1690299999999922
20
-77.0456709999999987
11
121.1499999999999915
21
-76.9500000000000028
0
LINE
8
BLACK
6
CONTINUOUS
10
121.1499999999999915
20
-76.9500000000000028
11
121.1499999999999915
21
-76.0499999999999972
0
LINE
8
BLACK
6
CONTINUOUS
10
121.1499999999999915
20
-76.0499999999999972
11
121.1690299999999922
21
-75.9543290000000013
0
LINE
8
BLACK
6
CONTINUOUS
10
121.1690299999999922
20
-75.9543290000000013
11
121.2232229999999902
21
-75.8732229999999959
0
LINE
8
BLACK
6
CONTINUOUS
10
121.2232229999999902
20
-75.8732229999999959
11
121.3043289999999956
21
-75.8190299999999979
0
LINE
8
BLACK
6
CONTINUOUS
10
121.3043289999999956
20
-75.8190299999999979
11
121.3999999999999915
21
-75.7999999999999972
0
LINE
8
BLACK
6
CONTINUOUS
10
121.3999999999999915
20
-75.7999999999999972
11
122.0999999999999943
21
-75.7999999999999972
0
LINE
8
BLACK
6
CONTINUOUS
10
122.0999999999999943
20
-75.7999999999999972
11
122.1956709999999902
21
-75.8190299999999979
0
LINE
8
BLACK
6
CONTINUOUS
10
124.1956709999999902
20
-75.8190299999999979
11
124.2767769999999956
21
-75.8732229999999959
0
LINE
8
BLACK
6
CONTINUOUS
10
124.2767769999999956
20
-75.8732229999999959
11
124.3309699999999935
21
-75.9543290000000013
0
LINE
8
BLACK
6
CONTINUOUS
10
124.3309699999999935
20
-75.9543290000000013
11
124.3499999999999943
21
-76.0499999999999972
0
LINE
8
BLACK
6
CONTINUOUS
10
124.3499999999999943
20
-76.0499999999999972
11
124.3499999999999943
21
-76.9500000000000028
0
LINE
8
BLACK
6
CONTINUOUS
10
124.3499999999999943
20
-76.9500000000000028
11
124.3309699999999935
21
-77.0456709999999987
0
LINE
8
BLACK
6
CONTINUOUS
10
124.3309699999999935
20
-77.0456709999999987
11
124.2767769999999956
21
-77.1267769999999899
0
LINE
8
BLACK
6
CONTINUOUS
10
124.2767769999999956
20
-77.1267769999999899
11
124.1956709999999902
21
-77.1809700000000021
0
LINE
8
BLACK
6
CONTINUOUS
10
124.1956709999999902
20
-77.1809700000000021
11
124.0999999999999943
21
-77.2000000000000028
0
LINE
8
BLACK
6
CONTINUOUS
10
124.0999999999999943
20
-77.2000000000000028
11
123.3999999999999915
21
-77.2000000000000028
0
LINE
8
BLACK
6
CONTINUOUS
10
123.3999999999999915
20
-77.2000000000000028
11
123.3043289999999956
21
-77.1809700000000021
0
LINE
8
BLACK
6
CONTINUOUS
10
123.3043289999999956
20
-77.1809700000000021
11
123.2232229999999902
21
-77.1267769999999899
0
LINE
8
BLACK
6
CONTINUOUS
10
123.2232229999999902
20
-77.1267769999999899
11
123.1690299999999922
21
-77.0456709999999987
0
LINE
8
BLACK
6
CONTINUOUS
10
123.1690299999999922
20
-77.0456709999999987
11
123.1499999999999915
21
-76.9500000000000028
0
LINE
8
BLACK
6
CONTINUOUS
10
123.1499999999999915
20
-76.9500000000000028
11
123.1499999999999915
21
-76.0499999999999972
0
LINE
8
BLACK
6
CONTINUOUS
10
123.1499999999999915
20
-76.0499999999999972
11
123.1690299999999922
21
-75.9543290000000013
0
LINE
8
BLACK
6
CONTINUOUS
10
123.1690299999999922
20
-75.9543290000000013
11
123.2232229999999902
21
-75.8732229999999959
0
LINE
8
BLACK
6
CONTINUOUS
10
123.2232229999999902
20
-75.8732229999999959
11
123.3043289999999956
21
-75.8190299999999979
0
LINE
8
BLACK
6
CONTINUOUS
10
123.3043289999999956
20
-75.8190299999999979
11
123.3999999999999915
21
-75.7999999999999972
0
LINE
8
BLACK
6
CONTINUOUS
10
123.3999999999999915
20
-75.7999999999999972
11
124.0999999999999943
21
-75.7999999999999972
0
LINE
8
BLACK
6
CONTINUOUS
10
124.0999999999999943
20
-75.7999999999999972
11
124.1956709999999902
21
-75.8190299999999979
0
LINE
8
BLACK
6
CONTINUOUS
10
175.6956710000000044
20
-75.8190299999999979
11
175.7767769999999814
21
-75.8732229999999959
0
LINE
8
BLACK
6
CONTINUOUS
10
175.7767769999999814
20
-75.8732229999999959
11
175.8309699999999793
21
-75.9543290000000013
0
LINE
8
BLACK
6
CONTINUOUS
10
175.8309699999999793
20
-75.9543290000000013
11
175.8499999999999943
21
-76.0499999999999972
0
LINE
8
BLACK
6
CONTINUOUS
10
175.8499999999999943
20
-76.0499999999999972
11
175.8499999999999943
21
-76.9500000000000028
0
LINE
8
BLACK
6
CONTINUOUS
10
175.8499999999999943
20
-76.9500000000000028
11
175.8309699999999793
21
-77.0456709999999987
0
LINE
8
BLACK
6
CONTINUOUS
10
175.8309699999999793
20
-77.0456709999999987
11
175.7767769999999814
21
-77.1267769999999899
0
LINE
8
BLACK
6
CONTINUOUS
10
175.7767769999999814
20
-77.1267769999999899
11
175.6956710000000044
21
-77.1809700000000021
0
LINE
8
BLACK
6
CONTINUOUS
10
175.6956710000000044
20
-77.1809700000000021
11
175.5999999999999943
21
-77.2000000000000028
0
LINE
8
BLACK
6
CONTINUOUS
10
175.5999999999999943
20
-77.2000000000000028
11
174.9000000000000057
21
-77.2000000000000028
0
LINE
8
BLACK
6
CONTINUOUS
10
174.9000000000000057
20
-77.2000000000000028
11
174.8043289999999956
21
-77.1809700000000021
0
LINE
8
BLACK
6
CONTINUOUS
10
174.8043289999999956
20
-77.1809700000000021
11
174.7232229999999902
21
-77.1267769999999899
0
LINE
8
BLACK
6
CONTINUOUS
10
174.7232229999999902
20
-77.1267769999999899
11
174.6690299999999922
21
-77.0456709999999987
0
LINE
8
BLACK
6
CONTINUOUS
10
174.6690299999999922
20
-77.0456709999999987
11
174.6500000000000057
21
-76.9500000000000028
0
LINE
8
BLACK
6
CONTINUOUS
10
174.6500000000000057
20
-76.9500000000000028
11
174.6500000000000057
21
-76.0499999999999972
0
LINE
8
BLACK
6
CONTINUOUS
10
174.6500000000000057
20
-76.0499999999999972
11
174.6690299999999922
21
-75.9543290000000013
0
LINE
8
BLACK
6
CONTINUOUS
10
174.6690299999999922
20
-75.9543290000000013
11
174.7232229999999902
21
-75.8732229999999959
0
LINE
8
BLACK
6
CONTINUOUS
10
174.7232229999999902
20
-75.8732229999999959
11
174.8043289999999956
21
-75.8190299999999979
0
LINE
8
BLACK
6
CONTINUOUS
10
174.8043289999999956
20
-75.8190299999999979
11
174.9000000000000057
21
-75.7999999999999972
0
LINE
8
BLACK
6
CONTINUOUS
10
174.9000000000000057
20
-75.7999999999999972
11
175.5999999999999943
21
-75.7999999999999972
0
LINE
8
BLACK
6
CONTINUOUS
10
175.5999999999999943
20
-75.7999999999999972
11
175.6956710000000044
21
-75.8190299999999979
0
LINE
8
BLACK
6
CONTINUOUS
10
177.6956710000000044
20
-75.8190299999999979
11
177.7767769999999814
21
-75.8732229999999959
0
LINE
8
BLACK
6
CONTINUOUS
10
177.7767769999999814
20
-75.8732229999999959
11
177.8309699999999793
21
-75.9543290000000013
0
LINE
8
BLACK
6
CONTINUOUS
10
177.8309699999999793
20
-75.9543290000000013
11
177.8499999999999943
21
-76.0499999999999972
0
LINE
8
BLACK
6
CONTINUOUS
10
177.8499999999999943
20
-76.0499999999999972
11
177.8499999999999943
21
-76.9500000000000028
0
LINE
8
BLACK
6
CONTINUOUS
10
177.8499999999999943
20
-76.9500000000000028
11
177.8309699999999793
21
-77.0456709999999987
0
LINE
8
BLACK
6
CONTINUOUS
10
177.8309699999999793
20
-77.0456709999999987
11
177.7767769999999814
21
-77.1267769999999899
0
LINE
8
BLACK
6
CONTINUOUS
10
177.7767769999999814
20
-77.1267769999999899
11
177.6956710000000044
21
-77.1809700000000021
0
LINE
8
BLACK
6
CONTINUOUS
10
177.6956710000000044
20
-77.1809700000000021
11
177.5999999999999943
21
-77.2000000000000028
0
LINE
8
BLACK
6
CONTINUOUS
10
177.5999999999999943
20
-77.2000000000000028
11
176.9000000000000057
21
-77.2000000000000028
0
LINE
8
BLACK
6
CONTINUOUS
10
176.9000000000000057
20
-77.2000000000000028
11
176.8043289999999956
21
-77.1809700000000021
0
LINE
8
BLACK
6
CONTINUOUS
10
176.8043289999999956
20
-77.1809700000000021
11
176.7232229999999902
21
-77.1267769999999899
0
LINE
8
BLACK
6
CONTINUOUS
10
176.7232229999999902
20
-77.1267769999999899
11
176.6690299999999922
21
-77.0456709999999987
0
LINE
8
BLACK
6
CONTINUOUS
10
176.6690299999999922
20
-77.0456709999999987
11
176.6500000000000057
21
-76.9500000000000028
0
LINE
8
BLACK
6
CONTINUOUS
10
176.6500000000000057
20
-76.9500000000000028
11
176.6500000000000057
21
-76.0499999999999972
0
LINE
8
BLACK
6
CONTINUOUS
10
176.6500000000000057
20
-76.0499999999999972
11
176.6690299999999922
21
-75.9543290000000013
0
LINE
8
BLACK
6
CONTINUOUS
10
176.6690299999999922
20
-75.9543290000000013
11
176.7232229999999902
21
-75.8732229999999959
0
LINE
8
BLACK
6
CONTINUOUS
10
176.7232229999999902
20
-75.8732229999999959
11
176.8043289999999956
21
-75.8190299999999979
0
LINE
8
BLACK
6
CONTINUOUS
10
176.8043289999999956
20
-75.8190299999999979
11
176.9000000000000057
21
-75.7999999999999972
0
LINE
8
BLACK
6
CONTINUOUS
10
176.9000000000000057
20
-75.7999999999999972
11
177.5999999999999943
21
-75.7999999999999972
0
LINE
8
BLACK
6
CONTINUOUS
10
177.5999999999999943
20
-75.7999999999999972
11
177.6956710000000044
21
-75.8190299999999979
0
LINE
8
BLACK
6
CONTINUOUS
10
120.3497079999999926
20
-76.126183999999995
11
120.4694299999999885
21
-76.203125
0
LINE
8
BLACK
6
CONTINUOUS
10
120.4694299999999885
20
-76.203125
11
120.562626999999992
21
-76.3106799999999907
0
LINE
8
BLACK
6
CONTINUOUS
10
120.562626999999992
20
-76.3106799999999907
11
120.6217459999999875
21
-76.4401340000000005
0
LINE
8
BLACK
6
CONTINUOUS
10
120.6217459999999875
20
-76.4401340000000005
11
120.6419999999999959
21
-76.5810000000000031
0
LINE
8
BLACK
6
CONTINUOUS
10
120.6419999999999959
20
-76.5810000000000031
11
120.6217459999999875
21
-76.7218659999999915
0
LINE
8
BLACK
6
CONTINUOUS
10
120.6217459999999875
20
-76.7218659999999915
11
120.562626999999992
21
-76.8513200000000012
0
LINE
8
BLACK
6
CONTINUOUS
10
120.562626999999992
20
-76.8513200000000012
11
120.4694299999999885
21
-76.9588749999999919
0
LINE
8
BLACK
6
CONTINUOUS
10
120.4694299999999885
20
-76.9588749999999919
11
120.3497079999999926
21
-77.035815999999997
0
LINE
8
BLACK
6
CONTINUOUS
10
120.3497079999999926
20
-77.035815999999997
11
120.2131569999999954
21
-77.0759109999999907
0
LINE
8
BLACK
6
CONTINUOUS
10
120.2131569999999954
20
-77.0759109999999907
11
120.0708429999999964
21
-77.0759109999999907
0
LINE
8
BLACK
6
CONTINUOUS
10
120.0708429999999964
20
-77.0759109999999907
11
119.9342919999999992
21
-77.035815999999997
0
LINE
8
BLACK
6
CONTINUOUS
10
119.9342919999999992
20
-77.035815999999997
11
119.8145699999999891
21
-76.9588749999999919
0
LINE
8
BLACK
6
CONTINUOUS
10
119.8145699999999891
20
-76.9588749999999919
11
119.7213729999999998
21
-76.8513200000000012
0
LINE
8
BLACK
6
CONTINUOUS
10
119.7213729999999998
20
-76.8513200000000012
11
119.6622539999999901
21
-76.7218659999999915
0
LINE
8
BLACK
6
CONTINUOUS
10
119.6622539999999901
20
-76.7218659999999915
11
119.6419999999999959
21
-76.5810000000000031
0
LINE
8
BLACK
6
CONTINUOUS
10
119.6419999999999959
20
-76.5810000000000031
11
119.6622539999999901
21
-76.4401340000000005
0
LINE
8
BLACK
6
CONTINUOUS
10
119.6622539999999901
20
-76.4401340000000005
11
119.7213729999999998
21
-76.3106799999999907
0
LINE
8
BLACK
6
CONTINUOUS
10
119.7213729999999998
20
-76.3106799999999907
11
119.8145699999999891
21
-76.203125
0
LINE
8
BLACK
6
CONTINUOUS
10
119.8145699999999891
20
-76.203125
11
119.9342919999999992
21
-76.126183999999995
0
LINE
8
BLACK
6
CONTINUOUS
10
119.9342919999999992
20
-76.126183999999995
11
120.0708429999999964
21
-76.0860890000000012
0
LINE
8
BLACK
6
CONTINUOUS
10
120.0708429999999964
20
-76.0860890000000012
11
120.2131569999999954
21
-76.0860890000000012
0
LINE
8
BLACK
6
CONTINUOUS
10
120.2131569999999954
20
-76.0860890000000012
11
120.3497079999999926
21
-76.126183999999995
0
LINE
8
BLACK
6
CONTINUOUS
10
179.1037079999999833
20
-76.126183999999995
11
179.2234299999999791
21
-76.203125
0
LINE
8
BLACK
6
CONTINUOUS
10
179.2234299999999791
20
-76.203125
11
179.3166269999999827
21
-76.3106799999999907
0
LINE
8
BLACK
6
CONTINUOUS
10
179.3166269999999827
20
-76.3106799999999907
11
179.3757459999999924
21
-76.4401340000000005
0
LINE
8
BLACK
6
CONTINUOUS
10
179.3757459999999924
20
-76.4401340000000005
11
179.3959999999999866
21
-76.5810000000000031
0
LINE
8
BLACK
6
CONTINUOUS
10
179.3959999999999866
20
-76.5810000000000031
11
179.3757459999999924
21
-76.7218659999999915
0
LINE
8
BLACK
6
CONTINUOUS
10
179.3757459999999924
20
-76.7218659999999915
11
179.3166269999999827
21
-76.8513200000000012
0
LINE
8
BLACK
6
CONTINUOUS
10
179.3166269999999827
20
-76.8513200000000012
11
179.2234299999999791
21
-76.9588749999999919
0
LINE
8
BLACK
6
CONTINUOUS
10
179.2234299999999791
20
-76.9588749999999919
11
179.1037079999999833
21
-77.035815999999997
0
LINE
8
BLACK
6
CONTINUOUS
10
179.1037079999999833
20
-77.035815999999997
11
178.9671569999999861
21
-77.0759109999999907
0
LINE
8
BLACK
6
CONTINUOUS
10
178.9671569999999861
20
-77.0759109999999907
11
178.8248429999999871
21
-77.0759109999999907
0
LINE
8
BLACK
6
CONTINUOUS
10
178.8248429999999871
20
-77.0759109999999907
11
178.6882919999999899
21
-77.035815999999997
0
LINE
8
BLACK
6
CONTINUOUS
10
178.6882919999999899
20
-77.035815999999997
11
178.568569999999994
21
-76.9588749999999919
0
LINE
8
BLACK
6
CONTINUOUS
10
178.568569999999994
20
-76.9588749999999919
11
178.4753729999999905
21
-76.8513200000000012
0
LINE
8
BLACK
6
CONTINUOUS
10
178.4753729999999905
20
-76.8513200000000012
11
178.4162539999999808
21
-76.7218659999999915
0
LINE
8
BLACK
6
CONTINUOUS
10
178.4162539999999808
20
-76.7218659999999915
11
178.3959999999999866
21
-76.5810000000000031
0
LINE
8
BLACK
6
CONTINUOUS
10
178.3959999999999866
20
-76.5810000000000031
11
178.4162539999999808
21
-76.4401340000000005
0
LINE
8
BLACK
6
CONTINUOUS
10
178.4162539999999808
20
-76.4401340000000005
11
178.4753729999999905
21
-76.3106799999999907
0
LINE
8
BLACK
6
CONTINUOUS
10
178.4753729999999905
20
-76.3106799999999907
11
178.568569999999994
21
-76.203125
0
LINE
8
BLACK
6
CONTINUOUS
10
178.568569999999994
20
-76.203125
11
178.6882919999999899
21
-76.126183999999995
0
LINE
8
BLACK
6
CONTINUOUS
10
178.6882919999999899
20
-76.126183999999995
11
178.8248429999999871
21
-76.0860890000000012
0
LINE
8
BLACK
6
CONTINUOUS
10
178.8248429999999871
20
-76.0860890000000012
11
178.9671569999999861
21
-76.0860890000000012
0
LINE
8
BLACK
6
CONTINUOUS
10
178.9671569999999861
20
-76.0860890000000012
11
179.1037079999999833
21
-76.126183999999995
0
LINE
8
BLACK
6
CONTINUOUS
10
135.6993870000000015
20
-76.1430790000000002
11
135.7764379999999846
21
-76.1945619999999906
0
LINE
8
BLACK
6
CONTINUOUS
10
135.7764379999999846
20
-76.1945619999999906
11
135.8279210000000035
21
-76.2716130000000021
0
LINE
8
BLACK
6
CONTINUOUS
10
135.8279210000000035
20
-76.2716130000000021
11
135.8460000000000036
21
-76.3624999999999972
0
LINE
8
BLACK
6
CONTINUOUS
10
135.8460000000000036
20
-76.3624999999999972
11
135.8460000000000036
21
-76.8374999999999915
0
LINE
8
BLACK
6
CONTINUOUS
10
135.8460000000000036
20
-76.8374999999999915
11
135.8279210000000035
21
-76.9283870000000007
0
LINE
8
BLACK
6
CONTINUOUS
10
135.8279210000000035
20
-76.9283870000000007
11
135.7764379999999846
21
-77.0054379999999981
0
LINE
8
BLACK
6
CONTINUOUS
10
135.7764379999999846
20
-77.0054379999999981
11
135.6993870000000015
21
-77.0569210000000027
0
LINE
8
BLACK
6
CONTINUOUS
10
135.6993870000000015
20
-77.0569210000000027
11
135.6084999999999923
21
-77.0750000000000028
0
LINE
8
BLACK
6
CONTINUOUS
10
135.6084999999999923
20
-77.0750000000000028
11
135.1084999999999923
21
-77.0750000000000028
0
LINE
8
BLACK
6
CONTINUOUS
10
135.1084999999999923
20
-77.0750000000000028
11
135.017612999999983
21
-77.0569210000000027
0
LINE
8
BLACK
6
CONTINUOUS
10
135.017612999999983
20
-77.0569210000000027
11
134.9405619999999999
21
-77.0054379999999981
0
LINE
8
BLACK
6
CONTINUOUS
10
134.9405619999999999
20
-77.0054379999999981
11
134.8890789999999811
21
-76.9283870000000007
0
LINE
8
BLACK
6
CONTINUOUS
10
134.8890789999999811
20
-76.9283870000000007
11
134.8709999999999809
21
-76.8374999999999915
0
LINE
8
BLACK
6
CONTINUOUS
10
134.8709999999999809
20
-76.8374999999999915
11
134.8709999999999809
21
-76.3624999999999972
0
LINE
8
BLACK
6
CONTINUOUS
10
134.8709999999999809
20
-76.3624999999999972
11
134.8890789999999811
21
-76.2716130000000021
0
LINE
8
BLACK
6
CONTINUOUS
10
134.8890789999999811
20
-76.2716130000000021
11
134.9405619999999999
21
-76.1945619999999906
0
LINE
8
BLACK
6
CONTINUOUS
10
134.9405619999999999
20
-76.1945619999999906
11
135.017612999999983
21
-76.1430790000000002
0
LINE
8
BLACK
6
CONTINUOUS
10
135.017612999999983
20
-76.1430790000000002
11
135.1084999999999923
21
-76.125
0
LINE
8
BLACK
6
CONTINUOUS
10
135.1084999999999923
20
-76.125
11
135.6084999999999923
21
-76.125
0
LINE
8
BLACK
6
CONTINUOUS
10
135.6084999999999923
20
-76.125
11
135.6993870000000015
21
-76.1430790000000002
0
LINE
8
BLACK
6
CONTINUOUS
10
137.5243869999999902
20
-76.1430790000000002
11
137.6014380000000017
21
-76.1945619999999906
0
LINE
8
BLACK
6
CONTINUOUS
10
137.6014380000000017
20
-76.1945619999999906
11
137.6529209999999921
21
-76.2716130000000021
0
LINE
8
BLACK
6
CONTINUOUS
10
137.6529209999999921
20
-76.2716130000000021
11
137.6709999999999923
21
-76.3624999999999972
0
LINE
8
BLACK
6
CONTINUOUS
10
137.6709999999999923
20
-76.3624999999999972
11
137.6709999999999923
21
-76.8374999999999915
0
LINE
8
BLACK
6
CONTINUOUS
10
137.6709999999999923
20
-76.8374999999999915
11
137.6529209999999921
21
-76.9283870000000007
0
LINE
8
BLACK
6
CONTINUOUS
10
137.6529209999999921
20
-76.9283870000000007
11
137.6014380000000017
21
-77.0054379999999981
0
LINE
8
BLACK
6
CONTINUOUS
10
137.6014380000000017
20
-77.0054379999999981
11
137.5243869999999902
21
-77.0569210000000027
0
LINE
8
BLACK
6
CONTINUOUS
10
137.5243869999999902
20
-77.0569210000000027
11
137.4334999999999809
21
-77.0750000000000028
0
LINE
8
BLACK
6
CONTINUOUS
10
137.4334999999999809
20
-77.0750000000000028
11
136.9334999999999809
21
-77.0750000000000028
0
LINE
8
BLACK
6
CONTINUOUS
10
136.9334999999999809
20
-77.0750000000000028
11
136.8426130000000001
21
-77.0569210000000027
0
LINE
8
BLACK
6
CONTINUOUS
10
136.8426130000000001
20
-77.0569210000000027
11
136.7655619999999885
21
-77.0054379999999981
0
LINE
8
BLACK
6
CONTINUOUS
10
136.7655619999999885
20
-77.0054379999999981
11
136.7140789999999981
21
-76.9283870000000007
0
LINE
8
BLACK
6
CONTINUOUS
10
136.7140789999999981
20
-76.9283870000000007
11
136.695999999999998
21
-76.8374999999999915
0
LINE
8
BLACK
6
CONTINUOUS
10
136.695999999999998
20
-76.8374999999999915
11
136.695999999999998
21
-76.3624999999999972
0
LINE
8
BLACK
6
CONTINUOUS
10
136.695999999999998
20
-76.3624999999999972
11
136.7140789999999981
21
-76.2716130000000021
0
LINE
8
BLACK
6
CONTINUOUS
10
136.7140789999999981
20
-76.2716130000000021
11
136.7655619999999885
21
-76.1945619999999906
0
LINE
8
BLACK
6
CONTINUOUS
10
136.7655619999999885
20
-76.1945619999999906
11
136.8426130000000001
21
-76.1430790000000002
0
LINE
8
BLACK
6
CONTINUOUS
10
136.8426130000000001
20
-76.1430790000000002
11
136.9334999999999809
21
-76.125
0
LINE
8
BLACK
6
CONTINUOUS
10
136.9334999999999809
20
-76.125
11
137.4334999999999809
21
-76.125
0
LINE
8
BLACK
6
CONTINUOUS
10
137.4334999999999809
20
-76.125
11
137.5243869999999902
21
-76.1430790000000002
0
LINE
8
BLACK
6
CONTINUOUS
10
173.5783869999999922
20
-75.843079000000003
11
173.6554380000000037
21
-75.8945619999999934
0
LINE
8
BLACK
6
CONTINUOUS
10
173.6554380000000037
20
-75.8945619999999934
11
173.7069209999999941
21
-75.9716129999999907
0
LINE
8
BLACK
6
CONTINUOUS
10
173.7069209999999941
20
-75.9716129999999907
11
173.7249999999999943
21
-76.0625
0
LINE
8
BLACK
6
CONTINUOUS
10
173.7249999999999943
20
-76.0625
11
173.7249999999999943
21
-76.6624999999999943
0
LINE
8
BLACK
6
CONTINUOUS
10
173.7249999999999943
20
-76.6624999999999943
11
173.7069209999999941
21
-76.7533870000000036
0
LINE
8
BLACK
6
CONTINUOUS
10
173.7069209999999941
20
-76.7533870000000036
11
173.6554380000000037
21
-76.8304380000000009
0
LINE
8
BLACK
6
CONTINUOUS
10
173.6554380000000037
20
-76.8304380000000009
11
173.5783869999999922
21
-76.8819209999999913
0
LINE
8
BLACK
6
CONTINUOUS
10
173.5783869999999922
20
-76.8819209999999913
11
173.4874999999999829
21
-76.8999999999999915
0
LINE
8
BLACK
6
CONTINUOUS
10
173.4874999999999829
20
-76.8999999999999915
11
173.0124999999999886
21
-76.8999999999999915
0
LINE
8
BLACK
6
CONTINUOUS
10
173.0124999999999886
20
-76.8999999999999915
11
172.9216129999999794
21
-76.8819209999999913
0
LINE
8
BLACK
6
CONTINUOUS
10
172.9216129999999794
20
-76.8819209999999913
11
172.8445619999999963
21
-76.8304380000000009
0
LINE
8
BLACK
6
CONTINUOUS
10
172.8445619999999963
20
-76.8304380000000009
11
172.7930790000000059
21
-76.7533870000000036
0
LINE
8
BLACK
6
CONTINUOUS
10
172.7930790000000059
20
-76.7533870000000036
11
172.7750000000000057
21
-76.6624999999999943
0
LINE
8
BLACK
6
CONTINUOUS
10
172.7750000000000057
20
-76.6624999999999943
11
172.7750000000000057
21
-76.0625
0
LINE
8
BLACK
6
CONTINUOUS
10
172.7750000000000057
20
-76.0625
11
172.7930790000000059
21
-75.9716129999999907
0
LINE
8
BLACK
6
CONTINUOUS
10
172.7930790000000059
20
-75.9716129999999907
11
172.8445619999999963
21
-75.8945619999999934
0
LINE
8
BLACK
6
CONTINUOUS
10
172.8445619999999963
20
-75.8945619999999934
11
172.9216129999999794
21
-75.843079000000003
0
LINE
8
BLACK
6
CONTINUOUS
10
172.9216129999999794
20
-75.843079000000003
11
173.0124999999999886
21
-75.8250000000000028
0
LINE
8
BLACK
6
CONTINUOUS
10
173.0124999999999886
20
-75.8250000000000028
11
173.4874999999999829
21
-75.8250000000000028
0
LINE
8
BLACK
6
CONTINUOUS
10
173.4874999999999829
20
-75.8250000000000028
11
173.5783869999999922
21
-75.843079000000003
0
LINE
8
BLACK
6
CONTINUOUS
10
132.0746859999999856
20
-75.3123700000000014
11
132.1274049999999818
21
-75.3475949999999983
0
LINE
8
BLACK
6
CONTINUOUS
10
132.1274049999999818
20
-75.3475949999999983
11
132.1626300000000072
21
-75.4003139999999945
0
LINE
8
BLACK
6
CONTINUOUS
10
132.1626300000000072
20
-75.4003139999999945
11
132.1749999999999829
21
-75.4624999999999915
0
LINE
8
BLACK
6
CONTINUOUS
10
132.1749999999999829
20
-75.4624999999999915
11
132.1749999999999829
21
-76.6974999999999909
0
LINE
8
BLACK
6
CONTINUOUS
10
132.1749999999999829
20
-76.6974999999999909
11
132.1626300000000072
21
-76.7596860000000021
0
LINE
8
BLACK
6
CONTINUOUS
10
132.1626300000000072
20
-76.7596860000000021
11
132.1274049999999818
21
-76.8124049999999983
0
LINE
8
BLACK
6
CONTINUOUS
10
132.1274049999999818
20
-76.8124049999999983
11
132.0746859999999856
21
-76.8476299999999952
0
LINE
8
BLACK
6
CONTINUOUS
10
132.0746859999999856
20
-76.8476299999999952
11
132.0124999999999886
21
-76.8599999999999994
0
LINE
8
BLACK
6
CONTINUOUS
10
132.0124999999999886
20
-76.8599999999999994
11
131.6875
21
-76.8599999999999994
0
LINE
8
BLACK
6
CONTINUOUS
10
131.6875
20
-76.8599999999999994
11
131.625314000000003
21
-76.8476299999999952
0
LINE
8
BLACK
6
CONTINUOUS
10
131.625314000000003
20
-76.8476299999999952
11
131.5725950000000068
21
-76.8124049999999983
0
LINE
8
BLACK
6
CONTINUOUS
10
131.5725950000000068
20
-76.8124049999999983
11
131.5373699999999815
21
-76.7596860000000021
0
LINE
8
BLACK
6
CONTINUOUS
10
131.5373699999999815
20
-76.7596860000000021
11
131.5250000000000057
21
-76.6974999999999909
0
LINE
8
BLACK
6
CONTINUOUS
10
131.5250000000000057
20
-76.6974999999999909
11
131.5250000000000057
21
-75.4624999999999915
0
LINE
8
BLACK
6
CONTINUOUS
10
131.5250000000000057
20
-75.4624999999999915
11
131.5373699999999815
21
-75.4003139999999945
0
LINE
8
BLACK
6
CONTINUOUS
10
131.5373699999999815
20
-75.4003139999999945
11
131.5725950000000068
21
-75.3475949999999983
0
LINE
8
BLACK
6
CONTINUOUS
10
131.5725950000000068
20
-75.3475949999999983
11
131.625314000000003
21
-75.3123700000000014
0
LINE
8
BLACK
6
CONTINUOUS
10
131.625314000000003
20
-75.3123700000000014
11
131.6875
21
-75.2999999999999972
0
LINE
8
BLACK
6
CONTINUOUS
10
131.6875
20
-75.2999999999999972
11
132.0124999999999886
21
-75.2999999999999972
0
LINE
8
BLACK
6
CONTINUOUS
10
132.0124999999999886
20
-75.2999999999999972
11
132.0746859999999856
21
-75.3123700000000014
0
LINE
8
BLACK
6
CONTINUOUS
10
133.9746859999999913
20
-75.3123700000000014
11
134.0274049999999875
21
-75.3475949999999983
0
LINE
8
BLACK
6
CONTINUOUS
10
134.0274049999999875
20
-75.3475949999999983
11
134.0626299999999844
21
-75.4003139999999945
0
LINE
8
BLACK
6
CONTINUOUS
10
134.0626299999999844
20
-75.4003139999999945
11
134.0749999999999886
21
-75.4624999999999915
0
LINE
8
BLACK
6
CONTINUOUS
10
134.0749999999999886
20
-75.4624999999999915
11
134.0749999999999886
21
-76.6974999999999909
0
LINE
8
BLACK
6
CONTINUOUS
10
134.0749999999999886
20
-76.6974999999999909
11
134.0626299999999844
21
-76.7596860000000021
0
LINE
8
BLACK
6
CONTINUOUS
10
134.0626299999999844
20
-76.7596860000000021
11
134.0274049999999875
21
-76.8124049999999983
0
LINE
8
BLACK
6
CONTINUOUS
10
134.0274049999999875
20
-76.8124049999999983
11
133.9746859999999913
21
-76.8476299999999952
0
LINE
8
BLACK
6
CONTINUOUS
10
133.9746859999999913
20
-76.8476299999999952
11
133.9124999999999943
21
-76.8599999999999994
0
LINE
8
BLACK
6
CONTINUOUS
10
133.9124999999999943
20
-76.8599999999999994
11
133.5875000000000057
21
-76.8599999999999994
0
LINE
8
BLACK
6
CONTINUOUS
10
133.5875000000000057
20
-76.8599999999999994
11
133.5253139999999803
21
-76.8476299999999952
0
LINE
8
BLACK
6
CONTINUOUS
10
133.5253139999999803
20
-76.8476299999999952
11
133.4725949999999841
21
-76.8124049999999983
0
LINE
8
BLACK
6
CONTINUOUS
10
133.4725949999999841
20
-76.8124049999999983
11
133.4373699999999872
21
-76.7596860000000021
0
LINE
8
BLACK
6
CONTINUOUS
10
133.4373699999999872
20
-76.7596860000000021
11
133.4249999999999829
21
-76.6974999999999909
0
LINE
8
BLACK
6
CONTINUOUS
10
133.4249999999999829
20
-76.6974999999999909
11
133.4249999999999829
21
-75.4624999999999915
0
LINE
8
BLACK
6
CONTINUOUS
10
133.4249999999999829
20
-75.4624999999999915
11
133.4373699999999872
21
-75.4003139999999945
0
LINE
8
BLACK
6
CONTINUOUS
10
133.4373699999999872
20
-75.4003139999999945
11
133.4725949999999841
21
-75.3475949999999983
0
LINE
8
BLACK
6
CONTINUOUS
10
133.4725949999999841
20
-75.3475949999999983
11
133.5253139999999803
21
-75.3123700000000014
0
LINE
8
BLACK
6
CONTINUOUS
10
133.5253139999999803
20
-75.3123700000000014
11
133.5875000000000057
21
-75.2999999999999972
0
LINE
8
BLACK
6
CONTINUOUS
10
133.5875000000000057
20
-75.2999999999999972
11
133.9124999999999943
21
-75.2999999999999972
0
LINE
8
BLACK
6
CONTINUOUS
10
133.9124999999999943
20
-75.2999999999999972
11
133.9746859999999913
21
-75.3123700000000014
0
LINE
8
BLACK
6
CONTINUOUS
10
142.0649410000000046
20
-76.4139589999999913
11
142.0892729999999915
21
-76.430216999999999
0
LINE
8
BLACK
6
CONTINUOUS
10
142.0892729999999915
20
-76.430216999999999
11
142.1055309999999849
21
-76.4545490000000001
0
LINE
8
BLACK
6
CONTINUOUS
10
142.1055309999999849
20
-76.4545490000000001
11
142.1112399999999809
21
-76.4832499999999982
0
LINE
8
BLACK
6
CONTINUOUS
10
142.1112399999999809
20
-76.4832499999999982
11
142.1112399999999809
21
-76.6332499999999897
0
LINE
8
BLACK
6
CONTINUOUS
10
142.1112399999999809
20
-76.6332499999999897
11
142.1055309999999849
21
-76.661951000000002
0
LINE
8
BLACK
6
CONTINUOUS
10
142.1055309999999849
20
-76.661951000000002
11
142.0892729999999915
21
-76.6862830000000031
0
LINE
8
BLACK
6
CONTINUOUS
10
142.0892729999999915
20
-76.6862830000000031
11
142.0649410000000046
21
-76.7025409999999965
0
LINE
8
BLACK
6
CONTINUOUS
10
142.0649410000000046
20
-76.7025409999999965
11
142.0362399999999923
21
-76.7082499999999925
0
LINE
8
BLACK
6
CONTINUOUS
10
142.0362399999999923
20
-76.7082499999999925
11
140.5862400000000036
21
-76.7082499999999925
0
LINE
8
BLACK
6
CONTINUOUS
10
140.5862400000000036
20
-76.7082499999999925
11
140.5575389999999913
21
-76.7025409999999965
0
LINE
8
BLACK
6
CONTINUOUS
10
140.5575389999999913
20
-76.7025409999999965
11
140.5332070000000044
21
-76.6862830000000031
0
LINE
8
BLACK
6
CONTINUOUS
10
140.5332070000000044
20
-76.6862830000000031
11
140.5169489999999826
21
-76.661951000000002
0
LINE
8
BLACK
6
CONTINUOUS
10
140.5169489999999826
20
-76.661951000000002
11
140.5112399999999866
21
-76.6332499999999897
0
LINE
8
BLACK
6
CONTINUOUS
10
140.5112399999999866
20
-76.6332499999999897
11
140.5112399999999866
21
-76.4832499999999982
0
LINE
8
BLACK
6
CONTINUOUS
10
140.5112399999999866
20
-76.4832499999999982
11
140.5169489999999826
21
-76.4545490000000001
0
LINE
8
BLACK
6
CONTINUOUS
10
140.5169489999999826
20
-76.4545490000000001
11
140.5332070000000044
21
-76.430216999999999
0
LINE
8
BLACK
6
CONTINUOUS
10
140.5332070000000044
20
-76.430216999999999
11
140.5575389999999913
21
-76.4139589999999913
0
LINE
8
BLACK
6
CONTINUOUS
10
140.5575389999999913
20
-76.4139589999999913
11
140.5862400000000036
21
-76.4082499999999953
0
LINE
8
BLACK
6
CONTINUOUS
10
140.5862400000000036
20
-76.4082499999999953
11
142.0362399999999923
21
-76.4082499999999953
0
LINE
8
BLACK
6
CONTINUOUS
10
142.0362399999999923
20
-76.4082499999999953
11
142.0649410000000046
21
-76.4139589999999913
0
LINE
8
BLACK
6
CONTINUOUS
10
157.4149409999999989
20
-76.4139589999999913
11
157.4392729999999858
21
-76.430216999999999
0
LINE
8
BLACK
6
CONTINUOUS
10
157.4392729999999858
20
-76.430216999999999
11
157.4555309999999793
21
-76.4545490000000001
0
LINE
8
BLACK
6
CONTINUOUS
10
157.4555309999999793
20
-76.4545490000000001
11
157.4612400000000036
21
-76.4832499999999982
0
LINE
8
BLACK
6
CONTINUOUS
10
157.4612400000000036
20
-76.4832499999999982
11
157.4612400000000036
21
-76.6332499999999897
0
LINE
8
BLACK
6
CONTINUOUS
10
157.4612400000000036
20
-76.6332499999999897
11
157.4555309999999793
21
-76.661951000000002
0
LINE
8
BLACK
6
CONTINUOUS
10
157.4555309999999793
20
-76.661951000000002
11
157.4392729999999858
21
-76.6862830000000031
0
LINE
8
BLACK
6
CONTINUOUS
10
157.4392729999999858
20
-76.6862830000000031
11
157.4149409999999989
21
-76.7025409999999965
0
LINE
8
BLACK
6
CONTINUOUS
10
157.4149409999999989
20
-76.7025409999999965
11
157.3862399999999866
21
-76.7082499999999925
0
LINE
8
BLACK
6
CONTINUOUS
10
157.3862399999999866
20
-76.7082499999999925
11
155.936239999999998
21
-76.7082499999999925
0
LINE
8
BLACK
6
CONTINUOUS
10
155.936239999999998
20
-76.7082499999999925
11
155.9075389999999857
21
-76.7025409999999965
0
LINE
8
BLACK
6
CONTINUOUS
10
155.9075389999999857
20
-76.7025409999999965
11
155.8832069999999987
21
-76.6862830000000031
0
LINE
8
BLACK
6
CONTINUOUS
10
155.8832069999999987
20
-76.6862830000000031
11
155.8669490000000053
21
-76.661951000000002
0
LINE
8
BLACK
6
CONTINUOUS
10
155.8669490000000053
20
-76.661951000000002
11
155.8612399999999809
21
-76.6332499999999897
0
LINE
8
BLACK
6
CONTINUOUS
10
155.8612399999999809
20
-76.6332499999999897
11
155.8612399999999809
21
-76.4832499999999982
0
LINE
8
BLACK
6
CONTINUOUS
10
155.8612399999999809
20
-76.4832499999999982
11
155.8669490000000053
21
-76.4545490000000001
0
LINE
8
BLACK
6
CONTINUOUS
10
155.8669490000000053
20
-76.4545490000000001
11
155.8832069999999987
21
-76.430216999999999
0
LINE
8
BLACK
6
CONTINUOUS
10
155.8832069999999987
20
-76.430216999999999
11
155.9075389999999857
21
-76.4139589999999913
0
LINE
8
BLACK
6
CONTINUOUS
10
155.9075389999999857
20
-76.4139589999999913
11
155.936239999999998
21
-76.4082499999999953
0
LINE
8
BLACK
6
CONTINUOUS
10
155.936239999999998
20
-76.4082499999999953
11
157.3862399999999866
21
-76.4082499999999953
0
LINE
8
BLACK
6
CONTINUOUS
10
157.3862399999999866
20
-76.4082499999999953
11
157.4149409999999989
21
-76.4139589999999913
0
LINE
8
BLACK
6
CONTINUOUS
10
161.157402999999988
20
-76.0964179999999999
11
161.2060659999999928
21
-76.128934000000001
0
LINE
8
BLACK
6
CONTINUOUS
10
161.2060659999999928
20
-76.128934000000001
11
161.2385819999999796
21
-76.1775969999999916
0
LINE
8
BLACK
6
CONTINUOUS
10
161.2385819999999796
20
-76.1775969999999916
11
161.25
21
-76.2349999999999994
0
LINE
8
BLACK
6
CONTINUOUS
10
161.25
20
-76.2349999999999994
11
161.25
21
-76.5349999999999966
0
LINE
8
BLACK
6
CONTINUOUS
10
161.25
20
-76.5349999999999966
11
161.2385819999999796
21
-76.5924029999999902
0
LINE
8
BLACK
6
CONTINUOUS
10
161.2385819999999796
20
-76.5924029999999902
11
161.2060659999999928
21
-76.641065999999995
0
LINE
8
BLACK
6
CONTINUOUS
10
161.2060659999999928
20
-76.641065999999995
11
161.157402999999988
21
-76.6735819999999961
0
LINE
8
BLACK
6
CONTINUOUS
10
161.157402999999988
20
-76.6735819999999961
11
161.0999999999999943
21
-76.6850000000000023
0
LINE
8
BLACK
6
CONTINUOUS
10
161.0999999999999943
20
-76.6850000000000023
11
159.4499999999999886
21
-76.6850000000000023
0
LINE
8
BLACK
6
CONTINUOUS
10
159.4499999999999886
20
-76.6850000000000023
11
159.392596999999995
21
-76.6735819999999961
0
LINE
8
BLACK
6
CONTINUOUS
10
159.392596999999995
20
-76.6735819999999961
11
159.3439339999999902
21
-76.641065999999995
0
LINE
8
BLACK
6
CONTINUOUS
10
159.3439339999999902
20
-76.641065999999995
11
159.3114180000000033
21
-76.5924029999999902
0
LINE
8
BLACK
6
CONTINUOUS
10
159.3114180000000033
20
-76.5924029999999902
11
159.2999999999999829
21
-76.5349999999999966
0
LINE
8
BLACK
6
CONTINUOUS
10
159.2999999999999829
20
-76.5349999999999966
11
159.2999999999999829
21
-76.2349999999999994
0
LINE
8
BLACK
6
CONTINUOUS
10
159.2999999999999829
20
-76.2349999999999994
11
159.3114180000000033
21
-76.1775969999999916
0
LINE
8
BLACK
6
CONTINUOUS
10
159.3114180000000033
20
-76.1775969999999916
11
159.3439339999999902
21
-76.128934000000001
0
LINE
8
BLACK
6
CONTINUOUS
10
159.3439339999999902
20
-76.128934000000001
11
159.392596999999995
21
-76.0964179999999999
0
LINE
8
BLACK
6
CONTINUOUS
10
159.392596999999995
20
-76.0964179999999999
11
159.4499999999999886
21
-76.0849999999999937
0
LINE
8
BLACK
6
CONTINUOUS
10
159.4499999999999886
20
-76.0849999999999937
11
161.0999999999999943
21
-76.0849999999999937
0
LINE
8
BLACK
6
CONTINUOUS
10
161.0999999999999943
20
-76.0849999999999937
11
161.157402999999988
21
-76.0964179999999999
0
LINE
8
BLACK
6
CONTINUOUS
10
166.107403000000005
20
-76.0964179999999999
11
166.1560659999999814
21
-76.128934000000001
0
LINE
8
BLACK
6
CONTINUOUS
10
166.1560659999999814
20
-76.128934000000001
11
166.1885819999999967
21
-76.1775969999999916
0
LINE
8
BLACK
6
CONTINUOUS
10
166.1885819999999967
20
-76.1775969999999916
11
166.1999999999999886
21
-76.2349999999999994
0
LINE
8
BLACK
6
CONTINUOUS
10
166.1999999999999886
20
-76.2349999999999994
11
166.1999999999999886
21
-76.5349999999999966
0
LINE
8
BLACK
6
CONTINUOUS
10
166.1999999999999886
20
-76.5349999999999966
11
166.1885819999999967
21
-76.5924029999999902
0
LINE
8
BLACK
6
CONTINUOUS
10
166.1885819999999967
20
-76.5924029999999902
11
166.1560659999999814
21
-76.641065999999995
0
LINE
8
BLACK
6
CONTINUOUS
10
166.1560659999999814
20
-76.641065999999995
11
166.107403000000005
21
-76.6735819999999961
0
LINE
8
BLACK
6
CONTINUOUS
10
166.107403000000005
20
-76.6735819999999961
11
166.0499999999999829
21
-76.6850000000000023
0
LINE
8
BLACK
6
CONTINUOUS
10
166.0499999999999829
20
-76.6850000000000023
11
164.4000000000000057
21
-76.6850000000000023
0
LINE
8
BLACK
6
CONTINUOUS
10
164.4000000000000057
20
-76.6850000000000023
11
164.3425969999999836
21
-76.6735819999999961
0
LINE
8
BLACK
6
CONTINUOUS
10
164.3425969999999836
20
-76.6735819999999961
11
164.2939339999999788
21
-76.641065999999995
0
LINE
8
BLACK
6
CONTINUOUS
10
164.2939339999999788
20
-76.641065999999995
11
164.2614179999999919
21
-76.5924029999999902
0
LINE
8
BLACK
6
CONTINUOUS
10
164.2614179999999919
20
-76.5924029999999902
11
164.25
21
-76.5349999999999966
0
LINE
8
BLACK
6
CONTINUOUS
10
164.25
20
-76.5349999999999966
11
164.25
21
-76.2349999999999994
0
LINE
8
BLACK
6
CONTINUOUS
10
164.25
20
-76.2349999999999994
11
164.2614179999999919
21
-76.1775969999999916
0
LINE
8
BLACK
6
CONTINUOUS
10
164.2614179999999919
20
-76.1775969999999916
11
164.2939339999999788
21
-76.128934000000001
0
LINE
8
BLACK
6
CONTINUOUS
10
164.2939339999999788
20
-76.128934000000001
11
164.3425969999999836
21
-76.0964179999999999
0
LINE
8
BLACK
6
CONTINUOUS
10
164.3425969999999836
20
-76.0964179999999999
11
164.4000000000000057
21
-76.0849999999999937
0
LINE
8
BLACK
6
CONTINUOUS
10
164.4000000000000057
20
-76.0849999999999937
11
166.0499999999999829
21
-76.0849999999999937
0
LINE
8
BLACK
6
CONTINUOUS
10
166.0499999999999829
20
-76.0849999999999937
11
166.107403000000005
21
-76.0964179999999999
0
LINE
8
BLACK
6
CONTINUOUS
10
142.0649410000000046
20
-75.9139589999999913
11
142.0892729999999915
21
-75.930216999999999
0
LINE
8
BLACK
6
CONTINUOUS
10
142.0892729999999915
20
-75.930216999999999
11
142.1055309999999849
21
-75.9545490000000001
0
LINE
8
BLACK
6
CONTINUOUS
10
142.1055309999999849
20
-75.9545490000000001
11
142.1112399999999809
21
-75.9832499999999982
0
LINE
8
BLACK
6
CONTINUOUS
10
142.1112399999999809
20
-75.9832499999999982
11
142.1112399999999809
21
-76.1332499999999897
0
LINE
8
BLACK
6
CONTINUOUS
10
142.1112399999999809
20
-76.1332499999999897
11
142.1055309999999849
21
-76.161951000000002
0
LINE
8
BLACK
6
CONTINUOUS
10
142.1055309999999849
20
-76.161951000000002
11
142.0892729999999915
21
-76.1862830000000031
0
LINE
8
BLACK
6
CONTINUOUS
10
142.0892729999999915
20
-76.1862830000000031
11
142.0649410000000046
21
-76.2025409999999965
0
LINE
8
BLACK
6
CONTINUOUS
10
142.0649410000000046
20
-76.2025409999999965
11
142.0362399999999923
21
-76.2082499999999925
0
LINE
8
BLACK
6
CONTINUOUS
10
142.0362399999999923
20
-76.2082499999999925
11
140.5862400000000036
21
-76.2082499999999925
0
LINE
8
BLACK
6
CONTINUOUS
10
140.5862400000000036
20
-76.2082499999999925
11
140.5575389999999913
21
-76.2025409999999965
0
LINE
8
BLACK
6
CONTINUOUS
10
140.5575389999999913
20
-76.2025409999999965
11
140.5332070000000044
21
-76.1862830000000031
0
LINE
8
BLACK
6
CONTINUOUS
10
140.5332070000000044
20
-76.1862830000000031
11
140.5169489999999826
21
-76.161951000000002
0
LINE
8
BLACK
6
CONTINUOUS
10
140.5169489999999826
20
-76.161951000000002
11
140.5112399999999866
21
-76.1332499999999897
0
LINE
8
BLACK
6
CONTINUOUS
10
140.5112399999999866
20
-76.1332499999999897
11
140.5112399999999866
21
-75.9832499999999982
0
LINE
8
BLACK
6
CONTINUOUS
10
140.5112399999999866
20
-75.9832499999999982
11
140.5169489999999826
21
-75.9545490000000001
0
LINE
8
BLACK
6
CONTINUOUS
10
140.5169489999999826
20
-75.9545490000000001
11
140.5332070000000044
21
-75.930216999999999
0
LINE
8
BLACK
6
CONTINUOUS
10
140.5332070000000044
20
-75.930216999999999
11
140.5575389999999913
21
-75.9139589999999913
0
LINE
8
BLACK
6
CONTINUOUS
10
140.5575389999999913
20
-75.9139589999999913
11
140.5862400000000036
21
-75.9082499999999953
0
LINE
8
BLACK
6
CONTINUOUS
10
140.5862400000000036
20
-75.9082499999999953
11
142.0362399999999923
21
-75.9082499999999953
0
LINE
8
BLACK
6
CONTINUOUS
10
142.0362399999999923
20
-75.9082499999999953
11
142.0649410000000046
21
-75.9139589999999913
0
LINE
8
BLACK
6
CONTINUOUS
10
157.4149409999999989
20
-75.9139589999999913
11
157.4392729999999858
21
-75.930216999999999
0
LINE
8
BLACK
6
CONTINUOUS
10
157.4392729999999858
20
-75.930216999999999
11
157.4555309999999793
21
-75.9545490000000001
0
LINE
8
BLACK
6
CONTINUOUS
10
157.4555309999999793
20
-75.9545490000000001
11
157.4612400000000036
21
-75.9832499999999982
0
LINE
8
BLACK
6
CONTINUOUS
10
157.4612400000000036
20
-75.9832499999999982
11
157.4612400000000036
21
-76.1332499999999897
0
LINE
8
BLACK
6
CONTINUOUS
10
157.4612400000000036
20
-76.1332499999999897
11
157.4555309999999793
21
-76.161951000000002
0
LINE
8
BLACK
6
CONTINUOUS
10
157.4555309999999793
20
-76.161951000000002
11
157.4392729999999858
21
-76.1862830000000031
0
LINE
8
BLACK
6
CONTINUOUS
10
157.4392729999999858
20
-76.1862830000000031
11
157.4149409999999989
21
-76.2025409999999965
0
LINE
8
BLACK
6
CONTINUOUS
10
157.4149409999999989
20
-76.2025409999999965
11
157.3862399999999866
21
-76.2082499999999925
0
LINE
8
BLACK
6
CONTINUOUS
10
157.3862399999999866
20
-76.2082499999999925
11
155.936239999999998
21
-76.2082499999999925
0
LINE
8
BLACK
6
CONTINUOUS
10
155.936239999999998
20
-76.2082499999999925
11
155.9075389999999857
21
-76.2025409999999965
0
LINE
8
BLACK
6
CONTINUOUS
10
155.9075389999999857
20
-76.2025409999999965
11
155.8832069999999987
21
-76.1862830000000031
0
LINE
8
BLACK
6
CONTINUOUS
10
155.8832069999999987
20
-76.1862830000000031
11
155.8669490000000053
21
-76.161951000000002
0
LINE
8
BLACK
6
CONTINUOUS
10
155.8669490000000053
20
-76.161951000000002
11
155.8612399999999809
21
-76.1332499999999897
0
LINE
8
BLACK
6
CONTINUOUS
10
155.8612399999999809
20
-76.1332499999999897
11
155.8612399999999809
21
-75.9832499999999982
0
LINE
8
BLACK
6
CONTINUOUS
10
155.8612399999999809
20
-75.9832499999999982
11
155.8669490000000053
21
-75.9545490000000001
0
LINE
8
BLACK
6
CONTINUOUS
10
155.8669490000000053
20
-75.9545490000000001
11
155.8832069999999987
21
-75.930216999999999
0
LINE
8
BLACK
6
CONTINUOUS
10
155.8832069999999987
20
-75.930216999999999
11
155.9075389999999857
21
-75.9139589999999913
0
LINE
8
BLACK
6
CONTINUOUS
10
155.9075389999999857
20
-75.9139589999999913
11
155.936239999999998
21
-75.9082499999999953
0
LINE
8
BLACK
6
CONTINUOUS
10
155.936239999999998
20
-75.9082499999999953
11
157.3862399999999866
21
-75.9082499999999953
0
LINE
8
BLACK
6
CONTINUOUS
10
157.3862399999999866
20
-75.9082499999999953
11
157.4149409999999989
21
-75.9139589999999913
0
LINE
8
BLACK
6
CONTINUOUS
10
167.5783869999999922
20
-74.843079000000003
11
167.6554380000000037
21
-74.8945619999999934
0
LINE
8
BLACK
6
CONTINUOUS
10
167.6554380000000037
20
-74.8945619999999934
11
167.7069209999999941
21
-74.9716129999999907
0
LINE
8
BLACK
6
CONTINUOUS
10
167.7069209999999941
20
-74.9716129999999907
11
167.7249999999999943
21
-75.0625
0
LINE
8
BLACK
6
CONTINUOUS
10
167.7249999999999943
20
-75.0625
11
167.7249999999999943
21
-75.6624999999999943
0
LINE
8
BLACK
6
CONTINUOUS
10
167.7249999999999943
20
-75.6624999999999943
11
167.7069209999999941
21
-75.7533870000000036
0
LINE
8
BLACK
6
CONTINUOUS
10
167.7069209999999941
20
-75.7533870000000036
11
167.6554380000000037
21
-75.8304380000000009
0
LINE
8
BLACK
6
CONTINUOUS
10
167.6554380000000037
20
-75.8304380000000009
11
167.5783869999999922
21
-75.8819209999999913
0
LINE
8
BLACK
6
CONTINUOUS
10
167.5783869999999922
20
-75.8819209999999913
11
167.4874999999999829
21
-75.8999999999999915
0
LINE
8
BLACK
6
CONTINUOUS
10
167.4874999999999829
20
-75.8999999999999915
11
167.0124999999999886
21
-75.8999999999999915
0
LINE
8
BLACK
6
CONTINUOUS
10
167.0124999999999886
20
-75.8999999999999915
11
166.9216129999999794
21
-75.8819209999999913
0
LINE
8
BLACK
6
CONTINUOUS
10
166.9216129999999794
20
-75.8819209999999913
11
166.8445619999999963
21
-75.8304380000000009
0
LINE
8
BLACK
6
CONTINUOUS
10
166.8445619999999963
20
-75.8304380000000009
11
166.7930790000000059
21
-75.7533870000000036
0
LINE
8
BLACK
6
CONTINUOUS
10
166.7930790000000059
20
-75.7533870000000036
11
166.7750000000000057
21
-75.6624999999999943
0
LINE
8
BLACK
6
CONTINUOUS
10
166.7750000000000057
20
-75.6624999999999943
11
166.7750000000000057
21
-75.0625
0
LINE
8
BLACK
6
CONTINUOUS
10
166.7750000000000057
20
-75.0625
11
166.7930790000000059
21
-74.9716129999999907
0
LINE
8
BLACK
6
CONTINUOUS
10
166.7930790000000059
20
-74.9716129999999907
11
166.8445619999999963
21
-74.8945619999999934
0
LINE
8
BLACK
6
CONTINUOUS
10
166.8445619999999963
20
-74.8945619999999934
11
166.9216129999999794
21
-74.843079000000003
0
LINE
8
BLACK
6
CONTINUOUS
10
166.9216129999999794
20
-74.843079000000003
11
167.0124999999999886
21
-74.8250000000000028
0
LINE
8
BLACK
6
CONTINUOUS
10
167.0124999999999886
20
-74.8250000000000028
11
167.4874999999999829
21
-74.8250000000000028
0
LINE
8
BLACK
6
CONTINUOUS
10
167.4874999999999829
20
-74.8250000000000028
11
167.5783869999999922
21
-74.843079000000003
0
LINE
8
BLACK
6
CONTINUOUS
10
120.3497079999999926
20
-74.8561839999999989
11
120.4694299999999885
21
-74.9331249999999898
0
LINE
8
BLACK
6
CONTINUOUS
10
120.4694299999999885
20
-74.9331249999999898
11
120.562626999999992
21
-75.0406799999999947
0
LINE
8
BLACK
6
CONTINUOUS
10
120.562626999999992
20
-75.0406799999999947
11
120.6217459999999875
21
-75.1701339999999902
0
LINE
8
BLACK
6
CONTINUOUS
10
120.6217459999999875
20
-75.1701339999999902
11
120.6419999999999959
21
-75.3109999999999928
0
LINE
8
BLACK
6
CONTINUOUS
10
120.6419999999999959
20
-75.3109999999999928
11
120.6217459999999875
21
-75.4518659999999954
0
LINE
8
BLACK
6
CONTINUOUS
10
120.6217459999999875
20
-75.4518659999999954
11
120.562626999999992
21
-75.581319999999991
0
LINE
8
BLACK
6
CONTINUOUS
10
120.562626999999992
20
-75.581319999999991
11
120.4694299999999885
21
-75.6888749999999959
0
LINE
8
BLACK
6
CONTINUOUS
10
120.4694299999999885
20
-75.6888749999999959
11
120.3497079999999926
21
-75.7658160000000009
0
LINE
8
BLACK
6
CONTINUOUS
10
120.3497079999999926
20
-75.7658160000000009
11
120.2131569999999954
21
-75.8059109999999947
0
LINE
8
BLACK
6
CONTINUOUS
10
120.2131569999999954
20
-75.8059109999999947
11
120.0708429999999964
21
-75.8059109999999947
0
LINE
8
BLACK
6
CONTINUOUS
10
120.0708429999999964
20
-75.8059109999999947
11
119.9342919999999992
21
-75.7658160000000009
0
LINE
8
BLACK
6
CONTINUOUS
10
119.9342919999999992
20
-75.7658160000000009
11
119.8145699999999891
21
-75.6888749999999959
0
LINE
8
BLACK
6
CONTINUOUS
10
119.8145699999999891
20
-75.6888749999999959
11
119.7213729999999998
21
-75.581319999999991
0
LINE
8
BLACK
6
CONTINUOUS
10
119.7213729999999998
20
-75.581319999999991
11
119.6622539999999901
21
-75.4518659999999954
0
LINE
8
BLACK
6
CONTINUOUS
10
119.6622539999999901
20
-75.4518659999999954
11
119.6419999999999959
21
-75.3109999999999928
0
LINE
8
BLACK
6
CONTINUOUS
10
119.6419999999999959
20
-75.3109999999999928
11
119.6622539999999901
21
-75.1701339999999902
0
LINE
8
BLACK
6
CONTINUOUS
10
119.6622539999999901
20
-75.1701339999999902
11
119.7213729999999998
21
-75.0406799999999947
0
LINE
8
BLACK
6
CONTINUOUS
10
119.7213729999999998
20
-75.0406799999999947
11
119.8145699999999891
21
-74.9331249999999898
0
LINE
8
BLACK
6
CONTINUOUS
10
119.8145699999999891
20
-74.9331249999999898
11
119.9342919999999992
21
-74.8561839999999989
0
LINE
8
BLACK
6
CONTINUOUS
10
119.9342919999999992
20
-74.8561839999999989
11
120.0708429999999964
21
-74.816088999999991
0
LINE
8
BLACK
6
CONTINUOUS
10
120.0708429999999964
20
-74.816088999999991
11
120.2131569999999954
21
-74.816088999999991
0
LINE
8
BLACK
6
CONTINUOUS
10
120.2131569999999954
20
-74.816088999999991
11
120.3497079999999926
21
-74.8561839999999989
0
LINE
8
BLACK
6
CONTINUOUS
10
179.1037079999999833
20
-74.8561839999999989
11
179.2234299999999791
21
-74.9331249999999898
0
LINE
8
BLACK
6
CONTINUOUS
10
179.2234299999999791
20
-74.9331249999999898
11
179.3166269999999827
21
-75.0406799999999947
0
LINE
8
BLACK
6
CONTINUOUS
10
179.3166269999999827
20
-75.0406799999999947
11
179.3757459999999924
21
-75.1701339999999902
0
LINE
8
BLACK
6
CONTINUOUS
10
179.3757459999999924
20
-75.1701339999999902
11
179.3959999999999866
21
-75.3109999999999928
0
LINE
8
BLACK
6
CONTINUOUS
10
179.3959999999999866
20
-75.3109999999999928
11
179.3757459999999924
21
-75.4518659999999954
0
LINE
8
BLACK
6
CONTINUOUS
10
179.3757459999999924
20
-75.4518659999999954
11
179.3166269999999827
21
-75.581319999999991
0
LINE
8
BLACK
6
CONTINUOUS
10
179.3166269999999827
20
-75.581319999999991
11
179.2234299999999791
21
-75.6888749999999959
0
LINE
8
BLACK
6
CONTINUOUS
10
179.2234299999999791
20
-75.6888749999999959
11
179.1037079999999833
21
-75.7658160000000009
0
LINE
8
BLACK
6
CONTINUOUS
10
179.1037079999999833
20
-75.7658160000000009
11
178.9671569999999861
21
-75.8059109999999947
0
LINE
8
BLACK
6
CONTINUOUS
10
178.9671569999999861
20
-75.8059109999999947
11
178.8248429999999871
21
-75.8059109999999947
0
LINE
8
BLACK
6
CONTINUOUS
10
178.8248429999999871
20
-75.8059109999999947
11
178.6882919999999899
21
-75.7658160000000009
0
LINE
8
BLACK
6
CONTINUOUS
10
178.6882919999999899
20
-75.7658160000000009
11
178.568569999999994
21
-75.6888749999999959
0
LINE
8
BLACK
6
CONTINUOUS
10
178.568569999999994
20
-75.6888749999999959
11
178.4753729999999905
21
-75.581319999999991
0
LINE
8
BLACK
6
CONTINUOUS
10
178.4753729999999905
20
-75.581319999999991
11
178.4162539999999808
21
-75.4518659999999954
0
LINE
8
BLACK
6
CONTINUOUS
10
178.4162539999999808
20
-75.4518659999999954
11
178.3959999999999866
21
-75.3109999999999928
0
LINE
8
BLACK
6
CONTINUOUS
10
178.3959999999999866
20
-75.3109999999999928
11
178.4162539999999808
21
-75.1701339999999902
0
LINE
8
BLACK
6
CONTINUOUS
10
178.4162539999999808
20
-75.1701339999999902
11
178.4753729999999905
21
-75.0406799999999947
0
LINE
8
BLACK
6
CONTINUOUS
10
178.4753729999999905
20
-75.0406799999999947
11
178.568569999999994
21
-74.9331249999999898
0
LINE
8
BLACK
6
CONTINUOUS
10
178.568569999999994
20
-74.9331249999999898
11
178.6882919999999899
21
-74.8561839999999989
0
LINE
8
BLACK
6
CONTINUOUS
10
178.6882919999999899
20
-74.8561839999999989
11
178.8248429999999871
21
-74.816088999999991
0
LINE
8
BLACK
6
CONTINUOUS
10
178.8248429999999871
20
-74.816088999999991
11
178.9671569999999861
21
-74.816088999999991
0
LINE
8
BLACK
6
CONTINUOUS
10
178.9671569999999861
20
-74.816088999999991
11
179.1037079999999833
21
-74.8561839999999989
0
LINE
8
BLACK
6
CONTINUOUS
10
142.0649410000000046
20
-75.4139589999999913
11
142.0892729999999915
21
-75.430216999999999
0
LINE
8
BLACK
6
CONTINUOUS
10
142.0892729999999915
20
-75.430216999999999
11
142.1055309999999849
21
-75.4545490000000001
0
LINE
8
BLACK
6
CONTINUOUS
10
142.1055309999999849
20
-75.4545490000000001
11
142.1112399999999809
21
-75.4832499999999982
0
LINE
8
BLACK
6
CONTINUOUS
10
142.1112399999999809
20
-75.4832499999999982
11
142.1112399999999809
21
-75.6332499999999897
0
LINE
8
BLACK
6
CONTINUOUS
10
142.1112399999999809
20
-75.6332499999999897
11
142.1055309999999849
21
-75.661951000000002
0
LINE
8
BLACK
6
CONTINUOUS
10
142.1055309999999849
20
-75.661951000000002
11
142.0892729999999915
21
-75.6862830000000031
0
LINE
8
BLACK
6
CONTINUOUS
10
142.0892729999999915
20
-75.6862830000000031
11
142.0649410000000046
21
-75.7025409999999965
0
LINE
8
BLACK
6
CONTINUOUS
10
142.0649410000000046
20
-75.7025409999999965
11
142.0362399999999923
21
-75.7082499999999925
0
LINE
8
BLACK
6
CONTINUOUS
10
142.0362399999999923
20
-75.7082499999999925
11
140.5862400000000036
21
-75.7082499999999925
0
LINE
8
BLACK
6
CONTINUOUS
10
140.5862400000000036
20
-75.7082499999999925
11
140.5575389999999913
21
-75.7025409999999965
0
LINE
8
BLACK
6
CONTINUOUS
10
140.5575389999999913
20
-75.7025409999999965
11
140.5332070000000044
21
-75.6862830000000031
0
LINE
8
BLACK
6
CONTINUOUS
10
140.5332070000000044
20
-75.6862830000000031
11
140.5169489999999826
21
-75.661951000000002
0
LINE
8
BLACK
6
CONTINUOUS
10
140.5169489999999826
20
-75.661951000000002
11
140.5112399999999866
21
-75.6332499999999897
0
LINE
8
BLACK
6
CONTINUOUS
10
140.5112399999999866
20
-75.6332499999999897
11
140.5112399999999866
21
-75.4832499999999982
0
LINE
8
BLACK
6
CONTINUOUS
10
140.5112399999999866
20
-75.4832499999999982
11
140.5169489999999826
21
-75.4545490000000001
0
LINE
8
BLACK
6
CONTINUOUS
10
140.5169489999999826
20
-75.4545490000000001
11
140.5332070000000044
21
-75.430216999999999
0
LINE
8
BLACK
6
CONTINUOUS
10
140.5332070000000044
20
-75.430216999999999
11
140.5575389999999913
21
-75.4139589999999913
0
LINE
8
BLACK
6
CONTINUOUS
10
140.5575389999999913
20
-75.4139589999999913
11
140.5862400000000036
21
-75.4082499999999953
0
LINE
8
BLACK
6
CONTINUOUS
10
140.5862400000000036
20
-75.4082499999999953
11
142.0362399999999923
21
-75.4082499999999953
0
LINE
8
BLACK
6
CONTINUOUS
10
142.0362399999999923
20
-75.4082499999999953
11
142.0649410000000046
21
-75.4139589999999913
0
LINE
8
BLACK
6
CONTINUOUS
10
157.4149409999999989
20
-75.4139589999999913
11
157.4392729999999858
21
-75.430216999999999
0
LINE
8
BLACK
6
CONTINUOUS
10
157.4392729999999858
20
-75.430216999999999
11
157.4555309999999793
21
-75.4545490000000001
0
LINE
8
BLACK
6
CONTINUOUS
10
157.4555309999999793
20
-75.4545490000000001
11
157.4612400000000036
21
-75.4832499999999982
0
LINE
8
BLACK
6
CONTINUOUS
10
157.4612400000000036
20
-75.4832499999999982
11
157.4612400000000036
21
-75.6332499999999897
0
LINE
8
BLACK
6
CONTINUOUS
10
157.4612400000000036
20
-75.6332499999999897
11
157.4555309999999793
21
-75.661951000000002
0
LINE
8
BLACK
6
CONTINUOUS
10
157.4555309999999793
20
-75.661951000000002
11
157.4392729999999858
21
-75.6862830000000031
0
LINE
8
BLACK
6
CONTINUOUS
10
157.4392729999999858
20
-75.6862830000000031
11
157.4149409999999989
21
-75.7025409999999965
0
LINE
8
BLACK
6
CONTINUOUS
10
157.4149409999999989
20
-75.7025409999999965
11
157.3862399999999866
21
-75.7082499999999925
0
LINE
8
BLACK
6
CONTINUOUS
10
157.3862399999999866
20
-75.7082499999999925
11
155.936239999999998
21
-75.7082499999999925
0
LINE
8
BLACK
6
CONTINUOUS
10
155.936239999999998
20
-75.7082499999999925
11
155.9075389999999857
21
-75.7025409999999965
0
LINE
8
BLACK
6
CONTINUOUS
10
155.9075389999999857
20
-75.7025409999999965
11
155.8832069999999987
21
-75.6862830000000031
0
LINE
8
BLACK
6
CONTINUOUS
10
155.8832069999999987
20
-75.6862830000000031
11
155.8669490000000053
21
-75.661951000000002
0
LINE
8
BLACK
6
CONTINUOUS
10
155.8669490000000053
20
-75.661951000000002
11
155.8612399999999809
21
-75.6332499999999897
0
LINE
8
BLACK
6
CONTINUOUS
10
155.8612399999999809
20
-75.6332499999999897
11
155.8612399999999809
21
-75.4832499999999982
0
LINE
8
BLACK
6
CONTINUOUS
10
155.8612399999999809
20
-75.4832499999999982
11
155.8669490000000053
21
-75.4545490000000001
0
LINE
8
BLACK
6
CONTINUOUS
10
155.8669490000000053
20
-75.4545490000000001
11
155.8832069999999987
21
-75.430216999999999
0
LINE
8
BLACK
6
CONTINUOUS
10
155.8832069999999987
20
-75.430216999999999
11
155.9075389999999857
21
-75.4139589999999913
0
LINE
8
BLACK
6
CONTINUOUS
10
155.9075389999999857
20
-75.4139589999999913
11
155.936239999999998
21
-75.4082499999999953
0
LINE
8
BLACK
6
CONTINUOUS
10
155.936239999999998
20
-75.4082499999999953
11
157.3862399999999866
21
-75.4082499999999953
0
LINE
8
BLACK
6
CONTINUOUS
10
157.3862399999999866
20
-75.4082499999999953
11
157.4149409999999989
21
-75.4139589999999913
0
LINE
8
BLACK
6
CONTINUOUS
10
135.7103869999999972
20
-74.3840789999999998
11
135.7874379999999803
21
-74.4355619999999902
0
LINE
8
BLACK
6
CONTINUOUS
10
135.7874379999999803
20
-74.4355619999999902
11
135.8389209999999991
21
-74.5126130000000018
0
LINE
8
BLACK
6
CONTINUOUS
10
135.8389209999999991
20
-74.5126130000000018
11
135.8569999999999993
21
-74.6034999999999968
0
LINE
8
BLACK
6
CONTINUOUS
10
135.8569999999999993
20
-74.6034999999999968
11
135.8569999999999993
21
-75.2034999999999911
0
LINE
8
BLACK
6
CONTINUOUS
10
135.8569999999999993
20
-75.2034999999999911
11
135.8389209999999991
21
-75.2943870000000004
0
LINE
8
BLACK
6
CONTINUOUS
10
135.8389209999999991
20
-75.2943870000000004
11
135.7874379999999803
21
-75.3714379999999977
0
LINE
8
BLACK
6
CONTINUOUS
10
135.7874379999999803
20
-75.3714379999999977
11
135.7103869999999972
21
-75.4229210000000023
0
LINE
8
BLACK
6
CONTINUOUS
10
135.7103869999999972
20
-75.4229210000000023
11
135.6194999999999879
21
-75.4410000000000025
0
LINE
8
BLACK
6
CONTINUOUS
10
135.6194999999999879
20
-75.4410000000000025
11
135.1444999999999936
21
-75.4410000000000025
0
LINE
8
BLACK
6
CONTINUOUS
10
135.1444999999999936
20
-75.4410000000000025
11
135.0536129999999844
21
-75.4229210000000023
0
LINE
8
BLACK
6
CONTINUOUS
10
135.0536129999999844
20
-75.4229210000000023
11
134.9765620000000013
21
-75.3714379999999977
0
LINE
8
BLACK
6
CONTINUOUS
10
134.9765620000000013
20
-75.3714379999999977
11
134.9250789999999824
21
-75.2943870000000004
0
LINE
8
BLACK
6
CONTINUOUS
10
134.9250789999999824
20
-75.2943870000000004
11
134.9069999999999823
21
-75.2034999999999911
0
LINE
8
BLACK
6
CONTINUOUS
10
134.9069999999999823
20
-75.2034999999999911
11
134.9069999999999823
21
-74.6034999999999968
0
LINE
8
BLACK
6
CONTINUOUS
10
134.9069999999999823
20
-74.6034999999999968
11
134.9250789999999824
21
-74.5126130000000018
0
LINE
8
BLACK
6
CONTINUOUS
10
134.9250789999999824
20
-74.5126130000000018
11
134.9765620000000013
21
-74.4355619999999902
0
LINE
8
BLACK
6
CONTINUOUS
10
134.9765620000000013
20
-74.4355619999999902
11
135.0536129999999844
21
-74.3840789999999998
0
LINE
8
BLACK
6
CONTINUOUS
10
135.0536129999999844
20
-74.3840789999999998
11
135.1444999999999936
21
-74.3659999999999997
0
LINE
8
BLACK
6
CONTINUOUS
10
135.1444999999999936
20
-74.3659999999999997
11
135.6194999999999879
21
-74.3659999999999997
0
LINE
8
BLACK
6
CONTINUOUS
10
135.6194999999999879
20
-74.3659999999999997
11
135.7103869999999972
21
-74.3840789999999998
0
LINE
8
BLACK
6
CONTINUOUS
10
161.157402999999988
20
-74.8264179999999897
11
161.2060659999999928
21
-74.8589339999999908
0
LINE
8
BLACK
6
CONTINUOUS
10
161.2060659999999928
20
-74.8589339999999908
11
161.2385819999999796
21
-74.9075969999999955
0
LINE
8
BLACK
6
CONTINUOUS
10
161.2385819999999796
20
-74.9075969999999955
11
161.25
21
-74.9650000000000034
0
LINE
8
BLACK
6
CONTINUOUS
10
161.25
20
-74.9650000000000034
11
161.25
21
-75.2650000000000006
0
LINE
8
BLACK
6
CONTINUOUS
10
161.25
20
-75.2650000000000006
11
161.2385819999999796
21
-75.3224029999999942
0
LINE
8
BLACK
6
CONTINUOUS
10
161.2385819999999796
20
-75.3224029999999942
11
161.2060659999999928
21
-75.371065999999999
0
LINE
8
BLACK
6
CONTINUOUS
10
161.2060659999999928
20
-75.371065999999999
11
161.157402999999988
21
-75.4035820000000001
0
LINE
8
BLACK
6
CONTINUOUS
10
161.157402999999988
20
-75.4035820000000001
11
161.0999999999999943
21
-75.414999999999992
0
LINE
8
BLACK
6
CONTINUOUS
10
161.0999999999999943
20
-75.414999999999992
11
159.4499999999999886
21
-75.414999999999992
0
LINE
8
BLACK
6
CONTINUOUS
10
159.4499999999999886
20
-75.414999999999992
11
159.392596999999995
21
-75.4035820000000001
0
LINE
8
BLACK
6
CONTINUOUS
10
159.392596999999995
20
-75.4035820000000001
11
159.3439339999999902
21
-75.371065999999999
0
LINE
8
BLACK
6
CONTINUOUS
10
159.3439339999999902
20
-75.371065999999999
11
159.3114180000000033
21
-75.3224029999999942
0
LINE
8
BLACK
6
CONTINUOUS
10
159.3114180000000033
20
-75.3224029999999942
11
159.2999999999999829
21
-75.2650000000000006
0
LINE
8
BLACK
6
CONTINUOUS
10
159.2999999999999829
20
-75.2650000000000006
11
159.2999999999999829
21
-74.9650000000000034
0
LINE
8
BLACK
6
CONTINUOUS
10
159.2999999999999829
20
-74.9650000000000034
11
159.3114180000000033
21
-74.9075969999999955
0
LINE
8
BLACK
6
CONTINUOUS
10
159.3114180000000033
20
-74.9075969999999955
11
159.3439339999999902
21
-74.8589339999999908
0
LINE
8
BLACK
6
CONTINUOUS
10
159.3439339999999902
20
-74.8589339999999908
11
159.392596999999995
21
-74.8264179999999897
0
LINE
8
BLACK
6
CONTINUOUS
10
159.392596999999995
20
-74.8264179999999897
11
159.4499999999999886
21
-74.8149999999999977
0
LINE
8
BLACK
6
CONTINUOUS
10
159.4499999999999886
20
-74.8149999999999977
11
161.0999999999999943
21
-74.8149999999999977
0
LINE
8
BLACK
6
CONTINUOUS
10
161.0999999999999943
20
-74.8149999999999977
11
161.157402999999988
21
-74.8264179999999897
0
LINE
8
BLACK
6
CONTINUOUS
10
166.107403000000005
20
-74.8264179999999897
11
166.1560659999999814
21
-74.8589339999999908
0
LINE
8
BLACK
6
CONTINUOUS
10
166.1560659999999814
20
-74.8589339999999908
11
166.1885819999999967
21
-74.9075969999999955
0
LINE
8
BLACK
6
CONTINUOUS
10
166.1885819999999967
20
-74.9075969999999955
11
166.1999999999999886
21
-74.9650000000000034
0
LINE
8
BLACK
6
CONTINUOUS
10
166.1999999999999886
20
-74.9650000000000034
11
166.1999999999999886
21
-75.2650000000000006
0
LINE
8
BLACK
6
CONTINUOUS
10
166.1999999999999886
20
-75.2650000000000006
11
166.1885819999999967
21
-75.3224029999999942
0
LINE
8
BLACK
6
CONTINUOUS
10
166.1885819999999967
20
-75.3224029999999942
11
166.1560659999999814
21
-75.371065999999999
0
LINE
8
BLACK
6
CONTINUOUS
10
166.1560659999999814
20
-75.371065999999999
11
166.107403000000005
21
-75.4035820000000001
0
LINE
8
BLACK
6
CONTINUOUS
10
166.107403000000005
20
-75.4035820000000001
11
166.0499999999999829
21
-75.414999999999992
0
LINE
8
BLACK
6
CONTINUOUS
10
166.0499999999999829
20
-75.414999999999992
11
164.4000000000000057
21
-75.414999999999992
0
LINE
8
BLACK
6
CONTINUOUS
10
164.4000000000000057
20
-75.414999999999992
11
164.3425969999999836
21
-75.4035820000000001
0
LINE
8
BLACK
6
CONTINUOUS
10
164.3425969999999836
20
-75.4035820000000001
11
164.2939339999999788
21
-75.371065999999999
0
LINE
8
BLACK
6
CONTINUOUS
10
164.2939339999999788
20
-75.371065999999999
11
164.2614179999999919
21
-75.3224029999999942
0
LINE
8
BLACK
6
CONTINUOUS
10
164.2614179999999919
20
-75.3224029999999942
11
164.25
21
-75.2650000000000006
0
LINE
8
BLACK
6
CONTINUOUS
10
164.25
20
-75.2650000000000006
11
164.25
21
-74.9650000000000034
0
LINE
8
BLACK
6
CONTINUOUS
10
164.25
20
-74.9650000000000034
11
164.2614179999999919
21
-74.9075969999999955
0
LINE
8
BLACK
6
CONTINUOUS
10
164.2614179999999919
20
-74.9075969999999955
11
164.2939339999999788
21
-74.8589339999999908
0
LINE
8
BLACK
6
CONTINUOUS
10
164.2939339999999788
20
-74.8589339999999908
11
164.3425969999999836
21
-74.8264179999999897
0
LINE
8
BLACK
6
CONTINUOUS
10
164.3425969999999836
20
-74.8264179999999897
11
164.4000000000000057
21
-74.8149999999999977
0
LINE
8
BLACK
6
CONTINUOUS
10
164.4000000000000057
20
-74.8149999999999977
11
166.0499999999999829
21
-74.8149999999999977
0
LINE
8
BLACK
6
CONTINUOUS
10
166.0499999999999829
20
-74.8149999999999977
11
166.107403000000005
21
-74.8264179999999897
0
LINE
8
BLACK
6
CONTINUOUS
10
142.0649410000000046
20
-74.9139589999999913
11
142.0892729999999915
21
-74.930216999999999
0
LINE
8
BLACK
6
CONTINUOUS
10
142.0892729999999915
20
-74.930216999999999
11
142.1055309999999849
21
-74.9545490000000001
0
LINE
8
BLACK
6
CONTINUOUS
10
142.1055309999999849
20
-74.9545490000000001
11
142.1112399999999809
21
-74.9832499999999982
0
LINE
8
BLACK
6
CONTINUOUS
10
142.1112399999999809
20
-74.9832499999999982
11
142.1112399999999809
21
-75.1332499999999897
0
LINE
8
BLACK
6
CONTINUOUS
10
142.1112399999999809
20
-75.1332499999999897
11
142.1055309999999849
21
-75.161951000000002
0
LINE
8
BLACK
6
CONTINUOUS
10
142.1055309999999849
20
-75.161951000000002
11
142.0892729999999915
21
-75.1862830000000031
0
LINE
8
BLACK
6
CONTINUOUS
10
142.0892729999999915
20
-75.1862830000000031
11
142.0649410000000046
21
-75.2025409999999965
0
LINE
8
BLACK
6
CONTINUOUS
10
142.0649410000000046
20
-75.2025409999999965
11
142.0362399999999923
21
-75.2082499999999925
0
LINE
8
BLACK
6
CONTINUOUS
10
142.0362399999999923
20
-75.2082499999999925
11
140.5862400000000036
21
-75.2082499999999925
0
LINE
8
BLACK
6
CONTINUOUS
10
140.5862400000000036
20
-75.2082499999999925
11
140.5575389999999913
21
-75.2025409999999965
0
LINE
8
BLACK
6
CONTINUOUS
10
140.5575389999999913
20
-75.2025409999999965
11
140.5332070000000044
21
-75.1862830000000031
0
LINE
8
BLACK
6
CONTINUOUS
10
140.5332070000000044
20
-75.1862830000000031
11
140.5169489999999826
21
-75.161951000000002
0
LINE
8
BLACK
6
CONTINUOUS
10
140.5169489999999826
20
-75.161951000000002
11
140.5112399999999866
21
-75.1332499999999897
0
LINE
8
BLACK
6
CONTINUOUS
10
140.5112399999999866
20
-75.1332499999999897
11
140.5112399999999866
21
-74.9832499999999982
0
LINE
8
BLACK
6
CONTINUOUS
10
140.5112399999999866
20
-74.9832499999999982
11
140.5169489999999826
21
-74.9545490000000001
0
LINE
8
BLACK
6
CONTINUOUS
10
140.5169489999999826
20
-74.9545490000000001
11
140.5332070000000044
21
-74.930216999999999
0
LINE
8
BLACK
6
CONTINUOUS
10
140.5332070000000044
20
-74.930216999999999
11
140.5575389999999913
21
-74.9139589999999913
0
LINE
8
BLACK
6
CONTINUOUS
10
140.5575389999999913
20
-74.9139589999999913
11
140.5862400000000036
21
-74.9082499999999953
0
LINE
8
BLACK
6
CONTINUOUS
10
140.5862400000000036
20
-74.9082499999999953
11
142.0362399999999923
21
-74.9082499999999953
0
LINE
8
BLACK
6
CONTINUOUS
10
142.0362399999999923
20
-74.9082499999999953
11
142.0649410000000046
21
-74.9139589999999913
0
LINE
8
BLACK
6
CONTINUOUS
10
157.4149409999999989
20
-74.9139589999999913
11
157.4392729999999858
21
-74.930216999999999
0
LINE
8
BLACK
6
CONTINUOUS
10
157.4392729999999858
20
-74.930216999999999
11
157.4555309999999793
21
-74.9545490000000001
0
LINE
8
BLACK
6
CONTINUOUS
10
157.4555309999999793
20
-74.9545490000000001
11
157.4612400000000036
21
-74.9832499999999982
0
LINE
8
BLACK
6
CONTINUOUS
10
157.4612400000000036
20
-74.9832499999999982
11
157.4612400000000036
21
-75.1332499999999897
0
LINE
8
BLACK
6
CONTINUOUS
10
157.4612400000000036
20
-75.1332499999999897
11
157.4555309999999793
21
-75.161951000000002
0
LINE
8
BLACK
6
CONTINUOUS
10
157.4555309999999793
20
-75.161951000000002
11
157.4392729999999858
21
-75.1862830000000031
0
LINE
8
BLACK
6
CONTINUOUS
10
157.4392729999999858
20
-75.1862830000000031
11
157.4149409999999989
21
-75.2025409999999965
0
LINE
8
BLACK
6
CONTINUOUS
10
157.4149409999999989
20
-75.2025409999999965
11
157.3862399999999866
21
-75.2082499999999925
0
LINE
8
BLACK
6
CONTINUOUS
10
157.3862399999999866
20
-75.2082499999999925
11
155.936239999999998
21
-75.2082499999999925
0
LINE
8
BLACK
6
CONTINUOUS
10
155.936239999999998
20
-75.2082499999999925
11
155.9075389999999857
21
-75.2025409999999965
0
LINE
8
BLACK
6
CONTINUOUS
10
155.9075389999999857
20
-75.2025409999999965
11
155.8832069999999987
21
-75.1862830000000031
0
LINE
8
BLACK
6
CONTINUOUS
10
155.8832069999999987
20
-75.1862830000000031
11
155.8669490000000053
21
-75.161951000000002
0
LINE
8
BLACK
6
CONTINUOUS
10
155.8669490000000053
20
-75.161951000000002
11
155.8612399999999809
21
-75.1332499999999897
0
LINE
8
BLACK
6
CONTINUOUS
10
155.8612399999999809
20
-75.1332499999999897
11
155.8612399999999809
21
-74.9832499999999982
0
LINE
8
BLACK
6
CONTINUOUS
10
155.8612399999999809
20
-74.9832499999999982
11
155.8669490000000053
21
-74.9545490000000001
0
LINE
8
BLACK
6
CONTINUOUS
10
155.8669490000000053
20
-74.9545490000000001
11
155.8832069999999987
21
-74.930216999999999
0
LINE
8
BLACK
6
CONTINUOUS
10
155.8832069999999987
20
-74.930216999999999
11
155.9075389999999857
21
-74.9139589999999913
0
LINE
8
BLACK
6
CONTINUOUS
10
155.9075389999999857
20
-74.9139589999999913
11
155.936239999999998
21
-74.9082499999999953
0
LINE
8
BLACK
6
CONTINUOUS
10
155.936239999999998
20
-74.9082499999999953
11
157.3862399999999866
21
-74.9082499999999953
0
LINE
8
BLACK
6
CONTINUOUS
10
157.3862399999999866
20
-74.9082499999999953
11
157.4149409999999989
21
-74.9139589999999913
0
LINE
8
BLACK
6
CONTINUOUS
10
173.5783869999999922
20
-74.1180789999999945
11
173.6554380000000037
21
-74.1695619999999991
0
LINE
8
BLACK
6
CONTINUOUS
10
173.6554380000000037
20
-74.1695619999999991
11
173.7069209999999941
21
-74.2466129999999964
0
LINE
8
BLACK
6
CONTINUOUS
10
173.7069209999999941
20
-74.2466129999999964
11
173.7249999999999943
21
-74.3374999999999915
0
LINE
8
BLACK
6
CONTINUOUS
10
173.7249999999999943
20
-74.3374999999999915
11
173.7249999999999943
21
-74.9375
0
LINE
8
BLACK
6
CONTINUOUS
10
173.7249999999999943
20
-74.9375
11
173.7069209999999941
21
-75.0283869999999951
0
LINE
8
BLACK
6
CONTINUOUS
10
173.7069209999999941
20
-75.0283869999999951
11
173.6554380000000037
21
-75.1054379999999924
0
LINE
8
BLACK
6
CONTINUOUS
10
173.6554380000000037
20
-75.1054379999999924
11
173.5783869999999922
21
-75.156920999999997
0
LINE
8
BLACK
6
CONTINUOUS
10
173.5783869999999922
20
-75.156920999999997
11
173.4874999999999829
21
-75.1749999999999972
0
LINE
8
BLACK
6
CONTINUOUS
10
173.4874999999999829
20
-75.1749999999999972
11
173.0124999999999886
21
-75.1749999999999972
0
LINE
8
BLACK
6
CONTINUOUS
10
173.0124999999999886
20
-75.1749999999999972
11
172.9216129999999794
21
-75.156920999999997
0
LINE
8
BLACK
6
CONTINUOUS
10
172.9216129999999794
20
-75.156920999999997
11
172.8445619999999963
21
-75.1054379999999924
0
LINE
8
BLACK
6
CONTINUOUS
10
172.8445619999999963
20
-75.1054379999999924
11
172.7930790000000059
21
-75.0283869999999951
0
LINE
8
BLACK
6
CONTINUOUS
10
172.7930790000000059
20
-75.0283869999999951
11
172.7750000000000057
21
-74.9375
0
LINE
8
BLACK
6
CONTINUOUS
10
172.7750000000000057
20
-74.9375
11
172.7750000000000057
21
-74.3374999999999915
0
LINE
8
BLACK
6
CONTINUOUS
10
172.7750000000000057
20
-74.3374999999999915
11
172.7930790000000059
21
-74.2466129999999964
0
LINE
8
BLACK
6
CONTINUOUS
10
172.7930790000000059
20
-74.2466129999999964
11
172.8445619999999963
21
-74.1695619999999991
0
LINE
8
BLACK
6
CONTINUOUS
10
172.8445619999999963
20
-74.1695619999999991
11
172.9216129999999794
21
-74.1180789999999945
0
LINE
8
BLACK
6
CONTINUOUS
10
172.9216129999999794
20
-74.1180789999999945
11
173.0124999999999886
21
-74.0999999999999943
0
LINE
8
BLACK
6
CONTINUOUS
10
173.0124999999999886
20
-74.0999999999999943
11
173.4874999999999829
21
-74.0999999999999943
0
LINE
8
BLACK
6
CONTINUOUS
10
173.4874999999999829
20
-74.0999999999999943
11
173.5783869999999922
21
-74.1180789999999945
0
LINE
8
BLACK
6
CONTINUOUS
10
169.4923869999999795
20
-73.8760789999999901
11
169.569437999999991
21
-73.9275619999999947
0
LINE
8
BLACK
6
CONTINUOUS
10
169.569437999999991
20
-73.9275619999999947
11
169.6209209999999814
21
-74.004612999999992
0
LINE
8
BLACK
6
CONTINUOUS
10
169.6209209999999814
20
-74.004612999999992
11
169.6389999999999816
21
-74.0955000000000013
0
LINE
8
BLACK
6
CONTINUOUS
10
169.6389999999999816
20
-74.0955000000000013
11
169.6389999999999816
21
-74.6954999999999956
0
LINE
8
BLACK
6
CONTINUOUS
10
169.6389999999999816
20
-74.6954999999999956
11
169.6209209999999814
21
-74.7863869999999906
0
LINE
8
BLACK
6
CONTINUOUS
10
169.6209209999999814
20
-74.7863869999999906
11
169.569437999999991
21
-74.8634380000000021
0
LINE
8
BLACK
6
CONTINUOUS
10
169.569437999999991
20
-74.8634380000000021
11
169.4923869999999795
21
-74.9149209999999925
0
LINE
8
BLACK
6
CONTINUOUS
10
169.4923869999999795
20
-74.9149209999999925
11
169.4014999999999986
21
-74.9329999999999927
0
LINE
8
BLACK
6
CONTINUOUS
10
169.4014999999999986
20
-74.9329999999999927
11
168.9265000000000043
21
-74.9329999999999927
0
LINE
8
BLACK
6
CONTINUOUS
10
168.9265000000000043
20
-74.9329999999999927
11
168.8356129999999951
21
-74.9149209999999925
0
LINE
8
BLACK
6
CONTINUOUS
10
168.8356129999999951
20
-74.9149209999999925
11
168.7585619999999835
21
-74.8634380000000021
0
LINE
8
BLACK
6
CONTINUOUS
10
168.7585619999999835
20
-74.8634380000000021
11
168.7070789999999931
21
-74.7863869999999906
0
LINE
8
BLACK
6
CONTINUOUS
10
168.7070789999999931
20
-74.7863869999999906
11
168.688999999999993
21
-74.6954999999999956
0
LINE
8
BLACK
6
CONTINUOUS
10
168.688999999999993
20
-74.6954999999999956
11
168.688999999999993
21
-74.0955000000000013
0
LINE
8
BLACK
6
CONTINUOUS
10
168.688999999999993
20
-74.0955000000000013
11
168.7070789999999931
21
-74.004612999999992
0
LINE
8
BLACK
6
CONTINUOUS
10
168.7070789999999931
20
-74.004612999999992
11
168.7585619999999835
21
-73.9275619999999947
0
LINE
8
BLACK
6
CONTINUOUS
10
168.7585619999999835
20
-73.9275619999999947
11
168.8356129999999951
21
-73.8760789999999901
0
LINE
8
BLACK
6
CONTINUOUS
10
168.8356129999999951
20
-73.8760789999999901
11
168.9265000000000043
21
-73.8579999999999899
0
LINE
8
BLACK
6
CONTINUOUS
10
168.9265000000000043
20
-73.8579999999999899
11
169.4014999999999986
21
-73.8579999999999899
0
LINE
8
BLACK
6
CONTINUOUS
10
169.4014999999999986
20
-73.8579999999999899
11
169.4923869999999795
21
-73.8760789999999901
0
LINE
8
BLACK
6
CONTINUOUS
10
171.0163869999999804
20
-73.9760789999999986
11
171.0934379999999919
21
-74.0275620000000032
0
LINE
8
BLACK
6
CONTINUOUS
10
171.0934379999999919
20
-74.0275620000000032
11
171.1449209999999823
21
-74.1046130000000005
0
LINE
8
BLACK
6
CONTINUOUS
10
171.1449209999999823
20
-74.1046130000000005
11
171.1629999999999825
21
-74.1954999999999956
0
LINE
8
BLACK
6
CONTINUOUS
10
171.1629999999999825
20
-74.1954999999999956
11
171.1629999999999825
21
-74.6954999999999956
0
LINE
8
BLACK
6
CONTINUOUS
10
171.1629999999999825
20
-74.6954999999999956
11
171.1449209999999823
21
-74.7863869999999906
0
LINE
8
BLACK
6
CONTINUOUS
10
171.1449209999999823
20
-74.7863869999999906
11
171.0934379999999919
21
-74.8634380000000021
0
LINE
8
BLACK
6
CONTINUOUS
10
171.0934379999999919
20
-74.8634380000000021
11
171.0163869999999804
21
-74.9149209999999925
0
LINE
8
BLACK
6
CONTINUOUS
10
171.0163869999999804
20
-74.9149209999999925
11
170.9254999999999995
21
-74.9329999999999927
0
LINE
8
BLACK
6
CONTINUOUS
10
170.9254999999999995
20
-74.9329999999999927
11
170.4505000000000052
21
-74.9329999999999927
0
LINE
8
BLACK
6
CONTINUOUS
10
170.4505000000000052
20
-74.9329999999999927
11
170.359612999999996
21
-74.9149209999999925
0
LINE
8
BLACK
6
CONTINUOUS
10
170.359612999999996
20
-74.9149209999999925
11
170.2825619999999844
21
-74.8634380000000021
0
LINE
8
BLACK
6
CONTINUOUS
10
170.2825619999999844
20
-74.8634380000000021
11
170.231078999999994
21
-74.7863869999999906
0
LINE
8
BLACK
6
CONTINUOUS
10
170.231078999999994
20
-74.7863869999999906
11
170.2129999999999939
21
-74.6954999999999956
0
LINE
8
BLACK
6
CONTINUOUS
10
170.2129999999999939
20
-74.6954999999999956
11
170.2129999999999939
21
-74.1954999999999956
0
LINE
8
BLACK
6
CONTINUOUS
10
170.2129999999999939
20
-74.1954999999999956
11
170.231078999999994
21
-74.1046130000000005
0
LINE
8
BLACK
6
CONTINUOUS
10
170.231078999999994
20
-74.1046130000000005
11
170.2825619999999844
21
-74.0275620000000032
0
LINE
8
BLACK
6
CONTINUOUS
10
170.2825619999999844
20
-74.0275620000000032
11
170.359612999999996
21
-73.9760789999999986
0
LINE
8
BLACK
6
CONTINUOUS
10
170.359612999999996
20
-73.9760789999999986
11
170.4505000000000052
21
-73.9579999999999984
0
LINE
8
BLACK
6
CONTINUOUS
10
170.4505000000000052
20
-73.9579999999999984
11
170.9254999999999995
21
-73.9579999999999984
0
LINE
8
BLACK
6
CONTINUOUS
10
170.9254999999999995
20
-73.9579999999999984
11
171.0163869999999804
21
-73.9760789999999986
0
LINE
8
BLACK
6
CONTINUOUS
10
142.0649410000000046
20
-74.4139589999999913
11
142.0892729999999915
21
-74.430216999999999
0
LINE
8
BLACK
6
CONTINUOUS
10
142.0892729999999915
20
-74.430216999999999
11
142.1055309999999849
21
-74.4545490000000001
0
LINE
8
BLACK
6
CONTINUOUS
10
142.1055309999999849
20
-74.4545490000000001
11
142.1112399999999809
21
-74.4832499999999982
0
LINE
8
BLACK
6
CONTINUOUS
10
142.1112399999999809
20
-74.4832499999999982
11
142.1112399999999809
21
-74.6332499999999897
0
LINE
8
BLACK
6
CONTINUOUS
10
142.1112399999999809
20
-74.6332499999999897
11
142.1055309999999849
21
-74.661951000000002
0
LINE
8
BLACK
6
CONTINUOUS
10
142.1055309999999849
20
-74.661951000000002
11
142.0892729999999915
21
-74.6862830000000031
0
LINE
8
BLACK
6
CONTINUOUS
10
142.0892729999999915
20
-74.6862830000000031
11
142.0649410000000046
21
-74.7025409999999965
0
LINE
8
BLACK
6
CONTINUOUS
10
142.0649410000000046
20
-74.7025409999999965
11
142.0362399999999923
21
-74.7082499999999925
0
LINE
8
BLACK
6
CONTINUOUS
10
142.0362399999999923
20
-74.7082499999999925
11
140.5862400000000036
21
-74.7082499999999925
0
LINE
8
BLACK
6
CONTINUOUS
10
140.5862400000000036
20
-74.7082499999999925
11
140.5575389999999913
21
-74.7025409999999965
0
LINE
8
BLACK
6
CONTINUOUS
10
140.5575389999999913
20
-74.7025409999999965
11
140.5332070000000044
21
-74.6862830000000031
0
LINE
8
BLACK
6
CONTINUOUS
10
140.5332070000000044
20
-74.6862830000000031
11
140.5169489999999826
21
-74.661951000000002
0
LINE
8
BLACK
6
CONTINUOUS
10
140.5169489999999826
20
-74.661951000000002
11
140.5112399999999866
21
-74.6332499999999897
0
LINE
8
BLACK
6
CONTINUOUS
10
140.5112399999999866
20
-74.6332499999999897
11
140.5112399999999866
21
-74.4832499999999982
0
LINE
8
BLACK
6
CONTINUOUS
10
140.5112399999999866
20
-74.4832499999999982
11
140.5169489999999826
21
-74.4545490000000001
0
LINE
8
BLACK
6
CONTINUOUS
10
140.5169489999999826
20
-74.4545490000000001
11
140.5332070000000044
21
-74.430216999999999
0
LINE
8
BLACK
6
CONTINUOUS
10
140.5332070000000044
20
-74.430216999999999
11
140.5575389999999913
21
-74.4139589999999913
0
LINE
8
BLACK
6
CONTINUOUS
10
140.5575389999999913
20
-74.4139589999999913
11
140.5862400000000036
21
-74.4082499999999953
0
LINE
8
BLACK
6
CONTINUOUS
10
140.5862400000000036
20
-74.4082499999999953
11
142.0362399999999923
21
-74.4082499999999953
0
LINE
8
BLACK
6
CONTINUOUS
10
142.0362399999999923
20
-74.4082499999999953
11
142.0649410000000046
21
-74.4139589999999913
0
LINE
8
BLACK
6
CONTINUOUS
10
157.4149409999999989
20
-74.4139589999999913
11
157.4392729999999858
21
-74.430216999999999
0
LINE
8
BLACK
6
CONTINUOUS
10
157.4392729999999858
20
-74.430216999999999
11
157.4555309999999793
21
-74.4545490000000001
0
LINE
8
BLACK
6
CONTINUOUS
10
157.4555309999999793
20
-74.4545490000000001
11
157.4612400000000036
21
-74.4832499999999982
0
LINE
8
BLACK
6
CONTINUOUS
10
157.4612400000000036
20
-74.4832499999999982
11
157.4612400000000036
21
-74.6332499999999897
0
LINE
8
BLACK
6
CONTINUOUS
10
157.4612400000000036
20
-74.6332499999999897
11
157.4555309999999793
21
-74.661951000000002
0
LINE
8
BLACK
6
CONTINUOUS
10
157.4555309999999793
20
-74.661951000000002
11
157.4392729999999858
21
-74.6862830000000031
0
LINE
8
BLACK
6
CONTINUOUS
10
157.4392729999999858
20
-74.6862830000000031
11
157.4149409999999989
21
-74.7025409999999965
0
LINE
8
BLACK
6
CONTINUOUS
10
157.4149409999999989
20
-74.7025409999999965
11
157.3862399999999866
21
-74.7082499999999925
0
LINE
8
BLACK
6
CONTINUOUS
10
157.3862399999999866
20
-74.7082499999999925
11
155.936239999999998
21
-74.7082499999999925
0
LINE
8
BLACK
6
CONTINUOUS
10
155.936239999999998
20
-74.7082499999999925
11
155.9075389999999857
21
-74.7025409999999965
0
LINE
8
BLACK
6
CONTINUOUS
10
155.9075389999999857
20
-74.7025409999999965
11
155.8832069999999987
21
-74.6862830000000031
0
LINE
8
BLACK
6
CONTINUOUS
10
155.8832069999999987
20
-74.6862830000000031
11
155.8669490000000053
21
-74.661951000000002
0
LINE
8
BLACK
6
CONTINUOUS
10
155.8669490000000053
20
-74.661951000000002
11
155.8612399999999809
21
-74.6332499999999897
0
LINE
8
BLACK
6
CONTINUOUS
10
155.8612399999999809
20
-74.6332499999999897
11
155.8612399999999809
21
-74.4832499999999982
0
LINE
8
BLACK
6
CONTINUOUS
10
155.8612399999999809
20
-74.4832499999999982
11
155.8669490000000053
21
-74.4545490000000001
0
LINE
8
BLACK
6
CONTINUOUS
10
155.8669490000000053
20
-74.4545490000000001
11
155.8832069999999987
21
-74.430216999999999
0
LINE
8
BLACK
6
CONTINUOUS
10
155.8832069999999987
20
-74.430216999999999
11
155.9075389999999857
21
-74.4139589999999913
0
LINE
8
BLACK
6
CONTINUOUS
10
155.9075389999999857
20
-74.4139589999999913
11
155.936239999999998
21
-74.4082499999999953
0
LINE
8
BLACK
6
CONTINUOUS
10
155.936239999999998
20
-74.4082499999999953
11
157.3862399999999866
21
-74.4082499999999953
0
LINE
8
BLACK
6
CONTINUOUS
10
157.3862399999999866
20
-74.4082499999999953
11
157.4149409999999989
21
-74.4139589999999913
0
LINE
8
BLACK
6
CONTINUOUS
10
120.3497079999999926
20
-73.5861840000000029
11
120.4694299999999885
21
-73.6631249999999937
0
LINE
8
BLACK
6
CONTINUOUS
10
120.4694299999999885
20
-73.6631249999999937
11
120.562626999999992
21
-73.7706799999999987
0
LINE
8
BLACK
6
CONTINUOUS
10
120.562626999999992
20
-73.7706799999999987
11
120.6217459999999875
21
-73.9001339999999942
0
LINE
8
BLACK
6
CONTINUOUS
10
120.6217459999999875
20
-73.9001339999999942
11
120.6419999999999959
21
-74.0409999999999968
0
LINE
8
BLACK
6
CONTINUOUS
10
120.6419999999999959
20
-74.0409999999999968
11
120.6217459999999875
21
-74.1818659999999994
0
LINE
8
BLACK
6
CONTINUOUS
10
120.6217459999999875
20
-74.1818659999999994
11
120.562626999999992
21
-74.3113199999999949
0
LINE
8
BLACK
6
CONTINUOUS
10
120.562626999999992
20
-74.3113199999999949
11
120.4694299999999885
21
-74.4188749999999999
0
LINE
8
BLACK
6
CONTINUOUS
10
120.4694299999999885
20
-74.4188749999999999
11
120.3497079999999926
21
-74.4958159999999907
0
LINE
8
BLACK
6
CONTINUOUS
10
120.3497079999999926
20
-74.4958159999999907
11
120.2131569999999954
21
-74.5359109999999987
0
LINE
8
BLACK
6
CONTINUOUS
10
120.2131569999999954
20
-74.5359109999999987
11
120.0708429999999964
21
-74.5359109999999987
0
LINE
8
BLACK
6
CONTINUOUS
10
120.0708429999999964
20
-74.5359109999999987
11
119.9342919999999992
21
-74.4958159999999907
0
LINE
8
BLACK
6
CONTINUOUS
10
119.9342919999999992
20
-74.4958159999999907
11
119.8145699999999891
21
-74.4188749999999999
0
LINE
8
BLACK
6
CONTINUOUS
10
119.8145699999999891
20
-74.4188749999999999
11
119.7213729999999998
21
-74.3113199999999949
0
LINE
8
BLACK
6
CONTINUOUS
10
119.7213729999999998
20
-74.3113199999999949
11
119.6622539999999901
21
-74.1818659999999994
0
LINE
8
BLACK
6
CONTINUOUS
10
119.6622539999999901
20
-74.1818659999999994
11
119.6419999999999959
21
-74.0409999999999968
0
LINE
8
BLACK
6
CONTINUOUS
10
119.6419999999999959
20
-74.0409999999999968
11
119.6622539999999901
21
-73.9001339999999942
0
LINE
8
BLACK
6
CONTINUOUS
10
119.6622539999999901
20
-73.9001339999999942
11
119.7213729999999998
21
-73.7706799999999987
0
LINE
8
BLACK
6
CONTINUOUS
10
119.7213729999999998
20
-73.7706799999999987
11
119.8145699999999891
21
-73.6631249999999937
0
LINE
8
BLACK
6
CONTINUOUS
10
119.8145699999999891
20
-73.6631249999999937
11
119.9342919999999992
21
-73.5861840000000029
0
LINE
8
BLACK
6
CONTINUOUS
10
119.9342919999999992
20
-73.5861840000000029
11
120.0708429999999964
21
-73.5460889999999949
0
LINE
8
BLACK
6
CONTINUOUS
10
120.0708429999999964
20
-73.5460889999999949
11
120.2131569999999954
21
-73.5460889999999949
0
LINE
8
BLACK
6
CONTINUOUS
10
120.2131569999999954
20
-73.5460889999999949
11
120.3497079999999926
21
-73.5861840000000029
0
LINE
8
BLACK
6
CONTINUOUS
10
179.1037079999999833
20
-73.5861840000000029
11
179.2234299999999791
21
-73.6631249999999937
0
LINE
8
BLACK
6
CONTINUOUS
10
179.2234299999999791
20
-73.6631249999999937
11
179.3166269999999827
21
-73.7706799999999987
0
LINE
8
BLACK
6
CONTINUOUS
10
179.3166269999999827
20
-73.7706799999999987
11
179.3757459999999924
21
-73.9001339999999942
0
LINE
8
BLACK
6
CONTINUOUS
10
179.3757459999999924
20
-73.9001339999999942
11
179.3959999999999866
21
-74.0409999999999968
0
LINE
8
BLACK
6
CONTINUOUS
10
179.3959999999999866
20
-74.0409999999999968
11
179.3757459999999924
21
-74.1818659999999994
0
LINE
8
BLACK
6
CONTINUOUS
10
179.3757459999999924
20
-74.1818659999999994
11
179.3166269999999827
21
-74.3113199999999949
0
LINE
8
BLACK
6
CONTINUOUS
10
179.3166269999999827
20
-74.3113199999999949
11
179.2234299999999791
21
-74.4188749999999999
0
LINE
8
BLACK
6
CONTINUOUS
10
179.2234299999999791
20
-74.4188749999999999
11
179.1037079999999833
21
-74.4958159999999907
0
LINE
8
BLACK
6
CONTINUOUS
10
179.1037079999999833
20
-74.4958159999999907
11
178.9671569999999861
21
-74.5359109999999987
0
LINE
8
BLACK
6
CONTINUOUS
10
178.9671569999999861
20
-74.5359109999999987
11
178.8248429999999871
21
-74.5359109999999987
0
LINE
8
BLACK
6
CONTINUOUS
10
178.8248429999999871
20
-74.5359109999999987
11
178.6882919999999899
21
-74.4958159999999907
0
LINE
8
BLACK
6
CONTINUOUS
10
178.6882919999999899
20
-74.4958159999999907
11
178.568569999999994
21
-74.4188749999999999
0
LINE
8
BLACK
6
CONTINUOUS
10
178.568569999999994
20
-74.4188749999999999
11
178.4753729999999905
21
-74.3113199999999949
0
LINE
8
BLACK
6
CONTINUOUS
10
178.4753729999999905
20
-74.3113199999999949
11
178.4162539999999808
21
-74.1818659999999994
0
LINE
8
BLACK
6
CONTINUOUS
10
178.4162539999999808
20
-74.1818659999999994
11
178.3959999999999866
21
-74.0409999999999968
0
LINE
8
BLACK
6
CONTINUOUS
10
178.3959999999999866
20
-74.0409999999999968
11
178.4162539999999808
21
-73.9001339999999942
0
LINE
8
BLACK
6
CONTINUOUS
10
178.4162539999999808
20
-73.9001339999999942
11
178.4753729999999905
21
-73.7706799999999987
0
LINE
8
BLACK
6
CONTINUOUS
10
178.4753729999999905
20
-73.7706799999999987
11
178.568569999999994
21
-73.6631249999999937
0
LINE
8
BLACK
6
CONTINUOUS
10
178.568569999999994
20
-73.6631249999999937
11
178.6882919999999899
21
-73.5861840000000029
0
LINE
8
BLACK
6
CONTINUOUS
10
178.6882919999999899
20
-73.5861840000000029
11
178.8248429999999871
21
-73.5460889999999949
0
LINE
8
BLACK
6
CONTINUOUS
10
178.8248429999999871
20
-73.5460889999999949
11
178.9671569999999861
21
-73.5460889999999949
0
LINE
8
BLACK
6
CONTINUOUS
10
178.9671569999999861
20
-73.5460889999999949
11
179.1037079999999833
21
-73.5861840000000029
0
LINE
8
BLACK
6
CONTINUOUS
10
142.0649410000000046
20
-73.9139589999999913
11
142.0892729999999915
21
-73.930216999999999
0
LINE
8
BLACK
6
CONTINUOUS
10
142.0892729999999915
20
-73.930216999999999
11
142.1055309999999849
21
-73.9545490000000001
0
LINE
8
BLACK
6
CONTINUOUS
10
142.1055309999999849
20
-73.9545490000000001
11
142.1112399999999809
21
-73.9832499999999982
0
LINE
8
BLACK
6
CONTINUOUS
10
142.1112399999999809
20
-73.9832499999999982
11
142.1112399999999809
21
-74.1332499999999897
0
LINE
8
BLACK
6
CONTINUOUS
10
142.1112399999999809
20
-74.1332499999999897
11
142.1055309999999849
21
-74.161951000000002
0
LINE
8
BLACK
6
CONTINUOUS
10
142.1055309999999849
20
-74.161951000000002
11
142.0892729999999915
21
-74.1862830000000031
0
LINE
8
BLACK
6
CONTINUOUS
10
142.0892729999999915
20
-74.1862830000000031
11
142.0649410000000046
21
-74.2025409999999965
0
LINE
8
BLACK
6
CONTINUOUS
10
142.0649410000000046
20
-74.2025409999999965
11
142.0362399999999923
21
-74.2082499999999925
0
LINE
8
BLACK
6
CONTINUOUS
10
142.0362399999999923
20
-74.2082499999999925
11
140.5862400000000036
21
-74.2082499999999925
0
LINE
8
BLACK
6
CONTINUOUS
10
140.5862400000000036
20
-74.2082499999999925
11
140.5575389999999913
21
-74.2025409999999965
0
LINE
8
BLACK
6
CONTINUOUS
10
140.5575389999999913
20
-74.2025409999999965
11
140.5332070000000044
21
-74.1862830000000031
0
LINE
8
BLACK
6
CONTINUOUS
10
140.5332070000000044
20
-74.1862830000000031
11
140.5169489999999826
21
-74.161951000000002
0
LINE
8
BLACK
6
CONTINUOUS
10
140.5169489999999826
20
-74.161951000000002
11
140.5112399999999866
21
-74.1332499999999897
0
LINE
8
BLACK
6
CONTINUOUS
10
140.5112399999999866
20
-74.1332499999999897
11
140.5112399999999866
21
-73.9832499999999982
0
LINE
8
BLACK
6
CONTINUOUS
10
140.5112399999999866
20
-73.9832499999999982
11
140.5169489999999826
21
-73.9545490000000001
0
LINE
8
BLACK
6
CONTINUOUS
10
140.5169489999999826
20
-73.9545490000000001
11
140.5332070000000044
21
-73.930216999999999
0
LINE
8
BLACK
6
CONTINUOUS
10
140.5332070000000044
20
-73.930216999999999
11
140.5575389999999913
21
-73.9139589999999913
0
LINE
8
BLACK
6
CONTINUOUS
10
140.5575389999999913
20
-73.9139589999999913
11
140.5862400000000036
21
-73.9082499999999953
0
LINE
8
BLACK
6
CONTINUOUS
10
140.5862400000000036
20
-73.9082499999999953
11
142.0362399999999923
21
-73.9082499999999953
0
LINE
8
BLACK
6
CONTINUOUS
10
142.0362399999999923
20
-73.9082499999999953
11
142.0649410000000046
21
-73.9139589999999913
0
LINE
8
BLACK
6
CONTINUOUS
10
157.4149409999999989
20
-73.9139589999999913
11
157.4392729999999858
21
-73.930216999999999
0
LINE
8
BLACK
6
CONTINUOUS
10
157.4392729999999858
20
-73.930216999999999
11
157.4555309999999793
21
-73.9545490000000001
0
LINE
8
BLACK
6
CONTINUOUS
10
157.4555309999999793
20
-73.9545490000000001
11
157.4612400000000036
21
-73.9832499999999982
0
LINE
8
BLACK
6
CONTINUOUS
10
157.4612400000000036
20
-73.9832499999999982
11
157.4612400000000036
21
-74.1332499999999897
0
LINE
8
BLACK
6
CONTINUOUS
10
157.4612400000000036
20
-74.1332499999999897
11
157.4555309999999793
21
-74.161951000000002
0
LINE
8
BLACK
6
CONTINUOUS
10
157.4555309999999793
20
-74.161951000000002
11
157.4392729999999858
21
-74.1862830000000031
0
LINE
8
BLACK
6
CONTINUOUS
10
157.4392729999999858
20
-74.1862830000000031
11
157.4149409999999989
21
-74.2025409999999965
0
LINE
8
BLACK
6
CONTINUOUS
10
157.4149409999999989
20
-74.2025409999999965
11
157.3862399999999866
21
-74.2082499999999925
0
LINE
8
BLACK
6
CONTINUOUS
10
157.3862399999999866
20
-74.2082499999999925
11
155.936239999999998
21
-74.2082499999999925
0
LINE
8
BLACK
6
CONTINUOUS
10
155.936239999999998
20
-74.2082499999999925
11
155.9075389999999857
21
-74.2025409999999965
0
LINE
8
BLACK
6
CONTINUOUS
10
155.9075389999999857
20
-74.2025409999999965
11
155.8832069999999987
21
-74.1862830000000031
0
LINE
8
BLACK
6
CONTINUOUS
10
155.8832069999999987
20
-74.1862830000000031
11
155.8669490000000053
21
-74.161951000000002
0
LINE
8
BLACK
6
CONTINUOUS
10
155.8669490000000053
20
-74.161951000000002
11
155.8612399999999809
21
-74.1332499999999897
0
LINE
8
BLACK
6
CONTINUOUS
10
155.8612399999999809
20
-74.1332499999999897
11
155.8612399999999809
21
-73.9832499999999982
0
LINE
8
BLACK
6
CONTINUOUS
10
155.8612399999999809
20
-73.9832499999999982
11
155.8669490000000053
21
-73.9545490000000001
0
LINE
8
BLACK
6
CONTINUOUS
10
155.8669490000000053
20
-73.9545490000000001
11
155.8832069999999987
21
-73.930216999999999
0
LINE
8
BLACK
6
CONTINUOUS
10
155.8832069999999987
20
-73.930216999999999
11
155.9075389999999857
21
-73.9139589999999913
0
LINE
8
BLACK
6
CONTINUOUS
10
155.9075389999999857
20
-73.9139589999999913
11
155.936239999999998
21
-73.9082499999999953
0
LINE
8
BLACK
6
CONTINUOUS
10
155.936239999999998
20
-73.9082499999999953
11
157.3862399999999866
21
-73.9082499999999953
0
LINE
8
BLACK
6
CONTINUOUS
10
157.3862399999999866
20
-73.9082499999999953
11
157.4149409999999989
21
-73.9139589999999913
0
LINE
8
BLACK
6
CONTINUOUS
10
167.5783869999999922
20
-73.1180789999999945
11
167.6554380000000037
21
-73.1695619999999991
0
LINE
8
BLACK
6
CONTINUOUS
10
167.6554380000000037
20
-73.1695619999999991
11
167.7069209999999941
21
-73.2466129999999964
0
LINE
8
BLACK
6
CONTINUOUS
10
167.7069209999999941
20
-73.2466129999999964
11
167.7249999999999943
21
-73.3374999999999915
0
LINE
8
BLACK
6
CONTINUOUS
10
167.7249999999999943
20
-73.3374999999999915
11
167.7249999999999943
21
-73.9375
0
LINE
8
BLACK
6
CONTINUOUS
10
167.7249999999999943
20
-73.9375
11
167.7069209999999941
21
-74.0283869999999951
0
LINE
8
BLACK
6
CONTINUOUS
10
167.7069209999999941
20
-74.0283869999999951
11
167.6554380000000037
21
-74.1054379999999924
0
LINE
8
BLACK
6
CONTINUOUS
10
167.6554380000000037
20
-74.1054379999999924
11
167.5783869999999922
21
-74.156920999999997
0
LINE
8
BLACK
6
CONTINUOUS
10
167.5783869999999922
20
-74.156920999999997
11
167.4874999999999829
21
-74.1749999999999972
0
LINE
8
BLACK
6
CONTINUOUS
10
167.4874999999999829
20
-74.1749999999999972
11
167.0124999999999886
21
-74.1749999999999972
0
LINE
8
BLACK
6
CONTINUOUS
10
167.0124999999999886
20
-74.1749999999999972
11
166.9216129999999794
21
-74.156920999999997
0
LINE
8
BLACK
6
CONTINUOUS
10
166.9216129999999794
20
-74.156920999999997
11
166.8445619999999963
21
-74.1054379999999924
0
LINE
8
BLACK
6
CONTINUOUS
10
166.8445619999999963
20
-74.1054379999999924
11
166.7930790000000059
21
-74.0283869999999951
0
LINE
8
BLACK
6
CONTINUOUS
10
166.7930790000000059
20
-74.0283869999999951
11
166.7750000000000057
21
-73.9375
0
LINE
8
BLACK
6
CONTINUOUS
10
166.7750000000000057
20
-73.9375
11
166.7750000000000057
21
-73.3374999999999915
0
LINE
8
BLACK
6
CONTINUOUS
10
166.7750000000000057
20
-73.3374999999999915
11
166.7930790000000059
21
-73.2466129999999964
0
LINE
8
BLACK
6
CONTINUOUS
10
166.7930790000000059
20
-73.2466129999999964
11
166.8445619999999963
21
-73.1695619999999991
0
LINE
8
BLACK
6
CONTINUOUS
10
166.8445619999999963
20
-73.1695619999999991
11
166.9216129999999794
21
-73.1180789999999945
0
LINE
8
BLACK
6
CONTINUOUS
10
166.9216129999999794
20
-73.1180789999999945
11
167.0124999999999886
21
-73.0999999999999943
0
LINE
8
BLACK
6
CONTINUOUS
10
167.0124999999999886
20
-73.0999999999999943
11
167.4874999999999829
21
-73.0999999999999943
0
LINE
8
BLACK
6
CONTINUOUS
10
167.4874999999999829
20
-73.0999999999999943
11
167.5783869999999922
21
-73.1180789999999945
0
LINE
8
BLACK
6
CONTINUOUS
10
132.0746859999999856
20
-72.6123699999999985
11
132.1274049999999818
21
-72.6475949999999955
0
LINE
8
BLACK
6
CONTINUOUS
10
132.1274049999999818
20
-72.6475949999999955
11
132.1626300000000072
21
-72.7003139999999917
0
LINE
8
BLACK
6
CONTINUOUS
10
132.1626300000000072
20
-72.7003139999999917
11
132.1749999999999829
21
-72.7625000000000028
0
LINE
8
BLACK
6
CONTINUOUS
10
132.1749999999999829
20
-72.7625000000000028
11
132.1749999999999829
21
-73.9975000000000023
0
LINE
8
BLACK
6
CONTINUOUS
10
132.1749999999999829
20
-73.9975000000000023
11
132.1626300000000072
21
-74.0596859999999992
0
LINE
8
BLACK
6
CONTINUOUS
10
132.1626300000000072
20
-74.0596859999999992
11
132.1274049999999818
21
-74.1124049999999954
0
LINE
8
BLACK
6
CONTINUOUS
10
132.1274049999999818
20
-74.1124049999999954
11
132.0746859999999856
21
-74.1476299999999924
0
LINE
8
BLACK
6
CONTINUOUS
10
132.0746859999999856
20
-74.1476299999999924
11
132.0124999999999886
21
-74.1599999999999966
0
LINE
8
BLACK
6
CONTINUOUS
10
132.0124999999999886
20
-74.1599999999999966
11
131.6875
21
-74.1599999999999966
0
LINE
8
BLACK
6
CONTINUOUS
10
131.6875
20
-74.1599999999999966
11
131.625314000000003
21
-74.1476299999999924
0
LINE
8
BLACK
6
CONTINUOUS
10
131.625314000000003
20
-74.1476299999999924
11
131.5725950000000068
21
-74.1124049999999954
0
LINE
8
BLACK
6
CONTINUOUS
10
131.5725950000000068
20
-74.1124049999999954
11
131.5373699999999815
21
-74.0596859999999992
0
LINE
8
BLACK
6
CONTINUOUS
10
131.5373699999999815
20
-74.0596859999999992
11
131.5250000000000057
21
-73.9975000000000023
0
LINE
8
BLACK
6
CONTINUOUS
10
131.5250000000000057
20
-73.9975000000000023
11
131.5250000000000057
21
-72.7625000000000028
0
LINE
8
BLACK
6
CONTINUOUS
10
131.5250000000000057
20
-72.7625000000000028
11
131.5373699999999815
21
-72.7003139999999917
0
LINE
8
BLACK
6
CONTINUOUS
10
131.5373699999999815
20
-72.7003139999999917
11
131.5725950000000068
21
-72.6475949999999955
0
LINE
8
BLACK
6
CONTINUOUS
10
131.5725950000000068
20
-72.6475949999999955
11
131.625314000000003
21
-72.6123699999999985
0
LINE
8
BLACK
6
CONTINUOUS
10
131.625314000000003
20
-72.6123699999999985
11
131.6875
21
-72.5999999999999943
0
LINE
8
BLACK
6
CONTINUOUS
10
131.6875
20
-72.5999999999999943
11
132.0124999999999886
21
-72.5999999999999943
0
LINE
8
BLACK
6
CONTINUOUS
10
132.0124999999999886
20
-72.5999999999999943
11
132.0746859999999856
21
-72.6123699999999985
0
LINE
8
BLACK
6
CONTINUOUS
10
133.0246860000000027
20
-72.6123699999999985
11
133.0774049999999988
21
-72.6475949999999955
0
LINE
8
BLACK
6
CONTINUOUS
10
133.0774049999999988
20
-72.6475949999999955
11
133.1126299999999958
21
-72.7003139999999917
0
LINE
8
BLACK
6
CONTINUOUS
10
133.1126299999999958
20
-72.7003139999999917
11
133.125
21
-72.7625000000000028
0
LINE
8
BLACK
6
CONTINUOUS
10
133.125
20
-72.7625000000000028
11
133.125
21
-73.9975000000000023
0
LINE
8
BLACK
6
CONTINUOUS
10
133.125
20
-73.9975000000000023
11
133.1126299999999958
21
-74.0596859999999992
0
LINE
8
BLACK
6
CONTINUOUS
10
133.1126299999999958
20
-74.0596859999999992
11
133.0774049999999988
21
-74.1124049999999954
0
LINE
8
BLACK
6
CONTINUOUS
10
133.0774049999999988
20
-74.1124049999999954
11
133.0246860000000027
21
-74.1476299999999924
0
LINE
8
BLACK
6
CONTINUOUS
10
133.0246860000000027
20
-74.1476299999999924
11
132.9625000000000057
21
-74.1599999999999966
0
LINE
8
BLACK
6
CONTINUOUS
10
132.9625000000000057
20
-74.1599999999999966
11
132.6374999999999886
21
-74.1599999999999966
0
LINE
8
BLACK
6
CONTINUOUS
10
132.6374999999999886
20
-74.1599999999999966
11
132.5753139999999917
21
-74.1476299999999924
0
LINE
8
BLACK
6
CONTINUOUS
10
132.5753139999999917
20
-74.1476299999999924
11
132.5225949999999955
21
-74.1124049999999954
0
LINE
8
BLACK
6
CONTINUOUS
10
132.5225949999999955
20
-74.1124049999999954
11
132.4873699999999985
21
-74.0596859999999992
0
LINE
8
BLACK
6
CONTINUOUS
10
132.4873699999999985
20
-74.0596859999999992
11
132.4749999999999943
21
-73.9975000000000023
0
LINE
8
BLACK
6
CONTINUOUS
10
132.4749999999999943
20
-73.9975000000000023
11
132.4749999999999943
21
-72.7625000000000028
0
LINE
8
BLACK
6
CONTINUOUS
10
132.4749999999999943
20
-72.7625000000000028
11
132.4873699999999985
21
-72.7003139999999917
0
LINE
8
BLACK
6
CONTINUOUS
10
132.4873699999999985
20
-72.7003139999999917
11
132.5225949999999955
21
-72.6475949999999955
0
LINE
8
BLACK
6
CONTINUOUS
10
132.5225949999999955
20
-72.6475949999999955
11
132.5753139999999917
21
-72.6123699999999985
0
LINE
8
BLACK
6
CONTINUOUS
10
132.5753139999999917
20
-72.6123699999999985
11
132.6374999999999886
21
-72.5999999999999943
0
LINE
8
BLACK
6
CONTINUOUS
10
132.6374999999999886
20
-72.5999999999999943
11
132.9625000000000057
21
-72.5999999999999943
0
LINE
8
BLACK
6
CONTINUOUS
10
132.9625000000000057
20
-72.5999999999999943
11
133.0246860000000027
21
-72.6123699999999985
0
LINE
8
BLACK
6
CONTINUOUS
10
133.9746859999999913
20
-72.6123699999999985
11
134.0274049999999875
21
-72.6475949999999955
0
LINE
8
BLACK
6
CONTINUOUS
10
134.0274049999999875
20
-72.6475949999999955
11
134.0626299999999844
21
-72.7003139999999917
0
LINE
8
BLACK
6
CONTINUOUS
10
134.0626299999999844
20
-72.7003139999999917
11
134.0749999999999886
21
-72.7625000000000028
0
LINE
8
BLACK
6
CONTINUOUS
10
134.0749999999999886
20
-72.7625000000000028
11
134.0749999999999886
21
-73.9975000000000023
0
LINE
8
BLACK
6
CONTINUOUS
10
134.0749999999999886
20
-73.9975000000000023
11
134.0626299999999844
21
-74.0596859999999992
0
LINE
8
BLACK
6
CONTINUOUS
10
134.0626299999999844
20
-74.0596859999999992
11
134.0274049999999875
21
-74.1124049999999954
0
LINE
8
BLACK
6
CONTINUOUS
10
134.0274049999999875
20
-74.1124049999999954
11
133.9746859999999913
21
-74.1476299999999924
0
LINE
8
BLACK
6
CONTINUOUS
10
133.9746859999999913
20
-74.1476299999999924
11
133.9124999999999943
21
-74.1599999999999966
0
LINE
8
BLACK
6
CONTINUOUS
10
133.9124999999999943
20
-74.1599999999999966
11
133.5875000000000057
21
-74.1599999999999966
0
LINE
8
BLACK
6
CONTINUOUS
10
133.5875000000000057
20
-74.1599999999999966
11
133.5253139999999803
21
-74.1476299999999924
0
LINE
8
BLACK
6
CONTINUOUS
10
133.5253139999999803
20
-74.1476299999999924
11
133.4725949999999841
21
-74.1124049999999954
0
LINE
8
BLACK
6
CONTINUOUS
10
133.4725949999999841
20
-74.1124049999999954
11
133.4373699999999872
21
-74.0596859999999992
0
LINE
8
BLACK
6
CONTINUOUS
10
133.4373699999999872
20
-74.0596859999999992
11
133.4249999999999829
21
-73.9975000000000023
0
LINE
8
BLACK
6
CONTINUOUS
10
133.4249999999999829
20
-73.9975000000000023
11
133.4249999999999829
21
-72.7625000000000028
0
LINE
8
BLACK
6
CONTINUOUS
10
133.4249999999999829
20
-72.7625000000000028
11
133.4373699999999872
21
-72.7003139999999917
0
LINE
8
BLACK
6
CONTINUOUS
10
133.4373699999999872
20
-72.7003139999999917
11
133.4725949999999841
21
-72.6475949999999955
0
LINE
8
BLACK
6
CONTINUOUS
10
133.4725949999999841
20
-72.6475949999999955
11
133.5253139999999803
21
-72.6123699999999985
0
LINE
8
BLACK
6
CONTINUOUS
10
133.5253139999999803
20
-72.6123699999999985
11
133.5875000000000057
21
-72.5999999999999943
0
LINE
8
BLACK
6
CONTINUOUS
10
133.5875000000000057
20
-72.5999999999999943
11
133.9124999999999943
21
-72.5999999999999943
0
LINE
8
BLACK
6
CONTINUOUS
10
133.9124999999999943
20
-72.5999999999999943
11
133.9746859999999913
21
-72.6123699999999985
0
LINE
8
BLACK
6
CONTINUOUS
10
161.157402999999988
20
-73.5564179999999936
11
161.2060659999999928
21
-73.5889339999999947
0
LINE
8
BLACK
6
CONTINUOUS
10
161.2060659999999928
20
-73.5889339999999947
11
161.2385819999999796
21
-73.6375969999999995
0
LINE
8
BLACK
6
CONTINUOUS
10
161.2385819999999796
20
-73.6375969999999995
11
161.25
21
-73.6949999999999932
0
LINE
8
BLACK
6
CONTINUOUS
10
161.25
20
-73.6949999999999932
11
161.25
21
-73.9949999999999903
0
LINE
8
BLACK
6
CONTINUOUS
10
161.25
20
-73.9949999999999903
11
161.2385819999999796
21
-74.0524029999999982
0
LINE
8
BLACK
6
CONTINUOUS
10
161.2385819999999796
20
-74.0524029999999982
11
161.2060659999999928
21
-74.101066000000003
0
LINE
8
BLACK
6
CONTINUOUS
10
161.2060659999999928
20
-74.101066000000003
11
161.157402999999988
21
-74.1335819999999899
0
LINE
8
BLACK
6
CONTINUOUS
10
161.157402999999988
20
-74.1335819999999899
11
161.0999999999999943
21
-74.144999999999996
0
LINE
8
BLACK
6
CONTINUOUS
10
161.0999999999999943
20
-74.144999999999996
11
159.4499999999999886
21
-74.144999999999996
0
LINE
8
BLACK
6
CONTINUOUS
10
159.4499999999999886
20
-74.144999999999996
11
159.392596999999995
21
-74.1335819999999899
0
LINE
8
BLACK
6
CONTINUOUS
10
159.392596999999995
20
-74.1335819999999899
11
159.3439339999999902
21
-74.101066000000003
0
LINE
8
BLACK
6
CONTINUOUS
10
159.3439339999999902
20
-74.101066000000003
11
159.3114180000000033
21
-74.0524029999999982
0
LINE
8
BLACK
6
CONTINUOUS
10
159.3114180000000033
20
-74.0524029999999982
11
159.2999999999999829
21
-73.9949999999999903
0
LINE
8
BLACK
6
CONTINUOUS
10
159.2999999999999829
20
-73.9949999999999903
11
159.2999999999999829
21
-73.6949999999999932
0
LINE
8
BLACK
6
CONTINUOUS
10
159.2999999999999829
20
-73.6949999999999932
11
159.3114180000000033
21
-73.6375969999999995
0
LINE
8
BLACK
6
CONTINUOUS
10
159.3114180000000033
20
-73.6375969999999995
11
159.3439339999999902
21
-73.5889339999999947
0
LINE
8
BLACK
6
CONTINUOUS
10
159.3439339999999902
20
-73.5889339999999947
11
159.392596999999995
21
-73.5564179999999936
0
LINE
8
BLACK
6
CONTINUOUS
10
159.392596999999995
20
-73.5564179999999936
11
159.4499999999999886
21
-73.5450000000000017
0
LINE
8
BLACK
6
CONTINUOUS
10
159.4499999999999886
20
-73.5450000000000017
11
161.0999999999999943
21
-73.5450000000000017
0
LINE
8
BLACK
6
CONTINUOUS
10
161.0999999999999943
20
-73.5450000000000017
11
161.157402999999988
21
-73.5564179999999936
0
LINE
8
BLACK
6
CONTINUOUS
10
166.107403000000005
20
-73.5564179999999936
11
166.1560659999999814
21
-73.5889339999999947
0
LINE
8
BLACK
6
CONTINUOUS
10
166.1560659999999814
20
-73.5889339999999947
11
166.1885819999999967
21
-73.6375969999999995
0
LINE
8
BLACK
6
CONTINUOUS
10
166.1885819999999967
20
-73.6375969999999995
11
166.1999999999999886
21
-73.6949999999999932
0
LINE
8
BLACK
6
CONTINUOUS
10
166.1999999999999886
20
-73.6949999999999932
11
166.1999999999999886
21
-73.9949999999999903
0
LINE
8
BLACK
6
CONTINUOUS
10
166.1999999999999886
20
-73.9949999999999903
11
166.1885819999999967
21
-74.0524029999999982
0
LINE
8
BLACK
6
CONTINUOUS
10
166.1885819999999967
20
-74.0524029999999982
11
166.1560659999999814
21
-74.101066000000003
0
LINE
8
BLACK
6
CONTINUOUS
10
166.1560659999999814
20
-74.101066000000003
11
166.107403000000005
21
-74.1335819999999899
0
LINE
8
BLACK
6
CONTINUOUS
10
166.107403000000005
20
-74.1335819999999899
11
166.0499999999999829
21
-74.144999999999996
0
LINE
8
BLACK
6
CONTINUOUS
10
166.0499999999999829
20
-74.144999999999996
11
164.4000000000000057
21
-74.144999999999996
0
LINE
8
BLACK
6
CONTINUOUS
10
164.4000000000000057
20
-74.144999999999996
11
164.3425969999999836
21
-74.1335819999999899
0
LINE
8
BLACK
6
CONTINUOUS
10
164.3425969999999836
20
-74.1335819999999899
11
164.2939339999999788
21
-74.101066000000003
0
LINE
8
BLACK
6
CONTINUOUS
10
164.2939339999999788
20
-74.101066000000003
11
164.2614179999999919
21
-74.0524029999999982
0
LINE
8
BLACK
6
CONTINUOUS
10
164.2614179999999919
20
-74.0524029999999982
11
164.25
21
-73.9949999999999903
0
LINE
8
BLACK
6
CONTINUOUS
10
164.25
20
-73.9949999999999903
11
164.25
21
-73.6949999999999932
0
LINE
8
BLACK
6
CONTINUOUS
10
164.25
20
-73.6949999999999932
11
164.2614179999999919
21
-73.6375969999999995
0
LINE
8
BLACK
6
CONTINUOUS
10
164.2614179999999919
20
-73.6375969999999995
11
164.2939339999999788
21
-73.5889339999999947
0
LINE
8
BLACK
6
CONTINUOUS
10
164.2939339999999788
20
-73.5889339999999947
11
164.3425969999999836
21
-73.5564179999999936
0
LINE
8
BLACK
6
CONTINUOUS
10
164.3425969999999836
20
-73.5564179999999936
11
164.4000000000000057
21
-73.5450000000000017
0
LINE
8
BLACK
6
CONTINUOUS
10
164.4000000000000057
20
-73.5450000000000017
11
166.0499999999999829
21
-73.5450000000000017
0
LINE
8
BLACK
6
CONTINUOUS
10
166.0499999999999829
20
-73.5450000000000017
11
166.107403000000005
21
-73.5564179999999936
0
LINE
8
BLACK
6
CONTINUOUS
10
135.7103869999999972
20
-72.6590789999999913
11
135.7874379999999803
21
-72.7105619999999959
0
LINE
8
BLACK
6
CONTINUOUS
10
135.7874379999999803
20
-72.7105619999999959
11
135.8389209999999991
21
-72.7876129999999932
0
LINE
8
BLACK
6
CONTINUOUS
10
135.8389209999999991
20
-72.7876129999999932
11
135.8569999999999993
21
-72.8785000000000025
0
LINE
8
BLACK
6
CONTINUOUS
10
135.8569999999999993
20
-72.8785000000000025
11
135.8569999999999993
21
-73.4784999999999968
0
LINE
8
BLACK
6
CONTINUOUS
10
135.8569999999999993
20
-73.4784999999999968
11
135.8389209999999991
21
-73.5693869999999919
0
LINE
8
BLACK
6
CONTINUOUS
10
135.8389209999999991
20
-73.5693869999999919
11
135.7874379999999803
21
-73.6464380000000034
0
LINE
8
BLACK
6
CONTINUOUS
10
135.7874379999999803
20
-73.6464380000000034
11
135.7103869999999972
21
-73.6979209999999938
0
LINE
8
BLACK
6
CONTINUOUS
10
135.7103869999999972
20
-73.6979209999999938
11
135.6194999999999879
21
-73.715999999999994
0
LINE
8
BLACK
6
CONTINUOUS
10
135.6194999999999879
20
-73.715999999999994
11
135.1444999999999936
21
-73.715999999999994
0
LINE
8
BLACK
6
CONTINUOUS
10
135.1444999999999936
20
-73.715999999999994
11
135.0536129999999844
21
-73.6979209999999938
0
LINE
8
BLACK
6
CONTINUOUS
10
135.0536129999999844
20
-73.6979209999999938
11
134.9765620000000013
21
-73.6464380000000034
0
LINE
8
BLACK
6
CONTINUOUS
10
134.9765620000000013
20
-73.6464380000000034
11
134.9250789999999824
21
-73.5693869999999919
0
LINE
8
BLACK
6
CONTINUOUS
10
134.9250789999999824
20
-73.5693869999999919
11
134.9069999999999823
21
-73.4784999999999968
0
LINE
8
BLACK
6
CONTINUOUS
10
134.9069999999999823
20
-73.4784999999999968
11
134.9069999999999823
21
-72.8785000000000025
0
LINE
8
BLACK
6
CONTINUOUS
10
134.9069999999999823
20
-72.8785000000000025
11
134.9250789999999824
21
-72.7876129999999932
0
LINE
8
BLACK
6
CONTINUOUS
10
134.9250789999999824
20
-72.7876129999999932
11
134.9765620000000013
21
-72.7105619999999959
0
LINE
8
BLACK
6
CONTINUOUS
10
134.9765620000000013
20
-72.7105619999999959
11
135.0536129999999844
21
-72.6590789999999913
0
LINE
8
BLACK
6
CONTINUOUS
10
135.0536129999999844
20
-72.6590789999999913
11
135.1444999999999936
21
-72.6409999999999911
0
LINE
8
BLACK
6
CONTINUOUS
10
135.1444999999999936
20
-72.6409999999999911
11
135.6194999999999879
21
-72.6409999999999911
0
LINE
8
BLACK
6
CONTINUOUS
10
135.6194999999999879
20
-72.6409999999999911
11
135.7103869999999972
21
-72.6590789999999913
0
LINE
8
BLACK
6
CONTINUOUS
10
142.0649410000000046
20
-73.4139589999999913
11
142.0892729999999915
21
-73.430216999999999
0
LINE
8
BLACK
6
CONTINUOUS
10
142.0892729999999915
20
-73.430216999999999
11
142.1055309999999849
21
-73.4545490000000001
0
LINE
8
BLACK
6
CONTINUOUS
10
142.1055309999999849
20
-73.4545490000000001
11
142.1112399999999809
21
-73.4832499999999982
0
LINE
8
BLACK
6
CONTINUOUS
10
142.1112399999999809
20
-73.4832499999999982
11
142.1112399999999809
21
-73.6332499999999897
0
LINE
8
BLACK
6
CONTINUOUS
10
142.1112399999999809
20
-73.6332499999999897
11
142.1055309999999849
21
-73.661951000000002
0
LINE
8
BLACK
6
CONTINUOUS
10
142.1055309999999849
20
-73.661951000000002
11
142.0892729999999915
21
-73.6862830000000031
0
LINE
8
BLACK
6
CONTINUOUS
10
142.0892729999999915
20
-73.6862830000000031
11
142.0649410000000046
21
-73.7025409999999965
0
LINE
8
BLACK
6
CONTINUOUS
10
142.0649410000000046
20
-73.7025409999999965
11
142.0362399999999923
21
-73.7082499999999925
0
LINE
8
BLACK
6
CONTINUOUS
10
142.0362399999999923
20
-73.7082499999999925
11
140.5862400000000036
21
-73.7082499999999925
0
LINE
8
BLACK
6
CONTINUOUS
10
140.5862400000000036
20
-73.7082499999999925
11
140.5575389999999913
21
-73.7025409999999965
0
LINE
8
BLACK
6
CONTINUOUS
10
140.5575389999999913
20
-73.7025409999999965
11
140.5332070000000044
21
-73.6862830000000031
0
LINE
8
BLACK
6
CONTINUOUS
10
140.5332070000000044
20
-73.6862830000000031
11
140.5169489999999826
21
-73.661951000000002
0
LINE
8
BLACK
6
CONTINUOUS
10
140.5169489999999826
20
-73.661951000000002
11
140.5112399999999866
21
-73.6332499999999897
0
LINE
8
BLACK
6
CONTINUOUS
10
140.5112399999999866
20
-73.6332499999999897
11
140.5112399999999866
21
-73.4832499999999982
0
LINE
8
BLACK
6
CONTINUOUS
10
140.5112399999999866
20
-73.4832499999999982
11
140.5169489999999826
21
-73.4545490000000001
0
LINE
8
BLACK
6
CONTINUOUS
10
140.5169489999999826
20
-73.4545490000000001
11
140.5332070000000044
21
-73.430216999999999
0
LINE
8
BLACK
6
CONTINUOUS
10
140.5332070000000044
20
-73.430216999999999
11
140.5575389999999913
21
-73.4139589999999913
0
LINE
8
BLACK
6
CONTINUOUS
10
140.5575389999999913
20
-73.4139589999999913
11
140.5862400000000036
21
-73.4082499999999953
0
LINE
8
BLACK
6
CONTINUOUS
10
140.5862400000000036
20
-73.4082499999999953
11
142.0362399999999923
21
-73.4082499999999953
0
LINE
8
BLACK
6
CONTINUOUS
10
142.0362399999999923
20
-73.4082499999999953
11
142.0649410000000046
21
-73.4139589999999913
0
LINE
8
BLACK
6
CONTINUOUS
10
157.4149409999999989
20
-73.4139589999999913
11
157.4392729999999858
21
-73.430216999999999
0
LINE
8
BLACK
6
CONTINUOUS
10
157.4392729999999858
20
-73.430216999999999
11
157.4555309999999793
21
-73.4545490000000001
0
LINE
8
BLACK
6
CONTINUOUS
10
157.4555309999999793
20
-73.4545490000000001
11
157.4612400000000036
21
-73.4832499999999982
0
LINE
8
BLACK
6
CONTINUOUS
10
157.4612400000000036
20
-73.4832499999999982
11
157.4612400000000036
21
-73.6332499999999897
0
LINE
8
BLACK
6
CONTINUOUS
10
157.4612400000000036
20
-73.6332499999999897
11
157.4555309999999793
21
-73.661951000000002
0
LINE
8
BLACK
6
CONTINUOUS
10
157.4555309999999793
20
-73.661951000000002
11
157.4392729999999858
21
-73.6862830000000031
0
LINE
8
BLACK
6
CONTINUOUS
10
157.4392729999999858
20
-73.6862830000000031
11
157.4149409999999989
21
-73.7025409999999965
0
LINE
8
BLACK
6
CONTINUOUS
10
157.4149409999999989
20
-73.7025409999999965
11
157.3862399999999866
21
-73.7082499999999925
0
LINE
8
BLACK
6
CONTINUOUS
10
157.3862399999999866
20
-73.7082499999999925
11
155.936239999999998
21
-73.7082499999999925
0
LINE
8
BLACK
6
CONTINUOUS
10
155.936239999999998
20
-73.7082499999999925
11
155.9075389999999857
21
-73.7025409999999965
0
LINE
8
BLACK
6
CONTINUOUS
10
155.9075389999999857
20
-73.7025409999999965
11
155.8832069999999987
21
-73.6862830000000031
0
LINE
8
BLACK
6
CONTINUOUS
10
155.8832069999999987
20
-73.6862830000000031
11
155.8669490000000053
21
-73.661951000000002
0
LINE
8
BLACK
6
CONTINUOUS
10
155.8669490000000053
20
-73.661951000000002
11
155.8612399999999809
21
-73.6332499999999897
0
LINE
8
BLACK
6
CONTINUOUS
10
155.8612399999999809
20
-73.6332499999999897
11
155.8612399999999809
21
-73.4832499999999982
0
LINE
8
BLACK
6
CONTINUOUS
10
155.8612399999999809
20
-73.4832499999999982
11
155.8669490000000053
21
-73.4545490000000001
0
LINE
8
BLACK
6
CONTINUOUS
10
155.8669490000000053
20
-73.4545490000000001
11
155.8832069999999987
21
-73.430216999999999
0
LINE
8
BLACK
6
CONTINUOUS
10
155.8832069999999987
20
-73.430216999999999
11
155.9075389999999857
21
-73.4139589999999913
0
LINE
8
BLACK
6
CONTINUOUS
10
155.9075389999999857
20
-73.4139589999999913
11
155.936239999999998
21
-73.4082499999999953
0
LINE
8
BLACK
6
CONTINUOUS
10
155.936239999999998
20
-73.4082499999999953
11
157.3862399999999866
21
-73.4082499999999953
0
LINE
8
BLACK
6
CONTINUOUS
10
157.3862399999999866
20
-73.4082499999999953
11
157.4149409999999989
21
-73.4139589999999913
0
LINE
8
BLACK
6
CONTINUOUS
10
120.3497079999999926
20
-72.3161839999999927
11
120.4694299999999885
21
-72.3931249999999977
0
LINE
8
BLACK
6
CONTINUOUS
10
120.4694299999999885
20
-72.3931249999999977
11
120.562626999999992
21
-72.5006800000000027
0
LINE
8
BLACK
6
CONTINUOUS
10
120.562626999999992
20
-72.5006800000000027
11
120.6217459999999875
21
-72.6301339999999982
0
LINE
8
BLACK
6
CONTINUOUS
10
120.6217459999999875
20
-72.6301339999999982
11
120.6419999999999959
21
-72.7710000000000008
0
LINE
8
BLACK
6
CONTINUOUS
10
120.6419999999999959
20
-72.7710000000000008
11
120.6217459999999875
21
-72.9118660000000034
0
LINE
8
BLACK
6
CONTINUOUS
10
120.6217459999999875
20
-72.9118660000000034
11
120.562626999999992
21
-73.0413199999999989
0
LINE
8
BLACK
6
CONTINUOUS
10
120.562626999999992
20
-73.0413199999999989
11
120.4694299999999885
21
-73.1488749999999897
0
LINE
8
BLACK
6
CONTINUOUS
10
120.4694299999999885
20
-73.1488749999999897
11
120.3497079999999926
21
-73.2258159999999947
0
LINE
8
BLACK
6
CONTINUOUS
10
120.3497079999999926
20
-73.2258159999999947
11
120.2131569999999954
21
-73.2659110000000027
0
LINE
8
BLACK
6
CONTINUOUS
10
120.2131569999999954
20
-73.2659110000000027
11
120.0708429999999964
21
-73.2659110000000027
0
LINE
8
BLACK
6
CONTINUOUS
10
120.0708429999999964
20
-73.2659110000000027
11
119.9342919999999992
21
-73.2258159999999947
0
LINE
8
BLACK
6
CONTINUOUS
10
119.9342919999999992
20
-73.2258159999999947
11
119.8145699999999891
21
-73.1488749999999897
0
LINE
8
BLACK
6
CONTINUOUS
10
119.8145699999999891
20
-73.1488749999999897
11
119.7213729999999998
21
-73.0413199999999989
0
LINE
8
BLACK
6
CONTINUOUS
10
119.7213729999999998
20
-73.0413199999999989
11
119.6622539999999901
21
-72.9118660000000034
0
LINE
8
BLACK
6
CONTINUOUS
10
119.6622539999999901
20
-72.9118660000000034
11
119.6419999999999959
21
-72.7710000000000008
0
LINE
8
BLACK
6
CONTINUOUS
10
119.6419999999999959
20
-72.7710000000000008
11
119.6622539999999901
21
-72.6301339999999982
0
LINE
8
BLACK
6
CONTINUOUS
10
119.6622539999999901
20
-72.6301339999999982
11
119.7213729999999998
21
-72.5006800000000027
0
LINE
8
BLACK
6
CONTINUOUS
10
119.7213729999999998
20
-72.5006800000000027
11
119.8145699999999891
21
-72.3931249999999977
0
LINE
8
BLACK
6
CONTINUOUS
10
119.8145699999999891
20
-72.3931249999999977
11
119.9342919999999992
21
-72.3161839999999927
0
LINE
8
BLACK
6
CONTINUOUS
10
119.9342919999999992
20
-72.3161839999999927
11
120.0708429999999964
21
-72.2760889999999989
0
LINE
8
BLACK
6
CONTINUOUS
10
120.0708429999999964
20
-72.2760889999999989
11
120.2131569999999954
21
-72.2760889999999989
0
LINE
8
BLACK
6
CONTINUOUS
10
120.2131569999999954
20
-72.2760889999999989
11
120.3497079999999926
21
-72.3161839999999927
0
LINE
8
BLACK
6
CONTINUOUS
10
179.1037079999999833
20
-72.3161839999999927
11
179.2234299999999791
21
-72.3931249999999977
0
LINE
8
BLACK
6
CONTINUOUS
10
179.2234299999999791
20
-72.3931249999999977
11
179.3166269999999827
21
-72.5006800000000027
0
LINE
8
BLACK
6
CONTINUOUS
10
179.3166269999999827
20
-72.5006800000000027
11
179.3757459999999924
21
-72.6301339999999982
0
LINE
8
BLACK
6
CONTINUOUS
10
179.3757459999999924
20
-72.6301339999999982
11
179.3959999999999866
21
-72.7710000000000008
0
LINE
8
BLACK
6
CONTINUOUS
10
179.3959999999999866
20
-72.7710000000000008
11
179.3757459999999924
21
-72.9118660000000034
0
LINE
8
BLACK
6
CONTINUOUS
10
179.3757459999999924
20
-72.9118660000000034
11
179.3166269999999827
21
-73.0413199999999989
0
LINE
8
BLACK
6
CONTINUOUS
10
179.3166269999999827
20
-73.0413199999999989
11
179.2234299999999791
21
-73.1488749999999897
0
LINE
8
BLACK
6
CONTINUOUS
10
179.2234299999999791
20
-73.1488749999999897
11
179.1037079999999833
21
-73.2258159999999947
0
LINE
8
BLACK
6
CONTINUOUS
10
179.1037079999999833
20
-73.2258159999999947
11
178.9671569999999861
21
-73.2659110000000027
0
LINE
8
BLACK
6
CONTINUOUS
10
178.9671569999999861
20
-73.2659110000000027
11
178.8248429999999871
21
-73.2659110000000027
0
LINE
8
BLACK
6
CONTINUOUS
10
178.8248429999999871
20
-73.2659110000000027
11
178.6882919999999899
21
-73.2258159999999947
0
LINE
8
BLACK
6
CONTINUOUS
10
178.6882919999999899
20
-73.2258159999999947
11
178.568569999999994
21
-73.1488749999999897
0
LINE
8
BLACK
6
CONTINUOUS
10
178.568569999999994
20
-73.1488749999999897
11
178.4753729999999905
21
-73.0413199999999989
0
LINE
8
BLACK
6
CONTINUOUS
10
178.4753729999999905
20
-73.0413199999999989
11
178.4162539999999808
21
-72.9118660000000034
0
LINE
8
BLACK
6
CONTINUOUS
10
178.4162539999999808
20
-72.9118660000000034
11
178.3959999999999866
21
-72.7710000000000008
0
LINE
8
BLACK
6
CONTINUOUS
10
178.3959999999999866
20
-72.7710000000000008
11
178.4162539999999808
21
-72.6301339999999982
0
LINE
8
BLACK
6
CONTINUOUS
10
178.4162539999999808
20
-72.6301339999999982
11
178.4753729999999905
21
-72.5006800000000027
0
LINE
8
BLACK
6
CONTINUOUS
10
178.4753729999999905
20
-72.5006800000000027
11
178.568569999999994
21
-72.3931249999999977
0
LINE
8
BLACK
6
CONTINUOUS
10
178.568569999999994
20
-72.3931249999999977
11
178.6882919999999899
21
-72.3161839999999927
0
LINE
8
BLACK
6
CONTINUOUS
10
178.6882919999999899
20
-72.3161839999999927
11
178.8248429999999871
21
-72.2760889999999989
0
LINE
8
BLACK
6
CONTINUOUS
10
178.8248429999999871
20
-72.2760889999999989
11
178.9671569999999861
21
-72.2760889999999989
0
LINE
8
BLACK
6
CONTINUOUS
10
178.9671569999999861
20
-72.2760889999999989
11
179.1037079999999833
21
-72.3161839999999927
0
LINE
8
BLACK
6
CONTINUOUS
10
142.0649410000000046
20
-72.9139589999999913
11
142.0892729999999915
21
-72.930216999999999
0
LINE
8
BLACK
6
CONTINUOUS
10
142.0892729999999915
20
-72.930216999999999
11
142.1055309999999849
21
-72.9545490000000001
0
LINE
8
BLACK
6
CONTINUOUS
10
142.1055309999999849
20
-72.9545490000000001
11
142.1112399999999809
21
-72.9832499999999982
0
LINE
8
BLACK
6
CONTINUOUS
10
142.1112399999999809
20
-72.9832499999999982
11
142.1112399999999809
21
-73.1332499999999897
0
LINE
8
BLACK
6
CONTINUOUS
10
142.1112399999999809
20
-73.1332499999999897
11
142.1055309999999849
21
-73.161951000000002
0
LINE
8
BLACK
6
CONTINUOUS
10
142.1055309999999849
20
-73.161951000000002
11
142.0892729999999915
21
-73.1862830000000031
0
LINE
8
BLACK
6
CONTINUOUS
10
142.0892729999999915
20
-73.1862830000000031
11
142.0649410000000046
21
-73.2025409999999965
0
LINE
8
BLACK
6
CONTINUOUS
10
142.0649410000000046
20
-73.2025409999999965
11
142.0362399999999923
21
-73.2082499999999925
0
LINE
8
BLACK
6
CONTINUOUS
10
142.0362399999999923
20
-73.2082499999999925
11
140.5862400000000036
21
-73.2082499999999925
0
LINE
8
BLACK
6
CONTINUOUS
10
140.5862400000000036
20
-73.2082499999999925
11
140.5575389999999913
21
-73.2025409999999965
0
LINE
8
BLACK
6
CONTINUOUS
10
140.5575389999999913
20
-73.2025409999999965
11
140.5332070000000044
21
-73.1862830000000031
0
LINE
8
BLACK
6
CONTINUOUS
10
140.5332070000000044
20
-73.1862830000000031
11
140.5169489999999826
21
-73.161951000000002
0
LINE
8
BLACK
6
CONTINUOUS
10
140.5169489999999826
20
-73.161951000000002
11
140.5112399999999866
21
-73.1332499999999897
0
LINE
8
BLACK
6
CONTINUOUS
10
140.5112399999999866
20
-73.1332499999999897
11
140.5112399999999866
21
-72.9832499999999982
0
LINE
8
BLACK
6
CONTINUOUS
10
140.5112399999999866
20
-72.9832499999999982
11
140.5169489999999826
21
-72.9545490000000001
0
LINE
8
BLACK
6
CONTINUOUS
10
140.5169489999999826
20
-72.9545490000000001
11
140.5332070000000044
21
-72.930216999999999
0
LINE
8
BLACK
6
CONTINUOUS
10
140.5332070000000044
20
-72.930216999999999
11
140.5575389999999913
21
-72.9139589999999913
0
LINE
8
BLACK
6
CONTINUOUS
10
140.5575389999999913
20
-72.9139589999999913
11
140.5862400000000036
21
-72.9082499999999953
0
LINE
8
BLACK
6
CONTINUOUS
10
140.5862400000000036
20
-72.9082499999999953
11
142.0362399999999923
21
-72.9082499999999953
0
LINE
8
BLACK
6
CONTINUOUS
10
142.0362399999999923
20
-72.9082499999999953
11
142.0649410000000046
21
-72.9139589999999913
0
LINE
8
BLACK
6
CONTINUOUS
10
157.4149409999999989
20
-72.9139589999999913
11
157.4392729999999858
21
-72.930216999999999
0
LINE
8
BLACK
6
CONTINUOUS
10
157.4392729999999858
20
-72.930216999999999
11
157.4555309999999793
21
-72.9545490000000001
0
LINE
8
BLACK
6
CONTINUOUS
10
157.4555309999999793
20
-72.9545490000000001
11
157.4612400000000036
21
-72.9832499999999982
0
LINE
8
BLACK
6
CONTINUOUS
10
157.4612400000000036
20
-72.9832499999999982
11
157.4612400000000036
21
-73.1332499999999897
0
LINE
8
BLACK
6
CONTINUOUS
10
157.4612400000000036
20
-73.1332499999999897
11
157.4555309999999793
21
-73.161951000000002
0
LINE
8
BLACK
6
CONTINUOUS
10
157.4555309999999793
20
-73.161951000000002
11
157.4392729999999858
21
-73.1862830000000031
0
LINE
8
BLACK
6
CONTINUOUS
10
157.4392729999999858
20
-73.1862830000000031
11
157.4149409999999989
21
-73.2025409999999965
0
LINE
8
BLACK
6
CONTINUOUS
10
157.4149409999999989
20
-73.2025409999999965
11
157.3862399999999866
21
-73.2082499999999925
0
LINE
8
BLACK
6
CONTINUOUS
10
157.3862399999999866
20
-73.2082499999999925
11
155.936239999999998
21
-73.2082499999999925
0
LINE
8
BLACK
6
CONTINUOUS
10
155.936239999999998
20
-73.2082499999999925
11
155.9075389999999857
21
-73.2025409999999965
0
LINE
8
BLACK
6
CONTINUOUS
10
155.9075389999999857
20
-73.2025409999999965
11
155.8832069999999987
21
-73.1862830000000031
0
LINE
8
BLACK
6
CONTINUOUS
10
155.8832069999999987
20
-73.1862830000000031
11
155.8669490000000053
21
-73.161951000000002
0
LINE
8
BLACK
6
CONTINUOUS
10
155.8669490000000053
20
-73.161951000000002
11
155.8612399999999809
21
-73.1332499999999897
0
LINE
8
BLACK
6
CONTINUOUS
10
155.8612399999999809
20
-73.1332499999999897
11
155.8612399999999809
21
-72.9832499999999982
0
LINE
8
BLACK
6
CONTINUOUS
10
155.8612399999999809
20
-72.9832499999999982
11
155.8669490000000053
21
-72.9545490000000001
0
LINE
8
BLACK
6
CONTINUOUS
10
155.8669490000000053
20
-72.9545490000000001
11
155.8832069999999987
21
-72.930216999999999
0
LINE
8
BLACK
6
CONTINUOUS
10
155.8832069999999987
20
-72.930216999999999
11
155.9075389999999857
21
-72.9139589999999913
0
LINE
8
BLACK
6
CONTINUOUS
10
155.9075389999999857
20
-72.9139589999999913
11
155.936239999999998
21
-72.9082499999999953
0
LINE
8
BLACK
6
CONTINUOUS
10
155.936239999999998
20
-72.9082499999999953
11
157.3862399999999866
21
-72.9082499999999953
0
LINE
8
BLACK
6
CONTINUOUS
10
157.3862399999999866
20
-72.9082499999999953
11
157.4149409999999989
21
-72.9139589999999913
0
LINE
8
BLACK
6
CONTINUOUS
10
169.4923869999999795
20
-72.1510789999999957
11
169.569437999999991
21
-72.2025620000000004
0
LINE
8
BLACK
6
CONTINUOUS
10
169.569437999999991
20
-72.2025620000000004
11
169.6209209999999814
21
-72.2796129999999977
0
LINE
8
BLACK
6
CONTINUOUS
10
169.6209209999999814
20
-72.2796129999999977
11
169.6389999999999816
21
-72.3704999999999927
0
LINE
8
BLACK
6
CONTINUOUS
10
169.6389999999999816
20
-72.3704999999999927
11
169.6389999999999816
21
-72.9705000000000013
0
LINE
8
BLACK
6
CONTINUOUS
10
169.6389999999999816
20
-72.9705000000000013
11
169.6209209999999814
21
-73.0613869999999963
0
LINE
8
BLACK
6
CONTINUOUS
10
169.6209209999999814
20
-73.0613869999999963
11
169.569437999999991
21
-73.1384379999999936
0
LINE
8
BLACK
6
CONTINUOUS
10
169.569437999999991
20
-73.1384379999999936
11
169.4923869999999795
21
-73.1899209999999982
0
LINE
8
BLACK
6
CONTINUOUS
10
169.4923869999999795
20
-73.1899209999999982
11
169.4014999999999986
21
-73.2079999999999984
0
LINE
8
BLACK
6
CONTINUOUS
10
169.4014999999999986
20
-73.2079999999999984
11
168.9265000000000043
21
-73.2079999999999984
0
LINE
8
BLACK
6
CONTINUOUS
10
168.9265000000000043
20
-73.2079999999999984
11
168.8356129999999951
21
-73.1899209999999982
0
LINE
8
BLACK
6
CONTINUOUS
10
168.8356129999999951
20
-73.1899209999999982
11
168.7585619999999835
21
-73.1384379999999936
0
LINE
8
BLACK
6
CONTINUOUS
10
168.7585619999999835
20
-73.1384379999999936
11
168.7070789999999931
21
-73.0613869999999963
0
LINE
8
BLACK
6
CONTINUOUS
10
168.7070789999999931
20
-73.0613869999999963
11
168.688999999999993
21
-72.9705000000000013
0
LINE
8
BLACK
6
CONTINUOUS
10
168.688999999999993
20
-72.9705000000000013
11
168.688999999999993
21
-72.3704999999999927
0
LINE
8
BLACK
6
CONTINUOUS
10
168.688999999999993
20
-72.3704999999999927
11
168.7070789999999931
21
-72.2796129999999977
0
LINE
8
BLACK
6
CONTINUOUS
10
168.7070789999999931
20
-72.2796129999999977
11
168.7585619999999835
21
-72.2025620000000004
0
LINE
8
BLACK
6
CONTINUOUS
10
168.7585619999999835
20
-72.2025620000000004
11
168.8356129999999951
21
-72.1510789999999957
0
LINE
8
BLACK
6
CONTINUOUS
10
168.8356129999999951
20
-72.1510789999999957
11
168.9265000000000043
21
-72.1329999999999956
0
LINE
8
BLACK
6
CONTINUOUS
10
168.9265000000000043
20
-72.1329999999999956
11
169.4014999999999986
21
-72.1329999999999956
0
LINE
8
BLACK
6
CONTINUOUS
10
169.4014999999999986
20
-72.1329999999999956
11
169.4923869999999795
21
-72.1510789999999957
0
LINE
8
BLACK
6
CONTINUOUS
10
171.0163869999999804
20
-72.1510789999999957
11
171.0934379999999919
21
-72.2025620000000004
0
LINE
8
BLACK
6
CONTINUOUS
10
171.0934379999999919
20
-72.2025620000000004
11
171.1449209999999823
21
-72.2796129999999977
0
LINE
8
BLACK
6
CONTINUOUS
10
171.1449209999999823
20
-72.2796129999999977
11
171.1629999999999825
21
-72.3704999999999927
0
LINE
8
BLACK
6
CONTINUOUS
10
171.1629999999999825
20
-72.3704999999999927
11
171.1629999999999825
21
-72.8704999999999927
0
LINE
8
BLACK
6
CONTINUOUS
10
171.1629999999999825
20
-72.8704999999999927
11
171.1449209999999823
21
-72.961387000000002
0
LINE
8
BLACK
6
CONTINUOUS
10
171.1449209999999823
20
-72.961387000000002
11
171.0934379999999919
21
-73.0384379999999993
0
LINE
8
BLACK
6
CONTINUOUS
10
171.0934379999999919
20
-73.0384379999999993
11
171.0163869999999804
21
-73.0899209999999897
0
LINE
8
BLACK
6
CONTINUOUS
10
171.0163869999999804
20
-73.0899209999999897
11
170.9254999999999995
21
-73.1079999999999899
0
LINE
8
BLACK
6
CONTINUOUS
10
170.9254999999999995
20
-73.1079999999999899
11
170.4505000000000052
21
-73.1079999999999899
0
LINE
8
BLACK
6
CONTINUOUS
10
170.4505000000000052
20
-73.1079999999999899
11
170.359612999999996
21
-73.0899209999999897
0
LINE
8
BLACK
6
CONTINUOUS
10
170.359612999999996
20
-73.0899209999999897
11
170.2825619999999844
21
-73.0384379999999993
0
LINE
8
BLACK
6
CONTINUOUS
10
170.2825619999999844
20
-73.0384379999999993
11
170.231078999999994
21
-72.961387000000002
0
LINE
8
BLACK
6
CONTINUOUS
10
170.231078999999994
20
-72.961387000000002
11
170.2129999999999939
21
-72.8704999999999927
0
LINE
8
BLACK
6
CONTINUOUS
10
170.2129999999999939
20
-72.8704999999999927
11
170.2129999999999939
21
-72.3704999999999927
0
LINE
8
BLACK
6
CONTINUOUS
10
170.2129999999999939
20
-72.3704999999999927
11
170.231078999999994
21
-72.2796129999999977
0
LINE
8
BLACK
6
CONTINUOUS
10
170.231078999999994
20
-72.2796129999999977
11
170.2825619999999844
21
-72.2025620000000004
0
LINE
8
BLACK
6
CONTINUOUS
10
170.2825619999999844
20
-72.2025620000000004
11
170.359612999999996
21
-72.1510789999999957
0
LINE
8
BLACK
6
CONTINUOUS
10
170.359612999999996
20
-72.1510789999999957
11
170.4505000000000052
21
-72.1329999999999956
0
LINE
8
BLACK
6
CONTINUOUS
10
170.4505000000000052
20
-72.1329999999999956
11
170.9254999999999995
21
-72.1329999999999956
0
LINE
8
BLACK
6
CONTINUOUS
10
170.9254999999999995
20
-72.1329999999999956
11
171.0163869999999804
21
-72.1510789999999957
0
LINE
8
BLACK
6
CONTINUOUS
10
142.0649410000000046
20
-72.4139589999999913
11
142.0892729999999915
21
-72.430216999999999
0
LINE
8
BLACK
6
CONTINUOUS
10
142.0892729999999915
20
-72.430216999999999
11
142.1055309999999849
21
-72.4545490000000001
0
LINE
8
BLACK
6
CONTINUOUS
10
142.1055309999999849
20
-72.4545490000000001
11
142.1112399999999809
21
-72.4832499999999982
0
LINE
8
BLACK
6
CONTINUOUS
10
142.1112399999999809
20
-72.4832499999999982
11
142.1112399999999809
21
-72.6332499999999897
0
LINE
8
BLACK
6
CONTINUOUS
10
142.1112399999999809
20
-72.6332499999999897
11
142.1055309999999849
21
-72.661951000000002
0
LINE
8
BLACK
6
CONTINUOUS
10
142.1055309999999849
20
-72.661951000000002
11
142.0892729999999915
21
-72.6862830000000031
0
LINE
8
BLACK
6
CONTINUOUS
10
142.0892729999999915
20
-72.6862830000000031
11
142.0649410000000046
21
-72.7025409999999965
0
LINE
8
BLACK
6
CONTINUOUS
10
142.0649410000000046
20
-72.7025409999999965
11
142.0362399999999923
21
-72.7082499999999925
0
LINE
8
BLACK
6
CONTINUOUS
10
142.0362399999999923
20
-72.7082499999999925
11
140.5862400000000036
21
-72.7082499999999925
0
LINE
8
BLACK
6
CONTINUOUS
10
140.5862400000000036
20
-72.7082499999999925
11
140.5575389999999913
21
-72.7025409999999965
0
LINE
8
BLACK
6
CONTINUOUS
10
140.5575389999999913
20
-72.7025409999999965
11
140.5332070000000044
21
-72.6862830000000031
0
LINE
8
BLACK
6
CONTINUOUS
10
140.5332070000000044
20
-72.6862830000000031
11
140.5169489999999826
21
-72.661951000000002
0
LINE
8
BLACK
6
CONTINUOUS
10
140.5169489999999826
20
-72.661951000000002
11
140.5112399999999866
21
-72.6332499999999897
0
LINE
8
BLACK
6
CONTINUOUS
10
140.5112399999999866
20
-72.6332499999999897
11
140.5112399999999866
21
-72.4832499999999982
0
LINE
8
BLACK
6
CONTINUOUS
10
140.5112399999999866
20
-72.4832499999999982
11
140.5169489999999826
21
-72.4545490000000001
0
LINE
8
BLACK
6
CONTINUOUS
10
140.5169489999999826
20
-72.4545490000000001
11
140.5332070000000044
21
-72.430216999999999
0
LINE
8
BLACK
6
CONTINUOUS
10
140.5332070000000044
20
-72.430216999999999
11
140.5575389999999913
21
-72.4139589999999913
0
LINE
8
BLACK
6
CONTINUOUS
10
140.5575389999999913
20
-72.4139589999999913
11
140.5862400000000036
21
-72.4082499999999953
0
LINE
8
BLACK
6
CONTINUOUS
10
140.5862400000000036
20
-72.4082499999999953
11
142.0362399999999923
21
-72.4082499999999953
0
LINE
8
BLACK
6
CONTINUOUS
10
142.0362399999999923
20
-72.4082499999999953
11
142.0649410000000046
21
-72.4139589999999913
0
LINE
8
BLACK
6
CONTINUOUS
10
157.4149409999999989
20
-72.4139589999999913
11
157.4392729999999858
21
-72.430216999999999
0
LINE
8
BLACK
6
CONTINUOUS
10
157.4392729999999858
20
-72.430216999999999
11
157.4555309999999793
21
-72.4545490000000001
0
LINE
8
BLACK
6
CONTINUOUS
10
157.4555309999999793
20
-72.4545490000000001
11
157.4612400000000036
21
-72.4832499999999982
0
LINE
8
BLACK
6
CONTINUOUS
10
157.4612400000000036
20
-72.4832499999999982
11
157.4612400000000036
21
-72.6332499999999897
0
LINE
8
BLACK
6
CONTINUOUS
10
157.4612400000000036
20
-72.6332499999999897
11
157.4555309999999793
21
-72.661951000000002
0
LINE
8
BLACK
6
CONTINUOUS
10
157.4555309999999793
20
-72.661951000000002
11
157.4392729999999858
21
-72.6862830000000031
0
LINE
8
BLACK
6
CONTINUOUS
10
157.4392729999999858
20
-72.6862830000000031
11
157.4149409999999989
21
-72.7025409999999965
0
LINE
8
BLACK
6
CONTINUOUS
10
157.4149409999999989
20
-72.7025409999999965
11
157.3862399999999866
21
-72.7082499999999925
0
LINE
8
BLACK
6
CONTINUOUS
10
157.3862399999999866
20
-72.7082499999999925
11
155.936239999999998
21
-72.7082499999999925
0
LINE
8
BLACK
6
CONTINUOUS
10
155.936239999999998
20
-72.7082499999999925
11
155.9075389999999857
21
-72.7025409999999965
0
LINE
8
BLACK
6
CONTINUOUS
10
155.9075389999999857
20
-72.7025409999999965
11
155.8832069999999987
21
-72.6862830000000031
0
LINE
8
BLACK
6
CONTINUOUS
10
155.8832069999999987
20
-72.6862830000000031
11
155.8669490000000053
21
-72.661951000000002
0
LINE
8
BLACK
6
CONTINUOUS
10
155.8669490000000053
20
-72.661951000000002
11
155.8612399999999809
21
-72.6332499999999897
0
LINE
8
BLACK
6
CONTINUOUS
10
155.8612399999999809
20
-72.6332499999999897
11
155.8612399999999809
21
-72.4832499999999982
0
LINE
8
BLACK
6
CONTINUOUS
10
155.8612399999999809
20
-72.4832499999999982
11
155.8669490000000053
21
-72.4545490000000001
0
LINE
8
BLACK
6
CONTINUOUS
10
155.8669490000000053
20
-72.4545490000000001
11
155.8832069999999987
21
-72.430216999999999
0
LINE
8
BLACK
6
CONTINUOUS
10
155.8832069999999987
20
-72.430216999999999
11
155.9075389999999857
21
-72.4139589999999913
0
LINE
8
BLACK
6
CONTINUOUS
10
155.9075389999999857
20
-72.4139589999999913
11
155.936239999999998
21
-72.4082499999999953
0
LINE
8
BLACK
6
CONTINUOUS
10
155.936239999999998
20
-72.4082499999999953
11
157.3862399999999866
21
-72.4082499999999953
0
LINE
8
BLACK
6
CONTINUOUS
10
157.3862399999999866
20
-72.4082499999999953
11
157.4149409999999989
21
-72.4139589999999913
0
LINE
8
BLACK
6
CONTINUOUS
10
126.0524029999999982
20
-70.5614180000000033
11
126.1010659999999888
21
-70.5939339999999902
0
LINE
8
BLACK
6
CONTINUOUS
10
126.1010659999999888
20
-70.5939339999999902
11
126.1335819999999899
21
-70.642596999999995
0
LINE
8
BLACK
6
CONTINUOUS
10
126.1335819999999899
20
-70.642596999999995
11
126.144999999999996
21
-70.7000000000000028
0
LINE
8
BLACK
6
CONTINUOUS
10
126.144999999999996
20
-70.7000000000000028
11
126.144999999999996
21
-72.3499999999999943
0
LINE
8
BLACK
6
CONTINUOUS
10
126.144999999999996
20
-72.3499999999999943
11
126.1335819999999899
21
-72.4074030000000022
0
LINE
8
BLACK
6
CONTINUOUS
10
126.1335819999999899
20
-72.4074030000000022
11
126.1010659999999888
21
-72.4560659999999928
0
LINE
8
BLACK
6
CONTINUOUS
10
126.1010659999999888
20
-72.4560659999999928
11
126.0524029999999982
21
-72.4885819999999939
0
LINE
8
BLACK
6
CONTINUOUS
10
126.0524029999999982
20
-72.4885819999999939
11
125.9949999999999903
21
-72.5
0
LINE
8
BLACK
6
CONTINUOUS
10
125.9949999999999903
20
-72.5
11
125.6949999999999932
21
-72.5
0
LINE
8
BLACK
6
CONTINUOUS
10
125.6949999999999932
20
-72.5
11
125.6375969999999995
21
-72.4885819999999939
0
LINE
8
BLACK
6
CONTINUOUS
10
125.6375969999999995
20
-72.4885819999999939
11
125.5889339999999947
21
-72.4560659999999928
0
LINE
8
BLACK
6
CONTINUOUS
10
125.5889339999999947
20
-72.4560659999999928
11
125.5564179999999936
21
-72.4074030000000022
0
LINE
8
BLACK
6
CONTINUOUS
10
125.5564179999999936
20
-72.4074030000000022
11
125.5449999999999875
21
-72.3499999999999943
0
LINE
8
BLACK
6
CONTINUOUS
10
125.5449999999999875
20
-72.3499999999999943
11
125.5449999999999875
21
-70.7000000000000028
0
LINE
8
BLACK
6
CONTINUOUS
10
125.5449999999999875
20
-70.7000000000000028
11
125.5564179999999936
21
-70.642596999999995
0
LINE
8
BLACK
6
CONTINUOUS
10
125.5564179999999936
20
-70.642596999999995
11
125.5889339999999947
21
-70.5939339999999902
0
LINE
8
BLACK
6
CONTINUOUS
10
125.5889339999999947
20
-70.5939339999999902
11
125.6375969999999995
21
-70.5614180000000033
0
LINE
8
BLACK
6
CONTINUOUS
10
125.6375969999999995
20
-70.5614180000000033
11
125.6949999999999932
21
-70.5499999999999972
0
LINE
8
BLACK
6
CONTINUOUS
10
125.6949999999999932
20
-70.5499999999999972
11
125.9949999999999903
21
-70.5499999999999972
0
LINE
8
BLACK
6
CONTINUOUS
10
125.9949999999999903
20
-70.5499999999999972
11
126.0524029999999982
21
-70.5614180000000033
0
LINE
8
BLACK
6
CONTINUOUS
10
127.3224029999999942
20
-70.5614180000000033
11
127.371065999999999
21
-70.5939339999999902
0
LINE
8
BLACK
6
CONTINUOUS
10
127.371065999999999
20
-70.5939339999999902
11
127.4035820000000001
21
-70.642596999999995
0
LINE
8
BLACK
6
CONTINUOUS
10
127.4035820000000001
20
-70.642596999999995
11
127.414999999999992
21
-70.7000000000000028
0
LINE
8
BLACK
6
CONTINUOUS
10
127.414999999999992
20
-70.7000000000000028
11
127.414999999999992
21
-72.3499999999999943
0
LINE
8
BLACK
6
CONTINUOUS
10
127.414999999999992
20
-72.3499999999999943
11
127.4035820000000001
21
-72.4074030000000022
0
LINE
8
BLACK
6
CONTINUOUS
10
127.4035820000000001
20
-72.4074030000000022
11
127.371065999999999
21
-72.4560659999999928
0
LINE
8
BLACK
6
CONTINUOUS
10
127.371065999999999
20
-72.4560659999999928
11
127.3224029999999942
21
-72.4885819999999939
0
LINE
8
BLACK
6
CONTINUOUS
10
127.3224029999999942
20
-72.4885819999999939
11
127.2650000000000006
21
-72.5
0
LINE
8
BLACK
6
CONTINUOUS
10
127.2650000000000006
20
-72.5
11
126.9649999999999892
21
-72.5
0
LINE
8
BLACK
6
CONTINUOUS
10
126.9649999999999892
20
-72.5
11
126.9075969999999955
21
-72.4885819999999939
0
LINE
8
BLACK
6
CONTINUOUS
10
126.9075969999999955
20
-72.4885819999999939
11
126.8589339999999908
21
-72.4560659999999928
0
LINE
8
BLACK
6
CONTINUOUS
10
126.8589339999999908
20
-72.4560659999999928
11
126.8264179999999897
21
-72.4074030000000022
0
LINE
8
BLACK
6
CONTINUOUS
10
126.8264179999999897
20
-72.4074030000000022
11
126.8149999999999977
21
-72.3499999999999943
0
LINE
8
BLACK
6
CONTINUOUS
10
126.8149999999999977
20
-72.3499999999999943
11
126.8149999999999977
21
-70.7000000000000028
0
LINE
8
BLACK
6
CONTINUOUS
10
126.8149999999999977
20
-70.7000000000000028
11
126.8264179999999897
21
-70.642596999999995
0
LINE
8
BLACK
6
CONTINUOUS
10
126.8264179999999897
20
-70.642596999999995
11
126.8589339999999908
21
-70.5939339999999902
0
LINE
8
BLACK
6
CONTINUOUS
10
126.8589339999999908
20
-70.5939339999999902
11
126.9075969999999955
21
-70.5614180000000033
0
LINE
8
BLACK
6
CONTINUOUS
10
126.9075969999999955
20
-70.5614180000000033
11
126.9649999999999892
21
-70.5499999999999972
0
LINE
8
BLACK
6
CONTINUOUS
10
126.9649999999999892
20
-70.5499999999999972
11
127.2650000000000006
21
-70.5499999999999972
0
LINE
8
BLACK
6
CONTINUOUS
10
127.2650000000000006
20
-70.5499999999999972
11
127.3224029999999942
21
-70.5614180000000033
0
LINE
8
BLACK
6
CONTINUOUS
10
128.5924029999999902
20
-70.5614180000000033
11
128.641065999999995
21
-70.5939339999999902
0
LINE
8
BLACK
6
CONTINUOUS
10
128.641065999999995
20
-70.5939339999999902
11
128.6735819999999819
21
-70.642596999999995
0
LINE
8
BLACK
6
CONTINUOUS
10
128.6735819999999819
20
-70.642596999999995
11
128.6850000000000023
21
-70.7000000000000028
0
LINE
8
BLACK
6
CONTINUOUS
10
128.6850000000000023
20
-70.7000000000000028
11
128.6850000000000023
21
-72.3499999999999943
0
LINE
8
BLACK
6
CONTINUOUS
10
128.6850000000000023
20
-72.3499999999999943
11
128.6735819999999819
21
-72.4074030000000022
0
LINE
8
BLACK
6
CONTINUOUS
10
128.6735819999999819
20
-72.4074030000000022
11
128.641065999999995
21
-72.4560659999999928
0
LINE
8
BLACK
6
CONTINUOUS
10
128.641065999999995
20
-72.4560659999999928
11
128.5924029999999902
21
-72.4885819999999939
0
LINE
8
BLACK
6
CONTINUOUS
10
128.5924029999999902
20
-72.4885819999999939
11
128.5349999999999966
21
-72.5
0
LINE
8
BLACK
6
CONTINUOUS
10
128.5349999999999966
20
-72.5
11
128.2349999999999852
21
-72.5
0
LINE
8
BLACK
6
CONTINUOUS
10
128.2349999999999852
20
-72.5
11
128.1775969999999916
21
-72.4885819999999939
0
LINE
8
BLACK
6
CONTINUOUS
10
128.1775969999999916
20
-72.4885819999999939
11
128.1289339999999868
21
-72.4560659999999928
0
LINE
8
BLACK
6
CONTINUOUS
10
128.1289339999999868
20
-72.4560659999999928
11
128.0964179999999999
21
-72.4074030000000022
0
LINE
8
BLACK
6
CONTINUOUS
10
128.0964179999999999
20
-72.4074030000000022
11
128.085000000000008
21
-72.3499999999999943
0
LINE
8
BLACK
6
CONTINUOUS
10
128.085000000000008
20
-72.3499999999999943
11
128.085000000000008
21
-70.7000000000000028
0
LINE
8
BLACK
6
CONTINUOUS
10
128.085000000000008
20
-70.7000000000000028
11
128.0964179999999999
21
-70.642596999999995
0
LINE
8
BLACK
6
CONTINUOUS
10
128.0964179999999999
20
-70.642596999999995
11
128.1289339999999868
21
-70.5939339999999902
0
LINE
8
BLACK
6
CONTINUOUS
10
128.1289339999999868
20
-70.5939339999999902
11
128.1775969999999916
21
-70.5614180000000033
0
LINE
8
BLACK
6
CONTINUOUS
10
128.1775969999999916
20
-70.5614180000000033
11
128.2349999999999852
21
-70.5499999999999972
0
LINE
8
BLACK
6
CONTINUOUS
10
128.2349999999999852
20
-70.5499999999999972
11
128.5349999999999966
21
-70.5499999999999972
0
LINE
8
BLACK
6
CONTINUOUS
10
128.5349999999999966
20
-70.5499999999999972
11
128.5924029999999902
21
-70.5614180000000033
0
LINE
8
BLACK
6
CONTINUOUS
10
129.8624030000000005
20
-70.5614180000000033
11
129.9110660000000053
21
-70.5939339999999902
0
LINE
8
BLACK
6
CONTINUOUS
10
129.9110660000000053
20
-70.5939339999999902
11
129.9435819999999921
21
-70.642596999999995
0
LINE
8
BLACK
6
CONTINUOUS
10
129.9435819999999921
20
-70.642596999999995
11
129.9549999999999841
21
-70.7000000000000028
0
LINE
8
BLACK
6
CONTINUOUS
10
129.9549999999999841
20
-70.7000000000000028
11
129.9549999999999841
21
-72.3499999999999943
0
LINE
8
BLACK
6
CONTINUOUS
10
129.9549999999999841
20
-72.3499999999999943
11
129.9435819999999921
21
-72.4074030000000022
0
LINE
8
BLACK
6
CONTINUOUS
10
129.9435819999999921
20
-72.4074030000000022
11
129.9110660000000053
21
-72.4560659999999928
0
LINE
8
BLACK
6
CONTINUOUS
10
129.9110660000000053
20
-72.4560659999999928
11
129.8624030000000005
21
-72.4885819999999939
0
LINE
8
BLACK
6
CONTINUOUS
10
129.8624030000000005
20
-72.4885819999999939
11
129.8050000000000068
21
-72.5
0
LINE
8
BLACK
6
CONTINUOUS
10
129.8050000000000068
20
-72.5
11
129.5049999999999955
21
-72.5
0
LINE
8
BLACK
6
CONTINUOUS
10
129.5049999999999955
20
-72.5
11
129.4475970000000018
21
-72.4885819999999939
0
LINE
8
BLACK
6
CONTINUOUS
10
129.4475970000000018
20
-72.4885819999999939
11
129.398933999999997
21
-72.4560659999999928
0
LINE
8
BLACK
6
CONTINUOUS
10
129.398933999999997
20
-72.4560659999999928
11
129.3664179999999817
21
-72.4074030000000022
0
LINE
8
BLACK
6
CONTINUOUS
10
129.3664179999999817
20
-72.4074030000000022
11
129.3549999999999898
21
-72.3499999999999943
0
LINE
8
BLACK
6
CONTINUOUS
10
129.3549999999999898
20
-72.3499999999999943
11
129.3549999999999898
21
-70.7000000000000028
0
LINE
8
BLACK
6
CONTINUOUS
10
129.3549999999999898
20
-70.7000000000000028
11
129.3664179999999817
21
-70.642596999999995
0
LINE
8
BLACK
6
CONTINUOUS
10
129.3664179999999817
20
-70.642596999999995
11
129.398933999999997
21
-70.5939339999999902
0
LINE
8
BLACK
6
CONTINUOUS
10
129.398933999999997
20
-70.5939339999999902
11
129.4475970000000018
21
-70.5614180000000033
0
LINE
8
BLACK
6
CONTINUOUS
10
129.4475970000000018
20
-70.5614180000000033
11
129.5049999999999955
21
-70.5499999999999972
0
LINE
8
BLACK
6
CONTINUOUS
10
129.5049999999999955
20
-70.5499999999999972
11
129.8050000000000068
21
-70.5499999999999972
0
LINE
8
BLACK
6
CONTINUOUS
10
129.8050000000000068
20
-70.5499999999999972
11
129.8624030000000005
21
-70.5614180000000033
0
LINE
8
BLACK
6
CONTINUOUS
10
142.0649410000000046
20
-71.9139589999999913
11
142.0892729999999915
21
-71.930216999999999
0
LINE
8
BLACK
6
CONTINUOUS
10
142.0892729999999915
20
-71.930216999999999
11
142.1055309999999849
21
-71.9545490000000001
0
LINE
8
BLACK
6
CONTINUOUS
10
142.1055309999999849
20
-71.9545490000000001
11
142.1112399999999809
21
-71.9832499999999982
0
LINE
8
BLACK
6
CONTINUOUS
10
142.1112399999999809
20
-71.9832499999999982
11
142.1112399999999809
21
-72.1332499999999897
0
LINE
8
BLACK
6
CONTINUOUS
10
142.1112399999999809
20
-72.1332499999999897
11
142.1055309999999849
21
-72.161951000000002
0
LINE
8
BLACK
6
CONTINUOUS
10
142.1055309999999849
20
-72.161951000000002
11
142.0892729999999915
21
-72.1862830000000031
0
LINE
8
BLACK
6
CONTINUOUS
10
142.0892729999999915
20
-72.1862830000000031
11
142.0649410000000046
21
-72.2025409999999965
0
LINE
8
BLACK
6
CONTINUOUS
10
142.0649410000000046
20
-72.2025409999999965
11
142.0362399999999923
21
-72.2082499999999925
0
LINE
8
BLACK
6
CONTINUOUS
10
142.0362399999999923
20
-72.2082499999999925
11
140.5862400000000036
21
-72.2082499999999925
0
LINE
8
BLACK
6
CONTINUOUS
10
140.5862400000000036
20
-72.2082499999999925
11
140.5575389999999913
21
-72.2025409999999965
0
LINE
8
BLACK
6
CONTINUOUS
10
140.5575389999999913
20
-72.2025409999999965
11
140.5332070000000044
21
-72.1862830000000031
0
LINE
8
BLACK
6
CONTINUOUS
10
140.5332070000000044
20
-72.1862830000000031
11
140.5169489999999826
21
-72.161951000000002
0
LINE
8
BLACK
6
CONTINUOUS
10
140.5169489999999826
20
-72.161951000000002
11
140.5112399999999866
21
-72.1332499999999897
0
LINE
8
BLACK
6
CONTINUOUS
10
140.5112399999999866
20
-72.1332499999999897
11
140.5112399999999866
21
-71.9832499999999982
0
LINE
8
BLACK
6
CONTINUOUS
10
140.5112399999999866
20
-71.9832499999999982
11
140.5169489999999826
21
-71.9545490000000001
0
LINE
8
BLACK
6
CONTINUOUS
10
140.5169489999999826
20
-71.9545490000000001
11
140.5332070000000044
21
-71.930216999999999
0
LINE
8
BLACK
6
CONTINUOUS
10
140.5332070000000044
20
-71.930216999999999
11
140.5575389999999913
21
-71.9139589999999913
0
LINE
8
BLACK
6
CONTINUOUS
10
140.5575389999999913
20
-71.9139589999999913
11
140.5862400000000036
21
-71.9082499999999953
0
LINE
8
BLACK
6
CONTINUOUS
10
140.5862400000000036
20
-71.9082499999999953
11
142.0362399999999923
21
-71.9082499999999953
0
LINE
8
BLACK
6
CONTINUOUS
10
142.0362399999999923
20
-71.9082499999999953
11
142.0649410000000046
21
-71.9139589999999913
0
LINE
8
BLACK
6
CONTINUOUS
10
157.4149409999999989
20
-71.9139589999999913
11
157.4392729999999858
21
-71.930216999999999
0
LINE
8
BLACK
6
CONTINUOUS
10
157.4392729999999858
20
-71.930216999999999
11
157.4555309999999793
21
-71.9545490000000001
0
LINE
8
BLACK
6
CONTINUOUS
10
157.4555309999999793
20
-71.9545490000000001
11
157.4612400000000036
21
-71.9832499999999982
0
LINE
8
BLACK
6
CONTINUOUS
10
157.4612400000000036
20
-71.9832499999999982
11
157.4612400000000036
21
-72.1332499999999897
0
LINE
8
BLACK
6
CONTINUOUS
10
157.4612400000000036
20
-72.1332499999999897
11
157.4555309999999793
21
-72.161951000000002
0
LINE
8
BLACK
6
CONTINUOUS
10
157.4555309999999793
20
-72.161951000000002
11
157.4392729999999858
21
-72.1862830000000031
0
LINE
8
BLACK
6
CONTINUOUS
10
157.4392729999999858
20
-72.1862830000000031
11
157.4149409999999989
21
-72.2025409999999965
0
LINE
8
BLACK
6
CONTINUOUS
10
157.4149409999999989
20
-72.2025409999999965
11
157.3862399999999866
21
-72.2082499999999925
0
LINE
8
BLACK
6
CONTINUOUS
10
157.3862399999999866
20
-72.2082499999999925
11
155.936239999999998
21
-72.2082499999999925
0
LINE
8
BLACK
6
CONTINUOUS
10
155.936239999999998
20
-72.2082499999999925
11
155.9075389999999857
21
-72.2025409999999965
0
LINE
8
BLACK
6
CONTINUOUS
10
155.9075389999999857
20
-72.2025409999999965
11
155.8832069999999987
21
-72.1862830000000031
0
LINE
8
BLACK
6
CONTINUOUS
10
155.8832069999999987
20
-72.1862830000000031
11
155.8669490000000053
21
-72.161951000000002
0
LINE
8
BLACK
6
CONTINUOUS
10
155.8669490000000053
20
-72.161951000000002
11
155.8612399999999809
21
-72.1332499999999897
0
LINE
8
BLACK
6
CONTINUOUS
10
155.8612399999999809
20
-72.1332499999999897
11
155.8612399999999809
21
-71.9832499999999982
0
LINE
8
BLACK
6
CONTINUOUS
10
155.8612399999999809
20
-71.9832499999999982
11
155.8669490000000053
21
-71.9545490000000001
0
LINE
8
BLACK
6
CONTINUOUS
10
155.8669490000000053
20
-71.9545490000000001
11
155.8832069999999987
21
-71.930216999999999
0
LINE
8
BLACK
6
CONTINUOUS
10
155.8832069999999987
20
-71.930216999999999
11
155.9075389999999857
21
-71.9139589999999913
0
LINE
8
BLACK
6
CONTINUOUS
10
155.9075389999999857
20
-71.9139589999999913
11
155.936239999999998
21
-71.9082499999999953
0
LINE
8
BLACK
6
CONTINUOUS
10
155.936239999999998
20
-71.9082499999999953
11
157.3862399999999866
21
-71.9082499999999953
0
LINE
8
BLACK
6
CONTINUOUS
10
157.3862399999999866
20
-71.9082499999999953
11
157.4149409999999989
21
-71.9139589999999913
0
LINE
8
BLACK
6
CONTINUOUS
10
122.1956709999999902
20
-70.8190299999999979
11
122.2767769999999956
21
-70.8732229999999959
0
LINE
8
BLACK
6
CONTINUOUS
10
122.2767769999999956
20
-70.8732229999999959
11
122.3309699999999935
21
-70.9543290000000013
0
LINE
8
BLACK
6
CONTINUOUS
10
122.3309699999999935
20
-70.9543290000000013
11
122.3499999999999943
21
-71.0499999999999972
0
LINE
8
BLACK
6
CONTINUOUS
10
122.3499999999999943
20
-71.0499999999999972
11
122.3499999999999943
21
-71.9500000000000028
0
LINE
8
BLACK
6
CONTINUOUS
10
122.3499999999999943
20
-71.9500000000000028
11
122.3309699999999935
21
-72.0456709999999987
0
LINE
8
BLACK
6
CONTINUOUS
10
122.3309699999999935
20
-72.0456709999999987
11
122.2767769999999956
21
-72.1267769999999899
0
LINE
8
BLACK
6
CONTINUOUS
10
122.2767769999999956
20
-72.1267769999999899
11
122.1956709999999902
21
-72.1809700000000021
0
LINE
8
BLACK
6
CONTINUOUS
10
122.1956709999999902
20
-72.1809700000000021
11
122.0999999999999943
21
-72.2000000000000028
0
LINE
8
BLACK
6
CONTINUOUS
10
122.0999999999999943
20
-72.2000000000000028
11
121.3999999999999915
21
-72.2000000000000028
0
LINE
8
BLACK
6
CONTINUOUS
10
121.3999999999999915
20
-72.2000000000000028
11
121.3043289999999956
21
-72.1809700000000021
0
LINE
8
BLACK
6
CONTINUOUS
10
121.3043289999999956
20
-72.1809700000000021
11
121.2232229999999902
21
-72.1267769999999899
0
LINE
8
BLACK
6
CONTINUOUS
10
121.2232229999999902
20
-72.1267769999999899
11
121.1690299999999922
21
-72.0456709999999987
0
LINE
8
BLACK
6
CONTINUOUS
10
121.1690299999999922
20
-72.0456709999999987
11
121.1499999999999915
21
-71.9500000000000028
0
LINE
8
BLACK
6
CONTINUOUS
10
121.1499999999999915
20
-71.9500000000000028
11
121.1499999999999915
21
-71.0499999999999972
0
LINE
8
BLACK
6
CONTINUOUS
10
121.1499999999999915
20
-71.0499999999999972
11
121.1690299999999922
21
-70.9543290000000013
0
LINE
8
BLACK
6
CONTINUOUS
10
121.1690299999999922
20
-70.9543290000000013
11
121.2232229999999902
21
-70.8732229999999959
0
LINE
8
BLACK
6
CONTINUOUS
10
121.2232229999999902
20
-70.8732229999999959
11
121.3043289999999956
21
-70.8190299999999979
0
LINE
8
BLACK
6
CONTINUOUS
10
121.3043289999999956
20
-70.8190299999999979
11
121.3999999999999915
21
-70.7999999999999972
0
LINE
8
BLACK
6
CONTINUOUS
10
121.3999999999999915
20
-70.7999999999999972
11
122.0999999999999943
21
-70.7999999999999972
0
LINE
8
BLACK
6
CONTINUOUS
10
122.0999999999999943
20
-70.7999999999999972
11
122.1956709999999902
21
-70.8190299999999979
0
LINE
8
BLACK
6
CONTINUOUS
10
124.1956709999999902
20
-70.8190299999999979
11
124.2767769999999956
21
-70.8732229999999959
0
LINE
8
BLACK
6
CONTINUOUS
10
124.2767769999999956
20
-70.8732229999999959
11
124.3309699999999935
21
-70.9543290000000013
0
LINE
8
BLACK
6
CONTINUOUS
10
124.3309699999999935
20
-70.9543290000000013
11
124.3499999999999943
21
-71.0499999999999972
0
LINE
8
BLACK
6
CONTINUOUS
10
124.3499999999999943
20
-71.0499999999999972
11
124.3499999999999943
21
-71.9500000000000028
0
LINE
8
BLACK
6
CONTINUOUS
10
124.3499999999999943
20
-71.9500000000000028
11
124.3309699999999935
21
-72.0456709999999987
0
LINE
8
BLACK
6
CONTINUOUS
10
124.3309699999999935
20
-72.0456709999999987
11
124.2767769999999956
21
-72.1267769999999899
0
LINE
8
BLACK
6
CONTINUOUS
10
124.2767769999999956
20
-72.1267769999999899
11
124.1956709999999902
21
-72.1809700000000021
0
LINE
8
BLACK
6
CONTINUOUS
10
124.1956709999999902
20
-72.1809700000000021
11
124.0999999999999943
21
-72.2000000000000028
0
LINE
8
BLACK
6
CONTINUOUS
10
124.0999999999999943
20
-72.2000000000000028
11
123.3999999999999915
21
-72.2000000000000028
0
LINE
8
BLACK
6
CONTINUOUS
10
123.3999999999999915
20
-72.2000000000000028
11
123.3043289999999956
21
-72.1809700000000021
0
LINE
8
BLACK
6
CONTINUOUS
10
123.3043289999999956
20
-72.1809700000000021
11
123.2232229999999902
21
-72.1267769999999899
0
LINE
8
BLACK
6
CONTINUOUS
10
123.2232229999999902
20
-72.1267769999999899
11
123.1690299999999922
21
-72.0456709999999987
0
LINE
8
BLACK
6
CONTINUOUS
10
123.1690299999999922
20
-72.0456709999999987
11
123.1499999999999915
21
-71.9500000000000028
0
LINE
8
BLACK
6
CONTINUOUS
10
123.1499999999999915
20
-71.9500000000000028
11
123.1499999999999915
21
-71.0499999999999972
0
LINE
8
BLACK
6
CONTINUOUS
10
123.1499999999999915
20
-71.0499999999999972
11
123.1690299999999922
21
-70.9543290000000013
0
LINE
8
BLACK
6
CONTINUOUS
10
123.1690299999999922
20
-70.9543290000000013
11
123.2232229999999902
21
-70.8732229999999959
0
LINE
8
BLACK
6
CONTINUOUS
10
123.2232229999999902
20
-70.8732229999999959
11
123.3043289999999956
21
-70.8190299999999979
0
LINE
8
BLACK
6
CONTINUOUS
10
123.3043289999999956
20
-70.8190299999999979
11
123.3999999999999915
21
-70.7999999999999972
0
LINE
8
BLACK
6
CONTINUOUS
10
123.3999999999999915
20
-70.7999999999999972
11
124.0999999999999943
21
-70.7999999999999972
0
LINE
8
BLACK
6
CONTINUOUS
10
124.0999999999999943
20
-70.7999999999999972
11
124.1956709999999902
21
-70.8190299999999979
0
LINE
8
BLACK
6
CONTINUOUS
10
175.6956710000000044
20
-70.8190299999999979
11
175.7767769999999814
21
-70.8732229999999959
0
LINE
8
BLACK
6
CONTINUOUS
10
175.7767769999999814
20
-70.8732229999999959
11
175.8309699999999793
21
-70.9543290000000013
0
LINE
8
BLACK
6
CONTINUOUS
10
175.8309699999999793
20
-70.9543290000000013
11
175.8499999999999943
21
-71.0499999999999972
0
LINE
8
BLACK
6
CONTINUOUS
10
175.8499999999999943
20
-71.0499999999999972
11
175.8499999999999943
21
-71.9500000000000028
0
LINE
8
BLACK
6
CONTINUOUS
10
175.8499999999999943
20
-71.9500000000000028
11
175.8309699999999793
21
-72.0456709999999987
0
LINE
8
BLACK
6
CONTINUOUS
10
175.8309699999999793
20
-72.0456709999999987
11
175.7767769999999814
21
-72.1267769999999899
0
LINE
8
BLACK
6
CONTINUOUS
10
175.7767769999999814
20
-72.1267769999999899
11
175.6956710000000044
21
-72.1809700000000021
0
LINE
8
BLACK
6
CONTINUOUS
10
175.6956710000000044
20
-72.1809700000000021
11
175.5999999999999943
21
-72.2000000000000028
0
LINE
8
BLACK
6
CONTINUOUS
10
175.5999999999999943
20
-72.2000000000000028
11
174.9000000000000057
21
-72.2000000000000028
0
LINE
8
BLACK
6
CONTINUOUS
10
174.9000000000000057
20
-72.2000000000000028
11
174.8043289999999956
21
-72.1809700000000021
0
LINE
8
BLACK
6
CONTINUOUS
10
174.8043289999999956
20
-72.1809700000000021
11
174.7232229999999902
21
-72.1267769999999899
0
LINE
8
BLACK
6
CONTINUOUS
10
174.7232229999999902
20
-72.1267769999999899
11
174.6690299999999922
21
-72.0456709999999987
0
LINE
8
BLACK
6
CONTINUOUS
10
174.6690299999999922
20
-72.0456709999999987
11
174.6500000000000057
21
-71.9500000000000028
0
LINE
8
BLACK
6
CONTINUOUS
10
174.6500000000000057
20
-71.9500000000000028
11
174.6500000000000057
21
-71.0499999999999972
0
LINE
8
BLACK
6
CONTINUOUS
10
174.6500000000000057
20
-71.0499999999999972
11
174.6690299999999922
21
-70.9543290000000013
0
LINE
8
BLACK
6
CONTINUOUS
10
174.6690299999999922
20
-70.9543290000000013
11
174.7232229999999902
21
-70.8732229999999959
0
LINE
8
BLACK
6
CONTINUOUS
10
174.7232229999999902
20
-70.8732229999999959
11
174.8043289999999956
21
-70.8190299999999979
0
LINE
8
BLACK
6
CONTINUOUS
10
174.8043289999999956
20
-70.8190299999999979
11
174.9000000000000057
21
-70.7999999999999972
0
LINE
8
BLACK
6
CONTINUOUS
10
174.9000000000000057
20
-70.7999999999999972
11
175.5999999999999943
21
-70.7999999999999972
0
LINE
8
BLACK
6
CONTINUOUS
10
175.5999999999999943
20
-70.7999999999999972
11
175.6956710000000044
21
-70.8190299999999979
0
LINE
8
BLACK
6
CONTINUOUS
10
177.6956710000000044
20
-70.8190299999999979
11
177.7767769999999814
21
-70.8732229999999959
0
LINE
8
BLACK
6
CONTINUOUS
10
177.7767769999999814
20
-70.8732229999999959
11
177.8309699999999793
21
-70.9543290000000013
0
LINE
8
BLACK
6
CONTINUOUS
10
177.8309699999999793
20
-70.9543290000000013
11
177.8499999999999943
21
-71.0499999999999972
0
LINE
8
BLACK
6
CONTINUOUS
10
177.8499999999999943
20
-71.0499999999999972
11
177.8499999999999943
21
-71.9500000000000028
0
LINE
8
BLACK
6
CONTINUOUS
10
177.8499999999999943
20
-71.9500000000000028
11
177.8309699999999793
21
-72.0456709999999987
0
LINE
8
BLACK
6
CONTINUOUS
10
177.8309699999999793
20
-72.0456709999999987
11
177.7767769999999814
21
-72.1267769999999899
0
LINE
8
BLACK
6
CONTINUOUS
10
177.7767769999999814
20
-72.1267769999999899
11
177.6956710000000044
21
-72.1809700000000021
0
LINE
8
BLACK
6
CONTINUOUS
10
177.6956710000000044
20
-72.1809700000000021
11
177.5999999999999943
21
-72.2000000000000028
0
LINE
8
BLACK
6
CONTINUOUS
10
177.5999999999999943
20
-72.2000000000000028
11
176.9000000000000057
21
-72.2000000000000028
0
LINE
8
BLACK
6
CONTINUOUS
10
176.9000000000000057
20
-72.2000000000000028
11
176.8043289999999956
21
-72.1809700000000021
0
LINE
8
BLACK
6
CONTINUOUS
10
176.8043289999999956
20
-72.1809700000000021
11
176.7232229999999902
21
-72.1267769999999899
0
LINE
8
BLACK
6
CONTINUOUS
10
176.7232229999999902
20
-72.1267769999999899
11
176.6690299999999922
21
-72.0456709999999987
0
LINE
8
BLACK
6
CONTINUOUS
10
176.6690299999999922
20
-72.0456709999999987
11
176.6500000000000057
21
-71.9500000000000028
0
LINE
8
BLACK
6
CONTINUOUS
10
176.6500000000000057
20
-71.9500000000000028
11
176.6500000000000057
21
-71.0499999999999972
0
LINE
8
BLACK
6
CONTINUOUS
10
176.6500000000000057
20
-71.0499999999999972
11
176.6690299999999922
21
-70.9543290000000013
0
LINE
8
BLACK
6
CONTINUOUS
10
176.6690299999999922
20
-70.9543290000000013
11
176.7232229999999902
21
-70.8732229999999959
0
LINE
8
BLACK
6
CONTINUOUS
10
176.7232229999999902
20
-70.8732229999999959
11
176.8043289999999956
21
-70.8190299999999979
0
LINE
8
BLACK
6
CONTINUOUS
10
176.8043289999999956
20
-70.8190299999999979
11
176.9000000000000057
21
-70.7999999999999972
0
LINE
8
BLACK
6
CONTINUOUS
10
176.9000000000000057
20
-70.7999999999999972
11
177.5999999999999943
21
-70.7999999999999972
0
LINE
8
BLACK
6
CONTINUOUS
10
177.5999999999999943
20
-70.7999999999999972
11
177.6956710000000044
21
-70.8190299999999979
0
LINE
8
BLACK
6
CONTINUOUS
10
120.3497079999999926
20
-71.0461839999999967
11
120.4694299999999885
21
-71.1231250000000017
0
LINE
8
BLACK
6
CONTINUOUS
10
120.4694299999999885
20
-71.1231250000000017
11
120.562626999999992
21
-71.2306799999999924
0
LINE
8
BLACK
6
CONTINUOUS
10
120.562626999999992
20
-71.2306799999999924
11
120.6217459999999875
21
-71.3601340000000022
0
LINE
8
BLACK
6
CONTINUOUS
10
120.6217459999999875
20
-71.3601340000000022
11
120.6419999999999959
21
-71.5009999999999906
0
LINE
8
BLACK
6
CONTINUOUS
10
120.6419999999999959
20
-71.5009999999999906
11
120.6217459999999875
21
-71.6418659999999932
0
LINE
8
BLACK
6
CONTINUOUS
10
120.6217459999999875
20
-71.6418659999999932
11
120.562626999999992
21
-71.7713200000000029
0
LINE
8
BLACK
6
CONTINUOUS
10
120.562626999999992
20
-71.7713200000000029
11
120.4694299999999885
21
-71.8788749999999936
0
LINE
8
BLACK
6
CONTINUOUS
10
120.4694299999999885
20
-71.8788749999999936
11
120.3497079999999926
21
-71.9558159999999987
0
LINE
8
BLACK
6
CONTINUOUS
10
120.3497079999999926
20
-71.9558159999999987
11
120.2131569999999954
21
-71.9959109999999924
0
LINE
8
BLACK
6
CONTINUOUS
10
120.2131569999999954
20
-71.9959109999999924
11
120.0708429999999964
21
-71.9959109999999924
0
LINE
8
BLACK
6
CONTINUOUS
10
120.0708429999999964
20
-71.9959109999999924
11
119.9342919999999992
21
-71.9558159999999987
0
LINE
8
BLACK
6
CONTINUOUS
10
119.9342919999999992
20
-71.9558159999999987
11
119.8145699999999891
21
-71.8788749999999936
0
LINE
8
BLACK
6
CONTINUOUS
10
119.8145699999999891
20
-71.8788749999999936
11
119.7213729999999998
21
-71.7713200000000029
0
LINE
8
BLACK
6
CONTINUOUS
10
119.7213729999999998
20
-71.7713200000000029
11
119.6622539999999901
21
-71.6418659999999932
0
LINE
8
BLACK
6
CONTINUOUS
10
119.6622539999999901
20
-71.6418659999999932
11
119.6419999999999959
21
-71.5009999999999906
0
LINE
8
BLACK
6
CONTINUOUS
10
119.6419999999999959
20
-71.5009999999999906
11
119.6622539999999901
21
-71.3601340000000022
0
LINE
8
BLACK
6
CONTINUOUS
10
119.6622539999999901
20
-71.3601340000000022
11
119.7213729999999998
21
-71.2306799999999924
0
LINE
8
BLACK
6
CONTINUOUS
10
119.7213729999999998
20
-71.2306799999999924
11
119.8145699999999891
21
-71.1231250000000017
0
LINE
8
BLACK
6
CONTINUOUS
10
119.8145699999999891
20
-71.1231250000000017
11
119.9342919999999992
21
-71.0461839999999967
0
LINE
8
BLACK
6
CONTINUOUS
10
119.9342919999999992
20
-71.0461839999999967
11
120.0708429999999964
21
-71.0060890000000029
0
LINE
8
BLACK
6
CONTINUOUS
10
120.0708429999999964
20
-71.0060890000000029
11
120.2131569999999954
21
-71.0060890000000029
0
LINE
8
BLACK
6
CONTINUOUS
10
120.2131569999999954
20
-71.0060890000000029
11
120.3497079999999926
21
-71.0461839999999967
0
LINE
8
BLACK
6
CONTINUOUS
10
179.1037079999999833
20
-71.0461839999999967
11
179.2234299999999791
21
-71.1231250000000017
0
LINE
8
BLACK
6
CONTINUOUS
10
179.2234299999999791
20
-71.1231250000000017
11
179.3166269999999827
21
-71.2306799999999924
0
LINE
8
BLACK
6
CONTINUOUS
10
179.3166269999999827
20
-71.2306799999999924
11
179.3757459999999924
21
-71.3601340000000022
0
LINE
8
BLACK
6
CONTINUOUS
10
179.3757459999999924
20
-71.3601340000000022
11
179.3959999999999866
21
-71.5009999999999906
0
LINE
8
BLACK
6
CONTINUOUS
10
179.3959999999999866
20
-71.5009999999999906
11
179.3757459999999924
21
-71.6418659999999932
0
LINE
8
BLACK
6
CONTINUOUS
10
179.3757459999999924
20
-71.6418659999999932
11
179.3166269999999827
21
-71.7713200000000029
0
LINE
8
BLACK
6
CONTINUOUS
10
179.3166269999999827
20
-71.7713200000000029
11
179.2234299999999791
21
-71.8788749999999936
0
LINE
8
BLACK
6
CONTINUOUS
10
179.2234299999999791
20
-71.8788749999999936
11
179.1037079999999833
21
-71.9558159999999987
0
LINE
8
BLACK
6
CONTINUOUS
10
179.1037079999999833
20
-71.9558159999999987
11
178.9671569999999861
21
-71.9959109999999924
0
LINE
8
BLACK
6
CONTINUOUS
10
178.9671569999999861
20
-71.9959109999999924
11
178.8248429999999871
21
-71.9959109999999924
0
LINE
8
BLACK
6
CONTINUOUS
10
178.8248429999999871
20
-71.9959109999999924
11
178.6882919999999899
21
-71.9558159999999987
0
LINE
8
BLACK
6
CONTINUOUS
10
178.6882919999999899
20
-71.9558159999999987
11
178.568569999999994
21
-71.8788749999999936
0
LINE
8
BLACK
6
CONTINUOUS
10
178.568569999999994
20
-71.8788749999999936
11
178.4753729999999905
21
-71.7713200000000029
0
LINE
8
BLACK
6
CONTINUOUS
10
178.4753729999999905
20
-71.7713200000000029
11
178.4162539999999808
21
-71.6418659999999932
0
LINE
8
BLACK
6
CONTINUOUS
10
178.4162539999999808
20
-71.6418659999999932
11
178.3959999999999866
21
-71.5009999999999906
0
LINE
8
BLACK
6
CONTINUOUS
10
178.3959999999999866
20
-71.5009999999999906
11
178.4162539999999808
21
-71.3601340000000022
0
LINE
8
BLACK
6
CONTINUOUS
10
178.4162539999999808
20
-71.3601340000000022
11
178.4753729999999905
21
-71.2306799999999924
0
LINE
8
BLACK
6
CONTINUOUS
10
178.4753729999999905
20
-71.2306799999999924
11
178.568569999999994
21
-71.1231250000000017
0
LINE
8
BLACK
6
CONTINUOUS
10
178.568569999999994
20
-71.1231250000000017
11
178.6882919999999899
21
-71.0461839999999967
0
LINE
8
BLACK
6
CONTINUOUS
10
178.6882919999999899
20
-71.0461839999999967
11
178.8248429999999871
21
-71.0060890000000029
0
LINE
8
BLACK
6
CONTINUOUS
10
178.8248429999999871
20
-71.0060890000000029
11
178.9671569999999861
21
-71.0060890000000029
0
LINE
8
BLACK
6
CONTINUOUS
10
178.9671569999999861
20
-71.0060890000000029
11
179.1037079999999833
21
-71.0461839999999967
0
LINE
8
BLACK
6
CONTINUOUS
10
142.0649410000000046
20
-71.4139589999999913
11
142.0892729999999915
21
-71.430216999999999
0
LINE
8
BLACK
6
CONTINUOUS
10
142.0892729999999915
20
-71.430216999999999
11
142.1055309999999849
21
-71.4545490000000001
0
LINE
8
BLACK
6
CONTINUOUS
10
142.1055309999999849
20
-71.4545490000000001
11
142.1112399999999809
21
-71.4832499999999982
0
LINE
8
BLACK
6
CONTINUOUS
10
142.1112399999999809
20
-71.4832499999999982
11
142.1112399999999809
21
-71.6332499999999897
0
LINE
8
BLACK
6
CONTINUOUS
10
142.1112399999999809
20
-71.6332499999999897
11
142.1055309999999849
21
-71.661951000000002
0
LINE
8
BLACK
6
CONTINUOUS
10
142.1055309999999849
20
-71.661951000000002
11
142.0892729999999915
21
-71.6862830000000031
0
LINE
8
BLACK
6
CONTINUOUS
10
142.0892729999999915
20
-71.6862830000000031
11
142.0649410000000046
21
-71.7025409999999965
0
LINE
8
BLACK
6
CONTINUOUS
10
142.0649410000000046
20
-71.7025409999999965
11
142.0362399999999923
21
-71.7082499999999925
0
LINE
8
BLACK
6
CONTINUOUS
10
142.0362399999999923
20
-71.7082499999999925
11
140.5862400000000036
21
-71.7082499999999925
0
LINE
8
BLACK
6
CONTINUOUS
10
140.5862400000000036
20
-71.7082499999999925
11
140.5575389999999913
21
-71.7025409999999965
0
LINE
8
BLACK
6
CONTINUOUS
10
140.5575389999999913
20
-71.7025409999999965
11
140.5332070000000044
21
-71.6862830000000031
0
LINE
8
BLACK
6
CONTINUOUS
10
140.5332070000000044
20
-71.6862830000000031
11
140.5169489999999826
21
-71.661951000000002
0
LINE
8
BLACK
6
CONTINUOUS
10
140.5169489999999826
20
-71.661951000000002
11
140.5112399999999866
21
-71.6332499999999897
0
LINE
8
BLACK
6
CONTINUOUS
10
140.5112399999999866
20
-71.6332499999999897
11
140.5112399999999866
21
-71.4832499999999982
0
LINE
8
BLACK
6
CONTINUOUS
10
140.5112399999999866
20
-71.4832499999999982
11
140.5169489999999826
21
-71.4545490000000001
0
LINE
8
BLACK
6
CONTINUOUS
10
140.5169489999999826
20
-71.4545490000000001
11
140.5332070000000044
21
-71.430216999999999
0
LINE
8
BLACK
6
CONTINUOUS
10
140.5332070000000044
20
-71.430216999999999
11
140.5575389999999913
21
-71.4139589999999913
0
LINE
8
BLACK
6
CONTINUOUS
10
140.5575389999999913
20
-71.4139589999999913
11
140.5862400000000036
21
-71.4082499999999953
0
LINE
8
BLACK
6
CONTINUOUS
10
140.5862400000000036
20
-71.4082499999999953
11
142.0362399999999923
21
-71.4082499999999953
0
LINE
8
BLACK
6
CONTINUOUS
10
142.0362399999999923
20
-71.4082499999999953
11
142.0649410000000046
21
-71.4139589999999913
0
LINE
8
BLACK
6
CONTINUOUS
10
157.4149409999999989
20
-71.4139589999999913
11
157.4392729999999858
21
-71.430216999999999
0
LINE
8
BLACK
6
CONTINUOUS
10
157.4392729999999858
20
-71.430216999999999
11
157.4555309999999793
21
-71.4545490000000001
0
LINE
8
BLACK
6
CONTINUOUS
10
157.4555309999999793
20
-71.4545490000000001
11
157.4612400000000036
21
-71.4832499999999982
0
LINE
8
BLACK
6
CONTINUOUS
10
157.4612400000000036
20
-71.4832499999999982
11
157.4612400000000036
21
-71.6332499999999897
0
LINE
8
BLACK
6
CONTINUOUS
10
157.4612400000000036
20
-71.6332499999999897
11
157.4555309999999793
21
-71.661951000000002
0
LINE
8
BLACK
6
CONTINUOUS
10
157.4555309999999793
20
-71.661951000000002
11
157.4392729999999858
21
-71.6862830000000031
0
LINE
8
BLACK
6
CONTINUOUS
10
157.4392729999999858
20
-71.6862830000000031
11
157.4149409999999989
21
-71.7025409999999965
0
LINE
8
BLACK
6
CONTINUOUS
10
157.4149409999999989
20
-71.7025409999999965
11
157.3862399999999866
21
-71.7082499999999925
0
LINE
8
BLACK
6
CONTINUOUS
10
157.3862399999999866
20
-71.7082499999999925
11
155.936239999999998
21
-71.7082499999999925
0
LINE
8
BLACK
6
CONTINUOUS
10
155.936239999999998
20
-71.7082499999999925
11
155.9075389999999857
21
-71.7025409999999965
0
LINE
8
BLACK
6
CONTINUOUS
10
155.9075389999999857
20
-71.7025409999999965
11
155.8832069999999987
21
-71.6862830000000031
0
LINE
8
BLACK
6
CONTINUOUS
10
155.8832069999999987
20
-71.6862830000000031
11
155.8669490000000053
21
-71.661951000000002
0
LINE
8
BLACK
6
CONTINUOUS
10
155.8669490000000053
20
-71.661951000000002
11
155.8612399999999809
21
-71.6332499999999897
0
LINE
8
BLACK
6
CONTINUOUS
10
155.8612399999999809
20
-71.6332499999999897
11
155.8612399999999809
21
-71.4832499999999982
0
LINE
8
BLACK
6
CONTINUOUS
10
155.8612399999999809
20
-71.4832499999999982
11
155.8669490000000053
21
-71.4545490000000001
0
LINE
8
BLACK
6
CONTINUOUS
10
155.8669490000000053
20
-71.4545490000000001
11
155.8832069999999987
21
-71.430216999999999
0
LINE
8
BLACK
6
CONTINUOUS
10
155.8832069999999987
20
-71.430216999999999
11
155.9075389999999857
21
-71.4139589999999913
0
LINE
8
BLACK
6
CONTINUOUS
10
155.9075389999999857
20
-71.4139589999999913
11
155.936239999999998
21
-71.4082499999999953
0
LINE
8
BLACK
6
CONTINUOUS
10
155.936239999999998
20
-71.4082499999999953
11
157.3862399999999866
21
-71.4082499999999953
0
LINE
8
BLACK
6
CONTINUOUS
10
157.3862399999999866
20
-71.4082499999999953
11
157.4149409999999989
21
-71.4139589999999913
0
LINE
8
BLACK
6
CONTINUOUS
10
172.5283869999999808
20
-70.5430789999999917
11
172.6054379999999924
21
-70.5945619999999963
0
LINE
8
BLACK
6
CONTINUOUS
10
172.6054379999999924
20
-70.5945619999999963
11
172.6569209999999828
21
-70.6716129999999936
0
LINE
8
BLACK
6
CONTINUOUS
10
172.6569209999999828
20
-70.6716129999999936
11
172.6749999999999829
21
-70.7625000000000028
0
LINE
8
BLACK
6
CONTINUOUS
10
172.6749999999999829
20
-70.7625000000000028
11
172.6749999999999829
21
-71.3624999999999972
0
LINE
8
BLACK
6
CONTINUOUS
10
172.6749999999999829
20
-71.3624999999999972
11
172.6569209999999828
21
-71.4533869999999922
0
LINE
8
BLACK
6
CONTINUOUS
10
172.6569209999999828
20
-71.4533869999999922
11
172.6054379999999924
21
-71.5304380000000037
0
LINE
8
BLACK
6
CONTINUOUS
10
172.6054379999999924
20
-71.5304380000000037
11
172.5283869999999808
21
-71.5819209999999941
0
LINE
8
BLACK
6
CONTINUOUS
10
172.5283869999999808
20
-71.5819209999999941
11
172.4375
21
-71.5999999999999943
0
LINE
8
BLACK
6
CONTINUOUS
10
172.4375
20
-71.5999999999999943
11
171.9625000000000057
21
-71.5999999999999943
0
LINE
8
BLACK
6
CONTINUOUS
10
171.9625000000000057
20
-71.5999999999999943
11
171.8716129999999964
21
-71.5819209999999941
0
LINE
8
BLACK
6
CONTINUOUS
10
171.8716129999999964
20
-71.5819209999999941
11
171.7945619999999849
21
-71.5304380000000037
0
LINE
8
BLACK
6
CONTINUOUS
10
171.7945619999999849
20
-71.5304380000000037
11
171.7430789999999945
21
-71.4533869999999922
0
LINE
8
BLACK
6
CONTINUOUS
10
171.7430789999999945
20
-71.4533869999999922
11
171.7249999999999943
21
-71.3624999999999972
0
LINE
8
BLACK
6
CONTINUOUS
10
171.7249999999999943
20
-71.3624999999999972
11
171.7249999999999943
21
-70.7625000000000028
0
LINE
8
BLACK
6
CONTINUOUS
10
171.7249999999999943
20
-70.7625000000000028
11
171.7430789999999945
21
-70.6716129999999936
0
LINE
8
BLACK
6
CONTINUOUS
10
171.7430789999999945
20
-70.6716129999999936
11
171.7945619999999849
21
-70.5945619999999963
0
LINE
8
BLACK
6
CONTINUOUS
10
171.7945619999999849
20
-70.5945619999999963
11
171.8716129999999964
21
-70.5430789999999917
0
LINE
8
BLACK
6
CONTINUOUS
10
171.8716129999999964
20
-70.5430789999999917
11
171.9625000000000057
21
-70.5249999999999915
0
LINE
8
BLACK
6
CONTINUOUS
10
171.9625000000000057
20
-70.5249999999999915
11
172.4375
21
-70.5249999999999915
0
LINE
8
BLACK
6
CONTINUOUS
10
172.4375
20
-70.5249999999999915
11
172.5283869999999808
21
-70.5430789999999917
0
LINE
8
BLACK
6
CONTINUOUS
10
135.572386999999992
20
-70.6630789999999962
11
135.6494380000000035
21
-70.7145620000000008
0
LINE
8
BLACK
6
CONTINUOUS
10
135.6494380000000035
20
-70.7145620000000008
11
135.7009209999999939
21
-70.7916129999999981
0
LINE
8
BLACK
6
CONTINUOUS
10
135.7009209999999939
20
-70.7916129999999981
11
135.7189999999999941
21
-70.8824999999999932
0
LINE
8
BLACK
6
CONTINUOUS
10
135.7189999999999941
20
-70.8824999999999932
11
135.7189999999999941
21
-71.3575000000000017
0
LINE
8
BLACK
6
CONTINUOUS
10
135.7189999999999941
20
-71.3575000000000017
11
135.7009209999999939
21
-71.4483869999999968
0
LINE
8
BLACK
6
CONTINUOUS
10
135.7009209999999939
20
-71.4483869999999968
11
135.6494380000000035
21
-71.5254379999999941
0
LINE
8
BLACK
6
CONTINUOUS
10
135.6494380000000035
20
-71.5254379999999941
11
135.572386999999992
21
-71.5769209999999987
0
LINE
8
BLACK
6
CONTINUOUS
10
135.572386999999992
20
-71.5769209999999987
11
135.4814999999999827
21
-71.5949999999999989
0
LINE
8
BLACK
6
CONTINUOUS
10
135.4814999999999827
20
-71.5949999999999989
11
134.9814999999999827
21
-71.5949999999999989
0
LINE
8
BLACK
6
CONTINUOUS
10
134.9814999999999827
20
-71.5949999999999989
11
134.8906130000000019
21
-71.5769209999999987
0
LINE
8
BLACK
6
CONTINUOUS
10
134.8906130000000019
20
-71.5769209999999987
11
134.8135619999999903
21
-71.5254379999999941
0
LINE
8
BLACK
6
CONTINUOUS
10
134.8135619999999903
20
-71.5254379999999941
11
134.762079
21
-71.4483869999999968
0
LINE
8
BLACK
6
CONTINUOUS
10
134.762079
20
-71.4483869999999968
11
134.7439999999999998
21
-71.3575000000000017
0
LINE
8
BLACK
6
CONTINUOUS
10
134.7439999999999998
20
-71.3575000000000017
11
134.7439999999999998
21
-70.8824999999999932
0
LINE
8
BLACK
6
CONTINUOUS
10
134.7439999999999998
20
-70.8824999999999932
11
134.762079
21
-70.7916129999999981
0
LINE
8
BLACK
6
CONTINUOUS
10
134.762079
20
-70.7916129999999981
11
134.8135619999999903
21
-70.7145620000000008
0
LINE
8
BLACK
6
CONTINUOUS
10
134.8135619999999903
20
-70.7145620000000008
11
134.8906130000000019
21
-70.6630789999999962
0
LINE
8
BLACK
6
CONTINUOUS
10
134.8906130000000019
20
-70.6630789999999962
11
134.9814999999999827
21
-70.644999999999996
0
LINE
8
BLACK
6
CONTINUOUS
10
134.9814999999999827
20
-70.644999999999996
11
135.4814999999999827
21
-70.644999999999996
0
LINE
8
BLACK
6
CONTINUOUS
10
135.4814999999999827
20
-70.644999999999996
11
135.572386999999992
21
-70.6630789999999962
0
LINE
8
BLACK
6
CONTINUOUS
10
137.3973869999999806
20
-70.6630789999999962
11
137.4744379999999921
21
-70.7145620000000008
0
LINE
8
BLACK
6
CONTINUOUS
10
137.4744379999999921
20
-70.7145620000000008
11
137.5259209999999825
21
-70.7916129999999981
0
LINE
8
BLACK
6
CONTINUOUS
10
137.5259209999999825
20
-70.7916129999999981
11
137.5439999999999827
21
-70.8824999999999932
0
LINE
8
BLACK
6
CONTINUOUS
10
137.5439999999999827
20
-70.8824999999999932
11
137.5439999999999827
21
-71.3575000000000017
0
LINE
8
BLACK
6
CONTINUOUS
10
137.5439999999999827
20
-71.3575000000000017
11
137.5259209999999825
21
-71.4483869999999968
0
LINE
8
BLACK
6
CONTINUOUS
10
137.5259209999999825
20
-71.4483869999999968
11
137.4744379999999921
21
-71.5254379999999941
0
LINE
8
BLACK
6
CONTINUOUS
10
137.4744379999999921
20
-71.5254379999999941
11
137.3973869999999806
21
-71.5769209999999987
0
LINE
8
BLACK
6
CONTINUOUS
10
137.3973869999999806
20
-71.5769209999999987
11
137.3064999999999998
21
-71.5949999999999989
0
LINE
8
BLACK
6
CONTINUOUS
10
137.3064999999999998
20
-71.5949999999999989
11
136.8064999999999998
21
-71.5949999999999989
0
LINE
8
BLACK
6
CONTINUOUS
10
136.8064999999999998
20
-71.5949999999999989
11
136.7156129999999905
21
-71.5769209999999987
0
LINE
8
BLACK
6
CONTINUOUS
10
136.7156129999999905
20
-71.5769209999999987
11
136.6385620000000074
21
-71.5254379999999941
0
LINE
8
BLACK
6
CONTINUOUS
10
136.6385620000000074
20
-71.5254379999999941
11
136.5870789999999886
21
-71.4483869999999968
0
LINE
8
BLACK
6
CONTINUOUS
10
136.5870789999999886
20
-71.4483869999999968
11
136.5689999999999884
21
-71.3575000000000017
0
LINE
8
BLACK
6
CONTINUOUS
10
136.5689999999999884
20
-71.3575000000000017
11
136.5689999999999884
21
-70.8824999999999932
0
LINE
8
BLACK
6
CONTINUOUS
10
136.5689999999999884
20
-70.8824999999999932
11
136.5870789999999886
21
-70.7916129999999981
0
LINE
8
BLACK
6
CONTINUOUS
10
136.5870789999999886
20
-70.7916129999999981
11
136.6385620000000074
21
-70.7145620000000008
0
LINE
8
BLACK
6
CONTINUOUS
10
136.6385620000000074
20
-70.7145620000000008
11
136.7156129999999905
21
-70.6630789999999962
0
LINE
8
BLACK
6
CONTINUOUS
10
136.7156129999999905
20
-70.6630789999999962
11
136.8064999999999998
21
-70.644999999999996
0
LINE
8
BLACK
6
CONTINUOUS
10
136.8064999999999998
20
-70.644999999999996
11
137.3064999999999998
21
-70.644999999999996
0
LINE
8
BLACK
6
CONTINUOUS
10
137.3064999999999998
20
-70.644999999999996
11
137.3973869999999806
21
-70.6630789999999962
0
LINE
8
BLACK
6
CONTINUOUS
10
164.5283869999999808
20
-70.343079000000003
11
164.6054379999999924
21
-70.3945619999999934
0
LINE
8
BLACK
6
CONTINUOUS
10
164.6054379999999924
20
-70.3945619999999934
11
164.6569209999999828
21
-70.4716129999999907
0
LINE
8
BLACK
6
CONTINUOUS
10
164.6569209999999828
20
-70.4716129999999907
11
164.6749999999999829
21
-70.5625
0
LINE
8
BLACK
6
CONTINUOUS
10
164.6749999999999829
20
-70.5625
11
164.6749999999999829
21
-71.1624999999999943
0
LINE
8
BLACK
6
CONTINUOUS
10
164.6749999999999829
20
-71.1624999999999943
11
164.6569209999999828
21
-71.2533870000000036
0
LINE
8
BLACK
6
CONTINUOUS
10
164.6569209999999828
20
-71.2533870000000036
11
164.6054379999999924
21
-71.3304380000000009
0
LINE
8
BLACK
6
CONTINUOUS
10
164.6054379999999924
20
-71.3304380000000009
11
164.5283869999999808
21
-71.3819209999999913
0
LINE
8
BLACK
6
CONTINUOUS
10
164.5283869999999808
20
-71.3819209999999913
11
164.4375
21
-71.3999999999999915
0
LINE
8
BLACK
6
CONTINUOUS
10
164.4375
20
-71.3999999999999915
11
163.9625000000000057
21
-71.3999999999999915
0
LINE
8
BLACK
6
CONTINUOUS
10
163.9625000000000057
20
-71.3999999999999915
11
163.8716129999999964
21
-71.3819209999999913
0
LINE
8
BLACK
6
CONTINUOUS
10
163.8716129999999964
20
-71.3819209999999913
11
163.7945619999999849
21
-71.3304380000000009
0
LINE
8
BLACK
6
CONTINUOUS
10
163.7945619999999849
20
-71.3304380000000009
11
163.7430789999999945
21
-71.2533870000000036
0
LINE
8
BLACK
6
CONTINUOUS
10
163.7430789999999945
20
-71.2533870000000036
11
163.7249999999999943
21
-71.1624999999999943
0
LINE
8
BLACK
6
CONTINUOUS
10
163.7249999999999943
20
-71.1624999999999943
11
163.7249999999999943
21
-70.5625
0
LINE
8
BLACK
6
CONTINUOUS
10
163.7249999999999943
20
-70.5625
11
163.7430789999999945
21
-70.4716129999999907
0
LINE
8
BLACK
6
CONTINUOUS
10
163.7430789999999945
20
-70.4716129999999907
11
163.7945619999999849
21
-70.3945619999999934
0
LINE
8
BLACK
6
CONTINUOUS
10
163.7945619999999849
20
-70.3945619999999934
11
163.8716129999999964
21
-70.343079000000003
0
LINE
8
BLACK
6
CONTINUOUS
10
163.8716129999999964
20
-70.343079000000003
11
163.9625000000000057
21
-70.3250000000000028
0
LINE
8
BLACK
6
CONTINUOUS
10
163.9625000000000057
20
-70.3250000000000028
11
164.4375
21
-70.3250000000000028
0
LINE
8
BLACK
6
CONTINUOUS
10
164.4375
20
-70.3250000000000028
11
164.5283869999999808
21
-70.343079000000003
0
LINE
8
BLACK
6
CONTINUOUS
10
166.1283870000000036
20
-70.4430789999999973
11
166.2054379999999867
21
-70.4945620000000019
0
LINE
8
BLACK
6
CONTINUOUS
10
166.2054379999999867
20
-70.4945620000000019
11
166.2569210000000055
21
-70.5716129999999993
0
LINE
8
BLACK
6
CONTINUOUS
10
166.2569210000000055
20
-70.5716129999999993
11
166.2750000000000057
21
-70.6624999999999943
0
LINE
8
BLACK
6
CONTINUOUS
10
166.2750000000000057
20
-70.6624999999999943
11
166.2750000000000057
21
-71.1624999999999943
0
LINE
8
BLACK
6
CONTINUOUS
10
166.2750000000000057
20
-71.1624999999999943
11
166.2569210000000055
21
-71.2533870000000036
0
LINE
8
BLACK
6
CONTINUOUS
10
166.2569210000000055
20
-71.2533870000000036
11
166.2054379999999867
21
-71.3304380000000009
0
LINE
8
BLACK
6
CONTINUOUS
10
166.2054379999999867
20
-71.3304380000000009
11
166.1283870000000036
21
-71.3819209999999913
0
LINE
8
BLACK
6
CONTINUOUS
10
166.1283870000000036
20
-71.3819209999999913
11
166.0374999999999943
21
-71.3999999999999915
0
LINE
8
BLACK
6
CONTINUOUS
10
166.0374999999999943
20
-71.3999999999999915
11
165.5625
21
-71.3999999999999915
0
LINE
8
BLACK
6
CONTINUOUS
10
165.5625
20
-71.3999999999999915
11
165.4716129999999907
21
-71.3819209999999913
0
LINE
8
BLACK
6
CONTINUOUS
10
165.4716129999999907
20
-71.3819209999999913
11
165.3945619999999792
21
-71.3304380000000009
0
LINE
8
BLACK
6
CONTINUOUS
10
165.3945619999999792
20
-71.3304380000000009
11
165.3430789999999888
21
-71.2533870000000036
0
LINE
8
BLACK
6
CONTINUOUS
10
165.3430789999999888
20
-71.2533870000000036
11
165.3249999999999886
21
-71.1624999999999943
0
LINE
8
BLACK
6
CONTINUOUS
10
165.3249999999999886
20
-71.1624999999999943
11
165.3249999999999886
21
-70.6624999999999943
0
LINE
8
BLACK
6
CONTINUOUS
10
165.3249999999999886
20
-70.6624999999999943
11
165.3430789999999888
21
-70.5716129999999993
0
LINE
8
BLACK
6
CONTINUOUS
10
165.3430789999999888
20
-70.5716129999999993
11
165.3945619999999792
21
-70.4945620000000019
0
LINE
8
BLACK
6
CONTINUOUS
10
165.3945619999999792
20
-70.4945620000000019
11
165.4716129999999907
21
-70.4430789999999973
0
LINE
8
BLACK
6
CONTINUOUS
10
165.4716129999999907
20
-70.4430789999999973
11
165.5625
21
-70.4249999999999972
0
LINE
8
BLACK
6
CONTINUOUS
10
165.5625
20
-70.4249999999999972
11
166.0374999999999943
21
-70.4249999999999972
0
LINE
8
BLACK
6
CONTINUOUS
10
166.0374999999999943
20
-70.4249999999999972
11
166.1283870000000036
21
-70.4430789999999973
0
LINE
8
BLACK
6
CONTINUOUS
10
168.329685999999981
20
-70.63736999999999
11
168.3824050000000057
21
-70.6725950000000012
0
LINE
8
BLACK
6
CONTINUOUS
10
168.3824050000000057
20
-70.6725950000000012
11
168.4176300000000026
21
-70.7253139999999973
0
LINE
8
BLACK
6
CONTINUOUS
10
168.4176300000000026
20
-70.7253139999999973
11
168.4299999999999784
21
-70.7874999999999943
0
LINE
8
BLACK
6
CONTINUOUS
10
168.4299999999999784
20
-70.7874999999999943
11
168.4299999999999784
21
-71.1124999999999972
0
LINE
8
BLACK
6
CONTINUOUS
10
168.4299999999999784
20
-71.1124999999999972
11
168.4176300000000026
21
-71.1746859999999941
0
LINE
8
BLACK
6
CONTINUOUS
10
168.4176300000000026
20
-71.1746859999999941
11
168.3824050000000057
21
-71.2274049999999903
0
LINE
8
BLACK
6
CONTINUOUS
10
168.3824050000000057
20
-71.2274049999999903
11
168.329685999999981
21
-71.2626300000000015
0
LINE
8
BLACK
6
CONTINUOUS
10
168.329685999999981
20
-71.2626300000000015
11
168.2674999999999841
21
-71.2749999999999915
0
LINE
8
BLACK
6
CONTINUOUS
10
168.2674999999999841
20
-71.2749999999999915
11
167.0324999999999989
21
-71.2749999999999915
0
LINE
8
BLACK
6
CONTINUOUS
10
167.0324999999999989
20
-71.2749999999999915
11
166.9703140000000019
21
-71.2626300000000015
0
LINE
8
BLACK
6
CONTINUOUS
10
166.9703140000000019
20
-71.2626300000000015
11
166.9175950000000057
21
-71.2274049999999903
0
LINE
8
BLACK
6
CONTINUOUS
10
166.9175950000000057
20
-71.2274049999999903
11
166.8823699999999803
21
-71.1746859999999941
0
LINE
8
BLACK
6
CONTINUOUS
10
166.8823699999999803
20
-71.1746859999999941
11
166.8700000000000045
21
-71.1124999999999972
0
LINE
8
BLACK
6
CONTINUOUS
10
166.8700000000000045
20
-71.1124999999999972
11
166.8700000000000045
21
-70.7874999999999943
0
LINE
8
BLACK
6
CONTINUOUS
10
166.8700000000000045
20
-70.7874999999999943
11
166.8823699999999803
21
-70.7253139999999973
0
LINE
8
BLACK
6
CONTINUOUS
10
166.8823699999999803
20
-70.7253139999999973
11
166.9175950000000057
21
-70.6725950000000012
0
LINE
8
BLACK
6
CONTINUOUS
10
166.9175950000000057
20
-70.6725950000000012
11
166.9703140000000019
21
-70.63736999999999
0
LINE
8
BLACK
6
CONTINUOUS
10
166.9703140000000019
20
-70.63736999999999
11
167.0324999999999989
21
-70.625
0
LINE
8
BLACK
6
CONTINUOUS
10
167.0324999999999989
20
-70.625
11
168.2674999999999841
21
-70.625
0
LINE
8
BLACK
6
CONTINUOUS
10
168.2674999999999841
20
-70.625
11
168.329685999999981
21
-70.63736999999999
0
LINE
8
BLACK
6
CONTINUOUS
10
171.0296859999999981
20
-70.63736999999999
11
171.0824049999999943
21
-70.6725950000000012
0
LINE
8
BLACK
6
CONTINUOUS
10
171.0824049999999943
20
-70.6725950000000012
11
171.1176299999999912
21
-70.7253139999999973
0
LINE
8
BLACK
6
CONTINUOUS
10
171.1176299999999912
20
-70.7253139999999973
11
171.1299999999999955
21
-70.7874999999999943
0
LINE
8
BLACK
6
CONTINUOUS
10
171.1299999999999955
20
-70.7874999999999943
11
171.1299999999999955
21
-71.1124999999999972
0
LINE
8
BLACK
6
CONTINUOUS
10
171.1299999999999955
20
-71.1124999999999972
11
171.1176299999999912
21
-71.1746859999999941
0
LINE
8
BLACK
6
CONTINUOUS
10
171.1176299999999912
20
-71.1746859999999941
11
171.0824049999999943
21
-71.2274049999999903
0
LINE
8
BLACK
6
CONTINUOUS
10
171.0824049999999943
20
-71.2274049999999903
11
171.0296859999999981
21
-71.2626300000000015
0
LINE
8
BLACK
6
CONTINUOUS
10
171.0296859999999981
20
-71.2626300000000015
11
170.9675000000000011
21
-71.2749999999999915
0
LINE
8
BLACK
6
CONTINUOUS
10
170.9675000000000011
20
-71.2749999999999915
11
169.7324999999999875
21
-71.2749999999999915
0
LINE
8
BLACK
6
CONTINUOUS
10
169.7324999999999875
20
-71.2749999999999915
11
169.6703139999999905
21
-71.2626300000000015
0
LINE
8
BLACK
6
CONTINUOUS
10
169.6703139999999905
20
-71.2626300000000015
11
169.6175949999999943
21
-71.2274049999999903
0
LINE
8
BLACK
6
CONTINUOUS
10
169.6175949999999943
20
-71.2274049999999903
11
169.5823699999999974
21
-71.1746859999999941
0
LINE
8
BLACK
6
CONTINUOUS
10
169.5823699999999974
20
-71.1746859999999941
11
169.5699999999999932
21
-71.1124999999999972
0
LINE
8
BLACK
6
CONTINUOUS
10
169.5699999999999932
20
-71.1124999999999972
11
169.5699999999999932
21
-70.7874999999999943
0
LINE
8
BLACK
6
CONTINUOUS
10
169.5699999999999932
20
-70.7874999999999943
11
169.5823699999999974
21
-70.7253139999999973
0
LINE
8
BLACK
6
CONTINUOUS
10
169.5823699999999974
20
-70.7253139999999973
11
169.6175949999999943
21
-70.6725950000000012
0
LINE
8
BLACK
6
CONTINUOUS
10
169.6175949999999943
20
-70.6725950000000012
11
169.6703139999999905
21
-70.63736999999999
0
LINE
8
BLACK
6
CONTINUOUS
10
169.6703139999999905
20
-70.63736999999999
11
169.7324999999999875
21
-70.625
0
LINE
8
BLACK
6
CONTINUOUS
10
169.7324999999999875
20
-70.625
11
170.9675000000000011
21
-70.625
0
LINE
8
BLACK
6
CONTINUOUS
10
170.9675000000000011
20
-70.625
11
171.0296859999999981
21
-70.63736999999999
0
LINE
8
BLACK
6
CONTINUOUS
10
142.0649410000000046
20
-70.9139589999999913
11
142.0892729999999915
21
-70.930216999999999
0
LINE
8
BLACK
6
CONTINUOUS
10
142.0892729999999915
20
-70.930216999999999
11
142.1055309999999849
21
-70.9545490000000001
0
LINE
8
BLACK
6
CONTINUOUS
10
142.1055309999999849
20
-70.9545490000000001
11
142.1112399999999809
21
-70.9832499999999982
0
LINE
8
BLACK
6
CONTINUOUS
10
142.1112399999999809
20
-70.9832499999999982
11
142.1112399999999809
21
-71.1332500000000039
0
LINE
8
BLACK
6
CONTINUOUS
10
142.1112399999999809
20
-71.1332500000000039
11
142.1055309999999849
21
-71.161951000000002
0
LINE
8
BLACK
6
CONTINUOUS
10
142.1055309999999849
20
-71.161951000000002
11
142.0892729999999915
21
-71.1862830000000031
0
LINE
8
BLACK
6
CONTINUOUS
10
142.0892729999999915
20
-71.1862830000000031
11
142.0649410000000046
21
-71.2025409999999965
0
LINE
8
BLACK
6
CONTINUOUS
10
142.0649410000000046
20
-71.2025409999999965
11
142.0362399999999923
21
-71.2082499999999925
0
LINE
8
BLACK
6
CONTINUOUS
10
142.0362399999999923
20
-71.2082499999999925
11
140.5862400000000036
21
-71.2082499999999925
0
LINE
8
BLACK
6
CONTINUOUS
10
140.5862400000000036
20
-71.2082499999999925
11
140.5575389999999913
21
-71.2025409999999965
0
LINE
8
BLACK
6
CONTINUOUS
10
140.5575389999999913
20
-71.2025409999999965
11
140.5332070000000044
21
-71.1862830000000031
0
LINE
8
BLACK
6
CONTINUOUS
10
140.5332070000000044
20
-71.1862830000000031
11
140.5169489999999826
21
-71.161951000000002
0
LINE
8
BLACK
6
CONTINUOUS
10
140.5169489999999826
20
-71.161951000000002
11
140.5112399999999866
21
-71.1332500000000039
0
LINE
8
BLACK
6
CONTINUOUS
10
140.5112399999999866
20
-71.1332500000000039
11
140.5112399999999866
21
-70.9832499999999982
0
LINE
8
BLACK
6
CONTINUOUS
10
140.5112399999999866
20
-70.9832499999999982
11
140.5169489999999826
21
-70.9545490000000001
0
LINE
8
BLACK
6
CONTINUOUS
10
140.5169489999999826
20
-70.9545490000000001
11
140.5332070000000044
21
-70.930216999999999
0
LINE
8
BLACK
6
CONTINUOUS
10
140.5332070000000044
20
-70.930216999999999
11
140.5575389999999913
21
-70.9139589999999913
0
LINE
8
BLACK
6
CONTINUOUS
10
140.5575389999999913
20
-70.9139589999999913
11
140.5862400000000036
21
-70.9082499999999953
0
LINE
8
BLACK
6
CONTINUOUS
10
140.5862400000000036
20
-70.9082499999999953
11
142.0362399999999923
21
-70.9082499999999953
0
LINE
8
BLACK
6
CONTINUOUS
10
142.0362399999999923
20
-70.9082499999999953
11
142.0649410000000046
21
-70.9139589999999913
0
LINE
8
BLACK
6
CONTINUOUS
10
157.4149409999999989
20
-70.9139589999999913
11
157.4392729999999858
21
-70.930216999999999
0
LINE
8
BLACK
6
CONTINUOUS
10
157.4392729999999858
20
-70.930216999999999
11
157.4555309999999793
21
-70.9545490000000001
0
LINE
8
BLACK
6
CONTINUOUS
10
157.4555309999999793
20
-70.9545490000000001
11
157.4612400000000036
21
-70.9832499999999982
0
LINE
8
BLACK
6
CONTINUOUS
10
157.4612400000000036
20
-70.9832499999999982
11
157.4612400000000036
21
-71.1332500000000039
0
LINE
8
BLACK
6
CONTINUOUS
10
157.4612400000000036
20
-71.1332500000000039
11
157.4555309999999793
21
-71.161951000000002
0
LINE
8
BLACK
6
CONTINUOUS
10
157.4555309999999793
20
-71.161951000000002
11
157.4392729999999858
21
-71.1862830000000031
0
LINE
8
BLACK
6
CONTINUOUS
10
157.4392729999999858
20
-71.1862830000000031
11
157.4149409999999989
21
-71.2025409999999965
0
LINE
8
BLACK
6
CONTINUOUS
10
157.4149409999999989
20
-71.2025409999999965
11
157.3862399999999866
21
-71.2082499999999925
0
LINE
8
BLACK
6
CONTINUOUS
10
157.3862399999999866
20
-71.2082499999999925
11
155.936239999999998
21
-71.2082499999999925
0
LINE
8
BLACK
6
CONTINUOUS
10
155.936239999999998
20
-71.2082499999999925
11
155.9075389999999857
21
-71.2025409999999965
0
LINE
8
BLACK
6
CONTINUOUS
10
155.9075389999999857
20
-71.2025409999999965
11
155.8832069999999987
21
-71.1862830000000031
0
LINE
8
BLACK
6
CONTINUOUS
10
155.8832069999999987
20
-71.1862830000000031
11
155.8669490000000053
21
-71.161951000000002
0
LINE
8
BLACK
6
CONTINUOUS
10
155.8669490000000053
20
-71.161951000000002
11
155.8612399999999809
21
-71.1332500000000039
0
LINE
8
BLACK
6
CONTINUOUS
10
155.8612399999999809
20
-71.1332500000000039
11
155.8612399999999809
21
-70.9832499999999982
0
LINE
8
BLACK
6
CONTINUOUS
10
155.8612399999999809
20
-70.9832499999999982
11
155.8669490000000053
21
-70.9545490000000001
0
LINE
8
BLACK
6
CONTINUOUS
10
155.8669490000000053
20
-70.9545490000000001
11
155.8832069999999987
21
-70.930216999999999
0
LINE
8
BLACK
6
CONTINUOUS
10
155.8832069999999987
20
-70.930216999999999
11
155.9075389999999857
21
-70.9139589999999913
0
LINE
8
BLACK
6
CONTINUOUS
10
155.9075389999999857
20
-70.9139589999999913
11
155.936239999999998
21
-70.9082499999999953
0
LINE
8
BLACK
6
CONTINUOUS
10
155.936239999999998
20
-70.9082499999999953
11
157.3862399999999866
21
-70.9082499999999953
0
LINE
8
BLACK
6
CONTINUOUS
10
157.3862399999999866
20
-70.9082499999999953
11
157.4149409999999989
21
-70.9139589999999913
0
LINE
8
BLACK
6
CONTINUOUS
10
120.3497079999999926
20
-69.7761840000000007
11
120.4694299999999885
21
-69.8531249999999915
0
LINE
8
BLACK
6
CONTINUOUS
10
120.4694299999999885
20
-69.8531249999999915
11
120.562626999999992
21
-69.9606799999999964
0
LINE
8
BLACK
6
CONTINUOUS
10
120.562626999999992
20
-69.9606799999999964
11
120.6217459999999875
21
-70.0901339999999919
0
LINE
8
BLACK
6
CONTINUOUS
10
120.6217459999999875
20
-70.0901339999999919
11
120.6419999999999959
21
-70.2309999999999945
0
LINE
8
BLACK
6
CONTINUOUS
10
120.6419999999999959
20
-70.2309999999999945
11
120.6217459999999875
21
-70.3718659999999971
0
LINE
8
BLACK
6
CONTINUOUS
10
120.6217459999999875
20
-70.3718659999999971
11
120.562626999999992
21
-70.5013199999999927
0
LINE
8
BLACK
6
CONTINUOUS
10
120.562626999999992
20
-70.5013199999999927
11
120.4694299999999885
21
-70.6088749999999976
0
LINE
8
BLACK
6
CONTINUOUS
10
120.4694299999999885
20
-70.6088749999999976
11
120.3497079999999926
21
-70.6858160000000026
0
LINE
8
BLACK
6
CONTINUOUS
10
120.3497079999999926
20
-70.6858160000000026
11
120.2131569999999954
21
-70.7259109999999964
0
LINE
8
BLACK
6
CONTINUOUS
10
120.2131569999999954
20
-70.7259109999999964
11
120.0708429999999964
21
-70.7259109999999964
0
LINE
8
BLACK
6
CONTINUOUS
10
120.0708429999999964
20
-70.7259109999999964
11
119.9342919999999992
21
-70.6858160000000026
0
LINE
8
BLACK
6
CONTINUOUS
10
119.9342919999999992
20
-70.6858160000000026
11
119.8145699999999891
21
-70.6088749999999976
0
LINE
8
BLACK
6
CONTINUOUS
10
119.8145699999999891
20
-70.6088749999999976
11
119.7213729999999998
21
-70.5013199999999927
0
LINE
8
BLACK
6
CONTINUOUS
10
119.7213729999999998
20
-70.5013199999999927
11
119.6622539999999901
21
-70.3718659999999971
0
LINE
8
BLACK
6
CONTINUOUS
10
119.6622539999999901
20
-70.3718659999999971
11
119.6419999999999959
21
-70.2309999999999945
0
LINE
8
BLACK
6
CONTINUOUS
10
119.6419999999999959
20
-70.2309999999999945
11
119.6622539999999901
21
-70.0901339999999919
0
LINE
8
BLACK
6
CONTINUOUS
10
119.6622539999999901
20
-70.0901339999999919
11
119.7213729999999998
21
-69.9606799999999964
0
LINE
8
BLACK
6
CONTINUOUS
10
119.7213729999999998
20
-69.9606799999999964
11
119.8145699999999891
21
-69.8531249999999915
0
LINE
8
BLACK
6
CONTINUOUS
10
119.8145699999999891
20
-69.8531249999999915
11
119.9342919999999992
21
-69.7761840000000007
0
LINE
8
BLACK
6
CONTINUOUS
10
119.9342919999999992
20
-69.7761840000000007
11
120.0708429999999964
21
-69.7360889999999927
0
LINE
8
BLACK
6
CONTINUOUS
10
120.0708429999999964
20
-69.7360889999999927
11
120.2131569999999954
21
-69.7360889999999927
0
LINE
8
BLACK
6
CONTINUOUS
10
120.2131569999999954
20
-69.7360889999999927
11
120.3497079999999926
21
-69.7761840000000007
0
LINE
8
BLACK
6
CONTINUOUS
10
179.1037079999999833
20
-69.7761840000000007
11
179.2234299999999791
21
-69.8531249999999915
0
LINE
8
BLACK
6
CONTINUOUS
10
179.2234299999999791
20
-69.8531249999999915
11
179.3166269999999827
21
-69.9606799999999964
0
LINE
8
BLACK
6
CONTINUOUS
10
179.3166269999999827
20
-69.9606799999999964
11
179.3757459999999924
21
-70.0901339999999919
0
LINE
8
BLACK
6
CONTINUOUS
10
179.3757459999999924
20
-70.0901339999999919
11
179.3959999999999866
21
-70.2309999999999945
0
LINE
8
BLACK
6
CONTINUOUS
10
179.3959999999999866
20
-70.2309999999999945
11
179.3757459999999924
21
-70.3718659999999971
0
LINE
8
BLACK
6
CONTINUOUS
10
179.3757459999999924
20
-70.3718659999999971
11
179.3166269999999827
21
-70.5013199999999927
0
LINE
8
BLACK
6
CONTINUOUS
10
179.3166269999999827
20
-70.5013199999999927
11
179.2234299999999791
21
-70.6088749999999976
0
LINE
8
BLACK
6
CONTINUOUS
10
179.2234299999999791
20
-70.6088749999999976
11
179.1037079999999833
21
-70.6858160000000026
0
LINE
8
BLACK
6
CONTINUOUS
10
179.1037079999999833
20
-70.6858160000000026
11
178.9671569999999861
21
-70.7259109999999964
0
LINE
8
BLACK
6
CONTINUOUS
10
178.9671569999999861
20
-70.7259109999999964
11
178.8248429999999871
21
-70.7259109999999964
0
LINE
8
BLACK
6
CONTINUOUS
10
178.8248429999999871
20
-70.7259109999999964
11
178.6882919999999899
21
-70.6858160000000026
0
LINE
8
BLACK
6
CONTINUOUS
10
178.6882919999999899
20
-70.6858160000000026
11
178.568569999999994
21
-70.6088749999999976
0
LINE
8
BLACK
6
CONTINUOUS
10
178.568569999999994
20
-70.6088749999999976
11
178.4753729999999905
21
-70.5013199999999927
0
LINE
8
BLACK
6
CONTINUOUS
10
178.4753729999999905
20
-70.5013199999999927
11
178.4162539999999808
21
-70.3718659999999971
0
LINE
8
BLACK
6
CONTINUOUS
10
178.4162539999999808
20
-70.3718659999999971
11
178.3959999999999866
21
-70.2309999999999945
0
LINE
8
BLACK
6
CONTINUOUS
10
178.3959999999999866
20
-70.2309999999999945
11
178.4162539999999808
21
-70.0901339999999919
0
LINE
8
BLACK
6
CONTINUOUS
10
178.4162539999999808
20
-70.0901339999999919
11
178.4753729999999905
21
-69.9606799999999964
0
LINE
8
BLACK
6
CONTINUOUS
10
178.4753729999999905
20
-69.9606799999999964
11
178.568569999999994
21
-69.8531249999999915
0
LINE
8
BLACK
6
CONTINUOUS
10
178.568569999999994
20
-69.8531249999999915
11
178.6882919999999899
21
-69.7761840000000007
0
LINE
8
BLACK
6
CONTINUOUS
10
178.6882919999999899
20
-69.7761840000000007
11
178.8248429999999871
21
-69.7360889999999927
0
LINE
8
BLACK
6
CONTINUOUS
10
178.8248429999999871
20
-69.7360889999999927
11
178.9671569999999861
21
-69.7360889999999927
0
LINE
8
BLACK
6
CONTINUOUS
10
178.9671569999999861
20
-69.7360889999999927
11
179.1037079999999833
21
-69.7761840000000007
0
LINE
8
BLACK
6
CONTINUOUS
10
142.0649410000000046
20
-70.4139589999999913
11
142.0892729999999915
21
-70.430216999999999
0
LINE
8
BLACK
6
CONTINUOUS
10
142.0892729999999915
20
-70.430216999999999
11
142.1055309999999849
21
-70.4545490000000001
0
LINE
8
BLACK
6
CONTINUOUS
10
142.1055309999999849
20
-70.4545490000000001
11
142.1112399999999809
21
-70.4832499999999982
0
LINE
8
BLACK
6
CONTINUOUS
10
142.1112399999999809
20
-70.4832499999999982
11
142.1112399999999809
21
-70.6332500000000039
0
LINE
8
BLACK
6
CONTINUOUS
10
142.1112399999999809
20
-70.6332500000000039
11
142.1055309999999849
21
-70.661951000000002
0
LINE
8
BLACK
6
CONTINUOUS
10
142.1055309999999849
20
-70.661951000000002
11
142.0892729999999915
21
-70.6862830000000031
0
LINE
8
BLACK
6
CONTINUOUS
10
142.0892729999999915
20
-70.6862830000000031
11
142.0649410000000046
21
-70.7025409999999965
0
LINE
8
BLACK
6
CONTINUOUS
10
142.0649410000000046
20
-70.7025409999999965
11
142.0362399999999923
21
-70.7082499999999925
0
LINE
8
BLACK
6
CONTINUOUS
10
142.0362399999999923
20
-70.7082499999999925
11
140.5862400000000036
21
-70.7082499999999925
0
LINE
8
BLACK
6
CONTINUOUS
10
140.5862400000000036
20
-70.7082499999999925
11
140.5575389999999913
21
-70.7025409999999965
0
LINE
8
BLACK
6
CONTINUOUS
10
140.5575389999999913
20
-70.7025409999999965
11
140.5332070000000044
21
-70.6862830000000031
0
LINE
8
BLACK
6
CONTINUOUS
10
140.5332070000000044
20
-70.6862830000000031
11
140.5169489999999826
21
-70.661951000000002
0
LINE
8
BLACK
6
CONTINUOUS
10
140.5169489999999826
20
-70.661951000000002
11
140.5112399999999866
21
-70.6332500000000039
0
LINE
8
BLACK
6
CONTINUOUS
10
140.5112399999999866
20
-70.6332500000000039
11
140.5112399999999866
21
-70.4832499999999982
0
LINE
8
BLACK
6
CONTINUOUS
10
140.5112399999999866
20
-70.4832499999999982
11
140.5169489999999826
21
-70.4545490000000001
0
LINE
8
BLACK
6
CONTINUOUS
10
140.5169489999999826
20
-70.4545490000000001
11
140.5332070000000044
21
-70.430216999999999
0
LINE
8
BLACK
6
CONTINUOUS
10
140.5332070000000044
20
-70.430216999999999
11
140.5575389999999913
21
-70.4139589999999913
0
LINE
8
BLACK
6
CONTINUOUS
10
140.5575389999999913
20
-70.4139589999999913
11
140.5862400000000036
21
-70.4082499999999953
0
LINE
8
BLACK
6
CONTINUOUS
10
140.5862400000000036
20
-70.4082499999999953
11
142.0362399999999923
21
-70.4082499999999953
0
LINE
8
BLACK
6
CONTINUOUS
10
142.0362399999999923
20
-70.4082499999999953
11
142.0649410000000046
21
-70.4139589999999913
0
LINE
8
BLACK
6
CONTINUOUS
10
157.4149409999999989
20
-70.4139589999999913
11
157.4392729999999858
21
-70.430216999999999
0
LINE
8
BLACK
6
CONTINUOUS
10
157.4392729999999858
20
-70.430216999999999
11
157.4555309999999793
21
-70.4545490000000001
0
LINE
8
BLACK
6
CONTINUOUS
10
157.4555309999999793
20
-70.4545490000000001
11
157.4612400000000036
21
-70.4832499999999982
0
LINE
8
BLACK
6
CONTINUOUS
10
157.4612400000000036
20
-70.4832499999999982
11
157.4612400000000036
21
-70.6332500000000039
0
LINE
8
BLACK
6
CONTINUOUS
10
157.4612400000000036
20
-70.6332500000000039
11
157.4555309999999793
21
-70.661951000000002
0
LINE
8
BLACK
6
CONTINUOUS
10
157.4555309999999793
20
-70.661951000000002
11
157.4392729999999858
21
-70.6862830000000031
0
LINE
8
BLACK
6
CONTINUOUS
10
157.4392729999999858
20
-70.6862830000000031
11
157.4149409999999989
21
-70.7025409999999965
0
LINE
8
BLACK
6
CONTINUOUS
10
157.4149409999999989
20
-70.7025409999999965
11
157.3862399999999866
21
-70.7082499999999925
0
LINE
8
BLACK
6
CONTINUOUS
10
157.3862399999999866
20
-70.7082499999999925
11
155.936239999999998
21
-70.7082499999999925
0
LINE
8
BLACK
6
CONTINUOUS
10
155.936239999999998
20
-70.7082499999999925
11
155.9075389999999857
21
-70.7025409999999965
0
LINE
8
BLACK
6
CONTINUOUS
10
155.9075389999999857
20
-70.7025409999999965
11
155.8832069999999987
21
-70.6862830000000031
0
LINE
8
BLACK
6
CONTINUOUS
10
155.8832069999999987
20
-70.6862830000000031
11
155.8669490000000053
21
-70.661951000000002
0
LINE
8
BLACK
6
CONTINUOUS
10
155.8669490000000053
20
-70.661951000000002
11
155.8612399999999809
21
-70.6332500000000039
0
LINE
8
BLACK
6
CONTINUOUS
10
155.8612399999999809
20
-70.6332500000000039
11
155.8612399999999809
21
-70.4832499999999982
0
LINE
8
BLACK
6
CONTINUOUS
10
155.8612399999999809
20
-70.4832499999999982
11
155.8669490000000053
21
-70.4545490000000001
0
LINE
8
BLACK
6
CONTINUOUS
10
155.8669490000000053
20
-70.4545490000000001
11
155.8832069999999987
21
-70.430216999999999
0
LINE
8
BLACK
6
CONTINUOUS
10
155.8832069999999987
20
-70.430216999999999
11
155.9075389999999857
21
-70.4139589999999913
0
LINE
8
BLACK
6
CONTINUOUS
10
155.9075389999999857
20
-70.4139589999999913
11
155.936239999999998
21
-70.4082499999999953
0
LINE
8
BLACK
6
CONTINUOUS
10
155.936239999999998
20
-70.4082499999999953
11
157.3862399999999866
21
-70.4082499999999953
0
LINE
8
BLACK
6
CONTINUOUS
10
157.3862399999999866
20
-70.4082499999999953
11
157.4149409999999989
21
-70.4139589999999913
0
LINE
8
BLACK
6
CONTINUOUS
10
171.0296859999999981
20
-69.6873700000000014
11
171.0824049999999943
21
-69.7225949999999983
0
LINE
8
BLACK
6
CONTINUOUS
10
171.0824049999999943
20
-69.7225949999999983
11
171.1176299999999912
21
-69.7753139999999945
0
LINE
8
BLACK
6
CONTINUOUS
10
171.1176299999999912
20
-69.7753139999999945
11
171.1299999999999955
21
-69.8374999999999915
0
LINE
8
BLACK
6
CONTINUOUS
10
171.1299999999999955
20
-69.8374999999999915
11
171.1299999999999955
21
-70.1624999999999943
0
LINE
8
BLACK
6
CONTINUOUS
10
171.1299999999999955
20
-70.1624999999999943
11
171.1176299999999912
21
-70.2246859999999913
0
LINE
8
BLACK
6
CONTINUOUS
10
171.1176299999999912
20
-70.2246859999999913
11
171.0824049999999943
21
-70.2774050000000017
0
LINE
8
BLACK
6
CONTINUOUS
10
171.0824049999999943
20
-70.2774050000000017
11
171.0296859999999981
21
-70.3126299999999986
0
LINE
8
BLACK
6
CONTINUOUS
10
171.0296859999999981
20
-70.3126299999999986
11
170.9675000000000011
21
-70.3250000000000028
0
LINE
8
BLACK
6
CONTINUOUS
10
170.9675000000000011
20
-70.3250000000000028
11
169.7324999999999875
21
-70.3250000000000028
0
LINE
8
BLACK
6
CONTINUOUS
10
169.7324999999999875
20
-70.3250000000000028
11
169.6703139999999905
21
-70.3126299999999986
0
LINE
8
BLACK
6
CONTINUOUS
10
169.6703139999999905
20
-70.3126299999999986
11
169.6175949999999943
21
-70.2774050000000017
0
LINE
8
BLACK
6
CONTINUOUS
10
169.6175949999999943
20
-70.2774050000000017
11
169.5823699999999974
21
-70.2246859999999913
0
LINE
8
BLACK
6
CONTINUOUS
10
169.5823699999999974
20
-70.2246859999999913
11
169.5699999999999932
21
-70.1624999999999943
0
LINE
8
BLACK
6
CONTINUOUS
10
169.5699999999999932
20
-70.1624999999999943
11
169.5699999999999932
21
-69.8374999999999915
0
LINE
8
BLACK
6
CONTINUOUS
10
169.5699999999999932
20
-69.8374999999999915
11
169.5823699999999974
21
-69.7753139999999945
0
LINE
8
BLACK
6
CONTINUOUS
10
169.5823699999999974
20
-69.7753139999999945
11
169.6175949999999943
21
-69.7225949999999983
0
LINE
8
BLACK
6
CONTINUOUS
10
169.6175949999999943
20
-69.7225949999999983
11
169.6703139999999905
21
-69.6873700000000014
0
LINE
8
BLACK
6
CONTINUOUS
10
169.6703139999999905
20
-69.6873700000000014
11
169.7324999999999875
21
-69.6749999999999972
0
LINE
8
BLACK
6
CONTINUOUS
10
169.7324999999999875
20
-69.6749999999999972
11
170.9675000000000011
21
-69.6749999999999972
0
LINE
8
BLACK
6
CONTINUOUS
10
170.9675000000000011
20
-69.6749999999999972
11
171.0296859999999981
21
-69.6873700000000014
0
LINE
8
BLACK
6
CONTINUOUS
10
142.0649410000000046
20
-69.9139589999999913
11
142.0892729999999915
21
-69.930216999999999
0
LINE
8
BLACK
6
CONTINUOUS
10
142.0892729999999915
20
-69.930216999999999
11
142.1055309999999849
21
-69.9545490000000001
0
LINE
8
BLACK
6
CONTINUOUS
10
142.1055309999999849
20
-69.9545490000000001
11
142.1112399999999809
21
-69.9832499999999982
0
LINE
8
BLACK
6
CONTINUOUS
10
142.1112399999999809
20
-69.9832499999999982
11
142.1112399999999809
21
-70.1332500000000039
0
LINE
8
BLACK
6
CONTINUOUS
10
142.1112399999999809
20
-70.1332500000000039
11
142.1055309999999849
21
-70.161951000000002
0
LINE
8
BLACK
6
CONTINUOUS
10
142.1055309999999849
20
-70.161951000000002
11
142.0892729999999915
21
-70.1862830000000031
0
LINE
8
BLACK
6
CONTINUOUS
10
142.0892729999999915
20
-70.1862830000000031
11
142.0649410000000046
21
-70.2025409999999965
0
LINE
8
BLACK
6
CONTINUOUS
10
142.0649410000000046
20
-70.2025409999999965
11
142.0362399999999923
21
-70.2082499999999925
0
LINE
8
BLACK
6
CONTINUOUS
10
142.0362399999999923
20
-70.2082499999999925
11
140.5862400000000036
21
-70.2082499999999925
0
LINE
8
BLACK
6
CONTINUOUS
10
140.5862400000000036
20
-70.2082499999999925
11
140.5575389999999913
21
-70.2025409999999965
0
LINE
8
BLACK
6
CONTINUOUS
10
140.5575389999999913
20
-70.2025409999999965
11
140.5332070000000044
21
-70.1862830000000031
0
LINE
8
BLACK
6
CONTINUOUS
10
140.5332070000000044
20
-70.1862830000000031
11
140.5169489999999826
21
-70.161951000000002
0
LINE
8
BLACK
6
CONTINUOUS
10
140.5169489999999826
20
-70.161951000000002
11
140.5112399999999866
21
-70.1332500000000039
0
LINE
8
BLACK
6
CONTINUOUS
10
140.5112399999999866
20
-70.1332500000000039
11
140.5112399999999866
21
-69.9832499999999982
0
LINE
8
BLACK
6
CONTINUOUS
10
140.5112399999999866
20
-69.9832499999999982
11
140.5169489999999826
21
-69.9545490000000001
0
LINE
8
BLACK
6
CONTINUOUS
10
140.5169489999999826
20
-69.9545490000000001
11
140.5332070000000044
21
-69.930216999999999
0
LINE
8
BLACK
6
CONTINUOUS
10
140.5332070000000044
20
-69.930216999999999
11
140.5575389999999913
21
-69.9139589999999913
0
LINE
8
BLACK
6
CONTINUOUS
10
140.5575389999999913
20
-69.9139589999999913
11
140.5862400000000036
21
-69.9082499999999953
0
LINE
8
BLACK
6
CONTINUOUS
10
140.5862400000000036
20
-69.9082499999999953
11
142.0362399999999923
21
-69.9082499999999953
0
LINE
8
BLACK
6
CONTINUOUS
10
142.0362399999999923
20
-69.9082499999999953
11
142.0649410000000046
21
-69.9139589999999913
0
LINE
8
BLACK
6
CONTINUOUS
10
157.4149409999999989
20
-69.9139589999999913
11
157.4392729999999858
21
-69.930216999999999
0
LINE
8
BLACK
6
CONTINUOUS
10
157.4392729999999858
20
-69.930216999999999
11
157.4555309999999793
21
-69.9545490000000001
0
LINE
8
BLACK
6
CONTINUOUS
10
157.4555309999999793
20
-69.9545490000000001
11
157.4612400000000036
21
-69.9832499999999982
0
LINE
8
BLACK
6
CONTINUOUS
10
157.4612400000000036
20
-69.9832499999999982
11
157.4612400000000036
21
-70.1332500000000039
0
LINE
8
BLACK
6
CONTINUOUS
10
157.4612400000000036
20
-70.1332500000000039
11
157.4555309999999793
21
-70.161951000000002
0
LINE
8
BLACK
6
CONTINUOUS
10
157.4555309999999793
20
-70.161951000000002
11
157.4392729999999858
21
-70.1862830000000031
0
LINE
8
BLACK
6
CONTINUOUS
10
157.4392729999999858
20
-70.1862830000000031
11
157.4149409999999989
21
-70.2025409999999965
0
LINE
8
BLACK
6
CONTINUOUS
10
157.4149409999999989
20
-70.2025409999999965
11
157.3862399999999866
21
-70.2082499999999925
0
LINE
8
BLACK
6
CONTINUOUS
10
157.3862399999999866
20
-70.2082499999999925
11
155.936239999999998
21
-70.2082499999999925
0
LINE
8
BLACK
6
CONTINUOUS
10
155.936239999999998
20
-70.2082499999999925
11
155.9075389999999857
21
-70.2025409999999965
0
LINE
8
BLACK
6
CONTINUOUS
10
155.9075389999999857
20
-70.2025409999999965
11
155.8832069999999987
21
-70.1862830000000031
0
LINE
8
BLACK
6
CONTINUOUS
10
155.8832069999999987
20
-70.1862830000000031
11
155.8669490000000053
21
-70.161951000000002
0
LINE
8
BLACK
6
CONTINUOUS
10
155.8669490000000053
20
-70.161951000000002
11
155.8612399999999809
21
-70.1332500000000039
0
LINE
8
BLACK
6
CONTINUOUS
10
155.8612399999999809
20
-70.1332500000000039
11
155.8612399999999809
21
-69.9832499999999982
0
LINE
8
BLACK
6
CONTINUOUS
10
155.8612399999999809
20
-69.9832499999999982
11
155.8669490000000053
21
-69.9545490000000001
0
LINE
8
BLACK
6
CONTINUOUS
10
155.8669490000000053
20
-69.9545490000000001
11
155.8832069999999987
21
-69.930216999999999
0
LINE
8
BLACK
6
CONTINUOUS
10
155.8832069999999987
20
-69.930216999999999
11
155.9075389999999857
21
-69.9139589999999913
0
LINE
8
BLACK
6
CONTINUOUS
10
155.9075389999999857
20
-69.9139589999999913
11
155.936239999999998
21
-69.9082499999999953
0
LINE
8
BLACK
6
CONTINUOUS
10
155.936239999999998
20
-69.9082499999999953
11
157.3862399999999866
21
-69.9082499999999953
0
LINE
8
BLACK
6
CONTINUOUS
10
157.3862399999999866
20
-69.9082499999999953
11
157.4149409999999989
21
-69.9139589999999913
0
LINE
8
BLACK
6
CONTINUOUS
10
135.6723869999999863
20
-69.1390789999999953
11
135.7494379999999978
21
-69.1905619999999999
0
LINE
8
BLACK
6
CONTINUOUS
10
135.7494379999999978
20
-69.1905619999999999
11
135.8009209999999882
21
-69.2676129999999972
0
LINE
8
BLACK
6
CONTINUOUS
10
135.8009209999999882
20
-69.2676129999999972
11
135.8189999999999884
21
-69.3584999999999923
0
LINE
8
BLACK
6
CONTINUOUS
10
135.8189999999999884
20
-69.3584999999999923
11
135.8189999999999884
21
-69.8335000000000008
0
LINE
8
BLACK
6
CONTINUOUS
10
135.8189999999999884
20
-69.8335000000000008
11
135.8009209999999882
21
-69.9243869999999959
0
LINE
8
BLACK
6
CONTINUOUS
10
135.8009209999999882
20
-69.9243869999999959
11
135.7494379999999978
21
-70.0014379999999932
0
LINE
8
BLACK
6
CONTINUOUS
10
135.7494379999999978
20
-70.0014379999999932
11
135.6723869999999863
21
-70.0529209999999978
0
LINE
8
BLACK
6
CONTINUOUS
10
135.6723869999999863
20
-70.0529209999999978
11
135.5815000000000055
21
-70.070999999999998
0
LINE
8
BLACK
6
CONTINUOUS
10
135.5815000000000055
20
-70.070999999999998
11
134.9814999999999827
21
-70.070999999999998
0
LINE
8
BLACK
6
CONTINUOUS
10
134.9814999999999827
20
-70.070999999999998
11
134.8906130000000019
21
-70.0529209999999978
0
LINE
8
BLACK
6
CONTINUOUS
10
134.8906130000000019
20
-70.0529209999999978
11
134.8135619999999903
21
-70.0014379999999932
0
LINE
8
BLACK
6
CONTINUOUS
10
134.8135619999999903
20
-70.0014379999999932
11
134.762079
21
-69.9243869999999959
0
LINE
8
BLACK
6
CONTINUOUS
10
134.762079
20
-69.9243869999999959
11
134.7439999999999998
21
-69.8335000000000008
0
LINE
8
BLACK
6
CONTINUOUS
10
134.7439999999999998
20
-69.8335000000000008
11
134.7439999999999998
21
-69.3584999999999923
0
LINE
8
BLACK
6
CONTINUOUS
10
134.7439999999999998
20
-69.3584999999999923
11
134.762079
21
-69.2676129999999972
0
LINE
8
BLACK
6
CONTINUOUS
10
134.762079
20
-69.2676129999999972
11
134.8135619999999903
21
-69.1905619999999999
0
LINE
8
BLACK
6
CONTINUOUS
10
134.8135619999999903
20
-69.1905619999999999
11
134.8906130000000019
21
-69.1390789999999953
0
LINE
8
BLACK
6
CONTINUOUS
10
134.8906130000000019
20
-69.1390789999999953
11
134.9814999999999827
21
-69.1209999999999951
0
LINE
8
BLACK
6
CONTINUOUS
10
134.9814999999999827
20
-69.1209999999999951
11
135.5815000000000055
21
-69.1209999999999951
0
LINE
8
BLACK
6
CONTINUOUS
10
135.5815000000000055
20
-69.1209999999999951
11
135.6723869999999863
21
-69.1390789999999953
0
LINE
8
BLACK
6
CONTINUOUS
10
137.3973869999999806
20
-69.1390789999999953
11
137.4744379999999921
21
-69.1905619999999999
0
LINE
8
BLACK
6
CONTINUOUS
10
137.4744379999999921
20
-69.1905619999999999
11
137.5259209999999825
21
-69.2676129999999972
0
LINE
8
BLACK
6
CONTINUOUS
10
137.5259209999999825
20
-69.2676129999999972
11
137.5439999999999827
21
-69.3584999999999923
0
LINE
8
BLACK
6
CONTINUOUS
10
137.5439999999999827
20
-69.3584999999999923
11
137.5439999999999827
21
-69.8335000000000008
0
LINE
8
BLACK
6
CONTINUOUS
10
137.5439999999999827
20
-69.8335000000000008
11
137.5259209999999825
21
-69.9243869999999959
0
LINE
8
BLACK
6
CONTINUOUS
10
137.5259209999999825
20
-69.9243869999999959
11
137.4744379999999921
21
-70.0014379999999932
0
LINE
8
BLACK
6
CONTINUOUS
10
137.4744379999999921
20
-70.0014379999999932
11
137.3973869999999806
21
-70.0529209999999978
0
LINE
8
BLACK
6
CONTINUOUS
10
137.3973869999999806
20
-70.0529209999999978
11
137.3064999999999998
21
-70.070999999999998
0
LINE
8
BLACK
6
CONTINUOUS
10
137.3064999999999998
20
-70.070999999999998
11
136.7065000000000055
21
-70.070999999999998
0
LINE
8
BLACK
6
CONTINUOUS
10
136.7065000000000055
20
-70.070999999999998
11
136.6156129999999962
21
-70.0529209999999978
0
LINE
8
BLACK
6
CONTINUOUS
10
136.6156129999999962
20
-70.0529209999999978
11
136.5385619999999847
21
-70.0014379999999932
0
LINE
8
BLACK
6
CONTINUOUS
10
136.5385619999999847
20
-70.0014379999999932
11
136.4870789999999943
21
-69.9243869999999959
0
LINE
8
BLACK
6
CONTINUOUS
10
136.4870789999999943
20
-69.9243869999999959
11
136.4689999999999941
21
-69.8335000000000008
0
LINE
8
BLACK
6
CONTINUOUS
10
136.4689999999999941
20
-69.8335000000000008
11
136.4689999999999941
21
-69.3584999999999923
0
LINE
8
BLACK
6
CONTINUOUS
10
136.4689999999999941
20
-69.3584999999999923
11
136.4870789999999943
21
-69.2676129999999972
0
LINE
8
BLACK
6
CONTINUOUS
10
136.4870789999999943
20
-69.2676129999999972
11
136.5385619999999847
21
-69.1905619999999999
0
LINE
8
BLACK
6
CONTINUOUS
10
136.5385619999999847
20
-69.1905619999999999
11
136.6156129999999962
21
-69.1390789999999953
0
LINE
8
BLACK
6
CONTINUOUS
10
136.6156129999999962
20
-69.1390789999999953
11
136.7065000000000055
21
-69.1209999999999951
0
LINE
8
BLACK
6
CONTINUOUS
10
136.7065000000000055
20
-69.1209999999999951
11
137.3064999999999998
21
-69.1209999999999951
0
LINE
8
BLACK
6
CONTINUOUS
10
137.3064999999999998
20
-69.1209999999999951
11
137.3973869999999806
21
-69.1390789999999953
0
LINE
8
BLACK
6
CONTINUOUS
10
127.0783869999999922
20
-68.9430789999999973
11
127.1554379999999895
21
-68.9945620000000019
0
LINE
8
BLACK
6
CONTINUOUS
10
127.1554379999999895
20
-68.9945620000000019
11
127.2069209999999941
21
-69.0716129999999993
0
LINE
8
BLACK
6
CONTINUOUS
10
127.2069209999999941
20
-69.0716129999999993
11
127.2249999999999943
21
-69.1624999999999943
0
LINE
8
BLACK
6
CONTINUOUS
10
127.2249999999999943
20
-69.1624999999999943
11
127.2249999999999943
21
-69.6624999999999943
0
LINE
8
BLACK
6
CONTINUOUS
10
127.2249999999999943
20
-69.6624999999999943
11
127.2069209999999941
21
-69.7533870000000036
0
LINE
8
BLACK
6
CONTINUOUS
10
127.2069209999999941
20
-69.7533870000000036
11
127.1554379999999895
21
-69.8304380000000009
0
LINE
8
BLACK
6
CONTINUOUS
10
127.1554379999999895
20
-69.8304380000000009
11
127.0783869999999922
21
-69.8819209999999913
0
LINE
8
BLACK
6
CONTINUOUS
10
127.0783869999999922
20
-69.8819209999999913
11
126.9874999999999972
21
-69.8999999999999915
0
LINE
8
BLACK
6
CONTINUOUS
10
126.9874999999999972
20
-69.8999999999999915
11
126.5124999999999886
21
-69.8999999999999915
0
LINE
8
BLACK
6
CONTINUOUS
10
126.5124999999999886
20
-69.8999999999999915
11
126.4216129999999936
21
-69.8819209999999913
0
LINE
8
BLACK
6
CONTINUOUS
10
126.4216129999999936
20
-69.8819209999999913
11
126.3445619999999963
21
-69.8304380000000009
0
LINE
8
BLACK
6
CONTINUOUS
10
126.3445619999999963
20
-69.8304380000000009
11
126.2930789999999917
21
-69.7533870000000036
0
LINE
8
BLACK
6
CONTINUOUS
10
126.2930789999999917
20
-69.7533870000000036
11
126.2749999999999915
21
-69.6624999999999943
0
LINE
8
BLACK
6
CONTINUOUS
10
126.2749999999999915
20
-69.6624999999999943
11
126.2749999999999915
21
-69.1624999999999943
0
LINE
8
BLACK
6
CONTINUOUS
10
126.2749999999999915
20
-69.1624999999999943
11
126.2930789999999917
21
-69.0716129999999993
0
LINE
8
BLACK
6
CONTINUOUS
10
126.2930789999999917
20
-69.0716129999999993
11
126.3445619999999963
21
-68.9945620000000019
0
LINE
8
BLACK
6
CONTINUOUS
10
126.3445619999999963
20
-68.9945620000000019
11
126.4216129999999936
21
-68.9430789999999973
0
LINE
8
BLACK
6
CONTINUOUS
10
126.4216129999999936
20
-68.9430789999999973
11
126.5124999999999886
21
-68.9249999999999972
0
LINE
8
BLACK
6
CONTINUOUS
10
126.5124999999999886
20
-68.9249999999999972
11
126.9874999999999972
21
-68.9249999999999972
0
LINE
8
BLACK
6
CONTINUOUS
10
126.9874999999999972
20
-68.9249999999999972
11
127.0783869999999922
21
-68.9430789999999973
0
LINE
8
BLACK
6
CONTINUOUS
10
128.5783869999999922
20
-68.843079000000003
11
128.6554380000000037
21
-68.8945619999999934
0
LINE
8
BLACK
6
CONTINUOUS
10
128.6554380000000037
20
-68.8945619999999934
11
128.7069209999999941
21
-68.9716129999999907
0
LINE
8
BLACK
6
CONTINUOUS
10
128.7069209999999941
20
-68.9716129999999907
11
128.7249999999999943
21
-69.0625
0
LINE
8
BLACK
6
CONTINUOUS
10
128.7249999999999943
20
-69.0625
11
128.7249999999999943
21
-69.6624999999999943
0
LINE
8
BLACK
6
CONTINUOUS
10
128.7249999999999943
20
-69.6624999999999943
11
128.7069209999999941
21
-69.7533870000000036
0
LINE
8
BLACK
6
CONTINUOUS
10
128.7069209999999941
20
-69.7533870000000036
11
128.6554380000000037
21
-69.8304380000000009
0
LINE
8
BLACK
6
CONTINUOUS
10
128.6554380000000037
20
-69.8304380000000009
11
128.5783869999999922
21
-69.8819209999999913
0
LINE
8
BLACK
6
CONTINUOUS
10
128.5783869999999922
20
-69.8819209999999913
11
128.4874999999999829
21
-69.8999999999999915
0
LINE
8
BLACK
6
CONTINUOUS
10
128.4874999999999829
20
-69.8999999999999915
11
128.0124999999999886
21
-69.8999999999999915
0
LINE
8
BLACK
6
CONTINUOUS
10
128.0124999999999886
20
-69.8999999999999915
11
127.9216129999999936
21
-69.8819209999999913
0
LINE
8
BLACK
6
CONTINUOUS
10
127.9216129999999936
20
-69.8819209999999913
11
127.8445619999999963
21
-69.8304380000000009
0
LINE
8
BLACK
6
CONTINUOUS
10
127.8445619999999963
20
-69.8304380000000009
11
127.7930789999999917
21
-69.7533870000000036
0
LINE
8
BLACK
6
CONTINUOUS
10
127.7930789999999917
20
-69.7533870000000036
11
127.7749999999999915
21
-69.6624999999999943
0
LINE
8
BLACK
6
CONTINUOUS
10
127.7749999999999915
20
-69.6624999999999943
11
127.7749999999999915
21
-69.0625
0
LINE
8
BLACK
6
CONTINUOUS
10
127.7749999999999915
20
-69.0625
11
127.7930789999999917
21
-68.9716129999999907
0
LINE
8
BLACK
6
CONTINUOUS
10
127.7930789999999917
20
-68.9716129999999907
11
127.8445619999999963
21
-68.8945619999999934
0
LINE
8
BLACK
6
CONTINUOUS
10
127.8445619999999963
20
-68.8945619999999934
11
127.9216129999999936
21
-68.843079000000003
0
LINE
8
BLACK
6
CONTINUOUS
10
127.9216129999999936
20
-68.843079000000003
11
128.0124999999999886
21
-68.8250000000000028
0
LINE
8
BLACK
6
CONTINUOUS
10
128.0124999999999886
20
-68.8250000000000028
11
128.4874999999999829
21
-68.8250000000000028
0
LINE
8
BLACK
6
CONTINUOUS
10
128.4874999999999829
20
-68.8250000000000028
11
128.5783869999999922
21
-68.843079000000003
0
LINE
8
BLACK
6
CONTINUOUS
10
130.0783869999999922
20
-68.843079000000003
11
130.1554380000000037
21
-68.8945619999999934
0
LINE
8
BLACK
6
CONTINUOUS
10
130.1554380000000037
20
-68.8945619999999934
11
130.2069209999999941
21
-68.9716129999999907
0
LINE
8
BLACK
6
CONTINUOUS
10
130.2069209999999941
20
-68.9716129999999907
11
130.2249999999999943
21
-69.0625
0
LINE
8
BLACK
6
CONTINUOUS
10
130.2249999999999943
20
-69.0625
11
130.2249999999999943
21
-69.6624999999999943
0
LINE
8
BLACK
6
CONTINUOUS
10
130.2249999999999943
20
-69.6624999999999943
11
130.2069209999999941
21
-69.7533870000000036
0
LINE
8
BLACK
6
CONTINUOUS
10
130.2069209999999941
20
-69.7533870000000036
11
130.1554380000000037
21
-69.8304380000000009
0
LINE
8
BLACK
6
CONTINUOUS
10
130.1554380000000037
20
-69.8304380000000009
11
130.0783869999999922
21
-69.8819209999999913
0
LINE
8
BLACK
6
CONTINUOUS
10
130.0783869999999922
20
-69.8819209999999913
11
129.9874999999999829
21
-69.8999999999999915
0
LINE
8
BLACK
6
CONTINUOUS
10
129.9874999999999829
20
-69.8999999999999915
11
129.5124999999999886
21
-69.8999999999999915
0
LINE
8
BLACK
6
CONTINUOUS
10
129.5124999999999886
20
-69.8999999999999915
11
129.4216130000000078
21
-69.8819209999999913
0
LINE
8
BLACK
6
CONTINUOUS
10
129.4216130000000078
20
-69.8819209999999913
11
129.3445619999999963
21
-69.8304380000000009
0
LINE
8
BLACK
6
CONTINUOUS
10
129.3445619999999963
20
-69.8304380000000009
11
129.2930790000000059
21
-69.7533870000000036
0
LINE
8
BLACK
6
CONTINUOUS
10
129.2930790000000059
20
-69.7533870000000036
11
129.2750000000000057
21
-69.6624999999999943
0
LINE
8
BLACK
6
CONTINUOUS
10
129.2750000000000057
20
-69.6624999999999943
11
129.2750000000000057
21
-69.0625
0
LINE
8
BLACK
6
CONTINUOUS
10
129.2750000000000057
20
-69.0625
11
129.2930790000000059
21
-68.9716129999999907
0
LINE
8
BLACK
6
CONTINUOUS
10
129.2930790000000059
20
-68.9716129999999907
11
129.3445619999999963
21
-68.8945619999999934
0
LINE
8
BLACK
6
CONTINUOUS
10
129.3445619999999963
20
-68.8945619999999934
11
129.4216130000000078
21
-68.843079000000003
0
LINE
8
BLACK
6
CONTINUOUS
10
129.4216130000000078
20
-68.843079000000003
11
129.5124999999999886
21
-68.8250000000000028
0
LINE
8
BLACK
6
CONTINUOUS
10
129.5124999999999886
20
-68.8250000000000028
11
129.9874999999999829
21
-68.8250000000000028
0
LINE
8
BLACK
6
CONTINUOUS
10
129.9874999999999829
20
-68.8250000000000028
11
130.0783869999999922
21
-68.843079000000003
0
LINE
8
BLACK
6
CONTINUOUS
10
131.5783869999999922
20
-68.9430789999999973
11
131.6554380000000037
21
-68.9945620000000019
0
LINE
8
BLACK
6
CONTINUOUS
10
131.6554380000000037
20
-68.9945620000000019
11
131.7069209999999941
21
-69.0716129999999993
0
LINE
8
BLACK
6
CONTINUOUS
10
131.7069209999999941
20
-69.0716129999999993
11
131.7249999999999943
21
-69.1624999999999943
0
LINE
8
BLACK
6
CONTINUOUS
10
131.7249999999999943
20
-69.1624999999999943
11
131.7249999999999943
21
-69.6624999999999943
0
LINE
8
BLACK
6
CONTINUOUS
10
131.7249999999999943
20
-69.6624999999999943
11
131.7069209999999941
21
-69.7533870000000036
0
LINE
8
BLACK
6
CONTINUOUS
10
131.7069209999999941
20
-69.7533870000000036
11
131.6554380000000037
21
-69.8304380000000009
0
LINE
8
BLACK
6
CONTINUOUS
10
131.6554380000000037
20
-69.8304380000000009
11
131.5783869999999922
21
-69.8819209999999913
0
LINE
8
BLACK
6
CONTINUOUS
10
131.5783869999999922
20
-69.8819209999999913
11
131.4874999999999829
21
-69.8999999999999915
0
LINE
8
BLACK
6
CONTINUOUS
10
131.4874999999999829
20
-69.8999999999999915
11
131.0124999999999886
21
-69.8999999999999915
0
LINE
8
BLACK
6
CONTINUOUS
10
131.0124999999999886
20
-69.8999999999999915
11
130.9216130000000078
21
-69.8819209999999913
0
LINE
8
BLACK
6
CONTINUOUS
10
130.9216130000000078
20
-69.8819209999999913
11
130.8445619999999963
21
-69.8304380000000009
0
LINE
8
BLACK
6
CONTINUOUS
10
130.8445619999999963
20
-69.8304380000000009
11
130.7930790000000059
21
-69.7533870000000036
0
LINE
8
BLACK
6
CONTINUOUS
10
130.7930790000000059
20
-69.7533870000000036
11
130.7750000000000057
21
-69.6624999999999943
0
LINE
8
BLACK
6
CONTINUOUS
10
130.7750000000000057
20
-69.6624999999999943
11
130.7750000000000057
21
-69.1624999999999943
0
LINE
8
BLACK
6
CONTINUOUS
10
130.7750000000000057
20
-69.1624999999999943
11
130.7930790000000059
21
-69.0716129999999993
0
LINE
8
BLACK
6
CONTINUOUS
10
130.7930790000000059
20
-69.0716129999999993
11
130.8445619999999963
21
-68.9945620000000019
0
LINE
8
BLACK
6
CONTINUOUS
10
130.8445619999999963
20
-68.9945620000000019
11
130.9216130000000078
21
-68.9430789999999973
0
LINE
8
BLACK
6
CONTINUOUS
10
130.9216130000000078
20
-68.9430789999999973
11
131.0124999999999886
21
-68.9249999999999972
0
LINE
8
BLACK
6
CONTINUOUS
10
131.0124999999999886
20
-68.9249999999999972
11
131.4874999999999829
21
-68.9249999999999972
0
LINE
8
BLACK
6
CONTINUOUS
10
131.4874999999999829
20
-68.9249999999999972
11
131.5783869999999922
21
-68.9430789999999973
0
LINE
8
BLACK
6
CONTINUOUS
10
172.5283869999999808
20
-68.8180789999999973
11
172.6054379999999924
21
-68.8695620000000019
0
LINE
8
BLACK
6
CONTINUOUS
10
172.6054379999999924
20
-68.8695620000000019
11
172.6569209999999828
21
-68.9466129999999993
0
LINE
8
BLACK
6
CONTINUOUS
10
172.6569209999999828
20
-68.9466129999999993
11
172.6749999999999829
21
-69.0374999999999943
0
LINE
8
BLACK
6
CONTINUOUS
10
172.6749999999999829
20
-69.0374999999999943
11
172.6749999999999829
21
-69.6375000000000028
0
LINE
8
BLACK
6
CONTINUOUS
10
172.6749999999999829
20
-69.6375000000000028
11
172.6569209999999828
21
-69.7283869999999979
0
LINE
8
BLACK
6
CONTINUOUS
10
172.6569209999999828
20
-69.7283869999999979
11
172.6054379999999924
21
-69.8054379999999952
0
LINE
8
BLACK
6
CONTINUOUS
10
172.6054379999999924
20
-69.8054379999999952
11
172.5283869999999808
21
-69.8569209999999998
0
LINE
8
BLACK
6
CONTINUOUS
10
172.5283869999999808
20
-69.8569209999999998
11
172.4375
21
-69.875
0
LINE
8
BLACK
6
CONTINUOUS
10
172.4375
20
-69.875
11
171.9625000000000057
21
-69.875
0
LINE
8
BLACK
6
CONTINUOUS
10
171.9625000000000057
20
-69.875
11
171.8716129999999964
21
-69.8569209999999998
0
LINE
8
BLACK
6
CONTINUOUS
10
171.8716129999999964
20
-69.8569209999999998
11
171.7945619999999849
21
-69.8054379999999952
0
LINE
8
BLACK
6
CONTINUOUS
10
171.7945619999999849
20
-69.8054379999999952
11
171.7430789999999945
21
-69.7283869999999979
0
LINE
8
BLACK
6
CONTINUOUS
10
171.7430789999999945
20
-69.7283869999999979
11
171.7249999999999943
21
-69.6375000000000028
0
LINE
8
BLACK
6
CONTINUOUS
10
171.7249999999999943
20
-69.6375000000000028
11
171.7249999999999943
21
-69.0374999999999943
0
LINE
8
BLACK
6
CONTINUOUS
10
171.7249999999999943
20
-69.0374999999999943
11
171.7430789999999945
21
-68.9466129999999993
0
LINE
8
BLACK
6
CONTINUOUS
10
171.7430789999999945
20
-68.9466129999999993
11
171.7945619999999849
21
-68.8695620000000019
0
LINE
8
BLACK
6
CONTINUOUS
10
171.7945619999999849
20
-68.8695620000000019
11
171.8716129999999964
21
-68.8180789999999973
0
LINE
8
BLACK
6
CONTINUOUS
10
171.8716129999999964
20
-68.8180789999999973
11
171.9625000000000057
21
-68.7999999999999972
0
LINE
8
BLACK
6
CONTINUOUS
10
171.9625000000000057
20
-68.7999999999999972
11
172.4375
21
-68.7999999999999972
0
LINE
8
BLACK
6
CONTINUOUS
10
172.4375
20
-68.7999999999999972
11
172.5283869999999808
21
-68.8180789999999973
0
LINE
8
BLACK
6
CONTINUOUS
10
142.0649410000000046
20
-69.4139589999999913
11
142.0892729999999915
21
-69.430216999999999
0
LINE
8
BLACK
6
CONTINUOUS
10
142.0892729999999915
20
-69.430216999999999
11
142.1055309999999849
21
-69.4545490000000001
0
LINE
8
BLACK
6
CONTINUOUS
10
142.1055309999999849
20
-69.4545490000000001
11
142.1112399999999809
21
-69.4832499999999982
0
LINE
8
BLACK
6
CONTINUOUS
10
142.1112399999999809
20
-69.4832499999999982
11
142.1112399999999809
21
-69.6332500000000039
0
LINE
8
BLACK
6
CONTINUOUS
10
142.1112399999999809
20
-69.6332500000000039
11
142.1055309999999849
21
-69.661951000000002
0
LINE
8
BLACK
6
CONTINUOUS
10
142.1055309999999849
20
-69.661951000000002
11
142.0892729999999915
21
-69.6862830000000031
0
LINE
8
BLACK
6
CONTINUOUS
10
142.0892729999999915
20
-69.6862830000000031
11
142.0649410000000046
21
-69.7025409999999965
0
LINE
8
BLACK
6
CONTINUOUS
10
142.0649410000000046
20
-69.7025409999999965
11
142.0362399999999923
21
-69.7082499999999925
0
LINE
8
BLACK
6
CONTINUOUS
10
142.0362399999999923
20
-69.7082499999999925
11
140.5862400000000036
21
-69.7082499999999925
0
LINE
8
BLACK
6
CONTINUOUS
10
140.5862400000000036
20
-69.7082499999999925
11
140.5575389999999913
21
-69.7025409999999965
0
LINE
8
BLACK
6
CONTINUOUS
10
140.5575389999999913
20
-69.7025409999999965
11
140.5332070000000044
21
-69.6862830000000031
0
LINE
8
BLACK
6
CONTINUOUS
10
140.5332070000000044
20
-69.6862830000000031
11
140.5169489999999826
21
-69.661951000000002
0
LINE
8
BLACK
6
CONTINUOUS
10
140.5169489999999826
20
-69.661951000000002
11
140.5112399999999866
21
-69.6332500000000039
0
LINE
8
BLACK
6
CONTINUOUS
10
140.5112399999999866
20
-69.6332500000000039
11
140.5112399999999866
21
-69.4832499999999982
0
LINE
8
BLACK
6
CONTINUOUS
10
140.5112399999999866
20
-69.4832499999999982
11
140.5169489999999826
21
-69.4545490000000001
0
LINE
8
BLACK
6
CONTINUOUS
10
140.5169489999999826
20
-69.4545490000000001
11
140.5332070000000044
21
-69.430216999999999
0
LINE
8
BLACK
6
CONTINUOUS
10
140.5332070000000044
20
-69.430216999999999
11
140.5575389999999913
21
-69.4139589999999913
0
LINE
8
BLACK
6
CONTINUOUS
10
140.5575389999999913
20
-69.4139589999999913
11
140.5862400000000036
21
-69.4082499999999953
0
LINE
8
BLACK
6
CONTINUOUS
10
140.5862400000000036
20
-69.4082499999999953
11
142.0362399999999923
21
-69.4082499999999953
0
LINE
8
BLACK
6
CONTINUOUS
10
142.0362399999999923
20
-69.4082499999999953
11
142.0649410000000046
21
-69.4139589999999913
0
LINE
8
BLACK
6
CONTINUOUS
10
157.4149409999999989
20
-69.4139589999999913
11
157.4392729999999858
21
-69.430216999999999
0
LINE
8
BLACK
6
CONTINUOUS
10
157.4392729999999858
20
-69.430216999999999
11
157.4555309999999793
21
-69.4545490000000001
0
LINE
8
BLACK
6
CONTINUOUS
10
157.4555309999999793
20
-69.4545490000000001
11
157.4612400000000036
21
-69.4832499999999982
0
LINE
8
BLACK
6
CONTINUOUS
10
157.4612400000000036
20
-69.4832499999999982
11
157.4612400000000036
21
-69.6332500000000039
0
LINE
8
BLACK
6
CONTINUOUS
10
157.4612400000000036
20
-69.6332500000000039
11
157.4555309999999793
21
-69.661951000000002
0
LINE
8
BLACK
6
CONTINUOUS
10
157.4555309999999793
20
-69.661951000000002
11
157.4392729999999858
21
-69.6862830000000031
0
LINE
8
BLACK
6
CONTINUOUS
10
157.4392729999999858
20
-69.6862830000000031
11
157.4149409999999989
21
-69.7025409999999965
0
LINE
8
BLACK
6
CONTINUOUS
10
157.4149409999999989
20
-69.7025409999999965
11
157.3862399999999866
21
-69.7082499999999925
0
LINE
8
BLACK
6
CONTINUOUS
10
157.3862399999999866
20
-69.7082499999999925
11
155.936239999999998
21
-69.7082499999999925
0
LINE
8
BLACK
6
CONTINUOUS
10
155.936239999999998
20
-69.7082499999999925
11
155.9075389999999857
21
-69.7025409999999965
0
LINE
8
BLACK
6
CONTINUOUS
10
155.9075389999999857
20
-69.7025409999999965
11
155.8832069999999987
21
-69.6862830000000031
0
LINE
8
BLACK
6
CONTINUOUS
10
155.8832069999999987
20
-69.6862830000000031
11
155.8669490000000053
21
-69.661951000000002
0
LINE
8
BLACK
6
CONTINUOUS
10
155.8669490000000053
20
-69.661951000000002
11
155.8612399999999809
21
-69.6332500000000039
0
LINE
8
BLACK
6
CONTINUOUS
10
155.8612399999999809
20
-69.6332500000000039
11
155.8612399999999809
21
-69.4832499999999982
0
LINE
8
BLACK
6
CONTINUOUS
10
155.8612399999999809
20
-69.4832499999999982
11
155.8669490000000053
21
-69.4545490000000001
0
LINE
8
BLACK
6
CONTINUOUS
10
155.8669490000000053
20
-69.4545490000000001
11
155.8832069999999987
21
-69.430216999999999
0
LINE
8
BLACK
6
CONTINUOUS
10
155.8832069999999987
20
-69.430216999999999
11
155.9075389999999857
21
-69.4139589999999913
0
LINE
8
BLACK
6
CONTINUOUS
10
155.9075389999999857
20
-69.4139589999999913
11
155.936239999999998
21
-69.4082499999999953
0
LINE
8
BLACK
6
CONTINUOUS
10
155.936239999999998
20
-69.4082499999999953
11
157.3862399999999866
21
-69.4082499999999953
0
LINE
8
BLACK
6
CONTINUOUS
10
157.3862399999999866
20
-69.4082499999999953
11
157.4149409999999989
21
-69.4139589999999913
0
LINE
8
BLACK
6
CONTINUOUS
10
122.1956709999999902
20
-68.3190299999999979
11
122.2767769999999956
21
-68.3732229999999959
0
LINE
8
BLACK
6
CONTINUOUS
10
122.2767769999999956
20
-68.3732229999999959
11
122.3309699999999935
21
-68.4543290000000013
0
LINE
8
BLACK
6
CONTINUOUS
10
122.3309699999999935
20
-68.4543290000000013
11
122.3499999999999943
21
-68.5499999999999972
0
LINE
8
BLACK
6
CONTINUOUS
10
122.3499999999999943
20
-68.5499999999999972
11
122.3499999999999943
21
-69.4500000000000028
0
LINE
8
BLACK
6
CONTINUOUS
10
122.3499999999999943
20
-69.4500000000000028
11
122.3309699999999935
21
-69.5456709999999987
0
LINE
8
BLACK
6
CONTINUOUS
10
122.3309699999999935
20
-69.5456709999999987
11
122.2767769999999956
21
-69.6267769999999899
0
LINE
8
BLACK
6
CONTINUOUS
10
122.2767769999999956
20
-69.6267769999999899
11
122.1956709999999902
21
-69.6809700000000021
0
LINE
8
BLACK
6
CONTINUOUS
10
122.1956709999999902
20
-69.6809700000000021
11
122.0999999999999943
21
-69.7000000000000028
0
LINE
8
BLACK
6
CONTINUOUS
10
122.0999999999999943
20
-69.7000000000000028
11
121.3999999999999915
21
-69.7000000000000028
0
LINE
8
BLACK
6
CONTINUOUS
10
121.3999999999999915
20
-69.7000000000000028
11
121.3043289999999956
21
-69.6809700000000021
0
LINE
8
BLACK
6
CONTINUOUS
10
121.3043289999999956
20
-69.6809700000000021
11
121.2232229999999902
21
-69.6267769999999899
0
LINE
8
BLACK
6
CONTINUOUS
10
121.2232229999999902
20
-69.6267769999999899
11
121.1690299999999922
21
-69.5456709999999987
0
LINE
8
BLACK
6
CONTINUOUS
10
121.1690299999999922
20
-69.5456709999999987
11
121.1499999999999915
21
-69.4500000000000028
0
LINE
8
BLACK
6
CONTINUOUS
10
121.1499999999999915
20
-69.4500000000000028
11
121.1499999999999915
21
-68.5499999999999972
0
LINE
8
BLACK
6
CONTINUOUS
10
121.1499999999999915
20
-68.5499999999999972
11
121.1690299999999922
21
-68.4543290000000013
0
LINE
8
BLACK
6
CONTINUOUS
10
121.1690299999999922
20
-68.4543290000000013
11
121.2232229999999902
21
-68.3732229999999959
0
LINE
8
BLACK
6
CONTINUOUS
10
121.2232229999999902
20
-68.3732229999999959
11
121.3043289999999956
21
-68.3190299999999979
0
LINE
8
BLACK
6
CONTINUOUS
10
121.3043289999999956
20
-68.3190299999999979
11
121.3999999999999915
21
-68.2999999999999972
0
LINE
8
BLACK
6
CONTINUOUS
10
121.3999999999999915
20
-68.2999999999999972
11
122.0999999999999943
21
-68.2999999999999972
0
LINE
8
BLACK
6
CONTINUOUS
10
122.0999999999999943
20
-68.2999999999999972
11
122.1956709999999902
21
-68.3190299999999979
0
LINE
8
BLACK
6
CONTINUOUS
10
124.1956709999999902
20
-68.3190299999999979
11
124.2767769999999956
21
-68.3732229999999959
0
LINE
8
BLACK
6
CONTINUOUS
10
124.2767769999999956
20
-68.3732229999999959
11
124.3309699999999935
21
-68.4543290000000013
0
LINE
8
BLACK
6
CONTINUOUS
10
124.3309699999999935
20
-68.4543290000000013
11
124.3499999999999943
21
-68.5499999999999972
0
LINE
8
BLACK
6
CONTINUOUS
10
124.3499999999999943
20
-68.5499999999999972
11
124.3499999999999943
21
-69.4500000000000028
0
LINE
8
BLACK
6
CONTINUOUS
10
124.3499999999999943
20
-69.4500000000000028
11
124.3309699999999935
21
-69.5456709999999987
0
LINE
8
BLACK
6
CONTINUOUS
10
124.3309699999999935
20
-69.5456709999999987
11
124.2767769999999956
21
-69.6267769999999899
0
LINE
8
BLACK
6
CONTINUOUS
10
124.2767769999999956
20
-69.6267769999999899
11
124.1956709999999902
21
-69.6809700000000021
0
LINE
8
BLACK
6
CONTINUOUS
10
124.1956709999999902
20
-69.6809700000000021
11
124.0999999999999943
21
-69.7000000000000028
0
LINE
8
BLACK
6
CONTINUOUS
10
124.0999999999999943
20
-69.7000000000000028
11
123.3999999999999915
21
-69.7000000000000028
0
LINE
8
BLACK
6
CONTINUOUS
10
123.3999999999999915
20
-69.7000000000000028
11
123.3043289999999956
21
-69.6809700000000021
0
LINE
8
BLACK
6
CONTINUOUS
10
123.3043289999999956
20
-69.6809700000000021
11
123.2232229999999902
21
-69.6267769999999899
0
LINE
8
BLACK
6
CONTINUOUS
10
123.2232229999999902
20
-69.6267769999999899
11
123.1690299999999922
21
-69.5456709999999987
0
LINE
8
BLACK
6
CONTINUOUS
10
123.1690299999999922
20
-69.5456709999999987
11
123.1499999999999915
21
-69.4500000000000028
0
LINE
8
BLACK
6
CONTINUOUS
10
123.1499999999999915
20
-69.4500000000000028
11
123.1499999999999915
21
-68.5499999999999972
0
LINE
8
BLACK
6
CONTINUOUS
10
123.1499999999999915
20
-68.5499999999999972
11
123.1690299999999922
21
-68.4543290000000013
0
LINE
8
BLACK
6
CONTINUOUS
10
123.1690299999999922
20
-68.4543290000000013
11
123.2232229999999902
21
-68.3732229999999959
0
LINE
8
BLACK
6
CONTINUOUS
10
123.2232229999999902
20
-68.3732229999999959
11
123.3043289999999956
21
-68.3190299999999979
0
LINE
8
BLACK
6
CONTINUOUS
10
123.3043289999999956
20
-68.3190299999999979
11
123.3999999999999915
21
-68.2999999999999972
0
LINE
8
BLACK
6
CONTINUOUS
10
123.3999999999999915
20
-68.2999999999999972
11
124.0999999999999943
21
-68.2999999999999972
0
LINE
8
BLACK
6
CONTINUOUS
10
124.0999999999999943
20
-68.2999999999999972
11
124.1956709999999902
21
-68.3190299999999979
0
LINE
8
BLACK
6
CONTINUOUS
10
175.6956710000000044
20
-68.3190299999999979
11
175.7767769999999814
21
-68.3732229999999959
0
LINE
8
BLACK
6
CONTINUOUS
10
175.7767769999999814
20
-68.3732229999999959
11
175.8309699999999793
21
-68.4543290000000013
0
LINE
8
BLACK
6
CONTINUOUS
10
175.8309699999999793
20
-68.4543290000000013
11
175.8499999999999943
21
-68.5499999999999972
0
LINE
8
BLACK
6
CONTINUOUS
10
175.8499999999999943
20
-68.5499999999999972
11
175.8499999999999943
21
-69.4500000000000028
0
LINE
8
BLACK
6
CONTINUOUS
10
175.8499999999999943
20
-69.4500000000000028
11
175.8309699999999793
21
-69.5456709999999987
0
LINE
8
BLACK
6
CONTINUOUS
10
175.8309699999999793
20
-69.5456709999999987
11
175.7767769999999814
21
-69.6267769999999899
0
LINE
8
BLACK
6
CONTINUOUS
10
175.7767769999999814
20
-69.6267769999999899
11
175.6956710000000044
21
-69.6809700000000021
0
LINE
8
BLACK
6
CONTINUOUS
10
175.6956710000000044
20
-69.6809700000000021
11
175.5999999999999943
21
-69.7000000000000028
0
LINE
8
BLACK
6
CONTINUOUS
10
175.5999999999999943
20
-69.7000000000000028
11
174.9000000000000057
21
-69.7000000000000028
0
LINE
8
BLACK
6
CONTINUOUS
10
174.9000000000000057
20
-69.7000000000000028
11
174.8043289999999956
21
-69.6809700000000021
0
LINE
8
BLACK
6
CONTINUOUS
10
174.8043289999999956
20
-69.6809700000000021
11
174.7232229999999902
21
-69.6267769999999899
0
LINE
8
BLACK
6
CONTINUOUS
10
174.7232229999999902
20
-69.6267769999999899
11
174.6690299999999922
21
-69.5456709999999987
0
LINE
8
BLACK
6
CONTINUOUS
10
174.6690299999999922
20
-69.5456709999999987
11
174.6500000000000057
21
-69.4500000000000028
0
LINE
8
BLACK
6
CONTINUOUS
10
174.6500000000000057
20
-69.4500000000000028
11
174.6500000000000057
21
-68.5499999999999972
0
LINE
8
BLACK
6
CONTINUOUS
10
174.6500000000000057
20
-68.5499999999999972
11
174.6690299999999922
21
-68.4543290000000013
0
LINE
8
BLACK
6
CONTINUOUS
10
174.6690299999999922
20
-68.4543290000000013
11
174.7232229999999902
21
-68.3732229999999959
0
LINE
8
BLACK
6
CONTINUOUS
10
174.7232229999999902
20
-68.3732229999999959
11
174.8043289999999956
21
-68.3190299999999979
0
LINE
8
BLACK
6
CONTINUOUS
10
174.8043289999999956
20
-68.3190299999999979
11
174.9000000000000057
21
-68.2999999999999972
0
LINE
8
BLACK
6
CONTINUOUS
10
174.9000000000000057
20
-68.2999999999999972
11
175.5999999999999943
21
-68.2999999999999972
0
LINE
8
BLACK
6
CONTINUOUS
10
175.5999999999999943
20
-68.2999999999999972
11
175.6956710000000044
21
-68.3190299999999979
0
LINE
8
BLACK
6
CONTINUOUS
10
177.6956710000000044
20
-68.3190299999999979
11
177.7767769999999814
21
-68.3732229999999959
0
LINE
8
BLACK
6
CONTINUOUS
10
177.7767769999999814
20
-68.3732229999999959
11
177.8309699999999793
21
-68.4543290000000013
0
LINE
8
BLACK
6
CONTINUOUS
10
177.8309699999999793
20
-68.4543290000000013
11
177.8499999999999943
21
-68.5499999999999972
0
LINE
8
BLACK
6
CONTINUOUS
10
177.8499999999999943
20
-68.5499999999999972
11
177.8499999999999943
21
-69.4500000000000028
0
LINE
8
BLACK
6
CONTINUOUS
10
177.8499999999999943
20
-69.4500000000000028
11
177.8309699999999793
21
-69.5456709999999987
0
LINE
8
BLACK
6
CONTINUOUS
10
177.8309699999999793
20
-69.5456709999999987
11
177.7767769999999814
21
-69.6267769999999899
0
LINE
8
BLACK
6
CONTINUOUS
10
177.7767769999999814
20
-69.6267769999999899
11
177.6956710000000044
21
-69.6809700000000021
0
LINE
8
BLACK
6
CONTINUOUS
10
177.6956710000000044
20
-69.6809700000000021
11
177.5999999999999943
21
-69.7000000000000028
0
LINE
8
BLACK
6
CONTINUOUS
10
177.5999999999999943
20
-69.7000000000000028
11
176.9000000000000057
21
-69.7000000000000028
0
LINE
8
BLACK
6
CONTINUOUS
10
176.9000000000000057
20
-69.7000000000000028
11
176.8043289999999956
21
-69.6809700000000021
0
LINE
8
BLACK
6
CONTINUOUS
10
176.8043289999999956
20
-69.6809700000000021
11
176.7232229999999902
21
-69.6267769999999899
0
LINE
8
BLACK
6
CONTINUOUS
10
176.7232229999999902
20
-69.6267769999999899
11
176.6690299999999922
21
-69.5456709999999987
0
LINE
8
BLACK
6
CONTINUOUS
10
176.6690299999999922
20
-69.5456709999999987
11
176.6500000000000057
21
-69.4500000000000028
0
LINE
8
BLACK
6
CONTINUOUS
10
176.6500000000000057
20
-69.4500000000000028
11
176.6500000000000057
21
-68.5499999999999972
0
LINE
8
BLACK
6
CONTINUOUS
10
176.6500000000000057
20
-68.5499999999999972
11
176.6690299999999922
21
-68.4543290000000013
0
LINE
8
BLACK
6
CONTINUOUS
10
176.6690299999999922
20
-68.4543290000000013
11
176.7232229999999902
21
-68.3732229999999959
0
LINE
8
BLACK
6
CONTINUOUS
10
176.7232229999999902
20
-68.3732229999999959
11
176.8043289999999956
21
-68.3190299999999979
0
LINE
8
BLACK
6
CONTINUOUS
10
176.8043289999999956
20
-68.3190299999999979
11
176.9000000000000057
21
-68.2999999999999972
0
LINE
8
BLACK
6
CONTINUOUS
10
176.9000000000000057
20
-68.2999999999999972
11
177.5999999999999943
21
-68.2999999999999972
0
LINE
8
BLACK
6
CONTINUOUS
10
177.5999999999999943
20
-68.2999999999999972
11
177.6956710000000044
21
-68.3190299999999979
0
LINE
8
BLACK
6
CONTINUOUS
10
164.5283869999999808
20
-68.6180789999999945
11
164.6054379999999924
21
-68.6695619999999991
0
LINE
8
BLACK
6
CONTINUOUS
10
164.6054379999999924
20
-68.6695619999999991
11
164.6569209999999828
21
-68.7466129999999964
0
LINE
8
BLACK
6
CONTINUOUS
10
164.6569209999999828
20
-68.7466129999999964
11
164.6749999999999829
21
-68.8374999999999915
0
LINE
8
BLACK
6
CONTINUOUS
10
164.6749999999999829
20
-68.8374999999999915
11
164.6749999999999829
21
-69.4375
0
LINE
8
BLACK
6
CONTINUOUS
10
164.6749999999999829
20
-69.4375
11
164.6569209999999828
21
-69.5283869999999951
0
LINE
8
BLACK
6
CONTINUOUS
10
164.6569209999999828
20
-69.5283869999999951
11
164.6054379999999924
21
-69.6054379999999924
0
LINE
8
BLACK
6
CONTINUOUS
10
164.6054379999999924
20
-69.6054379999999924
11
164.5283869999999808
21
-69.656920999999997
0
LINE
8
BLACK
6
CONTINUOUS
10
164.5283869999999808
20
-69.656920999999997
11
164.4375
21
-69.6749999999999972
0
LINE
8
BLACK
6
CONTINUOUS
10
164.4375
20
-69.6749999999999972
11
163.9625000000000057
21
-69.6749999999999972
0
LINE
8
BLACK
6
CONTINUOUS
10
163.9625000000000057
20
-69.6749999999999972
11
163.8716129999999964
21
-69.656920999999997
0
LINE
8
BLACK
6
CONTINUOUS
10
163.8716129999999964
20
-69.656920999999997
11
163.7945619999999849
21
-69.6054379999999924
0
LINE
8
BLACK
6
CONTINUOUS
10
163.7945619999999849
20
-69.6054379999999924
11
163.7430789999999945
21
-69.5283869999999951
0
LINE
8
BLACK
6
CONTINUOUS
10
163.7430789999999945
20
-69.5283869999999951
11
163.7249999999999943
21
-69.4375
0
LINE
8
BLACK
6
CONTINUOUS
10
163.7249999999999943
20
-69.4375
11
163.7249999999999943
21
-68.8374999999999915
0
LINE
8
BLACK
6
CONTINUOUS
10
163.7249999999999943
20
-68.8374999999999915
11
163.7430789999999945
21
-68.7466129999999964
0
LINE
8
BLACK
6
CONTINUOUS
10
163.7430789999999945
20
-68.7466129999999964
11
163.7945619999999849
21
-68.6695619999999991
0
LINE
8
BLACK
6
CONTINUOUS
10
163.7945619999999849
20
-68.6695619999999991
11
163.8716129999999964
21
-68.6180789999999945
0
LINE
8
BLACK
6
CONTINUOUS
10
163.8716129999999964
20
-68.6180789999999945
11
163.9625000000000057
21
-68.5999999999999943
0
LINE
8
BLACK
6
CONTINUOUS
10
163.9625000000000057
20
-68.5999999999999943
11
164.4375
21
-68.5999999999999943
0
LINE
8
BLACK
6
CONTINUOUS
10
164.4375
20
-68.5999999999999943
11
164.5283869999999808
21
-68.6180789999999945
0
LINE
8
BLACK
6
CONTINUOUS
10
166.1283870000000036
20
-68.6180789999999945
11
166.2054379999999867
21
-68.6695619999999991
0
LINE
8
BLACK
6
CONTINUOUS
10
166.2054379999999867
20
-68.6695619999999991
11
166.2569210000000055
21
-68.7466129999999964
0
LINE
8
BLACK
6
CONTINUOUS
10
166.2569210000000055
20
-68.7466129999999964
11
166.2750000000000057
21
-68.8374999999999915
0
LINE
8
BLACK
6
CONTINUOUS
10
166.2750000000000057
20
-68.8374999999999915
11
166.2750000000000057
21
-69.3374999999999915
0
LINE
8
BLACK
6
CONTINUOUS
10
166.2750000000000057
20
-69.3374999999999915
11
166.2569210000000055
21
-69.4283870000000007
0
LINE
8
BLACK
6
CONTINUOUS
10
166.2569210000000055
20
-69.4283870000000007
11
166.2054379999999867
21
-69.5054379999999981
0
LINE
8
BLACK
6
CONTINUOUS
10
166.2054379999999867
20
-69.5054379999999981
11
166.1283870000000036
21
-69.5569210000000027
0
LINE
8
BLACK
6
CONTINUOUS
10
166.1283870000000036
20
-69.5569210000000027
11
166.0374999999999943
21
-69.5750000000000028
0
LINE
8
BLACK
6
CONTINUOUS
10
166.0374999999999943
20
-69.5750000000000028
11
165.5625
21
-69.5750000000000028
0
LINE
8
BLACK
6
CONTINUOUS
10
165.5625
20
-69.5750000000000028
11
165.4716129999999907
21
-69.5569210000000027
0
LINE
8
BLACK
6
CONTINUOUS
10
165.4716129999999907
20
-69.5569210000000027
11
165.3945619999999792
21
-69.5054379999999981
0
LINE
8
BLACK
6
CONTINUOUS
10
165.3945619999999792
20
-69.5054379999999981
11
165.3430789999999888
21
-69.4283870000000007
0
LINE
8
BLACK
6
CONTINUOUS
10
165.3430789999999888
20
-69.4283870000000007
11
165.3249999999999886
21
-69.3374999999999915
0
LINE
8
BLACK
6
CONTINUOUS
10
165.3249999999999886
20
-69.3374999999999915
11
165.3249999999999886
21
-68.8374999999999915
0
LINE
8
BLACK
6
CONTINUOUS
10
165.3249999999999886
20
-68.8374999999999915
11
165.3430789999999888
21
-68.7466129999999964
0
LINE
8
BLACK
6
CONTINUOUS
10
165.3430789999999888
20
-68.7466129999999964
11
165.3945619999999792
21
-68.6695619999999991
0
LINE
8
BLACK
6
CONTINUOUS
10
165.3945619999999792
20
-68.6695619999999991
11
165.4716129999999907
21
-68.6180789999999945
0
LINE
8
BLACK
6
CONTINUOUS
10
165.4716129999999907
20
-68.6180789999999945
11
165.5625
21
-68.5999999999999943
0
LINE
8
BLACK
6
CONTINUOUS
10
165.5625
20
-68.5999999999999943
11
166.0374999999999943
21
-68.5999999999999943
0
LINE
8
BLACK
6
CONTINUOUS
10
166.0374999999999943
20
-68.5999999999999943
11
166.1283870000000036
21
-68.6180789999999945
0
LINE
8
BLACK
6
CONTINUOUS
10
120.3497079999999926
20
-68.5061839999999904
11
120.4694299999999885
21
-68.5831249999999955
0
LINE
8
BLACK
6
CONTINUOUS
10
120.4694299999999885
20
-68.5831249999999955
11
120.562626999999992
21
-68.6906800000000004
0
LINE
8
BLACK
6
CONTINUOUS
10
120.562626999999992
20
-68.6906800000000004
11
120.6217459999999875
21
-68.8201339999999959
0
LINE
8
BLACK
6
CONTINUOUS
10
120.6217459999999875
20
-68.8201339999999959
11
120.6419999999999959
21
-68.9609999999999985
0
LINE
8
BLACK
6
CONTINUOUS
10
120.6419999999999959
20
-68.9609999999999985
11
120.6217459999999875
21
-69.1018660000000011
0
LINE
8
BLACK
6
CONTINUOUS
10
120.6217459999999875
20
-69.1018660000000011
11
120.562626999999992
21
-69.2313199999999966
0
LINE
8
BLACK
6
CONTINUOUS
10
120.562626999999992
20
-69.2313199999999966
11
120.4694299999999885
21
-69.3388750000000016
0
LINE
8
BLACK
6
CONTINUOUS
10
120.4694299999999885
20
-69.3388750000000016
11
120.3497079999999926
21
-69.4158159999999924
0
LINE
8
BLACK
6
CONTINUOUS
10
120.3497079999999926
20
-69.4158159999999924
11
120.2131569999999954
21
-69.4559110000000004
0
LINE
8
BLACK
6
CONTINUOUS
10
120.2131569999999954
20
-69.4559110000000004
11
120.0708429999999964
21
-69.4559110000000004
0
LINE
8
BLACK
6
CONTINUOUS
10
120.0708429999999964
20
-69.4559110000000004
11
119.9342919999999992
21
-69.4158159999999924
0
LINE
8
BLACK
6
CONTINUOUS
10
119.9342919999999992
20
-69.4158159999999924
11
119.8145699999999891
21
-69.3388750000000016
0
LINE
8
BLACK
6
CONTINUOUS
10
119.8145699999999891
20
-69.3388750000000016
11
119.7213729999999998
21
-69.2313199999999966
0
LINE
8
BLACK
6
CONTINUOUS
10
119.7213729999999998
20
-69.2313199999999966
11
119.6622539999999901
21
-69.1018660000000011
0
LINE
8
BLACK
6
CONTINUOUS
10
119.6622539999999901
20
-69.1018660000000011
11
119.6419999999999959
21
-68.9609999999999985
0
LINE
8
BLACK
6
CONTINUOUS
10
119.6419999999999959
20
-68.9609999999999985
11
119.6622539999999901
21
-68.8201339999999959
0
LINE
8
BLACK
6
CONTINUOUS
10
119.6622539999999901
20
-68.8201339999999959
11
119.7213729999999998
21
-68.6906800000000004
0
LINE
8
BLACK
6
CONTINUOUS
10
119.7213729999999998
20
-68.6906800000000004
11
119.8145699999999891
21
-68.5831249999999955
0
LINE
8
BLACK
6
CONTINUOUS
10
119.8145699999999891
20
-68.5831249999999955
11
119.9342919999999992
21
-68.5061839999999904
0
LINE
8
BLACK
6
CONTINUOUS
10
119.9342919999999992
20
-68.5061839999999904
11
120.0708429999999964
21
-68.4660889999999966
0
LINE
8
BLACK
6
CONTINUOUS
10
120.0708429999999964
20
-68.4660889999999966
11
120.2131569999999954
21
-68.4660889999999966
0
LINE
8
BLACK
6
CONTINUOUS
10
120.2131569999999954
20
-68.4660889999999966
11
120.3497079999999926
21
-68.5061839999999904
0
LINE
8
BLACK
6
CONTINUOUS
10
179.1037079999999833
20
-68.5061839999999904
11
179.2234299999999791
21
-68.5831249999999955
0
LINE
8
BLACK
6
CONTINUOUS
10
179.2234299999999791
20
-68.5831249999999955
11
179.3166269999999827
21
-68.6906800000000004
0
LINE
8
BLACK
6
CONTINUOUS
10
179.3166269999999827
20
-68.6906800000000004
11
179.3757459999999924
21
-68.8201339999999959
0
LINE
8
BLACK
6
CONTINUOUS
10
179.3757459999999924
20
-68.8201339999999959
11
179.3959999999999866
21
-68.9609999999999985
0
LINE
8
BLACK
6
CONTINUOUS
10
179.3959999999999866
20
-68.9609999999999985
11
179.3757459999999924
21
-69.1018660000000011
0
LINE
8
BLACK
6
CONTINUOUS
10
179.3757459999999924
20
-69.1018660000000011
11
179.3166269999999827
21
-69.2313199999999966
0
LINE
8
BLACK
6
CONTINUOUS
10
179.3166269999999827
20
-69.2313199999999966
11
179.2234299999999791
21
-69.3388750000000016
0
LINE
8
BLACK
6
CONTINUOUS
10
179.2234299999999791
20
-69.3388750000000016
11
179.1037079999999833
21
-69.4158159999999924
0
LINE
8
BLACK
6
CONTINUOUS
10
179.1037079999999833
20
-69.4158159999999924
11
178.9671569999999861
21
-69.4559110000000004
0
LINE
8
BLACK
6
CONTINUOUS
10
178.9671569999999861
20
-69.4559110000000004
11
178.8248429999999871
21
-69.4559110000000004
0
LINE
8
BLACK
6
CONTINUOUS
10
178.8248429999999871
20
-69.4559110000000004
11
178.6882919999999899
21
-69.4158159999999924
0
LINE
8
BLACK
6
CONTINUOUS
10
178.6882919999999899
20
-69.4158159999999924
11
178.568569999999994
21
-69.3388750000000016
0
LINE
8
BLACK
6
CONTINUOUS
10
178.568569999999994
20
-69.3388750000000016
11
178.4753729999999905
21
-69.2313199999999966
0
LINE
8
BLACK
6
CONTINUOUS
10
178.4753729999999905
20
-69.2313199999999966
11
178.4162539999999808
21
-69.1018660000000011
0
LINE
8
BLACK
6
CONTINUOUS
10
178.4162539999999808
20
-69.1018660000000011
11
178.3959999999999866
21
-68.9609999999999985
0
LINE
8
BLACK
6
CONTINUOUS
10
178.3959999999999866
20
-68.9609999999999985
11
178.4162539999999808
21
-68.8201339999999959
0
LINE
8
BLACK
6
CONTINUOUS
10
178.4162539999999808
20
-68.8201339999999959
11
178.4753729999999905
21
-68.6906800000000004
0
LINE
8
BLACK
6
CONTINUOUS
10
178.4753729999999905
20
-68.6906800000000004
11
178.568569999999994
21
-68.5831249999999955
0
LINE
8
BLACK
6
CONTINUOUS
10
178.568569999999994
20
-68.5831249999999955
11
178.6882919999999899
21
-68.5061839999999904
0
LINE
8
BLACK
6
CONTINUOUS
10
178.6882919999999899
20
-68.5061839999999904
11
178.8248429999999871
21
-68.4660889999999966
0
LINE
8
BLACK
6
CONTINUOUS
10
178.8248429999999871
20
-68.4660889999999966
11
178.9671569999999861
21
-68.4660889999999966
0
LINE
8
BLACK
6
CONTINUOUS
10
178.9671569999999861
20
-68.4660889999999966
11
179.1037079999999833
21
-68.5061839999999904
0
LINE
8
BLACK
6
CONTINUOUS
10
168.329685999999981
20
-68.7373699999999985
11
168.3824050000000057
21
-68.7725949999999955
0
LINE
8
BLACK
6
CONTINUOUS
10
168.3824050000000057
20
-68.7725949999999955
11
168.4176300000000026
21
-68.8253139999999917
0
LINE
8
BLACK
6
CONTINUOUS
10
168.4176300000000026
20
-68.8253139999999917
11
168.4299999999999784
21
-68.8875000000000028
0
LINE
8
BLACK
6
CONTINUOUS
10
168.4299999999999784
20
-68.8875000000000028
11
168.4299999999999784
21
-69.2124999999999915
0
LINE
8
BLACK
6
CONTINUOUS
10
168.4299999999999784
20
-69.2124999999999915
11
168.4176300000000026
21
-69.2746860000000027
0
LINE
8
BLACK
6
CONTINUOUS
10
168.4176300000000026
20
-69.2746860000000027
11
168.3824050000000057
21
-69.3274049999999988
0
LINE
8
BLACK
6
CONTINUOUS
10
168.3824050000000057
20
-69.3274049999999988
11
168.329685999999981
21
-69.3626299999999958
0
LINE
8
BLACK
6
CONTINUOUS
10
168.329685999999981
20
-69.3626299999999958
11
168.2674999999999841
21
-69.375
0
LINE
8
BLACK
6
CONTINUOUS
10
168.2674999999999841
20
-69.375
11
167.0324999999999989
21
-69.375
0
LINE
8
BLACK
6
CONTINUOUS
10
167.0324999999999989
20
-69.375
11
166.9703140000000019
21
-69.3626299999999958
0
LINE
8
BLACK
6
CONTINUOUS
10
166.9703140000000019
20
-69.3626299999999958
11
166.9175950000000057
21
-69.3274049999999988
0
LINE
8
BLACK
6
CONTINUOUS
10
166.9175950000000057
20
-69.3274049999999988
11
166.8823699999999803
21
-69.2746860000000027
0
LINE
8
BLACK
6
CONTINUOUS
10
166.8823699999999803
20
-69.2746860000000027
11
166.8700000000000045
21
-69.2124999999999915
0
LINE
8
BLACK
6
CONTINUOUS
10
166.8700000000000045
20
-69.2124999999999915
11
166.8700000000000045
21
-68.8875000000000028
0
LINE
8
BLACK
6
CONTINUOUS
10
166.8700000000000045
20
-68.8875000000000028
11
166.8823699999999803
21
-68.8253139999999917
0
LINE
8
BLACK
6
CONTINUOUS
10
166.8823699999999803
20
-68.8253139999999917
11
166.9175950000000057
21
-68.7725949999999955
0
LINE
8
BLACK
6
CONTINUOUS
10
166.9175950000000057
20
-68.7725949999999955
11
166.9703140000000019
21
-68.7373699999999985
0
LINE
8
BLACK
6
CONTINUOUS
10
166.9703140000000019
20
-68.7373699999999985
11
167.0324999999999989
21
-68.7249999999999943
0
LINE
8
BLACK
6
CONTINUOUS
10
167.0324999999999989
20
-68.7249999999999943
11
168.2674999999999841
21
-68.7249999999999943
0
LINE
8
BLACK
6
CONTINUOUS
10
168.2674999999999841
20
-68.7249999999999943
11
168.329685999999981
21
-68.7373699999999985
0
LINE
8
BLACK
6
CONTINUOUS
10
171.0296859999999981
20
-68.7373699999999985
11
171.0824049999999943
21
-68.7725949999999955
0
LINE
8
BLACK
6
CONTINUOUS
10
171.0824049999999943
20
-68.7725949999999955
11
171.1176299999999912
21
-68.8253139999999917
0
LINE
8
BLACK
6
CONTINUOUS
10
171.1176299999999912
20
-68.8253139999999917
11
171.1299999999999955
21
-68.8875000000000028
0
LINE
8
BLACK
6
CONTINUOUS
10
171.1299999999999955
20
-68.8875000000000028
11
171.1299999999999955
21
-69.2124999999999915
0
LINE
8
BLACK
6
CONTINUOUS
10
171.1299999999999955
20
-69.2124999999999915
11
171.1176299999999912
21
-69.2746860000000027
0
LINE
8
BLACK
6
CONTINUOUS
10
171.1176299999999912
20
-69.2746860000000027
11
171.0824049999999943
21
-69.3274049999999988
0
LINE
8
BLACK
6
CONTINUOUS
10
171.0824049999999943
20
-69.3274049999999988
11
171.0296859999999981
21
-69.3626299999999958
0
LINE
8
BLACK
6
CONTINUOUS
10
171.0296859999999981
20
-69.3626299999999958
11
170.9675000000000011
21
-69.375
0
LINE
8
BLACK
6
CONTINUOUS
10
170.9675000000000011
20
-69.375
11
169.7324999999999875
21
-69.375
0
LINE
8
BLACK
6
CONTINUOUS
10
169.7324999999999875
20
-69.375
11
169.6703139999999905
21
-69.3626299999999958
0
LINE
8
BLACK
6
CONTINUOUS
10
169.6703139999999905
20
-69.3626299999999958
11
169.6175949999999943
21
-69.3274049999999988
0
LINE
8
BLACK
6
CONTINUOUS
10
169.6175949999999943
20
-69.3274049999999988
11
169.5823699999999974
21
-69.2746860000000027
0
LINE
8
BLACK
6
CONTINUOUS
10
169.5823699999999974
20
-69.2746860000000027
11
169.5699999999999932
21
-69.2124999999999915
0
LINE
8
BLACK
6
CONTINUOUS
10
169.5699999999999932
20
-69.2124999999999915
11
169.5699999999999932
21
-68.8875000000000028
0
LINE
8
BLACK
6
CONTINUOUS
10
169.5699999999999932
20
-68.8875000000000028
11
169.5823699999999974
21
-68.8253139999999917
0
LINE
8
BLACK
6
CONTINUOUS
10
169.5823699999999974
20
-68.8253139999999917
11
169.6175949999999943
21
-68.7725949999999955
0
LINE
8
BLACK
6
CONTINUOUS
10
169.6175949999999943
20
-68.7725949999999955
11
169.6703139999999905
21
-68.7373699999999985
0
LINE
8
BLACK
6
CONTINUOUS
10
169.6703139999999905
20
-68.7373699999999985
11
169.7324999999999875
21
-68.7249999999999943
0
LINE
8
BLACK
6
CONTINUOUS
10
169.7324999999999875
20
-68.7249999999999943
11
170.9675000000000011
21
-68.7249999999999943
0
LINE
8
BLACK
6
CONTINUOUS
10
170.9675000000000011
20
-68.7249999999999943
11
171.0296859999999981
21
-68.7373699999999985
0
LINE
8
BLACK
6
CONTINUOUS
10
142.0649410000000046
20
-68.9139589999999913
11
142.0892729999999915
21
-68.930216999999999
0
LINE
8
BLACK
6
CONTINUOUS
10
142.0892729999999915
20
-68.930216999999999
11
142.1055309999999849
21
-68.9545490000000001
0
LINE
8
BLACK
6
CONTINUOUS
10
142.1055309999999849
20
-68.9545490000000001
11
142.1112399999999809
21
-68.9832499999999982
0
LINE
8
BLACK
6
CONTINUOUS
10
142.1112399999999809
20
-68.9832499999999982
11
142.1112399999999809
21
-69.1332500000000039
0
LINE
8
BLACK
6
CONTINUOUS
10
142.1112399999999809
20
-69.1332500000000039
11
142.1055309999999849
21
-69.161951000000002
0
LINE
8
BLACK
6
CONTINUOUS
10
142.1055309999999849
20
-69.161951000000002
11
142.0892729999999915
21
-69.1862830000000031
0
LINE
8
BLACK
6
CONTINUOUS
10
142.0892729999999915
20
-69.1862830000000031
11
142.0649410000000046
21
-69.2025409999999965
0
LINE
8
BLACK
6
CONTINUOUS
10
142.0649410000000046
20
-69.2025409999999965
11
142.0362399999999923
21
-69.2082499999999925
0
LINE
8
BLACK
6
CONTINUOUS
10
142.0362399999999923
20
-69.2082499999999925
11
140.5862400000000036
21
-69.2082499999999925
0
LINE
8
BLACK
6
CONTINUOUS
10
140.5862400000000036
20
-69.2082499999999925
11
140.5575389999999913
21
-69.2025409999999965
0
LINE
8
BLACK
6
CONTINUOUS
10
140.5575389999999913
20
-69.2025409999999965
11
140.5332070000000044
21
-69.1862830000000031
0
LINE
8
BLACK
6
CONTINUOUS
10
140.5332070000000044
20
-69.1862830000000031
11
140.5169489999999826
21
-69.161951000000002
0
LINE
8
BLACK
6
CONTINUOUS
10
140.5169489999999826
20
-69.161951000000002
11
140.5112399999999866
21
-69.1332500000000039
0
LINE
8
BLACK
6
CONTINUOUS
10
140.5112399999999866
20
-69.1332500000000039
11
140.5112399999999866
21
-68.9832499999999982
0
LINE
8
BLACK
6
CONTINUOUS
10
140.5112399999999866
20
-68.9832499999999982
11
140.5169489999999826
21
-68.9545490000000001
0
LINE
8
BLACK
6
CONTINUOUS
10
140.5169489999999826
20
-68.9545490000000001
11
140.5332070000000044
21
-68.930216999999999
0
LINE
8
BLACK
6
CONTINUOUS
10
140.5332070000000044
20
-68.930216999999999
11
140.5575389999999913
21
-68.9139589999999913
0
LINE
8
BLACK
6
CONTINUOUS
10
140.5575389999999913
20
-68.9139589999999913
11
140.5862400000000036
21
-68.9082499999999953
0
LINE
8
BLACK
6
CONTINUOUS
10
140.5862400000000036
20
-68.9082499999999953
11
142.0362399999999923
21
-68.9082499999999953
0
LINE
8
BLACK
6
CONTINUOUS
10
142.0362399999999923
20
-68.9082499999999953
11
142.0649410000000046
21
-68.9139589999999913
0
LINE
8
BLACK
6
CONTINUOUS
10
157.4149409999999989
20
-68.9139589999999913
11
157.4392729999999858
21
-68.930216999999999
0
LINE
8
BLACK
6
CONTINUOUS
10
157.4392729999999858
20
-68.930216999999999
11
157.4555309999999793
21
-68.9545490000000001
0
LINE
8
BLACK
6
CONTINUOUS
10
157.4555309999999793
20
-68.9545490000000001
11
157.4612400000000036
21
-68.9832499999999982
0
LINE
8
BLACK
6
CONTINUOUS
10
157.4612400000000036
20
-68.9832499999999982
11
157.4612400000000036
21
-69.1332500000000039
0
LINE
8
BLACK
6
CONTINUOUS
10
157.4612400000000036
20
-69.1332500000000039
11
157.4555309999999793
21
-69.161951000000002
0
LINE
8
BLACK
6
CONTINUOUS
10
157.4555309999999793
20
-69.161951000000002
11
157.4392729999999858
21
-69.1862830000000031
0
LINE
8
BLACK
6
CONTINUOUS
10
157.4392729999999858
20
-69.1862830000000031
11
157.4149409999999989
21
-69.2025409999999965
0
LINE
8
BLACK
6
CONTINUOUS
10
157.4149409999999989
20
-69.2025409999999965
11
157.3862399999999866
21
-69.2082499999999925
0
LINE
8
BLACK
6
CONTINUOUS
10
157.3862399999999866
20
-69.2082499999999925
11
155.936239999999998
21
-69.2082499999999925
0
LINE
8
BLACK
6
CONTINUOUS
10
155.936239999999998
20
-69.2082499999999925
11
155.9075389999999857
21
-69.2025409999999965
0
LINE
8
BLACK
6
CONTINUOUS
10
155.9075389999999857
20
-69.2025409999999965
11
155.8832069999999987
21
-69.1862830000000031
0
LINE
8
BLACK
6
CONTINUOUS
10
155.8832069999999987
20
-69.1862830000000031
11
155.8669490000000053
21
-69.161951000000002
0
LINE
8
BLACK
6
CONTINUOUS
10
155.8669490000000053
20
-69.161951000000002
11
155.8612399999999809
21
-69.1332500000000039
0
LINE
8
BLACK
6
CONTINUOUS
10
155.8612399999999809
20
-69.1332500000000039
11
155.8612399999999809
21
-68.9832499999999982
0
LINE
8
BLACK
6
CONTINUOUS
10
155.8612399999999809
20
-68.9832499999999982
11
155.8669490000000053
21
-68.9545490000000001
0
LINE
8
BLACK
6
CONTINUOUS
10
155.8669490000000053
20
-68.9545490000000001
11
155.8832069999999987
21
-68.930216999999999
0
LINE
8
BLACK
6
CONTINUOUS
10
155.8832069999999987
20
-68.930216999999999
11
155.9075389999999857
21
-68.9139589999999913
0
LINE
8
BLACK
6
CONTINUOUS
10
155.9075389999999857
20
-68.9139589999999913
11
155.936239999999998
21
-68.9082499999999953
0
LINE
8
BLACK
6
CONTINUOUS
10
155.936239999999998
20
-68.9082499999999953
11
157.3862399999999866
21
-68.9082499999999953
0
LINE
8
BLACK
6
CONTINUOUS
10
157.3862399999999866
20
-68.9082499999999953
11
157.4149409999999989
21
-68.9139589999999913
0
LINE
8
BLACK
6
CONTINUOUS
10
159.3366269999999929
20
-68.0533289999999909
11
159.4136780000000044
21
-68.1048119999999955
0
LINE
8
BLACK
6
CONTINUOUS
10
159.4136780000000044
20
-68.1048119999999955
11
159.4651609999999948
21
-68.1818629999999928
0
LINE
8
BLACK
6
CONTINUOUS
10
159.4651609999999948
20
-68.1818629999999928
11
159.483239999999995
21
-68.272750000000002
0
LINE
8
BLACK
6
CONTINUOUS
10
159.483239999999995
20
-68.272750000000002
11
159.483239999999995
21
-68.7477499999999964
0
LINE
8
BLACK
6
CONTINUOUS
10
159.483239999999995
20
-68.7477499999999964
11
159.4651609999999948
21
-68.8386369999999914
0
LINE
8
BLACK
6
CONTINUOUS
10
159.4651609999999948
20
-68.8386369999999914
11
159.4136780000000044
21
-68.9156880000000029
0
LINE
8
BLACK
6
CONTINUOUS
10
159.4136780000000044
20
-68.9156880000000029
11
159.3366269999999929
21
-68.9671709999999933
0
LINE
8
BLACK
6
CONTINUOUS
10
159.3366269999999929
20
-68.9671709999999933
11
159.2457399999999836
21
-68.9852499999999935
0
LINE
8
BLACK
6
CONTINUOUS
10
159.2457399999999836
20
-68.9852499999999935
11
158.7457399999999836
21
-68.9852499999999935
0
LINE
8
BLACK
6
CONTINUOUS
10
158.7457399999999836
20
-68.9852499999999935
11
158.6548530000000028
21
-68.9671709999999933
0
LINE
8
BLACK
6
CONTINUOUS
10
158.6548530000000028
20
-68.9671709999999933
11
158.5778019999999913
21
-68.9156880000000029
0
LINE
8
BLACK
6
CONTINUOUS
10
158.5778019999999913
20
-68.9156880000000029
11
158.5263190000000009
21
-68.8386369999999914
0
LINE
8
BLACK
6
CONTINUOUS
10
158.5263190000000009
20
-68.8386369999999914
11
158.5082400000000007
21
-68.7477499999999964
0
LINE
8
BLACK
6
CONTINUOUS
10
158.5082400000000007
20
-68.7477499999999964
11
158.5082400000000007
21
-68.272750000000002
0
LINE
8
BLACK
6
CONTINUOUS
10
158.5082400000000007
20
-68.272750000000002
11
158.5263190000000009
21
-68.1818629999999928
0
LINE
8
BLACK
6
CONTINUOUS
10
158.5263190000000009
20
-68.1818629999999928
11
158.5778019999999913
21
-68.1048119999999955
0
LINE
8
BLACK
6
CONTINUOUS
10
158.5778019999999913
20
-68.1048119999999955
11
158.6548530000000028
21
-68.0533289999999909
0
LINE
8
BLACK
6
CONTINUOUS
10
158.6548530000000028
20
-68.0533289999999909
11
158.7457399999999836
21
-68.0352499999999907
0
LINE
8
BLACK
6
CONTINUOUS
10
158.7457399999999836
20
-68.0352499999999907
11
159.2457399999999836
21
-68.0352499999999907
0
LINE
8
BLACK
6
CONTINUOUS
10
159.2457399999999836
20
-68.0352499999999907
11
159.3366269999999929
21
-68.0533289999999909
0
LINE
8
BLACK
6
CONTINUOUS
10
161.1616269999999815
20
-68.0533289999999909
11
161.2386779999999931
21
-68.1048119999999955
0
LINE
8
BLACK
6
CONTINUOUS
10
161.2386779999999931
20
-68.1048119999999955
11
161.2901609999999835
21
-68.1818629999999928
0
LINE
8
BLACK
6
CONTINUOUS
10
161.2901609999999835
20
-68.1818629999999928
11
161.3082399999999836
21
-68.272750000000002
0
LINE
8
BLACK
6
CONTINUOUS
10
161.3082399999999836
20
-68.272750000000002
11
161.3082399999999836
21
-68.7477499999999964
0
LINE
8
BLACK
6
CONTINUOUS
10
161.3082399999999836
20
-68.7477499999999964
11
161.2901609999999835
21
-68.8386369999999914
0
LINE
8
BLACK
6
CONTINUOUS
10
161.2901609999999835
20
-68.8386369999999914
11
161.2386779999999931
21
-68.9156880000000029
0
LINE
8
BLACK
6
CONTINUOUS
10
161.2386779999999931
20
-68.9156880000000029
11
161.1616269999999815
21
-68.9671709999999933
0
LINE
8
BLACK
6
CONTINUOUS
10
161.1616269999999815
20
-68.9671709999999933
11
161.0707400000000007
21
-68.9852499999999935
0
LINE
8
BLACK
6
CONTINUOUS
10
161.0707400000000007
20
-68.9852499999999935
11
160.5707400000000007
21
-68.9852499999999935
0
LINE
8
BLACK
6
CONTINUOUS
10
160.5707400000000007
20
-68.9852499999999935
11
160.4798529999999914
21
-68.9671709999999933
0
LINE
8
BLACK
6
CONTINUOUS
10
160.4798529999999914
20
-68.9671709999999933
11
160.4028019999999799
21
-68.9156880000000029
0
LINE
8
BLACK
6
CONTINUOUS
10
160.4028019999999799
20
-68.9156880000000029
11
160.3513189999999895
21
-68.8386369999999914
0
LINE
8
BLACK
6
CONTINUOUS
10
160.3513189999999895
20
-68.8386369999999914
11
160.3332399999999893
21
-68.7477499999999964
0
LINE
8
BLACK
6
CONTINUOUS
10
160.3332399999999893
20
-68.7477499999999964
11
160.3332399999999893
21
-68.272750000000002
0
LINE
8
BLACK
6
CONTINUOUS
10
160.3332399999999893
20
-68.272750000000002
11
160.3513189999999895
21
-68.1818629999999928
0
LINE
8
BLACK
6
CONTINUOUS
10
160.3513189999999895
20
-68.1818629999999928
11
160.4028019999999799
21
-68.1048119999999955
0
LINE
8
BLACK
6
CONTINUOUS
10
160.4028019999999799
20
-68.1048119999999955
11
160.4798529999999914
21
-68.0533289999999909
0
LINE
8
BLACK
6
CONTINUOUS
10
160.4798529999999914
20
-68.0533289999999909
11
160.5707400000000007
21
-68.0352499999999907
0
LINE
8
BLACK
6
CONTINUOUS
10
160.5707400000000007
20
-68.0352499999999907
11
161.0707400000000007
21
-68.0352499999999907
0
LINE
8
BLACK
6
CONTINUOUS
10
161.0707400000000007
20
-68.0352499999999907
11
161.1616269999999815
21
-68.0533289999999909
0
LINE
8
BLACK
6
CONTINUOUS
10
142.0649410000000046
20
-68.4139589999999913
11
142.0892729999999915
21
-68.430216999999999
0
LINE
8
BLACK
6
CONTINUOUS
10
142.0892729999999915
20
-68.430216999999999
11
142.1055309999999849
21
-68.4545490000000001
0
LINE
8
BLACK
6
CONTINUOUS
10
142.1055309999999849
20
-68.4545490000000001
11
142.1112399999999809
21
-68.4832499999999982
0
LINE
8
BLACK
6
CONTINUOUS
10
142.1112399999999809
20
-68.4832499999999982
11
142.1112399999999809
21
-68.6332500000000039
0
LINE
8
BLACK
6
CONTINUOUS
10
142.1112399999999809
20
-68.6332500000000039
11
142.1055309999999849
21
-68.661951000000002
0
LINE
8
BLACK
6
CONTINUOUS
10
142.1055309999999849
20
-68.661951000000002
11
142.0892729999999915
21
-68.6862830000000031
0
LINE
8
BLACK
6
CONTINUOUS
10
142.0892729999999915
20
-68.6862830000000031
11
142.0649410000000046
21
-68.7025409999999965
0
LINE
8
BLACK
6
CONTINUOUS
10
142.0649410000000046
20
-68.7025409999999965
11
142.0362399999999923
21
-68.7082499999999925
0
LINE
8
BLACK
6
CONTINUOUS
10
142.0362399999999923
20
-68.7082499999999925
11
140.5862400000000036
21
-68.7082499999999925
0
LINE
8
BLACK
6
CONTINUOUS
10
140.5862400000000036
20
-68.7082499999999925
11
140.5575389999999913
21
-68.7025409999999965
0
LINE
8
BLACK
6
CONTINUOUS
10
140.5575389999999913
20
-68.7025409999999965
11
140.5332070000000044
21
-68.6862830000000031
0
LINE
8
BLACK
6
CONTINUOUS
10
140.5332070000000044
20
-68.6862830000000031
11
140.5169489999999826
21
-68.661951000000002
0
LINE
8
BLACK
6
CONTINUOUS
10
140.5169489999999826
20
-68.661951000000002
11
140.5112399999999866
21
-68.6332500000000039
0
LINE
8
BLACK
6
CONTINUOUS
10
140.5112399999999866
20
-68.6332500000000039
11
140.5112399999999866
21
-68.4832499999999982
0
LINE
8
BLACK
6
CONTINUOUS
10
140.5112399999999866
20
-68.4832499999999982
11
140.5169489999999826
21
-68.4545490000000001
0
LINE
8
BLACK
6
CONTINUOUS
10
140.5169489999999826
20
-68.4545490000000001
11
140.5332070000000044
21
-68.430216999999999
0
LINE
8
BLACK
6
CONTINUOUS
10
140.5332070000000044
20
-68.430216999999999
11
140.5575389999999913
21
-68.4139589999999913
0
LINE
8
BLACK
6
CONTINUOUS
10
140.5575389999999913
20
-68.4139589999999913
11
140.5862400000000036
21
-68.4082499999999953
0
LINE
8
BLACK
6
CONTINUOUS
10
140.5862400000000036
20
-68.4082499999999953
11
142.0362399999999923
21
-68.4082499999999953
0
LINE
8
BLACK
6
CONTINUOUS
10
142.0362399999999923
20
-68.4082499999999953
11
142.0649410000000046
21
-68.4139589999999913
0
LINE
8
BLACK
6
CONTINUOUS
10
157.4149409999999989
20
-68.4139589999999913
11
157.4392729999999858
21
-68.430216999999999
0
LINE
8
BLACK
6
CONTINUOUS
10
157.4392729999999858
20
-68.430216999999999
11
157.4555309999999793
21
-68.4545490000000001
0
LINE
8
BLACK
6
CONTINUOUS
10
157.4555309999999793
20
-68.4545490000000001
11
157.4612400000000036
21
-68.4832499999999982
0
LINE
8
BLACK
6
CONTINUOUS
10
157.4612400000000036
20
-68.4832499999999982
11
157.4612400000000036
21
-68.6332500000000039
0
LINE
8
BLACK
6
CONTINUOUS
10
157.4612400000000036
20
-68.6332500000000039
11
157.4555309999999793
21
-68.661951000000002
0
LINE
8
BLACK
6
CONTINUOUS
10
157.4555309999999793
20
-68.661951000000002
11
157.4392729999999858
21
-68.6862830000000031
0
LINE
8
BLACK
6
CONTINUOUS
10
157.4392729999999858
20
-68.6862830000000031
11
157.4149409999999989
21
-68.7025409999999965
0
LINE
8
BLACK
6
CONTINUOUS
10
157.4149409999999989
20
-68.7025409999999965
11
157.3862399999999866
21
-68.7082499999999925
0
LINE
8
BLACK
6
CONTINUOUS
10
157.3862399999999866
20
-68.7082499999999925
11
155.936239999999998
21
-68.7082499999999925
0
LINE
8
BLACK
6
CONTINUOUS
10
155.936239999999998
20
-68.7082499999999925
11
155.9075389999999857
21
-68.7025409999999965
0
LINE
8
BLACK
6
CONTINUOUS
10
155.9075389999999857
20
-68.7025409999999965
11
155.8832069999999987
21
-68.6862830000000031
0
LINE
8
BLACK
6
CONTINUOUS
10
155.8832069999999987
20
-68.6862830000000031
11
155.8669490000000053
21
-68.661951000000002
0
LINE
8
BLACK
6
CONTINUOUS
10
155.8669490000000053
20
-68.661951000000002
11
155.8612399999999809
21
-68.6332500000000039
0
LINE
8
BLACK
6
CONTINUOUS
10
155.8612399999999809
20
-68.6332500000000039
11
155.8612399999999809
21
-68.4832499999999982
0
LINE
8
BLACK
6
CONTINUOUS
10
155.8612399999999809
20
-68.4832499999999982
11
155.8669490000000053
21
-68.4545490000000001
0
LINE
8
BLACK
6
CONTINUOUS
10
155.8669490000000053
20
-68.4545490000000001
11
155.8832069999999987
21
-68.430216999999999
0
LINE
8
BLACK
6
CONTINUOUS
10
155.8832069999999987
20
-68.430216999999999
11
155.9075389999999857
21
-68.4139589999999913
0
LINE
8
BLACK
6
CONTINUOUS
10
155.9075389999999857
20
-68.4139589999999913
11
155.936239999999998
21
-68.4082499999999953
0
LINE
8
BLACK
6
CONTINUOUS
10
155.936239999999998
20
-68.4082499999999953
11
157.3862399999999866
21
-68.4082499999999953
0
LINE
8
BLACK
6
CONTINUOUS
10
157.3862399999999866
20
-68.4082499999999953
11
157.4149409999999989
21
-68.4139589999999913
0
LINE
8
BLACK
6
CONTINUOUS
10
142.0649410000000046
20
-67.9139589999999913
11
142.0892729999999915
21
-67.930216999999999
0
LINE
8
BLACK
6
CONTINUOUS
10
142.0892729999999915
20
-67.930216999999999
11
142.1055309999999849
21
-67.9545490000000001
0
LINE
8
BLACK
6
CONTINUOUS
10
142.1055309999999849
20
-67.9545490000000001
11
142.1112399999999809
21
-67.9832499999999982
0
LINE
8
BLACK
6
CONTINUOUS
10
142.1112399999999809
20
-67.9832499999999982
11
142.1112399999999809
21
-68.1332500000000039
0
LINE
8
BLACK
6
CONTINUOUS
10
142.1112399999999809
20
-68.1332500000000039
11
142.1055309999999849
21
-68.161951000000002
0
LINE
8
BLACK
6
CONTINUOUS
10
142.1055309999999849
20
-68.161951000000002
11
142.0892729999999915
21
-68.1862830000000031
0
LINE
8
BLACK
6
CONTINUOUS
10
142.0892729999999915
20
-68.1862830000000031
11
142.0649410000000046
21
-68.2025409999999965
0
LINE
8
BLACK
6
CONTINUOUS
10
142.0649410000000046
20
-68.2025409999999965
11
142.0362399999999923
21
-68.2082499999999925
0
LINE
8
BLACK
6
CONTINUOUS
10
142.0362399999999923
20
-68.2082499999999925
11
140.5862400000000036
21
-68.2082499999999925
0
LINE
8
BLACK
6
CONTINUOUS
10
140.5862400000000036
20
-68.2082499999999925
11
140.5575389999999913
21
-68.2025409999999965
0
LINE
8
BLACK
6
CONTINUOUS
10
140.5575389999999913
20
-68.2025409999999965
11
140.5332070000000044
21
-68.1862830000000031
0
LINE
8
BLACK
6
CONTINUOUS
10
140.5332070000000044
20
-68.1862830000000031
11
140.5169489999999826
21
-68.161951000000002
0
LINE
8
BLACK
6
CONTINUOUS
10
140.5169489999999826
20
-68.161951000000002
11
140.5112399999999866
21
-68.1332500000000039
0
LINE
8
BLACK
6
CONTINUOUS
10
140.5112399999999866
20
-68.1332500000000039
11
140.5112399999999866
21
-67.9832499999999982
0
LINE
8
BLACK
6
CONTINUOUS
10
140.5112399999999866
20
-67.9832499999999982
11
140.5169489999999826
21
-67.9545490000000001
0
LINE
8
BLACK
6
CONTINUOUS
10
140.5169489999999826
20
-67.9545490000000001
11
140.5332070000000044
21
-67.930216999999999
0
LINE
8
BLACK
6
CONTINUOUS
10
140.5332070000000044
20
-67.930216999999999
11
140.5575389999999913
21
-67.9139589999999913
0
LINE
8
BLACK
6
CONTINUOUS
10
140.5575389999999913
20
-67.9139589999999913
11
140.5862400000000036
21
-67.9082499999999953
0
LINE
8
BLACK
6
CONTINUOUS
10
140.5862400000000036
20
-67.9082499999999953
11
142.0362399999999923
21
-67.9082499999999953
0
LINE
8
BLACK
6
CONTINUOUS
10
142.0362399999999923
20
-67.9082499999999953
11
142.0649410000000046
21
-67.9139589999999913
0
LINE
8
BLACK
6
CONTINUOUS
10
157.4149409999999989
20
-67.9139589999999913
11
157.4392729999999858
21
-67.930216999999999
0
LINE
8
BLACK
6
CONTINUOUS
10
157.4392729999999858
20
-67.930216999999999
11
157.4555309999999793
21
-67.9545490000000001
0
LINE
8
BLACK
6
CONTINUOUS
10
157.4555309999999793
20
-67.9545490000000001
11
157.4612400000000036
21
-67.9832499999999982
0
LINE
8
BLACK
6
CONTINUOUS
10
157.4612400000000036
20
-67.9832499999999982
11
157.4612400000000036
21
-68.1332500000000039
0
LINE
8
BLACK
6
CONTINUOUS
10
157.4612400000000036
20
-68.1332500000000039
11
157.4555309999999793
21
-68.161951000000002
0
LINE
8
BLACK
6
CONTINUOUS
10
157.4555309999999793
20
-68.161951000000002
11
157.4392729999999858
21
-68.1862830000000031
0
LINE
8
BLACK
6
CONTINUOUS
10
157.4392729999999858
20
-68.1862830000000031
11
157.4149409999999989
21
-68.2025409999999965
0
LINE
8
BLACK
6
CONTINUOUS
10
157.4149409999999989
20
-68.2025409999999965
11
157.3862399999999866
21
-68.2082499999999925
0
LINE
8
BLACK
6
CONTINUOUS
10
157.3862399999999866
20
-68.2082499999999925
11
155.936239999999998
21
-68.2082499999999925
0
LINE
8
BLACK
6
CONTINUOUS
10
155.936239999999998
20
-68.2082499999999925
11
155.9075389999999857
21
-68.2025409999999965
0
LINE
8
BLACK
6
CONTINUOUS
10
155.9075389999999857
20
-68.2025409999999965
11
155.8832069999999987
21
-68.1862830000000031
0
LINE
8
BLACK
6
CONTINUOUS
10
155.8832069999999987
20
-68.1862830000000031
11
155.8669490000000053
21
-68.161951000000002
0
LINE
8
BLACK
6
CONTINUOUS
10
155.8669490000000053
20
-68.161951000000002
11
155.8612399999999809
21
-68.1332500000000039
0
LINE
8
BLACK
6
CONTINUOUS
10
155.8612399999999809
20
-68.1332500000000039
11
155.8612399999999809
21
-67.9832499999999982
0
LINE
8
BLACK
6
CONTINUOUS
10
155.8612399999999809
20
-67.9832499999999982
11
155.8669490000000053
21
-67.9545490000000001
0
LINE
8
BLACK
6
CONTINUOUS
10
155.8669490000000053
20
-67.9545490000000001
11
155.8832069999999987
21
-67.930216999999999
0
LINE
8
BLACK
6
CONTINUOUS
10
155.8832069999999987
20
-67.930216999999999
11
155.9075389999999857
21
-67.9139589999999913
0
LINE
8
BLACK
6
CONTINUOUS
10
155.9075389999999857
20
-67.9139589999999913
11
155.936239999999998
21
-67.9082499999999953
0
LINE
8
BLACK
6
CONTINUOUS
10
155.936239999999998
20
-67.9082499999999953
11
157.3862399999999866
21
-67.9082499999999953
0
LINE
8
BLACK
6
CONTINUOUS
10
157.3862399999999866
20
-67.9082499999999953
11
157.4149409999999989
21
-67.9139589999999913
0
LINE
8
BLACK
6
CONTINUOUS
10
120.3497079999999926
20
-67.2361839999999944
11
120.4694299999999885
21
-67.3131249999999994
0
LINE
8
BLACK
6
CONTINUOUS
10
120.4694299999999885
20
-67.3131249999999994
11
120.562626999999992
21
-67.4206799999999902
0
LINE
8
BLACK
6
CONTINUOUS
10
120.562626999999992
20
-67.4206799999999902
11
120.6217459999999875
21
-67.5501339999999999
0
LINE
8
BLACK
6
CONTINUOUS
10
120.6217459999999875
20
-67.5501339999999999
11
120.6419999999999959
21
-67.6910000000000025
0
LINE
8
BLACK
6
CONTINUOUS
10
120.6419999999999959
20
-67.6910000000000025
11
120.6217459999999875
21
-67.8318659999999909
0
LINE
8
BLACK
6
CONTINUOUS
10
120.6217459999999875
20
-67.8318659999999909
11
120.562626999999992
21
-67.9613200000000006
0
LINE
8
BLACK
6
CONTINUOUS
10
120.562626999999992
20
-67.9613200000000006
11
120.4694299999999885
21
-68.0688749999999914
0
LINE
8
BLACK
6
CONTINUOUS
10
120.4694299999999885
20
-68.0688749999999914
11
120.3497079999999926
21
-68.1458159999999964
0
LINE
8
BLACK
6
CONTINUOUS
10
120.3497079999999926
20
-68.1458159999999964
11
120.2131569999999954
21
-68.1859109999999902
0
LINE
8
BLACK
6
CONTINUOUS
10
120.2131569999999954
20
-68.1859109999999902
11
120.0708429999999964
21
-68.1859109999999902
0
LINE
8
BLACK
6
CONTINUOUS
10
120.0708429999999964
20
-68.1859109999999902
11
119.9342919999999992
21
-68.1458159999999964
0
LINE
8
BLACK
6
CONTINUOUS
10
119.9342919999999992
20
-68.1458159999999964
11
119.8145699999999891
21
-68.0688749999999914
0
LINE
8
BLACK
6
CONTINUOUS
10
119.8145699999999891
20
-68.0688749999999914
11
119.7213729999999998
21
-67.9613200000000006
0
LINE
8
BLACK
6
CONTINUOUS
10
119.7213729999999998
20
-67.9613200000000006
11
119.6622539999999901
21
-67.8318659999999909
0
LINE
8
BLACK
6
CONTINUOUS
10
119.6622539999999901
20
-67.8318659999999909
11
119.6419999999999959
21
-67.6910000000000025
0
LINE
8
BLACK
6
CONTINUOUS
10
119.6419999999999959
20
-67.6910000000000025
11
119.6622539999999901
21
-67.5501339999999999
0
LINE
8
BLACK
6
CONTINUOUS
10
119.6622539999999901
20
-67.5501339999999999
11
119.7213729999999998
21
-67.4206799999999902
0
LINE
8
BLACK
6
CONTINUOUS
10
119.7213729999999998
20
-67.4206799999999902
11
119.8145699999999891
21
-67.3131249999999994
0
LINE
8
BLACK
6
CONTINUOUS
10
119.8145699999999891
20
-67.3131249999999994
11
119.9342919999999992
21
-67.2361839999999944
0
LINE
8
BLACK
6
CONTINUOUS
10
119.9342919999999992
20
-67.2361839999999944
11
120.0708429999999964
21
-67.1960890000000006
0
LINE
8
BLACK
6
CONTINUOUS
10
120.0708429999999964
20
-67.1960890000000006
11
120.2131569999999954
21
-67.1960890000000006
0
LINE
8
BLACK
6
CONTINUOUS
10
120.2131569999999954
20
-67.1960890000000006
11
120.3497079999999926
21
-67.2361839999999944
0
LINE
8
BLACK
6
CONTINUOUS
10
179.1037079999999833
20
-67.2361839999999944
11
179.2234299999999791
21
-67.3131249999999994
0
LINE
8
BLACK
6
CONTINUOUS
10
179.2234299999999791
20
-67.3131249999999994
11
179.3166269999999827
21
-67.4206799999999902
0
LINE
8
BLACK
6
CONTINUOUS
10
179.3166269999999827
20
-67.4206799999999902
11
179.3757459999999924
21
-67.5501339999999999
0
LINE
8
BLACK
6
CONTINUOUS
10
179.3757459999999924
20
-67.5501339999999999
11
179.3959999999999866
21
-67.6910000000000025
0
LINE
8
BLACK
6
CONTINUOUS
10
179.3959999999999866
20
-67.6910000000000025
11
179.3757459999999924
21
-67.8318659999999909
0
LINE
8
BLACK
6
CONTINUOUS
10
179.3757459999999924
20
-67.8318659999999909
11
179.3166269999999827
21
-67.9613200000000006
0
LINE
8
BLACK
6
CONTINUOUS
10
179.3166269999999827
20
-67.9613200000000006
11
179.2234299999999791
21
-68.0688749999999914
0
LINE
8
BLACK
6
CONTINUOUS
10
179.2234299999999791
20
-68.0688749999999914
11
179.1037079999999833
21
-68.1458159999999964
0
LINE
8
BLACK
6
CONTINUOUS
10
179.1037079999999833
20
-68.1458159999999964
11
178.9671569999999861
21
-68.1859109999999902
0
LINE
8
BLACK
6
CONTINUOUS
10
178.9671569999999861
20
-68.1859109999999902
11
178.8248429999999871
21
-68.1859109999999902
0
LINE
8
BLACK
6
CONTINUOUS
10
178.8248429999999871
20
-68.1859109999999902
11
178.6882919999999899
21
-68.1458159999999964
0
LINE
8
BLACK
6
CONTINUOUS
10
178.6882919999999899
20
-68.1458159999999964
11
178.568569999999994
21
-68.0688749999999914
0
LINE
8
BLACK
6
CONTINUOUS
10
178.568569999999994
20
-68.0688749999999914
11
178.4753729999999905
21
-67.9613200000000006
0
LINE
8
BLACK
6
CONTINUOUS
10
178.4753729999999905
20
-67.9613200000000006
11
178.4162539999999808
21
-67.8318659999999909
0
LINE
8
BLACK
6
CONTINUOUS
10
178.4162539999999808
20
-67.8318659999999909
11
178.3959999999999866
21
-67.6910000000000025
0
LINE
8
BLACK
6
CONTINUOUS
10
178.3959999999999866
20
-67.6910000000000025
11
178.4162539999999808
21
-67.5501339999999999
0
LINE
8
BLACK
6
CONTINUOUS
10
178.4162539999999808
20
-67.5501339999999999
11
178.4753729999999905
21
-67.4206799999999902
0
LINE
8
BLACK
6
CONTINUOUS
10
178.4753729999999905
20
-67.4206799999999902
11
178.568569999999994
21
-67.3131249999999994
0
LINE
8
BLACK
6
CONTINUOUS
10
178.568569999999994
20
-67.3131249999999994
11
178.6882919999999899
21
-67.2361839999999944
0
LINE
8
BLACK
6
CONTINUOUS
10
178.6882919999999899
20
-67.2361839999999944
11
178.8248429999999871
21
-67.1960890000000006
0
LINE
8
BLACK
6
CONTINUOUS
10
178.8248429999999871
20
-67.1960890000000006
11
178.9671569999999861
21
-67.1960890000000006
0
LINE
8
BLACK
6
CONTINUOUS
10
178.9671569999999861
20
-67.1960890000000006
11
179.1037079999999833
21
-67.2361839999999944
0
LINE
8
BLACK
6
CONTINUOUS
10
128.5783869999999922
20
-67.1180789999999945
11
128.6554380000000037
21
-67.1695619999999991
0
LINE
8
BLACK
6
CONTINUOUS
10
128.6554380000000037
20
-67.1695619999999991
11
128.7069209999999941
21
-67.2466129999999964
0
LINE
8
BLACK
6
CONTINUOUS
10
128.7069209999999941
20
-67.2466129999999964
11
128.7249999999999943
21
-67.3374999999999915
0
LINE
8
BLACK
6
CONTINUOUS
10
128.7249999999999943
20
-67.3374999999999915
11
128.7249999999999943
21
-67.9375
0
LINE
8
BLACK
6
CONTINUOUS
10
128.7249999999999943
20
-67.9375
11
128.7069209999999941
21
-68.0283869999999951
0
LINE
8
BLACK
6
CONTINUOUS
10
128.7069209999999941
20
-68.0283869999999951
11
128.6554380000000037
21
-68.1054379999999924
0
LINE
8
BLACK
6
CONTINUOUS
10
128.6554380000000037
20
-68.1054379999999924
11
128.5783869999999922
21
-68.156920999999997
0
LINE
8
BLACK
6
CONTINUOUS
10
128.5783869999999922
20
-68.156920999999997
11
128.4874999999999829
21
-68.1749999999999972
0
LINE
8
BLACK
6
CONTINUOUS
10
128.4874999999999829
20
-68.1749999999999972
11
128.0124999999999886
21
-68.1749999999999972
0
LINE
8
BLACK
6
CONTINUOUS
10
128.0124999999999886
20
-68.1749999999999972
11
127.9216129999999936
21
-68.156920999999997
0
LINE
8
BLACK
6
CONTINUOUS
10
127.9216129999999936
20
-68.156920999999997
11
127.8445619999999963
21
-68.1054379999999924
0
LINE
8
BLACK
6
CONTINUOUS
10
127.8445619999999963
20
-68.1054379999999924
11
127.7930789999999917
21
-68.0283869999999951
0
LINE
8
BLACK
6
CONTINUOUS
10
127.7930789999999917
20
-68.0283869999999951
11
127.7749999999999915
21
-67.9375
0
LINE
8
BLACK
6
CONTINUOUS
10
127.7749999999999915
20
-67.9375
11
127.7749999999999915
21
-67.3374999999999915
0
LINE
8
BLACK
6
CONTINUOUS
10
127.7749999999999915
20
-67.3374999999999915
11
127.7930789999999917
21
-67.2466129999999964
0
LINE
8
BLACK
6
CONTINUOUS
10
127.7930789999999917
20
-67.2466129999999964
11
127.8445619999999963
21
-67.1695619999999991
0
LINE
8
BLACK
6
CONTINUOUS
10
127.8445619999999963
20
-67.1695619999999991
11
127.9216129999999936
21
-67.1180789999999945
0
LINE
8
BLACK
6
CONTINUOUS
10
127.9216129999999936
20
-67.1180789999999945
11
128.0124999999999886
21
-67.0999999999999943
0
LINE
8
BLACK
6
CONTINUOUS
10
128.0124999999999886
20
-67.0999999999999943
11
128.4874999999999829
21
-67.0999999999999943
0
LINE
8
BLACK
6
CONTINUOUS
10
128.4874999999999829
20
-67.0999999999999943
11
128.5783869999999922
21
-67.1180789999999945
0
LINE
8
BLACK
6
CONTINUOUS
10
130.0783869999999922
20
-67.1180789999999945
11
130.1554380000000037
21
-67.1695619999999991
0
LINE
8
BLACK
6
CONTINUOUS
10
130.1554380000000037
20
-67.1695619999999991
11
130.2069209999999941
21
-67.2466129999999964
0
LINE
8
BLACK
6
CONTINUOUS
10
130.2069209999999941
20
-67.2466129999999964
11
130.2249999999999943
21
-67.3374999999999915
0
LINE
8
BLACK
6
CONTINUOUS
10
130.2249999999999943
20
-67.3374999999999915
11
130.2249999999999943
21
-67.9375
0
LINE
8
BLACK
6
CONTINUOUS
10
130.2249999999999943
20
-67.9375
11
130.2069209999999941
21
-68.0283869999999951
0
LINE
8
BLACK
6
CONTINUOUS
10
130.2069209999999941
20
-68.0283869999999951
11
130.1554380000000037
21
-68.1054379999999924
0
LINE
8
BLACK
6
CONTINUOUS
10
130.1554380000000037
20
-68.1054379999999924
11
130.0783869999999922
21
-68.156920999999997
0
LINE
8
BLACK
6
CONTINUOUS
10
130.0783869999999922
20
-68.156920999999997
11
129.9874999999999829
21
-68.1749999999999972
0
LINE
8
BLACK
6
CONTINUOUS
10
129.9874999999999829
20
-68.1749999999999972
11
129.5124999999999886
21
-68.1749999999999972
0
LINE
8
BLACK
6
CONTINUOUS
10
129.5124999999999886
20
-68.1749999999999972
11
129.4216130000000078
21
-68.156920999999997
0
LINE
8
BLACK
6
CONTINUOUS
10
129.4216130000000078
20
-68.156920999999997
11
129.3445619999999963
21
-68.1054379999999924
0
LINE
8
BLACK
6
CONTINUOUS
10
129.3445619999999963
20
-68.1054379999999924
11
129.2930790000000059
21
-68.0283869999999951
0
LINE
8
BLACK
6
CONTINUOUS
10
129.2930790000000059
20
-68.0283869999999951
11
129.2750000000000057
21
-67.9375
0
LINE
8
BLACK
6
CONTINUOUS
10
129.2750000000000057
20
-67.9375
11
129.2750000000000057
21
-67.3374999999999915
0
LINE
8
BLACK
6
CONTINUOUS
10
129.2750000000000057
20
-67.3374999999999915
11
129.2930790000000059
21
-67.2466129999999964
0
LINE
8
BLACK
6
CONTINUOUS
10
129.2930790000000059
20
-67.2466129999999964
11
129.3445619999999963
21
-67.1695619999999991
0
LINE
8
BLACK
6
CONTINUOUS
10
129.3445619999999963
20
-67.1695619999999991
11
129.4216130000000078
21
-67.1180789999999945
0
LINE
8
BLACK
6
CONTINUOUS
10
129.4216130000000078
20
-67.1180789999999945
11
129.5124999999999886
21
-67.0999999999999943
0
LINE
8
BLACK
6
CONTINUOUS
10
129.5124999999999886
20
-67.0999999999999943
11
129.9874999999999829
21
-67.0999999999999943
0
LINE
8
BLACK
6
CONTINUOUS
10
129.9874999999999829
20
-67.0999999999999943
11
130.0783869999999922
21
-67.1180789999999945
0
LINE
8
BLACK
6
CONTINUOUS
10
127.0783869999999922
20
-67.1180789999999945
11
127.1554379999999895
21
-67.1695619999999991
0
LINE
8
BLACK
6
CONTINUOUS
10
127.1554379999999895
20
-67.1695619999999991
11
127.2069209999999941
21
-67.2466129999999964
0
LINE
8
BLACK
6
CONTINUOUS
10
127.2069209999999941
20
-67.2466129999999964
11
127.2249999999999943
21
-67.3374999999999915
0
LINE
8
BLACK
6
CONTINUOUS
10
127.2249999999999943
20
-67.3374999999999915
11
127.2249999999999943
21
-67.8374999999999915
0
LINE
8
BLACK
6
CONTINUOUS
10
127.2249999999999943
20
-67.8374999999999915
11
127.2069209999999941
21
-67.9283870000000007
0
LINE
8
BLACK
6
CONTINUOUS
10
127.2069209999999941
20
-67.9283870000000007
11
127.1554379999999895
21
-68.0054379999999981
0
LINE
8
BLACK
6
CONTINUOUS
10
127.1554379999999895
20
-68.0054379999999981
11
127.0783869999999922
21
-68.0569210000000027
0
LINE
8
BLACK
6
CONTINUOUS
10
127.0783869999999922
20
-68.0569210000000027
11
126.9874999999999972
21
-68.0750000000000028
0
LINE
8
BLACK
6
CONTINUOUS
10
126.9874999999999972
20
-68.0750000000000028
11
126.5124999999999886
21
-68.0750000000000028
0
LINE
8
BLACK
6
CONTINUOUS
10
126.5124999999999886
20
-68.0750000000000028
11
126.4216129999999936
21
-68.0569210000000027
0
LINE
8
BLACK
6
CONTINUOUS
10
126.4216129999999936
20
-68.0569210000000027
11
126.3445619999999963
21
-68.0054379999999981
0
LINE
8
BLACK
6
CONTINUOUS
10
126.3445619999999963
20
-68.0054379999999981
11
126.2930789999999917
21
-67.9283870000000007
0
LINE
8
BLACK
6
CONTINUOUS
10
126.2930789999999917
20
-67.9283870000000007
11
126.2749999999999915
21
-67.8374999999999915
0
LINE
8
BLACK
6
CONTINUOUS
10
126.2749999999999915
20
-67.8374999999999915
11
126.2749999999999915
21
-67.3374999999999915
0
LINE
8
BLACK
6
CONTINUOUS
10
126.2749999999999915
20
-67.3374999999999915
11
126.2930789999999917
21
-67.2466129999999964
0
LINE
8
BLACK
6
CONTINUOUS
10
126.2930789999999917
20
-67.2466129999999964
11
126.3445619999999963
21
-67.1695619999999991
0
LINE
8
BLACK
6
CONTINUOUS
10
126.3445619999999963
20
-67.1695619999999991
11
126.4216129999999936
21
-67.1180789999999945
0
LINE
8
BLACK
6
CONTINUOUS
10
126.4216129999999936
20
-67.1180789999999945
11
126.5124999999999886
21
-67.0999999999999943
0
LINE
8
BLACK
6
CONTINUOUS
10
126.5124999999999886
20
-67.0999999999999943
11
126.9874999999999972
21
-67.0999999999999943
0
LINE
8
BLACK
6
CONTINUOUS
10
126.9874999999999972
20
-67.0999999999999943
11
127.0783869999999922
21
-67.1180789999999945
0
LINE
8
BLACK
6
CONTINUOUS
10
131.5783869999999922
20
-67.1180789999999945
11
131.6554380000000037
21
-67.1695619999999991
0
LINE
8
BLACK
6
CONTINUOUS
10
131.6554380000000037
20
-67.1695619999999991
11
131.7069209999999941
21
-67.2466129999999964
0
LINE
8
BLACK
6
CONTINUOUS
10
131.7069209999999941
20
-67.2466129999999964
11
131.7249999999999943
21
-67.3374999999999915
0
LINE
8
BLACK
6
CONTINUOUS
10
131.7249999999999943
20
-67.3374999999999915
11
131.7249999999999943
21
-67.8374999999999915
0
LINE
8
BLACK
6
CONTINUOUS
10
131.7249999999999943
20
-67.8374999999999915
11
131.7069209999999941
21
-67.9283870000000007
0
LINE
8
BLACK
6
CONTINUOUS
10
131.7069209999999941
20
-67.9283870000000007
11
131.6554380000000037
21
-68.0054379999999981
0
LINE
8
BLACK
6
CONTINUOUS
10
131.6554380000000037
20
-68.0054379999999981
11
131.5783869999999922
21
-68.0569210000000027
0
LINE
8
BLACK
6
CONTINUOUS
10
131.5783869999999922
20
-68.0569210000000027
11
131.4874999999999829
21
-68.0750000000000028
0
LINE
8
BLACK
6
CONTINUOUS
10
131.4874999999999829
20
-68.0750000000000028
11
131.0124999999999886
21
-68.0750000000000028
0
LINE
8
BLACK
6
CONTINUOUS
10
131.0124999999999886
20
-68.0750000000000028
11
130.9216130000000078
21
-68.0569210000000027
0
LINE
8
BLACK
6
CONTINUOUS
10
130.9216130000000078
20
-68.0569210000000027
11
130.8445619999999963
21
-68.0054379999999981
0
LINE
8
BLACK
6
CONTINUOUS
10
130.8445619999999963
20
-68.0054379999999981
11
130.7930790000000059
21
-67.9283870000000007
0
LINE
8
BLACK
6
CONTINUOUS
10
130.7930790000000059
20
-67.9283870000000007
11
130.7750000000000057
21
-67.8374999999999915
0
LINE
8
BLACK
6
CONTINUOUS
10
130.7750000000000057
20
-67.8374999999999915
11
130.7750000000000057
21
-67.3374999999999915
0
LINE
8
BLACK
6
CONTINUOUS
10
130.7750000000000057
20
-67.3374999999999915
11
130.7930790000000059
21
-67.2466129999999964
0
LINE
8
BLACK
6
CONTINUOUS
10
130.7930790000000059
20
-67.2466129999999964
11
130.8445619999999963
21
-67.1695619999999991
0
LINE
8
BLACK
6
CONTINUOUS
10
130.8445619999999963
20
-67.1695619999999991
11
130.9216130000000078
21
-67.1180789999999945
0
LINE
8
BLACK
6
CONTINUOUS
10
130.9216130000000078
20
-67.1180789999999945
11
131.0124999999999886
21
-67.0999999999999943
0
LINE
8
BLACK
6
CONTINUOUS
10
131.0124999999999886
20
-67.0999999999999943
11
131.4874999999999829
21
-67.0999999999999943
0
LINE
8
BLACK
6
CONTINUOUS
10
131.4874999999999829
20
-67.0999999999999943
11
131.5783869999999922
21
-67.1180789999999945
0
LINE
8
BLACK
6
CONTINUOUS
10
142.0649410000000046
20
-67.4139589999999913
11
142.0892729999999915
21
-67.430216999999999
0
LINE
8
BLACK
6
CONTINUOUS
10
142.0892729999999915
20
-67.430216999999999
11
142.1055309999999849
21
-67.4545490000000001
0
LINE
8
BLACK
6
CONTINUOUS
10
142.1055309999999849
20
-67.4545490000000001
11
142.1112399999999809
21
-67.4832499999999982
0
LINE
8
BLACK
6
CONTINUOUS
10
142.1112399999999809
20
-67.4832499999999982
11
142.1112399999999809
21
-67.6332500000000039
0
LINE
8
BLACK
6
CONTINUOUS
10
142.1112399999999809
20
-67.6332500000000039
11
142.1055309999999849
21
-67.661951000000002
0
LINE
8
BLACK
6
CONTINUOUS
10
142.1055309999999849
20
-67.661951000000002
11
142.0892729999999915
21
-67.6862830000000031
0
LINE
8
BLACK
6
CONTINUOUS
10
142.0892729999999915
20
-67.6862830000000031
11
142.0649410000000046
21
-67.7025409999999965
0
LINE
8
BLACK
6
CONTINUOUS
10
142.0649410000000046
20
-67.7025409999999965
11
142.0362399999999923
21
-67.7082499999999925
0
LINE
8
BLACK
6
CONTINUOUS
10
142.0362399999999923
20
-67.7082499999999925
11
140.5862400000000036
21
-67.7082499999999925
0
LINE
8
BLACK
6
CONTINUOUS
10
140.5862400000000036
20
-67.7082499999999925
11
140.5575389999999913
21
-67.7025409999999965
0
LINE
8
BLACK
6
CONTINUOUS
10
140.5575389999999913
20
-67.7025409999999965
11
140.5332070000000044
21
-67.6862830000000031
0
LINE
8
BLACK
6
CONTINUOUS
10
140.5332070000000044
20
-67.6862830000000031
11
140.5169489999999826
21
-67.661951000000002
0
LINE
8
BLACK
6
CONTINUOUS
10
140.5169489999999826
20
-67.661951000000002
11
140.5112399999999866
21
-67.6332500000000039
0
LINE
8
BLACK
6
CONTINUOUS
10
140.5112399999999866
20
-67.6332500000000039
11
140.5112399999999866
21
-67.4832499999999982
0
LINE
8
BLACK
6
CONTINUOUS
10
140.5112399999999866
20
-67.4832499999999982
11
140.5169489999999826
21
-67.4545490000000001
0
LINE
8
BLACK
6
CONTINUOUS
10
140.5169489999999826
20
-67.4545490000000001
11
140.5332070000000044
21
-67.430216999999999
0
LINE
8
BLACK
6
CONTINUOUS
10
140.5332070000000044
20
-67.430216999999999
11
140.5575389999999913
21
-67.4139589999999913
0
LINE
8
BLACK
6
CONTINUOUS
10
140.5575389999999913
20
-67.4139589999999913
11
140.5862400000000036
21
-67.4082499999999953
0
LINE
8
BLACK
6
CONTINUOUS
10
140.5862400000000036
20
-67.4082499999999953
11
142.0362399999999923
21
-67.4082499999999953
0
LINE
8
BLACK
6
CONTINUOUS
10
142.0362399999999923
20
-67.4082499999999953
11
142.0649410000000046
21
-67.4139589999999913
0
LINE
8
BLACK
6
CONTINUOUS
10
157.4149409999999989
20
-67.4139589999999913
11
157.4392729999999858
21
-67.430216999999999
0
LINE
8
BLACK
6
CONTINUOUS
10
157.4392729999999858
20
-67.430216999999999
11
157.4555309999999793
21
-67.4545490000000001
0
LINE
8
BLACK
6
CONTINUOUS
10
157.4555309999999793
20
-67.4545490000000001
11
157.4612400000000036
21
-67.4832499999999982
0
LINE
8
BLACK
6
CONTINUOUS
10
157.4612400000000036
20
-67.4832499999999982
11
157.4612400000000036
21
-67.6332500000000039
0
LINE
8
BLACK
6
CONTINUOUS
10
157.4612400000000036
20
-67.6332500000000039
11
157.4555309999999793
21
-67.661951000000002
0
LINE
8
BLACK
6
CONTINUOUS
10
157.4555309999999793
20
-67.661951000000002
11
157.4392729999999858
21
-67.6862830000000031
0
LINE
8
BLACK
6
CONTINUOUS
10
157.4392729999999858
20
-67.6862830000000031
11
157.4149409999999989
21
-67.7025409999999965
0
LINE
8
BLACK
6
CONTINUOUS
10
157.4149409999999989
20
-67.7025409999999965
11
157.3862399999999866
21
-67.7082499999999925
0
LINE
8
BLACK
6
CONTINUOUS
10
157.3862399999999866
20
-67.7082499999999925
11
155.936239999999998
21
-67.7082499999999925
0
LINE
8
BLACK
6
CONTINUOUS
10
155.936239999999998
20
-67.7082499999999925
11
155.9075389999999857
21
-67.7025409999999965
0
LINE
8
BLACK
6
CONTINUOUS
10
155.9075389999999857
20
-67.7025409999999965
11
155.8832069999999987
21
-67.6862830000000031
0
LINE
8
BLACK
6
CONTINUOUS
10
155.8832069999999987
20
-67.6862830000000031
11
155.8669490000000053
21
-67.661951000000002
0
LINE
8
BLACK
6
CONTINUOUS
10
155.8669490000000053
20
-67.661951000000002
11
155.8612399999999809
21
-67.6332500000000039
0
LINE
8
BLACK
6
CONTINUOUS
10
155.8612399999999809
20
-67.6332500000000039
11
155.8612399999999809
21
-67.4832499999999982
0
LINE
8
BLACK
6
CONTINUOUS
10
155.8612399999999809
20
-67.4832499999999982
11
155.8669490000000053
21
-67.4545490000000001
0
LINE
8
BLACK
6
CONTINUOUS
10
155.8669490000000053
20
-67.4545490000000001
11
155.8832069999999987
21
-67.430216999999999
0
LINE
8
BLACK
6
CONTINUOUS
10
155.8832069999999987
20
-67.430216999999999
11
155.9075389999999857
21
-67.4139589999999913
0
LINE
8
BLACK
6
CONTINUOUS
10
155.9075389999999857
20
-67.4139589999999913
11
155.936239999999998
21
-67.4082499999999953
0
LINE
8
BLACK
6
CONTINUOUS
10
155.936239999999998
20
-67.4082499999999953
11
157.3862399999999866
21
-67.4082499999999953
0
LINE
8
BLACK
6
CONTINUOUS
10
157.3862399999999866
20
-67.4082499999999953
11
157.4149409999999989
21
-67.4139589999999913
0
LINE
8
BLACK
6
CONTINUOUS
10
142.0649410000000046
20
-66.9139589999999913
11
142.0892729999999915
21
-66.930216999999999
0
LINE
8
BLACK
6
CONTINUOUS
10
142.0892729999999915
20
-66.930216999999999
11
142.1055309999999849
21
-66.9545490000000001
0
LINE
8
BLACK
6
CONTINUOUS
10
142.1055309999999849
20
-66.9545490000000001
11
142.1112399999999809
21
-66.9832499999999982
0
LINE
8
BLACK
6
CONTINUOUS
10
142.1112399999999809
20
-66.9832499999999982
11
142.1112399999999809
21
-67.1332500000000039
0
LINE
8
BLACK
6
CONTINUOUS
10
142.1112399999999809
20
-67.1332500000000039
11
142.1055309999999849
21
-67.161951000000002
0
LINE
8
BLACK
6
CONTINUOUS
10
142.1055309999999849
20
-67.161951000000002
11
142.0892729999999915
21
-67.1862830000000031
0
LINE
8
BLACK
6
CONTINUOUS
10
142.0892729999999915
20
-67.1862830000000031
11
142.0649410000000046
21
-67.2025409999999965
0
LINE
8
BLACK
6
CONTINUOUS
10
142.0649410000000046
20
-67.2025409999999965
11
142.0362399999999923
21
-67.2082499999999925
0
LINE
8
BLACK
6
CONTINUOUS
10
142.0362399999999923
20
-67.2082499999999925
11
140.5862400000000036
21
-67.2082499999999925
0
LINE
8
BLACK
6
CONTINUOUS
10
140.5862400000000036
20
-67.2082499999999925
11
140.5575389999999913
21
-67.2025409999999965
0
LINE
8
BLACK
6
CONTINUOUS
10
140.5575389999999913
20
-67.2025409999999965
11
140.5332070000000044
21
-67.1862830000000031
0
LINE
8
BLACK
6
CONTINUOUS
10
140.5332070000000044
20
-67.1862830000000031
11
140.5169489999999826
21
-67.161951000000002
0
LINE
8
BLACK
6
CONTINUOUS
10
140.5169489999999826
20
-67.161951000000002
11
140.5112399999999866
21
-67.1332500000000039
0
LINE
8
BLACK
6
CONTINUOUS
10
140.5112399999999866
20
-67.1332500000000039
11
140.5112399999999866
21
-66.9832499999999982
0
LINE
8
BLACK
6
CONTINUOUS
10
140.5112399999999866
20
-66.9832499999999982
11
140.5169489999999826
21
-66.9545490000000001
0
LINE
8
BLACK
6
CONTINUOUS
10
140.5169489999999826
20
-66.9545490000000001
11
140.5332070000000044
21
-66.930216999999999
0
LINE
8
BLACK
6
CONTINUOUS
10
140.5332070000000044
20
-66.930216999999999
11
140.5575389999999913
21
-66.9139589999999913
0
LINE
8
BLACK
6
CONTINUOUS
10
140.5575389999999913
20
-66.9139589999999913
11
140.5862400000000036
21
-66.9082499999999953
0
LINE
8
BLACK
6
CONTINUOUS
10
140.5862400000000036
20
-66.9082499999999953
11
142.0362399999999923
21
-66.9082499999999953
0
LINE
8
BLACK
6
CONTINUOUS
10
142.0362399999999923
20
-66.9082499999999953
11
142.0649410000000046
21
-66.9139589999999913
0
LINE
8
BLACK
6
CONTINUOUS
10
157.4149409999999989
20
-66.9139589999999913
11
157.4392729999999858
21
-66.930216999999999
0
LINE
8
BLACK
6
CONTINUOUS
10
157.4392729999999858
20
-66.930216999999999
11
157.4555309999999793
21
-66.9545490000000001
0
LINE
8
BLACK
6
CONTINUOUS
10
157.4555309999999793
20
-66.9545490000000001
11
157.4612400000000036
21
-66.9832499999999982
0
LINE
8
BLACK
6
CONTINUOUS
10
157.4612400000000036
20
-66.9832499999999982
11
157.4612400000000036
21
-67.1332500000000039
0
LINE
8
BLACK
6
CONTINUOUS
10
157.4612400000000036
20
-67.1332500000000039
11
157.4555309999999793
21
-67.161951000000002
0
LINE
8
BLACK
6
CONTINUOUS
10
157.4555309999999793
20
-67.161951000000002
11
157.4392729999999858
21
-67.1862830000000031
0
LINE
8
BLACK
6
CONTINUOUS
10
157.4392729999999858
20
-67.1862830000000031
11
157.4149409999999989
21
-67.2025409999999965
0
LINE
8
BLACK
6
CONTINUOUS
10
157.4149409999999989
20
-67.2025409999999965
11
157.3862399999999866
21
-67.2082499999999925
0
LINE
8
BLACK
6
CONTINUOUS
10
157.3862399999999866
20
-67.2082499999999925
11
155.936239999999998
21
-67.2082499999999925
0
LINE
8
BLACK
6
CONTINUOUS
10
155.936239999999998
20
-67.2082499999999925
11
155.9075389999999857
21
-67.2025409999999965
0
LINE
8
BLACK
6
CONTINUOUS
10
155.9075389999999857
20
-67.2025409999999965
11
155.8832069999999987
21
-67.1862830000000031
0
LINE
8
BLACK
6
CONTINUOUS
10
155.8832069999999987
20
-67.1862830000000031
11
155.8669490000000053
21
-67.161951000000002
0
LINE
8
BLACK
6
CONTINUOUS
10
155.8669490000000053
20
-67.161951000000002
11
155.8612399999999809
21
-67.1332500000000039
0
LINE
8
BLACK
6
CONTINUOUS
10
155.8612399999999809
20
-67.1332500000000039
11
155.8612399999999809
21
-66.9832499999999982
0
LINE
8
BLACK
6
CONTINUOUS
10
155.8612399999999809
20
-66.9832499999999982
11
155.8669490000000053
21
-66.9545490000000001
0
LINE
8
BLACK
6
CONTINUOUS
10
155.8669490000000053
20
-66.9545490000000001
11
155.8832069999999987
21
-66.930216999999999
0
LINE
8
BLACK
6
CONTINUOUS
10
155.8832069999999987
20
-66.930216999999999
11
155.9075389999999857
21
-66.9139589999999913
0
LINE
8
BLACK
6
CONTINUOUS
10
155.9075389999999857
20
-66.9139589999999913
11
155.936239999999998
21
-66.9082499999999953
0
LINE
8
BLACK
6
CONTINUOUS
10
155.936239999999998
20
-66.9082499999999953
11
157.3862399999999866
21
-66.9082499999999953
0
LINE
8
BLACK
6
CONTINUOUS
10
157.3862399999999866
20
-66.9082499999999953
11
157.4149409999999989
21
-66.9139589999999913
0
LINE
8
BLACK
6
CONTINUOUS
10
120.6419999999999959
20
-66.9209999999999923
11
119.6419999999999959
21
-66.9209999999999923
0
LINE
8
BLACK
6
CONTINUOUS
10
119.6419999999999959
20
-66.9209999999999923
11
119.6419999999999959
21
-65.9209999999999923
0
LINE
8
BLACK
6
CONTINUOUS
10
119.6419999999999959
20
-65.9209999999999923
11
120.6419999999999959
21
-65.9209999999999923
0
LINE
8
BLACK
6
CONTINUOUS
10
120.6419999999999959
20
-65.9209999999999923
11
120.6419999999999959
21
-66.9209999999999923
0
LINE
8
BLACK
6
CONTINUOUS
10
179.3959999999999866
20
-66.9209999999999923
11
178.3959999999999866
21
-66.9209999999999923
0
LINE
8
BLACK
6
CONTINUOUS
10
178.3959999999999866
20
-66.9209999999999923
11
178.3959999999999866
21
-65.9209999999999923
0
LINE
8
BLACK
6
CONTINUOUS
10
178.3959999999999866
20
-65.9209999999999923
11
179.3959999999999866
21
-65.9209999999999923
0
LINE
8
BLACK
6
CONTINUOUS
10
179.3959999999999866
20
-65.9209999999999923
11
179.3959999999999866
21
-66.9209999999999923
0
LINE
8
BLACK
6
CONTINUOUS
10
142.0649410000000046
20
-66.4139589999999913
11
142.0892729999999915
21
-66.430216999999999
0
LINE
8
BLACK
6
CONTINUOUS
10
142.0892729999999915
20
-66.430216999999999
11
142.1055309999999849
21
-66.4545490000000001
0
LINE
8
BLACK
6
CONTINUOUS
10
142.1055309999999849
20
-66.4545490000000001
11
142.1112399999999809
21
-66.4832499999999982
0
LINE
8
BLACK
6
CONTINUOUS
10
142.1112399999999809
20
-66.4832499999999982
11
142.1112399999999809
21
-66.6332500000000039
0
LINE
8
BLACK
6
CONTINUOUS
10
142.1112399999999809
20
-66.6332500000000039
11
142.1055309999999849
21
-66.661951000000002
0
LINE
8
BLACK
6
CONTINUOUS
10
142.1055309999999849
20
-66.661951000000002
11
142.0892729999999915
21
-66.6862830000000031
0
LINE
8
BLACK
6
CONTINUOUS
10
142.0892729999999915
20
-66.6862830000000031
11
142.0649410000000046
21
-66.7025409999999965
0
LINE
8
BLACK
6
CONTINUOUS
10
142.0649410000000046
20
-66.7025409999999965
11
142.0362399999999923
21
-66.7082499999999925
0
LINE
8
BLACK
6
CONTINUOUS
10
142.0362399999999923
20
-66.7082499999999925
11
140.5862400000000036
21
-66.7082499999999925
0
LINE
8
BLACK
6
CONTINUOUS
10
140.5862400000000036
20
-66.7082499999999925
11
140.5575389999999913
21
-66.7025409999999965
0
LINE
8
BLACK
6
CONTINUOUS
10
140.5575389999999913
20
-66.7025409999999965
11
140.5332070000000044
21
-66.6862830000000031
0
LINE
8
BLACK
6
CONTINUOUS
10
140.5332070000000044
20
-66.6862830000000031
11
140.5169489999999826
21
-66.661951000000002
0
LINE
8
BLACK
6
CONTINUOUS
10
140.5169489999999826
20
-66.661951000000002
11
140.5112399999999866
21
-66.6332500000000039
0
LINE
8
BLACK
6
CONTINUOUS
10
140.5112399999999866
20
-66.6332500000000039
11
140.5112399999999866
21
-66.4832499999999982
0
LINE
8
BLACK
6
CONTINUOUS
10
140.5112399999999866
20
-66.4832499999999982
11
140.5169489999999826
21
-66.4545490000000001
0
LINE
8
BLACK
6
CONTINUOUS
10
140.5169489999999826
20
-66.4545490000000001
11
140.5332070000000044
21
-66.430216999999999
0
LINE
8
BLACK
6
CONTINUOUS
10
140.5332070000000044
20
-66.430216999999999
11
140.5575389999999913
21
-66.4139589999999913
0
LINE
8
BLACK
6
CONTINUOUS
10
140.5575389999999913
20
-66.4139589999999913
11
140.5862400000000036
21
-66.4082499999999953
0
LINE
8
BLACK
6
CONTINUOUS
10
140.5862400000000036
20
-66.4082499999999953
11
142.0362399999999923
21
-66.4082499999999953
0
LINE
8
BLACK
6
CONTINUOUS
10
142.0362399999999923
20
-66.4082499999999953
11
142.0649410000000046
21
-66.4139589999999913
0
LINE
8
BLACK
6
CONTINUOUS
10
157.4149409999999989
20
-66.4139589999999913
11
157.4392729999999858
21
-66.430216999999999
0
LINE
8
BLACK
6
CONTINUOUS
10
157.4392729999999858
20
-66.430216999999999
11
157.4555309999999793
21
-66.4545490000000001
0
LINE
8
BLACK
6
CONTINUOUS
10
157.4555309999999793
20
-66.4545490000000001
11
157.4612400000000036
21
-66.4832499999999982
0
LINE
8
BLACK
6
CONTINUOUS
10
157.4612400000000036
20
-66.4832499999999982
11
157.4612400000000036
21
-66.6332500000000039
0
LINE
8
BLACK
6
CONTINUOUS
10
157.4612400000000036
20
-66.6332500000000039
11
157.4555309999999793
21
-66.661951000000002
0
LINE
8
BLACK
6
CONTINUOUS
10
157.4555309999999793
20
-66.661951000000002
11
157.4392729999999858
21
-66.6862830000000031
0
LINE
8
BLACK
6
CONTINUOUS
10
157.4392729999999858
20
-66.6862830000000031
11
157.4149409999999989
21
-66.7025409999999965
0
LINE
8
BLACK
6
CONTINUOUS
10
157.4149409999999989
20
-66.7025409999999965
11
157.3862399999999866
21
-66.7082499999999925
0
LINE
8
BLACK
6
CONTINUOUS
10
157.3862399999999866
20
-66.7082499999999925
11
155.936239999999998
21
-66.7082499999999925
0
LINE
8
BLACK
6
CONTINUOUS
10
155.936239999999998
20
-66.7082499999999925
11
155.9075389999999857
21
-66.7025409999999965
0
LINE
8
BLACK
6
CONTINUOUS
10
155.9075389999999857
20
-66.7025409999999965
11
155.8832069999999987
21
-66.6862830000000031
0
LINE
8
BLACK
6
CONTINUOUS
10
155.8832069999999987
20
-66.6862830000000031
11
155.8669490000000053
21
-66.661951000000002
0
LINE
8
BLACK
6
CONTINUOUS
10
155.8669490000000053
20
-66.661951000000002
11
155.8612399999999809
21
-66.6332500000000039
0
LINE
8
BLACK
6
CONTINUOUS
10
155.8612399999999809
20
-66.6332500000000039
11
155.8612399999999809
21
-66.4832499999999982
0
LINE
8
BLACK
6
CONTINUOUS
10
155.8612399999999809
20
-66.4832499999999982
11
155.8669490000000053
21
-66.4545490000000001
0
LINE
8
BLACK
6
CONTINUOUS
10
155.8669490000000053
20
-66.4545490000000001
11
155.8832069999999987
21
-66.430216999999999
0
LINE
8
BLACK
6
CONTINUOUS
10
155.8832069999999987
20
-66.430216999999999
11
155.9075389999999857
21
-66.4139589999999913
0
LINE
8
BLACK
6
CONTINUOUS
10
155.9075389999999857
20
-66.4139589999999913
11
155.936239999999998
21
-66.4082499999999953
0
LINE
8
BLACK
6
CONTINUOUS
10
155.936239999999998
20
-66.4082499999999953
11
157.3862399999999866
21
-66.4082499999999953
0
LINE
8
BLACK
6
CONTINUOUS
10
157.3862399999999866
20
-66.4082499999999953
11
157.4149409999999989
21
-66.4139589999999913
0
LINE
8
BLACK
6
CONTINUOUS
10
142.0649410000000046
20
-65.9139589999999913
11
142.0892729999999915
21
-65.930216999999999
0
LINE
8
BLACK
6
CONTINUOUS
10
142.0892729999999915
20
-65.930216999999999
11
142.1055309999999849
21
-65.9545490000000001
0
LINE
8
BLACK
6
CONTINUOUS
10
142.1055309999999849
20
-65.9545490000000001
11
142.1112399999999809
21
-65.9832499999999982
0
LINE
8
BLACK
6
CONTINUOUS
10
142.1112399999999809
20
-65.9832499999999982
11
142.1112399999999809
21
-66.1332500000000039
0
LINE
8
BLACK
6
CONTINUOUS
10
142.1112399999999809
20
-66.1332500000000039
11
142.1055309999999849
21
-66.161951000000002
0
LINE
8
BLACK
6
CONTINUOUS
10
142.1055309999999849
20
-66.161951000000002
11
142.0892729999999915
21
-66.1862830000000031
0
LINE
8
BLACK
6
CONTINUOUS
10
142.0892729999999915
20
-66.1862830000000031
11
142.0649410000000046
21
-66.2025409999999965
0
LINE
8
BLACK
6
CONTINUOUS
10
142.0649410000000046
20
-66.2025409999999965
11
142.0362399999999923
21
-66.2082499999999925
0
LINE
8
BLACK
6
CONTINUOUS
10
142.0362399999999923
20
-66.2082499999999925
11
140.5862400000000036
21
-66.2082499999999925
0
LINE
8
BLACK
6
CONTINUOUS
10
140.5862400000000036
20
-66.2082499999999925
11
140.5575389999999913
21
-66.2025409999999965
0
LINE
8
BLACK
6
CONTINUOUS
10
140.5575389999999913
20
-66.2025409999999965
11
140.5332070000000044
21
-66.1862830000000031
0
LINE
8
BLACK
6
CONTINUOUS
10
140.5332070000000044
20
-66.1862830000000031
11
140.5169489999999826
21
-66.161951000000002
0
LINE
8
BLACK
6
CONTINUOUS
10
140.5169489999999826
20
-66.161951000000002
11
140.5112399999999866
21
-66.1332500000000039
0
LINE
8
BLACK
6
CONTINUOUS
10
140.5112399999999866
20
-66.1332500000000039
11
140.5112399999999866
21
-65.9832499999999982
0
LINE
8
BLACK
6
CONTINUOUS
10
140.5112399999999866
20
-65.9832499999999982
11
140.5169489999999826
21
-65.9545490000000001
0
LINE
8
BLACK
6
CONTINUOUS
10
140.5169489999999826
20
-65.9545490000000001
11
140.5332070000000044
21
-65.930216999999999
0
LINE
8
BLACK
6
CONTINUOUS
10
140.5332070000000044
20
-65.930216999999999
11
140.5575389999999913
21
-65.9139589999999913
0
LINE
8
BLACK
6
CONTINUOUS
10
140.5575389999999913
20
-65.9139589999999913
11
140.5862400000000036
21
-65.9082499999999953
0
LINE
8
BLACK
6
CONTINUOUS
10
140.5862400000000036
20
-65.9082499999999953
11
142.0362399999999923
21
-65.9082499999999953
0
LINE
8
BLACK
6
CONTINUOUS
10
142.0362399999999923
20
-65.9082499999999953
11
142.0649410000000046
21
-65.9139589999999913
0
LINE
8
BLACK
6
CONTINUOUS
10
157.4149409999999989
20
-65.9139589999999913
11
157.4392729999999858
21
-65.930216999999999
0
LINE
8
BLACK
6
CONTINUOUS
10
157.4392729999999858
20
-65.930216999999999
11
157.4555309999999793
21
-65.9545490000000001
0
LINE
8
BLACK
6
CONTINUOUS
10
157.4555309999999793
20
-65.9545490000000001
11
157.4612400000000036
21
-65.9832499999999982
0
LINE
8
BLACK
6
CONTINUOUS
10
157.4612400000000036
20
-65.9832499999999982
11
157.4612400000000036
21
-66.1332500000000039
0
LINE
8
BLACK
6
CONTINUOUS
10
157.4612400000000036
20
-66.1332500000000039
11
157.4555309999999793
21
-66.161951000000002
0
LINE
8
BLACK
6
CONTINUOUS
10
157.4555309999999793
20
-66.161951000000002
11
157.4392729999999858
21
-66.1862830000000031
0
LINE
8
BLACK
6
CONTINUOUS
10
157.4392729999999858
20
-66.1862830000000031
11
157.4149409999999989
21
-66.2025409999999965
0
LINE
8
BLACK
6
CONTINUOUS
10
157.4149409999999989
20
-66.2025409999999965
11
157.3862399999999866
21
-66.2082499999999925
0
LINE
8
BLACK
6
CONTINUOUS
10
157.3862399999999866
20
-66.2082499999999925
11
155.936239999999998
21
-66.2082499999999925
0
LINE
8
BLACK
6
CONTINUOUS
10
155.936239999999998
20
-66.2082499999999925
11
155.9075389999999857
21
-66.2025409999999965
0
LINE
8
BLACK
6
CONTINUOUS
10
155.9075389999999857
20
-66.2025409999999965
11
155.8832069999999987
21
-66.1862830000000031
0
LINE
8
BLACK
6
CONTINUOUS
10
155.8832069999999987
20
-66.1862830000000031
11
155.8669490000000053
21
-66.161951000000002
0
LINE
8
BLACK
6
CONTINUOUS
10
155.8669490000000053
20
-66.161951000000002
11
155.8612399999999809
21
-66.1332500000000039
0
LINE
8
BLACK
6
CONTINUOUS
10
155.8612399999999809
20
-66.1332500000000039
11
155.8612399999999809
21
-65.9832499999999982
0
LINE
8
BLACK
6
CONTINUOUS
10
155.8612399999999809
20
-65.9832499999999982
11
155.8669490000000053
21
-65.9545490000000001
0
LINE
8
BLACK
6
CONTINUOUS
10
155.8669490000000053
20
-65.9545490000000001
11
155.8832069999999987
21
-65.930216999999999
0
LINE
8
BLACK
6
CONTINUOUS
10
155.8832069999999987
20
-65.930216999999999
11
155.9075389999999857
21
-65.9139589999999913
0
LINE
8
BLACK
6
CONTINUOUS
10
155.9075389999999857
20
-65.9139589999999913
11
155.936239999999998
21
-65.9082499999999953
0
LINE
8
BLACK
6
CONTINUOUS
10
155.936239999999998
20
-65.9082499999999953
11
157.3862399999999866
21
-65.9082499999999953
0
LINE
8
BLACK
6
CONTINUOUS
10
157.3862399999999866
20
-65.9082499999999953
11
157.4149409999999989
21
-65.9139589999999913
0
LINE
8
BLACK
6
CONTINUOUS
10
142.0649410000000046
20
-65.4139589999999913
11
142.0892729999999915
21
-65.430216999999999
0
LINE
8
BLACK
6
CONTINUOUS
10
142.0892729999999915
20
-65.430216999999999
11
142.1055309999999849
21
-65.4545490000000001
0
LINE
8
BLACK
6
CONTINUOUS
10
142.1055309999999849
20
-65.4545490000000001
11
142.1112399999999809
21
-65.4832499999999982
0
LINE
8
BLACK
6
CONTINUOUS
10
142.1112399999999809
20
-65.4832499999999982
11
142.1112399999999809
21
-65.6332500000000039
0
LINE
8
BLACK
6
CONTINUOUS
10
142.1112399999999809
20
-65.6332500000000039
11
142.1055309999999849
21
-65.661951000000002
0
LINE
8
BLACK
6
CONTINUOUS
10
142.1055309999999849
20
-65.661951000000002
11
142.0892729999999915
21
-65.6862830000000031
0
LINE
8
BLACK
6
CONTINUOUS
10
142.0892729999999915
20
-65.6862830000000031
11
142.0649410000000046
21
-65.7025409999999965
0
LINE
8
BLACK
6
CONTINUOUS
10
142.0649410000000046
20
-65.7025409999999965
11
142.0362399999999923
21
-65.7082499999999925
0
LINE
8
BLACK
6
CONTINUOUS
10
142.0362399999999923
20
-65.7082499999999925
11
140.5862400000000036
21
-65.7082499999999925
0
LINE
8
BLACK
6
CONTINUOUS
10
140.5862400000000036
20
-65.7082499999999925
11
140.5575389999999913
21
-65.7025409999999965
0
LINE
8
BLACK
6
CONTINUOUS
10
140.5575389999999913
20
-65.7025409999999965
11
140.5332070000000044
21
-65.6862830000000031
0
LINE
8
BLACK
6
CONTINUOUS
10
140.5332070000000044
20
-65.6862830000000031
11
140.5169489999999826
21
-65.661951000000002
0
LINE
8
BLACK
6
CONTINUOUS
10
140.5169489999999826
20
-65.661951000000002
11
140.5112399999999866
21
-65.6332500000000039
0
LINE
8
BLACK
6
CONTINUOUS
10
140.5112399999999866
20
-65.6332500000000039
11
140.5112399999999866
21
-65.4832499999999982
0
LINE
8
BLACK
6
CONTINUOUS
10
140.5112399999999866
20
-65.4832499999999982
11
140.5169489999999826
21
-65.4545490000000001
0
LINE
8
BLACK
6
CONTINUOUS
10
140.5169489999999826
20
-65.4545490000000001
11
140.5332070000000044
21
-65.430216999999999
0
LINE
8
BLACK
6
CONTINUOUS
10
140.5332070000000044
20
-65.430216999999999
11
140.5575389999999913
21
-65.4139589999999913
0
LINE
8
BLACK
6
CONTINUOUS
10
140.5575389999999913
20
-65.4139589999999913
11
140.5862400000000036
21
-65.4082499999999953
0
LINE
8
BLACK
6
CONTINUOUS
10
140.5862400000000036
20
-65.4082499999999953
11
142.0362399999999923
21
-65.4082499999999953
0
LINE
8
BLACK
6
CONTINUOUS
10
142.0362399999999923
20
-65.4082499999999953
11
142.0649410000000046
21
-65.4139589999999913
0
LINE
8
BLACK
6
CONTINUOUS
10
157.4149409999999989
20
-65.4139589999999913
11
157.4392729999999858
21
-65.430216999999999
0
LINE
8
BLACK
6
CONTINUOUS
10
157.4392729999999858
20
-65.430216999999999
11
157.4555309999999793
21
-65.4545490000000001
0
LINE
8
BLACK
6
CONTINUOUS
10
157.4555309999999793
20
-65.4545490000000001
11
157.4612400000000036
21
-65.4832499999999982
0
LINE
8
BLACK
6
CONTINUOUS
10
157.4612400000000036
20
-65.4832499999999982
11
157.4612400000000036
21
-65.6332500000000039
0
LINE
8
BLACK
6
CONTINUOUS
10
157.4612400000000036
20
-65.6332500000000039
11
157.4555309999999793
21
-65.661951000000002
0
LINE
8
BLACK
6
CONTINUOUS
10
157.4555309999999793
20
-65.661951000000002
11
157.4392729999999858
21
-65.6862830000000031
0
LINE
8
BLACK
6
CONTINUOUS
10
157.4392729999999858
20
-65.6862830000000031
11
157.4149409999999989
21
-65.7025409999999965
0
LINE
8
BLACK
6
CONTINUOUS
10
157.4149409999999989
20
-65.7025409999999965
11
157.3862399999999866
21
-65.7082499999999925
0
LINE
8
BLACK
6
CONTINUOUS
10
157.3862399999999866
20
-65.7082499999999925
11
155.936239999999998
21
-65.7082499999999925
0
LINE
8
BLACK
6
CONTINUOUS
10
155.936239999999998
20
-65.7082499999999925
11
155.9075389999999857
21
-65.7025409999999965
0
LINE
8
BLACK
6
CONTINUOUS
10
155.9075389999999857
20
-65.7025409999999965
11
155.8832069999999987
21
-65.6862830000000031
0
LINE
8
BLACK
6
CONTINUOUS
10
155.8832069999999987
20
-65.6862830000000031
11
155.8669490000000053
21
-65.661951000000002
0
LINE
8
BLACK
6
CONTINUOUS
10
155.8669490000000053
20
-65.661951000000002
11
155.8612399999999809
21
-65.6332500000000039
0
LINE
8
BLACK
6
CONTINUOUS
10
155.8612399999999809
20
-65.6332500000000039
11
155.8612399999999809
21
-65.4832499999999982
0
LINE
8
BLACK
6
CONTINUOUS
10
155.8612399999999809
20
-65.4832499999999982
11
155.8669490000000053
21
-65.4545490000000001
0
LINE
8
BLACK
6
CONTINUOUS
10
155.8669490000000053
20
-65.4545490000000001
11
155.8832069999999987
21
-65.430216999999999
0
LINE
8
BLACK
6
CONTINUOUS
10
155.8832069999999987
20
-65.430216999999999
11
155.9075389999999857
21
-65.4139589999999913
0
LINE
8
BLACK
6
CONTINUOUS
10
155.9075389999999857
20
-65.4139589999999913
11
155.936239999999998
21
-65.4082499999999953
0
LINE
8
BLACK
6
CONTINUOUS
10
155.936239999999998
20
-65.4082499999999953
11
157.3862399999999866
21
-65.4082499999999953
0
LINE
8
BLACK
6
CONTINUOUS
10
157.3862399999999866
20
-65.4082499999999953
11
157.4149409999999989
21
-65.4139589999999913
0
LINE
8
BLACK
6
CONTINUOUS
10
143.0899409999999818
20
-63.0889589999999956
11
143.1142729999999972
21
-63.1052169999999961
0
LINE
8
BLACK
6
CONTINUOUS
10
143.1142729999999972
20
-63.1052169999999961
11
143.1305309999999906
21
-63.1295489999999972
0
LINE
8
BLACK
6
CONTINUOUS
10
143.1305309999999906
20
-63.1295489999999972
11
143.1362399999999866
21
-63.1582499999999953
0
LINE
8
BLACK
6
CONTINUOUS
10
143.1362399999999866
20
-63.1582499999999953
11
143.1362399999999866
21
-64.6082499999999982
0
LINE
8
BLACK
6
CONTINUOUS
10
143.1362399999999866
20
-64.6082499999999982
11
143.1305309999999906
21
-64.6369509999999963
0
LINE
8
BLACK
6
CONTINUOUS
10
143.1305309999999906
20
-64.6369509999999963
11
143.1142729999999972
21
-64.6612829999999974
0
LINE
8
BLACK
6
CONTINUOUS
10
143.1142729999999972
20
-64.6612829999999974
11
143.0899409999999818
21
-64.6775409999999908
0
LINE
8
BLACK
6
CONTINUOUS
10
143.0899409999999818
20
-64.6775409999999908
11
143.061239999999998
21
-64.683250000000001
0
LINE
8
BLACK
6
CONTINUOUS
10
143.061239999999998
20
-64.683250000000001
11
142.9112399999999923
21
-64.683250000000001
0
LINE
8
BLACK
6
CONTINUOUS
10
142.9112399999999923
20
-64.683250000000001
11
142.88253899999998
21
-64.6775409999999908
0
LINE
8
BLACK
6
CONTINUOUS
10
142.88253899999998
20
-64.6775409999999908
11
142.8582069999999931
21
-64.6612829999999974
0
LINE
8
BLACK
6
CONTINUOUS
10
142.8582069999999931
20
-64.6612829999999974
11
142.8419489999999996
21
-64.6369509999999963
0
LINE
8
BLACK
6
CONTINUOUS
10
142.8419489999999996
20
-64.6369509999999963
11
142.8362400000000036
21
-64.6082499999999982
0
LINE
8
BLACK
6
CONTINUOUS
10
142.8362400000000036
20
-64.6082499999999982
11
142.8362400000000036
21
-63.1582499999999953
0
LINE
8
BLACK
6
CONTINUOUS
10
142.8362400000000036
20
-63.1582499999999953
11
142.8419489999999996
21
-63.1295489999999972
0
LINE
8
BLACK
6
CONTINUOUS
10
142.8419489999999996
20
-63.1295489999999972
11
142.8582069999999931
21
-63.1052169999999961
0
LINE
8
BLACK
6
CONTINUOUS
10
142.8582069999999931
20
-63.1052169999999961
11
142.88253899999998
21
-63.0889589999999956
0
LINE
8
BLACK
6
CONTINUOUS
10
142.88253899999998
20
-63.0889589999999956
11
142.9112399999999923
21
-63.0832499999999996
0
LINE
8
BLACK
6
CONTINUOUS
10
142.9112399999999923
20
-63.0832499999999996
11
143.061239999999998
21
-63.0832499999999996
0
LINE
8
BLACK
6
CONTINUOUS
10
143.061239999999998
20
-63.0832499999999996
11
143.0899409999999818
21
-63.0889589999999956
0
LINE
8
BLACK
6
CONTINUOUS
10
143.5899409999999818
20
-63.0889589999999956
11
143.6142729999999972
21
-63.1052169999999961
0
LINE
8
BLACK
6
CONTINUOUS
10
143.6142729999999972
20
-63.1052169999999961
11
143.6305309999999906
21
-63.1295489999999972
0
LINE
8
BLACK
6
CONTINUOUS
10
143.6305309999999906
20
-63.1295489999999972
11
143.6362399999999866
21
-63.1582499999999953
0
LINE
8
BLACK
6
CONTINUOUS
10
143.6362399999999866
20
-63.1582499999999953
11
143.6362399999999866
21
-64.6082499999999982
0
LINE
8
BLACK
6
CONTINUOUS
10
143.6362399999999866
20
-64.6082499999999982
11
143.6305309999999906
21
-64.6369509999999963
0
LINE
8
BLACK
6
CONTINUOUS
10
143.6305309999999906
20
-64.6369509999999963
11
143.6142729999999972
21
-64.6612829999999974
0
LINE
8
BLACK
6
CONTINUOUS
10
143.6142729999999972
20
-64.6612829999999974
11
143.5899409999999818
21
-64.6775409999999908
0
LINE
8
BLACK
6
CONTINUOUS
10
143.5899409999999818
20
-64.6775409999999908
11
143.561239999999998
21
-64.683250000000001
0
LINE
8
BLACK
6
CONTINUOUS
10
143.561239999999998
20
-64.683250000000001
11
143.4112399999999923
21
-64.683250000000001
0
LINE
8
BLACK
6
CONTINUOUS
10
143.4112399999999923
20
-64.683250000000001
11
143.38253899999998
21
-64.6775409999999908
0
LINE
8
BLACK
6
CONTINUOUS
10
143.38253899999998
20
-64.6775409999999908
11
143.3582069999999931
21
-64.6612829999999974
0
LINE
8
BLACK
6
CONTINUOUS
10
143.3582069999999931
20
-64.6612829999999974
11
143.3419489999999996
21
-64.6369509999999963
0
LINE
8
BLACK
6
CONTINUOUS
10
143.3419489999999996
20
-64.6369509999999963
11
143.3362400000000036
21
-64.6082499999999982
0
LINE
8
BLACK
6
CONTINUOUS
10
143.3362400000000036
20
-64.6082499999999982
11
143.3362400000000036
21
-63.1582499999999953
0
LINE
8
BLACK
6
CONTINUOUS
10
143.3362400000000036
20
-63.1582499999999953
11
143.3419489999999996
21
-63.1295489999999972
0
LINE
8
BLACK
6
CONTINUOUS
10
143.3419489999999996
20
-63.1295489999999972
11
143.3582069999999931
21
-63.1052169999999961
0
LINE
8
BLACK
6
CONTINUOUS
10
143.3582069999999931
20
-63.1052169999999961
11
143.38253899999998
21
-63.0889589999999956
0
LINE
8
BLACK
6
CONTINUOUS
10
143.38253899999998
20
-63.0889589999999956
11
143.4112399999999923
21
-63.0832499999999996
0
LINE
8
BLACK
6
CONTINUOUS
10
143.4112399999999923
20
-63.0832499999999996
11
143.561239999999998
21
-63.0832499999999996
0
LINE
8
BLACK
6
CONTINUOUS
10
143.561239999999998
20
-63.0832499999999996
11
143.5899409999999818
21
-63.0889589999999956
0
LINE
8
BLACK
6
CONTINUOUS
10
144.0899409999999818
20
-63.0889589999999956
11
144.1142729999999972
21
-63.1052169999999961
0
LINE
8
BLACK
6
CONTINUOUS
10
144.1142729999999972
20
-63.1052169999999961
11
144.1305309999999906
21
-63.1295489999999972
0
LINE
8
BLACK
6
CONTINUOUS
10
144.1305309999999906
20
-63.1295489999999972
11
144.1362399999999866
21
-63.1582499999999953
0
LINE
8
BLACK
6
CONTINUOUS
10
144.1362399999999866
20
-63.1582499999999953
11
144.1362399999999866
21
-64.6082499999999982
0
LINE
8
BLACK
6
CONTINUOUS
10
144.1362399999999866
20
-64.6082499999999982
11
144.1305309999999906
21
-64.6369509999999963
0
LINE
8
BLACK
6
CONTINUOUS
10
144.1305309999999906
20
-64.6369509999999963
11
144.1142729999999972
21
-64.6612829999999974
0
LINE
8
BLACK
6
CONTINUOUS
10
144.1142729999999972
20
-64.6612829999999974
11
144.0899409999999818
21
-64.6775409999999908
0
LINE
8
BLACK
6
CONTINUOUS
10
144.0899409999999818
20
-64.6775409999999908
11
144.061239999999998
21
-64.683250000000001
0
LINE
8
BLACK
6
CONTINUOUS
10
144.061239999999998
20
-64.683250000000001
11
143.9112399999999923
21
-64.683250000000001
0
LINE
8
BLACK
6
CONTINUOUS
10
143.9112399999999923
20
-64.683250000000001
11
143.88253899999998
21
-64.6775409999999908
0
LINE
8
BLACK
6
CONTINUOUS
10
143.88253899999998
20
-64.6775409999999908
11
143.8582069999999931
21
-64.6612829999999974
0
LINE
8
BLACK
6
CONTINUOUS
10
143.8582069999999931
20
-64.6612829999999974
11
143.8419489999999996
21
-64.6369509999999963
0
LINE
8
BLACK
6
CONTINUOUS
10
143.8419489999999996
20
-64.6369509999999963
11
143.8362400000000036
21
-64.6082499999999982
0
LINE
8
BLACK
6
CONTINUOUS
10
143.8362400000000036
20
-64.6082499999999982
11
143.8362400000000036
21
-63.1582499999999953
0
LINE
8
BLACK
6
CONTINUOUS
10
143.8362400000000036
20
-63.1582499999999953
11
143.8419489999999996
21
-63.1295489999999972
0
LINE
8
BLACK
6
CONTINUOUS
10
143.8419489999999996
20
-63.1295489999999972
11
143.8582069999999931
21
-63.1052169999999961
0
LINE
8
BLACK
6
CONTINUOUS
10
143.8582069999999931
20
-63.1052169999999961
11
143.88253899999998
21
-63.0889589999999956
0
LINE
8
BLACK
6
CONTINUOUS
10
143.88253899999998
20
-63.0889589999999956
11
143.9112399999999923
21
-63.0832499999999996
0
LINE
8
BLACK
6
CONTINUOUS
10
143.9112399999999923
20
-63.0832499999999996
11
144.061239999999998
21
-63.0832499999999996
0
LINE
8
BLACK
6
CONTINUOUS
10
144.061239999999998
20
-63.0832499999999996
11
144.0899409999999818
21
-63.0889589999999956
0
LINE
8
BLACK
6
CONTINUOUS
10
144.5899409999999818
20
-63.0889589999999956
11
144.6142729999999972
21
-63.1052169999999961
0
LINE
8
BLACK
6
CONTINUOUS
10
144.6142729999999972
20
-63.1052169999999961
11
144.6305309999999906
21
-63.1295489999999972
0
LINE
8
BLACK
6
CONTINUOUS
10
144.6305309999999906
20
-63.1295489999999972
11
144.6362399999999866
21
-63.1582499999999953
0
LINE
8
BLACK
6
CONTINUOUS
10
144.6362399999999866
20
-63.1582499999999953
11
144.6362399999999866
21
-64.6082499999999982
0
LINE
8
BLACK
6
CONTINUOUS
10
144.6362399999999866
20
-64.6082499999999982
11
144.6305309999999906
21
-64.6369509999999963
0
LINE
8
BLACK
6
CONTINUOUS
10
144.6305309999999906
20
-64.6369509999999963
11
144.6142729999999972
21
-64.6612829999999974
0
LINE
8
BLACK
6
CONTINUOUS
10
144.6142729999999972
20
-64.6612829999999974
11
144.5899409999999818
21
-64.6775409999999908
0
LINE
8
BLACK
6
CONTINUOUS
10
144.5899409999999818
20
-64.6775409999999908
11
144.561239999999998
21
-64.683250000000001
0
LINE
8
BLACK
6
CONTINUOUS
10
144.561239999999998
20
-64.683250000000001
11
144.4112399999999923
21
-64.683250000000001
0
LINE
8
BLACK
6
CONTINUOUS
10
144.4112399999999923
20
-64.683250000000001
11
144.38253899999998
21
-64.6775409999999908
0
LINE
8
BLACK
6
CONTINUOUS
10
144.38253899999998
20
-64.6775409999999908
11
144.3582069999999931
21
-64.6612829999999974
0
LINE
8
BLACK
6
CONTINUOUS
10
144.3582069999999931
20
-64.6612829999999974
11
144.3419489999999996
21
-64.6369509999999963
0
LINE
8
BLACK
6
CONTINUOUS
10
144.3419489999999996
20
-64.6369509999999963
11
144.3362400000000036
21
-64.6082499999999982
0
LINE
8
BLACK
6
CONTINUOUS
10
144.3362400000000036
20
-64.6082499999999982
11
144.3362400000000036
21
-63.1582499999999953
0
LINE
8
BLACK
6
CONTINUOUS
10
144.3362400000000036
20
-63.1582499999999953
11
144.3419489999999996
21
-63.1295489999999972
0
LINE
8
BLACK
6
CONTINUOUS
10
144.3419489999999996
20
-63.1295489999999972
11
144.3582069999999931
21
-63.1052169999999961
0
LINE
8
BLACK
6
CONTINUOUS
10
144.3582069999999931
20
-63.1052169999999961
11
144.38253899999998
21
-63.0889589999999956
0
LINE
8
BLACK
6
CONTINUOUS
10
144.38253899999998
20
-63.0889589999999956
11
144.4112399999999923
21
-63.0832499999999996
0
LINE
8
BLACK
6
CONTINUOUS
10
144.4112399999999923
20
-63.0832499999999996
11
144.561239999999998
21
-63.0832499999999996
0
LINE
8
BLACK
6
CONTINUOUS
10
144.561239999999998
20
-63.0832499999999996
11
144.5899409999999818
21
-63.0889589999999956
0
LINE
8
BLACK
6
CONTINUOUS
10
145.0899409999999818
20
-63.0889589999999956
11
145.1142729999999972
21
-63.1052169999999961
0
LINE
8
BLACK
6
CONTINUOUS
10
145.1142729999999972
20
-63.1052169999999961
11
145.1305309999999906
21
-63.1295489999999972
0
LINE
8
BLACK
6
CONTINUOUS
10
145.1305309999999906
20
-63.1295489999999972
11
145.1362399999999866
21
-63.1582499999999953
0
LINE
8
BLACK
6
CONTINUOUS
10
145.1362399999999866
20
-63.1582499999999953
11
145.1362399999999866
21
-64.6082499999999982
0
LINE
8
BLACK
6
CONTINUOUS
10
145.1362399999999866
20
-64.6082499999999982
11
145.1305309999999906
21
-64.6369509999999963
0
LINE
8
BLACK
6
CONTINUOUS
10
145.1305309999999906
20
-64.6369509999999963
11
145.1142729999999972
21
-64.6612829999999974
0
LINE
8
BLACK
6
CONTINUOUS
10
145.1142729999999972
20
-64.6612829999999974
11
145.0899409999999818
21
-64.6775409999999908
0
LINE
8
BLACK
6
CONTINUOUS
10
145.0899409999999818
20
-64.6775409999999908
11
145.061239999999998
21
-64.683250000000001
0
LINE
8
BLACK
6
CONTINUOUS
10
145.061239999999998
20
-64.683250000000001
11
144.9112399999999923
21
-64.683250000000001
0
LINE
8
BLACK
6
CONTINUOUS
10
144.9112399999999923
20
-64.683250000000001
11
144.88253899999998
21
-64.6775409999999908
0
LINE
8
BLACK
6
CONTINUOUS
10
144.88253899999998
20
-64.6775409999999908
11
144.8582069999999931
21
-64.6612829999999974
0
LINE
8
BLACK
6
CONTINUOUS
10
144.8582069999999931
20
-64.6612829999999974
11
144.8419489999999996
21
-64.6369509999999963
0
LINE
8
BLACK
6
CONTINUOUS
10
144.8419489999999996
20
-64.6369509999999963
11
144.8362400000000036
21
-64.6082499999999982
0
LINE
8
BLACK
6
CONTINUOUS
10
144.8362400000000036
20
-64.6082499999999982
11
144.8362400000000036
21
-63.1582499999999953
0
LINE
8
BLACK
6
CONTINUOUS
10
144.8362400000000036
20
-63.1582499999999953
11
144.8419489999999996
21
-63.1295489999999972
0
LINE
8
BLACK
6
CONTINUOUS
10
144.8419489999999996
20
-63.1295489999999972
11
144.8582069999999931
21
-63.1052169999999961
0
LINE
8
BLACK
6
CONTINUOUS
10
144.8582069999999931
20
-63.1052169999999961
11
144.88253899999998
21
-63.0889589999999956
0
LINE
8
BLACK
6
CONTINUOUS
10
144.88253899999998
20
-63.0889589999999956
11
144.9112399999999923
21
-63.0832499999999996
0
LINE
8
BLACK
6
CONTINUOUS
10
144.9112399999999923
20
-63.0832499999999996
11
145.061239999999998
21
-63.0832499999999996
0
LINE
8
BLACK
6
CONTINUOUS
10
145.061239999999998
20
-63.0832499999999996
11
145.0899409999999818
21
-63.0889589999999956
0
LINE
8
BLACK
6
CONTINUOUS
10
145.5899409999999818
20
-63.0889589999999956
11
145.6142729999999972
21
-63.1052169999999961
0
LINE
8
BLACK
6
CONTINUOUS
10
145.6142729999999972
20
-63.1052169999999961
11
145.6305309999999906
21
-63.1295489999999972
0
LINE
8
BLACK
6
CONTINUOUS
10
145.6305309999999906
20
-63.1295489999999972
11
145.6362399999999866
21
-63.1582499999999953
0
LINE
8
BLACK
6
CONTINUOUS
10
145.6362399999999866
20
-63.1582499999999953
11
145.6362399999999866
21
-64.6082499999999982
0
LINE
8
BLACK
6
CONTINUOUS
10
145.6362399999999866
20
-64.6082499999999982
11
145.6305309999999906
21
-64.6369509999999963
0
LINE
8
BLACK
6
CONTINUOUS
10
145.6305309999999906
20
-64.6369509999999963
11
145.6142729999999972
21
-64.6612829999999974
0
LINE
8
BLACK
6
CONTINUOUS
10
145.6142729999999972
20
-64.6612829999999974
11
145.5899409999999818
21
-64.6775409999999908
0
LINE
8
BLACK
6
CONTINUOUS
10
145.5899409999999818
20
-64.6775409999999908
11
145.561239999999998
21
-64.683250000000001
0
LINE
8
BLACK
6
CONTINUOUS
10
145.561239999999998
20
-64.683250000000001
11
145.4112399999999923
21
-64.683250000000001
0
LINE
8
BLACK
6
CONTINUOUS
10
145.4112399999999923
20
-64.683250000000001
11
145.38253899999998
21
-64.6775409999999908
0
LINE
8
BLACK
6
CONTINUOUS
10
145.38253899999998
20
-64.6775409999999908
11
145.3582069999999931
21
-64.6612829999999974
0
LINE
8
BLACK
6
CONTINUOUS
10
145.3582069999999931
20
-64.6612829999999974
11
145.3419489999999996
21
-64.6369509999999963
0
LINE
8
BLACK
6
CONTINUOUS
10
145.3419489999999996
20
-64.6369509999999963
11
145.3362400000000036
21
-64.6082499999999982
0
LINE
8
BLACK
6
CONTINUOUS
10
145.3362400000000036
20
-64.6082499999999982
11
145.3362400000000036
21
-63.1582499999999953
0
LINE
8
BLACK
6
CONTINUOUS
10
145.3362400000000036
20
-63.1582499999999953
11
145.3419489999999996
21
-63.1295489999999972
0
LINE
8
BLACK
6
CONTINUOUS
10
145.3419489999999996
20
-63.1295489999999972
11
145.3582069999999931
21
-63.1052169999999961
0
LINE
8
BLACK
6
CONTINUOUS
10
145.3582069999999931
20
-63.1052169999999961
11
145.38253899999998
21
-63.0889589999999956
0
LINE
8
BLACK
6
CONTINUOUS
10
145.38253899999998
20
-63.0889589999999956
11
145.4112399999999923
21
-63.0832499999999996
0
LINE
8
BLACK
6
CONTINUOUS
10
145.4112399999999923
20
-63.0832499999999996
11
145.561239999999998
21
-63.0832499999999996
0
LINE
8
BLACK
6
CONTINUOUS
10
145.561239999999998
20
-63.0832499999999996
11
145.5899409999999818
21
-63.0889589999999956
0
LINE
8
BLACK
6
CONTINUOUS
10
146.0899409999999818
20
-63.0889589999999956
11
146.1142729999999972
21
-63.1052169999999961
0
LINE
8
BLACK
6
CONTINUOUS
10
146.1142729999999972
20
-63.1052169999999961
11
146.1305309999999906
21
-63.1295489999999972
0
LINE
8
BLACK
6
CONTINUOUS
10
146.1305309999999906
20
-63.1295489999999972
11
146.1362399999999866
21
-63.1582499999999953
0
LINE
8
BLACK
6
CONTINUOUS
10
146.1362399999999866
20
-63.1582499999999953
11
146.1362399999999866
21
-64.6082499999999982
0
LINE
8
BLACK
6
CONTINUOUS
10
146.1362399999999866
20
-64.6082499999999982
11
146.1305309999999906
21
-64.6369509999999963
0
LINE
8
BLACK
6
CONTINUOUS
10
146.1305309999999906
20
-64.6369509999999963
11
146.1142729999999972
21
-64.6612829999999974
0
LINE
8
BLACK
6
CONTINUOUS
10
146.1142729999999972
20
-64.6612829999999974
11
146.0899409999999818
21
-64.6775409999999908
0
LINE
8
BLACK
6
CONTINUOUS
10
146.0899409999999818
20
-64.6775409999999908
11
146.061239999999998
21
-64.683250000000001
0
LINE
8
BLACK
6
CONTINUOUS
10
146.061239999999998
20
-64.683250000000001
11
145.9112399999999923
21
-64.683250000000001
0
LINE
8
BLACK
6
CONTINUOUS
10
145.9112399999999923
20
-64.683250000000001
11
145.88253899999998
21
-64.6775409999999908
0
LINE
8
BLACK
6
CONTINUOUS
10
145.88253899999998
20
-64.6775409999999908
11
145.8582069999999931
21
-64.6612829999999974
0
LINE
8
BLACK
6
CONTINUOUS
10
145.8582069999999931
20
-64.6612829999999974
11
145.8419489999999996
21
-64.6369509999999963
0
LINE
8
BLACK
6
CONTINUOUS
10
145.8419489999999996
20
-64.6369509999999963
11
145.8362400000000036
21
-64.6082499999999982
0
LINE
8
BLACK
6
CONTINUOUS
10
145.8362400000000036
20
-64.6082499999999982
11
145.8362400000000036
21
-63.1582499999999953
0
LINE
8
BLACK
6
CONTINUOUS
10
145.8362400000000036
20
-63.1582499999999953
11
145.8419489999999996
21
-63.1295489999999972
0
LINE
8
BLACK
6
CONTINUOUS
10
145.8419489999999996
20
-63.1295489999999972
11
145.8582069999999931
21
-63.1052169999999961
0
LINE
8
BLACK
6
CONTINUOUS
10
145.8582069999999931
20
-63.1052169999999961
11
145.88253899999998
21
-63.0889589999999956
0
LINE
8
BLACK
6
CONTINUOUS
10
145.88253899999998
20
-63.0889589999999956
11
145.9112399999999923
21
-63.0832499999999996
0
LINE
8
BLACK
6
CONTINUOUS
10
145.9112399999999923
20
-63.0832499999999996
11
146.061239999999998
21
-63.0832499999999996
0
LINE
8
BLACK
6
CONTINUOUS
10
146.061239999999998
20
-63.0832499999999996
11
146.0899409999999818
21
-63.0889589999999956
0
LINE
8
BLACK
6
CONTINUOUS
10
146.5899409999999818
20
-63.0889589999999956
11
146.6142729999999972
21
-63.1052169999999961
0
LINE
8
BLACK
6
CONTINUOUS
10
146.6142729999999972
20
-63.1052169999999961
11
146.6305309999999906
21
-63.1295489999999972
0
LINE
8
BLACK
6
CONTINUOUS
10
146.6305309999999906
20
-63.1295489999999972
11
146.6362399999999866
21
-63.1582499999999953
0
LINE
8
BLACK
6
CONTINUOUS
10
146.6362399999999866
20
-63.1582499999999953
11
146.6362399999999866
21
-64.6082499999999982
0
LINE
8
BLACK
6
CONTINUOUS
10
146.6362399999999866
20
-64.6082499999999982
11
146.6305309999999906
21
-64.6369509999999963
0
LINE
8
BLACK
6
CONTINUOUS
10
146.6305309999999906
20
-64.6369509999999963
11
146.6142729999999972
21
-64.6612829999999974
0
LINE
8
BLACK
6
CONTINUOUS
10
146.6142729999999972
20
-64.6612829999999974
11
146.5899409999999818
21
-64.6775409999999908
0
LINE
8
BLACK
6
CONTINUOUS
10
146.5899409999999818
20
-64.6775409999999908
11
146.561239999999998
21
-64.683250000000001
0
LINE
8
BLACK
6
CONTINUOUS
10
146.561239999999998
20
-64.683250000000001
11
146.4112399999999923
21
-64.683250000000001
0
LINE
8
BLACK
6
CONTINUOUS
10
146.4112399999999923
20
-64.683250000000001
11
146.38253899999998
21
-64.6775409999999908
0
LINE
8
BLACK
6
CONTINUOUS
10
146.38253899999998
20
-64.6775409999999908
11
146.3582069999999931
21
-64.6612829999999974
0
LINE
8
BLACK
6
CONTINUOUS
10
146.3582069999999931
20
-64.6612829999999974
11
146.3419489999999996
21
-64.6369509999999963
0
LINE
8
BLACK
6
CONTINUOUS
10
146.3419489999999996
20
-64.6369509999999963
11
146.3362400000000036
21
-64.6082499999999982
0
LINE
8
BLACK
6
CONTINUOUS
10
146.3362400000000036
20
-64.6082499999999982
11
146.3362400000000036
21
-63.1582499999999953
0
LINE
8
BLACK
6
CONTINUOUS
10
146.3362400000000036
20
-63.1582499999999953
11
146.3419489999999996
21
-63.1295489999999972
0
LINE
8
BLACK
6
CONTINUOUS
10
146.3419489999999996
20
-63.1295489999999972
11
146.3582069999999931
21
-63.1052169999999961
0
LINE
8
BLACK
6
CONTINUOUS
10
146.3582069999999931
20
-63.1052169999999961
11
146.38253899999998
21
-63.0889589999999956
0
LINE
8
BLACK
6
CONTINUOUS
10
146.38253899999998
20
-63.0889589999999956
11
146.4112399999999923
21
-63.0832499999999996
0
LINE
8
BLACK
6
CONTINUOUS
10
146.4112399999999923
20
-63.0832499999999996
11
146.561239999999998
21
-63.0832499999999996
0
LINE
8
BLACK
6
CONTINUOUS
10
146.561239999999998
20
-63.0832499999999996
11
146.5899409999999818
21
-63.0889589999999956
0
LINE
8
BLACK
6
CONTINUOUS
10
147.0899409999999818
20
-63.0889589999999956
11
147.1142729999999972
21
-63.1052169999999961
0
LINE
8
BLACK
6
CONTINUOUS
10
147.1142729999999972
20
-63.1052169999999961
11
147.1305309999999906
21
-63.1295489999999972
0
LINE
8
BLACK
6
CONTINUOUS
10
147.1305309999999906
20
-63.1295489999999972
11
147.1362399999999866
21
-63.1582499999999953
0
LINE
8
BLACK
6
CONTINUOUS
10
147.1362399999999866
20
-63.1582499999999953
11
147.1362399999999866
21
-64.6082499999999982
0
LINE
8
BLACK
6
CONTINUOUS
10
147.1362399999999866
20
-64.6082499999999982
11
147.1305309999999906
21
-64.6369509999999963
0
LINE
8
BLACK
6
CONTINUOUS
10
147.1305309999999906
20
-64.6369509999999963
11
147.1142729999999972
21
-64.6612829999999974
0
LINE
8
BLACK
6
CONTINUOUS
10
147.1142729999999972
20
-64.6612829999999974
11
147.0899409999999818
21
-64.6775409999999908
0
LINE
8
BLACK
6
CONTINUOUS
10
147.0899409999999818
20
-64.6775409999999908
11
147.061239999999998
21
-64.683250000000001
0
LINE
8
BLACK
6
CONTINUOUS
10
147.061239999999998
20
-64.683250000000001
11
146.9112399999999923
21
-64.683250000000001
0
LINE
8
BLACK
6
CONTINUOUS
10
146.9112399999999923
20
-64.683250000000001
11
146.88253899999998
21
-64.6775409999999908
0
LINE
8
BLACK
6
CONTINUOUS
10
146.88253899999998
20
-64.6775409999999908
11
146.8582069999999931
21
-64.6612829999999974
0
LINE
8
BLACK
6
CONTINUOUS
10
146.8582069999999931
20
-64.6612829999999974
11
146.8419489999999996
21
-64.6369509999999963
0
LINE
8
BLACK
6
CONTINUOUS
10
146.8419489999999996
20
-64.6369509999999963
11
146.8362400000000036
21
-64.6082499999999982
0
LINE
8
BLACK
6
CONTINUOUS
10
146.8362400000000036
20
-64.6082499999999982
11
146.8362400000000036
21
-63.1582499999999953
0
LINE
8
BLACK
6
CONTINUOUS
10
146.8362400000000036
20
-63.1582499999999953
11
146.8419489999999996
21
-63.1295489999999972
0
LINE
8
BLACK
6
CONTINUOUS
10
146.8419489999999996
20
-63.1295489999999972
11
146.8582069999999931
21
-63.1052169999999961
0
LINE
8
BLACK
6
CONTINUOUS
10
146.8582069999999931
20
-63.1052169999999961
11
146.88253899999998
21
-63.0889589999999956
0
LINE
8
BLACK
6
CONTINUOUS
10
146.88253899999998
20
-63.0889589999999956
11
146.9112399999999923
21
-63.0832499999999996
0
LINE
8
BLACK
6
CONTINUOUS
10
146.9112399999999923
20
-63.0832499999999996
11
147.061239999999998
21
-63.0832499999999996
0
LINE
8
BLACK
6
CONTINUOUS
10
147.061239999999998
20
-63.0832499999999996
11
147.0899409999999818
21
-63.0889589999999956
0
LINE
8
BLACK
6
CONTINUOUS
10
147.5899409999999818
20
-63.0889589999999956
11
147.6142729999999972
21
-63.1052169999999961
0
LINE
8
BLACK
6
CONTINUOUS
10
147.6142729999999972
20
-63.1052169999999961
11
147.6305309999999906
21
-63.1295489999999972
0
LINE
8
BLACK
6
CONTINUOUS
10
147.6305309999999906
20
-63.1295489999999972
11
147.6362399999999866
21
-63.1582499999999953
0
LINE
8
BLACK
6
CONTINUOUS
10
147.6362399999999866
20
-63.1582499999999953
11
147.6362399999999866
21
-64.6082499999999982
0
LINE
8
BLACK
6
CONTINUOUS
10
147.6362399999999866
20
-64.6082499999999982
11
147.6305309999999906
21
-64.6369509999999963
0
LINE
8
BLACK
6
CONTINUOUS
10
147.6305309999999906
20
-64.6369509999999963
11
147.6142729999999972
21
-64.6612829999999974
0
LINE
8
BLACK
6
CONTINUOUS
10
147.6142729999999972
20
-64.6612829999999974
11
147.5899409999999818
21
-64.6775409999999908
0
LINE
8
BLACK
6
CONTINUOUS
10
147.5899409999999818
20
-64.6775409999999908
11
147.561239999999998
21
-64.683250000000001
0
LINE
8
BLACK
6
CONTINUOUS
10
147.561239999999998
20
-64.683250000000001
11
147.4112399999999923
21
-64.683250000000001
0
LINE
8
BLACK
6
CONTINUOUS
10
147.4112399999999923
20
-64.683250000000001
11
147.38253899999998
21
-64.6775409999999908
0
LINE
8
BLACK
6
CONTINUOUS
10
147.38253899999998
20
-64.6775409999999908
11
147.3582069999999931
21
-64.6612829999999974
0
LINE
8
BLACK
6
CONTINUOUS
10
147.3582069999999931
20
-64.6612829999999974
11
147.3419489999999996
21
-64.6369509999999963
0
LINE
8
BLACK
6
CONTINUOUS
10
147.3419489999999996
20
-64.6369509999999963
11
147.3362400000000036
21
-64.6082499999999982
0
LINE
8
BLACK
6
CONTINUOUS
10
147.3362400000000036
20
-64.6082499999999982
11
147.3362400000000036
21
-63.1582499999999953
0
LINE
8
BLACK
6
CONTINUOUS
10
147.3362400000000036
20
-63.1582499999999953
11
147.3419489999999996
21
-63.1295489999999972
0
LINE
8
BLACK
6
CONTINUOUS
10
147.3419489999999996
20
-63.1295489999999972
11
147.3582069999999931
21
-63.1052169999999961
0
LINE
8
BLACK
6
CONTINUOUS
10
147.3582069999999931
20
-63.1052169999999961
11
147.38253899999998
21
-63.0889589999999956
0
LINE
8
BLACK
6
CONTINUOUS
10
147.38253899999998
20
-63.0889589999999956
11
147.4112399999999923
21
-63.0832499999999996
0
LINE
8
BLACK
6
CONTINUOUS
10
147.4112399999999923
20
-63.0832499999999996
11
147.561239999999998
21
-63.0832499999999996
0
LINE
8
BLACK
6
CONTINUOUS
10
147.561239999999998
20
-63.0832499999999996
11
147.5899409999999818
21
-63.0889589999999956
0
LINE
8
BLACK
6
CONTINUOUS
10
148.0899409999999818
20
-63.0889589999999956
11
148.1142729999999972
21
-63.1052169999999961
0
LINE
8
BLACK
6
CONTINUOUS
10
148.1142729999999972
20
-63.1052169999999961
11
148.1305309999999906
21
-63.1295489999999972
0
LINE
8
BLACK
6
CONTINUOUS
10
148.1305309999999906
20
-63.1295489999999972
11
148.1362399999999866
21
-63.1582499999999953
0
LINE
8
BLACK
6
CONTINUOUS
10
148.1362399999999866
20
-63.1582499999999953
11
148.1362399999999866
21
-64.6082499999999982
0
LINE
8
BLACK
6
CONTINUOUS
10
148.1362399999999866
20
-64.6082499999999982
11
148.1305309999999906
21
-64.6369509999999963
0
LINE
8
BLACK
6
CONTINUOUS
10
148.1305309999999906
20
-64.6369509999999963
11
148.1142729999999972
21
-64.6612829999999974
0
LINE
8
BLACK
6
CONTINUOUS
10
148.1142729999999972
20
-64.6612829999999974
11
148.0899409999999818
21
-64.6775409999999908
0
LINE
8
BLACK
6
CONTINUOUS
10
148.0899409999999818
20
-64.6775409999999908
11
148.061239999999998
21
-64.683250000000001
0
LINE
8
BLACK
6
CONTINUOUS
10
148.061239999999998
20
-64.683250000000001
11
147.9112399999999923
21
-64.683250000000001
0
LINE
8
BLACK
6
CONTINUOUS
10
147.9112399999999923
20
-64.683250000000001
11
147.88253899999998
21
-64.6775409999999908
0
LINE
8
BLACK
6
CONTINUOUS
10
147.88253899999998
20
-64.6775409999999908
11
147.8582069999999931
21
-64.6612829999999974
0
LINE
8
BLACK
6
CONTINUOUS
10
147.8582069999999931
20
-64.6612829999999974
11
147.8419489999999996
21
-64.6369509999999963
0
LINE
8
BLACK
6
CONTINUOUS
10
147.8419489999999996
20
-64.6369509999999963
11
147.8362400000000036
21
-64.6082499999999982
0
LINE
8
BLACK
6
CONTINUOUS
10
147.8362400000000036
20
-64.6082499999999982
11
147.8362400000000036
21
-63.1582499999999953
0
LINE
8
BLACK
6
CONTINUOUS
10
147.8362400000000036
20
-63.1582499999999953
11
147.8419489999999996
21
-63.1295489999999972
0
LINE
8
BLACK
6
CONTINUOUS
10
147.8419489999999996
20
-63.1295489999999972
11
147.8582069999999931
21
-63.1052169999999961
0
LINE
8
BLACK
6
CONTINUOUS
10
147.8582069999999931
20
-63.1052169999999961
11
147.88253899999998
21
-63.0889589999999956
0
LINE
8
BLACK
6
CONTINUOUS
10
147.88253899999998
20
-63.0889589999999956
11
147.9112399999999923
21
-63.0832499999999996
0
LINE
8
BLACK
6
CONTINUOUS
10
147.9112399999999923
20
-63.0832499999999996
11
148.061239999999998
21
-63.0832499999999996
0
LINE
8
BLACK
6
CONTINUOUS
10
148.061239999999998
20
-63.0832499999999996
11
148.0899409999999818
21
-63.0889589999999956
0
LINE
8
BLACK
6
CONTINUOUS
10
148.5899409999999818
20
-63.0889589999999956
11
148.6142729999999972
21
-63.1052169999999961
0
LINE
8
BLACK
6
CONTINUOUS
10
148.6142729999999972
20
-63.1052169999999961
11
148.6305309999999906
21
-63.1295489999999972
0
LINE
8
BLACK
6
CONTINUOUS
10
148.6305309999999906
20
-63.1295489999999972
11
148.6362399999999866
21
-63.1582499999999953
0
LINE
8
BLACK
6
CONTINUOUS
10
148.6362399999999866
20
-63.1582499999999953
11
148.6362399999999866
21
-64.6082499999999982
0
LINE
8
BLACK
6
CONTINUOUS
10
148.6362399999999866
20
-64.6082499999999982
11
148.6305309999999906
21
-64.6369509999999963
0
LINE
8
BLACK
6
CONTINUOUS
10
148.6305309999999906
20
-64.6369509999999963
11
148.6142729999999972
21
-64.6612829999999974
0
LINE
8
BLACK
6
CONTINUOUS
10
148.6142729999999972
20
-64.6612829999999974
11
148.5899409999999818
21
-64.6775409999999908
0
LINE
8
BLACK
6
CONTINUOUS
10
148.5899409999999818
20
-64.6775409999999908
11
148.561239999999998
21
-64.683250000000001
0
LINE
8
BLACK
6
CONTINUOUS
10
148.561239999999998
20
-64.683250000000001
11
148.4112399999999923
21
-64.683250000000001
0
LINE
8
BLACK
6
CONTINUOUS
10
148.4112399999999923
20
-64.683250000000001
11
148.38253899999998
21
-64.6775409999999908
0
LINE
8
BLACK
6
CONTINUOUS
10
148.38253899999998
20
-64.6775409999999908
11
148.3582069999999931
21
-64.6612829999999974
0
LINE
8
BLACK
6
CONTINUOUS
10
148.3582069999999931
20
-64.6612829999999974
11
148.3419489999999996
21
-64.6369509999999963
0
LINE
8
BLACK
6
CONTINUOUS
10
148.3419489999999996
20
-64.6369509999999963
11
148.3362400000000036
21
-64.6082499999999982
0
LINE
8
BLACK
6
CONTINUOUS
10
148.3362400000000036
20
-64.6082499999999982
11
148.3362400000000036
21
-63.1582499999999953
0
LINE
8
BLACK
6
CONTINUOUS
10
148.3362400000000036
20
-63.1582499999999953
11
148.3419489999999996
21
-63.1295489999999972
0
LINE
8
BLACK
6
CONTINUOUS
10
148.3419489999999996
20
-63.1295489999999972
11
148.3582069999999931
21
-63.1052169999999961
0
LINE
8
BLACK
6
CONTINUOUS
10
148.3582069999999931
20
-63.1052169999999961
11
148.38253899999998
21
-63.0889589999999956
0
LINE
8
BLACK
6
CONTINUOUS
10
148.38253899999998
20
-63.0889589999999956
11
148.4112399999999923
21
-63.0832499999999996
0
LINE
8
BLACK
6
CONTINUOUS
10
148.4112399999999923
20
-63.0832499999999996
11
148.561239999999998
21
-63.0832499999999996
0
LINE
8
BLACK
6
CONTINUOUS
10
148.561239999999998
20
-63.0832499999999996
11
148.5899409999999818
21
-63.0889589999999956
0
LINE
8
BLACK
6
CONTINUOUS
10
149.0899409999999818
20
-63.0889589999999956
11
149.1142729999999972
21
-63.1052169999999961
0
LINE
8
BLACK
6
CONTINUOUS
10
149.1142729999999972
20
-63.1052169999999961
11
149.1305309999999906
21
-63.1295489999999972
0
LINE
8
BLACK
6
CONTINUOUS
10
149.1305309999999906
20
-63.1295489999999972
11
149.1362399999999866
21
-63.1582499999999953
0
LINE
8
BLACK
6
CONTINUOUS
10
149.1362399999999866
20
-63.1582499999999953
11
149.1362399999999866
21
-64.6082499999999982
0
LINE
8
BLACK
6
CONTINUOUS
10
149.1362399999999866
20
-64.6082499999999982
11
149.1305309999999906
21
-64.6369509999999963
0
LINE
8
BLACK
6
CONTINUOUS
10
149.1305309999999906
20
-64.6369509999999963
11
149.1142729999999972
21
-64.6612829999999974
0
LINE
8
BLACK
6
CONTINUOUS
10
149.1142729999999972
20
-64.6612829999999974
11
149.0899409999999818
21
-64.6775409999999908
0
LINE
8
BLACK
6
CONTINUOUS
10
149.0899409999999818
20
-64.6775409999999908
11
149.061239999999998
21
-64.683250000000001
0
LINE
8
BLACK
6
CONTINUOUS
10
149.061239999999998
20
-64.683250000000001
11
148.9112399999999923
21
-64.683250000000001
0
LINE
8
BLACK
6
CONTINUOUS
10
148.9112399999999923
20
-64.683250000000001
11
148.88253899999998
21
-64.6775409999999908
0
LINE
8
BLACK
6
CONTINUOUS
10
148.88253899999998
20
-64.6775409999999908
11
148.8582069999999931
21
-64.6612829999999974
0
LINE
8
BLACK
6
CONTINUOUS
10
148.8582069999999931
20
-64.6612829999999974
11
148.8419489999999996
21
-64.6369509999999963
0
LINE
8
BLACK
6
CONTINUOUS
10
148.8419489999999996
20
-64.6369509999999963
11
148.8362400000000036
21
-64.6082499999999982
0
LINE
8
BLACK
6
CONTINUOUS
10
148.8362400000000036
20
-64.6082499999999982
11
148.8362400000000036
21
-63.1582499999999953
0
LINE
8
BLACK
6
CONTINUOUS
10
148.8362400000000036
20
-63.1582499999999953
11
148.8419489999999996
21
-63.1295489999999972
0
LINE
8
BLACK
6
CONTINUOUS
10
148.8419489999999996
20
-63.1295489999999972
11
148.8582069999999931
21
-63.1052169999999961
0
LINE
8
BLACK
6
CONTINUOUS
10
148.8582069999999931
20
-63.1052169999999961
11
148.88253899999998
21
-63.0889589999999956
0
LINE
8
BLACK
6
CONTINUOUS
10
148.88253899999998
20
-63.0889589999999956
11
148.9112399999999923
21
-63.0832499999999996
0
LINE
8
BLACK
6
CONTINUOUS
10
148.9112399999999923
20
-63.0832499999999996
11
149.061239999999998
21
-63.0832499999999996
0
LINE
8
BLACK
6
CONTINUOUS
10
149.061239999999998
20
-63.0832499999999996
11
149.0899409999999818
21
-63.0889589999999956
0
LINE
8
BLACK
6
CONTINUOUS
10
149.5899409999999818
20
-63.0889589999999956
11
149.6142729999999972
21
-63.1052169999999961
0
LINE
8
BLACK
6
CONTINUOUS
10
149.6142729999999972
20
-63.1052169999999961
11
149.6305309999999906
21
-63.1295489999999972
0
LINE
8
BLACK
6
CONTINUOUS
10
149.6305309999999906
20
-63.1295489999999972
11
149.6362399999999866
21
-63.1582499999999953
0
LINE
8
BLACK
6
CONTINUOUS
10
149.6362399999999866
20
-63.1582499999999953
11
149.6362399999999866
21
-64.6082499999999982
0
LINE
8
BLACK
6
CONTINUOUS
10
149.6362399999999866
20
-64.6082499999999982
11
149.6305309999999906
21
-64.6369509999999963
0
LINE
8
BLACK
6
CONTINUOUS
10
149.6305309999999906
20
-64.6369509999999963
11
149.6142729999999972
21
-64.6612829999999974
0
LINE
8
BLACK
6
CONTINUOUS
10
149.6142729999999972
20
-64.6612829999999974
11
149.5899409999999818
21
-64.6775409999999908
0
LINE
8
BLACK
6
CONTINUOUS
10
149.5899409999999818
20
-64.6775409999999908
11
149.561239999999998
21
-64.683250000000001
0
LINE
8
BLACK
6
CONTINUOUS
10
149.561239999999998
20
-64.683250000000001
11
149.4112399999999923
21
-64.683250000000001
0
LINE
8
BLACK
6
CONTINUOUS
10
149.4112399999999923
20
-64.683250000000001
11
149.38253899999998
21
-64.6775409999999908
0
LINE
8
BLACK
6
CONTINUOUS
10
149.38253899999998
20
-64.6775409999999908
11
149.3582069999999931
21
-64.6612829999999974
0
LINE
8
BLACK
6
CONTINUOUS
10
149.3582069999999931
20
-64.6612829999999974
11
149.3419489999999996
21
-64.6369509999999963
0
LINE
8
BLACK
6
CONTINUOUS
10
149.3419489999999996
20
-64.6369509999999963
11
149.3362400000000036
21
-64.6082499999999982
0
LINE
8
BLACK
6
CONTINUOUS
10
149.3362400000000036
20
-64.6082499999999982
11
149.3362400000000036
21
-63.1582499999999953
0
LINE
8
BLACK
6
CONTINUOUS
10
149.3362400000000036
20
-63.1582499999999953
11
149.3419489999999996
21
-63.1295489999999972
0
LINE
8
BLACK
6
CONTINUOUS
10
149.3419489999999996
20
-63.1295489999999972
11
149.3582069999999931
21
-63.1052169999999961
0
LINE
8
BLACK
6
CONTINUOUS
10
149.3582069999999931
20
-63.1052169999999961
11
149.38253899999998
21
-63.0889589999999956
0
LINE
8
BLACK
6
CONTINUOUS
10
149.38253899999998
20
-63.0889589999999956
11
149.4112399999999923
21
-63.0832499999999996
0
LINE
8
BLACK
6
CONTINUOUS
10
149.4112399999999923
20
-63.0832499999999996
11
149.561239999999998
21
-63.0832499999999996
0
LINE
8
BLACK
6
CONTINUOUS
10
149.561239999999998
20
-63.0832499999999996
11
149.5899409999999818
21
-63.0889589999999956
0
LINE
8
BLACK
6
CONTINUOUS
10
150.0899409999999818
20
-63.0889589999999956
11
150.1142729999999972
21
-63.1052169999999961
0
LINE
8
BLACK
6
CONTINUOUS
10
150.1142729999999972
20
-63.1052169999999961
11
150.1305309999999906
21
-63.1295489999999972
0
LINE
8
BLACK
6
CONTINUOUS
10
150.1305309999999906
20
-63.1295489999999972
11
150.1362399999999866
21
-63.1582499999999953
0
LINE
8
BLACK
6
CONTINUOUS
10
150.1362399999999866
20
-63.1582499999999953
11
150.1362399999999866
21
-64.6082499999999982
0
LINE
8
BLACK
6
CONTINUOUS
10
150.1362399999999866
20
-64.6082499999999982
11
150.1305309999999906
21
-64.6369509999999963
0
LINE
8
BLACK
6
CONTINUOUS
10
150.1305309999999906
20
-64.6369509999999963
11
150.1142729999999972
21
-64.6612829999999974
0
LINE
8
BLACK
6
CONTINUOUS
10
150.1142729999999972
20
-64.6612829999999974
11
150.0899409999999818
21
-64.6775409999999908
0
LINE
8
BLACK
6
CONTINUOUS
10
150.0899409999999818
20
-64.6775409999999908
11
150.061239999999998
21
-64.683250000000001
0
LINE
8
BLACK
6
CONTINUOUS
10
150.061239999999998
20
-64.683250000000001
11
149.9112399999999923
21
-64.683250000000001
0
LINE
8
BLACK
6
CONTINUOUS
10
149.9112399999999923
20
-64.683250000000001
11
149.88253899999998
21
-64.6775409999999908
0
LINE
8
BLACK
6
CONTINUOUS
10
149.88253899999998
20
-64.6775409999999908
11
149.8582069999999931
21
-64.6612829999999974
0
LINE
8
BLACK
6
CONTINUOUS
10
149.8582069999999931
20
-64.6612829999999974
11
149.8419489999999996
21
-64.6369509999999963
0
LINE
8
BLACK
6
CONTINUOUS
10
149.8419489999999996
20
-64.6369509999999963
11
149.8362400000000036
21
-64.6082499999999982
0
LINE
8
BLACK
6
CONTINUOUS
10
149.8362400000000036
20
-64.6082499999999982
11
149.8362400000000036
21
-63.1582499999999953
0
LINE
8
BLACK
6
CONTINUOUS
10
149.8362400000000036
20
-63.1582499999999953
11
149.8419489999999996
21
-63.1295489999999972
0
LINE
8
BLACK
6
CONTINUOUS
10
149.8419489999999996
20
-63.1295489999999972
11
149.8582069999999931
21
-63.1052169999999961
0
LINE
8
BLACK
6
CONTINUOUS
10
149.8582069999999931
20
-63.1052169999999961
11
149.88253899999998
21
-63.0889589999999956
0
LINE
8
BLACK
6
CONTINUOUS
10
149.88253899999998
20
-63.0889589999999956
11
149.9112399999999923
21
-63.0832499999999996
0
LINE
8
BLACK
6
CONTINUOUS
10
149.9112399999999923
20
-63.0832499999999996
11
150.061239999999998
21
-63.0832499999999996
0
LINE
8
BLACK
6
CONTINUOUS
10
150.061239999999998
20
-63.0832499999999996
11
150.0899409999999818
21
-63.0889589999999956
0
LINE
8
BLACK
6
CONTINUOUS
10
150.5899409999999818
20
-63.0889589999999956
11
150.6142729999999972
21
-63.1052169999999961
0
LINE
8
BLACK
6
CONTINUOUS
10
150.6142729999999972
20
-63.1052169999999961
11
150.6305309999999906
21
-63.1295489999999972
0
LINE
8
BLACK
6
CONTINUOUS
10
150.6305309999999906
20
-63.1295489999999972
11
150.6362399999999866
21
-63.1582499999999953
0
LINE
8
BLACK
6
CONTINUOUS
10
150.6362399999999866
20
-63.1582499999999953
11
150.6362399999999866
21
-64.6082499999999982
0
LINE
8
BLACK
6
CONTINUOUS
10
150.6362399999999866
20
-64.6082499999999982
11
150.6305309999999906
21
-64.6369509999999963
0
LINE
8
BLACK
6
CONTINUOUS
10
150.6305309999999906
20
-64.6369509999999963
11
150.6142729999999972
21
-64.6612829999999974
0
LINE
8
BLACK
6
CONTINUOUS
10
150.6142729999999972
20
-64.6612829999999974
11
150.5899409999999818
21
-64.6775409999999908
0
LINE
8
BLACK
6
CONTINUOUS
10
150.5899409999999818
20
-64.6775409999999908
11
150.561239999999998
21
-64.683250000000001
0
LINE
8
BLACK
6
CONTINUOUS
10
150.561239999999998
20
-64.683250000000001
11
150.4112399999999923
21
-64.683250000000001
0
LINE
8
BLACK
6
CONTINUOUS
10
150.4112399999999923
20
-64.683250000000001
11
150.38253899999998
21
-64.6775409999999908
0
LINE
8
BLACK
6
CONTINUOUS
10
150.38253899999998
20
-64.6775409999999908
11
150.3582069999999931
21
-64.6612829999999974
0
LINE
8
BLACK
6
CONTINUOUS
10
150.3582069999999931
20
-64.6612829999999974
11
150.3419489999999996
21
-64.6369509999999963
0
LINE
8
BLACK
6
CONTINUOUS
10
150.3419489999999996
20
-64.6369509999999963
11
150.3362400000000036
21
-64.6082499999999982
0
LINE
8
BLACK
6
CONTINUOUS
10
150.3362400000000036
20
-64.6082499999999982
11
150.3362400000000036
21
-63.1582499999999953
0
LINE
8
BLACK
6
CONTINUOUS
10
150.3362400000000036
20
-63.1582499999999953
11
150.3419489999999996
21
-63.1295489999999972
0
LINE
8
BLACK
6
CONTINUOUS
10
150.3419489999999996
20
-63.1295489999999972
11
150.3582069999999931
21
-63.1052169999999961
0
LINE
8
BLACK
6
CONTINUOUS
10
150.3582069999999931
20
-63.1052169999999961
11
150.38253899999998
21
-63.0889589999999956
0
LINE
8
BLACK
6
CONTINUOUS
10
150.38253899999998
20
-63.0889589999999956
11
150.4112399999999923
21
-63.0832499999999996
0
LINE
8
BLACK
6
CONTINUOUS
10
150.4112399999999923
20
-63.0832499999999996
11
150.561239999999998
21
-63.0832499999999996
0
LINE
8
BLACK
6
CONTINUOUS
10
150.561239999999998
20
-63.0832499999999996
11
150.5899409999999818
21
-63.0889589999999956
0
LINE
8
BLACK
6
CONTINUOUS
10
151.0899409999999818
20
-63.0889589999999956
11
151.1142729999999972
21
-63.1052169999999961
0
LINE
8
BLACK
6
CONTINUOUS
10
151.1142729999999972
20
-63.1052169999999961
11
151.1305309999999906
21
-63.1295489999999972
0
LINE
8
BLACK
6
CONTINUOUS
10
151.1305309999999906
20
-63.1295489999999972
11
151.1362399999999866
21
-63.1582499999999953
0
LINE
8
BLACK
6
CONTINUOUS
10
151.1362399999999866
20
-63.1582499999999953
11
151.1362399999999866
21
-64.6082499999999982
0
LINE
8
BLACK
6
CONTINUOUS
10
151.1362399999999866
20
-64.6082499999999982
11
151.1305309999999906
21
-64.6369509999999963
0
LINE
8
BLACK
6
CONTINUOUS
10
151.1305309999999906
20
-64.6369509999999963
11
151.1142729999999972
21
-64.6612829999999974
0
LINE
8
BLACK
6
CONTINUOUS
10
151.1142729999999972
20
-64.6612829999999974
11
151.0899409999999818
21
-64.6775409999999908
0
LINE
8
BLACK
6
CONTINUOUS
10
151.0899409999999818
20
-64.6775409999999908
11
151.061239999999998
21
-64.683250000000001
0
LINE
8
BLACK
6
CONTINUOUS
10
151.061239999999998
20
-64.683250000000001
11
150.9112399999999923
21
-64.683250000000001
0
LINE
8
BLACK
6
CONTINUOUS
10
150.9112399999999923
20
-64.683250000000001
11
150.88253899999998
21
-64.6775409999999908
0
LINE
8
BLACK
6
CONTINUOUS
10
150.88253899999998
20
-64.6775409999999908
11
150.8582069999999931
21
-64.6612829999999974
0
LINE
8
BLACK
6
CONTINUOUS
10
150.8582069999999931
20
-64.6612829999999974
11
150.8419489999999996
21
-64.6369509999999963
0
LINE
8
BLACK
6
CONTINUOUS
10
150.8419489999999996
20
-64.6369509999999963
11
150.8362400000000036
21
-64.6082499999999982
0
LINE
8
BLACK
6
CONTINUOUS
10
150.8362400000000036
20
-64.6082499999999982
11
150.8362400000000036
21
-63.1582499999999953
0
LINE
8
BLACK
6
CONTINUOUS
10
150.8362400000000036
20
-63.1582499999999953
11
150.8419489999999996
21
-63.1295489999999972
0
LINE
8
BLACK
6
CONTINUOUS
10
150.8419489999999996
20
-63.1295489999999972
11
150.8582069999999931
21
-63.1052169999999961
0
LINE
8
BLACK
6
CONTINUOUS
10
150.8582069999999931
20
-63.1052169999999961
11
150.88253899999998
21
-63.0889589999999956
0
LINE
8
BLACK
6
CONTINUOUS
10
150.88253899999998
20
-63.0889589999999956
11
150.9112399999999923
21
-63.0832499999999996
0
LINE
8
BLACK
6
CONTINUOUS
10
150.9112399999999923
20
-63.0832499999999996
11
151.061239999999998
21
-63.0832499999999996
0
LINE
8
BLACK
6
CONTINUOUS
10
151.061239999999998
20
-63.0832499999999996
11
151.0899409999999818
21
-63.0889589999999956
0
LINE
8
BLACK
6
CONTINUOUS
10
151.5899409999999818
20
-63.0889589999999956
11
151.6142729999999972
21
-63.1052169999999961
0
LINE
8
BLACK
6
CONTINUOUS
10
151.6142729999999972
20
-63.1052169999999961
11
151.6305309999999906
21
-63.1295489999999972
0
LINE
8
BLACK
6
CONTINUOUS
10
151.6305309999999906
20
-63.1295489999999972
11
151.6362399999999866
21
-63.1582499999999953
0
LINE
8
BLACK
6
CONTINUOUS
10
151.6362399999999866
20
-63.1582499999999953
11
151.6362399999999866
21
-64.6082499999999982
0
LINE
8
BLACK
6
CONTINUOUS
10
151.6362399999999866
20
-64.6082499999999982
11
151.6305309999999906
21
-64.6369509999999963
0
LINE
8
BLACK
6
CONTINUOUS
10
151.6305309999999906
20
-64.6369509999999963
11
151.6142729999999972
21
-64.6612829999999974
0
LINE
8
BLACK
6
CONTINUOUS
10
151.6142729999999972
20
-64.6612829999999974
11
151.5899409999999818
21
-64.6775409999999908
0
LINE
8
BLACK
6
CONTINUOUS
10
151.5899409999999818
20
-64.6775409999999908
11
151.561239999999998
21
-64.683250000000001
0
LINE
8
BLACK
6
CONTINUOUS
10
151.561239999999998
20
-64.683250000000001
11
151.4112399999999923
21
-64.683250000000001
0
LINE
8
BLACK
6
CONTINUOUS
10
151.4112399999999923
20
-64.683250000000001
11
151.38253899999998
21
-64.6775409999999908
0
LINE
8
BLACK
6
CONTINUOUS
10
151.38253899999998
20
-64.6775409999999908
11
151.3582069999999931
21
-64.6612829999999974
0
LINE
8
BLACK
6
CONTINUOUS
10
151.3582069999999931
20
-64.6612829999999974
11
151.3419489999999996
21
-64.6369509999999963
0
LINE
8
BLACK
6
CONTINUOUS
10
151.3419489999999996
20
-64.6369509999999963
11
151.3362400000000036
21
-64.6082499999999982
0
LINE
8
BLACK
6
CONTINUOUS
10
151.3362400000000036
20
-64.6082499999999982
11
151.3362400000000036
21
-63.1582499999999953
0
LINE
8
BLACK
6
CONTINUOUS
10
151.3362400000000036
20
-63.1582499999999953
11
151.3419489999999996
21
-63.1295489999999972
0
LINE
8
BLACK
6
CONTINUOUS
10
151.3419489999999996
20
-63.1295489999999972
11
151.3582069999999931
21
-63.1052169999999961
0
LINE
8
BLACK
6
CONTINUOUS
10
151.3582069999999931
20
-63.1052169999999961
11
151.38253899999998
21
-63.0889589999999956
0
LINE
8
BLACK
6
CONTINUOUS
10
151.38253899999998
20
-63.0889589999999956
11
151.4112399999999923
21
-63.0832499999999996
0
LINE
8
BLACK
6
CONTINUOUS
10
151.4112399999999923
20
-63.0832499999999996
11
151.561239999999998
21
-63.0832499999999996
0
LINE
8
BLACK
6
CONTINUOUS
10
151.561239999999998
20
-63.0832499999999996
11
151.5899409999999818
21
-63.0889589999999956
0
LINE
8
BLACK
6
CONTINUOUS
10
152.0899409999999818
20
-63.0889589999999956
11
152.1142729999999972
21
-63.1052169999999961
0
LINE
8
BLACK
6
CONTINUOUS
10
152.1142729999999972
20
-63.1052169999999961
11
152.1305309999999906
21
-63.1295489999999972
0
LINE
8
BLACK
6
CONTINUOUS
10
152.1305309999999906
20
-63.1295489999999972
11
152.1362399999999866
21
-63.1582499999999953
0
LINE
8
BLACK
6
CONTINUOUS
10
152.1362399999999866
20
-63.1582499999999953
11
152.1362399999999866
21
-64.6082499999999982
0
LINE
8
BLACK
6
CONTINUOUS
10
152.1362399999999866
20
-64.6082499999999982
11
152.1305309999999906
21
-64.6369509999999963
0
LINE
8
BLACK
6
CONTINUOUS
10
152.1305309999999906
20
-64.6369509999999963
11
152.1142729999999972
21
-64.6612829999999974
0
LINE
8
BLACK
6
CONTINUOUS
10
152.1142729999999972
20
-64.6612829999999974
11
152.0899409999999818
21
-64.6775409999999908
0
LINE
8
BLACK
6
CONTINUOUS
10
152.0899409999999818
20
-64.6775409999999908
11
152.061239999999998
21
-64.683250000000001
0
LINE
8
BLACK
6
CONTINUOUS
10
152.061239999999998
20
-64.683250000000001
11
151.9112399999999923
21
-64.683250000000001
0
LINE
8
BLACK
6
CONTINUOUS
10
151.9112399999999923
20
-64.683250000000001
11
151.88253899999998
21
-64.6775409999999908
0
LINE
8
BLACK
6
CONTINUOUS
10
151.88253899999998
20
-64.6775409999999908
11
151.8582069999999931
21
-64.6612829999999974
0
LINE
8
BLACK
6
CONTINUOUS
10
151.8582069999999931
20
-64.6612829999999974
11
151.8419489999999996
21
-64.6369509999999963
0
LINE
8
BLACK
6
CONTINUOUS
10
151.8419489999999996
20
-64.6369509999999963
11
151.8362400000000036
21
-64.6082499999999982
0
LINE
8
BLACK
6
CONTINUOUS
10
151.8362400000000036
20
-64.6082499999999982
11
151.8362400000000036
21
-63.1582499999999953
0
LINE
8
BLACK
6
CONTINUOUS
10
151.8362400000000036
20
-63.1582499999999953
11
151.8419489999999996
21
-63.1295489999999972
0
LINE
8
BLACK
6
CONTINUOUS
10
151.8419489999999996
20
-63.1295489999999972
11
151.8582069999999931
21
-63.1052169999999961
0
LINE
8
BLACK
6
CONTINUOUS
10
151.8582069999999931
20
-63.1052169999999961
11
151.88253899999998
21
-63.0889589999999956
0
LINE
8
BLACK
6
CONTINUOUS
10
151.88253899999998
20
-63.0889589999999956
11
151.9112399999999923
21
-63.0832499999999996
0
LINE
8
BLACK
6
CONTINUOUS
10
151.9112399999999923
20
-63.0832499999999996
11
152.061239999999998
21
-63.0832499999999996
0
LINE
8
BLACK
6
CONTINUOUS
10
152.061239999999998
20
-63.0832499999999996
11
152.0899409999999818
21
-63.0889589999999956
0
LINE
8
BLACK
6
CONTINUOUS
10
152.5899409999999818
20
-63.0889589999999956
11
152.6142729999999972
21
-63.1052169999999961
0
LINE
8
BLACK
6
CONTINUOUS
10
152.6142729999999972
20
-63.1052169999999961
11
152.6305309999999906
21
-63.1295489999999972
0
LINE
8
BLACK
6
CONTINUOUS
10
152.6305309999999906
20
-63.1295489999999972
11
152.6362399999999866
21
-63.1582499999999953
0
LINE
8
BLACK
6
CONTINUOUS
10
152.6362399999999866
20
-63.1582499999999953
11
152.6362399999999866
21
-64.6082499999999982
0
LINE
8
BLACK
6
CONTINUOUS
10
152.6362399999999866
20
-64.6082499999999982
11
152.6305309999999906
21
-64.6369509999999963
0
LINE
8
BLACK
6
CONTINUOUS
10
152.6305309999999906
20
-64.6369509999999963
11
152.6142729999999972
21
-64.6612829999999974
0
LINE
8
BLACK
6
CONTINUOUS
10
152.6142729999999972
20
-64.6612829999999974
11
152.5899409999999818
21
-64.6775409999999908
0
LINE
8
BLACK
6
CONTINUOUS
10
152.5899409999999818
20
-64.6775409999999908
11
152.561239999999998
21
-64.683250000000001
0
LINE
8
BLACK
6
CONTINUOUS
10
152.561239999999998
20
-64.683250000000001
11
152.4112399999999923
21
-64.683250000000001
0
LINE
8
BLACK
6
CONTINUOUS
10
152.4112399999999923
20
-64.683250000000001
11
152.38253899999998
21
-64.6775409999999908
0
LINE
8
BLACK
6
CONTINUOUS
10
152.38253899999998
20
-64.6775409999999908
11
152.3582069999999931
21
-64.6612829999999974
0
LINE
8
BLACK
6
CONTINUOUS
10
152.3582069999999931
20
-64.6612829999999974
11
152.3419489999999996
21
-64.6369509999999963
0
LINE
8
BLACK
6
CONTINUOUS
10
152.3419489999999996
20
-64.6369509999999963
11
152.3362400000000036
21
-64.6082499999999982
0
LINE
8
BLACK
6
CONTINUOUS
10
152.3362400000000036
20
-64.6082499999999982
11
152.3362400000000036
21
-63.1582499999999953
0
LINE
8
BLACK
6
CONTINUOUS
10
152.3362400000000036
20
-63.1582499999999953
11
152.3419489999999996
21
-63.1295489999999972
0
LINE
8
BLACK
6
CONTINUOUS
10
152.3419489999999996
20
-63.1295489999999972
11
152.3582069999999931
21
-63.1052169999999961
0
LINE
8
BLACK
6
CONTINUOUS
10
152.3582069999999931
20
-63.1052169999999961
11
152.38253899999998
21
-63.0889589999999956
0
LINE
8
BLACK
6
CONTINUOUS
10
152.38253899999998
20
-63.0889589999999956
11
152.4112399999999923
21
-63.0832499999999996
0
LINE
8
BLACK
6
CONTINUOUS
10
152.4112399999999923
20
-63.0832499999999996
11
152.561239999999998
21
-63.0832499999999996
0
LINE
8
BLACK
6
CONTINUOUS
10
152.561239999999998
20
-63.0832499999999996
11
152.5899409999999818
21
-63.0889589999999956
0
LINE
8
BLACK
6
CONTINUOUS
10
153.0899409999999818
20
-63.0889589999999956
11
153.1142729999999972
21
-63.1052169999999961
0
LINE
8
BLACK
6
CONTINUOUS
10
153.1142729999999972
20
-63.1052169999999961
11
153.1305309999999906
21
-63.1295489999999972
0
LINE
8
BLACK
6
CONTINUOUS
10
153.1305309999999906
20
-63.1295489999999972
11
153.1362399999999866
21
-63.1582499999999953
0
LINE
8
BLACK
6
CONTINUOUS
10
153.1362399999999866
20
-63.1582499999999953
11
153.1362399999999866
21
-64.6082499999999982
0
LINE
8
BLACK
6
CONTINUOUS
10
153.1362399999999866
20
-64.6082499999999982
11
153.1305309999999906
21
-64.6369509999999963
0
LINE
8
BLACK
6
CONTINUOUS
10
153.1305309999999906
20
-64.6369509999999963
11
153.1142729999999972
21
-64.6612829999999974
0
LINE
8
BLACK
6
CONTINUOUS
10
153.1142729999999972
20
-64.6612829999999974
11
153.0899409999999818
21
-64.6775409999999908
0
LINE
8
BLACK
6
CONTINUOUS
10
153.0899409999999818
20
-64.6775409999999908
11
153.061239999999998
21
-64.683250000000001
0
LINE
8
BLACK
6
CONTINUOUS
10
153.061239999999998
20
-64.683250000000001
11
152.9112399999999923
21
-64.683250000000001
0
LINE
8
BLACK
6
CONTINUOUS
10
152.9112399999999923
20
-64.683250000000001
11
152.88253899999998
21
-64.6775409999999908
0
LINE
8
BLACK
6
CONTINUOUS
10
152.88253899999998
20
-64.6775409999999908
11
152.8582069999999931
21
-64.6612829999999974
0
LINE
8
BLACK
6
CONTINUOUS
10
152.8582069999999931
20
-64.6612829999999974
11
152.8419489999999996
21
-64.6369509999999963
0
LINE
8
BLACK
6
CONTINUOUS
10
152.8419489999999996
20
-64.6369509999999963
11
152.8362400000000036
21
-64.6082499999999982
0
LINE
8
BLACK
6
CONTINUOUS
10
152.8362400000000036
20
-64.6082499999999982
11
152.8362400000000036
21
-63.1582499999999953
0
LINE
8
BLACK
6
CONTINUOUS
10
152.8362400000000036
20
-63.1582499999999953
11
152.8419489999999996
21
-63.1295489999999972
0
LINE
8
BLACK
6
CONTINUOUS
10
152.8419489999999996
20
-63.1295489999999972
11
152.8582069999999931
21
-63.1052169999999961
0
LINE
8
BLACK
6
CONTINUOUS
10
152.8582069999999931
20
-63.1052169999999961
11
152.88253899999998
21
-63.0889589999999956
0
LINE
8
BLACK
6
CONTINUOUS
10
152.88253899999998
20
-63.0889589999999956
11
152.9112399999999923
21
-63.0832499999999996
0
LINE
8
BLACK
6
CONTINUOUS
10
152.9112399999999923
20
-63.0832499999999996
11
153.061239999999998
21
-63.0832499999999996
0
LINE
8
BLACK
6
CONTINUOUS
10
153.061239999999998
20
-63.0832499999999996
11
153.0899409999999818
21
-63.0889589999999956
0
LINE
8
BLACK
6
CONTINUOUS
10
153.5899409999999818
20
-63.0889589999999956
11
153.6142729999999972
21
-63.1052169999999961
0
LINE
8
BLACK
6
CONTINUOUS
10
153.6142729999999972
20
-63.1052169999999961
11
153.6305309999999906
21
-63.1295489999999972
0
LINE
8
BLACK
6
CONTINUOUS
10
153.6305309999999906
20
-63.1295489999999972
11
153.6362399999999866
21
-63.1582499999999953
0
LINE
8
BLACK
6
CONTINUOUS
10
153.6362399999999866
20
-63.1582499999999953
11
153.6362399999999866
21
-64.6082499999999982
0
LINE
8
BLACK
6
CONTINUOUS
10
153.6362399999999866
20
-64.6082499999999982
11
153.6305309999999906
21
-64.6369509999999963
0
LINE
8
BLACK
6
CONTINUOUS
10
153.6305309999999906
20
-64.6369509999999963
11
153.6142729999999972
21
-64.6612829999999974
0
LINE
8
BLACK
6
CONTINUOUS
10
153.6142729999999972
20
-64.6612829999999974
11
153.5899409999999818
21
-64.6775409999999908
0
LINE
8
BLACK
6
CONTINUOUS
10
153.5899409999999818
20
-64.6775409999999908
11
153.561239999999998
21
-64.683250000000001
0
LINE
8
BLACK
6
CONTINUOUS
10
153.561239999999998
20
-64.683250000000001
11
153.4112399999999923
21
-64.683250000000001
0
LINE
8
BLACK
6
CONTINUOUS
10
153.4112399999999923
20
-64.683250000000001
11
153.38253899999998
21
-64.6775409999999908
0
LINE
8
BLACK
6
CONTINUOUS
10
153.38253899999998
20
-64.6775409999999908
11
153.3582069999999931
21
-64.6612829999999974
0
LINE
8
BLACK
6
CONTINUOUS
10
153.3582069999999931
20
-64.6612829999999974
11
153.3419489999999996
21
-64.6369509999999963
0
LINE
8
BLACK
6
CONTINUOUS
10
153.3419489999999996
20
-64.6369509999999963
11
153.3362400000000036
21
-64.6082499999999982
0
LINE
8
BLACK
6
CONTINUOUS
10
153.3362400000000036
20
-64.6082499999999982
11
153.3362400000000036
21
-63.1582499999999953
0
LINE
8
BLACK
6
CONTINUOUS
10
153.3362400000000036
20
-63.1582499999999953
11
153.3419489999999996
21
-63.1295489999999972
0
LINE
8
BLACK
6
CONTINUOUS
10
153.3419489999999996
20
-63.1295489999999972
11
153.3582069999999931
21
-63.1052169999999961
0
LINE
8
BLACK
6
CONTINUOUS
10
153.3582069999999931
20
-63.1052169999999961
11
153.38253899999998
21
-63.0889589999999956
0
LINE
8
BLACK
6
CONTINUOUS
10
153.38253899999998
20
-63.0889589999999956
11
153.4112399999999923
21
-63.0832499999999996
0
LINE
8
BLACK
6
CONTINUOUS
10
153.4112399999999923
20
-63.0832499999999996
11
153.561239999999998
21
-63.0832499999999996
0
LINE
8
BLACK
6
CONTINUOUS
10
153.561239999999998
20
-63.0832499999999996
11
153.5899409999999818
21
-63.0889589999999956
0
LINE
8
BLACK
6
CONTINUOUS
10
154.0899409999999818
20
-63.0889589999999956
11
154.1142729999999972
21
-63.1052169999999961
0
LINE
8
BLACK
6
CONTINUOUS
10
154.1142729999999972
20
-63.1052169999999961
11
154.1305309999999906
21
-63.1295489999999972
0
LINE
8
BLACK
6
CONTINUOUS
10
154.1305309999999906
20
-63.1295489999999972
11
154.1362399999999866
21
-63.1582499999999953
0
LINE
8
BLACK
6
CONTINUOUS
10
154.1362399999999866
20
-63.1582499999999953
11
154.1362399999999866
21
-64.6082499999999982
0
LINE
8
BLACK
6
CONTINUOUS
10
154.1362399999999866
20
-64.6082499999999982
11
154.1305309999999906
21
-64.6369509999999963
0
LINE
8
BLACK
6
CONTINUOUS
10
154.1305309999999906
20
-64.6369509999999963
11
154.1142729999999972
21
-64.6612829999999974
0
LINE
8
BLACK
6
CONTINUOUS
10
154.1142729999999972
20
-64.6612829999999974
11
154.0899409999999818
21
-64.6775409999999908
0
LINE
8
BLACK
6
CONTINUOUS
10
154.0899409999999818
20
-64.6775409999999908
11
154.061239999999998
21
-64.683250000000001
0
LINE
8
BLACK
6
CONTINUOUS
10
154.061239999999998
20
-64.683250000000001
11
153.9112399999999923
21
-64.683250000000001
0
LINE
8
BLACK
6
CONTINUOUS
10
153.9112399999999923
20
-64.683250000000001
11
153.88253899999998
21
-64.6775409999999908
0
LINE
8
BLACK
6
CONTINUOUS
10
153.88253899999998
20
-64.6775409999999908
11
153.8582069999999931
21
-64.6612829999999974
0
LINE
8
BLACK
6
CONTINUOUS
10
153.8582069999999931
20
-64.6612829999999974
11
153.8419489999999996
21
-64.6369509999999963
0
LINE
8
BLACK
6
CONTINUOUS
10
153.8419489999999996
20
-64.6369509999999963
11
153.8362400000000036
21
-64.6082499999999982
0
LINE
8
BLACK
6
CONTINUOUS
10
153.8362400000000036
20
-64.6082499999999982
11
153.8362400000000036
21
-63.1582499999999953
0
LINE
8
BLACK
6
CONTINUOUS
10
153.8362400000000036
20
-63.1582499999999953
11
153.8419489999999996
21
-63.1295489999999972
0
LINE
8
BLACK
6
CONTINUOUS
10
153.8419489999999996
20
-63.1295489999999972
11
153.8582069999999931
21
-63.1052169999999961
0
LINE
8
BLACK
6
CONTINUOUS
10
153.8582069999999931
20
-63.1052169999999961
11
153.88253899999998
21
-63.0889589999999956
0
LINE
8
BLACK
6
CONTINUOUS
10
153.88253899999998
20
-63.0889589999999956
11
153.9112399999999923
21
-63.0832499999999996
0
LINE
8
BLACK
6
CONTINUOUS
10
153.9112399999999923
20
-63.0832499999999996
11
154.061239999999998
21
-63.0832499999999996
0
LINE
8
BLACK
6
CONTINUOUS
10
154.061239999999998
20
-63.0832499999999996
11
154.0899409999999818
21
-63.0889589999999956
0
LINE
8
BLACK
6
CONTINUOUS
10
154.5899409999999818
20
-63.0889589999999956
11
154.6142729999999972
21
-63.1052169999999961
0
LINE
8
BLACK
6
CONTINUOUS
10
154.6142729999999972
20
-63.1052169999999961
11
154.6305309999999906
21
-63.1295489999999972
0
LINE
8
BLACK
6
CONTINUOUS
10
154.6305309999999906
20
-63.1295489999999972
11
154.6362399999999866
21
-63.1582499999999953
0
LINE
8
BLACK
6
CONTINUOUS
10
154.6362399999999866
20
-63.1582499999999953
11
154.6362399999999866
21
-64.6082499999999982
0
LINE
8
BLACK
6
CONTINUOUS
10
154.6362399999999866
20
-64.6082499999999982
11
154.6305309999999906
21
-64.6369509999999963
0
LINE
8
BLACK
6
CONTINUOUS
10
154.6305309999999906
20
-64.6369509999999963
11
154.6142729999999972
21
-64.6612829999999974
0
LINE
8
BLACK
6
CONTINUOUS
10
154.6142729999999972
20
-64.6612829999999974
11
154.5899409999999818
21
-64.6775409999999908
0
LINE
8
BLACK
6
CONTINUOUS
10
154.5899409999999818
20
-64.6775409999999908
11
154.561239999999998
21
-64.683250000000001
0
LINE
8
BLACK
6
CONTINUOUS
10
154.561239999999998
20
-64.683250000000001
11
154.4112399999999923
21
-64.683250000000001
0
LINE
8
BLACK
6
CONTINUOUS
10
154.4112399999999923
20
-64.683250000000001
11
154.38253899999998
21
-64.6775409999999908
0
LINE
8
BLACK
6
CONTINUOUS
10
154.38253899999998
20
-64.6775409999999908
11
154.3582069999999931
21
-64.6612829999999974
0
LINE
8
BLACK
6
CONTINUOUS
10
154.3582069999999931
20
-64.6612829999999974
11
154.3419489999999996
21
-64.6369509999999963
0
LINE
8
BLACK
6
CONTINUOUS
10
154.3419489999999996
20
-64.6369509999999963
11
154.3362400000000036
21
-64.6082499999999982
0
LINE
8
BLACK
6
CONTINUOUS
10
154.3362400000000036
20
-64.6082499999999982
11
154.3362400000000036
21
-63.1582499999999953
0
LINE
8
BLACK
6
CONTINUOUS
10
154.3362400000000036
20
-63.1582499999999953
11
154.3419489999999996
21
-63.1295489999999972
0
LINE
8
BLACK
6
CONTINUOUS
10
154.3419489999999996
20
-63.1295489999999972
11
154.3582069999999931
21
-63.1052169999999961
0
LINE
8
BLACK
6
CONTINUOUS
10
154.3582069999999931
20
-63.1052169999999961
11
154.38253899999998
21
-63.0889589999999956
0
LINE
8
BLACK
6
CONTINUOUS
10
154.38253899999998
20
-63.0889589999999956
11
154.4112399999999923
21
-63.0832499999999996
0
LINE
8
BLACK
6
CONTINUOUS
10
154.4112399999999923
20
-63.0832499999999996
11
154.561239999999998
21
-63.0832499999999996
0
LINE
8
BLACK
6
CONTINUOUS
10
154.561239999999998
20
-63.0832499999999996
11
154.5899409999999818
21
-63.0889589999999956
0
LINE
8
BLACK
6
CONTINUOUS
10
155.0899409999999818
20
-63.0889589999999956
11
155.1142729999999972
21
-63.1052169999999961
0
LINE
8
BLACK
6
CONTINUOUS
10
155.1142729999999972
20
-63.1052169999999961
11
155.1305309999999906
21
-63.1295489999999972
0
LINE
8
BLACK
6
CONTINUOUS
10
155.1305309999999906
20
-63.1295489999999972
11
155.1362399999999866
21
-63.1582499999999953
0
LINE
8
BLACK
6
CONTINUOUS
10
155.1362399999999866
20
-63.1582499999999953
11
155.1362399999999866
21
-64.6082499999999982
0
LINE
8
BLACK
6
CONTINUOUS
10
155.1362399999999866
20
-64.6082499999999982
11
155.1305309999999906
21
-64.6369509999999963
0
LINE
8
BLACK
6
CONTINUOUS
10
155.1305309999999906
20
-64.6369509999999963
11
155.1142729999999972
21
-64.6612829999999974
0
LINE
8
BLACK
6
CONTINUOUS
10
155.1142729999999972
20
-64.6612829999999974
11
155.0899409999999818
21
-64.6775409999999908
0
LINE
8
BLACK
6
CONTINUOUS
10
155.0899409999999818
20
-64.6775409999999908
11
155.061239999999998
21
-64.683250000000001
0
LINE
8
BLACK
6
CONTINUOUS
10
155.061239999999998
20
-64.683250000000001
11
154.9112399999999923
21
-64.683250000000001
0
LINE
8
BLACK
6
CONTINUOUS
10
154.9112399999999923
20
-64.683250000000001
11
154.88253899999998
21
-64.6775409999999908
0
LINE
8
BLACK
6
CONTINUOUS
10
154.88253899999998
20
-64.6775409999999908
11
154.8582069999999931
21
-64.6612829999999974
0
LINE
8
BLACK
6
CONTINUOUS
10
154.8582069999999931
20
-64.6612829999999974
11
154.8419489999999996
21
-64.6369509999999963
0
LINE
8
BLACK
6
CONTINUOUS
10
154.8419489999999996
20
-64.6369509999999963
11
154.8362400000000036
21
-64.6082499999999982
0
LINE
8
BLACK
6
CONTINUOUS
10
154.8362400000000036
20
-64.6082499999999982
11
154.8362400000000036
21
-63.1582499999999953
0
LINE
8
BLACK
6
CONTINUOUS
10
154.8362400000000036
20
-63.1582499999999953
11
154.8419489999999996
21
-63.1295489999999972
0
LINE
8
BLACK
6
CONTINUOUS
10
154.8419489999999996
20
-63.1295489999999972
11
154.8582069999999931
21
-63.1052169999999961
0
LINE
8
BLACK
6
CONTINUOUS
10
154.8582069999999931
20
-63.1052169999999961
11
154.88253899999998
21
-63.0889589999999956
0
LINE
8
BLACK
6
CONTINUOUS
10
154.88253899999998
20
-63.0889589999999956
11
154.9112399999999923
21
-63.0832499999999996
0
LINE
8
BLACK
6
CONTINUOUS
10
154.9112399999999923
20
-63.0832499999999996
11
155.061239999999998
21
-63.0832499999999996
0
LINE
8
BLACK
6
CONTINUOUS
10
155.061239999999998
20
-63.0832499999999996
11
155.0899409999999818
21
-63.0889589999999956
0
LINE
8
BLACK
6
CONTINUOUS
10
127.5574479999999937
20
-53.742446000000001
11
127.969112999999993
21
-53.799870999999996
0
LINE
8
BLACK
6
CONTINUOUS
10
127.969112999999993
20
-53.799870999999996
11
128.373722999999984
21
-53.895035
0
LINE
8
BLACK
6
CONTINUOUS
10
128.373722999999984
20
-53.895035
11
128.7678269999999827
21
-54.0271249999999981
0
LINE
8
BLACK
6
CONTINUOUS
10
128.7678269999999827
20
-54.0271249999999981
11
129.1480630000000076
21
-54.1950149999999979
0
LINE
8
BLACK
6
CONTINUOUS
10
129.1480630000000076
20
-54.1950149999999979
11
129.5111849999999833
21
-54.3972729999999984
0
LINE
8
BLACK
6
CONTINUOUS
10
129.5111849999999833
20
-54.3972729999999984
11
129.8540959999999984
21
-54.6321719999999971
0
LINE
8
BLACK
6
CONTINUOUS
10
129.8540959999999984
20
-54.6321719999999971
11
130.1738699999999938
21
-54.8977099999999965
0
LINE
8
BLACK
6
CONTINUOUS
10
130.1738699999999938
20
-54.8977099999999965
11
130.4677800000000047
21
-55.1916200000000003
0
LINE
8
BLACK
6
CONTINUOUS
10
130.4677800000000047
20
-55.1916200000000003
11
130.733317999999997
21
-55.5113939999999957
0
LINE
8
BLACK
6
CONTINUOUS
10
130.733317999999997
20
-55.5113939999999957
11
130.9682169999999815
21
-55.8543049999999965
0
LINE
8
BLACK
6
CONTINUOUS
10
130.9682169999999815
20
-55.8543049999999965
11
131.1704749999999819
21
-56.2174270000000007
0
LINE
8
BLACK
6
CONTINUOUS
10
131.1704749999999819
20
-56.2174270000000007
11
131.3383649999999818
21
-56.5976629999999972
0
LINE
8
BLACK
6
CONTINUOUS
10
131.3383649999999818
20
-56.5976629999999972
11
131.470454999999987
21
-56.9917669999999958
0
LINE
8
BLACK
6
CONTINUOUS
10
131.470454999999987
20
-56.9917669999999958
11
131.5656189999999981
21
-57.396376999999994
0
LINE
8
BLACK
6
CONTINUOUS
10
131.5656189999999981
20
-57.396376999999994
11
131.623043999999993
21
-57.8080420000000004
0
LINE
8
BLACK
6
CONTINUOUS
10
131.623043999999993
20
-57.8080420000000004
11
131.6422399999999868
21
-58.2232500000000002
0
LINE
8
BLACK
6
CONTINUOUS
10
131.6422399999999868
20
-58.2232500000000002
11
131.623043999999993
21
-58.638458
0
LINE
8
BLACK
6
CONTINUOUS
10
131.623043999999993
20
-58.638458
11
131.5656189999999981
21
-59.0501229999999993
0
LINE
8
BLACK
6
CONTINUOUS
10
131.5656189999999981
20
-59.0501229999999993
11
131.470454999999987
21
-59.4547329999999974
0
LINE
8
BLACK
6
CONTINUOUS
10
131.470454999999987
20
-59.4547329999999974
11
131.3383649999999818
21
-59.8488369999999961
0
LINE
8
BLACK
6
CONTINUOUS
10
131.3383649999999818
20
-59.8488369999999961
11
131.1704749999999819
21
-60.2290729999999996
0
LINE
8
BLACK
6
CONTINUOUS
10
131.1704749999999819
20
-60.2290729999999996
11
130.9682169999999815
21
-60.5921949999999967
0
LINE
8
BLACK
6
CONTINUOUS
10
130.9682169999999815
20
-60.5921949999999967
11
130.733317999999997
21
-60.9351059999999976
0
LINE
8
BLACK
6
CONTINUOUS
10
130.733317999999997
20
-60.9351059999999976
11
130.4677800000000047
21
-61.25488
0
LINE
8
BLACK
6
CONTINUOUS
10
130.4677800000000047
20
-61.25488
11
130.1738699999999938
21
-61.5487899999999968
0
LINE
8
BLACK
6
CONTINUOUS
10
130.1738699999999938
20
-61.5487899999999968
11
129.8540959999999984
21
-61.8143279999999962
0
LINE
8
BLACK
6
CONTINUOUS
10
129.8540959999999984
20
-61.8143279999999962
11
129.5111849999999833
21
-62.0492269999999948
0
LINE
8
BLACK
6
CONTINUOUS
10
129.5111849999999833
20
-62.0492269999999948
11
129.1480630000000076
21
-62.2514849999999953
0
LINE
8
BLACK
6
CONTINUOUS
10
129.1480630000000076
20
-62.2514849999999953
11
128.7678269999999827
21
-62.4193749999999952
0
LINE
8
BLACK
6
CONTINUOUS
10
128.7678269999999827
20
-62.4193749999999952
11
128.373722999999984
21
-62.5514650000000003
0
LINE
8
BLACK
6
CONTINUOUS
10
128.373722999999984
20
-62.5514650000000003
11
127.969112999999993
21
-62.6466289999999972
0
LINE
8
BLACK
6
CONTINUOUS
10
127.969112999999993
20
-62.6466289999999972
11
127.5574479999999937
21
-62.7040539999999993
0
LINE
8
BLACK
6
CONTINUOUS
10
127.5574479999999937
20
-62.7040539999999993
11
127.142240000000001
21
-62.7232500000000002
0
LINE
8
BLACK
6
CONTINUOUS
10
127.142240000000001
20
-62.7232500000000002
11
126.7270319999999941
21
-62.7040539999999993
0
LINE
8
BLACK
6
CONTINUOUS
10
126.7270319999999941
20
-62.7040539999999993
11
126.3153669999999948
21
-62.6466289999999972
0
LINE
8
BLACK
6
CONTINUOUS
10
126.3153669999999948
20
-62.6466289999999972
11
125.9107569999999896
21
-62.5514650000000003
0
LINE
8
BLACK
6
CONTINUOUS
10
125.9107569999999896
20
-62.5514650000000003
11
125.5166529999999909
21
-62.4193749999999952
0
LINE
8
BLACK
6
CONTINUOUS
10
125.5166529999999909
20
-62.4193749999999952
11
125.1364169999999945
21
-62.2514849999999953
0
LINE
8
BLACK
6
CONTINUOUS
10
125.1364169999999945
20
-62.2514849999999953
11
124.7732949999999903
21
-62.0492269999999948
0
LINE
8
BLACK
6
CONTINUOUS
10
124.7732949999999903
20
-62.0492269999999948
11
124.4303839999999894
21
-61.8143279999999962
0
LINE
8
BLACK
6
CONTINUOUS
10
124.4303839999999894
20
-61.8143279999999962
11
124.1106099999999941
21
-61.5487899999999968
0
LINE
8
BLACK
6
CONTINUOUS
10
124.1106099999999941
20
-61.5487899999999968
11
123.8166999999999973
21
-61.25488
0
LINE
8
BLACK
6
CONTINUOUS
10
123.8166999999999973
20
-61.25488
11
123.5511619999999908
21
-60.9351059999999976
0
LINE
8
BLACK
6
CONTINUOUS
10
123.5511619999999908
20
-60.9351059999999976
11
123.3162629999999922
21
-60.5921949999999967
0
LINE
8
BLACK
6
CONTINUOUS
10
123.3162629999999922
20
-60.5921949999999967
11
123.1140049999999917
21
-60.2290729999999996
0
LINE
8
BLACK
6
CONTINUOUS
10
123.1140049999999917
20
-60.2290729999999996
11
122.9461149999999918
21
-59.8488369999999961
0
LINE
8
BLACK
6
CONTINUOUS
10
122.9461149999999918
20
-59.8488369999999961
11
122.8140250000000009
21
-59.4547329999999974
0
LINE
8
BLACK
6
CONTINUOUS
10
122.8140250000000009
20
-59.4547329999999974
11
122.7188609999999898
21
-59.0501229999999993
0
LINE
8
BLACK
6
CONTINUOUS
10
122.7188609999999898
20
-59.0501229999999993
11
122.6614359999999948
21
-58.638458
0
LINE
8
BLACK
6
CONTINUOUS
10
122.6614359999999948
20
-58.638458
11
122.642240000000001
21
-58.2232500000000002
0
LINE
8
BLACK
6
CONTINUOUS
10
122.642240000000001
20
-58.2232500000000002
11
122.6614359999999948
21
-57.8080420000000004
0
LINE
8
BLACK
6
CONTINUOUS
10
122.6614359999999948
20
-57.8080420000000004
11
122.7188609999999898
21
-57.396376999999994
0
LINE
8
BLACK
6
CONTINUOUS
10
122.7188609999999898
20
-57.396376999999994
11
122.8140250000000009
21
-56.9917669999999958
0
LINE
8
BLACK
6
CONTINUOUS
10
122.8140250000000009
20
-56.9917669999999958
11
122.9461149999999918
21
-56.5976629999999972
0
LINE
8
BLACK
6
CONTINUOUS
10
122.9461149999999918
20
-56.5976629999999972
11
123.1140049999999917
21
-56.2174270000000007
0
LINE
8
BLACK
6
CONTINUOUS
10
123.1140049999999917
20
-56.2174270000000007
11
123.3162629999999922
21
-55.8543049999999965
0
LINE
8
BLACK
6
CONTINUOUS
10
123.3162629999999922
20
-55.8543049999999965
11
123.5511619999999908
21
-55.5113939999999957
0
LINE
8
BLACK
6
CONTINUOUS
10
123.5511619999999908
20
-55.5113939999999957
11
123.8166999999999973
21
-55.1916200000000003
0
LINE
8
BLACK
6
CONTINUOUS
10
123.8166999999999973
20
-55.1916200000000003
11
124.1106099999999941
21
-54.8977099999999965
0
LINE
8
BLACK
6
CONTINUOUS
10
124.1106099999999941
20
-54.8977099999999965
11
124.4303839999999894
21
-54.6321719999999971
0
LINE
8
BLACK
6
CONTINUOUS
10
124.4303839999999894
20
-54.6321719999999971
11
124.7732949999999903
21
-54.3972729999999984
0
LINE
8
BLACK
6
CONTINUOUS
10
124.7732949999999903
20
-54.3972729999999984
11
125.1364169999999945
21
-54.1950149999999979
0
LINE
8
BLACK
6
CONTINUOUS
10
125.1364169999999945
20
-54.1950149999999979
11
125.5166529999999909
21
-54.0271249999999981
0
LINE
8
BLACK
6
CONTINUOUS
10
125.5166529999999909
20
-54.0271249999999981
11
125.9107569999999896
21
-53.895035
0
LINE
8
BLACK
6
CONTINUOUS
10
125.9107569999999896
20
-53.895035
11
126.3153669999999948
21
-53.799870999999996
0
LINE
8
BLACK
6
CONTINUOUS
10
126.3153669999999948
20
-53.799870999999996
11
126.7270319999999941
21
-53.742446000000001
0
LINE
8
BLACK
6
CONTINUOUS
10
126.7270319999999941
20
-53.742446000000001
11
127.142240000000001
21
-53.7232500000000002
0
LINE
8
BLACK
6
CONTINUOUS
10
127.142240000000001
20
-53.7232500000000002
11
127.5574479999999937
21
-53.742446000000001
0
LINE
8
BLACK
6
CONTINUOUS
10
172.0074479999999824
20
-53.742446000000001
11
172.4191129999999816
21
-53.799870999999996
0
LINE
8
BLACK
6
CONTINUOUS
10
172.4191129999999816
20
-53.799870999999996
11
172.8237230000000011
21
-53.895035
0
LINE
8
BLACK
6
CONTINUOUS
10
172.8237230000000011
20
-53.895035
11
173.2178269999999998
21
-54.0271249999999981
0
LINE
8
BLACK
6
CONTINUOUS
10
173.2178269999999998
20
-54.0271249999999981
11
173.5980629999999962
21
-54.1950149999999979
0
LINE
8
BLACK
6
CONTINUOUS
10
173.5980629999999962
20
-54.1950149999999979
11
173.9611850000000004
21
-54.3972729999999984
0
LINE
8
BLACK
6
CONTINUOUS
10
173.9611850000000004
20
-54.3972729999999984
11
174.304095999999987
21
-54.6321719999999971
0
LINE
8
BLACK
6
CONTINUOUS
10
174.304095999999987
20
-54.6321719999999971
11
174.6238699999999824
21
-54.8977099999999965
0
LINE
8
BLACK
6
CONTINUOUS
10
174.6238699999999824
20
-54.8977099999999965
11
174.9177799999999934
21
-55.1916200000000003
0
LINE
8
BLACK
6
CONTINUOUS
10
174.9177799999999934
20
-55.1916200000000003
11
175.1833179999999857
21
-55.5113939999999957
0
LINE
8
BLACK
6
CONTINUOUS
10
175.1833179999999857
20
-55.5113939999999957
11
175.4182169999999985
21
-55.8543049999999965
0
LINE
8
BLACK
6
CONTINUOUS
10
175.4182169999999985
20
-55.8543049999999965
11
175.620474999999999
21
-56.2174270000000007
0
LINE
8
BLACK
6
CONTINUOUS
10
175.620474999999999
20
-56.2174270000000007
11
175.7883649999999989
21
-56.5976629999999972
0
LINE
8
BLACK
6
CONTINUOUS
10
175.7883649999999989
20
-56.5976629999999972
11
175.920455000000004
21
-56.9917669999999958
0
LINE
8
BLACK
6
CONTINUOUS
10
175.920455000000004
20
-56.9917669999999958
11
176.0156189999999867
21
-57.396376999999994
0
LINE
8
BLACK
6
CONTINUOUS
10
176.0156189999999867
20
-57.396376999999994
11
176.0730439999999817
21
-57.8080420000000004
0
LINE
8
BLACK
6
CONTINUOUS
10
176.0730439999999817
20
-57.8080420000000004
11
176.0922400000000039
21
-58.2232500000000002
0
LINE
8
BLACK
6
CONTINUOUS
10
176.0922400000000039
20
-58.2232500000000002
11
176.0730439999999817
21
-58.638458
0
LINE
8
BLACK
6
CONTINUOUS
10
176.0730439999999817
20
-58.638458
11
176.0156189999999867
21
-59.0501229999999993
0
LINE
8
BLACK
6
CONTINUOUS
10
176.0156189999999867
20
-59.0501229999999993
11
175.920455000000004
21
-59.4547329999999974
0
LINE
8
BLACK
6
CONTINUOUS
10
175.920455000000004
20
-59.4547329999999974
11
175.7883649999999989
21
-59.8488369999999961
0
LINE
8
BLACK
6
CONTINUOUS
10
175.7883649999999989
20
-59.8488369999999961
11
175.620474999999999
21
-60.2290729999999996
0
LINE
8
BLACK
6
CONTINUOUS
10
175.620474999999999
20
-60.2290729999999996
11
175.4182169999999985
21
-60.5921949999999967
0
LINE
8
BLACK
6
CONTINUOUS
10
175.4182169999999985
20
-60.5921949999999967
11
175.1833179999999857
21
-60.9351059999999976
0
LINE
8
BLACK
6
CONTINUOUS
10
175.1833179999999857
20
-60.9351059999999976
11
174.9177799999999934
21
-61.25488
0
LINE
8
BLACK
6
CONTINUOUS
10
174.9177799999999934
20
-61.25488
11
174.6238699999999824
21
-61.5487899999999968
0
LINE
8
BLACK
6
CONTINUOUS
10
174.6238699999999824
20
-61.5487899999999968
11
174.304095999999987
21
-61.8143279999999962
0
LINE
8
BLACK
6
CONTINUOUS
10
174.304095999999987
20
-61.8143279999999962
11
173.9611850000000004
21
-62.0492269999999948
0
LINE
8
BLACK
6
CONTINUOUS
10
173.9611850000000004
20
-62.0492269999999948
11
173.5980629999999962
21
-62.2514849999999953
0
LINE
8
BLACK
6
CONTINUOUS
10
173.5980629999999962
20
-62.2514849999999953
11
173.2178269999999998
21
-62.4193749999999952
0
LINE
8
BLACK
6
CONTINUOUS
10
173.2178269999999998
20
-62.4193749999999952
11
172.8237230000000011
21
-62.5514650000000003
0
LINE
8
BLACK
6
CONTINUOUS
10
172.8237230000000011
20
-62.5514650000000003
11
172.4191129999999816
21
-62.6466289999999972
0
LINE
8
BLACK
6
CONTINUOUS
10
172.4191129999999816
20
-62.6466289999999972
11
172.0074479999999824
21
-62.7040539999999993
0
LINE
8
BLACK
6
CONTINUOUS
10
172.0074479999999824
20
-62.7040539999999993
11
171.5922400000000039
21
-62.7232500000000002
0
LINE
8
BLACK
6
CONTINUOUS
10
171.5922400000000039
20
-62.7232500000000002
11
171.177031999999997
21
-62.7040539999999993
0
LINE
8
BLACK
6
CONTINUOUS
10
171.177031999999997
20
-62.7040539999999993
11
170.7653669999999977
21
-62.6466289999999972
0
LINE
8
BLACK
6
CONTINUOUS
10
170.7653669999999977
20
-62.6466289999999972
11
170.3607569999999782
21
-62.5514650000000003
0
LINE
8
BLACK
6
CONTINUOUS
10
170.3607569999999782
20
-62.5514650000000003
11
169.9666529999999796
21
-62.4193749999999952
0
LINE
8
BLACK
6
CONTINUOUS
10
169.9666529999999796
20
-62.4193749999999952
11
169.5864169999999831
21
-62.2514849999999953
0
LINE
8
BLACK
6
CONTINUOUS
10
169.5864169999999831
20
-62.2514849999999953
11
169.2232949999999789
21
-62.0492269999999948
0
LINE
8
BLACK
6
CONTINUOUS
10
169.2232949999999789
20
-62.0492269999999948
11
168.8803839999999923
21
-61.8143279999999962
0
LINE
8
BLACK
6
CONTINUOUS
10
168.8803839999999923
20
-61.8143279999999962
11
168.5606099999999969
21
-61.5487899999999968
0
LINE
8
BLACK
6
CONTINUOUS
10
168.5606099999999969
20
-61.5487899999999968
11
168.2666999999999859
21
-61.25488
0
LINE
8
BLACK
6
CONTINUOUS
10
168.2666999999999859
20
-61.25488
11
168.0011619999999937
21
-60.9351059999999976
0
LINE
8
BLACK
6
CONTINUOUS
10
168.0011619999999937
20
-60.9351059999999976
11
167.7662629999999808
21
-60.5921949999999967
0
LINE
8
BLACK
6
CONTINUOUS
10
167.7662629999999808
20
-60.5921949999999967
11
167.5640049999999803
21
-60.2290729999999996
0
LINE
8
BLACK
6
CONTINUOUS
10
167.5640049999999803
20
-60.2290729999999996
11
167.3961149999999805
21
-59.8488369999999961
0
LINE
8
BLACK
6
CONTINUOUS
10
167.3961149999999805
20
-59.8488369999999961
11
167.2640250000000037
21
-59.4547329999999974
0
LINE
8
BLACK
6
CONTINUOUS
10
167.2640250000000037
20
-59.4547329999999974
11
167.1688609999999926
21
-59.0501229999999993
0
LINE
8
BLACK
6
CONTINUOUS
10
167.1688609999999926
20
-59.0501229999999993
11
167.1114359999999976
21
-58.638458
0
LINE
8
BLACK
6
CONTINUOUS
10
167.1114359999999976
20
-58.638458
11
167.0922400000000039
21
-58.2232500000000002
0
LINE
8
BLACK
6
CONTINUOUS
10
167.0922400000000039
20
-58.2232500000000002
11
167.1114359999999976
21
-57.8080420000000004
0
LINE
8
BLACK
6
CONTINUOUS
10
167.1114359999999976
20
-57.8080420000000004
11
167.1688609999999926
21
-57.396376999999994
0
LINE
8
BLACK
6
CONTINUOUS
10
167.1688609999999926
20
-57.396376999999994
11
167.2640250000000037
21
-56.9917669999999958
0
LINE
8
BLACK
6
CONTINUOUS
10
167.2640250000000037
20
-56.9917669999999958
11
167.3961149999999805
21
-56.5976629999999972
0
LINE
8
BLACK
6
CONTINUOUS
10
167.3961149999999805
20
-56.5976629999999972
11
167.5640049999999803
21
-56.2174270000000007
0
LINE
8
BLACK
6
CONTINUOUS
10
167.5640049999999803
20
-56.2174270000000007
11
167.7662629999999808
21
-55.8543049999999965
0
LINE
8
BLACK
6
CONTINUOUS
10
167.7662629999999808
20
-55.8543049999999965
11
168.0011619999999937
21
-55.5113939999999957
0
LINE
8
BLACK
6
CONTINUOUS
10
168.0011619999999937
20
-55.5113939999999957
11
168.2666999999999859
21
-55.1916200000000003
0
LINE
8
BLACK
6
CONTINUOUS
10
168.2666999999999859
20
-55.1916200000000003
11
168.5606099999999969
21
-54.8977099999999965
0
LINE
8
BLACK
6
CONTINUOUS
10
168.5606099999999969
20
-54.8977099999999965
11
168.8803839999999923
21
-54.6321719999999971
0
LINE
8
BLACK
6
CONTINUOUS
10
168.8803839999999923
20
-54.6321719999999971
11
169.2232949999999789
21
-54.3972729999999984
0
LINE
8
BLACK
6
CONTINUOUS
10
169.2232949999999789
20
-54.3972729999999984
11
169.5864169999999831
21
-54.1950149999999979
0
LINE
8
BLACK
6
CONTINUOUS
10
169.5864169999999831
20
-54.1950149999999979
11
169.9666529999999796
21
-54.0271249999999981
0
LINE
8
BLACK
6
CONTINUOUS
10
169.9666529999999796
20
-54.0271249999999981
11
170.3607569999999782
21
-53.895035
0
LINE
8
BLACK
6
CONTINUOUS
10
170.3607569999999782
20
-53.895035
11
170.7653669999999977
21
-53.799870999999996
0
LINE
8
BLACK
6
CONTINUOUS
10
170.7653669999999977
20
-53.799870999999996
11
171.177031999999997
21
-53.742446000000001
0
LINE
8
BLACK
6
CONTINUOUS
10
171.177031999999997
20
-53.742446000000001
11
171.5922400000000039
21
-53.7232500000000002
0
LINE
8
BLACK
6
CONTINUOUS
10
171.5922400000000039
20
-53.7232500000000002
11
172.0074479999999824
21
-53.742446000000001
0
LINE
8
BLACK
6
CONTINUOUS
10
160.8283869999999922
20
-60.5430789999999988
11
160.9054380000000037
21
-60.5945619999999963
0
LINE
8
BLACK
6
CONTINUOUS
10
160.9054380000000037
20
-60.5945619999999963
11
160.9569209999999941
21
-60.6716130000000007
0
LINE
8
BLACK
6
CONTINUOUS
10
160.9569209999999941
20
-60.6716130000000007
11
160.9749999999999943
21
-60.7624999999999957
0
LINE
8
BLACK
6
CONTINUOUS
10
160.9749999999999943
20
-60.7624999999999957
11
160.9749999999999943
21
-61.2374999999999972
0
LINE
8
BLACK
6
CONTINUOUS
10
160.9749999999999943
20
-61.2374999999999972
11
160.9569209999999941
21
-61.3283869999999993
0
LINE
8
BLACK
6
CONTINUOUS
10
160.9569209999999941
20
-61.3283869999999993
11
160.9054380000000037
21
-61.4054379999999966
0
LINE
8
BLACK
6
CONTINUOUS
10
160.9054380000000037
20
-61.4054379999999966
11
160.8283869999999922
21
-61.4569209999999941
0
LINE
8
BLACK
6
CONTINUOUS
10
160.8283869999999922
20
-61.4569209999999941
11
160.7374999999999829
21
-61.4749999999999943
0
LINE
8
BLACK
6
CONTINUOUS
10
160.7374999999999829
20
-61.4749999999999943
11
160.2374999999999829
21
-61.4749999999999943
0
LINE
8
BLACK
6
CONTINUOUS
10
160.2374999999999829
20
-61.4749999999999943
11
160.1466130000000021
21
-61.4569209999999941
0
LINE
8
BLACK
6
CONTINUOUS
10
160.1466130000000021
20
-61.4569209999999941
11
160.0695619999999906
21
-61.4054379999999966
0
LINE
8
BLACK
6
CONTINUOUS
10
160.0695619999999906
20
-61.4054379999999966
11
160.0180790000000002
21
-61.3283869999999993
0
LINE
8
BLACK
6
CONTINUOUS
10
160.0180790000000002
20
-61.3283869999999993
11
160.
21
-61.2374999999999972
0
LINE
8
BLACK
6
CONTINUOUS
10
160.
20
-61.2374999999999972
11
160.
21
-60.7624999999999957
0
LINE
8
BLACK
6
CONTINUOUS
10
160.
20
-60.7624999999999957
11
160.0180790000000002
21
-60.6716130000000007
0
LINE
8
BLACK
6
CONTINUOUS
10
160.0180790000000002
20
-60.6716130000000007
11
160.0695619999999906
21
-60.5945619999999963
0
LINE
8
BLACK
6
CONTINUOUS
10
160.0695619999999906
20
-60.5945619999999963
11
160.1466130000000021
21
-60.5430789999999988
0
LINE
8
BLACK
6
CONTINUOUS
10
160.1466130000000021
20
-60.5430789999999988
11
160.2374999999999829
21
-60.5249999999999986
0
LINE
8
BLACK
6
CONTINUOUS
10
160.2374999999999829
20
-60.5249999999999986
11
160.7374999999999829
21
-60.5249999999999986
0
LINE
8
BLACK
6
CONTINUOUS
10
160.7374999999999829
20
-60.5249999999999986
11
160.8283869999999922
21
-60.5430789999999988
0
LINE
8
BLACK
6
CONTINUOUS
10
162.6533869999999808
20
-60.5430789999999988
11
162.7304379999999924
21
-60.5945619999999963
0
LINE
8
BLACK
6
CONTINUOUS
10
162.7304379999999924
20
-60.5945619999999963
11
162.7819209999999828
21
-60.6716130000000007
0
LINE
8
BLACK
6
CONTINUOUS
10
162.7819209999999828
20
-60.6716130000000007
11
162.7999999999999829
21
-60.7624999999999957
0
LINE
8
BLACK
6
CONTINUOUS
10
162.7999999999999829
20
-60.7624999999999957
11
162.7999999999999829
21
-61.2374999999999972
0
LINE
8
BLACK
6
CONTINUOUS
10
162.7999999999999829
20
-61.2374999999999972
11
162.7819209999999828
21
-61.3283869999999993
0
LINE
8
BLACK
6
CONTINUOUS
10
162.7819209999999828
20
-61.3283869999999993
11
162.7304379999999924
21
-61.4054379999999966
0
LINE
8
BLACK
6
CONTINUOUS
10
162.7304379999999924
20
-61.4054379999999966
11
162.6533869999999808
21
-61.4569209999999941
0
LINE
8
BLACK
6
CONTINUOUS
10
162.6533869999999808
20
-61.4569209999999941
11
162.5625
21
-61.4749999999999943
0
LINE
8
BLACK
6
CONTINUOUS
10
162.5625
20
-61.4749999999999943
11
162.0625
21
-61.4749999999999943
0
LINE
8
BLACK
6
CONTINUOUS
10
162.0625
20
-61.4749999999999943
11
161.9716129999999907
21
-61.4569209999999941
0
LINE
8
BLACK
6
CONTINUOUS
10
161.9716129999999907
20
-61.4569209999999941
11
161.8945619999999792
21
-61.4054379999999966
0
LINE
8
BLACK
6
CONTINUOUS
10
161.8945619999999792
20
-61.4054379999999966
11
161.8430789999999888
21
-61.3283869999999993
0
LINE
8
BLACK
6
CONTINUOUS
10
161.8430789999999888
20
-61.3283869999999993
11
161.8249999999999886
21
-61.2374999999999972
0
LINE
8
BLACK
6
CONTINUOUS
10
161.8249999999999886
20
-61.2374999999999972
11
161.8249999999999886
21
-60.7624999999999957
0
LINE
8
BLACK
6
CONTINUOUS
10
161.8249999999999886
20
-60.7624999999999957
11
161.8430789999999888
21
-60.6716130000000007
0
LINE
8
BLACK
6
CONTINUOUS
10
161.8430789999999888
20
-60.6716130000000007
11
161.8945619999999792
21
-60.5945619999999963
0
LINE
8
BLACK
6
CONTINUOUS
10
161.8945619999999792
20
-60.5945619999999963
11
161.9716129999999907
21
-60.5430789999999988
0
LINE
8
BLACK
6
CONTINUOUS
10
161.9716129999999907
20
-60.5430789999999988
11
162.0625
21
-60.5249999999999986
0
LINE
8
BLACK
6
CONTINUOUS
10
162.0625
20
-60.5249999999999986
11
162.5625
21
-60.5249999999999986
0
LINE
8
BLACK
6
CONTINUOUS
10
162.5625
20
-60.5249999999999986
11
162.6533869999999808
21
-60.5430789999999988
0
LINE
8
BLACK
6
CONTINUOUS
10
149.0453870000000052
20
-60.5140789999999953
11
149.1224379999999883
21
-60.5655619999999999
0
LINE
8
BLACK
6
CONTINUOUS
10
149.1224379999999883
20
-60.5655619999999999
11
149.1739210000000071
21
-60.6426129999999972
0
LINE
8
BLACK
6
CONTINUOUS
10
149.1739210000000071
20
-60.6426129999999972
11
149.1920000000000073
21
-60.7334999999999994
0
LINE
8
BLACK
6
CONTINUOUS
10
149.1920000000000073
20
-60.7334999999999994
11
149.1920000000000073
21
-61.2334999999999994
0
LINE
8
BLACK
6
CONTINUOUS
10
149.1920000000000073
20
-61.2334999999999994
11
149.1739210000000071
21
-61.3243869999999944
0
LINE
8
BLACK
6
CONTINUOUS
10
149.1739210000000071
20
-61.3243869999999944
11
149.1224379999999883
21
-61.4014379999999989
0
LINE
8
BLACK
6
CONTINUOUS
10
149.1224379999999883
20
-61.4014379999999989
11
149.0453870000000052
21
-61.4529209999999964
0
LINE
8
BLACK
6
CONTINUOUS
10
149.0453870000000052
20
-61.4529209999999964
11
148.9544999999999959
21
-61.4709999999999965
0
LINE
8
BLACK
6
CONTINUOUS
10
148.9544999999999959
20
-61.4709999999999965
11
148.4795000000000016
21
-61.4709999999999965
0
LINE
8
BLACK
6
CONTINUOUS
10
148.4795000000000016
20
-61.4709999999999965
11
148.3886129999999923
21
-61.4529209999999964
0
LINE
8
BLACK
6
CONTINUOUS
10
148.3886129999999923
20
-61.4529209999999964
11
148.3115619999999808
21
-61.4014379999999989
0
LINE
8
BLACK
6
CONTINUOUS
10
148.3115619999999808
20
-61.4014379999999989
11
148.2600789999999904
21
-61.3243869999999944
0
LINE
8
BLACK
6
CONTINUOUS
10
148.2600789999999904
20
-61.3243869999999944
11
148.2419999999999902
21
-61.2334999999999994
0
LINE
8
BLACK
6
CONTINUOUS
10
148.2419999999999902
20
-61.2334999999999994
11
148.2419999999999902
21
-60.7334999999999994
0
LINE
8
BLACK
6
CONTINUOUS
10
148.2419999999999902
20
-60.7334999999999994
11
148.2600789999999904
21
-60.6426129999999972
0
LINE
8
BLACK
6
CONTINUOUS
10
148.2600789999999904
20
-60.6426129999999972
11
148.3115619999999808
21
-60.5655619999999999
0
LINE
8
BLACK
6
CONTINUOUS
10
148.3115619999999808
20
-60.5655619999999999
11
148.3886129999999923
21
-60.5140789999999953
0
LINE
8
BLACK
6
CONTINUOUS
10
148.3886129999999923
20
-60.5140789999999953
11
148.4795000000000016
21
-60.4959999999999951
0
LINE
8
BLACK
6
CONTINUOUS
10
148.4795000000000016
20
-60.4959999999999951
11
148.9544999999999959
21
-60.4959999999999951
0
LINE
8
BLACK
6
CONTINUOUS
10
148.9544999999999959
20
-60.4959999999999951
11
149.0453870000000052
21
-60.5140789999999953
0
LINE
8
BLACK
6
CONTINUOUS
10
143.8003870000000006
20
-60.5030789999999996
11
143.8774379999999837
21
-60.5545619999999971
0
LINE
8
BLACK
6
CONTINUOUS
10
143.8774379999999837
20
-60.5545619999999971
11
143.9289210000000026
21
-60.6316129999999944
0
LINE
8
BLACK
6
CONTINUOUS
10
143.9289210000000026
20
-60.6316129999999944
11
143.9470000000000027
21
-60.7224999999999966
0
LINE
8
BLACK
6
CONTINUOUS
10
143.9470000000000027
20
-60.7224999999999966
11
143.9470000000000027
21
-61.197499999999998
0
LINE
8
BLACK
6
CONTINUOUS
10
143.9470000000000027
20
-61.197499999999998
11
143.9289210000000026
21
-61.2883870000000002
0
LINE
8
BLACK
6
CONTINUOUS
10
143.9289210000000026
20
-61.2883870000000002
11
143.8774379999999837
21
-61.3654379999999975
0
LINE
8
BLACK
6
CONTINUOUS
10
143.8774379999999837
20
-61.3654379999999975
11
143.8003870000000006
21
-61.416920999999995
0
LINE
8
BLACK
6
CONTINUOUS
10
143.8003870000000006
20
-61.416920999999995
11
143.7094999999999914
21
-61.4349999999999952
0
LINE
8
BLACK
6
CONTINUOUS
10
143.7094999999999914
20
-61.4349999999999952
11
143.109499999999997
21
-61.4349999999999952
0
LINE
8
BLACK
6
CONTINUOUS
10
143.109499999999997
20
-61.4349999999999952
11
143.0186129999999878
21
-61.416920999999995
0
LINE
8
BLACK
6
CONTINUOUS
10
143.0186129999999878
20
-61.416920999999995
11
142.9415620000000047
21
-61.3654379999999975
0
LINE
8
BLACK
6
CONTINUOUS
10
142.9415620000000047
20
-61.3654379999999975
11
142.8900789999999859
21
-61.2883870000000002
0
LINE
8
BLACK
6
CONTINUOUS
10
142.8900789999999859
20
-61.2883870000000002
11
142.8719999999999857
21
-61.197499999999998
0
LINE
8
BLACK
6
CONTINUOUS
10
142.8719999999999857
20
-61.197499999999998
11
142.8719999999999857
21
-60.7224999999999966
0
LINE
8
BLACK
6
CONTINUOUS
10
142.8719999999999857
20
-60.7224999999999966
11
142.8900789999999859
21
-60.6316129999999944
0
LINE
8
BLACK
6
CONTINUOUS
10
142.8900789999999859
20
-60.6316129999999944
11
142.9415620000000047
21
-60.5545619999999971
0
LINE
8
BLACK
6
CONTINUOUS
10
142.9415620000000047
20
-60.5545619999999971
11
143.0186129999999878
21
-60.5030789999999996
0
LINE
8
BLACK
6
CONTINUOUS
10
143.0186129999999878
20
-60.5030789999999996
11
143.109499999999997
21
-60.4849999999999994
0
LINE
8
BLACK
6
CONTINUOUS
10
143.109499999999997
20
-60.4849999999999994
11
143.7094999999999914
21
-60.4849999999999994
0
LINE
8
BLACK
6
CONTINUOUS
10
143.7094999999999914
20
-60.4849999999999994
11
143.8003870000000006
21
-60.5030789999999996
0
LINE
8
BLACK
6
CONTINUOUS
10
145.5253869999999949
20
-60.5030789999999996
11
145.6024380000000065
21
-60.5545619999999971
0
LINE
8
BLACK
6
CONTINUOUS
10
145.6024380000000065
20
-60.5545619999999971
11
145.6539209999999969
21
-60.6316129999999944
0
LINE
8
BLACK
6
CONTINUOUS
10
145.6539209999999969
20
-60.6316129999999944
11
145.671999999999997
21
-60.7224999999999966
0
LINE
8
BLACK
6
CONTINUOUS
10
145.671999999999997
20
-60.7224999999999966
11
145.671999999999997
21
-61.197499999999998
0
LINE
8
BLACK
6
CONTINUOUS
10
145.671999999999997
20
-61.197499999999998
11
145.6539209999999969
21
-61.2883870000000002
0
LINE
8
BLACK
6
CONTINUOUS
10
145.6539209999999969
20
-61.2883870000000002
11
145.6024380000000065
21
-61.3654379999999975
0
LINE
8
BLACK
6
CONTINUOUS
10
145.6024380000000065
20
-61.3654379999999975
11
145.5253869999999949
21
-61.416920999999995
0
LINE
8
BLACK
6
CONTINUOUS
10
145.5253869999999949
20
-61.416920999999995
11
145.4344999999999857
21
-61.4349999999999952
0
LINE
8
BLACK
6
CONTINUOUS
10
145.4344999999999857
20
-61.4349999999999952
11
144.8344999999999914
21
-61.4349999999999952
0
LINE
8
BLACK
6
CONTINUOUS
10
144.8344999999999914
20
-61.4349999999999952
11
144.7436129999999821
21
-61.416920999999995
0
LINE
8
BLACK
6
CONTINUOUS
10
144.7436129999999821
20
-61.416920999999995
11
144.666561999999999
21
-61.3654379999999975
0
LINE
8
BLACK
6
CONTINUOUS
10
144.666561999999999
20
-61.3654379999999975
11
144.6150789999999802
21
-61.2883870000000002
0
LINE
8
BLACK
6
CONTINUOUS
10
144.6150789999999802
20
-61.2883870000000002
11
144.59699999999998
21
-61.197499999999998
0
LINE
8
BLACK
6
CONTINUOUS
10
144.59699999999998
20
-61.197499999999998
11
144.59699999999998
21
-60.7224999999999966
0
LINE
8
BLACK
6
CONTINUOUS
10
144.59699999999998
20
-60.7224999999999966
11
144.6150789999999802
21
-60.6316129999999944
0
LINE
8
BLACK
6
CONTINUOUS
10
144.6150789999999802
20
-60.6316129999999944
11
144.666561999999999
21
-60.5545619999999971
0
LINE
8
BLACK
6
CONTINUOUS
10
144.666561999999999
20
-60.5545619999999971
11
144.7436129999999821
21
-60.5030789999999996
0
LINE
8
BLACK
6
CONTINUOUS
10
144.7436129999999821
20
-60.5030789999999996
11
144.8344999999999914
21
-60.4849999999999994
0
LINE
8
BLACK
6
CONTINUOUS
10
144.8344999999999914
20
-60.4849999999999994
11
145.4344999999999857
21
-60.4849999999999994
0
LINE
8
BLACK
6
CONTINUOUS
10
145.4344999999999857
20
-60.4849999999999994
11
145.5253869999999949
21
-60.5030789999999996
0
LINE
8
BLACK
6
CONTINUOUS
10
150.7853869999999858
20
-60.5030789999999996
11
150.8624379999999974
21
-60.5545619999999971
0
LINE
8
BLACK
6
CONTINUOUS
10
150.8624379999999974
20
-60.5545619999999971
11
150.9139209999999878
21
-60.6316129999999944
0
LINE
8
BLACK
6
CONTINUOUS
10
150.9139209999999878
20
-60.6316129999999944
11
150.9319999999999879
21
-60.7224999999999966
0
LINE
8
BLACK
6
CONTINUOUS
10
150.9319999999999879
20
-60.7224999999999966
11
150.9319999999999879
21
-61.197499999999998
0
LINE
8
BLACK
6
CONTINUOUS
10
150.9319999999999879
20
-61.197499999999998
11
150.9139209999999878
21
-61.2883870000000002
0
LINE
8
BLACK
6
CONTINUOUS
10
150.9139209999999878
20
-61.2883870000000002
11
150.8624379999999974
21
-61.3654379999999975
0
LINE
8
BLACK
6
CONTINUOUS
10
150.8624379999999974
20
-61.3654379999999975
11
150.7853869999999858
21
-61.416920999999995
0
LINE
8
BLACK
6
CONTINUOUS
10
150.7853869999999858
20
-61.416920999999995
11
150.694500000000005
21
-61.4349999999999952
0
LINE
8
BLACK
6
CONTINUOUS
10
150.694500000000005
20
-61.4349999999999952
11
150.0944999999999823
21
-61.4349999999999952
0
LINE
8
BLACK
6
CONTINUOUS
10
150.0944999999999823
20
-61.4349999999999952
11
150.0036130000000014
21
-61.416920999999995
0
LINE
8
BLACK
6
CONTINUOUS
10
150.0036130000000014
20
-61.416920999999995
11
149.9265619999999899
21
-61.3654379999999975
0
LINE
8
BLACK
6
CONTINUOUS
10
149.9265619999999899
20
-61.3654379999999975
11
149.8750789999999995
21
-61.2883870000000002
0
LINE
8
BLACK
6
CONTINUOUS
10
149.8750789999999995
20
-61.2883870000000002
11
149.8569999999999993
21
-61.197499999999998
0
LINE
8
BLACK
6
CONTINUOUS
10
149.8569999999999993
20
-61.197499999999998
11
149.8569999999999993
21
-60.7224999999999966
0
LINE
8
BLACK
6
CONTINUOUS
10
149.8569999999999993
20
-60.7224999999999966
11
149.8750789999999995
21
-60.6316129999999944
0
LINE
8
BLACK
6
CONTINUOUS
10
149.8750789999999995
20
-60.6316129999999944
11
149.9265619999999899
21
-60.5545619999999971
0
LINE
8
BLACK
6
CONTINUOUS
10
149.9265619999999899
20
-60.5545619999999971
11
150.0036130000000014
21
-60.5030789999999996
0
LINE
8
BLACK
6
CONTINUOUS
10
150.0036130000000014
20
-60.5030789999999996
11
150.0944999999999823
21
-60.4849999999999994
0
LINE
8
BLACK
6
CONTINUOUS
10
150.0944999999999823
20
-60.4849999999999994
11
150.694500000000005
21
-60.4849999999999994
0
LINE
8
BLACK
6
CONTINUOUS
10
150.694500000000005
20
-60.4849999999999994
11
150.7853869999999858
21
-60.5030789999999996
0
LINE
8
BLACK
6
CONTINUOUS
10
152.5103869999999802
20
-60.5030789999999996
11
152.5874379999999917
21
-60.5545619999999971
0
LINE
8
BLACK
6
CONTINUOUS
10
152.5874379999999917
20
-60.5545619999999971
11
152.6389209999999821
21
-60.6316129999999944
0
LINE
8
BLACK
6
CONTINUOUS
10
152.6389209999999821
20
-60.6316129999999944
11
152.6569999999999823
21
-60.7224999999999966
0
LINE
8
BLACK
6
CONTINUOUS
10
152.6569999999999823
20
-60.7224999999999966
11
152.6569999999999823
21
-61.197499999999998
0
LINE
8
BLACK
6
CONTINUOUS
10
152.6569999999999823
20
-61.197499999999998
11
152.6389209999999821
21
-61.2883870000000002
0
LINE
8
BLACK
6
CONTINUOUS
10
152.6389209999999821
20
-61.2883870000000002
11
152.5874379999999917
21
-61.3654379999999975
0
LINE
8
BLACK
6
CONTINUOUS
10
152.5874379999999917
20
-61.3654379999999975
11
152.5103869999999802
21
-61.416920999999995
0
LINE
8
BLACK
6
CONTINUOUS
10
152.5103869999999802
20
-61.416920999999995
11
152.4194999999999993
21
-61.4349999999999952
0
LINE
8
BLACK
6
CONTINUOUS
10
152.4194999999999993
20
-61.4349999999999952
11
151.819500000000005
21
-61.4349999999999952
0
LINE
8
BLACK
6
CONTINUOUS
10
151.819500000000005
20
-61.4349999999999952
11
151.7286129999999957
21
-61.416920999999995
0
LINE
8
BLACK
6
CONTINUOUS
10
151.7286129999999957
20
-61.416920999999995
11
151.6515619999999842
21
-61.3654379999999975
0
LINE
8
BLACK
6
CONTINUOUS
10
151.6515619999999842
20
-61.3654379999999975
11
151.6000789999999938
21
-61.2883870000000002
0
LINE
8
BLACK
6
CONTINUOUS
10
151.6000789999999938
20
-61.2883870000000002
11
151.5819999999999936
21
-61.197499999999998
0
LINE
8
BLACK
6
CONTINUOUS
10
151.5819999999999936
20
-61.197499999999998
11
151.5819999999999936
21
-60.7224999999999966
0
LINE
8
BLACK
6
CONTINUOUS
10
151.5819999999999936
20
-60.7224999999999966
11
151.6000789999999938
21
-60.6316129999999944
0
LINE
8
BLACK
6
CONTINUOUS
10
151.6000789999999938
20
-60.6316129999999944
11
151.6515619999999842
21
-60.5545619999999971
0
LINE
8
BLACK
6
CONTINUOUS
10
151.6515619999999842
20
-60.5545619999999971
11
151.7286129999999957
21
-60.5030789999999996
0
LINE
8
BLACK
6
CONTINUOUS
10
151.7286129999999957
20
-60.5030789999999996
11
151.819500000000005
21
-60.4849999999999994
0
LINE
8
BLACK
6
CONTINUOUS
10
151.819500000000005
20
-60.4849999999999994
11
152.4194999999999993
21
-60.4849999999999994
0
LINE
8
BLACK
6
CONTINUOUS
10
152.4194999999999993
20
-60.4849999999999994
11
152.5103869999999802
21
-60.5030789999999996
0
LINE
8
BLACK
6
CONTINUOUS
10
133.7977080000000001
20
-60.4151839999999964
11
133.917429999999996
21
-60.4921249999999944
0
LINE
8
BLACK
6
CONTINUOUS
10
133.917429999999996
20
-60.4921249999999944
11
134.0106269999999995
21
-60.5996799999999993
0
LINE
8
BLACK
6
CONTINUOUS
10
134.0106269999999995
20
-60.5996799999999993
11
134.0697459999999808
21
-60.7291339999999948
0
LINE
8
BLACK
6
CONTINUOUS
10
134.0697459999999808
20
-60.7291339999999948
11
134.0900000000000034
21
-60.8699999999999974
0
LINE
8
BLACK
6
CONTINUOUS
10
134.0900000000000034
20
-60.8699999999999974
11
134.0697459999999808
21
-61.010866
0
LINE
8
BLACK
6
CONTINUOUS
10
134.0697459999999808
20
-61.010866
11
134.0106269999999995
21
-61.1403199999999956
0
LINE
8
BLACK
6
CONTINUOUS
10
134.0106269999999995
20
-61.1403199999999956
11
133.917429999999996
21
-61.2478750000000005
0
LINE
8
BLACK
6
CONTINUOUS
10
133.917429999999996
20
-61.2478750000000005
11
133.7977080000000001
21
-61.3248159999999984
0
LINE
8
BLACK
6
CONTINUOUS
10
133.7977080000000001
20
-61.3248159999999984
11
133.6611570000000029
21
-61.3649109999999993
0
LINE
8
BLACK
6
CONTINUOUS
10
133.6611570000000029
20
-61.3649109999999993
11
133.5188430000000039
21
-61.3649109999999993
0
LINE
8
BLACK
6
CONTINUOUS
10
133.5188430000000039
20
-61.3649109999999993
11
133.3822920000000067
21
-61.3248159999999984
0
LINE
8
BLACK
6
CONTINUOUS
10
133.3822920000000067
20
-61.3248159999999984
11
133.2625699999999824
21
-61.2478750000000005
0
LINE
8
BLACK
6
CONTINUOUS
10
133.2625699999999824
20
-61.2478750000000005
11
133.1693730000000073
21
-61.1403199999999956
0
LINE
8
BLACK
6
CONTINUOUS
10
133.1693730000000073
20
-61.1403199999999956
11
133.1102539999999976
21
-61.010866
0
LINE
8
BLACK
6
CONTINUOUS
10
133.1102539999999976
20
-61.010866
11
133.0900000000000034
21
-60.8699999999999974
0
LINE
8
BLACK
6
CONTINUOUS
10
133.0900000000000034
20
-60.8699999999999974
11
133.1102539999999976
21
-60.7291339999999948
0
LINE
8
BLACK
6
CONTINUOUS
10
133.1102539999999976
20
-60.7291339999999948
11
133.1693730000000073
21
-60.5996799999999993
0
LINE
8
BLACK
6
CONTINUOUS
10
133.1693730000000073
20
-60.5996799999999993
11
133.2625699999999824
21
-60.4921249999999944
0
LINE
8
BLACK
6
CONTINUOUS
10
133.2625699999999824
20
-60.4921249999999944
11
133.3822920000000067
21
-60.4151839999999964
0
LINE
8
BLACK
6
CONTINUOUS
10
133.3822920000000067
20
-60.4151839999999964
11
133.5188430000000039
21
-60.3750889999999956
0
LINE
8
BLACK
6
CONTINUOUS
10
133.5188430000000039
20
-60.3750889999999956
11
133.6611570000000029
21
-60.3750889999999956
0
LINE
8
BLACK
6
CONTINUOUS
10
133.6611570000000029
20
-60.3750889999999956
11
133.7977080000000001
21
-60.4151839999999964
0
LINE
8
BLACK
6
CONTINUOUS
10
135.0677079999999819
20
-60.4151839999999964
11
135.1874300000000062
21
-60.4921249999999944
0
LINE
8
BLACK
6
CONTINUOUS
10
135.1874300000000062
20
-60.4921249999999944
11
135.2806269999999813
21
-60.5996799999999993
0
LINE
8
BLACK
6
CONTINUOUS
10
135.2806269999999813
20
-60.5996799999999993
11
135.339745999999991
21
-60.7291339999999948
0
LINE
8
BLACK
6
CONTINUOUS
10
135.339745999999991
20
-60.7291339999999948
11
135.3599999999999852
21
-60.8699999999999974
0
LINE
8
BLACK
6
CONTINUOUS
10
135.3599999999999852
20
-60.8699999999999974
11
135.339745999999991
21
-61.010866
0
LINE
8
BLACK
6
CONTINUOUS
10
135.339745999999991
20
-61.010866
11
135.2806269999999813
21
-61.1403199999999956
0
LINE
8
BLACK
6
CONTINUOUS
10
135.2806269999999813
20
-61.1403199999999956
11
135.1874300000000062
21
-61.2478750000000005
0
LINE
8
BLACK
6
CONTINUOUS
10
135.1874300000000062
20
-61.2478750000000005
11
135.0677079999999819
21
-61.3248159999999984
0
LINE
8
BLACK
6
CONTINUOUS
10
135.0677079999999819
20
-61.3248159999999984
11
134.9311569999999847
21
-61.3649109999999993
0
LINE
8
BLACK
6
CONTINUOUS
10
134.9311569999999847
20
-61.3649109999999993
11
134.7888429999999858
21
-61.3649109999999993
0
LINE
8
BLACK
6
CONTINUOUS
10
134.7888429999999858
20
-61.3649109999999993
11
134.6522919999999885
21
-61.3248159999999984
0
LINE
8
BLACK
6
CONTINUOUS
10
134.6522919999999885
20
-61.3248159999999984
11
134.5325699999999927
21
-61.2478750000000005
0
LINE
8
BLACK
6
CONTINUOUS
10
134.5325699999999927
20
-61.2478750000000005
11
134.4393729999999891
21
-61.1403199999999956
0
LINE
8
BLACK
6
CONTINUOUS
10
134.4393729999999891
20
-61.1403199999999956
11
134.3802540000000079
21
-61.010866
0
LINE
8
BLACK
6
CONTINUOUS
10
134.3802540000000079
20
-61.010866
11
134.3599999999999852
21
-60.8699999999999974
0
LINE
8
BLACK
6
CONTINUOUS
10
134.3599999999999852
20
-60.8699999999999974
11
134.3802540000000079
21
-60.7291339999999948
0
LINE
8
BLACK
6
CONTINUOUS
10
134.3802540000000079
20
-60.7291339999999948
11
134.4393729999999891
21
-60.5996799999999993
0
LINE
8
BLACK
6
CONTINUOUS
10
134.4393729999999891
20
-60.5996799999999993
11
134.5325699999999927
21
-60.4921249999999944
0
LINE
8
BLACK
6
CONTINUOUS
10
134.5325699999999927
20
-60.4921249999999944
11
134.6522919999999885
21
-60.4151839999999964
0
LINE
8
BLACK
6
CONTINUOUS
10
134.6522919999999885
20
-60.4151839999999964
11
134.7888429999999858
21
-60.3750889999999956
0
LINE
8
BLACK
6
CONTINUOUS
10
134.7888429999999858
20
-60.3750889999999956
11
134.9311569999999847
21
-60.3750889999999956
0
LINE
8
BLACK
6
CONTINUOUS
10
134.9311569999999847
20
-60.3750889999999956
11
135.0677079999999819
21
-60.4151839999999964
0
LINE
8
BLACK
6
CONTINUOUS
10
136.3377079999999921
20
-60.4151839999999964
11
136.457429999999988
21
-60.4921249999999944
0
LINE
8
BLACK
6
CONTINUOUS
10
136.457429999999988
20
-60.4921249999999944
11
136.5506269999999915
21
-60.5996799999999993
0
LINE
8
BLACK
6
CONTINUOUS
10
136.5506269999999915
20
-60.5996799999999993
11
136.6097460000000012
21
-60.7291339999999948
0
LINE
8
BLACK
6
CONTINUOUS
10
136.6097460000000012
20
-60.7291339999999948
11
136.6299999999999955
21
-60.8699999999999974
0
LINE
8
BLACK
6
CONTINUOUS
10
136.6299999999999955
20
-60.8699999999999974
11
136.6097460000000012
21
-61.010866
0
LINE
8
BLACK
6
CONTINUOUS
10
136.6097460000000012
20
-61.010866
11
136.5506269999999915
21
-61.1403199999999956
0
LINE
8
BLACK
6
CONTINUOUS
10
136.5506269999999915
20
-61.1403199999999956
11
136.457429999999988
21
-61.2478750000000005
0
LINE
8
BLACK
6
CONTINUOUS
10
136.457429999999988
20
-61.2478750000000005
11
136.3377079999999921
21
-61.3248159999999984
0
LINE
8
BLACK
6
CONTINUOUS
10
136.3377079999999921
20
-61.3248159999999984
11
136.2011569999999949
21
-61.3649109999999993
0
LINE
8
BLACK
6
CONTINUOUS
10
136.2011569999999949
20
-61.3649109999999993
11
136.058842999999996
21
-61.3649109999999993
0
LINE
8
BLACK
6
CONTINUOUS
10
136.058842999999996
20
-61.3649109999999993
11
135.9222919999999988
21
-61.3248159999999984
0
LINE
8
BLACK
6
CONTINUOUS
10
135.9222919999999988
20
-61.3248159999999984
11
135.8025700000000029
21
-61.2478750000000005
0
LINE
8
BLACK
6
CONTINUOUS
10
135.8025700000000029
20
-61.2478750000000005
11
135.7093729999999994
21
-61.1403199999999956
0
LINE
8
BLACK
6
CONTINUOUS
10
135.7093729999999994
20
-61.1403199999999956
11
135.6502539999999897
21
-61.010866
0
LINE
8
BLACK
6
CONTINUOUS
10
135.6502539999999897
20
-61.010866
11
135.6299999999999955
21
-60.8699999999999974
0
LINE
8
BLACK
6
CONTINUOUS
10
135.6299999999999955
20
-60.8699999999999974
11
135.6502539999999897
21
-60.7291339999999948
0
LINE
8
BLACK
6
CONTINUOUS
10
135.6502539999999897
20
-60.7291339999999948
11
135.7093729999999994
21
-60.5996799999999993
0
LINE
8
BLACK
6
CONTINUOUS
10
135.7093729999999994
20
-60.5996799999999993
11
135.8025700000000029
21
-60.4921249999999944
0
LINE
8
BLACK
6
CONTINUOUS
10
135.8025700000000029
20
-60.4921249999999944
11
135.9222919999999988
21
-60.4151839999999964
0
LINE
8
BLACK
6
CONTINUOUS
10
135.9222919999999988
20
-60.4151839999999964
11
136.058842999999996
21
-60.3750889999999956
0
LINE
8
BLACK
6
CONTINUOUS
10
136.058842999999996
20
-60.3750889999999956
11
136.2011569999999949
21
-60.3750889999999956
0
LINE
8
BLACK
6
CONTINUOUS
10
136.2011569999999949
20
-60.3750889999999956
11
136.3377079999999921
21
-60.4151839999999964
0
LINE
8
BLACK
6
CONTINUOUS
10
137.6077080000000024
20
-60.4151839999999964
11
137.7274299999999982
21
-60.4921249999999944
0
LINE
8
BLACK
6
CONTINUOUS
10
137.7274299999999982
20
-60.4921249999999944
11
137.8206270000000018
21
-60.5996799999999993
0
LINE
8
BLACK
6
CONTINUOUS
10
137.8206270000000018
20
-60.5996799999999993
11
137.879745999999983
21
-60.7291339999999948
0
LINE
8
BLACK
6
CONTINUOUS
10
137.879745999999983
20
-60.7291339999999948
11
137.9000000000000057
21
-60.8699999999999974
0
LINE
8
BLACK
6
CONTINUOUS
10
137.9000000000000057
20
-60.8699999999999974
11
137.879745999999983
21
-61.010866
0
LINE
8
BLACK
6
CONTINUOUS
10
137.879745999999983
20
-61.010866
11
137.8206270000000018
21
-61.1403199999999956
0
LINE
8
BLACK
6
CONTINUOUS
10
137.8206270000000018
20
-61.1403199999999956
11
137.7274299999999982
21
-61.2478750000000005
0
LINE
8
BLACK
6
CONTINUOUS
10
137.7274299999999982
20
-61.2478750000000005
11
137.6077080000000024
21
-61.3248159999999984
0
LINE
8
BLACK
6
CONTINUOUS
10
137.6077080000000024
20
-61.3248159999999984
11
137.4711570000000052
21
-61.3649109999999993
0
LINE
8
BLACK
6
CONTINUOUS
10
137.4711570000000052
20
-61.3649109999999993
11
137.3288430000000062
21
-61.3649109999999993
0
LINE
8
BLACK
6
CONTINUOUS
10
137.3288430000000062
20
-61.3649109999999993
11
137.1922919999999806
21
-61.3248159999999984
0
LINE
8
BLACK
6
CONTINUOUS
10
137.1922919999999806
20
-61.3248159999999984
11
137.0725699999999847
21
-61.2478750000000005
0
LINE
8
BLACK
6
CONTINUOUS
10
137.0725699999999847
20
-61.2478750000000005
11
136.9793729999999812
21
-61.1403199999999956
0
LINE
8
BLACK
6
CONTINUOUS
10
136.9793729999999812
20
-61.1403199999999956
11
136.9202539999999999
21
-61.010866
0
LINE
8
BLACK
6
CONTINUOUS
10
136.9202539999999999
20
-61.010866
11
136.9000000000000057
21
-60.8699999999999974
0
LINE
8
BLACK
6
CONTINUOUS
10
136.9000000000000057
20
-60.8699999999999974
11
136.9202539999999999
21
-60.7291339999999948
0
LINE
8
BLACK
6
CONTINUOUS
10
136.9202539999999999
20
-60.7291339999999948
11
136.9793729999999812
21
-60.5996799999999993
0
LINE
8
BLACK
6
CONTINUOUS
10
136.9793729999999812
20
-60.5996799999999993
11
137.0725699999999847
21
-60.4921249999999944
0
LINE
8
BLACK
6
CONTINUOUS
10
137.0725699999999847
20
-60.4921249999999944
11
137.1922919999999806
21
-60.4151839999999964
0
LINE
8
BLACK
6
CONTINUOUS
10
137.1922919999999806
20
-60.4151839999999964
11
137.3288430000000062
21
-60.3750889999999956
0
LINE
8
BLACK
6
CONTINUOUS
10
137.3288430000000062
20
-60.3750889999999956
11
137.4711570000000052
21
-60.3750889999999956
0
LINE
8
BLACK
6
CONTINUOUS
10
137.4711570000000052
20
-60.3750889999999956
11
137.6077080000000024
21
-60.4151839999999964
0
LINE
8
BLACK
6
CONTINUOUS
10
138.8777079999999842
20
-60.4151839999999964
11
138.9974299999999801
21
-60.4921249999999944
0
LINE
8
BLACK
6
CONTINUOUS
10
138.9974299999999801
20
-60.4921249999999944
11
139.0906269999999836
21
-60.5996799999999993
0
LINE
8
BLACK
6
CONTINUOUS
10
139.0906269999999836
20
-60.5996799999999993
11
139.1497459999999933
21
-60.7291339999999948
0
LINE
8
BLACK
6
CONTINUOUS
10
139.1497459999999933
20
-60.7291339999999948
11
139.1699999999999875
21
-60.8699999999999974
0
LINE
8
BLACK
6
CONTINUOUS
10
139.1699999999999875
20
-60.8699999999999974
11
139.1497459999999933
21
-61.010866
0
LINE
8
BLACK
6
CONTINUOUS
10
139.1497459999999933
20
-61.010866
11
139.0906269999999836
21
-61.1403199999999956
0
LINE
8
BLACK
6
CONTINUOUS
10
139.0906269999999836
20
-61.1403199999999956
11
138.9974299999999801
21
-61.2478750000000005
0
LINE
8
BLACK
6
CONTINUOUS
10
138.9974299999999801
20
-61.2478750000000005
11
138.8777079999999842
21
-61.3248159999999984
0
LINE
8
BLACK
6
CONTINUOUS
10
138.8777079999999842
20
-61.3248159999999984
11
138.741156999999987
21
-61.3649109999999993
0
LINE
8
BLACK
6
CONTINUOUS
10
138.741156999999987
20
-61.3649109999999993
11
138.598842999999988
21
-61.3649109999999993
0
LINE
8
BLACK
6
CONTINUOUS
10
138.598842999999988
20
-61.3649109999999993
11
138.4622919999999908
21
-61.3248159999999984
0
LINE
8
BLACK
6
CONTINUOUS
10
138.4622919999999908
20
-61.3248159999999984
11
138.3425699999999949
21
-61.2478750000000005
0
LINE
8
BLACK
6
CONTINUOUS
10
138.3425699999999949
20
-61.2478750000000005
11
138.2493729999999914
21
-61.1403199999999956
0
LINE
8
BLACK
6
CONTINUOUS
10
138.2493729999999914
20
-61.1403199999999956
11
138.1902539999999817
21
-61.010866
0
LINE
8
BLACK
6
CONTINUOUS
10
138.1902539999999817
20
-61.010866
11
138.1699999999999875
21
-60.8699999999999974
0
LINE
8
BLACK
6
CONTINUOUS
10
138.1699999999999875
20
-60.8699999999999974
11
138.1902539999999817
21
-60.7291339999999948
0
LINE
8
BLACK
6
CONTINUOUS
10
138.1902539999999817
20
-60.7291339999999948
11
138.2493729999999914
21
-60.5996799999999993
0
LINE
8
BLACK
6
CONTINUOUS
10
138.2493729999999914
20
-60.5996799999999993
11
138.3425699999999949
21
-60.4921249999999944
0
LINE
8
BLACK
6
CONTINUOUS
10
138.3425699999999949
20
-60.4921249999999944
11
138.4622919999999908
21
-60.4151839999999964
0
LINE
8
BLACK
6
CONTINUOUS
10
138.4622919999999908
20
-60.4151839999999964
11
138.598842999999988
21
-60.3750889999999956
0
LINE
8
BLACK
6
CONTINUOUS
10
138.598842999999988
20
-60.3750889999999956
11
138.741156999999987
21
-60.3750889999999956
0
LINE
8
BLACK
6
CONTINUOUS
10
138.741156999999987
20
-60.3750889999999956
11
138.8777079999999842
21
-60.4151839999999964
0
LINE
8
BLACK
6
CONTINUOUS
10
134.0900000000000034
20
-60.0999999999999943
11
133.0900000000000034
21
-60.0999999999999943
0
LINE
8
BLACK
6
CONTINUOUS
10
133.0900000000000034
20
-60.0999999999999943
11
133.0900000000000034
21
-59.0999999999999943
0
LINE
8
BLACK
6
CONTINUOUS
10
133.0900000000000034
20
-59.0999999999999943
11
134.0900000000000034
21
-59.0999999999999943
0
LINE
8
BLACK
6
CONTINUOUS
10
134.0900000000000034
20
-59.0999999999999943
11
134.0900000000000034
21
-60.0999999999999943
0
LINE
8
BLACK
6
CONTINUOUS
10
135.0677079999999819
20
-59.1451840000000004
11
135.1874300000000062
21
-59.2221249999999984
0
LINE
8
BLACK
6
CONTINUOUS
10
135.1874300000000062
20
-59.2221249999999984
11
135.2806269999999813
21
-59.3296799999999962
0
LINE
8
BLACK
6
CONTINUOUS
10
135.2806269999999813
20
-59.3296799999999962
11
135.339745999999991
21
-59.4591339999999988
0
LINE
8
BLACK
6
CONTINUOUS
10
135.339745999999991
20
-59.4591339999999988
11
135.3599999999999852
21
-59.5999999999999943
0
LINE
8
BLACK
6
CONTINUOUS
10
135.3599999999999852
20
-59.5999999999999943
11
135.339745999999991
21
-59.7408659999999969
0
LINE
8
BLACK
6
CONTINUOUS
10
135.339745999999991
20
-59.7408659999999969
11
135.2806269999999813
21
-59.8703199999999995
0
LINE
8
BLACK
6
CONTINUOUS
10
135.2806269999999813
20
-59.8703199999999995
11
135.1874300000000062
21
-59.9778749999999974
0
LINE
8
BLACK
6
CONTINUOUS
10
135.1874300000000062
20
-59.9778749999999974
11
135.0677079999999819
21
-60.0548159999999953
0
LINE
8
BLACK
6
CONTINUOUS
10
135.0677079999999819
20
-60.0548159999999953
11
134.9311569999999847
21
-60.0949109999999962
0
LINE
8
BLACK
6
CONTINUOUS
10
134.9311569999999847
20
-60.0949109999999962
11
134.7888429999999858
21
-60.0949109999999962
0
LINE
8
BLACK
6
CONTINUOUS
10
134.7888429999999858
20
-60.0949109999999962
11
134.6522919999999885
21
-60.0548159999999953
0
LINE
8
BLACK
6
CONTINUOUS
10
134.6522919999999885
20
-60.0548159999999953
11
134.5325699999999927
21
-59.9778749999999974
0
LINE
8
BLACK
6
CONTINUOUS
10
134.5325699999999927
20
-59.9778749999999974
11
134.4393729999999891
21
-59.8703199999999995
0
LINE
8
BLACK
6
CONTINUOUS
10
134.4393729999999891
20
-59.8703199999999995
11
134.3802540000000079
21
-59.7408659999999969
0
LINE
8
BLACK
6
CONTINUOUS
10
134.3802540000000079
20
-59.7408659999999969
11
134.3599999999999852
21
-59.5999999999999943
0
LINE
8
BLACK
6
CONTINUOUS
10
134.3599999999999852
20
-59.5999999999999943
11
134.3802540000000079
21
-59.4591339999999988
0
LINE
8
BLACK
6
CONTINUOUS
10
134.3802540000000079
20
-59.4591339999999988
11
134.4393729999999891
21
-59.3296799999999962
0
LINE
8
BLACK
6
CONTINUOUS
10
134.4393729999999891
20
-59.3296799999999962
11
134.5325699999999927
21
-59.2221249999999984
0
LINE
8
BLACK
6
CONTINUOUS
10
134.5325699999999927
20
-59.2221249999999984
11
134.6522919999999885
21
-59.1451840000000004
0
LINE
8
BLACK
6
CONTINUOUS
10
134.6522919999999885
20
-59.1451840000000004
11
134.7888429999999858
21
-59.1050889999999995
0
LINE
8
BLACK
6
CONTINUOUS
10
134.7888429999999858
20
-59.1050889999999995
11
134.9311569999999847
21
-59.1050889999999995
0
LINE
8
BLACK
6
CONTINUOUS
10
134.9311569999999847
20
-59.1050889999999995
11
135.0677079999999819
21
-59.1451840000000004
0
LINE
8
BLACK
6
CONTINUOUS
10
136.3377079999999921
20
-59.1451840000000004
11
136.457429999999988
21
-59.2221249999999984
0
LINE
8
BLACK
6
CONTINUOUS
10
136.457429999999988
20
-59.2221249999999984
11
136.5506269999999915
21
-59.3296799999999962
0
LINE
8
BLACK
6
CONTINUOUS
10
136.5506269999999915
20
-59.3296799999999962
11
136.6097460000000012
21
-59.4591339999999988
0
LINE
8
BLACK
6
CONTINUOUS
10
136.6097460000000012
20
-59.4591339999999988
11
136.6299999999999955
21
-59.5999999999999943
0
LINE
8
BLACK
6
CONTINUOUS
10
136.6299999999999955
20
-59.5999999999999943
11
136.6097460000000012
21
-59.7408659999999969
0
LINE
8
BLACK
6
CONTINUOUS
10
136.6097460000000012
20
-59.7408659999999969
11
136.5506269999999915
21
-59.8703199999999995
0
LINE
8
BLACK
6
CONTINUOUS
10
136.5506269999999915
20
-59.8703199999999995
11
136.457429999999988
21
-59.9778749999999974
0
LINE
8
BLACK
6
CONTINUOUS
10
136.457429999999988
20
-59.9778749999999974
11
136.3377079999999921
21
-60.0548159999999953
0
LINE
8
BLACK
6
CONTINUOUS
10
136.3377079999999921
20
-60.0548159999999953
11
136.2011569999999949
21
-60.0949109999999962
0
LINE
8
BLACK
6
CONTINUOUS
10
136.2011569999999949
20
-60.0949109999999962
11
136.058842999999996
21
-60.0949109999999962
0
LINE
8
BLACK
6
CONTINUOUS
10
136.058842999999996
20
-60.0949109999999962
11
135.9222919999999988
21
-60.0548159999999953
0
LINE
8
BLACK
6
CONTINUOUS
10
135.9222919999999988
20
-60.0548159999999953
11
135.8025700000000029
21
-59.9778749999999974
0
LINE
8
BLACK
6
CONTINUOUS
10
135.8025700000000029
20
-59.9778749999999974
11
135.7093729999999994
21
-59.8703199999999995
0
LINE
8
BLACK
6
CONTINUOUS
10
135.7093729999999994
20
-59.8703199999999995
11
135.6502539999999897
21
-59.7408659999999969
0
LINE
8
BLACK
6
CONTINUOUS
10
135.6502539999999897
20
-59.7408659999999969
11
135.6299999999999955
21
-59.5999999999999943
0
LINE
8
BLACK
6
CONTINUOUS
10
135.6299999999999955
20
-59.5999999999999943
11
135.6502539999999897
21
-59.4591339999999988
0
LINE
8
BLACK
6
CONTINUOUS
10
135.6502539999999897
20
-59.4591339999999988
11
135.7093729999999994
21
-59.3296799999999962
0
LINE
8
BLACK
6
CONTINUOUS
10
135.7093729999999994
20
-59.3296799999999962
11
135.8025700000000029
21
-59.2221249999999984
0
LINE
8
BLACK
6
CONTINUOUS
10
135.8025700000000029
20
-59.2221249999999984
11
135.9222919999999988
21
-59.1451840000000004
0
LINE
8
BLACK
6
CONTINUOUS
10
135.9222919999999988
20
-59.1451840000000004
11
136.058842999999996
21
-59.1050889999999995
0
LINE
8
BLACK
6
CONTINUOUS
10
136.058842999999996
20
-59.1050889999999995
11
136.2011569999999949
21
-59.1050889999999995
0
LINE
8
BLACK
6
CONTINUOUS
10
136.2011569999999949
20
-59.1050889999999995
11
136.3377079999999921
21
-59.1451840000000004
0
LINE
8
BLACK
6
CONTINUOUS
10
137.6077080000000024
20
-59.1451840000000004
11
137.7274299999999982
21
-59.2221249999999984
0
LINE
8
BLACK
6
CONTINUOUS
10
137.7274299999999982
20
-59.2221249999999984
11
137.8206270000000018
21
-59.3296799999999962
0
LINE
8
BLACK
6
CONTINUOUS
10
137.8206270000000018
20
-59.3296799999999962
11
137.879745999999983
21
-59.4591339999999988
0
LINE
8
BLACK
6
CONTINUOUS
10
137.879745999999983
20
-59.4591339999999988
11
137.9000000000000057
21
-59.5999999999999943
0
LINE
8
BLACK
6
CONTINUOUS
10
137.9000000000000057
20
-59.5999999999999943
11
137.879745999999983
21
-59.7408659999999969
0
LINE
8
BLACK
6
CONTINUOUS
10
137.879745999999983
20
-59.7408659999999969
11
137.8206270000000018
21
-59.8703199999999995
0
LINE
8
BLACK
6
CONTINUOUS
10
137.8206270000000018
20
-59.8703199999999995
11
137.7274299999999982
21
-59.9778749999999974
0
LINE
8
BLACK
6
CONTINUOUS
10
137.7274299999999982
20
-59.9778749999999974
11
137.6077080000000024
21
-60.0548159999999953
0
LINE
8
BLACK
6
CONTINUOUS
10
137.6077080000000024
20
-60.0548159999999953
11
137.4711570000000052
21
-60.0949109999999962
0
LINE
8
BLACK
6
CONTINUOUS
10
137.4711570000000052
20
-60.0949109999999962
11
137.3288430000000062
21
-60.0949109999999962
0
LINE
8
BLACK
6
CONTINUOUS
10
137.3288430000000062
20
-60.0949109999999962
11
137.1922919999999806
21
-60.0548159999999953
0
LINE
8
BLACK
6
CONTINUOUS
10
137.1922919999999806
20
-60.0548159999999953
11
137.0725699999999847
21
-59.9778749999999974
0
LINE
8
BLACK
6
CONTINUOUS
10
137.0725699999999847
20
-59.9778749999999974
11
136.9793729999999812
21
-59.8703199999999995
0
LINE
8
BLACK
6
CONTINUOUS
10
136.9793729999999812
20
-59.8703199999999995
11
136.9202539999999999
21
-59.7408659999999969
0
LINE
8
BLACK
6
CONTINUOUS
10
136.9202539999999999
20
-59.7408659999999969
11
136.9000000000000057
21
-59.5999999999999943
0
LINE
8
BLACK
6
CONTINUOUS
10
136.9000000000000057
20
-59.5999999999999943
11
136.9202539999999999
21
-59.4591339999999988
0
LINE
8
BLACK
6
CONTINUOUS
10
136.9202539999999999
20
-59.4591339999999988
11
136.9793729999999812
21
-59.3296799999999962
0
LINE
8
BLACK
6
CONTINUOUS
10
136.9793729999999812
20
-59.3296799999999962
11
137.0725699999999847
21
-59.2221249999999984
0
LINE
8
BLACK
6
CONTINUOUS
10
137.0725699999999847
20
-59.2221249999999984
11
137.1922919999999806
21
-59.1451840000000004
0
LINE
8
BLACK
6
CONTINUOUS
10
137.1922919999999806
20
-59.1451840000000004
11
137.3288430000000062
21
-59.1050889999999995
0
LINE
8
BLACK
6
CONTINUOUS
10
137.3288430000000062
20
-59.1050889999999995
11
137.4711570000000052
21
-59.1050889999999995
0
LINE
8
BLACK
6
CONTINUOUS
10
137.4711570000000052
20
-59.1050889999999995
11
137.6077080000000024
21
-59.1451840000000004
0
LINE
8
BLACK
6
CONTINUOUS
10
138.8777079999999842
20
-59.1451840000000004
11
138.9974299999999801
21
-59.2221249999999984
0
LINE
8
BLACK
6
CONTINUOUS
10
138.9974299999999801
20
-59.2221249999999984
11
139.0906269999999836
21
-59.3296799999999962
0
LINE
8
BLACK
6
CONTINUOUS
10
139.0906269999999836
20
-59.3296799999999962
11
139.1497459999999933
21
-59.4591339999999988
0
LINE
8
BLACK
6
CONTINUOUS
10
139.1497459999999933
20
-59.4591339999999988
11
139.1699999999999875
21
-59.5999999999999943
0
LINE
8
BLACK
6
CONTINUOUS
10
139.1699999999999875
20
-59.5999999999999943
11
139.1497459999999933
21
-59.7408659999999969
0
LINE
8
BLACK
6
CONTINUOUS
10
139.1497459999999933
20
-59.7408659999999969
11
139.0906269999999836
21
-59.8703199999999995
0
LINE
8
BLACK
6
CONTINUOUS
10
139.0906269999999836
20
-59.8703199999999995
11
138.9974299999999801
21
-59.9778749999999974
0
LINE
8
BLACK
6
CONTINUOUS
10
138.9974299999999801
20
-59.9778749999999974
11
138.8777079999999842
21
-60.0548159999999953
0
LINE
8
BLACK
6
CONTINUOUS
10
138.8777079999999842
20
-60.0548159999999953
11
138.741156999999987
21
-60.0949109999999962
0
LINE
8
BLACK
6
CONTINUOUS
10
138.741156999999987
20
-60.0949109999999962
11
138.598842999999988
21
-60.0949109999999962
0
LINE
8
BLACK
6
CONTINUOUS
10
138.598842999999988
20
-60.0949109999999962
11
138.4622919999999908
21
-60.0548159999999953
0
LINE
8
BLACK
6
CONTINUOUS
10
138.4622919999999908
20
-60.0548159999999953
11
138.3425699999999949
21
-59.9778749999999974
0
LINE
8
BLACK
6
CONTINUOUS
10
138.3425699999999949
20
-59.9778749999999974
11
138.2493729999999914
21
-59.8703199999999995
0
LINE
8
BLACK
6
CONTINUOUS
10
138.2493729999999914
20
-59.8703199999999995
11
138.1902539999999817
21
-59.7408659999999969
0
LINE
8
BLACK
6
CONTINUOUS
10
138.1902539999999817
20
-59.7408659999999969
11
138.1699999999999875
21
-59.5999999999999943
0
LINE
8
BLACK
6
CONTINUOUS
10
138.1699999999999875
20
-59.5999999999999943
11
138.1902539999999817
21
-59.4591339999999988
0
LINE
8
BLACK
6
CONTINUOUS
10
138.1902539999999817
20
-59.4591339999999988
11
138.2493729999999914
21
-59.3296799999999962
0
LINE
8
BLACK
6
CONTINUOUS
10
138.2493729999999914
20
-59.3296799999999962
11
138.3425699999999949
21
-59.2221249999999984
0
LINE
8
BLACK
6
CONTINUOUS
10
138.3425699999999949
20
-59.2221249999999984
11
138.4622919999999908
21
-59.1451840000000004
0
LINE
8
BLACK
6
CONTINUOUS
10
138.4622919999999908
20
-59.1451840000000004
11
138.598842999999988
21
-59.1050889999999995
0
LINE
8
BLACK
6
CONTINUOUS
10
138.598842999999988
20
-59.1050889999999995
11
138.741156999999987
21
-59.1050889999999995
0
LINE
8
BLACK
6
CONTINUOUS
10
138.741156999999987
20
-59.1050889999999995
11
138.8777079999999842
21
-59.1451840000000004
0
LINE
8
BLACK
6
CONTINUOUS
10
143.8003870000000006
20
-58.9790789999999987
11
143.8774379999999837
21
-59.0305619999999962
0
LINE
8
BLACK
6
CONTINUOUS
10
143.8774379999999837
20
-59.0305619999999962
11
143.9289210000000026
21
-59.1076130000000006
0
LINE
8
BLACK
6
CONTINUOUS
10
143.9289210000000026
20
-59.1076130000000006
11
143.9470000000000027
21
-59.1984999999999957
0
LINE
8
BLACK
6
CONTINUOUS
10
143.9470000000000027
20
-59.1984999999999957
11
143.9470000000000027
21
-59.6734999999999971
0
LINE
8
BLACK
6
CONTINUOUS
10
143.9470000000000027
20
-59.6734999999999971
11
143.9289210000000026
21
-59.7643869999999993
0
LINE
8
BLACK
6
CONTINUOUS
10
143.9289210000000026
20
-59.7643869999999993
11
143.8774379999999837
21
-59.8414379999999966
0
LINE
8
BLACK
6
CONTINUOUS
10
143.8774379999999837
20
-59.8414379999999966
11
143.8003870000000006
21
-59.8929209999999941
0
LINE
8
BLACK
6
CONTINUOUS
10
143.8003870000000006
20
-59.8929209999999941
11
143.7094999999999914
21
-59.9109999999999943
0
LINE
8
BLACK
6
CONTINUOUS
10
143.7094999999999914
20
-59.9109999999999943
11
143.109499999999997
21
-59.9109999999999943
0
LINE
8
BLACK
6
CONTINUOUS
10
143.109499999999997
20
-59.9109999999999943
11
143.0186129999999878
21
-59.8929209999999941
0
LINE
8
BLACK
6
CONTINUOUS
10
143.0186129999999878
20
-59.8929209999999941
11
142.9415620000000047
21
-59.8414379999999966
0
LINE
8
BLACK
6
CONTINUOUS
10
142.9415620000000047
20
-59.8414379999999966
11
142.8900789999999859
21
-59.7643869999999993
0
LINE
8
BLACK
6
CONTINUOUS
10
142.8900789999999859
20
-59.7643869999999993
11
142.8719999999999857
21
-59.6734999999999971
0
LINE
8
BLACK
6
CONTINUOUS
10
142.8719999999999857
20
-59.6734999999999971
11
142.8719999999999857
21
-59.1984999999999957
0
LINE
8
BLACK
6
CONTINUOUS
10
142.8719999999999857
20
-59.1984999999999957
11
142.8900789999999859
21
-59.1076130000000006
0
LINE
8
BLACK
6
CONTINUOUS
10
142.8900789999999859
20
-59.1076130000000006
11
142.9415620000000047
21
-59.0305619999999962
0
LINE
8
BLACK
6
CONTINUOUS
10
142.9415620000000047
20
-59.0305619999999962
11
143.0186129999999878
21
-58.9790789999999987
0
LINE
8
BLACK
6
CONTINUOUS
10
143.0186129999999878
20
-58.9790789999999987
11
143.109499999999997
21
-58.9609999999999985
0
LINE
8
BLACK
6
CONTINUOUS
10
143.109499999999997
20
-58.9609999999999985
11
143.7094999999999914
21
-58.9609999999999985
0
LINE
8
BLACK
6
CONTINUOUS
10
143.7094999999999914
20
-58.9609999999999985
11
143.8003870000000006
21
-58.9790789999999987
0
LINE
8
BLACK
6
CONTINUOUS
10
145.5253869999999949
20
-58.9790789999999987
11
145.6024380000000065
21
-59.0305619999999962
0
LINE
8
BLACK
6
CONTINUOUS
10
145.6024380000000065
20
-59.0305619999999962
11
145.6539209999999969
21
-59.1076130000000006
0
LINE
8
BLACK
6
CONTINUOUS
10
145.6539209999999969
20
-59.1076130000000006
11
145.671999999999997
21
-59.1984999999999957
0
LINE
8
BLACK
6
CONTINUOUS
10
145.671999999999997
20
-59.1984999999999957
11
145.671999999999997
21
-59.6734999999999971
0
LINE
8
BLACK
6
CONTINUOUS
10
145.671999999999997
20
-59.6734999999999971
11
145.6539209999999969
21
-59.7643869999999993
0
LINE
8
BLACK
6
CONTINUOUS
10
145.6539209999999969
20
-59.7643869999999993
11
145.6024380000000065
21
-59.8414379999999966
0
LINE
8
BLACK
6
CONTINUOUS
10
145.6024380000000065
20
-59.8414379999999966
11
145.5253869999999949
21
-59.8929209999999941
0
LINE
8
BLACK
6
CONTINUOUS
10
145.5253869999999949
20
-59.8929209999999941
11
145.4344999999999857
21
-59.9109999999999943
0
LINE
8
BLACK
6
CONTINUOUS
10
145.4344999999999857
20
-59.9109999999999943
11
144.8344999999999914
21
-59.9109999999999943
0
LINE
8
BLACK
6
CONTINUOUS
10
144.8344999999999914
20
-59.9109999999999943
11
144.7436129999999821
21
-59.8929209999999941
0
LINE
8
BLACK
6
CONTINUOUS
10
144.7436129999999821
20
-59.8929209999999941
11
144.666561999999999
21
-59.8414379999999966
0
LINE
8
BLACK
6
CONTINUOUS
10
144.666561999999999
20
-59.8414379999999966
11
144.6150789999999802
21
-59.7643869999999993
0
LINE
8
BLACK
6
CONTINUOUS
10
144.6150789999999802
20
-59.7643869999999993
11
144.59699999999998
21
-59.6734999999999971
0
LINE
8
BLACK
6
CONTINUOUS
10
144.59699999999998
20
-59.6734999999999971
11
144.59699999999998
21
-59.1984999999999957
0
LINE
8
BLACK
6
CONTINUOUS
10
144.59699999999998
20
-59.1984999999999957
11
144.6150789999999802
21
-59.1076130000000006
0
LINE
8
BLACK
6
CONTINUOUS
10
144.6150789999999802
20
-59.1076130000000006
11
144.666561999999999
21
-59.0305619999999962
0
LINE
8
BLACK
6
CONTINUOUS
10
144.666561999999999
20
-59.0305619999999962
11
144.7436129999999821
21
-58.9790789999999987
0
LINE
8
BLACK
6
CONTINUOUS
10
144.7436129999999821
20
-58.9790789999999987
11
144.8344999999999914
21
-58.9609999999999985
0
LINE
8
BLACK
6
CONTINUOUS
10
144.8344999999999914
20
-58.9609999999999985
11
145.4344999999999857
21
-58.9609999999999985
0
LINE
8
BLACK
6
CONTINUOUS
10
145.4344999999999857
20
-58.9609999999999985
11
145.5253869999999949
21
-58.9790789999999987
0
LINE
8
BLACK
6
CONTINUOUS
10
160.9283869999999865
20
-58.9430789999999973
11
161.0054379999999981
21
-58.9945619999999948
0
LINE
8
BLACK
6
CONTINUOUS
10
161.0054379999999981
20
-58.9945619999999948
11
161.0569209999999885
21
-59.0716129999999993
0
LINE
8
BLACK
6
CONTINUOUS
10
161.0569209999999885
20
-59.0716129999999993
11
161.0749999999999886
21
-59.1624999999999943
0
LINE
8
BLACK
6
CONTINUOUS
10
161.0749999999999886
20
-59.1624999999999943
11
161.0749999999999886
21
-59.6374999999999957
0
LINE
8
BLACK
6
CONTINUOUS
10
161.0749999999999886
20
-59.6374999999999957
11
161.0569209999999885
21
-59.7283869999999979
0
LINE
8
BLACK
6
CONTINUOUS
10
161.0569209999999885
20
-59.7283869999999979
11
161.0054379999999981
21
-59.8054379999999952
0
LINE
8
BLACK
6
CONTINUOUS
10
161.0054379999999981
20
-59.8054379999999952
11
160.9283869999999865
21
-59.8569209999999998
0
LINE
8
BLACK
6
CONTINUOUS
10
160.9283869999999865
20
-59.8569209999999998
11
160.8375000000000057
21
-59.875
0
LINE
8
BLACK
6
CONTINUOUS
10
160.8375000000000057
20
-59.875
11
160.2374999999999829
21
-59.875
0
LINE
8
BLACK
6
CONTINUOUS
10
160.2374999999999829
20
-59.875
11
160.1466130000000021
21
-59.8569209999999998
0
LINE
8
BLACK
6
CONTINUOUS
10
160.1466130000000021
20
-59.8569209999999998
11
160.0695619999999906
21
-59.8054379999999952
0
LINE
8
BLACK
6
CONTINUOUS
10
160.0695619999999906
20
-59.8054379999999952
11
160.0180790000000002
21
-59.7283869999999979
0
LINE
8
BLACK
6
CONTINUOUS
10
160.0180790000000002
20
-59.7283869999999979
11
160.
21
-59.6374999999999957
0
LINE
8
BLACK
6
CONTINUOUS
10
160.
20
-59.6374999999999957
11
160.
21
-59.1624999999999943
0
LINE
8
BLACK
6
CONTINUOUS
10
160.
20
-59.1624999999999943
11
160.0180790000000002
21
-59.0716129999999993
0
LINE
8
BLACK
6
CONTINUOUS
10
160.0180790000000002
20
-59.0716129999999993
11
160.0695619999999906
21
-58.9945619999999948
0
LINE
8
BLACK
6
CONTINUOUS
10
160.0695619999999906
20
-58.9945619999999948
11
160.1466130000000021
21
-58.9430789999999973
0
LINE
8
BLACK
6
CONTINUOUS
10
160.1466130000000021
20
-58.9430789999999973
11
160.2374999999999829
21
-58.9249999999999972
0
LINE
8
BLACK
6
CONTINUOUS
10
160.2374999999999829
20
-58.9249999999999972
11
160.8375000000000057
21
-58.9249999999999972
0
LINE
8
BLACK
6
CONTINUOUS
10
160.8375000000000057
20
-58.9249999999999972
11
160.9283869999999865
21
-58.9430789999999973
0
LINE
8
BLACK
6
CONTINUOUS
10
162.6533869999999808
20
-58.9430789999999973
11
162.7304379999999924
21
-58.9945619999999948
0
LINE
8
BLACK
6
CONTINUOUS
10
162.7304379999999924
20
-58.9945619999999948
11
162.7819209999999828
21
-59.0716129999999993
0
LINE
8
BLACK
6
CONTINUOUS
10
162.7819209999999828
20
-59.0716129999999993
11
162.7999999999999829
21
-59.1624999999999943
0
LINE
8
BLACK
6
CONTINUOUS
10
162.7999999999999829
20
-59.1624999999999943
11
162.7999999999999829
21
-59.6374999999999957
0
LINE
8
BLACK
6
CONTINUOUS
10
162.7999999999999829
20
-59.6374999999999957
11
162.7819209999999828
21
-59.7283869999999979
0
LINE
8
BLACK
6
CONTINUOUS
10
162.7819209999999828
20
-59.7283869999999979
11
162.7304379999999924
21
-59.8054379999999952
0
LINE
8
BLACK
6
CONTINUOUS
10
162.7304379999999924
20
-59.8054379999999952
11
162.6533869999999808
21
-59.8569209999999998
0
LINE
8
BLACK
6
CONTINUOUS
10
162.6533869999999808
20
-59.8569209999999998
11
162.5625
21
-59.875
0
LINE
8
BLACK
6
CONTINUOUS
10
162.5625
20
-59.875
11
161.9625000000000057
21
-59.875
0
LINE
8
BLACK
6
CONTINUOUS
10
161.9625000000000057
20
-59.875
11
161.8716129999999964
21
-59.8569209999999998
0
LINE
8
BLACK
6
CONTINUOUS
10
161.8716129999999964
20
-59.8569209999999998
11
161.7945619999999849
21
-59.8054379999999952
0
LINE
8
BLACK
6
CONTINUOUS
10
161.7945619999999849
20
-59.8054379999999952
11
161.7430789999999945
21
-59.7283869999999979
0
LINE
8
BLACK
6
CONTINUOUS
10
161.7430789999999945
20
-59.7283869999999979
11
161.7249999999999943
21
-59.6374999999999957
0
LINE
8
BLACK
6
CONTINUOUS
10
161.7249999999999943
20
-59.6374999999999957
11
161.7249999999999943
21
-59.1624999999999943
0
LINE
8
BLACK
6
CONTINUOUS
10
161.7249999999999943
20
-59.1624999999999943
11
161.7430789999999945
21
-59.0716129999999993
0
LINE
8
BLACK
6
CONTINUOUS
10
161.7430789999999945
20
-59.0716129999999993
11
161.7945619999999849
21
-58.9945619999999948
0
LINE
8
BLACK
6
CONTINUOUS
10
161.7945619999999849
20
-58.9945619999999948
11
161.8716129999999964
21
-58.9430789999999973
0
LINE
8
BLACK
6
CONTINUOUS
10
161.8716129999999964
20
-58.9430789999999973
11
161.9625000000000057
21
-58.9249999999999972
0
LINE
8
BLACK
6
CONTINUOUS
10
161.9625000000000057
20
-58.9249999999999972
11
162.5625
21
-58.9249999999999972
0
LINE
8
BLACK
6
CONTINUOUS
10
162.5625
20
-58.9249999999999972
11
162.6533869999999808
21
-58.9430789999999973
0
LINE
8
BLACK
6
CONTINUOUS
10
150.7853869999999858
20
-58.7250789999999938
11
150.8624379999999974
21
-58.7765619999999984
0
LINE
8
BLACK
6
CONTINUOUS
10
150.8624379999999974
20
-58.7765619999999984
11
150.9139209999999878
21
-58.8536129999999957
0
LINE
8
BLACK
6
CONTINUOUS
10
150.9139209999999878
20
-58.8536129999999957
11
150.9319999999999879
21
-58.9444999999999979
0
LINE
8
BLACK
6
CONTINUOUS
10
150.9319999999999879
20
-58.9444999999999979
11
150.9319999999999879
21
-59.4194999999999993
0
LINE
8
BLACK
6
CONTINUOUS
10
150.9319999999999879
20
-59.4194999999999993
11
150.9139209999999878
21
-59.5103869999999944
0
LINE
8
BLACK
6
CONTINUOUS
10
150.9139209999999878
20
-59.5103869999999944
11
150.8624379999999974
21
-59.5874379999999988
0
LINE
8
BLACK
6
CONTINUOUS
10
150.8624379999999974
20
-59.5874379999999988
11
150.7853869999999858
21
-59.6389209999999963
0
LINE
8
BLACK
6
CONTINUOUS
10
150.7853869999999858
20
-59.6389209999999963
11
150.694500000000005
21
-59.6569999999999965
0
LINE
8
BLACK
6
CONTINUOUS
10
150.694500000000005
20
-59.6569999999999965
11
150.0944999999999823
21
-59.6569999999999965
0
LINE
8
BLACK
6
CONTINUOUS
10
150.0944999999999823
20
-59.6569999999999965
11
150.0036130000000014
21
-59.6389209999999963
0
LINE
8
BLACK
6
CONTINUOUS
10
150.0036130000000014
20
-59.6389209999999963
11
149.9265619999999899
21
-59.5874379999999988
0
LINE
8
BLACK
6
CONTINUOUS
10
149.9265619999999899
20
-59.5874379999999988
11
149.8750789999999995
21
-59.5103869999999944
0
LINE
8
BLACK
6
CONTINUOUS
10
149.8750789999999995
20
-59.5103869999999944
11
149.8569999999999993
21
-59.4194999999999993
0
LINE
8
BLACK
6
CONTINUOUS
10
149.8569999999999993
20
-59.4194999999999993
11
149.8569999999999993
21
-58.9444999999999979
0
LINE
8
BLACK
6
CONTINUOUS
10
149.8569999999999993
20
-58.9444999999999979
11
149.8750789999999995
21
-58.8536129999999957
0
LINE
8
BLACK
6
CONTINUOUS
10
149.8750789999999995
20
-58.8536129999999957
11
149.9265619999999899
21
-58.7765619999999984
0
LINE
8
BLACK
6
CONTINUOUS
10
149.9265619999999899
20
-58.7765619999999984
11
150.0036130000000014
21
-58.7250789999999938
0
LINE
8
BLACK
6
CONTINUOUS
10
150.0036130000000014
20
-58.7250789999999938
11
150.0944999999999823
21
-58.7070000000000007
0
LINE
8
BLACK
6
CONTINUOUS
10
150.0944999999999823
20
-58.7070000000000007
11
150.694500000000005
21
-58.7070000000000007
0
LINE
8
BLACK
6
CONTINUOUS
10
150.694500000000005
20
-58.7070000000000007
11
150.7853869999999858
21
-58.7250789999999938
0
LINE
8
BLACK
6
CONTINUOUS
10
152.5103869999999802
20
-58.7250789999999938
11
152.5874379999999917
21
-58.7765619999999984
0
LINE
8
BLACK
6
CONTINUOUS
10
152.5874379999999917
20
-58.7765619999999984
11
152.6389209999999821
21
-58.8536129999999957
0
LINE
8
BLACK
6
CONTINUOUS
10
152.6389209999999821
20
-58.8536129999999957
11
152.6569999999999823
21
-58.9444999999999979
0
LINE
8
BLACK
6
CONTINUOUS
10
152.6569999999999823
20
-58.9444999999999979
11
152.6569999999999823
21
-59.4194999999999993
0
LINE
8
BLACK
6
CONTINUOUS
10
152.6569999999999823
20
-59.4194999999999993
11
152.6389209999999821
21
-59.5103869999999944
0
LINE
8
BLACK
6
CONTINUOUS
10
152.6389209999999821
20
-59.5103869999999944
11
152.5874379999999917
21
-59.5874379999999988
0
LINE
8
BLACK
6
CONTINUOUS
10
152.5874379999999917
20
-59.5874379999999988
11
152.5103869999999802
21
-59.6389209999999963
0
LINE
8
BLACK
6
CONTINUOUS
10
152.5103869999999802
20
-59.6389209999999963
11
152.4194999999999993
21
-59.6569999999999965
0
LINE
8
BLACK
6
CONTINUOUS
10
152.4194999999999993
20
-59.6569999999999965
11
151.819500000000005
21
-59.6569999999999965
0
LINE
8
BLACK
6
CONTINUOUS
10
151.819500000000005
20
-59.6569999999999965
11
151.7286129999999957
21
-59.6389209999999963
0
LINE
8
BLACK
6
CONTINUOUS
10
151.7286129999999957
20
-59.6389209999999963
11
151.6515619999999842
21
-59.5874379999999988
0
LINE
8
BLACK
6
CONTINUOUS
10
151.6515619999999842
20
-59.5874379999999988
11
151.6000789999999938
21
-59.5103869999999944
0
LINE
8
BLACK
6
CONTINUOUS
10
151.6000789999999938
20
-59.5103869999999944
11
151.5819999999999936
21
-59.4194999999999993
0
LINE
8
BLACK
6
CONTINUOUS
10
151.5819999999999936
20
-59.4194999999999993
11
151.5819999999999936
21
-58.9444999999999979
0
LINE
8
BLACK
6
CONTINUOUS
10
151.5819999999999936
20
-58.9444999999999979
11
151.6000789999999938
21
-58.8536129999999957
0
LINE
8
BLACK
6
CONTINUOUS
10
151.6000789999999938
20
-58.8536129999999957
11
151.6515619999999842
21
-58.7765619999999984
0
LINE
8
BLACK
6
CONTINUOUS
10
151.6515619999999842
20
-58.7765619999999984
11
151.7286129999999957
21
-58.7250789999999938
0
LINE
8
BLACK
6
CONTINUOUS
10
151.7286129999999957
20
-58.7250789999999938
11
151.819500000000005
21
-58.7070000000000007
0
LINE
8
BLACK
6
CONTINUOUS
10
151.819500000000005
20
-58.7070000000000007
11
152.4194999999999993
21
-58.7070000000000007
0
LINE
8
BLACK
6
CONTINUOUS
10
152.4194999999999993
20
-58.7070000000000007
11
152.5103869999999802
21
-58.7250789999999938
0
LINE
8
BLACK
6
CONTINUOUS
10
149.0453870000000052
20
-58.6890789999999996
11
149.1224379999999883
21
-58.7405619999999971
0
LINE
8
BLACK
6
CONTINUOUS
10
149.1224379999999883
20
-58.7405619999999971
11
149.1739210000000071
21
-58.8176129999999944
0
LINE
8
BLACK
6
CONTINUOUS
10
149.1739210000000071
20
-58.8176129999999944
11
149.1920000000000073
21
-58.9084999999999965
0
LINE
8
BLACK
6
CONTINUOUS
10
149.1920000000000073
20
-58.9084999999999965
11
149.1920000000000073
21
-59.4084999999999965
0
LINE
8
BLACK
6
CONTINUOUS
10
149.1920000000000073
20
-59.4084999999999965
11
149.1739210000000071
21
-59.4993869999999987
0
LINE
8
BLACK
6
CONTINUOUS
10
149.1739210000000071
20
-59.4993869999999987
11
149.1224379999999883
21
-59.576437999999996
0
LINE
8
BLACK
6
CONTINUOUS
10
149.1224379999999883
20
-59.576437999999996
11
149.0453870000000052
21
-59.6279210000000006
0
LINE
8
BLACK
6
CONTINUOUS
10
149.0453870000000052
20
-59.6279210000000006
11
148.9544999999999959
21
-59.6460000000000008
0
LINE
8
BLACK
6
CONTINUOUS
10
148.9544999999999959
20
-59.6460000000000008
11
148.4795000000000016
21
-59.6460000000000008
0
LINE
8
BLACK
6
CONTINUOUS
10
148.4795000000000016
20
-59.6460000000000008
11
148.3886129999999923
21
-59.6279210000000006
0
LINE
8
BLACK
6
CONTINUOUS
10
148.3886129999999923
20
-59.6279210000000006
11
148.3115619999999808
21
-59.576437999999996
0
LINE
8
BLACK
6
CONTINUOUS
10
148.3115619999999808
20
-59.576437999999996
11
148.2600789999999904
21
-59.4993869999999987
0
LINE
8
BLACK
6
CONTINUOUS
10
148.2600789999999904
20
-59.4993869999999987
11
148.2419999999999902
21
-59.4084999999999965
0
LINE
8
BLACK
6
CONTINUOUS
10
148.2419999999999902
20
-59.4084999999999965
11
148.2419999999999902
21
-58.9084999999999965
0
LINE
8
BLACK
6
CONTINUOUS
10
148.2419999999999902
20
-58.9084999999999965
11
148.2600789999999904
21
-58.8176129999999944
0
LINE
8
BLACK
6
CONTINUOUS
10
148.2600789999999904
20
-58.8176129999999944
11
148.3115619999999808
21
-58.7405619999999971
0
LINE
8
BLACK
6
CONTINUOUS
10
148.3115619999999808
20
-58.7405619999999971
11
148.3886129999999923
21
-58.6890789999999996
0
LINE
8
BLACK
6
CONTINUOUS
10
148.3886129999999923
20
-58.6890789999999996
11
148.4795000000000016
21
-58.6709999999999994
0
LINE
8
BLACK
6
CONTINUOUS
10
148.4795000000000016
20
-58.6709999999999994
11
148.9544999999999959
21
-58.6709999999999994
0
LINE
8
BLACK
6
CONTINUOUS
10
148.9544999999999959
20
-58.6709999999999994
11
149.0453870000000052
21
-58.6890789999999996
0
LINE
8
BLACK
6
CONTINUOUS
10
161.2746860000000027
20
-56.7823700000000002
11
161.3274049999999988
21
-56.8175949999999972
0
LINE
8
BLACK
6
CONTINUOUS
10
161.3274049999999988
20
-56.8175949999999972
11
161.3626299999999958
21
-56.8703140000000005
0
LINE
8
BLACK
6
CONTINUOUS
10
161.3626299999999958
20
-56.8703140000000005
11
161.375
21
-56.9324999999999974
0
LINE
8
BLACK
6
CONTINUOUS
10
161.375
20
-56.9324999999999974
11
161.375
21
-58.1674999999999969
0
LINE
8
BLACK
6
CONTINUOUS
10
161.375
20
-58.1674999999999969
11
161.3626299999999958
21
-58.2296859999999938
0
LINE
8
BLACK
6
CONTINUOUS
10
161.3626299999999958
20
-58.2296859999999938
11
161.3274049999999988
21
-58.2824049999999971
0
LINE
8
BLACK
6
CONTINUOUS
10
161.3274049999999988
20
-58.2824049999999971
11
161.2746860000000027
21
-58.3176299999999941
0
LINE
8
BLACK
6
CONTINUOUS
10
161.2746860000000027
20
-58.3176299999999941
11
161.2125000000000057
21
-58.3299999999999983
0
LINE
8
BLACK
6
CONTINUOUS
10
161.2125000000000057
20
-58.3299999999999983
11
160.8874999999999886
21
-58.3299999999999983
0
LINE
8
BLACK
6
CONTINUOUS
10
160.8874999999999886
20
-58.3299999999999983
11
160.8253139999999917
21
-58.3176299999999941
0
LINE
8
BLACK
6
CONTINUOUS
10
160.8253139999999917
20
-58.3176299999999941
11
160.7725949999999955
21
-58.2824049999999971
0
LINE
8
BLACK
6
CONTINUOUS
10
160.7725949999999955
20
-58.2824049999999971
11
160.7373699999999985
21
-58.2296859999999938
0
LINE
8
BLACK
6
CONTINUOUS
10
160.7373699999999985
20
-58.2296859999999938
11
160.7249999999999943
21
-58.1674999999999969
0
LINE
8
BLACK
6
CONTINUOUS
10
160.7249999999999943
20
-58.1674999999999969
11
160.7249999999999943
21
-56.9324999999999974
0
LINE
8
BLACK
6
CONTINUOUS
10
160.7249999999999943
20
-56.9324999999999974
11
160.7373699999999985
21
-56.8703140000000005
0
LINE
8
BLACK
6
CONTINUOUS
10
160.7373699999999985
20
-56.8703140000000005
11
160.7725949999999955
21
-56.8175949999999972
0
LINE
8
BLACK
6
CONTINUOUS
10
160.7725949999999955
20
-56.8175949999999972
11
160.8253139999999917
21
-56.7823700000000002
0
LINE
8
BLACK
6
CONTINUOUS
10
160.8253139999999917
20
-56.7823700000000002
11
160.8874999999999886
21
-56.769999999999996
0
LINE
8
BLACK
6
CONTINUOUS
10
160.8874999999999886
20
-56.769999999999996
11
161.2125000000000057
21
-56.769999999999996
0
LINE
8
BLACK
6
CONTINUOUS
10
161.2125000000000057
20
-56.769999999999996
11
161.2746860000000027
21
-56.7823700000000002
0
LINE
8
BLACK
6
CONTINUOUS
10
162.2246859999999913
20
-56.7823700000000002
11
162.2774049999999875
21
-56.8175949999999972
0
LINE
8
BLACK
6
CONTINUOUS
10
162.2774049999999875
20
-56.8175949999999972
11
162.3126299999999844
21
-56.8703140000000005
0
LINE
8
BLACK
6
CONTINUOUS
10
162.3126299999999844
20
-56.8703140000000005
11
162.3249999999999886
21
-56.9324999999999974
0
LINE
8
BLACK
6
CONTINUOUS
10
162.3249999999999886
20
-56.9324999999999974
11
162.3249999999999886
21
-58.1674999999999969
0
LINE
8
BLACK
6
CONTINUOUS
10
162.3249999999999886
20
-58.1674999999999969
11
162.3126299999999844
21
-58.2296859999999938
0
LINE
8
BLACK
6
CONTINUOUS
10
162.3126299999999844
20
-58.2296859999999938
11
162.2774049999999875
21
-58.2824049999999971
0
LINE
8
BLACK
6
CONTINUOUS
10
162.2774049999999875
20
-58.2824049999999971
11
162.2246859999999913
21
-58.3176299999999941
0
LINE
8
BLACK
6
CONTINUOUS
10
162.2246859999999913
20
-58.3176299999999941
11
162.1624999999999943
21
-58.3299999999999983
0
LINE
8
BLACK
6
CONTINUOUS
10
162.1624999999999943
20
-58.3299999999999983
11
161.8375000000000057
21
-58.3299999999999983
0
LINE
8
BLACK
6
CONTINUOUS
10
161.8375000000000057
20
-58.3299999999999983
11
161.7753139999999803
21
-58.3176299999999941
0
LINE
8
BLACK
6
CONTINUOUS
10
161.7753139999999803
20
-58.3176299999999941
11
161.7225949999999841
21
-58.2824049999999971
0
LINE
8
BLACK
6
CONTINUOUS
10
161.7225949999999841
20
-58.2824049999999971
11
161.6873699999999872
21
-58.2296859999999938
0
LINE
8
BLACK
6
CONTINUOUS
10
161.6873699999999872
20
-58.2296859999999938
11
161.6749999999999829
21
-58.1674999999999969
0
LINE
8
BLACK
6
CONTINUOUS
10
161.6749999999999829
20
-58.1674999999999969
11
161.6749999999999829
21
-56.9324999999999974
0
LINE
8
BLACK
6
CONTINUOUS
10
161.6749999999999829
20
-56.9324999999999974
11
161.6873699999999872
21
-56.8703140000000005
0
LINE
8
BLACK
6
CONTINUOUS
10
161.6873699999999872
20
-56.8703140000000005
11
161.7225949999999841
21
-56.8175949999999972
0
LINE
8
BLACK
6
CONTINUOUS
10
161.7225949999999841
20
-56.8175949999999972
11
161.7753139999999803
21
-56.7823700000000002
0
LINE
8
BLACK
6
CONTINUOUS
10
161.7753139999999803
20
-56.7823700000000002
11
161.8375000000000057
21
-56.769999999999996
0
LINE
8
BLACK
6
CONTINUOUS
10
161.8375000000000057
20
-56.769999999999996
11
162.1624999999999943
21
-56.769999999999996
0
LINE
8
BLACK
6
CONTINUOUS
10
162.1624999999999943
20
-56.769999999999996
11
162.2246859999999913
21
-56.7823700000000002
0
LINE
8
BLACK
6
CONTINUOUS
10
163.1746859999999799
20
-56.7823700000000002
11
163.2274050000000045
21
-56.8175949999999972
0
LINE
8
BLACK
6
CONTINUOUS
10
163.2274050000000045
20
-56.8175949999999972
11
163.2626300000000015
21
-56.8703140000000005
0
LINE
8
BLACK
6
CONTINUOUS
10
163.2626300000000015
20
-56.8703140000000005
11
163.2750000000000057
21
-56.9324999999999974
0
LINE
8
BLACK
6
CONTINUOUS
10
163.2750000000000057
20
-56.9324999999999974
11
163.2750000000000057
21
-58.1674999999999969
0
LINE
8
BLACK
6
CONTINUOUS
10
163.2750000000000057
20
-58.1674999999999969
11
163.2626300000000015
21
-58.2296859999999938
0
LINE
8
BLACK
6
CONTINUOUS
10
163.2626300000000015
20
-58.2296859999999938
11
163.2274050000000045
21
-58.2824049999999971
0
LINE
8
BLACK
6
CONTINUOUS
10
163.2274050000000045
20
-58.2824049999999971
11
163.1746859999999799
21
-58.3176299999999941
0
LINE
8
BLACK
6
CONTINUOUS
10
163.1746859999999799
20
-58.3176299999999941
11
163.1124999999999829
21
-58.3299999999999983
0
LINE
8
BLACK
6
CONTINUOUS
10
163.1124999999999829
20
-58.3299999999999983
11
162.7874999999999943
21
-58.3299999999999983
0
LINE
8
BLACK
6
CONTINUOUS
10
162.7874999999999943
20
-58.3299999999999983
11
162.7253139999999973
21
-58.3176299999999941
0
LINE
8
BLACK
6
CONTINUOUS
10
162.7253139999999973
20
-58.3176299999999941
11
162.6725950000000012
21
-58.2824049999999971
0
LINE
8
BLACK
6
CONTINUOUS
10
162.6725950000000012
20
-58.2824049999999971
11
162.6373700000000042
21
-58.2296859999999938
0
LINE
8
BLACK
6
CONTINUOUS
10
162.6373700000000042
20
-58.2296859999999938
11
162.625
21
-58.1674999999999969
0
LINE
8
BLACK
6
CONTINUOUS
10
162.625
20
-58.1674999999999969
11
162.625
21
-56.9324999999999974
0
LINE
8
BLACK
6
CONTINUOUS
10
162.625
20
-56.9324999999999974
11
162.6373700000000042
21
-56.8703140000000005
0
LINE
8
BLACK
6
CONTINUOUS
10
162.6373700000000042
20
-56.8703140000000005
11
162.6725950000000012
21
-56.8175949999999972
0
LINE
8
BLACK
6
CONTINUOUS
10
162.6725950000000012
20
-56.8175949999999972
11
162.7253139999999973
21
-56.7823700000000002
0
LINE
8
BLACK
6
CONTINUOUS
10
162.7253139999999973
20
-56.7823700000000002
11
162.7874999999999943
21
-56.769999999999996
0
LINE
8
BLACK
6
CONTINUOUS
10
162.7874999999999943
20
-56.769999999999996
11
163.1124999999999829
21
-56.769999999999996
0
LINE
8
BLACK
6
CONTINUOUS
10
163.1124999999999829
20
-56.769999999999996
11
163.1746859999999799
21
-56.7823700000000002
0
LINE
8
BLACK
6
CONTINUOUS
10
143.8383869999999831
20
-57.2640789999999953
11
143.9154379999999946
21
-57.3155619999999999
0
LINE
8
BLACK
6
CONTINUOUS
10
143.9154379999999946
20
-57.3155619999999999
11
143.966920999999985
21
-57.3926129999999972
0
LINE
8
BLACK
6
CONTINUOUS
10
143.966920999999985
20
-57.3926129999999972
11
143.9849999999999852
21
-57.4834999999999994
0
LINE
8
BLACK
6
CONTINUOUS
10
143.9849999999999852
20
-57.4834999999999994
11
143.9849999999999852
21
-58.0584999999999951
0
LINE
8
BLACK
6
CONTINUOUS
10
143.9849999999999852
20
-58.0584999999999951
11
143.966920999999985
21
-58.1493869999999973
0
LINE
8
BLACK
6
CONTINUOUS
10
143.966920999999985
20
-58.1493869999999973
11
143.9154379999999946
21
-58.2264379999999946
0
LINE
8
BLACK
6
CONTINUOUS
10
143.9154379999999946
20
-58.2264379999999946
11
143.8383869999999831
21
-58.2779209999999992
0
LINE
8
BLACK
6
CONTINUOUS
10
143.8383869999999831
20
-58.2779209999999992
11
143.7475000000000023
21
-58.2959999999999994
0
LINE
8
BLACK
6
CONTINUOUS
10
143.7475000000000023
20
-58.2959999999999994
11
143.2724999999999795
21
-58.2959999999999994
0
LINE
8
BLACK
6
CONTINUOUS
10
143.2724999999999795
20
-58.2959999999999994
11
143.1816129999999987
21
-58.2779209999999992
0
LINE
8
BLACK
6
CONTINUOUS
10
143.1816129999999987
20
-58.2779209999999992
11
143.1045619999999872
21
-58.2264379999999946
0
LINE
8
BLACK
6
CONTINUOUS
10
143.1045619999999872
20
-58.2264379999999946
11
143.0530789999999968
21
-58.1493869999999973
0
LINE
8
BLACK
6
CONTINUOUS
10
143.0530789999999968
20
-58.1493869999999973
11
143.0349999999999966
21
-58.0584999999999951
0
LINE
8
BLACK
6
CONTINUOUS
10
143.0349999999999966
20
-58.0584999999999951
11
143.0349999999999966
21
-57.4834999999999994
0
LINE
8
BLACK
6
CONTINUOUS
10
143.0349999999999966
20
-57.4834999999999994
11
143.0530789999999968
21
-57.3926129999999972
0
LINE
8
BLACK
6
CONTINUOUS
10
143.0530789999999968
20
-57.3926129999999972
11
143.1045619999999872
21
-57.3155619999999999
0
LINE
8
BLACK
6
CONTINUOUS
10
143.1045619999999872
20
-57.3155619999999999
11
143.1816129999999987
21
-57.2640789999999953
0
LINE
8
BLACK
6
CONTINUOUS
10
143.1816129999999987
20
-57.2640789999999953
11
143.2724999999999795
21
-57.2459999999999951
0
LINE
8
BLACK
6
CONTINUOUS
10
143.2724999999999795
20
-57.2459999999999951
11
143.7475000000000023
21
-57.2459999999999951
0
LINE
8
BLACK
6
CONTINUOUS
10
143.7475000000000023
20
-57.2459999999999951
11
143.8383869999999831
21
-57.2640789999999953
0
LINE
8
BLACK
6
CONTINUOUS
10
145.362386999999984
20
-57.3390789999999981
11
145.4394379999999956
21
-57.3905619999999956
0
LINE
8
BLACK
6
CONTINUOUS
10
145.4394379999999956
20
-57.3905619999999956
11
145.490920999999986
21
-57.4676130000000001
0
LINE
8
BLACK
6
CONTINUOUS
10
145.490920999999986
20
-57.4676130000000001
11
145.5089999999999861
21
-57.5584999999999951
0
LINE
8
BLACK
6
CONTINUOUS
10
145.5089999999999861
20
-57.5584999999999951
11
145.5089999999999861
21
-58.0584999999999951
0
LINE
8
BLACK
6
CONTINUOUS
10
145.5089999999999861
20
-58.0584999999999951
11
145.490920999999986
21
-58.1493869999999973
0
LINE
8
BLACK
6
CONTINUOUS
10
145.490920999999986
20
-58.1493869999999973
11
145.4394379999999956
21
-58.2264379999999946
0
LINE
8
BLACK
6
CONTINUOUS
10
145.4394379999999956
20
-58.2264379999999946
11
145.362386999999984
21
-58.2779209999999992
0
LINE
8
BLACK
6
CONTINUOUS
10
145.362386999999984
20
-58.2779209999999992
11
145.2715000000000032
21
-58.2959999999999994
0
LINE
8
BLACK
6
CONTINUOUS
10
145.2715000000000032
20
-58.2959999999999994
11
144.7964999999999804
21
-58.2959999999999994
0
LINE
8
BLACK
6
CONTINUOUS
10
144.7964999999999804
20
-58.2959999999999994
11
144.7056129999999996
21
-58.2779209999999992
0
LINE
8
BLACK
6
CONTINUOUS
10
144.7056129999999996
20
-58.2779209999999992
11
144.6285619999999881
21
-58.2264379999999946
0
LINE
8
BLACK
6
CONTINUOUS
10
144.6285619999999881
20
-58.2264379999999946
11
144.5770789999999977
21
-58.1493869999999973
0
LINE
8
BLACK
6
CONTINUOUS
10
144.5770789999999977
20
-58.1493869999999973
11
144.5589999999999975
21
-58.0584999999999951
0
LINE
8
BLACK
6
CONTINUOUS
10
144.5589999999999975
20
-58.0584999999999951
11
144.5589999999999975
21
-57.5584999999999951
0
LINE
8
BLACK
6
CONTINUOUS
10
144.5589999999999975
20
-57.5584999999999951
11
144.5770789999999977
21
-57.4676130000000001
0
LINE
8
BLACK
6
CONTINUOUS
10
144.5770789999999977
20
-57.4676130000000001
11
144.6285619999999881
21
-57.3905619999999956
0
LINE
8
BLACK
6
CONTINUOUS
10
144.6285619999999881
20
-57.3905619999999956
11
144.7056129999999996
21
-57.3390789999999981
0
LINE
8
BLACK
6
CONTINUOUS
10
144.7056129999999996
20
-57.3390789999999981
11
144.7964999999999804
21
-57.320999999999998
0
LINE
8
BLACK
6
CONTINUOUS
10
144.7964999999999804
20
-57.320999999999998
11
145.2715000000000032
21
-57.320999999999998
0
LINE
8
BLACK
6
CONTINUOUS
10
145.2715000000000032
20
-57.320999999999998
11
145.362386999999984
21
-57.3390789999999981
0
LINE
8
BLACK
6
CONTINUOUS
10
149.9679999999999893
20
-58.0589999999999975
11
148.0180000000000007
21
-58.0589999999999975
0
LINE
8
BLACK
6
CONTINUOUS
10
148.0180000000000007
20
-58.0589999999999975
11
148.0180000000000007
21
-56.4089999999999989
0
LINE
8
BLACK
6
CONTINUOUS
10
148.0180000000000007
20
-56.4089999999999989
11
149.9679999999999893
21
-56.4089999999999989
0
LINE
8
BLACK
6
CONTINUOUS
10
149.9679999999999893
20
-56.4089999999999989
11
149.9679999999999893
21
-58.0589999999999975
0
LINE
8
BLACK
6
CONTINUOUS
10
152.7179999999999893
20
-58.0589999999999975
11
150.7680000000000007
21
-58.0589999999999975
0
LINE
8
BLACK
6
CONTINUOUS
10
150.7680000000000007
20
-58.0589999999999975
11
150.7680000000000007
21
-56.4089999999999989
0
LINE
8
BLACK
6
CONTINUOUS
10
150.7680000000000007
20
-56.4089999999999989
11
152.7179999999999893
21
-56.4089999999999989
0
LINE
8
BLACK
6
CONTINUOUS
10
152.7179999999999893
20
-56.4089999999999989
11
152.7179999999999893
21
-58.0589999999999975
0
LINE
8
BLACK
6
CONTINUOUS
10
143.8383869999999831
20
-55.5140789999999953
11
143.9154379999999946
21
-55.5655619999999999
0
LINE
8
BLACK
6
CONTINUOUS
10
143.9154379999999946
20
-55.5655619999999999
11
143.966920999999985
21
-55.6426129999999972
0
LINE
8
BLACK
6
CONTINUOUS
10
143.966920999999985
20
-55.6426129999999972
11
143.9849999999999852
21
-55.7334999999999994
0
LINE
8
BLACK
6
CONTINUOUS
10
143.9849999999999852
20
-55.7334999999999994
11
143.9849999999999852
21
-56.3084999999999951
0
LINE
8
BLACK
6
CONTINUOUS
10
143.9849999999999852
20
-56.3084999999999951
11
143.966920999999985
21
-56.3993869999999973
0
LINE
8
BLACK
6
CONTINUOUS
10
143.966920999999985
20
-56.3993869999999973
11
143.9154379999999946
21
-56.4764379999999946
0
LINE
8
BLACK
6
CONTINUOUS
10
143.9154379999999946
20
-56.4764379999999946
11
143.8383869999999831
21
-56.5279209999999992
0
LINE
8
BLACK
6
CONTINUOUS
10
143.8383869999999831
20
-56.5279209999999992
11
143.7475000000000023
21
-56.5459999999999994
0
LINE
8
BLACK
6
CONTINUOUS
10
143.7475000000000023
20
-56.5459999999999994
11
143.2724999999999795
21
-56.5459999999999994
0
LINE
8
BLACK
6
CONTINUOUS
10
143.2724999999999795
20
-56.5459999999999994
11
143.1816129999999987
21
-56.5279209999999992
0
LINE
8
BLACK
6
CONTINUOUS
10
143.1816129999999987
20
-56.5279209999999992
11
143.1045619999999872
21
-56.4764379999999946
0
LINE
8
BLACK
6
CONTINUOUS
10
143.1045619999999872
20
-56.4764379999999946
11
143.0530789999999968
21
-56.3993869999999973
0
LINE
8
BLACK
6
CONTINUOUS
10
143.0530789999999968
20
-56.3993869999999973
11
143.0349999999999966
21
-56.3084999999999951
0
LINE
8
BLACK
6
CONTINUOUS
10
143.0349999999999966
20
-56.3084999999999951
11
143.0349999999999966
21
-55.7334999999999994
0
LINE
8
BLACK
6
CONTINUOUS
10
143.0349999999999966
20
-55.7334999999999994
11
143.0530789999999968
21
-55.6426129999999972
0
LINE
8
BLACK
6
CONTINUOUS
10
143.0530789999999968
20
-55.6426129999999972
11
143.1045619999999872
21
-55.5655619999999999
0
LINE
8
BLACK
6
CONTINUOUS
10
143.1045619999999872
20
-55.5655619999999999
11
143.1816129999999987
21
-55.5140789999999953
0
LINE
8
BLACK
6
CONTINUOUS
10
143.1816129999999987
20
-55.5140789999999953
11
143.2724999999999795
21
-55.4959999999999951
0
LINE
8
BLACK
6
CONTINUOUS
10
143.2724999999999795
20
-55.4959999999999951
11
143.7475000000000023
21
-55.4959999999999951
0
LINE
8
BLACK
6
CONTINUOUS
10
143.7475000000000023
20
-55.4959999999999951
11
143.8383869999999831
21
-55.5140789999999953
0
LINE
8
BLACK
6
CONTINUOUS
10
145.362386999999984
20
-55.5140789999999953
11
145.4394379999999956
21
-55.5655619999999999
0
LINE
8
BLACK
6
CONTINUOUS
10
145.4394379999999956
20
-55.5655619999999999
11
145.490920999999986
21
-55.6426129999999972
0
LINE
8
BLACK
6
CONTINUOUS
10
145.490920999999986
20
-55.6426129999999972
11
145.5089999999999861
21
-55.7334999999999994
0
LINE
8
BLACK
6
CONTINUOUS
10
145.5089999999999861
20
-55.7334999999999994
11
145.5089999999999861
21
-56.2334999999999994
0
LINE
8
BLACK
6
CONTINUOUS
10
145.5089999999999861
20
-56.2334999999999994
11
145.490920999999986
21
-56.3243869999999944
0
LINE
8
BLACK
6
CONTINUOUS
10
145.490920999999986
20
-56.3243869999999944
11
145.4394379999999956
21
-56.4014379999999989
0
LINE
8
BLACK
6
CONTINUOUS
10
145.4394379999999956
20
-56.4014379999999989
11
145.362386999999984
21
-56.4529209999999964
0
LINE
8
BLACK
6
CONTINUOUS
10
145.362386999999984
20
-56.4529209999999964
11
145.2715000000000032
21
-56.4709999999999965
0
LINE
8
BLACK
6
CONTINUOUS
10
145.2715000000000032
20
-56.4709999999999965
11
144.7964999999999804
21
-56.4709999999999965
0
LINE
8
BLACK
6
CONTINUOUS
10
144.7964999999999804
20
-56.4709999999999965
11
144.7056129999999996
21
-56.4529209999999964
0
LINE
8
BLACK
6
CONTINUOUS
10
144.7056129999999996
20
-56.4529209999999964
11
144.6285619999999881
21
-56.4014379999999989
0
LINE
8
BLACK
6
CONTINUOUS
10
144.6285619999999881
20
-56.4014379999999989
11
144.5770789999999977
21
-56.3243869999999944
0
LINE
8
BLACK
6
CONTINUOUS
10
144.5770789999999977
20
-56.3243869999999944
11
144.5589999999999975
21
-56.2334999999999994
0
LINE
8
BLACK
6
CONTINUOUS
10
144.5589999999999975
20
-56.2334999999999994
11
144.5589999999999975
21
-55.7334999999999994
0
LINE
8
BLACK
6
CONTINUOUS
10
144.5589999999999975
20
-55.7334999999999994
11
144.5770789999999977
21
-55.6426129999999972
0
LINE
8
BLACK
6
CONTINUOUS
10
144.5770789999999977
20
-55.6426129999999972
11
144.6285619999999881
21
-55.5655619999999999
0
LINE
8
BLACK
6
CONTINUOUS
10
144.6285619999999881
20
-55.5655619999999999
11
144.7056129999999996
21
-55.5140789999999953
0
LINE
8
BLACK
6
CONTINUOUS
10
144.7056129999999996
20
-55.5140789999999953
11
144.7964999999999804
21
-55.4959999999999951
0
LINE
8
BLACK
6
CONTINUOUS
10
144.7964999999999804
20
-55.4959999999999951
11
145.2715000000000032
21
-55.4959999999999951
0
LINE
8
BLACK
6
CONTINUOUS
10
145.2715000000000032
20
-55.4959999999999951
11
145.362386999999984
21
-55.5140789999999953
0
LINE
8
BLACK
6
CONTINUOUS
10
149.9679999999999893
20
-55.8589999999999947
11
148.0180000000000007
21
-55.8589999999999947
0
LINE
8
BLACK
6
CONTINUOUS
10
148.0180000000000007
20
-55.8589999999999947
11
148.0180000000000007
21
-54.2089999999999961
0
LINE
8
BLACK
6
CONTINUOUS
10
148.0180000000000007
20
-54.2089999999999961
11
149.9679999999999893
21
-54.2089999999999961
0
LINE
8
BLACK
6
CONTINUOUS
10
149.9679999999999893
20
-54.2089999999999961
11
149.9679999999999893
21
-55.8589999999999947
0
LINE
8
BLACK
6
CONTINUOUS
10
152.7179999999999893
20
-55.8589999999999947
11
150.7680000000000007
21
-55.8589999999999947
0
LINE
8
BLACK
6
CONTINUOUS
10
150.7680000000000007
20
-55.8589999999999947
11
150.7680000000000007
21
-54.2089999999999961
0
LINE
8
BLACK
6
CONTINUOUS
10
150.7680000000000007
20
-54.2089999999999961
11
152.7179999999999893
21
-54.2089999999999961
0
LINE
8
BLACK
6
CONTINUOUS
10
152.7179999999999893
20
-54.2089999999999961
11
152.7179999999999893
21
-55.8589999999999947
0
LINE
8
BLACK
6
CONTINUOUS
10
161.2746860000000027
20
-54.0823699999999974
11
161.3274049999999988
21
-54.1175949999999943
0
LINE
8
BLACK
6
CONTINUOUS
10
161.3274049999999988
20
-54.1175949999999943
11
161.3626299999999958
21
-54.1703139999999976
0
LINE
8
BLACK
6
CONTINUOUS
10
161.3626299999999958
20
-54.1703139999999976
11
161.375
21
-54.2324999999999946
0
LINE
8
BLACK
6
CONTINUOUS
10
161.375
20
-54.2324999999999946
11
161.375
21
-55.467499999999994
0
LINE
8
BLACK
6
CONTINUOUS
10
161.375
20
-55.467499999999994
11
161.3626299999999958
21
-55.5296859999999981
0
LINE
8
BLACK
6
CONTINUOUS
10
161.3626299999999958
20
-55.5296859999999981
11
161.3274049999999988
21
-55.5824049999999943
0
LINE
8
BLACK
6
CONTINUOUS
10
161.3274049999999988
20
-55.5824049999999943
11
161.2746860000000027
21
-55.6176299999999983
0
LINE
8
BLACK
6
CONTINUOUS
10
161.2746860000000027
20
-55.6176299999999983
11
161.2125000000000057
21
-55.6299999999999955
0
LINE
8
BLACK
6
CONTINUOUS
10
161.2125000000000057
20
-55.6299999999999955
11
160.8874999999999886
21
-55.6299999999999955
0
LINE
8
BLACK
6
CONTINUOUS
10
160.8874999999999886
20
-55.6299999999999955
11
160.8253139999999917
21
-55.6176299999999983
0
LINE
8
BLACK
6
CONTINUOUS
10
160.8253139999999917
20
-55.6176299999999983
11
160.7725949999999955
21
-55.5824049999999943
0
LINE
8
BLACK
6
CONTINUOUS
10
160.7725949999999955
20
-55.5824049999999943
11
160.7373699999999985
21
-55.5296859999999981
0
LINE
8
BLACK
6
CONTINUOUS
10
160.7373699999999985
20
-55.5296859999999981
11
160.7249999999999943
21
-55.467499999999994
0
LINE
8
BLACK
6
CONTINUOUS
10
160.7249999999999943
20
-55.467499999999994
11
160.7249999999999943
21
-54.2324999999999946
0
LINE
8
BLACK
6
CONTINUOUS
10
160.7249999999999943
20
-54.2324999999999946
11
160.7373699999999985
21
-54.1703139999999976
0
LINE
8
BLACK
6
CONTINUOUS
10
160.7373699999999985
20
-54.1703139999999976
11
160.7725949999999955
21
-54.1175949999999943
0
LINE
8
BLACK
6
CONTINUOUS
10
160.7725949999999955
20
-54.1175949999999943
11
160.8253139999999917
21
-54.0823699999999974
0
LINE
8
BLACK
6
CONTINUOUS
10
160.8253139999999917
20
-54.0823699999999974
11
160.8874999999999886
21
-54.0700000000000003
0
LINE
8
BLACK
6
CONTINUOUS
10
160.8874999999999886
20
-54.0700000000000003
11
161.2125000000000057
21
-54.0700000000000003
0
LINE
8
BLACK
6
CONTINUOUS
10
161.2125000000000057
20
-54.0700000000000003
11
161.2746860000000027
21
-54.0823699999999974
0
LINE
8
BLACK
6
CONTINUOUS
10
163.1746859999999799
20
-54.0823699999999974
11
163.2274050000000045
21
-54.1175949999999943
0
LINE
8
BLACK
6
CONTINUOUS
10
163.2274050000000045
20
-54.1175949999999943
11
163.2626300000000015
21
-54.1703139999999976
0
LINE
8
BLACK
6
CONTINUOUS
10
163.2626300000000015
20
-54.1703139999999976
11
163.2750000000000057
21
-54.2324999999999946
0
LINE
8
BLACK
6
CONTINUOUS
10
163.2750000000000057
20
-54.2324999999999946
11
163.2750000000000057
21
-55.467499999999994
0
LINE
8
BLACK
6
CONTINUOUS
10
163.2750000000000057
20
-55.467499999999994
11
163.2626300000000015
21
-55.5296859999999981
0
LINE
8
BLACK
6
CONTINUOUS
10
163.2626300000000015
20
-55.5296859999999981
11
163.2274050000000045
21
-55.5824049999999943
0
LINE
8
BLACK
6
CONTINUOUS
10
163.2274050000000045
20
-55.5824049999999943
11
163.1746859999999799
21
-55.6176299999999983
0
LINE
8
BLACK
6
CONTINUOUS
10
163.1746859999999799
20
-55.6176299999999983
11
163.1124999999999829
21
-55.6299999999999955
0
LINE
8
BLACK
6
CONTINUOUS
10
163.1124999999999829
20
-55.6299999999999955
11
162.7874999999999943
21
-55.6299999999999955
0
LINE
8
BLACK
6
CONTINUOUS
10
162.7874999999999943
20
-55.6299999999999955
11
162.7253139999999973
21
-55.6176299999999983
0
LINE
8
BLACK
6
CONTINUOUS
10
162.7253139999999973
20
-55.6176299999999983
11
162.6725950000000012
21
-55.5824049999999943
0
LINE
8
BLACK
6
CONTINUOUS
10
162.6725950000000012
20
-55.5824049999999943
11
162.6373700000000042
21
-55.5296859999999981
0
LINE
8
BLACK
6
CONTINUOUS
10
162.6373700000000042
20
-55.5296859999999981
11
162.625
21
-55.467499999999994
0
LINE
8
BLACK
6
CONTINUOUS
10
162.625
20
-55.467499999999994
11
162.625
21
-54.2324999999999946
0
LINE
8
BLACK
6
CONTINUOUS
10
162.625
20
-54.2324999999999946
11
162.6373700000000042
21
-54.1703139999999976
0
LINE
8
BLACK
6
CONTINUOUS
10
162.6373700000000042
20
-54.1703139999999976
11
162.6725950000000012
21
-54.1175949999999943
0
LINE
8
BLACK
6
CONTINUOUS
10
162.6725950000000012
20
-54.1175949999999943
11
162.7253139999999973
21
-54.0823699999999974
0
LINE
8
BLACK
6
CONTINUOUS
10
162.7253139999999973
20
-54.0823699999999974
11
162.7874999999999943
21
-54.0700000000000003
0
LINE
8
BLACK
6
CONTINUOUS
10
162.7874999999999943
20
-54.0700000000000003
11
163.1124999999999829
21
-54.0700000000000003
0
LINE
8
BLACK
6
CONTINUOUS
10
163.1124999999999829
20
-54.0700000000000003
11
163.1746859999999799
21
-54.0823699999999974
0
LINE
8
BLACK
6
CONTINUOUS
10
143.8003870000000006
20
-53.8990790000000004
11
143.8774379999999837
21
-53.9505619999999979
0
LINE
8
BLACK
6
CONTINUOUS
10
143.8774379999999837
20
-53.9505619999999979
11
143.9289210000000026
21
-54.0276129999999952
0
LINE
8
BLACK
6
CONTINUOUS
10
143.9289210000000026
20
-54.0276129999999952
11
143.9470000000000027
21
-54.1184999999999974
0
LINE
8
BLACK
6
CONTINUOUS
10
143.9470000000000027
20
-54.1184999999999974
11
143.9470000000000027
21
-54.5934999999999988
0
LINE
8
BLACK
6
CONTINUOUS
10
143.9470000000000027
20
-54.5934999999999988
11
143.9289210000000026
21
-54.684387000000001
0
LINE
8
BLACK
6
CONTINUOUS
10
143.9289210000000026
20
-54.684387000000001
11
143.8774379999999837
21
-54.7614379999999983
0
LINE
8
BLACK
6
CONTINUOUS
10
143.8774379999999837
20
-54.7614379999999983
11
143.8003870000000006
21
-54.8129209999999958
0
LINE
8
BLACK
6
CONTINUOUS
10
143.8003870000000006
20
-54.8129209999999958
11
143.7094999999999914
21
-54.830999999999996
0
LINE
8
BLACK
6
CONTINUOUS
10
143.7094999999999914
20
-54.830999999999996
11
143.109499999999997
21
-54.830999999999996
0
LINE
8
BLACK
6
CONTINUOUS
10
143.109499999999997
20
-54.830999999999996
11
143.0186129999999878
21
-54.8129209999999958
0
LINE
8
BLACK
6
CONTINUOUS
10
143.0186129999999878
20
-54.8129209999999958
11
142.9415620000000047
21
-54.7614379999999983
0
LINE
8
BLACK
6
CONTINUOUS
10
142.9415620000000047
20
-54.7614379999999983
11
142.8900789999999859
21
-54.684387000000001
0
LINE
8
BLACK
6
CONTINUOUS
10
142.8900789999999859
20
-54.684387000000001
11
142.8719999999999857
21
-54.5934999999999988
0
LINE
8
BLACK
6
CONTINUOUS
10
142.8719999999999857
20
-54.5934999999999988
11
142.8719999999999857
21
-54.1184999999999974
0
LINE
8
BLACK
6
CONTINUOUS
10
142.8719999999999857
20
-54.1184999999999974
11
142.8900789999999859
21
-54.0276129999999952
0
LINE
8
BLACK
6
CONTINUOUS
10
142.8900789999999859
20
-54.0276129999999952
11
142.9415620000000047
21
-53.9505619999999979
0
LINE
8
BLACK
6
CONTINUOUS
10
142.9415620000000047
20
-53.9505619999999979
11
143.0186129999999878
21
-53.8990790000000004
0
LINE
8
BLACK
6
CONTINUOUS
10
143.0186129999999878
20
-53.8990790000000004
11
143.109499999999997
21
-53.8810000000000002
0
LINE
8
BLACK
6
CONTINUOUS
10
143.109499999999997
20
-53.8810000000000002
11
143.7094999999999914
21
-53.8810000000000002
0
LINE
8
BLACK
6
CONTINUOUS
10
143.7094999999999914
20
-53.8810000000000002
11
143.8003870000000006
21
-53.8990790000000004
0
LINE
8
BLACK
6
CONTINUOUS
10
145.5253869999999949
20
-53.8990790000000004
11
145.6024380000000065
21
-53.9505619999999979
0
LINE
8
BLACK
6
CONTINUOUS
10
145.6024380000000065
20
-53.9505619999999979
11
145.6539209999999969
21
-54.0276129999999952
0
LINE
8
BLACK
6
CONTINUOUS
10
145.6539209999999969
20
-54.0276129999999952
11
145.671999999999997
21
-54.1184999999999974
0
LINE
8
BLACK
6
CONTINUOUS
10
145.671999999999997
20
-54.1184999999999974
11
145.671999999999997
21
-54.5934999999999988
0
LINE
8
BLACK
6
CONTINUOUS
10
145.671999999999997
20
-54.5934999999999988
11
145.6539209999999969
21
-54.684387000000001
0
LINE
8
BLACK
6
CONTINUOUS
10
145.6539209999999969
20
-54.684387000000001
11
145.6024380000000065
21
-54.7614379999999983
0
LINE
8
BLACK
6
CONTINUOUS
10
145.6024380000000065
20
-54.7614379999999983
11
145.5253869999999949
21
-54.8129209999999958
0
LINE
8
BLACK
6
CONTINUOUS
10
145.5253869999999949
20
-54.8129209999999958
11
145.4344999999999857
21
-54.830999999999996
0
LINE
8
BLACK
6
CONTINUOUS
10
145.4344999999999857
20
-54.830999999999996
11
144.8344999999999914
21
-54.830999999999996
0
LINE
8
BLACK
6
CONTINUOUS
10
144.8344999999999914
20
-54.830999999999996
11
144.7436129999999821
21
-54.8129209999999958
0
LINE
8
BLACK
6
CONTINUOUS
10
144.7436129999999821
20
-54.8129209999999958
11
144.666561999999999
21
-54.7614379999999983
0
LINE
8
BLACK
6
CONTINUOUS
10
144.666561999999999
20
-54.7614379999999983
11
144.6150789999999802
21
-54.684387000000001
0
LINE
8
BLACK
6
CONTINUOUS
10
144.6150789999999802
20
-54.684387000000001
11
144.59699999999998
21
-54.5934999999999988
0
LINE
8
BLACK
6
CONTINUOUS
10
144.59699999999998
20
-54.5934999999999988
11
144.59699999999998
21
-54.1184999999999974
0
LINE
8
BLACK
6
CONTINUOUS
10
144.59699999999998
20
-54.1184999999999974
11
144.6150789999999802
21
-54.0276129999999952
0
LINE
8
BLACK
6
CONTINUOUS
10
144.6150789999999802
20
-54.0276129999999952
11
144.666561999999999
21
-53.9505619999999979
0
LINE
8
BLACK
6
CONTINUOUS
10
144.666561999999999
20
-53.9505619999999979
11
144.7436129999999821
21
-53.8990790000000004
0
LINE
8
BLACK
6
CONTINUOUS
10
144.7436129999999821
20
-53.8990790000000004
11
144.8344999999999914
21
-53.8810000000000002
0
LINE
8
BLACK
6
CONTINUOUS
10
144.8344999999999914
20
-53.8810000000000002
11
145.4344999999999857
21
-53.8810000000000002
0
LINE
8
BLACK
6
CONTINUOUS
10
145.4344999999999857
20
-53.8810000000000002
11
145.5253869999999949
21
-53.8990790000000004
0
LINE
8
BLACK
6
CONTINUOUS
10
147.5283869999999808
20
-52.5430789999999988
11
147.6054379999999924
21
-52.5945619999999963
0
LINE
8
BLACK
6
CONTINUOUS
10
147.6054379999999924
20
-52.5945619999999963
11
147.6569209999999828
21
-52.6716130000000007
0
LINE
8
BLACK
6
CONTINUOUS
10
147.6569209999999828
20
-52.6716130000000007
11
147.6749999999999829
21
-52.7624999999999957
0
LINE
8
BLACK
6
CONTINUOUS
10
147.6749999999999829
20
-52.7624999999999957
11
147.6749999999999829
21
-53.2374999999999972
0
LINE
8
BLACK
6
CONTINUOUS
10
147.6749999999999829
20
-53.2374999999999972
11
147.6569209999999828
21
-53.3283869999999993
0
LINE
8
BLACK
6
CONTINUOUS
10
147.6569209999999828
20
-53.3283869999999993
11
147.6054379999999924
21
-53.4054379999999966
0
LINE
8
BLACK
6
CONTINUOUS
10
147.6054379999999924
20
-53.4054379999999966
11
147.5283869999999808
21
-53.4569209999999941
0
LINE
8
BLACK
6
CONTINUOUS
10
147.5283869999999808
20
-53.4569209999999941
11
147.4375
21
-53.4749999999999943
0
LINE
8
BLACK
6
CONTINUOUS
10
147.4375
20
-53.4749999999999943
11
146.9375
21
-53.4749999999999943
0
LINE
8
BLACK
6
CONTINUOUS
10
146.9375
20
-53.4749999999999943
11
146.8466129999999907
21
-53.4569209999999941
0
LINE
8
BLACK
6
CONTINUOUS
10
146.8466129999999907
20
-53.4569209999999941
11
146.7695619999999792
21
-53.4054379999999966
0
LINE
8
BLACK
6
CONTINUOUS
10
146.7695619999999792
20
-53.4054379999999966
11
146.7180789999999888
21
-53.3283869999999993
0
LINE
8
BLACK
6
CONTINUOUS
10
146.7180789999999888
20
-53.3283869999999993
11
146.6999999999999886
21
-53.2374999999999972
0
LINE
8
BLACK
6
CONTINUOUS
10
146.6999999999999886
20
-53.2374999999999972
11
146.6999999999999886
21
-52.7624999999999957
0
LINE
8
BLACK
6
CONTINUOUS
10
146.6999999999999886
20
-52.7624999999999957
11
146.7180789999999888
21
-52.6716130000000007
0
LINE
8
BLACK
6
CONTINUOUS
10
146.7180789999999888
20
-52.6716130000000007
11
146.7695619999999792
21
-52.5945619999999963
0
LINE
8
BLACK
6
CONTINUOUS
10
146.7695619999999792
20
-52.5945619999999963
11
146.8466129999999907
21
-52.5430789999999988
0
LINE
8
BLACK
6
CONTINUOUS
10
146.8466129999999907
20
-52.5430789999999988
11
146.9375
21
-52.5249999999999986
0
LINE
8
BLACK
6
CONTINUOUS
10
146.9375
20
-52.5249999999999986
11
147.4375
21
-52.5249999999999986
0
LINE
8
BLACK
6
CONTINUOUS
10
147.4375
20
-52.5249999999999986
11
147.5283869999999808
21
-52.5430789999999988
0
LINE
8
BLACK
6
CONTINUOUS
10
149.3533869999999979
20
-52.5430789999999988
11
149.430437999999981
21
-52.5945619999999963
0
LINE
8
BLACK
6
CONTINUOUS
10
149.430437999999981
20
-52.5945619999999963
11
149.4819209999999998
21
-52.6716130000000007
0
LINE
8
BLACK
6
CONTINUOUS
10
149.4819209999999998
20
-52.6716130000000007
11
149.5
21
-52.7624999999999957
0
LINE
8
BLACK
6
CONTINUOUS
10
149.5
20
-52.7624999999999957
11
149.5
21
-53.2374999999999972
0
LINE
8
BLACK
6
CONTINUOUS
10
149.5
20
-53.2374999999999972
11
149.4819209999999998
21
-53.3283869999999993
0
LINE
8
BLACK
6
CONTINUOUS
10
149.4819209999999998
20
-53.3283869999999993
11
149.430437999999981
21
-53.4054379999999966
0
LINE
8
BLACK
6
CONTINUOUS
10
149.430437999999981
20
-53.4054379999999966
11
149.3533869999999979
21
-53.4569209999999941
0
LINE
8
BLACK
6
CONTINUOUS
10
149.3533869999999979
20
-53.4569209999999941
11
149.2624999999999886
21
-53.4749999999999943
0
LINE
8
BLACK
6
CONTINUOUS
10
149.2624999999999886
20
-53.4749999999999943
11
148.7624999999999886
21
-53.4749999999999943
0
LINE
8
BLACK
6
CONTINUOUS
10
148.7624999999999886
20
-53.4749999999999943
11
148.6716129999999794
21
-53.4569209999999941
0
LINE
8
BLACK
6
CONTINUOUS
10
148.6716129999999794
20
-53.4569209999999941
11
148.5945619999999963
21
-53.4054379999999966
0
LINE
8
BLACK
6
CONTINUOUS
10
148.5945619999999963
20
-53.4054379999999966
11
148.5430790000000059
21
-53.3283869999999993
0
LINE
8
BLACK
6
CONTINUOUS
10
148.5430790000000059
20
-53.3283869999999993
11
148.5250000000000057
21
-53.2374999999999972
0
LINE
8
BLACK
6
CONTINUOUS
10
148.5250000000000057
20
-53.2374999999999972
11
148.5250000000000057
21
-52.7624999999999957
0
LINE
8
BLACK
6
CONTINUOUS
10
148.5250000000000057
20
-52.7624999999999957
11
148.5430790000000059
21
-52.6716130000000007
0
LINE
8
BLACK
6
CONTINUOUS
10
148.5430790000000059
20
-52.6716130000000007
11
148.5945619999999963
21
-52.5945619999999963
0
LINE
8
BLACK
6
CONTINUOUS
10
148.5945619999999963
20
-52.5945619999999963
11
148.6716129999999794
21
-52.5430789999999988
0
LINE
8
BLACK
6
CONTINUOUS
10
148.6716129999999794
20
-52.5430789999999988
11
148.7624999999999886
21
-52.5249999999999986
0
LINE
8
BLACK
6
CONTINUOUS
10
148.7624999999999886
20
-52.5249999999999986
11
149.2624999999999886
21
-52.5249999999999986
0
LINE
8
BLACK
6
CONTINUOUS
10
149.2624999999999886
20
-52.5249999999999986
11
149.3533869999999979
21
-52.5430789999999988
0
LINE
8
BLACK
6
CONTINUOUS
10
158.1283870000000036
20
-52.5430789999999988
11
158.2054379999999867
21
-52.5945619999999963
0
LINE
8
BLACK
6
CONTINUOUS
10
158.2054379999999867
20
-52.5945619999999963
11
158.2569210000000055
21
-52.6716130000000007
0
LINE
8
BLACK
6
CONTINUOUS
10
158.2569210000000055
20
-52.6716130000000007
11
158.2750000000000057
21
-52.7624999999999957
0
LINE
8
BLACK
6
CONTINUOUS
10
158.2750000000000057
20
-52.7624999999999957
11
158.2750000000000057
21
-53.2374999999999972
0
LINE
8
BLACK
6
CONTINUOUS
10
158.2750000000000057
20
-53.2374999999999972
11
158.2569210000000055
21
-53.3283869999999993
0
LINE
8
BLACK
6
CONTINUOUS
10
158.2569210000000055
20
-53.3283869999999993
11
158.2054379999999867
21
-53.4054379999999966
0
LINE
8
BLACK
6
CONTINUOUS
10
158.2054379999999867
20
-53.4054379999999966
11
158.1283870000000036
21
-53.4569209999999941
0
LINE
8
BLACK
6
CONTINUOUS
10
158.1283870000000036
20
-53.4569209999999941
11
158.0374999999999943
21
-53.4749999999999943
0
LINE
8
BLACK
6
CONTINUOUS
10
158.0374999999999943
20
-53.4749999999999943
11
157.4375
21
-53.4749999999999943
0
LINE
8
BLACK
6
CONTINUOUS
10
157.4375
20
-53.4749999999999943
11
157.3466129999999907
21
-53.4569209999999941
0
LINE
8
BLACK
6
CONTINUOUS
10
157.3466129999999907
20
-53.4569209999999941
11
157.2695619999999792
21
-53.4054379999999966
0
LINE
8
BLACK
6
CONTINUOUS
10
157.2695619999999792
20
-53.4054379999999966
11
157.2180789999999888
21
-53.3283869999999993
0
LINE
8
BLACK
6
CONTINUOUS
10
157.2180789999999888
20
-53.3283869999999993
11
157.1999999999999886
21
-53.2374999999999972
0
LINE
8
BLACK
6
CONTINUOUS
10
157.1999999999999886
20
-53.2374999999999972
11
157.1999999999999886
21
-52.7624999999999957
0
LINE
8
BLACK
6
CONTINUOUS
10
157.1999999999999886
20
-52.7624999999999957
11
157.2180789999999888
21
-52.6716130000000007
0
LINE
8
BLACK
6
CONTINUOUS
10
157.2180789999999888
20
-52.6716130000000007
11
157.2695619999999792
21
-52.5945619999999963
0
LINE
8
BLACK
6
CONTINUOUS
10
157.2695619999999792
20
-52.5945619999999963
11
157.3466129999999907
21
-52.5430789999999988
0
LINE
8
BLACK
6
CONTINUOUS
10
157.3466129999999907
20
-52.5430789999999988
11
157.4375
21
-52.5249999999999986
0
LINE
8
BLACK
6
CONTINUOUS
10
157.4375
20
-52.5249999999999986
11
158.0374999999999943
21
-52.5249999999999986
0
LINE
8
BLACK
6
CONTINUOUS
10
158.0374999999999943
20
-52.5249999999999986
11
158.1283870000000036
21
-52.5430789999999988
0
LINE
8
BLACK
6
CONTINUOUS
10
159.8533869999999979
20
-52.5430789999999988
11
159.930437999999981
21
-52.5945619999999963
0
LINE
8
BLACK
6
CONTINUOUS
10
159.930437999999981
20
-52.5945619999999963
11
159.9819209999999998
21
-52.6716130000000007
0
LINE
8
BLACK
6
CONTINUOUS
10
159.9819209999999998
20
-52.6716130000000007
11
160.
21
-52.7624999999999957
0
LINE
8
BLACK
6
CONTINUOUS
10
160.
20
-52.7624999999999957
11
160.
21
-53.2374999999999972
0
LINE
8
BLACK
6
CONTINUOUS
10
160.
20
-53.2374999999999972
11
159.9819209999999998
21
-53.3283869999999993
0
LINE
8
BLACK
6
CONTINUOUS
10
159.9819209999999998
20
-53.3283869999999993
11
159.930437999999981
21
-53.4054379999999966
0
LINE
8
BLACK
6
CONTINUOUS
10
159.930437999999981
20
-53.4054379999999966
11
159.8533869999999979
21
-53.4569209999999941
0
LINE
8
BLACK
6
CONTINUOUS
10
159.8533869999999979
20
-53.4569209999999941
11
159.7624999999999886
21
-53.4749999999999943
0
LINE
8
BLACK
6
CONTINUOUS
10
159.7624999999999886
20
-53.4749999999999943
11
159.1624999999999943
21
-53.4749999999999943
0
LINE
8
BLACK
6
CONTINUOUS
10
159.1624999999999943
20
-53.4749999999999943
11
159.071612999999985
21
-53.4569209999999941
0
LINE
8
BLACK
6
CONTINUOUS
10
159.071612999999985
20
-53.4569209999999941
11
158.9945620000000019
21
-53.4054379999999966
0
LINE
8
BLACK
6
CONTINUOUS
10
158.9945620000000019
20
-53.4054379999999966
11
158.9430789999999831
21
-53.3283869999999993
0
LINE
8
BLACK
6
CONTINUOUS
10
158.9430789999999831
20
-53.3283869999999993
11
158.9249999999999829
21
-53.2374999999999972
0
LINE
8
BLACK
6
CONTINUOUS
10
158.9249999999999829
20
-53.2374999999999972
11
158.9249999999999829
21
-52.7624999999999957
0
LINE
8
BLACK
6
CONTINUOUS
10
158.9249999999999829
20
-52.7624999999999957
11
158.9430789999999831
21
-52.6716130000000007
0
LINE
8
BLACK
6
CONTINUOUS
10
158.9430789999999831
20
-52.6716130000000007
11
158.9945620000000019
21
-52.5945619999999963
0
LINE
8
BLACK
6
CONTINUOUS
10
158.9945620000000019
20
-52.5945619999999963
11
159.071612999999985
21
-52.5430789999999988
0
LINE
8
BLACK
6
CONTINUOUS
10
159.071612999999985
20
-52.5430789999999988
11
159.1624999999999943
21
-52.5249999999999986
0
LINE
8
BLACK
6
CONTINUOUS
10
159.1624999999999943
20
-52.5249999999999986
11
159.7624999999999886
21
-52.5249999999999986
0
LINE
8
BLACK
6
CONTINUOUS
10
159.7624999999999886
20
-52.5249999999999986
11
159.8533869999999979
21
-52.5430789999999988
0
LINE
8
BLACK
6
CONTINUOUS
10
161.4283869999999865
20
-52.5430789999999988
11
161.5054379999999981
21
-52.5945619999999963
0
LINE
8
BLACK
6
CONTINUOUS
10
161.5054379999999981
20
-52.5945619999999963
11
161.5569209999999885
21
-52.6716130000000007
0
LINE
8
BLACK
6
CONTINUOUS
10
161.5569209999999885
20
-52.6716130000000007
11
161.5749999999999886
21
-52.7624999999999957
0
LINE
8
BLACK
6
CONTINUOUS
10
161.5749999999999886
20
-52.7624999999999957
11
161.5749999999999886
21
-53.2374999999999972
0
LINE
8
BLACK
6
CONTINUOUS
10
161.5749999999999886
20
-53.2374999999999972
11
161.5569209999999885
21
-53.3283869999999993
0
LINE
8
BLACK
6
CONTINUOUS
10
161.5569209999999885
20
-53.3283869999999993
11
161.5054379999999981
21
-53.4054379999999966
0
LINE
8
BLACK
6
CONTINUOUS
10
161.5054379999999981
20
-53.4054379999999966
11
161.4283869999999865
21
-53.4569209999999941
0
LINE
8
BLACK
6
CONTINUOUS
10
161.4283869999999865
20
-53.4569209999999941
11
161.3375000000000057
21
-53.4749999999999943
0
LINE
8
BLACK
6
CONTINUOUS
10
161.3375000000000057
20
-53.4749999999999943
11
160.8375000000000057
21
-53.4749999999999943
0
LINE
8
BLACK
6
CONTINUOUS
10
160.8375000000000057
20
-53.4749999999999943
11
160.7466129999999964
21
-53.4569209999999941
0
LINE
8
BLACK
6
CONTINUOUS
10
160.7466129999999964
20
-53.4569209999999941
11
160.6695619999999849
21
-53.4054379999999966
0
LINE
8
BLACK
6
CONTINUOUS
10
160.6695619999999849
20
-53.4054379999999966
11
160.6180789999999945
21
-53.3283869999999993
0
LINE
8
BLACK
6
CONTINUOUS
10
160.6180789999999945
20
-53.3283869999999993
11
160.5999999999999943
21
-53.2374999999999972
0
LINE
8
BLACK
6
CONTINUOUS
10
160.5999999999999943
20
-53.2374999999999972
11
160.5999999999999943
21
-52.7624999999999957
0
LINE
8
BLACK
6
CONTINUOUS
10
160.5999999999999943
20
-52.7624999999999957
11
160.6180789999999945
21
-52.6716130000000007
0
LINE
8
BLACK
6
CONTINUOUS
10
160.6180789999999945
20
-52.6716130000000007
11
160.6695619999999849
21
-52.5945619999999963
0
LINE
8
BLACK
6
CONTINUOUS
10
160.6695619999999849
20
-52.5945619999999963
11
160.7466129999999964
21
-52.5430789999999988
0
LINE
8
BLACK
6
CONTINUOUS
10
160.7466129999999964
20
-52.5430789999999988
11
160.8375000000000057
21
-52.5249999999999986
0
LINE
8
BLACK
6
CONTINUOUS
10
160.8375000000000057
20
-52.5249999999999986
11
161.3375000000000057
21
-52.5249999999999986
0
LINE
8
BLACK
6
CONTINUOUS
10
161.3375000000000057
20
-52.5249999999999986
11
161.4283869999999865
21
-52.5430789999999988
0
LINE
8
BLACK
6
CONTINUOUS
10
163.2533870000000036
20
-52.5430789999999988
11
163.3304379999999867
21
-52.5945619999999963
0
LINE
8
BLACK
6
CONTINUOUS
10
163.3304379999999867
20
-52.5945619999999963
11
163.3819210000000055
21
-52.6716130000000007
0
LINE
8
BLACK
6
CONTINUOUS
10
163.3819210000000055
20
-52.6716130000000007
11
163.4000000000000057
21
-52.7624999999999957
0
LINE
8
BLACK
6
CONTINUOUS
10
163.4000000000000057
20
-52.7624999999999957
11
163.4000000000000057
21
-53.2374999999999972
0
LINE
8
BLACK
6
CONTINUOUS
10
163.4000000000000057
20
-53.2374999999999972
11
163.3819210000000055
21
-53.3283869999999993
0
LINE
8
BLACK
6
CONTINUOUS
10
163.3819210000000055
20
-53.3283869999999993
11
163.3304379999999867
21
-53.4054379999999966
0
LINE
8
BLACK
6
CONTINUOUS
10
163.3304379999999867
20
-53.4054379999999966
11
163.2533870000000036
21
-53.4569209999999941
0
LINE
8
BLACK
6
CONTINUOUS
10
163.2533870000000036
20
-53.4569209999999941
11
163.1624999999999943
21
-53.4749999999999943
0
LINE
8
BLACK
6
CONTINUOUS
10
163.1624999999999943
20
-53.4749999999999943
11
162.6624999999999943
21
-53.4749999999999943
0
LINE
8
BLACK
6
CONTINUOUS
10
162.6624999999999943
20
-53.4749999999999943
11
162.571612999999985
21
-53.4569209999999941
0
LINE
8
BLACK
6
CONTINUOUS
10
162.571612999999985
20
-53.4569209999999941
11
162.4945620000000019
21
-53.4054379999999966
0
LINE
8
BLACK
6
CONTINUOUS
10
162.4945620000000019
20
-53.4054379999999966
11
162.4430789999999831
21
-53.3283869999999993
0
LINE
8
BLACK
6
CONTINUOUS
10
162.4430789999999831
20
-53.3283869999999993
11
162.4249999999999829
21
-53.2374999999999972
0
LINE
8
BLACK
6
CONTINUOUS
10
162.4249999999999829
20
-53.2374999999999972
11
162.4249999999999829
21
-52.7624999999999957
0
LINE
8
BLACK
6
CONTINUOUS
10
162.4249999999999829
20
-52.7624999999999957
11
162.4430789999999831
21
-52.6716130000000007
0
LINE
8
BLACK
6
CONTINUOUS
10
162.4430789999999831
20
-52.6716130000000007
11
162.4945620000000019
21
-52.5945619999999963
0
LINE
8
BLACK
6
CONTINUOUS
10
162.4945620000000019
20
-52.5945619999999963
11
162.571612999999985
21
-52.5430789999999988
0
LINE
8
BLACK
6
CONTINUOUS
10
162.571612999999985
20
-52.5430789999999988
11
162.6624999999999943
21
-52.5249999999999986
0
LINE
8
BLACK
6
CONTINUOUS
10
162.6624999999999943
20
-52.5249999999999986
11
163.1624999999999943
21
-52.5249999999999986
0
LINE
8
BLACK
6
CONTINUOUS
10
163.1624999999999943
20
-52.5249999999999986
11
163.2533870000000036
21
-52.5430789999999988
0
LINE
8
BLACK
6
CONTINUOUS
10
150.7783869999999808
20
-49.0430789999999988
11
150.8554379999999924
21
-49.0945619999999963
0
LINE
8
BLACK
6
CONTINUOUS
10
150.8554379999999924
20
-49.0945619999999963
11
150.9069209999999828
21
-49.1716130000000007
0
LINE
8
BLACK
6
CONTINUOUS
10
150.9069209999999828
20
-49.1716130000000007
11
150.9249999999999829
21
-49.2624999999999957
0
LINE
8
BLACK
6
CONTINUOUS
10
150.9249999999999829
20
-49.2624999999999957
11
150.9249999999999829
21
-49.7374999999999972
0
LINE
8
BLACK
6
CONTINUOUS
10
150.9249999999999829
20
-49.7374999999999972
11
150.9069209999999828
21
-49.8283869999999993
0
LINE
8
BLACK
6
CONTINUOUS
10
150.9069209999999828
20
-49.8283869999999993
11
150.8554379999999924
21
-49.9054379999999966
0
LINE
8
BLACK
6
CONTINUOUS
10
150.8554379999999924
20
-49.9054379999999966
11
150.7783869999999808
21
-49.9569210000000012
0
LINE
8
BLACK
6
CONTINUOUS
10
150.7783869999999808
20
-49.9569210000000012
11
150.6875
21
-49.9749999999999943
0
LINE
8
BLACK
6
CONTINUOUS
10
150.6875
20
-49.9749999999999943
11
150.0875000000000057
21
-49.9749999999999943
0
LINE
8
BLACK
6
CONTINUOUS
10
150.0875000000000057
20
-49.9749999999999943
11
149.9966129999999964
21
-49.9569210000000012
0
LINE
8
BLACK
6
CONTINUOUS
10
149.9966129999999964
20
-49.9569210000000012
11
149.9195619999999849
21
-49.9054379999999966
0
LINE
8
BLACK
6
CONTINUOUS
10
149.9195619999999849
20
-49.9054379999999966
11
149.8680789999999945
21
-49.8283869999999993
0
LINE
8
BLACK
6
CONTINUOUS
10
149.8680789999999945
20
-49.8283869999999993
11
149.8499999999999943
21
-49.7374999999999972
0
LINE
8
BLACK
6
CONTINUOUS
10
149.8499999999999943
20
-49.7374999999999972
11
149.8499999999999943
21
-49.2624999999999957
0
LINE
8
BLACK
6
CONTINUOUS
10
149.8499999999999943
20
-49.2624999999999957
11
149.8680789999999945
21
-49.1716130000000007
0
LINE
8
BLACK
6
CONTINUOUS
10
149.8680789999999945
20
-49.1716130000000007
11
149.9195619999999849
21
-49.0945619999999963
0
LINE
8
BLACK
6
CONTINUOUS
10
149.9195619999999849
20
-49.0945619999999963
11
149.9966129999999964
21
-49.0430789999999988
0
LINE
8
BLACK
6
CONTINUOUS
10
149.9966129999999964
20
-49.0430789999999988
11
150.0875000000000057
21
-49.0249999999999986
0
LINE
8
BLACK
6
CONTINUOUS
10
150.0875000000000057
20
-49.0249999999999986
11
150.6875
21
-49.0249999999999986
0
LINE
8
BLACK
6
CONTINUOUS
10
150.6875
20
-49.0249999999999986
11
150.7783869999999808
21
-49.0430789999999988
0
LINE
8
BLACK
6
CONTINUOUS
10
152.5033870000000036
20
-49.0430789999999988
11
152.5804379999999867
21
-49.0945619999999963
0
LINE
8
BLACK
6
CONTINUOUS
10
152.5804379999999867
20
-49.0945619999999963
11
152.6319210000000055
21
-49.1716130000000007
0
LINE
8
BLACK
6
CONTINUOUS
10
152.6319210000000055
20
-49.1716130000000007
11
152.6500000000000057
21
-49.2624999999999957
0
LINE
8
BLACK
6
CONTINUOUS
10
152.6500000000000057
20
-49.2624999999999957
11
152.6500000000000057
21
-49.7374999999999972
0
LINE
8
BLACK
6
CONTINUOUS
10
152.6500000000000057
20
-49.7374999999999972
11
152.6319210000000055
21
-49.8283869999999993
0
LINE
8
BLACK
6
CONTINUOUS
10
152.6319210000000055
20
-49.8283869999999993
11
152.5804379999999867
21
-49.9054379999999966
0
LINE
8
BLACK
6
CONTINUOUS
10
152.5804379999999867
20
-49.9054379999999966
11
152.5033870000000036
21
-49.9569210000000012
0
LINE
8
BLACK
6
CONTINUOUS
10
152.5033870000000036
20
-49.9569210000000012
11
152.4124999999999943
21
-49.9749999999999943
0
LINE
8
BLACK
6
CONTINUOUS
10
152.4124999999999943
20
-49.9749999999999943
11
151.8125
21
-49.9749999999999943
0
LINE
8
BLACK
6
CONTINUOUS
10
151.8125
20
-49.9749999999999943
11
151.7216129999999907
21
-49.9569210000000012
0
LINE
8
BLACK
6
CONTINUOUS
10
151.7216129999999907
20
-49.9569210000000012
11
151.6445619999999792
21
-49.9054379999999966
0
LINE
8
BLACK
6
CONTINUOUS
10
151.6445619999999792
20
-49.9054379999999966
11
151.5930789999999888
21
-49.8283869999999993
0
LINE
8
BLACK
6
CONTINUOUS
10
151.5930789999999888
20
-49.8283869999999993
11
151.5749999999999886
21
-49.7374999999999972
0
LINE
8
BLACK
6
CONTINUOUS
10
151.5749999999999886
20
-49.7374999999999972
11
151.5749999999999886
21
-49.2624999999999957
0
LINE
8
BLACK
6
CONTINUOUS
10
151.5749999999999886
20
-49.2624999999999957
11
151.5930789999999888
21
-49.1716130000000007
0
LINE
8
BLACK
6
CONTINUOUS
10
151.5930789999999888
20
-49.1716130000000007
11
151.6445619999999792
21
-49.0945619999999963
0
LINE
8
BLACK
6
CONTINUOUS
10
151.6445619999999792
20
-49.0945619999999963
11
151.7216129999999907
21
-49.0430789999999988
0
LINE
8
BLACK
6
CONTINUOUS
10
151.7216129999999907
20
-49.0430789999999988
11
151.8125
21
-49.0249999999999986
0
LINE
8
BLACK
6
CONTINUOUS
10
151.8125
20
-49.0249999999999986
11
152.4124999999999943
21
-49.0249999999999986
0
LINE
8
BLACK
6
CONTINUOUS
10
152.4124999999999943
20
-49.0249999999999986
11
152.5033870000000036
21
-49.0430789999999988
0
LINE
8
BLACK
6
CONTINUOUS
10
149.782447999999988
20
-39.1374459999999971
11
150.1941129999999873
21
-39.1948709999999991
0
LINE
8
BLACK
6
CONTINUOUS
10
150.1941129999999873
20
-39.1948709999999991
11
150.5987230000000068
21
-39.290034999999996
0
LINE
8
BLACK
6
CONTINUOUS
10
150.5987230000000068
20
-39.290034999999996
11
150.9928270000000055
21
-39.4221250000000012
0
LINE
8
BLACK
6
CONTINUOUS
10
150.9928270000000055
20
-39.4221250000000012
11
151.3730630000000019
21
-39.5900150000000011
0
LINE
8
BLACK
6
CONTINUOUS
10
151.3730630000000019
20
-39.5900150000000011
11
151.7361850000000061
21
-39.7922730000000016
0
LINE
8
BLACK
6
CONTINUOUS
10
151.7361850000000061
20
-39.7922730000000016
11
152.0790959999999927
21
-40.0271720000000002
0
LINE
8
BLACK
6
CONTINUOUS
10
152.0790959999999927
20
-40.0271720000000002
11
152.3988699999999881
21
-40.2927099999999996
0
LINE
8
BLACK
6
CONTINUOUS
10
152.3988699999999881
20
-40.2927099999999996
11
152.6927799999999991
21
-40.5866199999999964
0
LINE
8
BLACK
6
CONTINUOUS
10
152.6927799999999991
20
-40.5866199999999964
11
152.9583179999999913
21
-40.9063939999999988
0
LINE
8
BLACK
6
CONTINUOUS
10
152.9583179999999913
20
-40.9063939999999988
11
153.1932170000000042
21
-41.2493049999999997
0
LINE
8
BLACK
6
CONTINUOUS
10
153.1932170000000042
20
-41.2493049999999997
11
153.3954750000000047
21
-41.6124269999999967
0
LINE
8
BLACK
6
CONTINUOUS
10
153.3954750000000047
20
-41.6124269999999967
11
153.5633650000000046
21
-41.9926630000000003
0
LINE
8
BLACK
6
CONTINUOUS
10
153.5633650000000046
20
-41.9926630000000003
11
153.6954549999999813
21
-42.386766999999999
0
LINE
8
BLACK
6
CONTINUOUS
10
153.6954549999999813
20
-42.386766999999999
11
153.7906189999999924
21
-42.7913769999999971
0
LINE
8
BLACK
6
CONTINUOUS
10
153.7906189999999924
20
-42.7913769999999971
11
153.8480439999999874
21
-43.2030419999999964
0
LINE
8
BLACK
6
CONTINUOUS
10
153.8480439999999874
20
-43.2030419999999964
11
153.8672399999999811
21
-43.6182499999999962
0
LINE
8
BLACK
6
CONTINUOUS
10
153.8672399999999811
20
-43.6182499999999962
11
153.8480439999999874
21
-44.033457999999996
0
LINE
8
BLACK
6
CONTINUOUS
10
153.8480439999999874
20
-44.033457999999996
11
153.7906189999999924
21
-44.4451229999999953
0
LINE
8
BLACK
6
CONTINUOUS
10
153.7906189999999924
20
-44.4451229999999953
11
153.6954549999999813
21
-44.8497330000000005
0
LINE
8
BLACK
6
CONTINUOUS
10
153.6954549999999813
20
-44.8497330000000005
11
153.5633650000000046
21
-45.2438369999999992
0
LINE
8
BLACK
6
CONTINUOUS
10
153.5633650000000046
20
-45.2438369999999992
11
153.3954750000000047
21
-45.6240729999999957
0
LINE
8
BLACK
6
CONTINUOUS
10
153.3954750000000047
20
-45.6240729999999957
11
153.1932170000000042
21
-45.9871949999999998
0
LINE
8
BLACK
6
CONTINUOUS
10
153.1932170000000042
20
-45.9871949999999998
11
152.9583179999999913
21
-46.3301060000000007
0
LINE
8
BLACK
6
CONTINUOUS
10
152.9583179999999913
20
-46.3301060000000007
11
152.6927799999999991
21
-46.649879999999996
0
LINE
8
BLACK
6
CONTINUOUS
10
152.6927799999999991
20
-46.649879999999996
11
152.3988699999999881
21
-46.9437899999999999
0
LINE
8
BLACK
6
CONTINUOUS
10
152.3988699999999881
20
-46.9437899999999999
11
152.0790959999999927
21
-47.2093279999999993
0
LINE
8
BLACK
6
CONTINUOUS
10
152.0790959999999927
20
-47.2093279999999993
11
151.7361850000000061
21
-47.4442269999999979
0
LINE
8
BLACK
6
CONTINUOUS
10
151.7361850000000061
20
-47.4442269999999979
11
151.3730630000000019
21
-47.6464849999999984
0
LINE
8
BLACK
6
CONTINUOUS
10
151.3730630000000019
20
-47.6464849999999984
11
150.9928270000000055
21
-47.8143749999999983
0
LINE
8
BLACK
6
CONTINUOUS
10
150.9928270000000055
20
-47.8143749999999983
11
150.5987230000000068
21
-47.9464649999999963
0
LINE
8
BLACK
6
CONTINUOUS
10
150.5987230000000068
20
-47.9464649999999963
11
150.1941129999999873
21
-48.0416290000000004
0
LINE
8
BLACK
6
CONTINUOUS
10
150.1941129999999873
20
-48.0416290000000004
11
149.782447999999988
21
-48.0990539999999953
0
LINE
8
BLACK
6
CONTINUOUS
10
149.782447999999988
20
-48.0990539999999953
11
149.3672399999999811
21
-48.1182499999999962
0
LINE
8
BLACK
6
CONTINUOUS
10
149.3672399999999811
20
-48.1182499999999962
11
148.9520320000000027
21
-48.0990539999999953
0
LINE
8
BLACK
6
CONTINUOUS
10
148.9520320000000027
20
-48.0990539999999953
11
148.5403670000000034
21
-48.0416290000000004
0
LINE
8
BLACK
6
CONTINUOUS
10
148.5403670000000034
20
-48.0416290000000004
11
148.1357569999999839
21
-47.9464649999999963
0
LINE
8
BLACK
6
CONTINUOUS
10
148.1357569999999839
20
-47.9464649999999963
11
147.7416529999999852
21
-47.8143749999999983
0
LINE
8
BLACK
6
CONTINUOUS
10
147.7416529999999852
20
-47.8143749999999983
11
147.3614169999999888
21
-47.6464849999999984
0
LINE
8
BLACK
6
CONTINUOUS
10
147.3614169999999888
20
-47.6464849999999984
11
146.9982949999999846
21
-47.4442269999999979
0
LINE
8
BLACK
6
CONTINUOUS
10
146.9982949999999846
20
-47.4442269999999979
11
146.655383999999998
21
-47.2093279999999993
0
LINE
8
BLACK
6
CONTINUOUS
10
146.655383999999998
20
-47.2093279999999993
11
146.3356100000000026
21
-46.9437899999999999
0
LINE
8
BLACK
6
CONTINUOUS
10
146.3356100000000026
20
-46.9437899999999999
11
146.0416999999999916
21
-46.649879999999996
0
LINE
8
BLACK
6
CONTINUOUS
10
146.0416999999999916
20
-46.649879999999996
11
145.7761619999999994
21
-46.3301060000000007
0
LINE
8
BLACK
6
CONTINUOUS
10
145.7761619999999994
20
-46.3301060000000007
11
145.5412629999999865
21
-45.9871949999999998
0
LINE
8
BLACK
6
CONTINUOUS
10
145.5412629999999865
20
-45.9871949999999998
11
145.339004999999986
21
-45.6240729999999957
0
LINE
8
BLACK
6
CONTINUOUS
10
145.339004999999986
20
-45.6240729999999957
11
145.1711149999999861
21
-45.2438369999999992
0
LINE
8
BLACK
6
CONTINUOUS
10
145.1711149999999861
20
-45.2438369999999992
11
145.039024999999981
21
-44.8497330000000005
0
LINE
8
BLACK
6
CONTINUOUS
10
145.039024999999981
20
-44.8497330000000005
11
144.9438609999999983
21
-44.4451229999999953
0
LINE
8
BLACK
6
CONTINUOUS
10
144.9438609999999983
20
-44.4451229999999953
11
144.8864360000000033
21
-44.033457999999996
0
LINE
8
BLACK
6
CONTINUOUS
10
144.8864360000000033
20
-44.033457999999996
11
144.8672399999999811
21
-43.6182499999999962
0
LINE
8
BLACK
6
CONTINUOUS
10
144.8672399999999811
20
-43.6182499999999962
11
144.8864360000000033
21
-43.2030419999999964
0
LINE
8
BLACK
6
CONTINUOUS
10
144.8864360000000033
20
-43.2030419999999964
11
144.9438609999999983
21
-42.7913769999999971
0
LINE
8
BLACK
6
CONTINUOUS
10
144.9438609999999983
20
-42.7913769999999971
11
145.039024999999981
21
-42.386766999999999
0
LINE
8
BLACK
6
CONTINUOUS
10
145.039024999999981
20
-42.386766999999999
11
145.1711149999999861
21
-41.9926630000000003
0
LINE
8
BLACK
6
CONTINUOUS
10
145.1711149999999861
20
-41.9926630000000003
11
145.339004999999986
21
-41.6124269999999967
0
LINE
8
BLACK
6
CONTINUOUS
10
145.339004999999986
20
-41.6124269999999967
11
145.5412629999999865
21
-41.2493049999999997
0
LINE
8
BLACK
6
CONTINUOUS
10
145.5412629999999865
20
-41.2493049999999997
11
145.7761619999999994
21
-40.9063939999999988
0
LINE
8
BLACK
6
CONTINUOUS
10
145.7761619999999994
20
-40.9063939999999988
11
146.0416999999999916
21
-40.5866199999999964
0
LINE
8
BLACK
6
CONTINUOUS
10
146.0416999999999916
20
-40.5866199999999964
11
146.3356100000000026
21
-40.2927099999999996
0
LINE
8
BLACK
6
CONTINUOUS
10
146.3356100000000026
20
-40.2927099999999996
11
146.655383999999998
21
-40.0271720000000002
0
LINE
8
BLACK
6
CONTINUOUS
10
146.655383999999998
20
-40.0271720000000002
11
146.9982949999999846
21
-39.7922730000000016
0
LINE
8
BLACK
6
CONTINUOUS
10
146.9982949999999846
20
-39.7922730000000016
11
147.3614169999999888
21
-39.5900150000000011
0
LINE
8
BLACK
6
CONTINUOUS
10
147.3614169999999888
20
-39.5900150000000011
11
147.7416529999999852
21
-39.4221250000000012
0
LINE
8
BLACK
6
CONTINUOUS
10
147.7416529999999852
20
-39.4221250000000012
11
148.1357569999999839
21
-39.290034999999996
0
LINE
8
BLACK
6
CONTINUOUS
10
148.1357569999999839
20
-39.290034999999996
11
148.5403670000000034
21
-39.1948709999999991
0
LINE
8
BLACK
6
CONTINUOUS
10
148.5403670000000034
20
-39.1948709999999991
11
148.9520320000000027
21
-39.1374459999999971
0
LINE
8
BLACK
6
CONTINUOUS
10
148.9520320000000027
20
-39.1374459999999971
11
149.3672399999999811
21
-39.1182499999999962
0
LINE
8
BLACK
6
CONTINUOUS
10
149.3672399999999811
20
-39.1182499999999962
11
149.782447999999988
21
-39.1374459999999971
0
LINE
8
BLACK
6
CONTINUOUS
10
144.2239999999999895
20
-110.2360019999999992
11
144.2239999999999895
21
-107.695999999999998
0
LINE
8
BLACK
6
CONTINUOUS
10
138.2239999999999895
20
-110.2360019999999992
11
138.2239999999999895
21
-107.695999999999998
0
ARC
8
BLACK
10
149.7159999999999798
20
-107.695999999999998
40
0.508
50
0.00000000
51
180.00000000
0
LINE
8
BLACK
6
CONTINUOUS
10
155.2079999999999984
20
-110.2360019999999992
11
155.2079999999999984
21
-107.695999999999998
0
ARC
8
BLACK
10
167.8951999999999884
20
-108.2038999999999902
40
2.032113002460493
50
-89.99687032
51
-0.00281952
0
ARC
8
BLACK
10
125.584699999999998
20
-99.3550999999999931
40
3.5051411604243556
50
-0.02447015
51
49.78951917
0
LINE
8
BLACK
6
CONTINUOUS
10
137.2079999999999984
20
-110.2360019999999992
11
137.2079999999999984
21
-107.695999999999998
0
ARC
8
BLACK
10
173.4279999999999973
20
-99.2545999999999964
40
3.5006870013163129
50
130.39494890
51
179.99842877
0
LINE
8
BLACK
6
CONTINUOUS
10
141.2239999999999895
20
-110.2360019999999992
11
143.2079999999999984
21
-110.2360019999999992
0
LINE
8
BLACK
6
CONTINUOUS
10
140.2079999999999984
20
-110.2360019999999992
11
140.2079999999999984
21
-107.695999999999998
0
LINE
8
BLACK
6
CONTINUOUS
10
129.0898589999999899
20
-99.3565969999999936
11
129.0898589999999899
21
-108.2039999999999935
0
LINE
8
BLACK
6
CONTINUOUS
10
150.2239999999999895
20
-110.2360019999999992
11
150.2239999999999895
21
-107.695999999999998
0
LINE
8
BLACK
6
CONTINUOUS
10
169.9273129999999981
20
-99.2545039999999972
11
169.9273129999999981
21
-108.2039999999999935
0
ARC
8
BLACK
10
149.4505020000000002
20
-71.0742959999999897
40
33.5
50
0.00000000
51
180.00000000
0
ARC
8
BLACK
10
140.7159999999999798
20
-107.695999999999998
40
0.508
50
0.00000000
51
180.00000000
0
LINE
8
BLACK
6
CONTINUOUS
10
144.2239999999999895
20
-110.2360019999999992
11
146.2079999999999984
21
-110.2360019999999992
0
ARC
8
BLACK
10
143.7159999999999798
20
-107.695999999999998
40
0.508
50
0.00000000
51
180.00000000
0
ARC
8
BLACK
10
137.7159999999999798
20
-107.695999999999998
40
0.508
50
0.00000000
51
180.00000000
0
ARC
8
BLACK
10
131.1218000000000075
20
-108.2040999999999968
40
2.0319020008565865
50
-180.00281976
51
-89.99833631
0
ARC
8
BLACK
10
149.4504799999999989
20
-71.0742800000000017
40
33.500022000003824
50
-49.60704241
51
-0.00002737
0
ARC
8
BLACK
10
149.4505000000000052
20
-71.0742999999999938
40
33.4999958740311001
50
-180.00000684
51
-130.15536454
0
LINE
8
BLACK
6
CONTINUOUS
10
137.2079999999999984
20
-110.2360019999999992
11
131.1218590000000006
21
-110.2360019999999992
0
ARC
8
BLACK
10
155.7159999999999798
20
-107.695999999999998
40
0.508
50
0.00000000
51
180.00000000
0
LINE
8
BLACK
6
CONTINUOUS
10
167.8953109999999924
20
-110.23599999999999
11
156.2239999999999895
21
-110.2360019999999992
0
LINE
8
BLACK
6
CONTINUOUS
10
149.2079999999999984
20
-110.2360019999999992
11
149.2079999999999984
21
-107.695999999999998
0
ARC
8
BLACK
10
146.7159999999999798
20
-107.695999999999998
40
0.508
50
0.00000000
51
180.00000000
0
LINE
8
BLACK
6
CONTINUOUS
10
143.2079999999999984
20
-110.2360019999999992
11
143.2079999999999984
21
-107.695999999999998
0
LINE
8
BLACK
6
CONTINUOUS
10
152.2079999999999984
20
-110.2360019999999992
11
152.2079999999999984
21
-107.695999999999998
0
LINE
8
BLACK
6
CONTINUOUS
10
153.2239999999999895
20
-110.2360019999999992
11
155.2079999999999984
21
-110.2360019999999992
0
LINE
8
BLACK
6
CONTINUOUS
10
147.2239999999999895
20
-110.2360019999999992
11
149.2079999999999984
21
-110.2360019999999992
0
ARC
8
BLACK
10
152.7159999999999798
20
-107.695999999999998
40
0.508
50
0.00000000
51
180.00000000
0
LINE
8
BLACK
6
CONTINUOUS
10
141.2239999999999895
20
-110.2360019999999992
11
141.2239999999999895
21
-107.695999999999998
0
LINE
8
BLACK
6
CONTINUOUS
10
156.2239999999999895
20
-110.2360019999999992
11
156.2239999999999895
21
-107.695999999999998
0
LINE
8
BLACK
6
CONTINUOUS
10
153.2239999999999895
20
-110.2360019999999992
11
153.2239999999999895
21
-107.695999999999998
0
LINE
8
BLACK
6
CONTINUOUS
10
147.2239999999999895
20
-110.2360019999999992
11
147.2239999999999895
21
-107.695999999999998
0
LINE
8
BLACK
6
CONTINUOUS
10
150.2239999999999895
20
-110.2360019999999992
11
152.2079999999999984
21
-110.2360019999999992
0
LINE
8
BLACK
6
CONTINUOUS
10
138.2239999999999895
20
-110.2360019999999992
11
140.2079999999999984
21
-110.2360019999999992
0
LINE
8
BLACK
6
CONTINUOUS
10
146.2079999999999984
20
-110.2360019999999992
11
146.2079999999999984
21
-107.695999999999998
  0
ENDSEC
  0
EOF
