  0
SECTION
  2
HEADER
  9
$ANGBASE
  50
0.0
  9
$ANGDIR
  70
1
  9
$MEASUREMENT
  70
1
  0
ENDSEC
  0
SECTION
  2
TABLES
  0
TABLE
  2
LTYPE
  70
4
  0
LTYPE
  5
40F
  2
CONTINUOUS
  70
0
  3
Solid line
  72
65
  73
0
  40
0.0
  0
LTYPE
  5
410
  2
DASHDOT
 70
0
  3
Dash Dot ____ _ ____ _
 72
65
 73
4
 40
2.0
 49
1.25
 49
-0.25
 49
0.25
 49
-0.25
  0
LTYPE
  5
411
  2
DASHED
 70
0
  3
Dashed __ __ __ __ __
 72
65
 73
2
 40
0.75
 49
0.5
 49
-0.25
  0
LTYPE
  5
43B
  2
DOTTED
 70
0
  3
Dotted .  .  .  .
 72
65
 73
2
 40
0.2
 49
0.0
 49
-0.2
  0
ENDTAB
  0
TABLE
  2
STYLE
  70
4
  0
STYLE
  2
KICAD
  70
0
  40
0
  41
1
  42
1
  50
0
  71
0
  3
isocp.shx
  0
STYLE
  2
KICADB
  70
0
  40
0
  41
1
  42
1
  50
0
  71
0
  3
isocp.shx
  0
STYLE
  2
KICADI
  70
0
  40
0
  41
1
  42
1
  50
15
  71
0
  3
isocp.shx
  0
STYLE
  2
KICADBI
  70
0
  40
0
  41
1
  42
1
  50
15
  71
0
  3
isocp.shx
  0
ENDTAB
  0
TABLE
  2
LAYER
  70
1
  0
LAYER
  2
BLACK
  70
0
  62
7
  6
CONTINUOUS
  0
ENDTAB
  0
ENDSEC
  0
SECTION
  2
ENTITIES
0
LINE
8
BLACK
6
CONTINUOUS
10
145.5135879999999986
20
-108.772437999999994
11
145.4183500000000038
21
-108.7248189999999965
0
LINE
8
BLACK
6
CONTINUOUS
10
145.4183500000000038
20
-108.7248189999999965
11
145.2754929999999831
21
-108.7248189999999965
0
LINE
8
BLACK
6
CONTINUOUS
10
145.2754929999999831
20
-108.7248189999999965
11
145.1326359999999909
21
-108.772437999999994
0
LINE
8
BLACK
6
CONTINUOUS
10
145.1326359999999909
20
-108.772437999999994
11
145.037397999999996
21
-108.8676759999999888
0
LINE
8
BLACK
6
CONTINUOUS
10
145.037397999999996
20
-108.8676759999999888
11
144.9897789999999986
21
-108.9629139999999978
0
LINE
8
BLACK
6
CONTINUOUS
10
144.9897789999999986
20
-108.9629139999999978
11
144.9421600000000012
21
-109.1533900000000017
0
LINE
8
BLACK
6
CONTINUOUS
10
144.9421600000000012
20
-109.1533900000000017
11
144.9421600000000012
21
-109.2962469999999939
0
LINE
8
BLACK
6
CONTINUOUS
10
144.9421600000000012
20
-109.2962469999999939
11
144.9897789999999986
21
-109.4867229999999978
0
LINE
8
BLACK
6
CONTINUOUS
10
144.9897789999999986
20
-109.4867229999999978
11
145.037397999999996
21
-109.5819609999999926
0
LINE
8
BLACK
6
CONTINUOUS
10
145.037397999999996
20
-109.5819609999999926
11
145.1326359999999909
21
-109.6771999999999991
0
LINE
8
BLACK
6
CONTINUOUS
10
145.1326359999999909
20
-109.6771999999999991
11
145.2754929999999831
21
-109.7248189999999965
0
LINE
8
BLACK
6
CONTINUOUS
10
145.2754929999999831
20
-109.7248189999999965
11
145.3707310000000064
21
-109.7248189999999965
0
LINE
8
BLACK
6
CONTINUOUS
10
145.3707310000000064
20
-109.7248189999999965
11
145.5135879999999986
21
-109.6771999999999991
0
LINE
8
BLACK
6
CONTINUOUS
10
145.5135879999999986
20
-109.6771999999999991
11
145.561206999999996
21
-109.62957999999999
0
LINE
8
BLACK
6
CONTINUOUS
10
145.561206999999996
20
-109.62957999999999
11
145.561206999999996
21
-109.2962469999999939
0
LINE
8
BLACK
6
CONTINUOUS
10
145.561206999999996
20
-109.2962469999999939
11
145.3707310000000064
21
-109.2962469999999939
0
LINE
8
BLACK
6
CONTINUOUS
10
154.0067789999999945
20
-109.7248189999999965
11
154.0067789999999945
21
-108.7248189999999965
0
LINE
8
BLACK
6
CONTINUOUS
10
154.0067789999999945
20
-109.2010089999999991
11
154.5782069999999919
21
-109.2010089999999991
0
LINE
8
BLACK
6
CONTINUOUS
10
154.5782069999999919
20
-109.7248189999999965
11
154.5782069999999919
21
-108.7248189999999965
0
LINE
8
BLACK
6
CONTINUOUS
10
148.4345879999999909
20
-108.772437999999994
11
148.339349999999996
21
-108.7248189999999965
0
LINE
8
BLACK
6
CONTINUOUS
10
148.339349999999996
20
-108.7248189999999965
11
148.1964930000000038
21
-108.7248189999999965
0
LINE
8
BLACK
6
CONTINUOUS
10
148.1964930000000038
20
-108.7248189999999965
11
148.0536359999999831
21
-108.772437999999994
0
LINE
8
BLACK
6
CONTINUOUS
10
148.0536359999999831
20
-108.772437999999994
11
147.9583979999999883
21
-108.8676759999999888
0
LINE
8
BLACK
6
CONTINUOUS
10
147.9583979999999883
20
-108.8676759999999888
11
147.9107789999999909
21
-108.9629139999999978
0
LINE
8
BLACK
6
CONTINUOUS
10
147.9107789999999909
20
-108.9629139999999978
11
147.8631599999999935
21
-109.1533900000000017
0
LINE
8
BLACK
6
CONTINUOUS
10
147.8631599999999935
20
-109.1533900000000017
11
147.8631599999999935
21
-109.2962469999999939
0
LINE
8
BLACK
6
CONTINUOUS
10
147.8631599999999935
20
-109.2962469999999939
11
147.9107789999999909
21
-109.4867229999999978
0
LINE
8
BLACK
6
CONTINUOUS
10
147.9107789999999909
20
-109.4867229999999978
11
147.9583979999999883
21
-109.5819609999999926
0
LINE
8
BLACK
6
CONTINUOUS
10
147.9583979999999883
20
-109.5819609999999926
11
148.0536359999999831
21
-109.6771999999999991
0
LINE
8
BLACK
6
CONTINUOUS
10
148.0536359999999831
20
-109.6771999999999991
11
148.1964930000000038
21
-109.7248189999999965
0
LINE
8
BLACK
6
CONTINUOUS
10
148.1964930000000038
20
-109.7248189999999965
11
148.2917309999999986
21
-109.7248189999999965
0
LINE
8
BLACK
6
CONTINUOUS
10
148.2917309999999986
20
-109.7248189999999965
11
148.4345879999999909
21
-109.6771999999999991
0
LINE
8
BLACK
6
CONTINUOUS
10
148.4345879999999909
20
-109.6771999999999991
11
148.4822069999999883
21
-109.62957999999999
0
LINE
8
BLACK
6
CONTINUOUS
10
148.4822069999999883
20
-109.62957999999999
11
148.4822069999999883
21
-109.2962469999999939
0
LINE
8
BLACK
6
CONTINUOUS
10
148.4822069999999883
20
-109.2962469999999939
11
148.2917309999999986
21
-109.2962469999999939
0
LINE
8
BLACK
6
CONTINUOUS
10
142.4179689999999994
20
-109.7248189999999965
11
141.9417789999999968
21
-109.7248189999999965
0
LINE
8
BLACK
6
CONTINUOUS
10
141.9417789999999968
20
-109.7248189999999965
11
141.9417789999999968
21
-108.7248189999999965
0
LINE
8
BLACK
6
CONTINUOUS
10
138.893778999999995
20
-109.7248189999999965
11
138.893778999999995
21
-108.7248189999999965
0
LINE
8
BLACK
6
CONTINUOUS
10
138.893778999999995
20
-109.2010089999999991
11
139.4652069999999924
21
-109.2010089999999991
0
LINE
8
BLACK
6
CONTINUOUS
10
139.4652069999999924
20
-109.7248189999999965
11
139.4652069999999924
21
-108.7248189999999965
0
LINE
8
BLACK
6
CONTINUOUS
10
151.4349689999999953
20
-109.7248189999999965
11
150.9587789999999927
21
-109.7248189999999965
0
LINE
8
BLACK
6
CONTINUOUS
10
150.9587789999999927
20
-109.7248189999999965
11
150.9587789999999927
21
-108.7248189999999965
0
LINE
8
BLACK
6
CONTINUOUS
10
147.4571420000000046
20
-52.0548189999999948
11
147.1238089999999943
21
-51.5786279999999948
0
LINE
8
BLACK
6
CONTINUOUS
10
146.8857140000000072
20
-52.0548189999999948
11
146.8857140000000072
21
-51.0548189999999948
0
LINE
8
BLACK
6
CONTINUOUS
10
146.8857140000000072
20
-51.0548189999999948
11
147.2666659999999865
21
-51.0548189999999948
0
LINE
8
BLACK
6
CONTINUOUS
10
147.2666659999999865
20
-51.0548189999999948
11
147.3619039999999814
21
-51.1024379999999994
0
LINE
8
BLACK
6
CONTINUOUS
10
147.3619039999999814
20
-51.1024379999999994
11
147.4095230000000072
21
-51.1500569999999968
0
LINE
8
BLACK
6
CONTINUOUS
10
147.4095230000000072
20
-51.1500569999999968
11
147.4571420000000046
21
-51.2452949999999987
0
LINE
8
BLACK
6
CONTINUOUS
10
147.4571420000000046
20
-51.2452949999999987
11
147.4571420000000046
21
-51.3881519999999981
0
LINE
8
BLACK
6
CONTINUOUS
10
147.4571420000000046
20
-51.3881519999999981
11
147.4095230000000072
21
-51.48339
0
LINE
8
BLACK
6
CONTINUOUS
10
147.4095230000000072
20
-51.48339
11
147.3619039999999814
21
-51.5310089999999974
0
LINE
8
BLACK
6
CONTINUOUS
10
147.3619039999999814
20
-51.5310089999999974
11
147.2666659999999865
21
-51.5786279999999948
0
LINE
8
BLACK
6
CONTINUOUS
10
147.2666659999999865
20
-51.5786279999999948
11
146.8857140000000072
21
-51.5786279999999948
0
LINE
8
BLACK
6
CONTINUOUS
10
147.8380949999999814
20
-51.1500569999999968
11
147.8857140000000072
21
-51.1024379999999994
0
LINE
8
BLACK
6
CONTINUOUS
10
147.8857140000000072
20
-51.1024379999999994
11
147.980952000000002
21
-51.0548189999999948
0
LINE
8
BLACK
6
CONTINUOUS
10
147.980952000000002
20
-51.0548189999999948
11
148.2190469999999891
21
-51.0548189999999948
0
LINE
8
BLACK
6
CONTINUOUS
10
148.2190469999999891
20
-51.0548189999999948
11
148.3142849999999839
21
-51.1024379999999994
0
LINE
8
BLACK
6
CONTINUOUS
10
148.3142849999999839
20
-51.1024379999999994
11
148.3619039999999814
21
-51.1500569999999968
0
LINE
8
BLACK
6
CONTINUOUS
10
148.3619039999999814
20
-51.1500569999999968
11
148.4095230000000072
21
-51.2452949999999987
0
LINE
8
BLACK
6
CONTINUOUS
10
148.4095230000000072
20
-51.2452949999999987
11
148.4095230000000072
21
-51.3405330000000006
0
LINE
8
BLACK
6
CONTINUOUS
10
148.4095230000000072
20
-51.3405330000000006
11
148.3619039999999814
21
-51.48339
0
LINE
8
BLACK
6
CONTINUOUS
10
148.3619039999999814
20
-51.48339
11
147.790475999999984
21
-52.0548189999999948
0
LINE
8
BLACK
6
CONTINUOUS
10
147.790475999999984
20
-52.0548189999999948
11
148.4095230000000072
21
-52.0548189999999948
0
LINE
8
BLACK
6
CONTINUOUS
10
148.7428569999999866
20
-51.0548189999999948
11
149.4095230000000072
21
-51.0548189999999948
0
LINE
8
BLACK
6
CONTINUOUS
10
149.4095230000000072
20
-51.0548189999999948
11
148.980952000000002
21
-52.0548189999999948
0
LINE
8
BLACK
6
CONTINUOUS
10
161.3904760000000067
20
-104.6548189999999892
11
161.3904760000000067
21
-105.369103999999993
0
LINE
8
BLACK
6
CONTINUOUS
10
161.3904760000000067
20
-105.369103999999993
11
161.3428569999999809
21
-105.5119609999999994
0
LINE
8
BLACK
6
CONTINUOUS
10
161.3428569999999809
20
-105.5119609999999994
11
161.247618999999986
21
-105.6071999999999917
0
LINE
8
BLACK
6
CONTINUOUS
10
161.247618999999986
20
-105.6071999999999917
11
161.1047619999999938
21
-105.6548189999999892
0
LINE
8
BLACK
6
CONTINUOUS
10
161.1047619999999938
20
-105.6548189999999892
11
161.009523999999999
21
-105.6548189999999892
0
LINE
8
BLACK
6
CONTINUOUS
10
162.3904760000000067
20
-105.6548189999999892
11
161.8190479999999809
21
-105.6548189999999892
0
LINE
8
BLACK
6
CONTINUOUS
10
162.1047619999999938
20
-105.6548189999999892
11
162.1047619999999938
21
-104.6548189999999892
0
LINE
8
BLACK
6
CONTINUOUS
10
162.1047619999999938
20
-104.6548189999999892
11
162.009523999999999
21
-104.7976759999999956
0
LINE
8
BLACK
6
CONTINUOUS
10
162.009523999999999
20
-104.7976759999999956
11
161.9142860000000042
21
-104.8929139999999904
0
LINE
8
BLACK
6
CONTINUOUS
10
161.9142860000000042
20
-104.8929139999999904
11
161.8190479999999809
21
-104.9405330000000021
0
LINE
8
BLACK
6
CONTINUOUS
10
163.009523999999999
20
-104.6548189999999892
11
163.1047619999999938
21
-104.6548189999999892
0
LINE
8
BLACK
6
CONTINUOUS
10
163.1047619999999938
20
-104.6548189999999892
11
163.1999999999999886
21
-104.7024380000000008
0
LINE
8
BLACK
6
CONTINUOUS
10
163.1999999999999886
20
-104.7024380000000008
11
163.247618999999986
21
-104.7500569999999982
0
LINE
8
BLACK
6
CONTINUOUS
10
163.247618999999986
20
-104.7500569999999982
11
163.2952379999999835
21
-104.845294999999993
0
LINE
8
BLACK
6
CONTINUOUS
10
163.2952379999999835
20
-104.845294999999993
11
163.3428569999999809
21
-105.0357709999999969
0
LINE
8
BLACK
6
CONTINUOUS
10
163.3428569999999809
20
-105.0357709999999969
11
163.3428569999999809
21
-105.2738659999999982
0
LINE
8
BLACK
6
CONTINUOUS
10
163.3428569999999809
20
-105.2738659999999982
11
163.2952379999999835
21
-105.464342000000002
0
LINE
8
BLACK
6
CONTINUOUS
10
163.2952379999999835
20
-105.464342000000002
11
163.247618999999986
21
-105.5595799999999969
0
LINE
8
BLACK
6
CONTINUOUS
10
163.247618999999986
20
-105.5595799999999969
11
163.1999999999999886
21
-105.6071999999999917
0
LINE
8
BLACK
6
CONTINUOUS
10
163.1999999999999886
20
-105.6071999999999917
11
163.1047619999999938
21
-105.6548189999999892
0
LINE
8
BLACK
6
CONTINUOUS
10
163.1047619999999938
20
-105.6548189999999892
11
163.009523999999999
21
-105.6548189999999892
0
LINE
8
BLACK
6
CONTINUOUS
10
163.009523999999999
20
-105.6548189999999892
11
162.9142860000000042
21
-105.6071999999999917
0
LINE
8
BLACK
6
CONTINUOUS
10
162.9142860000000042
20
-105.6071999999999917
11
162.8666670000000067
21
-105.5595799999999969
0
LINE
8
BLACK
6
CONTINUOUS
10
162.8666670000000067
20
-105.5595799999999969
11
162.8190479999999809
21
-105.464342000000002
0
LINE
8
BLACK
6
CONTINUOUS
10
162.8190479999999809
20
-105.464342000000002
11
162.7714289999999835
21
-105.2738659999999982
0
LINE
8
BLACK
6
CONTINUOUS
10
162.7714289999999835
20
-105.2738659999999982
11
162.7714289999999835
21
-105.0357709999999969
0
LINE
8
BLACK
6
CONTINUOUS
10
162.7714289999999835
20
-105.0357709999999969
11
162.8190479999999809
21
-104.845294999999993
0
LINE
8
BLACK
6
CONTINUOUS
10
162.8190479999999809
20
-104.845294999999993
11
162.8666670000000067
21
-104.7500569999999982
0
LINE
8
BLACK
6
CONTINUOUS
10
162.8666670000000067
20
-104.7500569999999982
11
162.9142860000000042
21
-104.7024380000000008
0
LINE
8
BLACK
6
CONTINUOUS
10
162.9142860000000042
20
-104.7024380000000008
11
163.009523999999999
21
-104.6548189999999892
0
LINE
8
BLACK
6
CONTINUOUS
10
122.1071419999999961
20
-67.7048190000000005
11
121.773809
21
-67.2286280000000005
0
LINE
8
BLACK
6
CONTINUOUS
10
121.5357139999999987
20
-67.7048190000000005
11
121.5357139999999987
21
-66.7048190000000005
0
LINE
8
BLACK
6
CONTINUOUS
10
121.5357139999999987
20
-66.7048190000000005
11
121.9166659999999922
21
-66.7048190000000005
0
LINE
8
BLACK
6
CONTINUOUS
10
121.9166659999999922
20
-66.7048190000000005
11
122.0119040000000012
21
-66.7524379999999979
0
LINE
8
BLACK
6
CONTINUOUS
10
122.0119040000000012
20
-66.7524379999999979
11
122.0595229999999987
21
-66.8000569999999954
0
LINE
8
BLACK
6
CONTINUOUS
10
122.0595229999999987
20
-66.8000569999999954
11
122.1071419999999961
21
-66.8952949999999902
0
LINE
8
BLACK
6
CONTINUOUS
10
122.1071419999999961
20
-66.8952949999999902
11
122.1071419999999961
21
-67.0381519999999966
0
LINE
8
BLACK
6
CONTINUOUS
10
122.1071419999999961
20
-67.0381519999999966
11
122.0595229999999987
21
-67.1333899999999915
0
LINE
8
BLACK
6
CONTINUOUS
10
122.0595229999999987
20
-67.1333899999999915
11
122.0119040000000012
21
-67.1810090000000031
0
LINE
8
BLACK
6
CONTINUOUS
10
122.0119040000000012
20
-67.1810090000000031
11
121.9166659999999922
21
-67.2286280000000005
0
LINE
8
BLACK
6
CONTINUOUS
10
121.9166659999999922
20
-67.2286280000000005
11
121.5357139999999987
21
-67.2286280000000005
0
LINE
8
BLACK
6
CONTINUOUS
10
123.0595229999999987
20
-67.7048190000000005
11
122.4880950000000013
21
-67.7048190000000005
0
LINE
8
BLACK
6
CONTINUOUS
10
122.773809
20
-67.7048190000000005
11
122.773809
21
-66.7048190000000005
0
LINE
8
BLACK
6
CONTINUOUS
10
122.773809
20
-66.7048190000000005
11
122.6785709999999909
21
-66.8476759999999928
0
LINE
8
BLACK
6
CONTINUOUS
10
122.6785709999999909
20
-66.8476759999999928
11
122.5833329999999961
21
-66.9429140000000018
0
LINE
8
BLACK
6
CONTINUOUS
10
122.5833329999999961
20
-66.9429140000000018
11
122.4880950000000013
21
-66.9905329999999992
0
LINE
8
BLACK
6
CONTINUOUS
10
124.0119040000000012
20
-67.7048190000000005
11
123.4404759999999897
21
-67.7048190000000005
0
LINE
8
BLACK
6
CONTINUOUS
10
123.7261899999999883
20
-67.7048190000000005
11
123.7261899999999883
21
-66.7048190000000005
0
LINE
8
BLACK
6
CONTINUOUS
10
123.7261899999999883
20
-66.7048190000000005
11
123.6309519999999935
21
-66.8476759999999928
0
LINE
8
BLACK
6
CONTINUOUS
10
123.6309519999999935
20
-66.8476759999999928
11
123.5357139999999987
21
-66.9429140000000018
0
LINE
8
BLACK
6
CONTINUOUS
10
123.5357139999999987
20
-66.9429140000000018
11
123.4404759999999897
21
-66.9905329999999992
0
LINE
8
BLACK
6
CONTINUOUS
10
151.4380950000000041
20
-52.6548189999999963
11
151.4380950000000041
21
-53.4643419999999949
0
LINE
8
BLACK
6
CONTINUOUS
10
151.4380950000000041
20
-53.4643419999999949
11
151.4857140000000015
21
-53.5595799999999969
0
LINE
8
BLACK
6
CONTINUOUS
10
151.4857140000000015
20
-53.5595799999999969
11
151.5333329999999989
21
-53.6071999999999989
0
LINE
8
BLACK
6
CONTINUOUS
10
151.5333329999999989
20
-53.6071999999999989
11
151.6285709999999938
21
-53.6548189999999963
0
LINE
8
BLACK
6
CONTINUOUS
10
151.6285709999999938
20
-53.6548189999999963
11
151.8190469999999834
21
-53.6548189999999963
0
LINE
8
BLACK
6
CONTINUOUS
10
151.8190469999999834
20
-53.6548189999999963
11
151.9142850000000067
21
-53.6071999999999989
0
LINE
8
BLACK
6
CONTINUOUS
10
151.9142850000000067
20
-53.6071999999999989
11
151.9619040000000041
21
-53.5595799999999969
0
LINE
8
BLACK
6
CONTINUOUS
10
151.9619040000000041
20
-53.5595799999999969
11
152.0095230000000015
21
-53.4643419999999949
0
LINE
8
BLACK
6
CONTINUOUS
10
152.0095230000000015
20
-53.4643419999999949
11
152.0095230000000015
21
-52.6548189999999963
0
LINE
8
BLACK
6
CONTINUOUS
10
152.9142850000000067
20
-52.6548189999999963
11
152.7238089999999886
21
-52.6548189999999963
0
LINE
8
BLACK
6
CONTINUOUS
10
152.7238089999999886
20
-52.6548189999999963
11
152.6285709999999938
21
-52.7024380000000008
0
LINE
8
BLACK
6
CONTINUOUS
10
152.6285709999999938
20
-52.7024380000000008
11
152.5809519999999964
21
-52.7500569999999982
0
LINE
8
BLACK
6
CONTINUOUS
10
152.5809519999999964
20
-52.7500569999999982
11
152.4857140000000015
21
-52.8929139999999975
0
LINE
8
BLACK
6
CONTINUOUS
10
152.4857140000000015
20
-52.8929139999999975
11
152.4380950000000041
21
-53.0833899999999943
0
LINE
8
BLACK
6
CONTINUOUS
10
152.4380950000000041
20
-53.0833899999999943
11
152.4380950000000041
21
-53.4643419999999949
0
LINE
8
BLACK
6
CONTINUOUS
10
152.4380950000000041
20
-53.4643419999999949
11
152.4857140000000015
21
-53.5595799999999969
0
LINE
8
BLACK
6
CONTINUOUS
10
152.4857140000000015
20
-53.5595799999999969
11
152.5333329999999989
21
-53.6071999999999989
0
LINE
8
BLACK
6
CONTINUOUS
10
152.5333329999999989
20
-53.6071999999999989
11
152.6285709999999938
21
-53.6548189999999963
0
LINE
8
BLACK
6
CONTINUOUS
10
152.6285709999999938
20
-53.6548189999999963
11
152.8190469999999834
21
-53.6548189999999963
0
LINE
8
BLACK
6
CONTINUOUS
10
152.8190469999999834
20
-53.6548189999999963
11
152.9142850000000067
21
-53.6071999999999989
0
LINE
8
BLACK
6
CONTINUOUS
10
152.9142850000000067
20
-53.6071999999999989
11
152.9619040000000041
21
-53.5595799999999969
0
LINE
8
BLACK
6
CONTINUOUS
10
152.9619040000000041
20
-53.5595799999999969
11
153.0095230000000015
21
-53.4643419999999949
0
LINE
8
BLACK
6
CONTINUOUS
10
153.0095230000000015
20
-53.4643419999999949
11
153.0095230000000015
21
-53.2262470000000008
0
LINE
8
BLACK
6
CONTINUOUS
10
153.0095230000000015
20
-53.2262470000000008
11
152.9619040000000041
21
-53.1310089999999988
0
LINE
8
BLACK
6
CONTINUOUS
10
152.9619040000000041
20
-53.1310089999999988
11
152.9142850000000067
21
-53.0833899999999943
0
LINE
8
BLACK
6
CONTINUOUS
10
152.9142850000000067
20
-53.0833899999999943
11
152.8190469999999834
21
-53.0357709999999969
0
LINE
8
BLACK
6
CONTINUOUS
10
152.8190469999999834
20
-53.0357709999999969
11
152.6285709999999938
21
-53.0357709999999969
0
LINE
8
BLACK
6
CONTINUOUS
10
152.6285709999999938
20
-53.0357709999999969
11
152.5333329999999989
21
-53.0833899999999943
0
LINE
8
BLACK
6
CONTINUOUS
10
152.5333329999999989
20
-53.0833899999999943
11
152.4857140000000015
21
-53.1310089999999988
0
LINE
8
BLACK
6
CONTINUOUS
10
152.4857140000000015
20
-53.1310089999999988
11
152.4380950000000041
21
-53.2262470000000008
0
LINE
8
BLACK
6
CONTINUOUS
10
165.1857139999999902
20
-100.6548189999999892
11
165.1857139999999902
21
-99.6548189999999892
0
LINE
8
BLACK
6
CONTINUOUS
10
165.1857139999999902
20
-99.6548189999999892
11
165.4238090000000057
21
-99.6548189999999892
0
LINE
8
BLACK
6
CONTINUOUS
10
165.4238090000000057
20
-99.6548189999999892
11
165.5666659999999979
21
-99.7024380000000008
0
LINE
8
BLACK
6
CONTINUOUS
10
165.5666659999999979
20
-99.7024380000000008
11
165.6619039999999927
21
-99.7976759999999956
0
LINE
8
BLACK
6
CONTINUOUS
10
165.6619039999999927
20
-99.7976759999999956
11
165.7095229999999901
21
-99.8929139999999904
0
LINE
8
BLACK
6
CONTINUOUS
10
165.7095229999999901
20
-99.8929139999999904
11
165.7571419999999875
21
-100.0833899999999943
0
LINE
8
BLACK
6
CONTINUOUS
10
165.7571419999999875
20
-100.0833899999999943
11
165.7571419999999875
21
-100.2262470000000008
0
LINE
8
BLACK
6
CONTINUOUS
10
165.7571419999999875
20
-100.2262470000000008
11
165.7095229999999901
21
-100.4167229999999904
0
LINE
8
BLACK
6
CONTINUOUS
10
165.7095229999999901
20
-100.4167229999999904
11
165.6619039999999927
21
-100.5119609999999994
0
LINE
8
BLACK
6
CONTINUOUS
10
165.6619039999999927
20
-100.5119609999999994
11
165.5666659999999979
21
-100.6071999999999917
0
LINE
8
BLACK
6
CONTINUOUS
10
165.5666659999999979
20
-100.6071999999999917
11
165.4238090000000057
21
-100.6548189999999892
0
LINE
8
BLACK
6
CONTINUOUS
10
165.4238090000000057
20
-100.6548189999999892
11
165.1857139999999902
21
-100.6548189999999892
0
LINE
8
BLACK
6
CONTINUOUS
10
166.7095229999999901
20
-100.6548189999999892
11
166.1380949999999928
21
-100.6548189999999892
0
LINE
8
BLACK
6
CONTINUOUS
10
166.4238090000000057
20
-100.6548189999999892
11
166.4238090000000057
21
-99.6548189999999892
0
LINE
8
BLACK
6
CONTINUOUS
10
166.4238090000000057
20
-99.6548189999999892
11
166.3285709999999824
21
-99.7976759999999956
0
LINE
8
BLACK
6
CONTINUOUS
10
166.3285709999999824
20
-99.7976759999999956
11
166.2333329999999876
21
-99.8929139999999904
0
LINE
8
BLACK
6
CONTINUOUS
10
166.2333329999999876
20
-99.8929139999999904
11
166.1380949999999928
21
-99.9405330000000021
0
LINE
8
BLACK
6
CONTINUOUS
10
167.0428569999999979
20
-99.6548189999999892
11
167.6619039999999927
21
-99.6548189999999892
0
LINE
8
BLACK
6
CONTINUOUS
10
167.6619039999999927
20
-99.6548189999999892
11
167.3285709999999824
21
-100.0357709999999969
0
LINE
8
BLACK
6
CONTINUOUS
10
167.3285709999999824
20
-100.0357709999999969
11
167.4714280000000031
21
-100.0357709999999969
0
LINE
8
BLACK
6
CONTINUOUS
10
167.4714280000000031
20
-100.0357709999999969
11
167.5666659999999979
21
-100.0833899999999943
0
LINE
8
BLACK
6
CONTINUOUS
10
167.5666659999999979
20
-100.0833899999999943
11
167.6142849999999953
21
-100.1310089999999917
0
LINE
8
BLACK
6
CONTINUOUS
10
167.6142849999999953
20
-100.1310089999999917
11
167.6619039999999927
21
-100.2262470000000008
0
LINE
8
BLACK
6
CONTINUOUS
10
167.6619039999999927
20
-100.2262470000000008
11
167.6619039999999927
21
-100.464342000000002
0
LINE
8
BLACK
6
CONTINUOUS
10
167.6619039999999927
20
-100.464342000000002
11
167.6142849999999953
21
-100.5595799999999969
0
LINE
8
BLACK
6
CONTINUOUS
10
167.6142849999999953
20
-100.5595799999999969
11
167.5666659999999979
21
-100.6071999999999917
0
LINE
8
BLACK
6
CONTINUOUS
10
167.5666659999999979
20
-100.6071999999999917
11
167.4714280000000031
21
-100.6548189999999892
0
LINE
8
BLACK
6
CONTINUOUS
10
167.4714280000000031
20
-100.6548189999999892
11
167.1857139999999902
21
-100.6548189999999892
0
LINE
8
BLACK
6
CONTINUOUS
10
167.1857139999999902
20
-100.6548189999999892
11
167.0904759999999953
21
-100.6071999999999917
0
LINE
8
BLACK
6
CONTINUOUS
10
167.0904759999999953
20
-100.6071999999999917
11
167.0428569999999979
21
-100.5595799999999969
0
LINE
8
BLACK
6
CONTINUOUS
10
135.7551420000000064
20
-81.7348190000000017
11
135.4218089999999961
21
-81.2586280000000016
0
LINE
8
BLACK
6
CONTINUOUS
10
135.1837139999999806
20
-81.7348190000000017
11
135.1837139999999806
21
-80.7348190000000017
0
LINE
8
BLACK
6
CONTINUOUS
10
135.1837139999999806
20
-80.7348190000000017
11
135.5646659999999883
21
-80.7348190000000017
0
LINE
8
BLACK
6
CONTINUOUS
10
135.5646659999999883
20
-80.7348190000000017
11
135.6599039999999832
21
-80.7824379999999991
0
LINE
8
BLACK
6
CONTINUOUS
10
135.6599039999999832
20
-80.7824379999999991
11
135.7075229999999806
21
-80.8300569999999965
0
LINE
8
BLACK
6
CONTINUOUS
10
135.7075229999999806
20
-80.8300569999999965
11
135.7551420000000064
21
-80.9252949999999913
0
LINE
8
BLACK
6
CONTINUOUS
10
135.7551420000000064
20
-80.9252949999999913
11
135.7551420000000064
21
-81.0681519999999978
0
LINE
8
BLACK
6
CONTINUOUS
10
135.7551420000000064
20
-81.0681519999999978
11
135.7075229999999806
21
-81.1633899999999926
0
LINE
8
BLACK
6
CONTINUOUS
10
135.7075229999999806
20
-81.1633899999999926
11
135.6599039999999832
21
-81.21100899999999
0
LINE
8
BLACK
6
CONTINUOUS
10
135.6599039999999832
20
-81.21100899999999
11
135.5646659999999883
21
-81.2586280000000016
0
LINE
8
BLACK
6
CONTINUOUS
10
135.5646659999999883
20
-81.2586280000000016
11
135.1837139999999806
21
-81.2586280000000016
0
LINE
8
BLACK
6
CONTINUOUS
10
136.0884759999999858
20
-80.7348190000000017
11
136.7075229999999806
21
-80.7348190000000017
0
LINE
8
BLACK
6
CONTINUOUS
10
136.7075229999999806
20
-80.7348190000000017
11
136.3741899999999987
21
-81.1157709999999952
0
LINE
8
BLACK
6
CONTINUOUS
10
136.3741899999999987
20
-81.1157709999999952
11
136.5170469999999909
21
-81.1157709999999952
0
LINE
8
BLACK
6
CONTINUOUS
10
136.5170469999999909
20
-81.1157709999999952
11
136.6122849999999858
21
-81.1633899999999926
0
LINE
8
BLACK
6
CONTINUOUS
10
136.6122849999999858
20
-81.1633899999999926
11
136.6599039999999832
21
-81.21100899999999
0
LINE
8
BLACK
6
CONTINUOUS
10
136.6599039999999832
20
-81.21100899999999
11
136.7075229999999806
21
-81.306246999999999
0
LINE
8
BLACK
6
CONTINUOUS
10
136.7075229999999806
20
-81.306246999999999
11
136.7075229999999806
21
-81.5443420000000003
0
LINE
8
BLACK
6
CONTINUOUS
10
136.7075229999999806
20
-81.5443420000000003
11
136.6599039999999832
21
-81.6395799999999952
0
LINE
8
BLACK
6
CONTINUOUS
10
136.6599039999999832
20
-81.6395799999999952
11
136.6122849999999858
21
-81.68719999999999
0
LINE
8
BLACK
6
CONTINUOUS
10
136.6122849999999858
20
-81.68719999999999
11
136.5170469999999909
21
-81.7348190000000017
0
LINE
8
BLACK
6
CONTINUOUS
10
136.5170469999999909
20
-81.7348190000000017
11
136.2313330000000065
21
-81.7348190000000017
0
LINE
8
BLACK
6
CONTINUOUS
10
136.2313330000000065
20
-81.7348190000000017
11
136.1360949999999832
21
-81.68719999999999
0
LINE
8
BLACK
6
CONTINUOUS
10
136.1360949999999832
20
-81.68719999999999
11
136.0884759999999858
21
-81.6395799999999952
0
LINE
8
BLACK
6
CONTINUOUS
10
137.0884759999999858
20
-80.8300569999999965
11
137.1360949999999832
21
-80.7824379999999991
0
LINE
8
BLACK
6
CONTINUOUS
10
137.1360949999999832
20
-80.7824379999999991
11
137.2313330000000065
21
-80.7348190000000017
0
LINE
8
BLACK
6
CONTINUOUS
10
137.2313330000000065
20
-80.7348190000000017
11
137.4694279999999935
21
-80.7348190000000017
0
LINE
8
BLACK
6
CONTINUOUS
10
137.4694279999999935
20
-80.7348190000000017
11
137.5646659999999883
21
-80.7824379999999991
0
LINE
8
BLACK
6
CONTINUOUS
10
137.5646659999999883
20
-80.7824379999999991
11
137.6122849999999858
21
-80.8300569999999965
0
LINE
8
BLACK
6
CONTINUOUS
10
137.6122849999999858
20
-80.8300569999999965
11
137.6599039999999832
21
-80.9252949999999913
0
LINE
8
BLACK
6
CONTINUOUS
10
137.6599039999999832
20
-80.9252949999999913
11
137.6599039999999832
21
-81.0205330000000004
0
LINE
8
BLACK
6
CONTINUOUS
10
137.6599039999999832
20
-81.0205330000000004
11
137.6122849999999858
21
-81.1633899999999926
0
LINE
8
BLACK
6
CONTINUOUS
10
137.6122849999999858
20
-81.1633899999999926
11
137.0408569999999884
21
-81.7348190000000017
0
LINE
8
BLACK
6
CONTINUOUS
10
137.0408569999999884
20
-81.7348190000000017
11
137.6599039999999832
21
-81.7348190000000017
0
LINE
8
BLACK
6
CONTINUOUS
10
147.7748189999999795
20
-60.7138569999999973
11
147.2986279999999795
21
-61.0471900000000005
0
LINE
8
BLACK
6
CONTINUOUS
10
147.7748189999999795
20
-61.2852849999999947
11
146.7748189999999795
21
-61.2852849999999947
0
LINE
8
BLACK
6
CONTINUOUS
10
146.7748189999999795
20
-61.2852849999999947
11
146.7748189999999795
21
-60.9043329999999941
0
LINE
8
BLACK
6
CONTINUOUS
10
146.7748189999999795
20
-60.9043329999999941
11
146.8224380000000053
21
-60.8090949999999992
0
LINE
8
BLACK
6
CONTINUOUS
10
146.8224380000000053
20
-60.8090949999999992
11
146.8700570000000027
21
-60.7614759999999947
0
LINE
8
BLACK
6
CONTINUOUS
10
146.8700570000000027
20
-60.7614759999999947
11
146.9652949999999976
21
-60.7138569999999973
0
LINE
8
BLACK
6
CONTINUOUS
10
146.9652949999999976
20
-60.7138569999999973
11
147.1081519999999898
21
-60.7138569999999973
0
LINE
8
BLACK
6
CONTINUOUS
10
147.1081519999999898
20
-60.7138569999999973
11
147.2033899999999846
21
-60.7614759999999947
0
LINE
8
BLACK
6
CONTINUOUS
10
147.2033899999999846
20
-60.7614759999999947
11
147.2510089999999821
21
-60.8090949999999992
0
LINE
8
BLACK
6
CONTINUOUS
10
147.2510089999999821
20
-60.8090949999999992
11
147.2986279999999795
21
-60.9043329999999941
0
LINE
8
BLACK
6
CONTINUOUS
10
147.2986279999999795
20
-60.9043329999999941
11
147.2986279999999795
21
-61.2852849999999947
0
LINE
8
BLACK
6
CONTINUOUS
10
146.8700570000000027
20
-60.3329039999999992
11
146.8224380000000053
21
-60.2852849999999947
0
LINE
8
BLACK
6
CONTINUOUS
10
146.8224380000000053
20
-60.2852849999999947
11
146.7748189999999795
21
-60.1900469999999999
0
LINE
8
BLACK
6
CONTINUOUS
10
146.7748189999999795
20
-60.1900469999999999
11
146.7748189999999795
21
-59.9519519999999986
0
LINE
8
BLACK
6
CONTINUOUS
10
146.7748189999999795
20
-59.9519519999999986
11
146.8224380000000053
21
-59.8567139999999966
0
LINE
8
BLACK
6
CONTINUOUS
10
146.8224380000000053
20
-59.8567139999999966
11
146.8700570000000027
21
-59.8090949999999992
0
LINE
8
BLACK
6
CONTINUOUS
10
146.8700570000000027
20
-59.8090949999999992
11
146.9652949999999976
21
-59.7614759999999947
0
LINE
8
BLACK
6
CONTINUOUS
10
146.9652949999999976
20
-59.7614759999999947
11
147.0605329999999924
21
-59.7614759999999947
0
LINE
8
BLACK
6
CONTINUOUS
10
147.0605329999999924
20
-59.7614759999999947
11
147.2033899999999846
21
-59.8090949999999992
0
LINE
8
BLACK
6
CONTINUOUS
10
147.2033899999999846
20
-59.8090949999999992
11
147.7748189999999795
21
-60.3805229999999966
0
LINE
8
BLACK
6
CONTINUOUS
10
147.7748189999999795
20
-60.3805229999999966
11
147.7748189999999795
21
-59.7614759999999947
0
LINE
8
BLACK
6
CONTINUOUS
10
146.7748189999999795
20
-58.9043329999999941
11
146.7748189999999795
21
-59.0948089999999979
0
LINE
8
BLACK
6
CONTINUOUS
10
146.7748189999999795
20
-59.0948089999999979
11
146.8224380000000053
21
-59.1900469999999999
0
LINE
8
BLACK
6
CONTINUOUS
10
146.8224380000000053
20
-59.1900469999999999
11
146.8700570000000027
21
-59.2376659999999973
0
LINE
8
BLACK
6
CONTINUOUS
10
146.8700570000000027
20
-59.2376659999999973
11
147.012913999999995
21
-59.3329039999999992
0
LINE
8
BLACK
6
CONTINUOUS
10
147.012913999999995
20
-59.3329039999999992
11
147.2033899999999846
21
-59.3805229999999966
0
LINE
8
BLACK
6
CONTINUOUS
10
147.2033899999999846
20
-59.3805229999999966
11
147.5843419999999924
21
-59.3805229999999966
0
LINE
8
BLACK
6
CONTINUOUS
10
147.5843419999999924
20
-59.3805229999999966
11
147.6795799999999872
21
-59.3329039999999992
0
LINE
8
BLACK
6
CONTINUOUS
10
147.6795799999999872
20
-59.3329039999999992
11
147.7271999999999821
21
-59.2852849999999947
0
LINE
8
BLACK
6
CONTINUOUS
10
147.7271999999999821
20
-59.2852849999999947
11
147.7748189999999795
21
-59.1900469999999999
0
LINE
8
BLACK
6
CONTINUOUS
10
147.7748189999999795
20
-59.1900469999999999
11
147.7748189999999795
21
-58.999570999999996
0
LINE
8
BLACK
6
CONTINUOUS
10
147.7748189999999795
20
-58.999570999999996
11
147.7271999999999821
21
-58.9043329999999941
0
LINE
8
BLACK
6
CONTINUOUS
10
147.7271999999999821
20
-58.9043329999999941
11
147.6795799999999872
21
-58.8567139999999966
0
LINE
8
BLACK
6
CONTINUOUS
10
147.6795799999999872
20
-58.8567139999999966
11
147.5843419999999924
21
-58.8090949999999992
0
LINE
8
BLACK
6
CONTINUOUS
10
147.5843419999999924
20
-58.8090949999999992
11
147.3462470000000053
21
-58.8090949999999992
0
LINE
8
BLACK
6
CONTINUOUS
10
147.3462470000000053
20
-58.8090949999999992
11
147.2510089999999821
21
-58.8567139999999966
0
LINE
8
BLACK
6
CONTINUOUS
10
147.2510089999999821
20
-58.8567139999999966
11
147.2033899999999846
21
-58.9043329999999941
0
LINE
8
BLACK
6
CONTINUOUS
10
147.2033899999999846
20
-58.9043329999999941
11
147.1557709999999872
21
-58.999570999999996
0
LINE
8
BLACK
6
CONTINUOUS
10
147.1557709999999872
20
-58.999570999999996
11
147.1557709999999872
21
-59.1900469999999999
0
LINE
8
BLACK
6
CONTINUOUS
10
147.1557709999999872
20
-59.1900469999999999
11
147.2033899999999846
21
-59.2852849999999947
0
LINE
8
BLACK
6
CONTINUOUS
10
147.2033899999999846
20
-59.2852849999999947
11
147.2510089999999821
21
-59.3329039999999992
0
LINE
8
BLACK
6
CONTINUOUS
10
147.2510089999999821
20
-59.3329039999999992
11
147.3462470000000053
21
-59.3805229999999966
0
LINE
8
BLACK
6
CONTINUOUS
10
140.5200089999999875
20
-57.7293329999999969
11
140.5200089999999875
21
-58.0626660000000001
0
LINE
8
BLACK
6
CONTINUOUS
10
141.043818999999985
20
-58.0626660000000001
11
140.043818999999985
21
-58.0626660000000001
0
LINE
8
BLACK
6
CONTINUOUS
10
140.043818999999985
20
-58.0626660000000001
11
140.043818999999985
21
-57.5864759999999976
0
LINE
8
BLACK
6
CONTINUOUS
10
140.5200089999999875
20
-56.8721899999999962
11
140.5676279999999849
21
-56.7293329999999969
0
LINE
8
BLACK
6
CONTINUOUS
10
140.5676279999999849
20
-56.7293329999999969
11
140.6152469999999823
21
-56.6817139999999995
0
LINE
8
BLACK
6
CONTINUOUS
10
140.6152469999999823
20
-56.6817139999999995
11
140.7104850000000056
21
-56.634094999999995
0
LINE
8
BLACK
6
CONTINUOUS
10
140.7104850000000056
20
-56.634094999999995
11
140.8533419999999978
21
-56.634094999999995
0
LINE
8
BLACK
6
CONTINUOUS
10
140.8533419999999978
20
-56.634094999999995
11
140.9485799999999927
21
-56.6817139999999995
0
LINE
8
BLACK
6
CONTINUOUS
10
140.9485799999999927
20
-56.6817139999999995
11
140.9961999999999875
21
-56.7293329999999969
0
LINE
8
BLACK
6
CONTINUOUS
10
140.9961999999999875
20
-56.7293329999999969
11
141.043818999999985
21
-56.8245709999999988
0
LINE
8
BLACK
6
CONTINUOUS
10
141.043818999999985
20
-56.8245709999999988
11
141.043818999999985
21
-57.2055229999999995
0
LINE
8
BLACK
6
CONTINUOUS
10
141.043818999999985
20
-57.2055229999999995
11
140.043818999999985
21
-57.2055229999999995
0
LINE
8
BLACK
6
CONTINUOUS
10
140.043818999999985
20
-57.2055229999999995
11
140.043818999999985
21
-56.8721899999999962
0
LINE
8
BLACK
6
CONTINUOUS
10
140.043818999999985
20
-56.8721899999999962
11
140.0914379999999824
21
-56.7769519999999943
0
LINE
8
BLACK
6
CONTINUOUS
10
140.0914379999999824
20
-56.7769519999999943
11
140.1390569999999798
21
-56.7293329999999969
0
LINE
8
BLACK
6
CONTINUOUS
10
140.1390569999999798
20
-56.7293329999999969
11
140.234295000000003
21
-56.6817139999999995
0
LINE
8
BLACK
6
CONTINUOUS
10
140.234295000000003
20
-56.6817139999999995
11
140.3295329999999979
21
-56.6817139999999995
0
LINE
8
BLACK
6
CONTINUOUS
10
140.3295329999999979
20
-56.6817139999999995
11
140.4247709999999927
21
-56.7293329999999969
0
LINE
8
BLACK
6
CONTINUOUS
10
140.4247709999999927
20
-56.7293329999999969
11
140.4723899999999901
21
-56.7769519999999943
0
LINE
8
BLACK
6
CONTINUOUS
10
140.4723899999999901
20
-56.7769519999999943
11
140.5200089999999875
21
-56.8721899999999962
0
LINE
8
BLACK
6
CONTINUOUS
10
140.5200089999999875
20
-56.8721899999999962
11
140.5200089999999875
21
-57.2055229999999995
0
LINE
8
BLACK
6
CONTINUOUS
10
141.043818999999985
20
-55.6817139999999995
11
141.043818999999985
21
-56.2531419999999969
0
LINE
8
BLACK
6
CONTINUOUS
10
141.043818999999985
20
-55.9674279999999982
11
140.043818999999985
21
-55.9674279999999982
0
LINE
8
BLACK
6
CONTINUOUS
10
140.043818999999985
20
-55.9674279999999982
11
140.1866760000000056
21
-56.0626660000000001
0
LINE
8
BLACK
6
CONTINUOUS
10
140.1866760000000056
20
-56.0626660000000001
11
140.2819140000000004
21
-56.1579039999999949
0
LINE
8
BLACK
6
CONTINUOUS
10
140.2819140000000004
20
-56.1579039999999949
11
140.3295329999999979
21
-56.2531419999999969
0
LINE
8
BLACK
6
CONTINUOUS
10
158.5548189999999806
20
-56.961903999999997
11
159.3643419999999935
21
-56.961903999999997
0
LINE
8
BLACK
6
CONTINUOUS
10
159.3643419999999935
20
-56.961903999999997
11
159.4595799999999883
21
-56.9142849999999996
0
LINE
8
BLACK
6
CONTINUOUS
10
159.4595799999999883
20
-56.9142849999999996
11
159.5071999999999832
21
-56.8666659999999951
0
LINE
8
BLACK
6
CONTINUOUS
10
159.5071999999999832
20
-56.8666659999999951
11
159.5548189999999806
21
-56.7714280000000002
0
LINE
8
BLACK
6
CONTINUOUS
10
159.5548189999999806
20
-56.7714280000000002
11
159.5548189999999806
21
-56.5809519999999964
0
LINE
8
BLACK
6
CONTINUOUS
10
159.5548189999999806
20
-56.5809519999999964
11
159.5071999999999832
21
-56.4857139999999944
0
LINE
8
BLACK
6
CONTINUOUS
10
159.5071999999999832
20
-56.4857139999999944
11
159.4595799999999883
21
-56.438094999999997
0
LINE
8
BLACK
6
CONTINUOUS
10
159.4595799999999883
20
-56.438094999999997
11
159.3643419999999935
21
-56.3904759999999996
0
LINE
8
BLACK
6
CONTINUOUS
10
159.3643419999999935
20
-56.3904759999999996
11
158.5548189999999806
21
-56.3904759999999996
0
LINE
8
BLACK
6
CONTINUOUS
10
159.5548189999999806
20
-55.3904759999999996
11
159.5548189999999806
21
-55.961903999999997
0
LINE
8
BLACK
6
CONTINUOUS
10
159.5548189999999806
20
-55.6761899999999983
11
158.5548189999999806
21
-55.6761899999999983
0
LINE
8
BLACK
6
CONTINUOUS
10
158.5548189999999806
20
-55.6761899999999983
11
158.6976760000000013
21
-55.7714280000000002
0
LINE
8
BLACK
6
CONTINUOUS
10
158.6976760000000013
20
-55.7714280000000002
11
158.7929139999999961
21
-55.8666659999999951
0
LINE
8
BLACK
6
CONTINUOUS
10
158.7929139999999961
20
-55.8666659999999951
11
158.8405329999999935
21
-55.961903999999997
0
LINE
8
BLACK
6
CONTINUOUS
10
163.5545799999999872
20
-93.5116659999999911
11
163.6021999999999821
21
-93.5592850000000027
0
LINE
8
BLACK
6
CONTINUOUS
10
163.6021999999999821
20
-93.5592850000000027
11
163.6498189999999795
21
-93.7021419999999949
0
LINE
8
BLACK
6
CONTINUOUS
10
163.6498189999999795
20
-93.7021419999999949
11
163.6498189999999795
21
-93.7973799999999898
0
LINE
8
BLACK
6
CONTINUOUS
10
163.6498189999999795
20
-93.7973799999999898
11
163.6021999999999821
21
-93.9402369999999962
0
LINE
8
BLACK
6
CONTINUOUS
10
163.6021999999999821
20
-93.9402369999999962
11
163.5069609999999898
21
-94.035474999999991
0
LINE
8
BLACK
6
CONTINUOUS
10
163.5069609999999898
20
-94.035474999999991
11
163.411722999999995
21
-94.0830940000000027
0
LINE
8
BLACK
6
CONTINUOUS
10
163.411722999999995
20
-94.0830940000000027
11
163.2212470000000053
21
-94.1307130000000001
0
LINE
8
BLACK
6
CONTINUOUS
10
163.2212470000000053
20
-94.1307130000000001
11
163.0783899999999846
21
-94.1307130000000001
0
LINE
8
BLACK
6
CONTINUOUS
10
163.0783899999999846
20
-94.1307130000000001
11
162.887913999999995
21
-94.0830940000000027
0
LINE
8
BLACK
6
CONTINUOUS
10
162.887913999999995
20
-94.0830940000000027
11
162.7926760000000002
21
-94.035474999999991
0
LINE
8
BLACK
6
CONTINUOUS
10
162.7926760000000002
20
-94.035474999999991
11
162.6974380000000053
21
-93.9402369999999962
0
LINE
8
BLACK
6
CONTINUOUS
10
162.6974380000000053
20
-93.9402369999999962
11
162.6498189999999795
21
-93.7973799999999898
0
LINE
8
BLACK
6
CONTINUOUS
10
162.6498189999999795
20
-93.7973799999999898
11
162.6498189999999795
21
-93.7021419999999949
0
LINE
8
BLACK
6
CONTINUOUS
10
162.6498189999999795
20
-93.7021419999999949
11
162.6974380000000053
21
-93.5592850000000027
0
LINE
8
BLACK
6
CONTINUOUS
10
162.6974380000000053
20
-93.5592850000000027
11
162.7450570000000027
21
-93.5116659999999911
0
LINE
8
BLACK
6
CONTINUOUS
10
162.6498189999999795
20
-93.1783319999999975
11
162.6498189999999795
21
-92.5116659999999911
0
LINE
8
BLACK
6
CONTINUOUS
10
162.6498189999999795
20
-92.5116659999999911
11
163.6498189999999795
21
-92.9402369999999962
0
LINE
8
BLACK
6
CONTINUOUS
10
171.1428190000000029
20
-77.4778570000000002
11
170.6666280000000029
21
-77.8111899999999963
0
LINE
8
BLACK
6
CONTINUOUS
10
171.1428190000000029
20
-78.0492849999999976
11
170.1428190000000029
21
-78.0492849999999976
0
LINE
8
BLACK
6
CONTINUOUS
10
170.1428190000000029
20
-78.0492849999999976
11
170.1428190000000029
21
-77.6683329999999899
0
LINE
8
BLACK
6
CONTINUOUS
10
170.1428190000000029
20
-77.6683329999999899
11
170.1904380000000003
21
-77.573094999999995
0
LINE
8
BLACK
6
CONTINUOUS
10
170.1904380000000003
20
-77.573094999999995
11
170.2380569999999977
21
-77.5254759999999976
0
LINE
8
BLACK
6
CONTINUOUS
10
170.2380569999999977
20
-77.5254759999999976
11
170.3332949999999926
21
-77.4778570000000002
0
LINE
8
BLACK
6
CONTINUOUS
10
170.3332949999999926
20
-77.4778570000000002
11
170.4761519999999848
21
-77.4778570000000002
0
LINE
8
BLACK
6
CONTINUOUS
10
170.4761519999999848
20
-77.4778570000000002
11
170.5713899999999796
21
-77.5254759999999976
0
LINE
8
BLACK
6
CONTINUOUS
10
170.5713899999999796
20
-77.5254759999999976
11
170.6190090000000055
21
-77.573094999999995
0
LINE
8
BLACK
6
CONTINUOUS
10
170.6190090000000055
20
-77.573094999999995
11
170.6666280000000029
21
-77.6683329999999899
0
LINE
8
BLACK
6
CONTINUOUS
10
170.6666280000000029
20
-77.6683329999999899
11
170.6666280000000029
21
-78.0492849999999976
0
LINE
8
BLACK
6
CONTINUOUS
10
170.2380569999999977
20
-77.096903999999995
11
170.1904380000000003
21
-77.0492849999999976
0
LINE
8
BLACK
6
CONTINUOUS
10
170.1904380000000003
20
-77.0492849999999976
11
170.1428190000000029
21
-76.9540470000000028
0
LINE
8
BLACK
6
CONTINUOUS
10
170.1428190000000029
20
-76.9540470000000028
11
170.1428190000000029
21
-76.7159520000000015
0
LINE
8
BLACK
6
CONTINUOUS
10
170.1428190000000029
20
-76.7159520000000015
11
170.1904380000000003
21
-76.6207139999999924
0
LINE
8
BLACK
6
CONTINUOUS
10
170.1904380000000003
20
-76.6207139999999924
11
170.2380569999999977
21
-76.573094999999995
0
LINE
8
BLACK
6
CONTINUOUS
10
170.2380569999999977
20
-76.573094999999995
11
170.3332949999999926
21
-76.5254759999999976
0
LINE
8
BLACK
6
CONTINUOUS
10
170.3332949999999926
20
-76.5254759999999976
11
170.4285329999999874
21
-76.5254759999999976
0
LINE
8
BLACK
6
CONTINUOUS
10
170.4285329999999874
20
-76.5254759999999976
11
170.5713899999999796
21
-76.573094999999995
0
LINE
8
BLACK
6
CONTINUOUS
10
170.5713899999999796
20
-76.573094999999995
11
171.1428190000000029
21
-77.1445229999999924
0
LINE
8
BLACK
6
CONTINUOUS
10
171.1428190000000029
20
-77.1445229999999924
11
171.1428190000000029
21
-76.5254759999999976
0
LINE
8
BLACK
6
CONTINUOUS
10
170.1428190000000029
20
-76.1921419999999898
11
170.1428190000000029
21
-75.573094999999995
0
LINE
8
BLACK
6
CONTINUOUS
10
170.1428190000000029
20
-75.573094999999995
11
170.5237709999999822
21
-75.9064279999999911
0
LINE
8
BLACK
6
CONTINUOUS
10
170.5237709999999822
20
-75.9064279999999911
11
170.5237709999999822
21
-75.7635709999999989
0
LINE
8
BLACK
6
CONTINUOUS
10
170.5237709999999822
20
-75.7635709999999989
11
170.5713899999999796
21
-75.6683329999999899
0
LINE
8
BLACK
6
CONTINUOUS
10
170.5713899999999796
20
-75.6683329999999899
11
170.6190090000000055
21
-75.6207139999999924
0
LINE
8
BLACK
6
CONTINUOUS
10
170.6190090000000055
20
-75.6207139999999924
11
170.7142470000000003
21
-75.573094999999995
0
LINE
8
BLACK
6
CONTINUOUS
10
170.7142470000000003
20
-75.573094999999995
11
170.9523419999999874
21
-75.573094999999995
0
LINE
8
BLACK
6
CONTINUOUS
10
170.9523419999999874
20
-75.573094999999995
11
171.0475799999999822
21
-75.6207139999999924
0
LINE
8
BLACK
6
CONTINUOUS
10
171.0475799999999822
20
-75.6207139999999924
11
171.0952000000000055
21
-75.6683329999999899
0
LINE
8
BLACK
6
CONTINUOUS
10
171.0952000000000055
20
-75.6683329999999899
11
171.1428190000000029
21
-75.7635709999999989
0
LINE
8
BLACK
6
CONTINUOUS
10
171.1428190000000029
20
-75.7635709999999989
11
171.1428190000000029
21
-76.0492849999999976
0
LINE
8
BLACK
6
CONTINUOUS
10
171.1428190000000029
20
-76.0492849999999976
11
171.0952000000000055
21
-76.1445229999999924
0
LINE
8
BLACK
6
CONTINUOUS
10
171.0952000000000055
20
-76.1445229999999924
11
171.0475799999999822
21
-76.1921419999999898
0
LINE
8
BLACK
6
CONTINUOUS
10
175.6071419999999819
20
-73.7048190000000005
11
175.273809
21
-73.2286280000000005
0
LINE
8
BLACK
6
CONTINUOUS
10
175.0357139999999845
20
-73.7048190000000005
11
175.0357139999999845
21
-72.7048190000000005
0
LINE
8
BLACK
6
CONTINUOUS
10
175.0357139999999845
20
-72.7048190000000005
11
175.4166659999999922
21
-72.7048190000000005
0
LINE
8
BLACK
6
CONTINUOUS
10
175.4166659999999922
20
-72.7048190000000005
11
175.511903999999987
21
-72.7524379999999979
0
LINE
8
BLACK
6
CONTINUOUS
10
175.511903999999987
20
-72.7524379999999979
11
175.5595229999999844
21
-72.8000569999999954
0
LINE
8
BLACK
6
CONTINUOUS
10
175.5595229999999844
20
-72.8000569999999954
11
175.6071419999999819
21
-72.8952949999999902
0
LINE
8
BLACK
6
CONTINUOUS
10
175.6071419999999819
20
-72.8952949999999902
11
175.6071419999999819
21
-73.0381519999999966
0
LINE
8
BLACK
6
CONTINUOUS
10
175.6071419999999819
20
-73.0381519999999966
11
175.5595229999999844
21
-73.1333899999999915
0
LINE
8
BLACK
6
CONTINUOUS
10
175.5595229999999844
20
-73.1333899999999915
11
175.511903999999987
21
-73.1810090000000031
0
LINE
8
BLACK
6
CONTINUOUS
10
175.511903999999987
20
-73.1810090000000031
11
175.4166659999999922
21
-73.2286280000000005
0
LINE
8
BLACK
6
CONTINUOUS
10
175.4166659999999922
20
-73.2286280000000005
11
175.0357139999999845
21
-73.2286280000000005
0
LINE
8
BLACK
6
CONTINUOUS
10
176.5595229999999844
20
-73.7048190000000005
11
175.9880949999999871
21
-73.7048190000000005
0
LINE
8
BLACK
6
CONTINUOUS
10
176.273809
20
-73.7048190000000005
11
176.273809
21
-72.7048190000000005
0
LINE
8
BLACK
6
CONTINUOUS
10
176.273809
20
-72.7048190000000005
11
176.1785710000000051
21
-72.8476759999999928
0
LINE
8
BLACK
6
CONTINUOUS
10
176.1785710000000051
20
-72.8476759999999928
11
176.0833329999999819
21
-72.9429140000000018
0
LINE
8
BLACK
6
CONTINUOUS
10
176.0833329999999819
20
-72.9429140000000018
11
175.9880949999999871
21
-72.9905329999999992
0
LINE
8
BLACK
6
CONTINUOUS
10
177.1785710000000051
20
-72.7048190000000005
11
177.273809
21
-72.7048190000000005
0
LINE
8
BLACK
6
CONTINUOUS
10
177.273809
20
-72.7048190000000005
11
177.3690469999999948
21
-72.7524379999999979
0
LINE
8
BLACK
6
CONTINUOUS
10
177.3690469999999948
20
-72.7524379999999979
11
177.4166659999999922
21
-72.8000569999999954
0
LINE
8
BLACK
6
CONTINUOUS
10
177.4166659999999922
20
-72.8000569999999954
11
177.4642849999999896
21
-72.8952949999999902
0
LINE
8
BLACK
6
CONTINUOUS
10
177.4642849999999896
20
-72.8952949999999902
11
177.511903999999987
21
-73.085770999999994
0
LINE
8
BLACK
6
CONTINUOUS
10
177.511903999999987
20
-73.085770999999994
11
177.511903999999987
21
-73.3238659999999953
0
LINE
8
BLACK
6
CONTINUOUS
10
177.511903999999987
20
-73.3238659999999953
11
177.4642849999999896
21
-73.5143419999999992
0
LINE
8
BLACK
6
CONTINUOUS
10
177.4642849999999896
20
-73.5143419999999992
11
177.4166659999999922
21
-73.609579999999994
0
LINE
8
BLACK
6
CONTINUOUS
10
177.4166659999999922
20
-73.609579999999994
11
177.3690469999999948
21
-73.6572000000000031
0
LINE
8
BLACK
6
CONTINUOUS
10
177.3690469999999948
20
-73.6572000000000031
11
177.273809
21
-73.7048190000000005
0
LINE
8
BLACK
6
CONTINUOUS
10
177.273809
20
-73.7048190000000005
11
177.1785710000000051
21
-73.7048190000000005
0
LINE
8
BLACK
6
CONTINUOUS
10
177.1785710000000051
20
-73.7048190000000005
11
177.0833329999999819
21
-73.6572000000000031
0
LINE
8
BLACK
6
CONTINUOUS
10
177.0833329999999819
20
-73.6572000000000031
11
177.0357139999999845
21
-73.609579999999994
0
LINE
8
BLACK
6
CONTINUOUS
10
177.0357139999999845
20
-73.609579999999994
11
176.9880949999999871
21
-73.5143419999999992
0
LINE
8
BLACK
6
CONTINUOUS
10
176.9880949999999871
20
-73.5143419999999992
11
176.9404759999999897
21
-73.3238659999999953
0
LINE
8
BLACK
6
CONTINUOUS
10
176.9404759999999897
20
-73.3238659999999953
11
176.9404759999999897
21
-73.085770999999994
0
LINE
8
BLACK
6
CONTINUOUS
10
176.9404759999999897
20
-73.085770999999994
11
176.9880949999999871
21
-72.8952949999999902
0
LINE
8
BLACK
6
CONTINUOUS
10
176.9880949999999871
20
-72.8952949999999902
11
177.0357139999999845
21
-72.8000569999999954
0
LINE
8
BLACK
6
CONTINUOUS
10
177.0357139999999845
20
-72.8000569999999954
11
177.0833329999999819
21
-72.7524379999999979
0
LINE
8
BLACK
6
CONTINUOUS
10
177.0833329999999819
20
-72.7524379999999979
11
177.1785710000000051
21
-72.7048190000000005
0
LINE
8
BLACK
6
CONTINUOUS
10
140.5811419999999998
20
-61.3195799999999949
11
140.5335230000000024
21
-61.3671999999999969
0
LINE
8
BLACK
6
CONTINUOUS
10
140.5335230000000024
20
-61.3671999999999969
11
140.3906659999999818
21
-61.4148189999999943
0
LINE
8
BLACK
6
CONTINUOUS
10
140.3906659999999818
20
-61.4148189999999943
11
140.2954279999999869
21
-61.4148189999999943
0
LINE
8
BLACK
6
CONTINUOUS
10
140.2954279999999869
20
-61.4148189999999943
11
140.1525709999999947
21
-61.3671999999999969
0
LINE
8
BLACK
6
CONTINUOUS
10
140.1525709999999947
20
-61.3671999999999969
11
140.0573329999999999
21
-61.2719609999999975
0
LINE
8
BLACK
6
CONTINUOUS
10
140.0573329999999999
20
-61.2719609999999975
11
140.0097140000000024
21
-61.1767229999999955
0
LINE
8
BLACK
6
CONTINUOUS
10
140.0097140000000024
20
-61.1767229999999955
11
139.962095000000005
21
-60.9862469999999988
0
LINE
8
BLACK
6
CONTINUOUS
10
139.962095000000005
20
-60.9862469999999988
11
139.962095000000005
21
-60.8433899999999994
0
LINE
8
BLACK
6
CONTINUOUS
10
139.962095000000005
20
-60.8433899999999994
11
140.0097140000000024
21
-60.6529139999999956
0
LINE
8
BLACK
6
CONTINUOUS
10
140.0097140000000024
20
-60.6529139999999956
11
140.0573329999999999
21
-60.5576760000000007
0
LINE
8
BLACK
6
CONTINUOUS
10
140.0573329999999999
20
-60.5576760000000007
11
140.1525709999999947
21
-60.4624379999999988
0
LINE
8
BLACK
6
CONTINUOUS
10
140.1525709999999947
20
-60.4624379999999988
11
140.2954279999999869
21
-60.4148189999999943
0
LINE
8
BLACK
6
CONTINUOUS
10
140.2954279999999869
20
-60.4148189999999943
11
140.3906659999999818
21
-60.4148189999999943
0
LINE
8
BLACK
6
CONTINUOUS
10
140.3906659999999818
20
-60.4148189999999943
11
140.5335230000000024
21
-60.4624379999999988
0
LINE
8
BLACK
6
CONTINUOUS
10
140.5335230000000024
20
-60.4624379999999988
11
140.5811419999999998
21
-60.5100569999999962
0
LINE
8
BLACK
6
CONTINUOUS
10
141.5335230000000024
20
-61.4148189999999943
11
140.962095000000005
21
-61.4148189999999943
0
LINE
8
BLACK
6
CONTINUOUS
10
141.2478089999999895
20
-61.4148189999999943
11
141.2478089999999895
21
-60.4148189999999943
0
LINE
8
BLACK
6
CONTINUOUS
10
141.2478089999999895
20
-60.4148189999999943
11
141.1525709999999947
21
-60.5576760000000007
0
LINE
8
BLACK
6
CONTINUOUS
10
141.1525709999999947
20
-60.5576760000000007
11
141.0573329999999999
21
-60.6529139999999956
0
LINE
8
BLACK
6
CONTINUOUS
10
141.0573329999999999
20
-60.6529139999999956
11
140.962095000000005
21
-60.7005330000000001
0
LINE
8
BLACK
6
CONTINUOUS
10
141.9144760000000076
20
-60.5100569999999962
11
141.962095000000005
21
-60.4624379999999988
0
LINE
8
BLACK
6
CONTINUOUS
10
141.962095000000005
20
-60.4624379999999988
11
142.0573329999999999
21
-60.4148189999999943
0
LINE
8
BLACK
6
CONTINUOUS
10
142.0573329999999999
20
-60.4148189999999943
11
142.2954279999999869
21
-60.4148189999999943
0
LINE
8
BLACK
6
CONTINUOUS
10
142.2954279999999869
20
-60.4148189999999943
11
142.3906659999999818
21
-60.4624379999999988
0
LINE
8
BLACK
6
CONTINUOUS
10
142.3906659999999818
20
-60.4624379999999988
11
142.4382850000000076
21
-60.5100569999999962
0
LINE
8
BLACK
6
CONTINUOUS
10
142.4382850000000076
20
-60.5100569999999962
11
142.485904000000005
21
-60.6052949999999981
0
LINE
8
BLACK
6
CONTINUOUS
10
142.485904000000005
20
-60.6052949999999981
11
142.485904000000005
21
-60.7005330000000001
0
LINE
8
BLACK
6
CONTINUOUS
10
142.485904000000005
20
-60.7005330000000001
11
142.4382850000000076
21
-60.8433899999999994
0
LINE
8
BLACK
6
CONTINUOUS
10
142.4382850000000076
20
-60.8433899999999994
11
141.8668569999999818
21
-61.4148189999999943
0
LINE
8
BLACK
6
CONTINUOUS
10
141.8668569999999818
20
-61.4148189999999943
11
142.485904000000005
21
-61.4148189999999943
0
LINE
8
BLACK
6
CONTINUOUS
10
138.0411420000000078
20
-84.5605800000000016
11
137.9935229999999819
21
-84.6081999999999965
0
LINE
8
BLACK
6
CONTINUOUS
10
137.9935229999999819
20
-84.6081999999999965
11
137.8506659999999897
21
-84.6558189999999939
0
LINE
8
BLACK
6
CONTINUOUS
10
137.8506659999999897
20
-84.6558189999999939
11
137.7554279999999949
21
-84.6558189999999939
0
LINE
8
BLACK
6
CONTINUOUS
10
137.7554279999999949
20
-84.6558189999999939
11
137.6125710000000026
21
-84.6081999999999965
0
LINE
8
BLACK
6
CONTINUOUS
10
137.6125710000000026
20
-84.6081999999999965
11
137.5173330000000078
21
-84.51296099999999
0
LINE
8
BLACK
6
CONTINUOUS
10
137.5173330000000078
20
-84.51296099999999
11
137.469713999999982
21
-84.4177229999999952
0
LINE
8
BLACK
6
CONTINUOUS
10
137.469713999999982
20
-84.4177229999999952
11
137.4220949999999846
21
-84.2272469999999913
0
LINE
8
BLACK
6
CONTINUOUS
10
137.4220949999999846
20
-84.2272469999999913
11
137.4220949999999846
21
-84.0843899999999991
0
LINE
8
BLACK
6
CONTINUOUS
10
137.4220949999999846
20
-84.0843899999999991
11
137.469713999999982
21
-83.8939139999999952
0
LINE
8
BLACK
6
CONTINUOUS
10
137.469713999999982
20
-83.8939139999999952
11
137.5173330000000078
21
-83.7986760000000004
0
LINE
8
BLACK
6
CONTINUOUS
10
137.5173330000000078
20
-83.7986760000000004
11
137.6125710000000026
21
-83.7034379999999913
0
LINE
8
BLACK
6
CONTINUOUS
10
137.6125710000000026
20
-83.7034379999999913
11
137.7554279999999949
21
-83.6558189999999939
0
LINE
8
BLACK
6
CONTINUOUS
10
137.7554279999999949
20
-83.6558189999999939
11
137.8506659999999897
21
-83.6558189999999939
0
LINE
8
BLACK
6
CONTINUOUS
10
137.8506659999999897
20
-83.6558189999999939
11
137.9935229999999819
21
-83.7034379999999913
0
LINE
8
BLACK
6
CONTINUOUS
10
137.9935229999999819
20
-83.7034379999999913
11
138.0411420000000078
21
-83.751057000000003
0
LINE
8
BLACK
6
CONTINUOUS
10
138.3744759999999872
20
-83.6558189999999939
11
138.9935229999999819
21
-83.6558189999999939
0
LINE
8
BLACK
6
CONTINUOUS
10
138.9935229999999819
20
-83.6558189999999939
11
138.6601900000000001
21
-84.0367710000000017
0
LINE
8
BLACK
6
CONTINUOUS
10
138.6601900000000001
20
-84.0367710000000017
11
138.8030469999999923
21
-84.0367710000000017
0
LINE
8
BLACK
6
CONTINUOUS
10
138.8030469999999923
20
-84.0367710000000017
11
138.8982849999999871
21
-84.0843899999999991
0
LINE
8
BLACK
6
CONTINUOUS
10
138.8982849999999871
20
-84.0843899999999991
11
138.9459039999999845
21
-84.1320089999999965
0
LINE
8
BLACK
6
CONTINUOUS
10
138.9459039999999845
20
-84.1320089999999965
11
138.9935229999999819
21
-84.2272469999999913
0
LINE
8
BLACK
6
CONTINUOUS
10
138.9935229999999819
20
-84.2272469999999913
11
138.9935229999999819
21
-84.4653419999999926
0
LINE
8
BLACK
6
CONTINUOUS
10
138.9935229999999819
20
-84.4653419999999926
11
138.9459039999999845
21
-84.5605800000000016
0
LINE
8
BLACK
6
CONTINUOUS
10
138.9459039999999845
20
-84.5605800000000016
11
138.8982849999999871
21
-84.6081999999999965
0
LINE
8
BLACK
6
CONTINUOUS
10
138.8982849999999871
20
-84.6081999999999965
11
138.8030469999999923
21
-84.6558189999999939
0
LINE
8
BLACK
6
CONTINUOUS
10
138.8030469999999923
20
-84.6558189999999939
11
138.5173330000000078
21
-84.6558189999999939
0
LINE
8
BLACK
6
CONTINUOUS
10
138.5173330000000078
20
-84.6558189999999939
11
138.4220949999999846
21
-84.6081999999999965
0
LINE
8
BLACK
6
CONTINUOUS
10
138.4220949999999846
20
-84.6081999999999965
11
138.3744759999999872
21
-84.5605800000000016
0
LINE
8
BLACK
6
CONTINUOUS
10
139.8506659999999897
20
-83.6558189999999939
11
139.6601900000000001
21
-83.6558189999999939
0
LINE
8
BLACK
6
CONTINUOUS
10
139.6601900000000001
20
-83.6558189999999939
11
139.5649520000000052
21
-83.7034379999999913
0
LINE
8
BLACK
6
CONTINUOUS
10
139.5649520000000052
20
-83.7034379999999913
11
139.5173330000000078
21
-83.751057000000003
0
LINE
8
BLACK
6
CONTINUOUS
10
139.5173330000000078
20
-83.751057000000003
11
139.4220949999999846
21
-83.8939139999999952
0
LINE
8
BLACK
6
CONTINUOUS
10
139.4220949999999846
20
-83.8939139999999952
11
139.3744759999999872
21
-84.0843899999999991
0
LINE
8
BLACK
6
CONTINUOUS
10
139.3744759999999872
20
-84.0843899999999991
11
139.3744759999999872
21
-84.4653419999999926
0
LINE
8
BLACK
6
CONTINUOUS
10
139.3744759999999872
20
-84.4653419999999926
11
139.4220949999999846
21
-84.5605800000000016
0
LINE
8
BLACK
6
CONTINUOUS
10
139.4220949999999846
20
-84.5605800000000016
11
139.469713999999982
21
-84.6081999999999965
0
LINE
8
BLACK
6
CONTINUOUS
10
139.469713999999982
20
-84.6081999999999965
11
139.5649520000000052
21
-84.6558189999999939
0
LINE
8
BLACK
6
CONTINUOUS
10
139.5649520000000052
20
-84.6558189999999939
11
139.7554279999999949
21
-84.6558189999999939
0
LINE
8
BLACK
6
CONTINUOUS
10
139.7554279999999949
20
-84.6558189999999939
11
139.8506659999999897
21
-84.6081999999999965
0
LINE
8
BLACK
6
CONTINUOUS
10
139.8506659999999897
20
-84.6081999999999965
11
139.8982849999999871
21
-84.5605800000000016
0
LINE
8
BLACK
6
CONTINUOUS
10
139.8982849999999871
20
-84.5605800000000016
11
139.9459039999999845
21
-84.4653419999999926
0
LINE
8
BLACK
6
CONTINUOUS
10
139.9459039999999845
20
-84.4653419999999926
11
139.9459039999999845
21
-84.2272469999999913
0
LINE
8
BLACK
6
CONTINUOUS
10
139.9459039999999845
20
-84.2272469999999913
11
139.8982849999999871
21
-84.1320089999999965
0
LINE
8
BLACK
6
CONTINUOUS
10
139.8982849999999871
20
-84.1320089999999965
11
139.8506659999999897
21
-84.0843899999999991
0
LINE
8
BLACK
6
CONTINUOUS
10
139.8506659999999897
20
-84.0843899999999991
11
139.7554279999999949
21
-84.0367710000000017
0
LINE
8
BLACK
6
CONTINUOUS
10
139.7554279999999949
20
-84.0367710000000017
11
139.5649520000000052
21
-84.0367710000000017
0
LINE
8
BLACK
6
CONTINUOUS
10
139.5649520000000052
20
-84.0367710000000017
11
139.469713999999982
21
-84.0843899999999991
0
LINE
8
BLACK
6
CONTINUOUS
10
139.469713999999982
20
-84.0843899999999991
11
139.4220949999999846
21
-84.1320089999999965
0
LINE
8
BLACK
6
CONTINUOUS
10
139.4220949999999846
20
-84.1320089999999965
11
139.3744759999999872
21
-84.2272469999999913
0
LINE
8
BLACK
6
CONTINUOUS
10
127.2048190000000005
20
-65.4166659999999922
11
126.7286280000000005
21
-65.7499990000000025
0
LINE
8
BLACK
6
CONTINUOUS
10
127.2048190000000005
20
-65.9880940000000038
11
126.2048190000000005
21
-65.9880940000000038
0
LINE
8
BLACK
6
CONTINUOUS
10
126.2048190000000005
20
-65.9880940000000038
11
126.2048190000000005
21
-65.6071419999999961
0
LINE
8
BLACK
6
CONTINUOUS
10
126.2048190000000005
20
-65.6071419999999961
11
126.2524379999999979
21
-65.5119040000000012
0
LINE
8
BLACK
6
CONTINUOUS
10
126.2524379999999979
20
-65.5119040000000012
11
126.3000569999999954
21
-65.4642850000000038
0
LINE
8
BLACK
6
CONTINUOUS
10
126.3000569999999954
20
-65.4642850000000038
11
126.3952949999999902
21
-65.4166659999999922
0
LINE
8
BLACK
6
CONTINUOUS
10
126.3952949999999902
20
-65.4166659999999922
11
126.5381519999999966
21
-65.4166659999999922
0
LINE
8
BLACK
6
CONTINUOUS
10
126.5381519999999966
20
-65.4166659999999922
11
126.6333899999999915
21
-65.4642850000000038
0
LINE
8
BLACK
6
CONTINUOUS
10
126.6333899999999915
20
-65.4642850000000038
11
126.6810089999999889
21
-65.5119040000000012
0
LINE
8
BLACK
6
CONTINUOUS
10
126.6810089999999889
20
-65.5119040000000012
11
126.7286280000000005
21
-65.6071419999999961
0
LINE
8
BLACK
6
CONTINUOUS
10
126.7286280000000005
20
-65.6071419999999961
11
126.7286280000000005
21
-65.9880940000000038
0
LINE
8
BLACK
6
CONTINUOUS
10
126.2048190000000005
20
-64.5595229999999987
11
126.2048190000000005
21
-64.7499990000000025
0
LINE
8
BLACK
6
CONTINUOUS
10
126.2048190000000005
20
-64.7499990000000025
11
126.2524379999999979
21
-64.8452369999999974
0
LINE
8
BLACK
6
CONTINUOUS
10
126.2524379999999979
20
-64.8452369999999974
11
126.3000569999999954
21
-64.8928559999999948
0
LINE
8
BLACK
6
CONTINUOUS
10
126.3000569999999954
20
-64.8928559999999948
11
126.4429139999999876
21
-64.9880940000000038
0
LINE
8
BLACK
6
CONTINUOUS
10
126.4429139999999876
20
-64.9880940000000038
11
126.6333899999999915
21
-65.0357130000000012
0
LINE
8
BLACK
6
CONTINUOUS
10
126.6333899999999915
20
-65.0357130000000012
11
127.0143419999999992
21
-65.0357130000000012
0
LINE
8
BLACK
6
CONTINUOUS
10
127.0143419999999992
20
-65.0357130000000012
11
127.109579999999994
21
-64.9880940000000038
0
LINE
8
BLACK
6
CONTINUOUS
10
127.109579999999994
20
-64.9880940000000038
11
127.1571999999999889
21
-64.9404749999999922
0
LINE
8
BLACK
6
CONTINUOUS
10
127.1571999999999889
20
-64.9404749999999922
11
127.2048190000000005
21
-64.8452369999999974
0
LINE
8
BLACK
6
CONTINUOUS
10
127.2048190000000005
20
-64.8452369999999974
11
127.2048190000000005
21
-64.6547609999999935
0
LINE
8
BLACK
6
CONTINUOUS
10
127.2048190000000005
20
-64.6547609999999935
11
127.1571999999999889
21
-64.5595229999999987
0
LINE
8
BLACK
6
CONTINUOUS
10
127.1571999999999889
20
-64.5595229999999987
11
127.109579999999994
21
-64.5119040000000012
0
LINE
8
BLACK
6
CONTINUOUS
10
127.109579999999994
20
-64.5119040000000012
11
127.0143419999999992
21
-64.4642850000000038
0
LINE
8
BLACK
6
CONTINUOUS
10
127.0143419999999992
20
-64.4642850000000038
11
126.7762469999999979
21
-64.4642850000000038
0
LINE
8
BLACK
6
CONTINUOUS
10
126.7762469999999979
20
-64.4642850000000038
11
126.6810089999999889
21
-64.5119040000000012
0
LINE
8
BLACK
6
CONTINUOUS
10
126.6810089999999889
20
-64.5119040000000012
11
126.6333899999999915
21
-64.5595229999999987
0
LINE
8
BLACK
6
CONTINUOUS
10
126.6333899999999915
20
-64.5595229999999987
11
126.585770999999994
21
-64.6547609999999935
0
LINE
8
BLACK
6
CONTINUOUS
10
126.585770999999994
20
-64.6547609999999935
11
126.585770999999994
21
-64.8452369999999974
0
LINE
8
BLACK
6
CONTINUOUS
10
126.585770999999994
20
-64.8452369999999974
11
126.6333899999999915
21
-64.9404749999999922
0
LINE
8
BLACK
6
CONTINUOUS
10
126.6333899999999915
20
-64.9404749999999922
11
126.6810089999999889
21
-64.9880940000000038
0
LINE
8
BLACK
6
CONTINUOUS
10
126.6810089999999889
20
-64.9880940000000038
11
126.7762469999999979
21
-65.0357130000000012
0
LINE
8
BLACK
6
CONTINUOUS
10
135.7551420000000064
20
-80.3378189999999961
11
135.4218089999999961
21
-79.8616279999999961
0
LINE
8
BLACK
6
CONTINUOUS
10
135.1837139999999806
20
-80.3378189999999961
11
135.1837139999999806
21
-79.3378189999999961
0
LINE
8
BLACK
6
CONTINUOUS
10
135.1837139999999806
20
-79.3378189999999961
11
135.5646659999999883
21
-79.3378189999999961
0
LINE
8
BLACK
6
CONTINUOUS
10
135.5646659999999883
20
-79.3378189999999961
11
135.6599039999999832
21
-79.3854379999999935
0
LINE
8
BLACK
6
CONTINUOUS
10
135.6599039999999832
20
-79.3854379999999935
11
135.7075229999999806
21
-79.4330569999999909
0
LINE
8
BLACK
6
CONTINUOUS
10
135.7075229999999806
20
-79.4330569999999909
11
135.7551420000000064
21
-79.528295
0
LINE
8
BLACK
6
CONTINUOUS
10
135.7551420000000064
20
-79.528295
11
135.7551420000000064
21
-79.6711519999999922
0
LINE
8
BLACK
6
CONTINUOUS
10
135.7551420000000064
20
-79.6711519999999922
11
135.7075229999999806
21
-79.7663900000000012
0
LINE
8
BLACK
6
CONTINUOUS
10
135.7075229999999806
20
-79.7663900000000012
11
135.6599039999999832
21
-79.8140089999999987
0
LINE
8
BLACK
6
CONTINUOUS
10
135.6599039999999832
20
-79.8140089999999987
11
135.5646659999999883
21
-79.8616279999999961
0
LINE
8
BLACK
6
CONTINUOUS
10
135.5646659999999883
20
-79.8616279999999961
11
135.1837139999999806
21
-79.8616279999999961
0
LINE
8
BLACK
6
CONTINUOUS
10
136.0884759999999858
20
-79.3378189999999961
11
136.7075229999999806
21
-79.3378189999999961
0
LINE
8
BLACK
6
CONTINUOUS
10
136.7075229999999806
20
-79.3378189999999961
11
136.3741899999999987
21
-79.7187709999999896
0
LINE
8
BLACK
6
CONTINUOUS
10
136.3741899999999987
20
-79.7187709999999896
11
136.5170469999999909
21
-79.7187709999999896
0
LINE
8
BLACK
6
CONTINUOUS
10
136.5170469999999909
20
-79.7187709999999896
11
136.6122849999999858
21
-79.7663900000000012
0
LINE
8
BLACK
6
CONTINUOUS
10
136.6122849999999858
20
-79.7663900000000012
11
136.6599039999999832
21
-79.8140089999999987
0
LINE
8
BLACK
6
CONTINUOUS
10
136.6599039999999832
20
-79.8140089999999987
11
136.7075229999999806
21
-79.9092469999999935
0
LINE
8
BLACK
6
CONTINUOUS
10
136.7075229999999806
20
-79.9092469999999935
11
136.7075229999999806
21
-80.1473419999999948
0
LINE
8
BLACK
6
CONTINUOUS
10
136.7075229999999806
20
-80.1473419999999948
11
136.6599039999999832
21
-80.2425799999999896
0
LINE
8
BLACK
6
CONTINUOUS
10
136.6599039999999832
20
-80.2425799999999896
11
136.6122849999999858
21
-80.2901999999999987
0
LINE
8
BLACK
6
CONTINUOUS
10
136.6122849999999858
20
-80.2901999999999987
11
136.5170469999999909
21
-80.3378189999999961
0
LINE
8
BLACK
6
CONTINUOUS
10
136.5170469999999909
20
-80.3378189999999961
11
136.2313330000000065
21
-80.3378189999999961
0
LINE
8
BLACK
6
CONTINUOUS
10
136.2313330000000065
20
-80.3378189999999961
11
136.1360949999999832
21
-80.2901999999999987
0
LINE
8
BLACK
6
CONTINUOUS
10
136.1360949999999832
20
-80.2901999999999987
11
136.0884759999999858
21
-80.2425799999999896
0
LINE
8
BLACK
6
CONTINUOUS
10
137.5646659999999883
20
-79.6711519999999922
11
137.5646659999999883
21
-80.3378189999999961
0
LINE
8
BLACK
6
CONTINUOUS
10
137.3265710000000013
20
-79.2901999999999987
11
137.0884759999999858
21
-80.0044850000000025
0
LINE
8
BLACK
6
CONTINUOUS
10
137.0884759999999858
20
-80.0044850000000025
11
137.7075229999999806
21
-80.0044850000000025
0
LINE
8
BLACK
6
CONTINUOUS
10
176.0833329999999819
20
-78.7048190000000005
11
175.75
21
-78.2286280000000005
0
LINE
8
BLACK
6
CONTINUOUS
10
175.5119049999999845
20
-78.7048190000000005
11
175.5119049999999845
21
-77.7048190000000005
0
LINE
8
BLACK
6
CONTINUOUS
10
175.5119049999999845
20
-77.7048190000000005
11
175.8928569999999922
21
-77.7048190000000005
0
LINE
8
BLACK
6
CONTINUOUS
10
175.8928569999999922
20
-77.7048190000000005
11
175.9880949999999871
21
-77.7524379999999979
0
LINE
8
BLACK
6
CONTINUOUS
10
175.9880949999999871
20
-77.7524379999999979
11
176.0357139999999845
21
-77.8000569999999954
0
LINE
8
BLACK
6
CONTINUOUS
10
176.0357139999999845
20
-77.8000569999999954
11
176.0833329999999819
21
-77.8952949999999902
0
LINE
8
BLACK
6
CONTINUOUS
10
176.0833329999999819
20
-77.8952949999999902
11
176.0833329999999819
21
-78.0381519999999966
0
LINE
8
BLACK
6
CONTINUOUS
10
176.0833329999999819
20
-78.0381519999999966
11
176.0357139999999845
21
-78.1333899999999915
0
LINE
8
BLACK
6
CONTINUOUS
10
176.0357139999999845
20
-78.1333899999999915
11
175.9880949999999871
21
-78.1810090000000031
0
LINE
8
BLACK
6
CONTINUOUS
10
175.9880949999999871
20
-78.1810090000000031
11
175.8928569999999922
21
-78.2286280000000005
0
LINE
8
BLACK
6
CONTINUOUS
10
175.8928569999999922
20
-78.2286280000000005
11
175.5119049999999845
21
-78.2286280000000005
0
LINE
8
BLACK
6
CONTINUOUS
10
176.4166669999999897
20
-77.7048190000000005
11
177.0833329999999819
21
-77.7048190000000005
0
LINE
8
BLACK
6
CONTINUOUS
10
177.0833329999999819
20
-77.7048190000000005
11
176.6547620000000052
21
-78.7048190000000005
0
LINE
8
BLACK
6
CONTINUOUS
10
157.0775799999999833
20
-89.6698569999999933
11
157.1252000000000066
21
-89.7174759999999907
0
LINE
8
BLACK
6
CONTINUOUS
10
157.1252000000000066
20
-89.7174759999999907
11
157.1728190000000041
21
-89.8603329999999971
0
LINE
8
BLACK
6
CONTINUOUS
10
157.1728190000000041
20
-89.8603329999999971
11
157.1728190000000041
21
-89.955570999999992
0
LINE
8
BLACK
6
CONTINUOUS
10
157.1728190000000041
20
-89.955570999999992
11
157.1252000000000066
21
-90.0984279999999984
0
LINE
8
BLACK
6
CONTINUOUS
10
157.1252000000000066
20
-90.0984279999999984
11
157.0299609999999859
21
-90.1936659999999932
0
LINE
8
BLACK
6
CONTINUOUS
10
157.0299609999999859
20
-90.1936659999999932
11
156.9347229999999911
21
-90.2412849999999906
0
LINE
8
BLACK
6
CONTINUOUS
10
156.9347229999999911
20
-90.2412849999999906
11
156.7442470000000014
21
-90.2889040000000023
0
LINE
8
BLACK
6
CONTINUOUS
10
156.7442470000000014
20
-90.2889040000000023
11
156.6013899999999808
21
-90.2889040000000023
0
LINE
8
BLACK
6
CONTINUOUS
10
156.6013899999999808
20
-90.2889040000000023
11
156.4109139999999911
21
-90.2412849999999906
0
LINE
8
BLACK
6
CONTINUOUS
10
156.4109139999999911
20
-90.2412849999999906
11
156.3156759999999963
21
-90.1936659999999932
0
LINE
8
BLACK
6
CONTINUOUS
10
156.3156759999999963
20
-90.1936659999999932
11
156.2204380000000015
21
-90.0984279999999984
0
LINE
8
BLACK
6
CONTINUOUS
10
156.2204380000000015
20
-90.0984279999999984
11
156.1728190000000041
21
-89.955570999999992
0
LINE
8
BLACK
6
CONTINUOUS
10
156.1728190000000041
20
-89.955570999999992
11
156.1728190000000041
21
-89.8603329999999971
0
LINE
8
BLACK
6
CONTINUOUS
10
156.1728190000000041
20
-89.8603329999999971
11
156.2204380000000015
21
-89.7174759999999907
0
LINE
8
BLACK
6
CONTINUOUS
10
156.2204380000000015
20
-89.7174759999999907
11
156.2680569999999989
21
-89.6698569999999933
0
LINE
8
BLACK
6
CONTINUOUS
10
156.5061519999999859
20
-88.8127139999999997
11
157.1728190000000041
21
-88.8127139999999997
0
LINE
8
BLACK
6
CONTINUOUS
10
156.1252000000000066
20
-89.050809000000001
11
156.8394849999999963
21
-89.2889040000000023
0
LINE
8
BLACK
6
CONTINUOUS
10
156.8394849999999963
20
-89.2889040000000023
11
156.8394849999999963
21
-88.6698569999999933
0
LINE
8
BLACK
6
CONTINUOUS
10
156.6013899999999808
20
-88.1460469999999958
11
156.5537709999999834
21
-88.2412849999999906
0
LINE
8
BLACK
6
CONTINUOUS
10
156.5537709999999834
20
-88.2412849999999906
11
156.5061519999999859
21
-88.2889040000000023
0
LINE
8
BLACK
6
CONTINUOUS
10
156.5061519999999859
20
-88.2889040000000023
11
156.4109139999999911
21
-88.3365229999999997
0
LINE
8
BLACK
6
CONTINUOUS
10
156.4109139999999911
20
-88.3365229999999997
11
156.3632949999999937
21
-88.3365229999999997
0
LINE
8
BLACK
6
CONTINUOUS
10
156.3632949999999937
20
-88.3365229999999997
11
156.2680569999999989
21
-88.2889040000000023
0
LINE
8
BLACK
6
CONTINUOUS
10
156.2680569999999989
20
-88.2889040000000023
11
156.2204380000000015
21
-88.2412849999999906
0
LINE
8
BLACK
6
CONTINUOUS
10
156.2204380000000015
20
-88.2412849999999906
11
156.1728190000000041
21
-88.1460469999999958
0
LINE
8
BLACK
6
CONTINUOUS
10
156.1728190000000041
20
-88.1460469999999958
11
156.1728190000000041
21
-87.955570999999992
0
LINE
8
BLACK
6
CONTINUOUS
10
156.1728190000000041
20
-87.955570999999992
11
156.2204380000000015
21
-87.8603329999999971
0
LINE
8
BLACK
6
CONTINUOUS
10
156.2204380000000015
20
-87.8603329999999971
11
156.2680569999999989
21
-87.8127139999999997
0
LINE
8
BLACK
6
CONTINUOUS
10
156.2680569999999989
20
-87.8127139999999997
11
156.3632949999999937
21
-87.7650950000000023
0
LINE
8
BLACK
6
CONTINUOUS
10
156.3632949999999937
20
-87.7650950000000023
11
156.4109139999999911
21
-87.7650950000000023
0
LINE
8
BLACK
6
CONTINUOUS
10
156.4109139999999911
20
-87.7650950000000023
11
156.5061519999999859
21
-87.8127139999999997
0
LINE
8
BLACK
6
CONTINUOUS
10
156.5061519999999859
20
-87.8127139999999997
11
156.5537709999999834
21
-87.8603329999999971
0
LINE
8
BLACK
6
CONTINUOUS
10
156.5537709999999834
20
-87.8603329999999971
11
156.6013899999999808
21
-87.955570999999992
0
LINE
8
BLACK
6
CONTINUOUS
10
156.6013899999999808
20
-87.955570999999992
11
156.6013899999999808
21
-88.1460469999999958
0
LINE
8
BLACK
6
CONTINUOUS
10
156.6013899999999808
20
-88.1460469999999958
11
156.6490090000000066
21
-88.2412849999999906
0
LINE
8
BLACK
6
CONTINUOUS
10
156.6490090000000066
20
-88.2412849999999906
11
156.696628000000004
21
-88.2889040000000023
0
LINE
8
BLACK
6
CONTINUOUS
10
156.696628000000004
20
-88.2889040000000023
11
156.7918659999999988
21
-88.3365229999999997
0
LINE
8
BLACK
6
CONTINUOUS
10
156.7918659999999988
20
-88.3365229999999997
11
156.9823419999999885
21
-88.3365229999999997
0
LINE
8
BLACK
6
CONTINUOUS
10
156.9823419999999885
20
-88.3365229999999997
11
157.0775799999999833
21
-88.2889040000000023
0
LINE
8
BLACK
6
CONTINUOUS
10
157.0775799999999833
20
-88.2889040000000023
11
157.1252000000000066
21
-88.2412849999999906
0
LINE
8
BLACK
6
CONTINUOUS
10
157.1252000000000066
20
-88.2412849999999906
11
157.1728190000000041
21
-88.1460469999999958
0
LINE
8
BLACK
6
CONTINUOUS
10
157.1728190000000041
20
-88.1460469999999958
11
157.1728190000000041
21
-87.955570999999992
0
LINE
8
BLACK
6
CONTINUOUS
10
157.1728190000000041
20
-87.955570999999992
11
157.1252000000000066
21
-87.8603329999999971
0
LINE
8
BLACK
6
CONTINUOUS
10
157.1252000000000066
20
-87.8603329999999971
11
157.0775799999999833
21
-87.8127139999999997
0
LINE
8
BLACK
6
CONTINUOUS
10
157.0775799999999833
20
-87.8127139999999997
11
156.9823419999999885
21
-87.7650950000000023
0
LINE
8
BLACK
6
CONTINUOUS
10
156.9823419999999885
20
-87.7650950000000023
11
156.7918659999999988
21
-87.7650950000000023
0
LINE
8
BLACK
6
CONTINUOUS
10
156.7918659999999988
20
-87.7650950000000023
11
156.696628000000004
21
-87.8127139999999997
0
LINE
8
BLACK
6
CONTINUOUS
10
156.696628000000004
20
-87.8127139999999997
11
156.6490090000000066
21
-87.8603329999999971
0
LINE
8
BLACK
6
CONTINUOUS
10
156.6490090000000066
20
-87.8603329999999971
11
156.6013899999999808
21
-87.955570999999992
0
LINE
8
BLACK
6
CONTINUOUS
10
154.1701419999999985
20
-61.3195799999999949
11
154.122523000000001
21
-61.3671999999999969
0
LINE
8
BLACK
6
CONTINUOUS
10
154.122523000000001
20
-61.3671999999999969
11
153.9796659999999804
21
-61.4148189999999943
0
LINE
8
BLACK
6
CONTINUOUS
10
153.9796659999999804
20
-61.4148189999999943
11
153.8844279999999856
21
-61.4148189999999943
0
LINE
8
BLACK
6
CONTINUOUS
10
153.8844279999999856
20
-61.4148189999999943
11
153.7415709999999933
21
-61.3671999999999969
0
LINE
8
BLACK
6
CONTINUOUS
10
153.7415709999999933
20
-61.3671999999999969
11
153.6463329999999985
21
-61.2719609999999975
0
LINE
8
BLACK
6
CONTINUOUS
10
153.6463329999999985
20
-61.2719609999999975
11
153.5987140000000011
21
-61.1767229999999955
0
LINE
8
BLACK
6
CONTINUOUS
10
153.5987140000000011
20
-61.1767229999999955
11
153.5510950000000037
21
-60.9862469999999988
0
LINE
8
BLACK
6
CONTINUOUS
10
153.5510950000000037
20
-60.9862469999999988
11
153.5510950000000037
21
-60.8433899999999994
0
LINE
8
BLACK
6
CONTINUOUS
10
153.5510950000000037
20
-60.8433899999999994
11
153.5987140000000011
21
-60.6529139999999956
0
LINE
8
BLACK
6
CONTINUOUS
10
153.5987140000000011
20
-60.6529139999999956
11
153.6463329999999985
21
-60.5576760000000007
0
LINE
8
BLACK
6
CONTINUOUS
10
153.6463329999999985
20
-60.5576760000000007
11
153.7415709999999933
21
-60.4624379999999988
0
LINE
8
BLACK
6
CONTINUOUS
10
153.7415709999999933
20
-60.4624379999999988
11
153.8844279999999856
21
-60.4148189999999943
0
LINE
8
BLACK
6
CONTINUOUS
10
153.8844279999999856
20
-60.4148189999999943
11
153.9796659999999804
21
-60.4148189999999943
0
LINE
8
BLACK
6
CONTINUOUS
10
153.9796659999999804
20
-60.4148189999999943
11
154.122523000000001
21
-60.4624379999999988
0
LINE
8
BLACK
6
CONTINUOUS
10
154.122523000000001
20
-60.4624379999999988
11
154.1701419999999985
21
-60.5100569999999962
0
LINE
8
BLACK
6
CONTINUOUS
10
155.0749040000000036
20
-60.4148189999999943
11
154.5987140000000011
21
-60.4148189999999943
0
LINE
8
BLACK
6
CONTINUOUS
10
154.5987140000000011
20
-60.4148189999999943
11
154.5510950000000037
21
-60.8910089999999968
0
LINE
8
BLACK
6
CONTINUOUS
10
154.5510950000000037
20
-60.8910089999999968
11
154.5987140000000011
21
-60.8433899999999994
0
LINE
8
BLACK
6
CONTINUOUS
10
154.5987140000000011
20
-60.8433899999999994
11
154.6939519999999959
21
-60.7957709999999949
0
LINE
8
BLACK
6
CONTINUOUS
10
154.6939519999999959
20
-60.7957709999999949
11
154.932046999999983
21
-60.7957709999999949
0
LINE
8
BLACK
6
CONTINUOUS
10
154.932046999999983
20
-60.7957709999999949
11
155.0272850000000062
21
-60.8433899999999994
0
LINE
8
BLACK
6
CONTINUOUS
10
155.0272850000000062
20
-60.8433899999999994
11
155.0749040000000036
21
-60.8910089999999968
0
LINE
8
BLACK
6
CONTINUOUS
10
155.0749040000000036
20
-60.8910089999999968
11
155.122523000000001
21
-60.9862469999999988
0
LINE
8
BLACK
6
CONTINUOUS
10
155.122523000000001
20
-60.9862469999999988
11
155.122523000000001
21
-61.224342
0
LINE
8
BLACK
6
CONTINUOUS
10
155.122523000000001
20
-61.224342
11
155.0749040000000036
21
-61.3195799999999949
0
LINE
8
BLACK
6
CONTINUOUS
10
155.0749040000000036
20
-61.3195799999999949
11
155.0272850000000062
21
-61.3671999999999969
0
LINE
8
BLACK
6
CONTINUOUS
10
155.0272850000000062
20
-61.3671999999999969
11
154.932046999999983
21
-61.4148189999999943
0
LINE
8
BLACK
6
CONTINUOUS
10
154.932046999999983
20
-61.4148189999999943
11
154.6939519999999959
21
-61.4148189999999943
0
LINE
8
BLACK
6
CONTINUOUS
10
154.6939519999999959
20
-61.4148189999999943
11
154.5987140000000011
21
-61.3671999999999969
0
LINE
8
BLACK
6
CONTINUOUS
10
154.5987140000000011
20
-61.3671999999999969
11
154.5510950000000037
21
-61.3195799999999949
0
LINE
8
BLACK
6
CONTINUOUS
10
155.9796659999999804
20
-60.4148189999999943
11
155.7891899999999907
21
-60.4148189999999943
0
LINE
8
BLACK
6
CONTINUOUS
10
155.7891899999999907
20
-60.4148189999999943
11
155.6939519999999959
21
-60.4624379999999988
0
LINE
8
BLACK
6
CONTINUOUS
10
155.6939519999999959
20
-60.4624379999999988
11
155.6463329999999985
21
-60.5100569999999962
0
LINE
8
BLACK
6
CONTINUOUS
10
155.6463329999999985
20
-60.5100569999999962
11
155.5510950000000037
21
-60.6529139999999956
0
LINE
8
BLACK
6
CONTINUOUS
10
155.5510950000000037
20
-60.6529139999999956
11
155.5034760000000063
21
-60.8433899999999994
0
LINE
8
BLACK
6
CONTINUOUS
10
155.5034760000000063
20
-60.8433899999999994
11
155.5034760000000063
21
-61.224342
0
LINE
8
BLACK
6
CONTINUOUS
10
155.5034760000000063
20
-61.224342
11
155.5510950000000037
21
-61.3195799999999949
0
LINE
8
BLACK
6
CONTINUOUS
10
155.5510950000000037
20
-61.3195799999999949
11
155.5987140000000011
21
-61.3671999999999969
0
LINE
8
BLACK
6
CONTINUOUS
10
155.5987140000000011
20
-61.3671999999999969
11
155.6939519999999959
21
-61.4148189999999943
0
LINE
8
BLACK
6
CONTINUOUS
10
155.6939519999999959
20
-61.4148189999999943
11
155.8844279999999856
21
-61.4148189999999943
0
LINE
8
BLACK
6
CONTINUOUS
10
155.8844279999999856
20
-61.4148189999999943
11
155.9796659999999804
21
-61.3671999999999969
0
LINE
8
BLACK
6
CONTINUOUS
10
155.9796659999999804
20
-61.3671999999999969
11
156.0272850000000062
21
-61.3195799999999949
0
LINE
8
BLACK
6
CONTINUOUS
10
156.0272850000000062
20
-61.3195799999999949
11
156.0749040000000036
21
-61.224342
0
LINE
8
BLACK
6
CONTINUOUS
10
156.0749040000000036
20
-61.224342
11
156.0749040000000036
21
-60.9862469999999988
0
LINE
8
BLACK
6
CONTINUOUS
10
156.0749040000000036
20
-60.9862469999999988
11
156.0272850000000062
21
-60.8910089999999968
0
LINE
8
BLACK
6
CONTINUOUS
10
156.0272850000000062
20
-60.8910089999999968
11
155.9796659999999804
21
-60.8433899999999994
0
LINE
8
BLACK
6
CONTINUOUS
10
155.9796659999999804
20
-60.8433899999999994
11
155.8844279999999856
21
-60.7957709999999949
0
LINE
8
BLACK
6
CONTINUOUS
10
155.8844279999999856
20
-60.7957709999999949
11
155.6939519999999959
21
-60.7957709999999949
0
LINE
8
BLACK
6
CONTINUOUS
10
155.6939519999999959
20
-60.7957709999999949
11
155.5987140000000011
21
-60.8433899999999994
0
LINE
8
BLACK
6
CONTINUOUS
10
155.5987140000000011
20
-60.8433899999999994
11
155.5510950000000037
21
-60.8910089999999968
0
LINE
8
BLACK
6
CONTINUOUS
10
155.5510950000000037
20
-60.8910089999999968
11
155.5034760000000063
21
-60.9862469999999988
0
LINE
8
BLACK
6
CONTINUOUS
10
153.7448190000000068
20
-92.2380939999999896
11
152.7448190000000068
21
-92.2380939999999896
0
LINE
8
BLACK
6
CONTINUOUS
10
152.7448190000000068
20
-92.2380939999999896
11
152.7448190000000068
21
-91.9999990000000025
0
LINE
8
BLACK
6
CONTINUOUS
10
152.7448190000000068
20
-91.9999990000000025
11
152.7924380000000042
21
-91.8571419999999961
0
LINE
8
BLACK
6
CONTINUOUS
10
152.7924380000000042
20
-91.8571419999999961
11
152.887675999999999
21
-91.7619040000000012
0
LINE
8
BLACK
6
CONTINUOUS
10
152.887675999999999
20
-91.7619040000000012
11
152.9829139999999938
21
-91.7142849999999896
0
LINE
8
BLACK
6
CONTINUOUS
10
152.9829139999999938
20
-91.7142849999999896
11
153.1733899999999835
21
-91.6666659999999922
0
LINE
8
BLACK
6
CONTINUOUS
10
153.1733899999999835
20
-91.6666659999999922
11
153.3162470000000042
21
-91.6666659999999922
0
LINE
8
BLACK
6
CONTINUOUS
10
153.3162470000000042
20
-91.6666659999999922
11
153.5067229999999938
21
-91.7142849999999896
0
LINE
8
BLACK
6
CONTINUOUS
10
153.5067229999999938
20
-91.7142849999999896
11
153.6019609999999886
21
-91.7619040000000012
0
LINE
8
BLACK
6
CONTINUOUS
10
153.6019609999999886
20
-91.7619040000000012
11
153.6971999999999809
21
-91.8571419999999961
0
LINE
8
BLACK
6
CONTINUOUS
10
153.6971999999999809
20
-91.8571419999999961
11
153.7448190000000068
21
-91.9999990000000025
0
LINE
8
BLACK
6
CONTINUOUS
10
153.7448190000000068
20
-91.9999990000000025
11
153.7448190000000068
21
-92.2380939999999896
0
LINE
8
BLACK
6
CONTINUOUS
10
152.7448190000000068
20
-91.3333319999999986
11
152.7448190000000068
21
-90.6666659999999922
0
LINE
8
BLACK
6
CONTINUOUS
10
152.7448190000000068
20
-90.6666659999999922
11
153.7448190000000068
21
-91.0952369999999974
0
LINE
8
BLACK
6
CONTINUOUS
10
170.3311039999999821
20
-88.3142849999999981
11
170.3692000000000064
21
-88.3523809999999941
0
LINE
8
BLACK
6
CONTINUOUS
10
170.3692000000000064
20
-88.3523809999999941
11
170.4072950000000048
21
-88.4666659999999894
0
LINE
8
BLACK
6
CONTINUOUS
10
170.4072950000000048
20
-88.4666659999999894
11
170.4072950000000048
21
-88.5428569999999979
0
LINE
8
BLACK
6
CONTINUOUS
10
170.4072950000000048
20
-88.5428569999999979
11
170.3692000000000064
21
-88.6571429999999907
0
LINE
8
BLACK
6
CONTINUOUS
10
170.3692000000000064
20
-88.6571429999999907
11
170.2930089999999836
21
-88.7333330000000018
0
LINE
8
BLACK
6
CONTINUOUS
10
170.2930089999999836
20
-88.7333330000000018
11
170.2168189999999868
21
-88.7714280000000002
0
LINE
8
BLACK
6
CONTINUOUS
10
170.2168189999999868
20
-88.7714280000000002
11
170.0644379999999956
21
-88.8095239999999961
0
LINE
8
BLACK
6
CONTINUOUS
10
170.0644379999999956
20
-88.8095239999999961
11
169.9501520000000028
21
-88.8095239999999961
0
LINE
8
BLACK
6
CONTINUOUS
10
169.9501520000000028
20
-88.8095239999999961
11
169.7977709999999831
21
-88.7714280000000002
0
LINE
8
BLACK
6
CONTINUOUS
10
169.7977709999999831
20
-88.7714280000000002
11
169.7215799999999888
21
-88.7333330000000018
0
LINE
8
BLACK
6
CONTINUOUS
10
169.7215799999999888
20
-88.7333330000000018
11
169.6453899999999919
21
-88.6571429999999907
0
LINE
8
BLACK
6
CONTINUOUS
10
169.6453899999999919
20
-88.6571429999999907
11
169.6072949999999935
21
-88.5428569999999979
0
LINE
8
BLACK
6
CONTINUOUS
10
169.6072949999999935
20
-88.5428569999999979
11
169.6072949999999935
21
-88.4666659999999894
0
LINE
8
BLACK
6
CONTINUOUS
10
169.6072949999999935
20
-88.4666659999999894
11
169.6453899999999919
21
-88.3523809999999941
0
LINE
8
BLACK
6
CONTINUOUS
10
169.6453899999999919
20
-88.3523809999999941
11
169.6834849999999904
21
-88.3142849999999981
0
LINE
8
BLACK
6
CONTINUOUS
10
169.6072949999999935
20
-87.5904759999999953
11
169.6072949999999935
21
-87.9714280000000031
0
LINE
8
BLACK
6
CONTINUOUS
10
169.6072949999999935
20
-87.9714280000000031
11
169.9882470000000012
21
-88.009523999999999
0
LINE
8
BLACK
6
CONTINUOUS
10
169.9882470000000012
20
-88.009523999999999
11
169.9501520000000028
21
-87.9714280000000031
0
LINE
8
BLACK
6
CONTINUOUS
10
169.9501520000000028
20
-87.9714280000000031
11
169.9120570000000043
21
-87.895237999999992
0
LINE
8
BLACK
6
CONTINUOUS
10
169.9120570000000043
20
-87.895237999999992
11
169.9120570000000043
21
-87.7047620000000023
0
LINE
8
BLACK
6
CONTINUOUS
10
169.9120570000000043
20
-87.7047620000000023
11
169.9501520000000028
21
-87.6285709999999938
0
LINE
8
BLACK
6
CONTINUOUS
10
169.9501520000000028
20
-87.6285709999999938
11
169.9882470000000012
21
-87.5904759999999953
0
LINE
8
BLACK
6
CONTINUOUS
10
169.9882470000000012
20
-87.5904759999999953
11
170.0644379999999956
21
-87.5523809999999969
0
LINE
8
BLACK
6
CONTINUOUS
10
170.0644379999999956
20
-87.5523809999999969
11
170.2549139999999852
21
-87.5523809999999969
0
LINE
8
BLACK
6
CONTINUOUS
10
170.2549139999999852
20
-87.5523809999999969
11
170.3311039999999821
21
-87.5904759999999953
0
LINE
8
BLACK
6
CONTINUOUS
10
170.3311039999999821
20
-87.5904759999999953
11
170.3692000000000064
21
-87.6285709999999938
0
LINE
8
BLACK
6
CONTINUOUS
10
170.3692000000000064
20
-87.6285709999999938
11
170.4072950000000048
21
-87.7047620000000023
0
LINE
8
BLACK
6
CONTINUOUS
10
170.4072950000000048
20
-87.7047620000000023
11
170.4072950000000048
21
-87.895237999999992
0
LINE
8
BLACK
6
CONTINUOUS
10
170.4072950000000048
20
-87.895237999999992
11
170.3692000000000064
21
-87.9714280000000031
0
LINE
8
BLACK
6
CONTINUOUS
10
170.3692000000000064
20
-87.9714280000000031
11
170.3311039999999821
21
-88.009523999999999
0
LINE
8
BLACK
6
CONTINUOUS
10
169.6834849999999904
20
-87.2476190000000003
11
169.6453899999999919
21
-87.2095229999999901
0
LINE
8
BLACK
6
CONTINUOUS
10
169.6453899999999919
20
-87.2095229999999901
11
169.6072949999999935
21
-87.1333329999999933
0
LINE
8
BLACK
6
CONTINUOUS
10
169.6072949999999935
20
-87.1333329999999933
11
169.6072949999999935
21
-86.9428569999999894
0
LINE
8
BLACK
6
CONTINUOUS
10
169.6072949999999935
20
-86.9428569999999894
11
169.6453899999999919
21
-86.8666659999999951
0
LINE
8
BLACK
6
CONTINUOUS
10
169.6453899999999919
20
-86.8666659999999951
11
169.6834849999999904
21
-86.8285709999999966
0
LINE
8
BLACK
6
CONTINUOUS
10
169.6834849999999904
20
-86.8285709999999966
11
169.7596759999999847
21
-86.7904759999999982
0
LINE
8
BLACK
6
CONTINUOUS
10
169.7596759999999847
20
-86.7904759999999982
11
169.8358659999999816
21
-86.7904759999999982
0
LINE
8
BLACK
6
CONTINUOUS
10
169.8358659999999816
20
-86.7904759999999982
11
169.9501520000000028
21
-86.8285709999999966
0
LINE
8
BLACK
6
CONTINUOUS
10
169.9501520000000028
20
-86.8285709999999966
11
170.4072950000000048
21
-87.2857139999999987
0
LINE
8
BLACK
6
CONTINUOUS
10
170.4072950000000048
20
-87.2857139999999987
11
170.4072950000000048
21
-86.7904759999999982
0
LINE
8
BLACK
6
CONTINUOUS
10
138.0411420000000078
20
-86.2115799999999979
11
137.9935229999999819
21
-86.2591999999999928
0
LINE
8
BLACK
6
CONTINUOUS
10
137.9935229999999819
20
-86.2591999999999928
11
137.8506659999999897
21
-86.3068189999999902
0
LINE
8
BLACK
6
CONTINUOUS
10
137.8506659999999897
20
-86.3068189999999902
11
137.7554279999999949
21
-86.3068189999999902
0
LINE
8
BLACK
6
CONTINUOUS
10
137.7554279999999949
20
-86.3068189999999902
11
137.6125710000000026
21
-86.2591999999999928
0
LINE
8
BLACK
6
CONTINUOUS
10
137.6125710000000026
20
-86.2591999999999928
11
137.5173330000000078
21
-86.1639610000000005
0
LINE
8
BLACK
6
CONTINUOUS
10
137.5173330000000078
20
-86.1639610000000005
11
137.469713999999982
21
-86.0687229999999914
0
LINE
8
BLACK
6
CONTINUOUS
10
137.469713999999982
20
-86.0687229999999914
11
137.4220949999999846
21
-85.8782470000000018
0
LINE
8
BLACK
6
CONTINUOUS
10
137.4220949999999846
20
-85.8782470000000018
11
137.4220949999999846
21
-85.7353899999999953
0
LINE
8
BLACK
6
CONTINUOUS
10
137.4220949999999846
20
-85.7353899999999953
11
137.469713999999982
21
-85.5449139999999915
0
LINE
8
BLACK
6
CONTINUOUS
10
137.469713999999982
20
-85.5449139999999915
11
137.5173330000000078
21
-85.4496759999999966
0
LINE
8
BLACK
6
CONTINUOUS
10
137.5173330000000078
20
-85.4496759999999966
11
137.6125710000000026
21
-85.3544380000000018
0
LINE
8
BLACK
6
CONTINUOUS
10
137.6125710000000026
20
-85.3544380000000018
11
137.7554279999999949
21
-85.3068189999999902
0
LINE
8
BLACK
6
CONTINUOUS
10
137.7554279999999949
20
-85.3068189999999902
11
137.8506659999999897
21
-85.3068189999999902
0
LINE
8
BLACK
6
CONTINUOUS
10
137.8506659999999897
20
-85.3068189999999902
11
137.9935229999999819
21
-85.3544380000000018
0
LINE
8
BLACK
6
CONTINUOUS
10
137.9935229999999819
20
-85.3544380000000018
11
138.0411420000000078
21
-85.4020569999999992
0
LINE
8
BLACK
6
CONTINUOUS
10
138.3744759999999872
20
-85.3068189999999902
11
138.9935229999999819
21
-85.3068189999999902
0
LINE
8
BLACK
6
CONTINUOUS
10
138.9935229999999819
20
-85.3068189999999902
11
138.6601900000000001
21
-85.6877709999999979
0
LINE
8
BLACK
6
CONTINUOUS
10
138.6601900000000001
20
-85.6877709999999979
11
138.8030469999999923
21
-85.6877709999999979
0
LINE
8
BLACK
6
CONTINUOUS
10
138.8030469999999923
20
-85.6877709999999979
11
138.8982849999999871
21
-85.7353899999999953
0
LINE
8
BLACK
6
CONTINUOUS
10
138.8982849999999871
20
-85.7353899999999953
11
138.9459039999999845
21
-85.7830089999999927
0
LINE
8
BLACK
6
CONTINUOUS
10
138.9459039999999845
20
-85.7830089999999927
11
138.9935229999999819
21
-85.8782470000000018
0
LINE
8
BLACK
6
CONTINUOUS
10
138.9935229999999819
20
-85.8782470000000018
11
138.9935229999999819
21
-86.1163420000000031
0
LINE
8
BLACK
6
CONTINUOUS
10
138.9935229999999819
20
-86.1163420000000031
11
138.9459039999999845
21
-86.2115799999999979
0
LINE
8
BLACK
6
CONTINUOUS
10
138.9459039999999845
20
-86.2115799999999979
11
138.8982849999999871
21
-86.2591999999999928
0
LINE
8
BLACK
6
CONTINUOUS
10
138.8982849999999871
20
-86.2591999999999928
11
138.8030469999999923
21
-86.3068189999999902
0
LINE
8
BLACK
6
CONTINUOUS
10
138.8030469999999923
20
-86.3068189999999902
11
138.5173330000000078
21
-86.3068189999999902
0
LINE
8
BLACK
6
CONTINUOUS
10
138.5173330000000078
20
-86.3068189999999902
11
138.4220949999999846
21
-86.2591999999999928
0
LINE
8
BLACK
6
CONTINUOUS
10
138.4220949999999846
20
-86.2591999999999928
11
138.3744759999999872
21
-86.2115799999999979
0
LINE
8
BLACK
6
CONTINUOUS
10
139.469713999999982
20
-86.3068189999999902
11
139.6601900000000001
21
-86.3068189999999902
0
LINE
8
BLACK
6
CONTINUOUS
10
139.6601900000000001
20
-86.3068189999999902
11
139.7554279999999949
21
-86.2591999999999928
0
LINE
8
BLACK
6
CONTINUOUS
10
139.7554279999999949
20
-86.2591999999999928
11
139.8030469999999923
21
-86.2115799999999979
0
LINE
8
BLACK
6
CONTINUOUS
10
139.8030469999999923
20
-86.2115799999999979
11
139.8982849999999871
21
-86.0687229999999914
0
LINE
8
BLACK
6
CONTINUOUS
10
139.8982849999999871
20
-86.0687229999999914
11
139.9459039999999845
21
-85.8782470000000018
0
LINE
8
BLACK
6
CONTINUOUS
10
139.9459039999999845
20
-85.8782470000000018
11
139.9459039999999845
21
-85.497294999999994
0
LINE
8
BLACK
6
CONTINUOUS
10
139.9459039999999845
20
-85.497294999999994
11
139.8982849999999871
21
-85.4020569999999992
0
LINE
8
BLACK
6
CONTINUOUS
10
139.8982849999999871
20
-85.4020569999999992
11
139.8506659999999897
21
-85.3544380000000018
0
LINE
8
BLACK
6
CONTINUOUS
10
139.8506659999999897
20
-85.3544380000000018
11
139.7554279999999949
21
-85.3068189999999902
0
LINE
8
BLACK
6
CONTINUOUS
10
139.7554279999999949
20
-85.3068189999999902
11
139.5649520000000052
21
-85.3068189999999902
0
LINE
8
BLACK
6
CONTINUOUS
10
139.5649520000000052
20
-85.3068189999999902
11
139.469713999999982
21
-85.3544380000000018
0
LINE
8
BLACK
6
CONTINUOUS
10
139.469713999999982
20
-85.3544380000000018
11
139.4220949999999846
21
-85.4020569999999992
0
LINE
8
BLACK
6
CONTINUOUS
10
139.4220949999999846
20
-85.4020569999999992
11
139.3744759999999872
21
-85.497294999999994
0
LINE
8
BLACK
6
CONTINUOUS
10
139.3744759999999872
20
-85.497294999999994
11
139.3744759999999872
21
-85.7353899999999953
0
LINE
8
BLACK
6
CONTINUOUS
10
139.3744759999999872
20
-85.7353899999999953
11
139.4220949999999846
21
-85.8306279999999902
0
LINE
8
BLACK
6
CONTINUOUS
10
139.4220949999999846
20
-85.8306279999999902
11
139.469713999999982
21
-85.8782470000000018
0
LINE
8
BLACK
6
CONTINUOUS
10
139.469713999999982
20
-85.8782470000000018
11
139.5649520000000052
21
-85.9258659999999992
0
LINE
8
BLACK
6
CONTINUOUS
10
139.5649520000000052
20
-85.9258659999999992
11
139.7554279999999949
21
-85.9258659999999992
0
LINE
8
BLACK
6
CONTINUOUS
10
139.7554279999999949
20
-85.9258659999999992
11
139.8506659999999897
21
-85.8782470000000018
0
LINE
8
BLACK
6
CONTINUOUS
10
139.8506659999999897
20
-85.8782470000000018
11
139.8982849999999871
21
-85.8306279999999902
0
LINE
8
BLACK
6
CONTINUOUS
10
139.8982849999999871
20
-85.8306279999999902
11
139.9459039999999845
21
-85.7353899999999953
0
LINE
8
BLACK
6
CONTINUOUS
10
157.9857140000000015
20
-104.2548189999999977
11
157.9857140000000015
21
-103.2548189999999977
0
LINE
8
BLACK
6
CONTINUOUS
10
157.9857140000000015
20
-103.2548189999999977
11
158.2238089999999886
21
-103.2548189999999977
0
LINE
8
BLACK
6
CONTINUOUS
10
158.2238089999999886
20
-103.2548189999999977
11
158.3666659999999808
21
-103.3024379999999951
0
LINE
8
BLACK
6
CONTINUOUS
10
158.3666659999999808
20
-103.3024379999999951
11
158.4619040000000041
21
-103.3976759999999899
0
LINE
8
BLACK
6
CONTINUOUS
10
158.4619040000000041
20
-103.3976759999999899
11
158.5095230000000015
21
-103.492913999999999
0
LINE
8
BLACK
6
CONTINUOUS
10
158.5095230000000015
20
-103.492913999999999
11
158.5571419999999989
21
-103.6833899999999886
0
LINE
8
BLACK
6
CONTINUOUS
10
158.5571419999999989
20
-103.6833899999999886
11
158.5571419999999989
21
-103.8262469999999951
0
LINE
8
BLACK
6
CONTINUOUS
10
158.5571419999999989
20
-103.8262469999999951
11
158.5095230000000015
21
-104.0167229999999989
0
LINE
8
BLACK
6
CONTINUOUS
10
158.5095230000000015
20
-104.0167229999999989
11
158.4619040000000041
21
-104.1119609999999938
0
LINE
8
BLACK
6
CONTINUOUS
10
158.4619040000000041
20
-104.1119609999999938
11
158.3666659999999808
21
-104.2072000000000003
0
LINE
8
BLACK
6
CONTINUOUS
10
158.3666659999999808
20
-104.2072000000000003
11
158.2238089999999886
21
-104.2548189999999977
0
LINE
8
BLACK
6
CONTINUOUS
10
158.2238089999999886
20
-104.2548189999999977
11
157.9857140000000015
21
-104.2548189999999977
0
LINE
8
BLACK
6
CONTINUOUS
10
159.5095230000000015
20
-104.2548189999999977
11
158.9380950000000041
21
-104.2548189999999977
0
LINE
8
BLACK
6
CONTINUOUS
10
159.2238089999999886
20
-104.2548189999999977
11
159.2238089999999886
21
-103.2548189999999977
0
LINE
8
BLACK
6
CONTINUOUS
10
159.2238089999999886
20
-103.2548189999999977
11
159.1285709999999938
21
-103.3976759999999899
0
LINE
8
BLACK
6
CONTINUOUS
10
159.1285709999999938
20
-103.3976759999999899
11
159.0333329999999989
21
-103.492913999999999
0
LINE
8
BLACK
6
CONTINUOUS
10
159.0333329999999989
20
-103.492913999999999
11
158.9380950000000041
21
-103.5405329999999964
0
LINE
8
BLACK
6
CONTINUOUS
10
160.4619040000000041
20
-104.2548189999999977
11
159.8904760000000067
21
-104.2548189999999977
0
LINE
8
BLACK
6
CONTINUOUS
10
160.1761899999999912
20
-104.2548189999999977
11
160.1761899999999912
21
-103.2548189999999977
0
LINE
8
BLACK
6
CONTINUOUS
10
160.1761899999999912
20
-103.2548189999999977
11
160.0809519999999964
21
-103.3976759999999899
0
LINE
8
BLACK
6
CONTINUOUS
10
160.0809519999999964
20
-103.3976759999999899
11
159.9857140000000015
21
-103.492913999999999
0
LINE
8
BLACK
6
CONTINUOUS
10
159.9857140000000015
20
-103.492913999999999
11
159.8904760000000067
21
-103.5405329999999964
0
LINE
8
BLACK
6
CONTINUOUS
10
154.1701419999999985
20
-59.5415799999999962
11
154.122523000000001
21
-59.5891999999999982
0
LINE
8
BLACK
6
CONTINUOUS
10
154.122523000000001
20
-59.5891999999999982
11
153.9796659999999804
21
-59.6368189999999956
0
LINE
8
BLACK
6
CONTINUOUS
10
153.9796659999999804
20
-59.6368189999999956
11
153.8844279999999856
21
-59.6368189999999956
0
LINE
8
BLACK
6
CONTINUOUS
10
153.8844279999999856
20
-59.6368189999999956
11
153.7415709999999933
21
-59.5891999999999982
0
LINE
8
BLACK
6
CONTINUOUS
10
153.7415709999999933
20
-59.5891999999999982
11
153.6463329999999985
21
-59.4939609999999988
0
LINE
8
BLACK
6
CONTINUOUS
10
153.6463329999999985
20
-59.4939609999999988
11
153.5987140000000011
21
-59.3987229999999968
0
LINE
8
BLACK
6
CONTINUOUS
10
153.5987140000000011
20
-59.3987229999999968
11
153.5510950000000037
21
-59.2082470000000001
0
LINE
8
BLACK
6
CONTINUOUS
10
153.5510950000000037
20
-59.2082470000000001
11
153.5510950000000037
21
-59.0653900000000007
0
LINE
8
BLACK
6
CONTINUOUS
10
153.5510950000000037
20
-59.0653900000000007
11
153.5987140000000011
21
-58.8749139999999969
0
LINE
8
BLACK
6
CONTINUOUS
10
153.5987140000000011
20
-58.8749139999999969
11
153.6463329999999985
21
-58.7796759999999949
0
LINE
8
BLACK
6
CONTINUOUS
10
153.6463329999999985
20
-58.7796759999999949
11
153.7415709999999933
21
-58.6844380000000001
0
LINE
8
BLACK
6
CONTINUOUS
10
153.7415709999999933
20
-58.6844380000000001
11
153.8844279999999856
21
-58.6368189999999956
0
LINE
8
BLACK
6
CONTINUOUS
10
153.8844279999999856
20
-58.6368189999999956
11
153.9796659999999804
21
-58.6368189999999956
0
LINE
8
BLACK
6
CONTINUOUS
10
153.9796659999999804
20
-58.6368189999999956
11
154.122523000000001
21
-58.6844380000000001
0
LINE
8
BLACK
6
CONTINUOUS
10
154.122523000000001
20
-58.6844380000000001
11
154.1701419999999985
21
-58.7320569999999975
0
LINE
8
BLACK
6
CONTINUOUS
10
155.0749040000000036
20
-58.6368189999999956
11
154.5987140000000011
21
-58.6368189999999956
0
LINE
8
BLACK
6
CONTINUOUS
10
154.5987140000000011
20
-58.6368189999999956
11
154.5510950000000037
21
-59.1130089999999981
0
LINE
8
BLACK
6
CONTINUOUS
10
154.5510950000000037
20
-59.1130089999999981
11
154.5987140000000011
21
-59.0653900000000007
0
LINE
8
BLACK
6
CONTINUOUS
10
154.5987140000000011
20
-59.0653900000000007
11
154.6939519999999959
21
-59.0177709999999962
0
LINE
8
BLACK
6
CONTINUOUS
10
154.6939519999999959
20
-59.0177709999999962
11
154.932046999999983
21
-59.0177709999999962
0
LINE
8
BLACK
6
CONTINUOUS
10
154.932046999999983
20
-59.0177709999999962
11
155.0272850000000062
21
-59.0653900000000007
0
LINE
8
BLACK
6
CONTINUOUS
10
155.0272850000000062
20
-59.0653900000000007
11
155.0749040000000036
21
-59.1130089999999981
0
LINE
8
BLACK
6
CONTINUOUS
10
155.0749040000000036
20
-59.1130089999999981
11
155.122523000000001
21
-59.2082470000000001
0
LINE
8
BLACK
6
CONTINUOUS
10
155.122523000000001
20
-59.2082470000000001
11
155.122523000000001
21
-59.4463419999999942
0
LINE
8
BLACK
6
CONTINUOUS
10
155.122523000000001
20
-59.4463419999999942
11
155.0749040000000036
21
-59.5415799999999962
0
LINE
8
BLACK
6
CONTINUOUS
10
155.0749040000000036
20
-59.5415799999999962
11
155.0272850000000062
21
-59.5891999999999982
0
LINE
8
BLACK
6
CONTINUOUS
10
155.0272850000000062
20
-59.5891999999999982
11
154.932046999999983
21
-59.6368189999999956
0
LINE
8
BLACK
6
CONTINUOUS
10
154.932046999999983
20
-59.6368189999999956
11
154.6939519999999959
21
-59.6368189999999956
0
LINE
8
BLACK
6
CONTINUOUS
10
154.6939519999999959
20
-59.6368189999999956
11
154.5987140000000011
21
-59.5891999999999982
0
LINE
8
BLACK
6
CONTINUOUS
10
154.5987140000000011
20
-59.5891999999999982
11
154.5510950000000037
21
-59.5415799999999962
0
LINE
8
BLACK
6
CONTINUOUS
10
155.4558569999999804
20
-58.6368189999999956
11
156.122523000000001
21
-58.6368189999999956
0
LINE
8
BLACK
6
CONTINUOUS
10
156.122523000000001
20
-58.6368189999999956
11
155.6939519999999959
21
-59.6368189999999956
0
LINE
8
BLACK
6
CONTINUOUS
10
124.854818999999992
20
-75.3380939999999981
11
123.854818999999992
21
-75.3380939999999981
0
LINE
8
BLACK
6
CONTINUOUS
10
123.854818999999992
20
-75.3380939999999981
11
123.854818999999992
21
-75.0999989999999968
0
LINE
8
BLACK
6
CONTINUOUS
10
123.854818999999992
20
-75.0999989999999968
11
123.9024379999999894
21
-74.9571419999999904
0
LINE
8
BLACK
6
CONTINUOUS
10
123.9024379999999894
20
-74.9571419999999904
11
123.9976759999999985
21
-74.8619039999999956
0
LINE
8
BLACK
6
CONTINUOUS
10
123.9976759999999985
20
-74.8619039999999956
11
124.0929139999999933
21
-74.8142849999999981
0
LINE
8
BLACK
6
CONTINUOUS
10
124.0929139999999933
20
-74.8142849999999981
11
124.2833899999999971
21
-74.7666660000000007
0
LINE
8
BLACK
6
CONTINUOUS
10
124.2833899999999971
20
-74.7666660000000007
11
124.4262469999999894
21
-74.7666660000000007
0
LINE
8
BLACK
6
CONTINUOUS
10
124.4262469999999894
20
-74.7666660000000007
11
124.6167229999999932
21
-74.8142849999999981
0
LINE
8
BLACK
6
CONTINUOUS
10
124.6167229999999932
20
-74.8142849999999981
11
124.7119609999999881
21
-74.8619039999999956
0
LINE
8
BLACK
6
CONTINUOUS
10
124.7119609999999881
20
-74.8619039999999956
11
124.8071999999999946
21
-74.9571419999999904
0
LINE
8
BLACK
6
CONTINUOUS
10
124.8071999999999946
20
-74.9571419999999904
11
124.854818999999992
21
-75.0999989999999968
0
LINE
8
BLACK
6
CONTINUOUS
10
124.854818999999992
20
-75.0999989999999968
11
124.854818999999992
21
-75.3380939999999981
0
LINE
8
BLACK
6
CONTINUOUS
10
124.1881519999999881
20
-73.909522999999993
11
124.854818999999992
21
-73.909522999999993
0
LINE
8
BLACK
6
CONTINUOUS
10
123.8071999999999946
20
-74.1476179999999943
11
124.5214849999999984
21
-74.3857129999999955
0
LINE
8
BLACK
6
CONTINUOUS
10
124.5214849999999984
20
-74.3857129999999955
11
124.5214849999999984
21
-73.7666660000000007
0
LINE
8
BLACK
6
CONTINUOUS
10
173.5875800000000027
20
-79.0336659999999966
11
173.6351999999999975
21
-79.0812849999999941
0
LINE
8
BLACK
6
CONTINUOUS
10
173.6351999999999975
20
-79.0812849999999941
11
173.682818999999995
21
-79.2241420000000005
0
LINE
8
BLACK
6
CONTINUOUS
10
173.682818999999995
20
-79.2241420000000005
11
173.682818999999995
21
-79.3193799999999953
0
LINE
8
BLACK
6
CONTINUOUS
10
173.682818999999995
20
-79.3193799999999953
11
173.6351999999999975
21
-79.4622370000000018
0
LINE
8
BLACK
6
CONTINUOUS
10
173.6351999999999975
20
-79.4622370000000018
11
173.5399610000000052
21
-79.5574749999999966
0
LINE
8
BLACK
6
CONTINUOUS
10
173.5399610000000052
20
-79.5574749999999966
11
173.444722999999982
21
-79.605093999999994
0
LINE
8
BLACK
6
CONTINUOUS
10
173.444722999999982
20
-79.605093999999994
11
173.2542469999999923
21
-79.6527129999999914
0
LINE
8
BLACK
6
CONTINUOUS
10
173.2542469999999923
20
-79.6527129999999914
11
173.1113900000000001
21
-79.6527129999999914
0
LINE
8
BLACK
6
CONTINUOUS
10
173.1113900000000001
20
-79.6527129999999914
11
172.920913999999982
21
-79.605093999999994
0
LINE
8
BLACK
6
CONTINUOUS
10
172.920913999999982
20
-79.605093999999994
11
172.8256759999999872
21
-79.5574749999999966
0
LINE
8
BLACK
6
CONTINUOUS
10
172.8256759999999872
20
-79.5574749999999966
11
172.7304379999999924
21
-79.4622370000000018
0
LINE
8
BLACK
6
CONTINUOUS
10
172.7304379999999924
20
-79.4622370000000018
11
172.682818999999995
21
-79.3193799999999953
0
LINE
8
BLACK
6
CONTINUOUS
10
172.682818999999995
20
-79.3193799999999953
11
172.682818999999995
21
-79.2241420000000005
0
LINE
8
BLACK
6
CONTINUOUS
10
172.682818999999995
20
-79.2241420000000005
11
172.7304379999999924
21
-79.0812849999999941
0
LINE
8
BLACK
6
CONTINUOUS
10
172.7304379999999924
20
-79.0812849999999941
11
172.7780569999999898
21
-79.0336659999999966
0
LINE
8
BLACK
6
CONTINUOUS
10
173.682818999999995
20
-78.0812849999999941
11
173.682818999999995
21
-78.6527129999999914
0
LINE
8
BLACK
6
CONTINUOUS
10
173.682818999999995
20
-78.3669989999999927
11
172.682818999999995
21
-78.3669989999999927
0
LINE
8
BLACK
6
CONTINUOUS
10
172.682818999999995
20
-78.3669989999999927
11
172.8256759999999872
21
-78.4622370000000018
0
LINE
8
BLACK
6
CONTINUOUS
10
172.8256759999999872
20
-78.4622370000000018
11
172.920913999999982
21
-78.5574749999999966
0
LINE
8
BLACK
6
CONTINUOUS
10
172.920913999999982
20
-78.5574749999999966
11
172.9685329999999794
21
-78.6527129999999914
0
LINE
8
BLACK
6
CONTINUOUS
10
135.5011419999999873
20
-68.5268190000000033
11
135.1678090000000054
21
-68.0506280000000032
0
LINE
8
BLACK
6
CONTINUOUS
10
134.9297139999999899
20
-68.5268190000000033
11
134.9297139999999899
21
-67.5268190000000033
0
LINE
8
BLACK
6
CONTINUOUS
10
134.9297139999999899
20
-67.5268190000000033
11
135.3106659999999977
21
-67.5268190000000033
0
LINE
8
BLACK
6
CONTINUOUS
10
135.3106659999999977
20
-67.5268190000000033
11
135.4059039999999925
21
-67.5744380000000007
0
LINE
8
BLACK
6
CONTINUOUS
10
135.4059039999999925
20
-67.5744380000000007
11
135.4535229999999899
21
-67.6220569999999981
0
LINE
8
BLACK
6
CONTINUOUS
10
135.4535229999999899
20
-67.6220569999999981
11
135.5011419999999873
21
-67.7172949999999929
0
LINE
8
BLACK
6
CONTINUOUS
10
135.5011419999999873
20
-67.7172949999999929
11
135.5011419999999873
21
-67.8601519999999994
0
LINE
8
BLACK
6
CONTINUOUS
10
135.5011419999999873
20
-67.8601519999999994
11
135.4535229999999899
21
-67.9553899999999942
0
LINE
8
BLACK
6
CONTINUOUS
10
135.4535229999999899
20
-67.9553899999999942
11
135.4059039999999925
21
-68.0030089999999916
0
LINE
8
BLACK
6
CONTINUOUS
10
135.4059039999999925
20
-68.0030089999999916
11
135.3106659999999977
21
-68.0506280000000032
0
LINE
8
BLACK
6
CONTINUOUS
10
135.3106659999999977
20
-68.0506280000000032
11
134.9297139999999899
21
-68.0506280000000032
0
LINE
8
BLACK
6
CONTINUOUS
10
135.8344759999999951
20
-67.5268190000000033
11
136.4535229999999899
21
-67.5268190000000033
0
LINE
8
BLACK
6
CONTINUOUS
10
136.4535229999999899
20
-67.5268190000000033
11
136.120190000000008
21
-67.9077709999999968
0
LINE
8
BLACK
6
CONTINUOUS
10
136.120190000000008
20
-67.9077709999999968
11
136.2630470000000003
21
-67.9077709999999968
0
LINE
8
BLACK
6
CONTINUOUS
10
136.2630470000000003
20
-67.9077709999999968
11
136.3582849999999951
21
-67.9553899999999942
0
LINE
8
BLACK
6
CONTINUOUS
10
136.3582849999999951
20
-67.9553899999999942
11
136.4059039999999925
21
-68.0030089999999916
0
LINE
8
BLACK
6
CONTINUOUS
10
136.4059039999999925
20
-68.0030089999999916
11
136.4535229999999899
21
-68.0982470000000006
0
LINE
8
BLACK
6
CONTINUOUS
10
136.4535229999999899
20
-68.0982470000000006
11
136.4535229999999899
21
-68.3363420000000019
0
LINE
8
BLACK
6
CONTINUOUS
10
136.4535229999999899
20
-68.3363420000000019
11
136.4059039999999925
21
-68.4315799999999967
0
LINE
8
BLACK
6
CONTINUOUS
10
136.4059039999999925
20
-68.4315799999999967
11
136.3582849999999951
21
-68.4791999999999916
0
LINE
8
BLACK
6
CONTINUOUS
10
136.3582849999999951
20
-68.4791999999999916
11
136.2630470000000003
21
-68.5268190000000033
0
LINE
8
BLACK
6
CONTINUOUS
10
136.2630470000000003
20
-68.5268190000000033
11
135.9773329999999874
21
-68.5268190000000033
0
LINE
8
BLACK
6
CONTINUOUS
10
135.9773329999999874
20
-68.5268190000000033
11
135.8820949999999925
21
-68.4791999999999916
0
LINE
8
BLACK
6
CONTINUOUS
10
135.8820949999999925
20
-68.4791999999999916
11
135.8344759999999951
21
-68.4315799999999967
0
LINE
8
BLACK
6
CONTINUOUS
10
136.7868569999999977
20
-67.5268190000000033
11
137.4059039999999925
21
-67.5268190000000033
0
LINE
8
BLACK
6
CONTINUOUS
10
137.4059039999999925
20
-67.5268190000000033
11
137.0725709999999822
21
-67.9077709999999968
0
LINE
8
BLACK
6
CONTINUOUS
10
137.0725709999999822
20
-67.9077709999999968
11
137.2154280000000028
21
-67.9077709999999968
0
LINE
8
BLACK
6
CONTINUOUS
10
137.2154280000000028
20
-67.9077709999999968
11
137.3106659999999977
21
-67.9553899999999942
0
LINE
8
BLACK
6
CONTINUOUS
10
137.3106659999999977
20
-67.9553899999999942
11
137.3582849999999951
21
-68.0030089999999916
0
LINE
8
BLACK
6
CONTINUOUS
10
137.3582849999999951
20
-68.0030089999999916
11
137.4059039999999925
21
-68.0982470000000006
0
LINE
8
BLACK
6
CONTINUOUS
10
137.4059039999999925
20
-68.0982470000000006
11
137.4059039999999925
21
-68.3363420000000019
0
LINE
8
BLACK
6
CONTINUOUS
10
137.4059039999999925
20
-68.3363420000000019
11
137.3582849999999951
21
-68.4315799999999967
0
LINE
8
BLACK
6
CONTINUOUS
10
137.3582849999999951
20
-68.4315799999999967
11
137.3106659999999977
21
-68.4791999999999916
0
LINE
8
BLACK
6
CONTINUOUS
10
137.3106659999999977
20
-68.4791999999999916
11
137.2154280000000028
21
-68.5268190000000033
0
LINE
8
BLACK
6
CONTINUOUS
10
137.2154280000000028
20
-68.5268190000000033
11
136.9297139999999899
21
-68.5268190000000033
0
LINE
8
BLACK
6
CONTINUOUS
10
136.9297139999999899
20
-68.5268190000000033
11
136.8344759999999951
21
-68.4791999999999916
0
LINE
8
BLACK
6
CONTINUOUS
10
136.8344759999999951
20
-68.4791999999999916
11
136.7868569999999977
21
-68.4315799999999967
0
LINE
8
BLACK
6
CONTINUOUS
10
145.2801419999999837
20
-103.7375799999999941
11
145.2325229999999863
21
-103.785199999999989
0
LINE
8
BLACK
6
CONTINUOUS
10
145.2325229999999863
20
-103.785199999999989
11
145.089665999999994
21
-103.8328190000000006
0
LINE
8
BLACK
6
CONTINUOUS
10
145.089665999999994
20
-103.8328190000000006
11
144.9944279999999992
21
-103.8328190000000006
0
LINE
8
BLACK
6
CONTINUOUS
10
144.9944279999999992
20
-103.8328190000000006
11
144.851571000000007
21
-103.785199999999989
0
LINE
8
BLACK
6
CONTINUOUS
10
144.851571000000007
20
-103.785199999999989
11
144.7563329999999837
21
-103.6899609999999967
0
LINE
8
BLACK
6
CONTINUOUS
10
144.7563329999999837
20
-103.6899609999999967
11
144.7087139999999863
21
-103.5947230000000019
0
LINE
8
BLACK
6
CONTINUOUS
10
144.7087139999999863
20
-103.5947230000000019
11
144.6610949999999889
21
-103.404246999999998
0
LINE
8
BLACK
6
CONTINUOUS
10
144.6610949999999889
20
-103.404246999999998
11
144.6610949999999889
21
-103.2613899999999916
0
LINE
8
BLACK
6
CONTINUOUS
10
144.6610949999999889
20
-103.2613899999999916
11
144.7087139999999863
21
-103.0709140000000019
0
LINE
8
BLACK
6
CONTINUOUS
10
144.7087139999999863
20
-103.0709140000000019
11
144.7563329999999837
21
-102.9756759999999929
0
LINE
8
BLACK
6
CONTINUOUS
10
144.7563329999999837
20
-102.9756759999999929
11
144.851571000000007
21
-102.8804379999999981
0
LINE
8
BLACK
6
CONTINUOUS
10
144.851571000000007
20
-102.8804379999999981
11
144.9944279999999992
21
-102.8328190000000006
0
LINE
8
BLACK
6
CONTINUOUS
10
144.9944279999999992
20
-102.8328190000000006
11
145.089665999999994
21
-102.8328190000000006
0
LINE
8
BLACK
6
CONTINUOUS
10
145.089665999999994
20
-102.8328190000000006
11
145.2325229999999863
21
-102.8804379999999981
0
LINE
8
BLACK
6
CONTINUOUS
10
145.2325229999999863
20
-102.8804379999999981
11
145.2801419999999837
21
-102.9280569999999955
0
LINE
8
BLACK
6
CONTINUOUS
10
145.6134759999999915
20
-102.8328190000000006
11
146.2325229999999863
21
-102.8328190000000006
0
LINE
8
BLACK
6
CONTINUOUS
10
146.2325229999999863
20
-102.8328190000000006
11
145.8991900000000044
21
-103.2137709999999942
0
LINE
8
BLACK
6
CONTINUOUS
10
145.8991900000000044
20
-103.2137709999999942
11
146.0420469999999966
21
-103.2137709999999942
0
LINE
8
BLACK
6
CONTINUOUS
10
146.0420469999999966
20
-103.2137709999999942
11
146.1372849999999914
21
-103.2613899999999916
0
LINE
8
BLACK
6
CONTINUOUS
10
146.1372849999999914
20
-103.2613899999999916
11
146.1849039999999889
21
-103.309008999999989
0
LINE
8
BLACK
6
CONTINUOUS
10
146.1849039999999889
20
-103.309008999999989
11
146.2325229999999863
21
-103.404246999999998
0
LINE
8
BLACK
6
CONTINUOUS
10
146.2325229999999863
20
-103.404246999999998
11
146.2325229999999863
21
-103.6423419999999993
0
LINE
8
BLACK
6
CONTINUOUS
10
146.2325229999999863
20
-103.6423419999999993
11
146.1849039999999889
21
-103.7375799999999941
0
LINE
8
BLACK
6
CONTINUOUS
10
146.1849039999999889
20
-103.7375799999999941
11
146.1372849999999914
21
-103.785199999999989
0
LINE
8
BLACK
6
CONTINUOUS
10
146.1372849999999914
20
-103.785199999999989
11
146.0420469999999966
21
-103.8328190000000006
0
LINE
8
BLACK
6
CONTINUOUS
10
146.0420469999999966
20
-103.8328190000000006
11
145.7563329999999837
21
-103.8328190000000006
0
LINE
8
BLACK
6
CONTINUOUS
10
145.7563329999999837
20
-103.8328190000000006
11
145.6610949999999889
21
-103.785199999999989
0
LINE
8
BLACK
6
CONTINUOUS
10
145.6610949999999889
20
-103.785199999999989
11
145.6134759999999915
21
-103.7375799999999941
0
LINE
8
BLACK
6
CONTINUOUS
10
147.1372849999999914
20
-102.8328190000000006
11
146.6610949999999889
21
-102.8328190000000006
0
LINE
8
BLACK
6
CONTINUOUS
10
146.6610949999999889
20
-102.8328190000000006
11
146.6134759999999915
21
-103.309008999999989
0
LINE
8
BLACK
6
CONTINUOUS
10
146.6134759999999915
20
-103.309008999999989
11
146.6610949999999889
21
-103.2613899999999916
0
LINE
8
BLACK
6
CONTINUOUS
10
146.6610949999999889
20
-103.2613899999999916
11
146.7563329999999837
21
-103.2137709999999942
0
LINE
8
BLACK
6
CONTINUOUS
10
146.7563329999999837
20
-103.2137709999999942
11
146.9944279999999992
21
-103.2137709999999942
0
LINE
8
BLACK
6
CONTINUOUS
10
146.9944279999999992
20
-103.2137709999999942
11
147.089665999999994
21
-103.2613899999999916
0
LINE
8
BLACK
6
CONTINUOUS
10
147.089665999999994
20
-103.2613899999999916
11
147.1372849999999914
21
-103.309008999999989
0
LINE
8
BLACK
6
CONTINUOUS
10
147.1372849999999914
20
-103.309008999999989
11
147.1849039999999889
21
-103.404246999999998
0
LINE
8
BLACK
6
CONTINUOUS
10
147.1849039999999889
20
-103.404246999999998
11
147.1849039999999889
21
-103.6423419999999993
0
LINE
8
BLACK
6
CONTINUOUS
10
147.1849039999999889
20
-103.6423419999999993
11
147.1372849999999914
21
-103.7375799999999941
0
LINE
8
BLACK
6
CONTINUOUS
10
147.1372849999999914
20
-103.7375799999999941
11
147.089665999999994
21
-103.785199999999989
0
LINE
8
BLACK
6
CONTINUOUS
10
147.089665999999994
20
-103.785199999999989
11
146.9944279999999992
21
-103.8328190000000006
0
LINE
8
BLACK
6
CONTINUOUS
10
146.9944279999999992
20
-103.8328190000000006
11
146.7563329999999837
21
-103.8328190000000006
0
LINE
8
BLACK
6
CONTINUOUS
10
146.7563329999999837
20
-103.8328190000000006
11
146.6610949999999889
21
-103.785199999999989
0
LINE
8
BLACK
6
CONTINUOUS
10
146.6610949999999889
20
-103.785199999999989
11
146.6134759999999915
21
-103.7375799999999941
0
LINE
8
BLACK
6
CONTINUOUS
10
161.3571419999999819
20
-51.6548189999999963
11
161.023809
21
-51.1786279999999962
0
LINE
8
BLACK
6
CONTINUOUS
10
160.7857139999999845
20
-51.6548189999999963
11
160.7857139999999845
21
-50.6548189999999963
0
LINE
8
BLACK
6
CONTINUOUS
10
160.7857139999999845
20
-50.6548189999999963
11
161.1666659999999922
21
-50.6548189999999963
0
LINE
8
BLACK
6
CONTINUOUS
10
161.1666659999999922
20
-50.6548189999999963
11
161.261903999999987
21
-50.7024380000000008
0
LINE
8
BLACK
6
CONTINUOUS
10
161.261903999999987
20
-50.7024380000000008
11
161.3095229999999844
21
-50.7500569999999982
0
LINE
8
BLACK
6
CONTINUOUS
10
161.3095229999999844
20
-50.7500569999999982
11
161.3571419999999819
21
-50.8452950000000001
0
LINE
8
BLACK
6
CONTINUOUS
10
161.3571419999999819
20
-50.8452950000000001
11
161.3571419999999819
21
-50.9881519999999995
0
LINE
8
BLACK
6
CONTINUOUS
10
161.3571419999999819
20
-50.9881519999999995
11
161.3095229999999844
21
-51.0833899999999943
0
LINE
8
BLACK
6
CONTINUOUS
10
161.3095229999999844
20
-51.0833899999999943
11
161.261903999999987
21
-51.1310089999999988
0
LINE
8
BLACK
6
CONTINUOUS
10
161.261903999999987
20
-51.1310089999999988
11
161.1666659999999922
21
-51.1786279999999962
0
LINE
8
BLACK
6
CONTINUOUS
10
161.1666659999999922
20
-51.1786279999999962
11
160.7857139999999845
21
-51.1786279999999962
0
LINE
8
BLACK
6
CONTINUOUS
10
162.3095229999999844
20
-51.6548189999999963
11
161.7380949999999871
21
-51.6548189999999963
0
LINE
8
BLACK
6
CONTINUOUS
10
162.023809
20
-51.6548189999999963
11
162.023809
21
-50.6548189999999963
0
LINE
8
BLACK
6
CONTINUOUS
10
162.023809
20
-50.6548189999999963
11
161.9285710000000051
21
-50.7976759999999956
0
LINE
8
BLACK
6
CONTINUOUS
10
161.9285710000000051
20
-50.7976759999999956
11
161.8333329999999819
21
-50.8929139999999975
0
LINE
8
BLACK
6
CONTINUOUS
10
161.8333329999999819
20
-50.8929139999999975
11
161.7380949999999871
21
-50.940532999999995
0
LINE
8
BLACK
6
CONTINUOUS
10
162.8809519999999793
20
-51.0833899999999943
11
162.7857139999999845
21
-51.0357709999999969
0
LINE
8
BLACK
6
CONTINUOUS
10
162.7857139999999845
20
-51.0357709999999969
11
162.7380949999999871
21
-50.9881519999999995
0
LINE
8
BLACK
6
CONTINUOUS
10
162.7380949999999871
20
-50.9881519999999995
11
162.6904759999999897
21
-50.8929139999999975
0
LINE
8
BLACK
6
CONTINUOUS
10
162.6904759999999897
20
-50.8929139999999975
11
162.6904759999999897
21
-50.8452950000000001
0
LINE
8
BLACK
6
CONTINUOUS
10
162.6904759999999897
20
-50.8452950000000001
11
162.7380949999999871
21
-50.7500569999999982
0
LINE
8
BLACK
6
CONTINUOUS
10
162.7380949999999871
20
-50.7500569999999982
11
162.7857139999999845
21
-50.7024380000000008
0
LINE
8
BLACK
6
CONTINUOUS
10
162.7857139999999845
20
-50.7024380000000008
11
162.8809519999999793
21
-50.6548189999999963
0
LINE
8
BLACK
6
CONTINUOUS
10
162.8809519999999793
20
-50.6548189999999963
11
163.0714279999999974
21
-50.6548189999999963
0
LINE
8
BLACK
6
CONTINUOUS
10
163.0714279999999974
20
-50.6548189999999963
11
163.1666659999999922
21
-50.7024380000000008
0
LINE
8
BLACK
6
CONTINUOUS
10
163.1666659999999922
20
-50.7024380000000008
11
163.2142849999999896
21
-50.7500569999999982
0
LINE
8
BLACK
6
CONTINUOUS
10
163.2142849999999896
20
-50.7500569999999982
11
163.261903999999987
21
-50.8452950000000001
0
LINE
8
BLACK
6
CONTINUOUS
10
163.261903999999987
20
-50.8452950000000001
11
163.261903999999987
21
-50.8929139999999975
0
LINE
8
BLACK
6
CONTINUOUS
10
163.261903999999987
20
-50.8929139999999975
11
163.2142849999999896
21
-50.9881519999999995
0
LINE
8
BLACK
6
CONTINUOUS
10
163.2142849999999896
20
-50.9881519999999995
11
163.1666659999999922
21
-51.0357709999999969
0
LINE
8
BLACK
6
CONTINUOUS
10
163.1666659999999922
20
-51.0357709999999969
11
163.0714279999999974
21
-51.0833899999999943
0
LINE
8
BLACK
6
CONTINUOUS
10
163.0714279999999974
20
-51.0833899999999943
11
162.8809519999999793
21
-51.0833899999999943
0
LINE
8
BLACK
6
CONTINUOUS
10
162.8809519999999793
20
-51.0833899999999943
11
162.7857139999999845
21
-51.1310089999999988
0
LINE
8
BLACK
6
CONTINUOUS
10
162.7857139999999845
20
-51.1310089999999988
11
162.7380949999999871
21
-51.1786279999999962
0
LINE
8
BLACK
6
CONTINUOUS
10
162.7380949999999871
20
-51.1786279999999962
11
162.6904759999999897
21
-51.2738659999999982
0
LINE
8
BLACK
6
CONTINUOUS
10
162.6904759999999897
20
-51.2738659999999982
11
162.6904759999999897
21
-51.4643419999999949
0
LINE
8
BLACK
6
CONTINUOUS
10
162.6904759999999897
20
-51.4643419999999949
11
162.7380949999999871
21
-51.5595799999999969
0
LINE
8
BLACK
6
CONTINUOUS
10
162.7380949999999871
20
-51.5595799999999969
11
162.7857139999999845
21
-51.6071999999999989
0
LINE
8
BLACK
6
CONTINUOUS
10
162.7857139999999845
20
-51.6071999999999989
11
162.8809519999999793
21
-51.6548189999999963
0
LINE
8
BLACK
6
CONTINUOUS
10
162.8809519999999793
20
-51.6548189999999963
11
163.0714279999999974
21
-51.6548189999999963
0
LINE
8
BLACK
6
CONTINUOUS
10
163.0714279999999974
20
-51.6548189999999963
11
163.1666659999999922
21
-51.6071999999999989
0
LINE
8
BLACK
6
CONTINUOUS
10
163.1666659999999922
20
-51.6071999999999989
11
163.2142849999999896
21
-51.5595799999999969
0
LINE
8
BLACK
6
CONTINUOUS
10
163.2142849999999896
20
-51.5595799999999969
11
163.261903999999987
21
-51.4643419999999949
0
LINE
8
BLACK
6
CONTINUOUS
10
163.261903999999987
20
-51.4643419999999949
11
163.261903999999987
21
-51.2738659999999982
0
LINE
8
BLACK
6
CONTINUOUS
10
163.261903999999987
20
-51.2738659999999982
11
163.2142849999999896
21
-51.1786279999999962
0
LINE
8
BLACK
6
CONTINUOUS
10
163.2142849999999896
20
-51.1786279999999962
11
163.1666659999999922
21
-51.1310089999999988
0
LINE
8
BLACK
6
CONTINUOUS
10
163.1666659999999922
20
-51.1310089999999988
11
163.0714279999999974
21
-51.0833899999999943
0
LINE
8
BLACK
6
CONTINUOUS
10
151.0333329999999989
20
-51.3595800000000011
11
150.9857140000000015
21
-51.407199999999996
0
LINE
8
BLACK
6
CONTINUOUS
10
150.9857140000000015
20
-51.407199999999996
11
150.8428569999999809
21
-51.4548190000000005
0
LINE
8
BLACK
6
CONTINUOUS
10
150.8428569999999809
20
-51.4548190000000005
11
150.747618999999986
21
-51.4548190000000005
0
LINE
8
BLACK
6
CONTINUOUS
10
150.747618999999986
20
-51.4548190000000005
11
150.6047619999999938
21
-51.407199999999996
0
LINE
8
BLACK
6
CONTINUOUS
10
150.6047619999999938
20
-51.407199999999996
11
150.509523999999999
21
-51.3119609999999966
0
LINE
8
BLACK
6
CONTINUOUS
10
150.509523999999999
20
-51.3119609999999966
11
150.4619050000000016
21
-51.2167229999999947
0
LINE
8
BLACK
6
CONTINUOUS
10
150.4619050000000016
20
-51.2167229999999947
11
150.4142860000000042
21
-51.0262469999999979
0
LINE
8
BLACK
6
CONTINUOUS
10
150.4142860000000042
20
-51.0262469999999979
11
150.4142860000000042
21
-50.8833899999999986
0
LINE
8
BLACK
6
CONTINUOUS
10
150.4142860000000042
20
-50.8833899999999986
11
150.4619050000000016
21
-50.6929139999999947
0
LINE
8
BLACK
6
CONTINUOUS
10
150.4619050000000016
20
-50.6929139999999947
11
150.509523999999999
21
-50.5976759999999999
0
LINE
8
BLACK
6
CONTINUOUS
10
150.509523999999999
20
-50.5976759999999999
11
150.6047619999999938
21
-50.5024379999999979
0
LINE
8
BLACK
6
CONTINUOUS
10
150.6047619999999938
20
-50.5024379999999979
11
150.747618999999986
21
-50.4548190000000005
0
LINE
8
BLACK
6
CONTINUOUS
10
150.747618999999986
20
-50.4548190000000005
11
150.8428569999999809
21
-50.4548190000000005
0
LINE
8
BLACK
6
CONTINUOUS
10
150.8428569999999809
20
-50.4548190000000005
11
150.9857140000000015
21
-50.5024379999999979
0
LINE
8
BLACK
6
CONTINUOUS
10
150.9857140000000015
20
-50.5024379999999979
11
151.0333329999999989
21
-50.5500569999999954
0
LINE
8
BLACK
6
CONTINUOUS
10
151.4142860000000042
20
-50.5500569999999954
11
151.4619050000000016
21
-50.5024379999999979
0
LINE
8
BLACK
6
CONTINUOUS
10
151.4619050000000016
20
-50.5024379999999979
11
151.5571429999999964
21
-50.4548190000000005
0
LINE
8
BLACK
6
CONTINUOUS
10
151.5571429999999964
20
-50.4548190000000005
11
151.7952379999999835
21
-50.4548190000000005
0
LINE
8
BLACK
6
CONTINUOUS
10
151.7952379999999835
20
-50.4548190000000005
11
151.8904760000000067
21
-50.5024379999999979
0
LINE
8
BLACK
6
CONTINUOUS
10
151.8904760000000067
20
-50.5024379999999979
11
151.9380950000000041
21
-50.5500569999999954
0
LINE
8
BLACK
6
CONTINUOUS
10
151.9380950000000041
20
-50.5500569999999954
11
151.9857140000000015
21
-50.6452949999999973
0
LINE
8
BLACK
6
CONTINUOUS
10
151.9857140000000015
20
-50.6452949999999973
11
151.9857140000000015
21
-50.7405329999999992
0
LINE
8
BLACK
6
CONTINUOUS
10
151.9857140000000015
20
-50.7405329999999992
11
151.9380950000000041
21
-50.8833899999999986
0
LINE
8
BLACK
6
CONTINUOUS
10
151.9380950000000041
20
-50.8833899999999986
11
151.3666670000000067
21
-51.4548190000000005
0
LINE
8
BLACK
6
CONTINUOUS
10
151.3666670000000067
20
-51.4548190000000005
11
151.9857140000000015
21
-51.4548190000000005
0
LINE
8
BLACK
6
CONTINUOUS
10
122.5833329999999961
20
-78.7048190000000005
11
122.25
21
-78.2286280000000005
0
LINE
8
BLACK
6
CONTINUOUS
10
122.0119049999999987
20
-78.7048190000000005
11
122.0119049999999987
21
-77.7048190000000005
0
LINE
8
BLACK
6
CONTINUOUS
10
122.0119049999999987
20
-77.7048190000000005
11
122.3928569999999922
21
-77.7048190000000005
0
LINE
8
BLACK
6
CONTINUOUS
10
122.3928569999999922
20
-77.7048190000000005
11
122.4880950000000013
21
-77.7524379999999979
0
LINE
8
BLACK
6
CONTINUOUS
10
122.4880950000000013
20
-77.7524379999999979
11
122.5357139999999987
21
-77.8000569999999954
0
LINE
8
BLACK
6
CONTINUOUS
10
122.5357139999999987
20
-77.8000569999999954
11
122.5833329999999961
21
-77.8952949999999902
0
LINE
8
BLACK
6
CONTINUOUS
10
122.5833329999999961
20
-77.8952949999999902
11
122.5833329999999961
21
-78.0381519999999966
0
LINE
8
BLACK
6
CONTINUOUS
10
122.5833329999999961
20
-78.0381519999999966
11
122.5357139999999987
21
-78.1333899999999915
0
LINE
8
BLACK
6
CONTINUOUS
10
122.5357139999999987
20
-78.1333899999999915
11
122.4880950000000013
21
-78.1810090000000031
0
LINE
8
BLACK
6
CONTINUOUS
10
122.4880950000000013
20
-78.1810090000000031
11
122.3928569999999922
21
-78.2286280000000005
0
LINE
8
BLACK
6
CONTINUOUS
10
122.3928569999999922
20
-78.2286280000000005
11
122.0119049999999987
21
-78.2286280000000005
0
LINE
8
BLACK
6
CONTINUOUS
10
123.0595239999999961
20
-78.7048190000000005
11
123.25
21
-78.7048190000000005
0
LINE
8
BLACK
6
CONTINUOUS
10
123.25
20
-78.7048190000000005
11
123.3452379999999948
21
-78.6572000000000031
0
LINE
8
BLACK
6
CONTINUOUS
10
123.3452379999999948
20
-78.6572000000000031
11
123.3928569999999922
21
-78.609579999999994
0
LINE
8
BLACK
6
CONTINUOUS
10
123.3928569999999922
20
-78.609579999999994
11
123.4880950000000013
21
-78.4667230000000018
0
LINE
8
BLACK
6
CONTINUOUS
10
123.4880950000000013
20
-78.4667230000000018
11
123.5357139999999987
21
-78.2762469999999979
0
LINE
8
BLACK
6
CONTINUOUS
10
123.5357139999999987
20
-78.2762469999999979
11
123.5357139999999987
21
-77.8952949999999902
0
LINE
8
BLACK
6
CONTINUOUS
10
123.5357139999999987
20
-77.8952949999999902
11
123.4880950000000013
21
-77.8000569999999954
0
LINE
8
BLACK
6
CONTINUOUS
10
123.4880950000000013
20
-77.8000569999999954
11
123.4404759999999897
21
-77.7524379999999979
0
LINE
8
BLACK
6
CONTINUOUS
10
123.4404759999999897
20
-77.7524379999999979
11
123.3452379999999948
21
-77.7048190000000005
0
LINE
8
BLACK
6
CONTINUOUS
10
123.3452379999999948
20
-77.7048190000000005
11
123.154761999999991
21
-77.7048190000000005
0
LINE
8
BLACK
6
CONTINUOUS
10
123.154761999999991
20
-77.7048190000000005
11
123.0595239999999961
21
-77.7524379999999979
0
LINE
8
BLACK
6
CONTINUOUS
10
123.0595239999999961
20
-77.7524379999999979
11
123.0119049999999987
21
-77.8000569999999954
0
LINE
8
BLACK
6
CONTINUOUS
10
123.0119049999999987
20
-77.8000569999999954
11
122.9642860000000013
21
-77.8952949999999902
0
LINE
8
BLACK
6
CONTINUOUS
10
122.9642860000000013
20
-77.8952949999999902
11
122.9642860000000013
21
-78.1333899999999915
0
LINE
8
BLACK
6
CONTINUOUS
10
122.9642860000000013
20
-78.1333899999999915
11
123.0119049999999987
21
-78.2286280000000005
0
LINE
8
BLACK
6
CONTINUOUS
10
123.0119049999999987
20
-78.2286280000000005
11
123.0595239999999961
21
-78.2762469999999979
0
LINE
8
BLACK
6
CONTINUOUS
10
123.0595239999999961
20
-78.2762469999999979
11
123.154761999999991
21
-78.3238659999999953
0
LINE
8
BLACK
6
CONTINUOUS
10
123.154761999999991
20
-78.3238659999999953
11
123.3452379999999948
21
-78.3238659999999953
0
LINE
8
BLACK
6
CONTINUOUS
10
123.3452379999999948
20
-78.3238659999999953
11
123.4404759999999897
21
-78.2762469999999979
0
LINE
8
BLACK
6
CONTINUOUS
10
123.4404759999999897
20
-78.2762469999999979
11
123.4880950000000013
21
-78.2286280000000005
0
LINE
8
BLACK
6
CONTINUOUS
10
123.4880950000000013
20
-78.2286280000000005
11
123.5357139999999987
21
-78.1333899999999915
0
LINE
8
BLACK
6
CONTINUOUS
10
161.8619049999999788
20
-89.6548189999999892
11
161.8619049999999788
21
-88.6548189999999892
0
LINE
8
BLACK
6
CONTINUOUS
10
161.8619049999999788
20
-88.6548189999999892
11
162.0999999999999943
21
-88.6548189999999892
0
LINE
8
BLACK
6
CONTINUOUS
10
162.0999999999999943
20
-88.6548189999999892
11
162.2428569999999866
21
-88.7024380000000008
0
LINE
8
BLACK
6
CONTINUOUS
10
162.2428569999999866
20
-88.7024380000000008
11
162.3380949999999814
21
-88.7976759999999956
0
LINE
8
BLACK
6
CONTINUOUS
10
162.3380949999999814
20
-88.7976759999999956
11
162.3857139999999788
21
-88.8929139999999904
0
LINE
8
BLACK
6
CONTINUOUS
10
162.3857139999999788
20
-88.8929139999999904
11
162.4333330000000046
21
-89.0833899999999943
0
LINE
8
BLACK
6
CONTINUOUS
10
162.4333330000000046
20
-89.0833899999999943
11
162.4333330000000046
21
-89.2262470000000008
0
LINE
8
BLACK
6
CONTINUOUS
10
162.4333330000000046
20
-89.2262470000000008
11
162.3857139999999788
21
-89.4167229999999904
0
LINE
8
BLACK
6
CONTINUOUS
10
162.3857139999999788
20
-89.4167229999999904
11
162.3380949999999814
21
-89.5119609999999994
0
LINE
8
BLACK
6
CONTINUOUS
10
162.3380949999999814
20
-89.5119609999999994
11
162.2428569999999866
21
-89.6071999999999917
0
LINE
8
BLACK
6
CONTINUOUS
10
162.2428569999999866
20
-89.6071999999999917
11
162.0999999999999943
21
-89.6548189999999892
0
LINE
8
BLACK
6
CONTINUOUS
10
162.0999999999999943
20
-89.6548189999999892
11
161.8619049999999788
21
-89.6548189999999892
0
LINE
8
BLACK
6
CONTINUOUS
10
162.9095240000000047
20
-89.6548189999999892
11
163.0999999999999943
21
-89.6548189999999892
0
LINE
8
BLACK
6
CONTINUOUS
10
163.0999999999999943
20
-89.6548189999999892
11
163.1952379999999891
21
-89.6071999999999917
0
LINE
8
BLACK
6
CONTINUOUS
10
163.1952379999999891
20
-89.6071999999999917
11
163.2428569999999866
21
-89.5595799999999969
0
LINE
8
BLACK
6
CONTINUOUS
10
163.2428569999999866
20
-89.5595799999999969
11
163.3380949999999814
21
-89.4167229999999904
0
LINE
8
BLACK
6
CONTINUOUS
10
163.3380949999999814
20
-89.4167229999999904
11
163.3857139999999788
21
-89.2262470000000008
0
LINE
8
BLACK
6
CONTINUOUS
10
163.3857139999999788
20
-89.2262470000000008
11
163.3857139999999788
21
-88.845294999999993
0
LINE
8
BLACK
6
CONTINUOUS
10
163.3857139999999788
20
-88.845294999999993
11
163.3380949999999814
21
-88.7500569999999982
0
LINE
8
BLACK
6
CONTINUOUS
10
163.3380949999999814
20
-88.7500569999999982
11
163.290475999999984
21
-88.7024380000000008
0
LINE
8
BLACK
6
CONTINUOUS
10
163.290475999999984
20
-88.7024380000000008
11
163.1952379999999891
21
-88.6548189999999892
0
LINE
8
BLACK
6
CONTINUOUS
10
163.1952379999999891
20
-88.6548189999999892
11
163.0047619999999995
21
-88.6548189999999892
0
LINE
8
BLACK
6
CONTINUOUS
10
163.0047619999999995
20
-88.6548189999999892
11
162.9095240000000047
21
-88.7024380000000008
0
LINE
8
BLACK
6
CONTINUOUS
10
162.9095240000000047
20
-88.7024380000000008
11
162.8619049999999788
21
-88.7500569999999982
0
LINE
8
BLACK
6
CONTINUOUS
10
162.8619049999999788
20
-88.7500569999999982
11
162.8142859999999814
21
-88.845294999999993
0
LINE
8
BLACK
6
CONTINUOUS
10
162.8142859999999814
20
-88.845294999999993
11
162.8142859999999814
21
-89.0833899999999943
0
LINE
8
BLACK
6
CONTINUOUS
10
162.8142859999999814
20
-89.0833899999999943
11
162.8619049999999788
21
-89.1786279999999891
0
LINE
8
BLACK
6
CONTINUOUS
10
162.8619049999999788
20
-89.1786279999999891
11
162.9095240000000047
21
-89.2262470000000008
0
LINE
8
BLACK
6
CONTINUOUS
10
162.9095240000000047
20
-89.2262470000000008
11
163.0047619999999995
21
-89.2738659999999982
0
LINE
8
BLACK
6
CONTINUOUS
10
163.0047619999999995
20
-89.2738659999999982
11
163.1952379999999891
21
-89.2738659999999982
0
LINE
8
BLACK
6
CONTINUOUS
10
163.1952379999999891
20
-89.2738659999999982
11
163.290475999999984
21
-89.2262470000000008
0
LINE
8
BLACK
6
CONTINUOUS
10
163.290475999999984
20
-89.2262470000000008
11
163.3380949999999814
21
-89.1786279999999891
0
LINE
8
BLACK
6
CONTINUOUS
10
163.3380949999999814
20
-89.1786279999999891
11
163.3857139999999788
21
-89.0833899999999943
0
LINE
8
BLACK
6
CONTINUOUS
10
167.6185799999999801
20
-78.4938569999999913
11
167.6662000000000035
21
-78.541476000000003
0
LINE
8
BLACK
6
CONTINUOUS
10
167.6662000000000035
20
-78.541476000000003
11
167.7138190000000009
21
-78.6843329999999952
0
LINE
8
BLACK
6
CONTINUOUS
10
167.7138190000000009
20
-78.6843329999999952
11
167.7138190000000009
21
-78.77957099999999
0
LINE
8
BLACK
6
CONTINUOUS
10
167.7138190000000009
20
-78.77957099999999
11
167.6662000000000035
21
-78.9224279999999965
0
LINE
8
BLACK
6
CONTINUOUS
10
167.6662000000000035
20
-78.9224279999999965
11
167.5709609999999827
21
-79.0176659999999913
0
LINE
8
BLACK
6
CONTINUOUS
10
167.5709609999999827
20
-79.0176659999999913
11
167.4757229999999879
21
-79.0652850000000029
0
LINE
8
BLACK
6
CONTINUOUS
10
167.4757229999999879
20
-79.0652850000000029
11
167.2852469999999983
21
-79.1129040000000003
0
LINE
8
BLACK
6
CONTINUOUS
10
167.2852469999999983
20
-79.1129040000000003
11
167.142390000000006
21
-79.1129040000000003
0
LINE
8
BLACK
6
CONTINUOUS
10
167.142390000000006
20
-79.1129040000000003
11
166.9519139999999879
21
-79.0652850000000029
0
LINE
8
BLACK
6
CONTINUOUS
10
166.9519139999999879
20
-79.0652850000000029
11
166.8566759999999931
21
-79.0176659999999913
0
LINE
8
BLACK
6
CONTINUOUS
10
166.8566759999999931
20
-79.0176659999999913
11
166.7614379999999983
21
-78.9224279999999965
0
LINE
8
BLACK
6
CONTINUOUS
10
166.7614379999999983
20
-78.9224279999999965
11
166.7138190000000009
21
-78.77957099999999
0
LINE
8
BLACK
6
CONTINUOUS
10
166.7138190000000009
20
-78.77957099999999
11
166.7138190000000009
21
-78.6843329999999952
0
LINE
8
BLACK
6
CONTINUOUS
10
166.7138190000000009
20
-78.6843329999999952
11
166.7614379999999983
21
-78.541476000000003
0
LINE
8
BLACK
6
CONTINUOUS
10
166.7614379999999983
20
-78.541476000000003
11
166.8090569999999957
21
-78.4938569999999913
0
LINE
8
BLACK
6
CONTINUOUS
10
166.7138190000000009
20
-77.5890950000000004
11
166.7138190000000009
21
-78.0652850000000029
0
LINE
8
BLACK
6
CONTINUOUS
10
166.7138190000000009
20
-78.0652850000000029
11
167.1900090000000034
21
-78.1129040000000003
0
LINE
8
BLACK
6
CONTINUOUS
10
167.1900090000000034
20
-78.1129040000000003
11
167.142390000000006
21
-78.0652850000000029
0
LINE
8
BLACK
6
CONTINUOUS
10
167.142390000000006
20
-78.0652850000000029
11
167.0947709999999802
21
-77.9700469999999939
0
LINE
8
BLACK
6
CONTINUOUS
10
167.0947709999999802
20
-77.9700469999999939
11
167.0947709999999802
21
-77.7319519999999926
0
LINE
8
BLACK
6
CONTINUOUS
10
167.0947709999999802
20
-77.7319519999999926
11
167.142390000000006
21
-77.6367139999999978
0
LINE
8
BLACK
6
CONTINUOUS
10
167.142390000000006
20
-77.6367139999999978
11
167.1900090000000034
21
-77.5890950000000004
0
LINE
8
BLACK
6
CONTINUOUS
10
167.1900090000000034
20
-77.5890950000000004
11
167.2852469999999983
21
-77.541476000000003
0
LINE
8
BLACK
6
CONTINUOUS
10
167.2852469999999983
20
-77.541476000000003
11
167.5233419999999853
21
-77.541476000000003
0
LINE
8
BLACK
6
CONTINUOUS
10
167.5233419999999853
20
-77.541476000000003
11
167.6185799999999801
21
-77.5890950000000004
0
LINE
8
BLACK
6
CONTINUOUS
10
167.6185799999999801
20
-77.5890950000000004
11
167.6662000000000035
21
-77.6367139999999978
0
LINE
8
BLACK
6
CONTINUOUS
10
167.6662000000000035
20
-77.6367139999999978
11
167.7138190000000009
21
-77.7319519999999926
0
LINE
8
BLACK
6
CONTINUOUS
10
167.7138190000000009
20
-77.7319519999999926
11
167.7138190000000009
21
-77.9700469999999939
0
LINE
8
BLACK
6
CONTINUOUS
10
167.7138190000000009
20
-77.9700469999999939
11
167.6662000000000035
21
-78.0652850000000029
0
LINE
8
BLACK
6
CONTINUOUS
10
167.6662000000000035
20
-78.0652850000000029
11
167.6185799999999801
21
-78.1129040000000003
0
LINE
8
BLACK
6
CONTINUOUS
10
167.0471519999999828
20
-76.6843329999999952
11
167.7138190000000009
21
-76.6843329999999952
0
LINE
8
BLACK
6
CONTINUOUS
10
166.6662000000000035
20
-76.9224279999999965
11
167.3804849999999931
21
-77.1605229999999978
0
LINE
8
BLACK
6
CONTINUOUS
10
167.3804849999999931
20
-77.1605229999999978
11
167.3804849999999931
21
-76.541476000000003
0
LINE
8
BLACK
6
CONTINUOUS
10
125.0553329999999903
20
-79.109579999999994
11
125.0077139999999929
21
-79.1572000000000031
0
LINE
8
BLACK
6
CONTINUOUS
10
125.0077139999999929
20
-79.1572000000000031
11
124.8648570000000007
21
-79.2048190000000005
0
LINE
8
BLACK
6
CONTINUOUS
10
124.8648570000000007
20
-79.2048190000000005
11
124.7696189999999916
21
-79.2048190000000005
0
LINE
8
BLACK
6
CONTINUOUS
10
124.7696189999999916
20
-79.2048190000000005
11
124.6267619999999994
21
-79.1572000000000031
0
LINE
8
BLACK
6
CONTINUOUS
10
124.6267619999999994
20
-79.1572000000000031
11
124.5315239999999903
21
-79.0619609999999966
0
LINE
8
BLACK
6
CONTINUOUS
10
124.5315239999999903
20
-79.0619609999999966
11
124.4839049999999929
21
-78.9667230000000018
0
LINE
8
BLACK
6
CONTINUOUS
10
124.4839049999999929
20
-78.9667230000000018
11
124.4362859999999955
21
-78.7762469999999979
0
LINE
8
BLACK
6
CONTINUOUS
10
124.4362859999999955
20
-78.7762469999999979
11
124.4362859999999955
21
-78.6333899999999915
0
LINE
8
BLACK
6
CONTINUOUS
10
124.4362859999999955
20
-78.6333899999999915
11
124.4839049999999929
21
-78.4429140000000018
0
LINE
8
BLACK
6
CONTINUOUS
10
124.4839049999999929
20
-78.4429140000000018
11
124.5315239999999903
21
-78.3476759999999928
0
LINE
8
BLACK
6
CONTINUOUS
10
124.5315239999999903
20
-78.3476759999999928
11
124.6267619999999994
21
-78.2524379999999979
0
LINE
8
BLACK
6
CONTINUOUS
10
124.6267619999999994
20
-78.2524379999999979
11
124.7696189999999916
21
-78.2048190000000005
0
LINE
8
BLACK
6
CONTINUOUS
10
124.7696189999999916
20
-78.2048190000000005
11
124.8648570000000007
21
-78.2048190000000005
0
LINE
8
BLACK
6
CONTINUOUS
10
124.8648570000000007
20
-78.2048190000000005
11
125.0077139999999929
21
-78.2524379999999979
0
LINE
8
BLACK
6
CONTINUOUS
10
125.0077139999999929
20
-78.2524379999999979
11
125.0553329999999903
21
-78.3000569999999954
0
LINE
8
BLACK
6
CONTINUOUS
10
125.9124759999999981
20
-78.2048190000000005
11
125.7219999999999942
21
-78.2048190000000005
0
LINE
8
BLACK
6
CONTINUOUS
10
125.7219999999999942
20
-78.2048190000000005
11
125.6267619999999994
21
-78.2524379999999979
0
LINE
8
BLACK
6
CONTINUOUS
10
125.6267619999999994
20
-78.2524379999999979
11
125.5791429999999878
21
-78.3000569999999954
0
LINE
8
BLACK
6
CONTINUOUS
10
125.5791429999999878
20
-78.3000569999999954
11
125.4839049999999929
21
-78.4429140000000018
0
LINE
8
BLACK
6
CONTINUOUS
10
125.4839049999999929
20
-78.4429140000000018
11
125.4362859999999955
21
-78.6333899999999915
0
LINE
8
BLACK
6
CONTINUOUS
10
125.4362859999999955
20
-78.6333899999999915
11
125.4362859999999955
21
-79.0143419999999992
0
LINE
8
BLACK
6
CONTINUOUS
10
125.4362859999999955
20
-79.0143419999999992
11
125.4839049999999929
21
-79.109579999999994
0
LINE
8
BLACK
6
CONTINUOUS
10
125.4839049999999929
20
-79.109579999999994
11
125.5315239999999903
21
-79.1572000000000031
0
LINE
8
BLACK
6
CONTINUOUS
10
125.5315239999999903
20
-79.1572000000000031
11
125.6267619999999994
21
-79.2048190000000005
0
LINE
8
BLACK
6
CONTINUOUS
10
125.6267619999999994
20
-79.2048190000000005
11
125.817237999999989
21
-79.2048190000000005
0
LINE
8
BLACK
6
CONTINUOUS
10
125.817237999999989
20
-79.2048190000000005
11
125.9124759999999981
21
-79.1572000000000031
0
LINE
8
BLACK
6
CONTINUOUS
10
125.9124759999999981
20
-79.1572000000000031
11
125.9600949999999955
21
-79.109579999999994
0
LINE
8
BLACK
6
CONTINUOUS
10
125.9600949999999955
20
-79.109579999999994
11
126.0077139999999929
21
-79.0143419999999992
0
LINE
8
BLACK
6
CONTINUOUS
10
126.0077139999999929
20
-79.0143419999999992
11
126.0077139999999929
21
-78.7762469999999979
0
LINE
8
BLACK
6
CONTINUOUS
10
126.0077139999999929
20
-78.7762469999999979
11
125.9600949999999955
21
-78.6810090000000031
0
LINE
8
BLACK
6
CONTINUOUS
10
125.9600949999999955
20
-78.6810090000000031
11
125.9124759999999981
21
-78.6333899999999915
0
LINE
8
BLACK
6
CONTINUOUS
10
125.9124759999999981
20
-78.6333899999999915
11
125.817237999999989
21
-78.585770999999994
0
LINE
8
BLACK
6
CONTINUOUS
10
125.817237999999989
20
-78.585770999999994
11
125.6267619999999994
21
-78.585770999999994
0
LINE
8
BLACK
6
CONTINUOUS
10
125.6267619999999994
20
-78.585770999999994
11
125.5315239999999903
21
-78.6333899999999915
0
LINE
8
BLACK
6
CONTINUOUS
10
125.5315239999999903
20
-78.6333899999999915
11
125.4839049999999929
21
-78.6810090000000031
0
LINE
8
BLACK
6
CONTINUOUS
10
125.4839049999999929
20
-78.6810090000000031
11
125.4362859999999955
21
-78.7762469999999979
0
LINE
8
BLACK
6
CONTINUOUS
10
135.3344759999999951
20
-56.8588189999999969
11
135.3344759999999951
21
-57.5731040000000007
0
LINE
8
BLACK
6
CONTINUOUS
10
135.3344759999999951
20
-57.5731040000000007
11
135.2868569999999977
21
-57.7159610000000001
0
LINE
8
BLACK
6
CONTINUOUS
10
135.2868569999999977
20
-57.7159610000000001
11
135.1916190000000029
21
-57.8111999999999995
0
LINE
8
BLACK
6
CONTINUOUS
10
135.1916190000000029
20
-57.8111999999999995
11
135.0487619999999822
21
-57.8588189999999969
0
LINE
8
BLACK
6
CONTINUOUS
10
135.0487619999999822
20
-57.8588189999999969
11
134.9535239999999874
21
-57.8588189999999969
0
LINE
8
BLACK
6
CONTINUOUS
10
136.3344759999999951
20
-57.8588189999999969
11
135.7630479999999977
21
-57.8588189999999969
0
LINE
8
BLACK
6
CONTINUOUS
10
136.0487619999999822
20
-57.8588189999999969
11
136.0487619999999822
21
-56.8588189999999969
0
LINE
8
BLACK
6
CONTINUOUS
10
136.0487619999999822
20
-56.8588189999999969
11
135.9535239999999874
21
-57.0016759999999962
0
LINE
8
BLACK
6
CONTINUOUS
10
135.9535239999999874
20
-57.0016759999999962
11
135.8582859999999926
21
-57.0969139999999982
0
LINE
8
BLACK
6
CONTINUOUS
10
135.8582859999999926
20
-57.0969139999999982
11
135.7630479999999977
21
-57.1445329999999956
0
LINE
8
BLACK
6
CONTINUOUS
10
137.1916190000000029
20
-56.8588189999999969
11
137.0011429999999848
21
-56.8588189999999969
0
LINE
8
BLACK
6
CONTINUOUS
10
137.0011429999999848
20
-56.8588189999999969
11
136.90590499999999
21
-56.9064379999999943
0
LINE
8
BLACK
6
CONTINUOUS
10
136.90590499999999
20
-56.9064379999999943
11
136.8582859999999926
21
-56.9540569999999988
0
LINE
8
BLACK
6
CONTINUOUS
10
136.8582859999999926
20
-56.9540569999999988
11
136.7630479999999977
21
-57.0969139999999982
0
LINE
8
BLACK
6
CONTINUOUS
10
136.7630479999999977
20
-57.0969139999999982
11
136.7154290000000003
21
-57.2873899999999949
0
LINE
8
BLACK
6
CONTINUOUS
10
136.7154290000000003
20
-57.2873899999999949
11
136.7154290000000003
21
-57.6683419999999956
0
LINE
8
BLACK
6
CONTINUOUS
10
136.7154290000000003
20
-57.6683419999999956
11
136.7630479999999977
21
-57.7635799999999975
0
LINE
8
BLACK
6
CONTINUOUS
10
136.7630479999999977
20
-57.7635799999999975
11
136.8106669999999951
21
-57.8111999999999995
0
LINE
8
BLACK
6
CONTINUOUS
10
136.8106669999999951
20
-57.8111999999999995
11
136.90590499999999
21
-57.8588189999999969
0
LINE
8
BLACK
6
CONTINUOUS
10
136.90590499999999
20
-57.8588189999999969
11
137.0963809999999796
21
-57.8588189999999969
0
LINE
8
BLACK
6
CONTINUOUS
10
137.0963809999999796
20
-57.8588189999999969
11
137.1916190000000029
21
-57.8111999999999995
0
LINE
8
BLACK
6
CONTINUOUS
10
137.1916190000000029
20
-57.8111999999999995
11
137.2392380000000003
21
-57.7635799999999975
0
LINE
8
BLACK
6
CONTINUOUS
10
137.2392380000000003
20
-57.7635799999999975
11
137.2868569999999977
21
-57.6683419999999956
0
LINE
8
BLACK
6
CONTINUOUS
10
137.2868569999999977
20
-57.6683419999999956
11
137.2868569999999977
21
-57.4302469999999943
0
LINE
8
BLACK
6
CONTINUOUS
10
137.2868569999999977
20
-57.4302469999999943
11
137.2392380000000003
21
-57.3350089999999994
0
LINE
8
BLACK
6
CONTINUOUS
10
137.2392380000000003
20
-57.3350089999999994
11
137.1916190000000029
21
-57.2873899999999949
0
LINE
8
BLACK
6
CONTINUOUS
10
137.1916190000000029
20
-57.2873899999999949
11
137.0963809999999796
21
-57.2397709999999975
0
LINE
8
BLACK
6
CONTINUOUS
10
137.0963809999999796
20
-57.2397709999999975
11
136.90590499999999
21
-57.2397709999999975
0
LINE
8
BLACK
6
CONTINUOUS
10
136.90590499999999
20
-57.2397709999999975
11
136.8106669999999951
21
-57.2873899999999949
0
LINE
8
BLACK
6
CONTINUOUS
10
136.8106669999999951
20
-57.2873899999999949
11
136.7630479999999977
21
-57.3350089999999994
0
LINE
8
BLACK
6
CONTINUOUS
10
136.7630479999999977
20
-57.3350089999999994
11
136.7154290000000003
21
-57.4302469999999943
0
LINE
8
BLACK
6
CONTINUOUS
10
132.5571419999999989
20
-108.7595799999999997
11
132.5095230000000015
21
-108.8071999999999946
0
LINE
8
BLACK
6
CONTINUOUS
10
132.5095230000000015
20
-108.8071999999999946
11
132.3666659999999808
21
-108.854818999999992
0
LINE
8
BLACK
6
CONTINUOUS
10
132.3666659999999808
20
-108.854818999999992
11
132.271427999999986
21
-108.854818999999992
0
LINE
8
BLACK
6
CONTINUOUS
10
132.271427999999986
20
-108.854818999999992
11
132.1285709999999938
21
-108.8071999999999946
0
LINE
8
BLACK
6
CONTINUOUS
10
132.1285709999999938
20
-108.8071999999999946
11
132.0333329999999989
21
-108.7119609999999881
0
LINE
8
BLACK
6
CONTINUOUS
10
132.0333329999999989
20
-108.7119609999999881
11
131.9857140000000015
21
-108.6167229999999932
0
LINE
8
BLACK
6
CONTINUOUS
10
131.9857140000000015
20
-108.6167229999999932
11
131.9380950000000041
21
-108.4262469999999894
0
LINE
8
BLACK
6
CONTINUOUS
10
131.9380950000000041
20
-108.4262469999999894
11
131.9380950000000041
21
-108.2833899999999971
0
LINE
8
BLACK
6
CONTINUOUS
10
131.9380950000000041
20
-108.2833899999999971
11
131.9857140000000015
21
-108.0929139999999933
0
LINE
8
BLACK
6
CONTINUOUS
10
131.9857140000000015
20
-108.0929139999999933
11
132.0333329999999989
21
-107.9976759999999985
0
LINE
8
BLACK
6
CONTINUOUS
10
132.0333329999999989
20
-107.9976759999999985
11
132.1285709999999938
21
-107.9024379999999894
0
LINE
8
BLACK
6
CONTINUOUS
10
132.1285709999999938
20
-107.9024379999999894
11
132.271427999999986
21
-107.854818999999992
0
LINE
8
BLACK
6
CONTINUOUS
10
132.271427999999986
20
-107.854818999999992
11
132.3666659999999808
21
-107.854818999999992
0
LINE
8
BLACK
6
CONTINUOUS
10
132.3666659999999808
20
-107.854818999999992
11
132.5095230000000015
21
-107.9024379999999894
0
LINE
8
BLACK
6
CONTINUOUS
10
132.5095230000000015
20
-107.9024379999999894
11
132.5571419999999989
21
-107.950057000000001
0
LINE
8
BLACK
6
CONTINUOUS
10
133.4142850000000067
20
-108.1881519999999881
11
133.4142850000000067
21
-108.854818999999992
0
LINE
8
BLACK
6
CONTINUOUS
10
133.1761899999999912
20
-107.8071999999999946
11
132.9380950000000041
21
-108.5214849999999984
0
LINE
8
BLACK
6
CONTINUOUS
10
132.9380950000000041
20
-108.5214849999999984
11
133.5571419999999989
21
-108.5214849999999984
0
LINE
8
BLACK
6
CONTINUOUS
10
134.4619040000000041
20
-108.854818999999992
11
133.8904760000000067
21
-108.854818999999992
0
LINE
8
BLACK
6
CONTINUOUS
10
134.1761899999999912
20
-108.854818999999992
11
134.1761899999999912
21
-107.854818999999992
0
LINE
8
BLACK
6
CONTINUOUS
10
134.1761899999999912
20
-107.854818999999992
11
134.0809519999999964
21
-107.9976759999999985
0
LINE
8
BLACK
6
CONTINUOUS
10
134.0809519999999964
20
-107.9976759999999985
11
133.9857140000000015
21
-108.0929139999999933
0
LINE
8
BLACK
6
CONTINUOUS
10
133.9857140000000015
20
-108.0929139999999933
11
133.8904760000000067
21
-108.1405329999999907
0
LINE
8
BLACK
6
CONTINUOUS
10
129.3988190000000031
20
-101.7380939999999896
11
130.2083419999999876
21
-101.7380939999999896
0
LINE
8
BLACK
6
CONTINUOUS
10
130.2083419999999876
20
-101.7380939999999896
11
130.3035799999999824
21
-101.6904749999999922
0
LINE
8
BLACK
6
CONTINUOUS
10
130.3035799999999824
20
-101.6904749999999922
11
130.3512000000000057
21
-101.6428559999999948
0
LINE
8
BLACK
6
CONTINUOUS
10
130.3512000000000057
20
-101.6428559999999948
11
130.3988190000000031
21
-101.5476179999999999
0
LINE
8
BLACK
6
CONTINUOUS
10
130.3988190000000031
20
-101.5476179999999999
11
130.3988190000000031
21
-101.3571419999999961
0
LINE
8
BLACK
6
CONTINUOUS
10
130.3988190000000031
20
-101.3571419999999961
11
130.3512000000000057
21
-101.2619040000000012
0
LINE
8
BLACK
6
CONTINUOUS
10
130.3512000000000057
20
-101.2619040000000012
11
130.3035799999999824
21
-101.2142849999999896
0
LINE
8
BLACK
6
CONTINUOUS
10
130.3035799999999824
20
-101.2142849999999896
11
130.2083419999999876
21
-101.1666659999999922
0
LINE
8
BLACK
6
CONTINUOUS
10
130.2083419999999876
20
-101.1666659999999922
11
129.3988190000000031
21
-101.1666659999999922
0
LINE
8
BLACK
6
CONTINUOUS
10
130.3988190000000031
20
-100.1666659999999922
11
130.3988190000000031
21
-100.7380939999999896
0
LINE
8
BLACK
6
CONTINUOUS
10
130.3988190000000031
20
-100.4523799999999909
11
129.3988190000000031
21
-100.4523799999999909
0
LINE
8
BLACK
6
CONTINUOUS
10
129.3988190000000031
20
-100.4523799999999909
11
129.5416759999999954
21
-100.5476179999999999
0
LINE
8
BLACK
6
CONTINUOUS
10
129.5416759999999954
20
-100.5476179999999999
11
129.6369139999999902
21
-100.6428559999999948
0
LINE
8
BLACK
6
CONTINUOUS
10
129.6369139999999902
20
-100.6428559999999948
11
129.6845329999999876
21
-100.7380939999999896
0
LINE
8
BLACK
6
CONTINUOUS
10
130.3988190000000031
20
-99.2142849999999896
11
130.3988190000000031
21
-99.7857130000000012
0
LINE
8
BLACK
6
CONTINUOUS
10
130.3988190000000031
20
-99.4999990000000025
11
129.3988190000000031
21
-99.4999990000000025
0
LINE
8
BLACK
6
CONTINUOUS
10
129.3988190000000031
20
-99.4999990000000025
11
129.5416759999999954
21
-99.5952369999999974
0
LINE
8
BLACK
6
CONTINUOUS
10
129.5416759999999954
20
-99.5952369999999974
11
129.6369139999999902
21
-99.6904749999999922
0
LINE
8
BLACK
6
CONTINUOUS
10
129.6369139999999902
20
-99.6904749999999922
11
129.6845329999999876
21
-99.7857130000000012
0
LINE
8
BLACK
6
CONTINUOUS
10
176.0833329999999819
20
-67.7048190000000005
11
175.75
21
-67.2286280000000005
0
LINE
8
BLACK
6
CONTINUOUS
10
175.5119049999999845
20
-67.7048190000000005
11
175.5119049999999845
21
-66.7048190000000005
0
LINE
8
BLACK
6
CONTINUOUS
10
175.5119049999999845
20
-66.7048190000000005
11
175.8928569999999922
21
-66.7048190000000005
0
LINE
8
BLACK
6
CONTINUOUS
10
175.8928569999999922
20
-66.7048190000000005
11
175.9880949999999871
21
-66.7524379999999979
0
LINE
8
BLACK
6
CONTINUOUS
10
175.9880949999999871
20
-66.7524379999999979
11
176.0357139999999845
21
-66.8000569999999954
0
LINE
8
BLACK
6
CONTINUOUS
10
176.0357139999999845
20
-66.8000569999999954
11
176.0833329999999819
21
-66.8952949999999902
0
LINE
8
BLACK
6
CONTINUOUS
10
176.0833329999999819
20
-66.8952949999999902
11
176.0833329999999819
21
-67.0381519999999966
0
LINE
8
BLACK
6
CONTINUOUS
10
176.0833329999999819
20
-67.0381519999999966
11
176.0357139999999845
21
-67.1333899999999915
0
LINE
8
BLACK
6
CONTINUOUS
10
176.0357139999999845
20
-67.1333899999999915
11
175.9880949999999871
21
-67.1810090000000031
0
LINE
8
BLACK
6
CONTINUOUS
10
175.9880949999999871
20
-67.1810090000000031
11
175.8928569999999922
21
-67.2286280000000005
0
LINE
8
BLACK
6
CONTINUOUS
10
175.8928569999999922
20
-67.2286280000000005
11
175.5119049999999845
21
-67.2286280000000005
0
LINE
8
BLACK
6
CONTINUOUS
10
176.6547620000000052
20
-67.1333899999999915
11
176.5595239999999819
21
-67.085770999999994
0
LINE
8
BLACK
6
CONTINUOUS
10
176.5595239999999819
20
-67.085770999999994
11
176.5119049999999845
21
-67.0381519999999966
0
LINE
8
BLACK
6
CONTINUOUS
10
176.5119049999999845
20
-67.0381519999999966
11
176.4642859999999871
21
-66.9429140000000018
0
LINE
8
BLACK
6
CONTINUOUS
10
176.4642859999999871
20
-66.9429140000000018
11
176.4642859999999871
21
-66.8952949999999902
0
LINE
8
BLACK
6
CONTINUOUS
10
176.4642859999999871
20
-66.8952949999999902
11
176.5119049999999845
21
-66.8000569999999954
0
LINE
8
BLACK
6
CONTINUOUS
10
176.5119049999999845
20
-66.8000569999999954
11
176.5595239999999819
21
-66.7524379999999979
0
LINE
8
BLACK
6
CONTINUOUS
10
176.5595239999999819
20
-66.7524379999999979
11
176.6547620000000052
21
-66.7048190000000005
0
LINE
8
BLACK
6
CONTINUOUS
10
176.6547620000000052
20
-66.7048190000000005
11
176.8452379999999948
21
-66.7048190000000005
0
LINE
8
BLACK
6
CONTINUOUS
10
176.8452379999999948
20
-66.7048190000000005
11
176.9404759999999897
21
-66.7524379999999979
0
LINE
8
BLACK
6
CONTINUOUS
10
176.9404759999999897
20
-66.7524379999999979
11
176.9880949999999871
21
-66.8000569999999954
0
LINE
8
BLACK
6
CONTINUOUS
10
176.9880949999999871
20
-66.8000569999999954
11
177.0357139999999845
21
-66.8952949999999902
0
LINE
8
BLACK
6
CONTINUOUS
10
177.0357139999999845
20
-66.8952949999999902
11
177.0357139999999845
21
-66.9429140000000018
0
LINE
8
BLACK
6
CONTINUOUS
10
177.0357139999999845
20
-66.9429140000000018
11
176.9880949999999871
21
-67.0381519999999966
0
LINE
8
BLACK
6
CONTINUOUS
10
176.9880949999999871
20
-67.0381519999999966
11
176.9404759999999897
21
-67.085770999999994
0
LINE
8
BLACK
6
CONTINUOUS
10
176.9404759999999897
20
-67.085770999999994
11
176.8452379999999948
21
-67.1333899999999915
0
LINE
8
BLACK
6
CONTINUOUS
10
176.8452379999999948
20
-67.1333899999999915
11
176.6547620000000052
21
-67.1333899999999915
0
LINE
8
BLACK
6
CONTINUOUS
10
176.6547620000000052
20
-67.1333899999999915
11
176.5595239999999819
21
-67.1810090000000031
0
LINE
8
BLACK
6
CONTINUOUS
10
176.5595239999999819
20
-67.1810090000000031
11
176.5119049999999845
21
-67.2286280000000005
0
LINE
8
BLACK
6
CONTINUOUS
10
176.5119049999999845
20
-67.2286280000000005
11
176.4642859999999871
21
-67.3238659999999953
0
LINE
8
BLACK
6
CONTINUOUS
10
176.4642859999999871
20
-67.3238659999999953
11
176.4642859999999871
21
-67.5143419999999992
0
LINE
8
BLACK
6
CONTINUOUS
10
176.4642859999999871
20
-67.5143419999999992
11
176.5119049999999845
21
-67.609579999999994
0
LINE
8
BLACK
6
CONTINUOUS
10
176.5119049999999845
20
-67.609579999999994
11
176.5595239999999819
21
-67.6572000000000031
0
LINE
8
BLACK
6
CONTINUOUS
10
176.5595239999999819
20
-67.6572000000000031
11
176.6547620000000052
21
-67.7048190000000005
0
LINE
8
BLACK
6
CONTINUOUS
10
176.6547620000000052
20
-67.7048190000000005
11
176.8452379999999948
21
-67.7048190000000005
0
LINE
8
BLACK
6
CONTINUOUS
10
176.8452379999999948
20
-67.7048190000000005
11
176.9404759999999897
21
-67.6572000000000031
0
LINE
8
BLACK
6
CONTINUOUS
10
176.9404759999999897
20
-67.6572000000000031
11
176.9880949999999871
21
-67.609579999999994
0
LINE
8
BLACK
6
CONTINUOUS
10
176.9880949999999871
20
-67.609579999999994
11
177.0357139999999845
21
-67.5143419999999992
0
LINE
8
BLACK
6
CONTINUOUS
10
177.0357139999999845
20
-67.5143419999999992
11
177.0357139999999845
21
-67.3238659999999953
0
LINE
8
BLACK
6
CONTINUOUS
10
177.0357139999999845
20
-67.3238659999999953
11
176.9880949999999871
21
-67.2286280000000005
0
LINE
8
BLACK
6
CONTINUOUS
10
176.9880949999999871
20
-67.2286280000000005
11
176.9404759999999897
21
-67.1810090000000031
0
LINE
8
BLACK
6
CONTINUOUS
10
176.9404759999999897
20
-67.1810090000000031
11
176.8452379999999948
21
-67.1333899999999915
0
LINE
8
BLACK
6
CONTINUOUS
10
127.7619049999999987
20
-84.6158190000000019
11
127.7619049999999987
21
-83.6158190000000019
0
LINE
8
BLACK
6
CONTINUOUS
10
127.7619049999999987
20
-83.6158190000000019
11
128.
21
-83.6158190000000019
0
LINE
8
BLACK
6
CONTINUOUS
10
128.
20
-83.6158190000000019
11
128.1428569999999922
21
-83.6634379999999993
0
LINE
8
BLACK
6
CONTINUOUS
10
128.1428569999999922
20
-83.6634379999999993
11
128.2380949999999871
21
-83.7586759999999941
0
LINE
8
BLACK
6
CONTINUOUS
10
128.2380949999999871
20
-83.7586759999999941
11
128.2857139999999845
21
-83.8539140000000032
0
LINE
8
BLACK
6
CONTINUOUS
10
128.2857139999999845
20
-83.8539140000000032
11
128.3333329999999819
21
-84.0443899999999928
0
LINE
8
BLACK
6
CONTINUOUS
10
128.3333329999999819
20
-84.0443899999999928
11
128.3333329999999819
21
-84.1872469999999993
0
LINE
8
BLACK
6
CONTINUOUS
10
128.3333329999999819
20
-84.1872469999999993
11
128.2857139999999845
21
-84.3777230000000031
0
LINE
8
BLACK
6
CONTINUOUS
10
128.2857139999999845
20
-84.3777230000000031
11
128.2380949999999871
21
-84.472960999999998
0
LINE
8
BLACK
6
CONTINUOUS
10
128.2380949999999871
20
-84.472960999999998
11
128.1428569999999922
21
-84.5681999999999903
0
LINE
8
BLACK
6
CONTINUOUS
10
128.1428569999999922
20
-84.5681999999999903
11
128.
21
-84.6158190000000019
0
LINE
8
BLACK
6
CONTINUOUS
10
128.
20
-84.6158190000000019
11
127.7619049999999987
21
-84.6158190000000019
0
LINE
8
BLACK
6
CONTINUOUS
10
128.6666669999999897
20
-83.6158190000000019
11
129.2857139999999845
21
-83.6158190000000019
0
LINE
8
BLACK
6
CONTINUOUS
10
129.2857139999999845
20
-83.6158190000000019
11
128.9523810000000026
21
-83.9967709999999954
0
LINE
8
BLACK
6
CONTINUOUS
10
128.9523810000000026
20
-83.9967709999999954
11
129.0952379999999948
21
-83.9967709999999954
0
LINE
8
BLACK
6
CONTINUOUS
10
129.0952379999999948
20
-83.9967709999999954
11
129.1904759999999897
21
-84.0443899999999928
0
LINE
8
BLACK
6
CONTINUOUS
10
129.1904759999999897
20
-84.0443899999999928
11
129.2380949999999871
21
-84.0920089999999902
0
LINE
8
BLACK
6
CONTINUOUS
10
129.2380949999999871
20
-84.0920089999999902
11
129.2857139999999845
21
-84.1872469999999993
0
LINE
8
BLACK
6
CONTINUOUS
10
129.2857139999999845
20
-84.1872469999999993
11
129.2857139999999845
21
-84.4253420000000006
0
LINE
8
BLACK
6
CONTINUOUS
10
129.2857139999999845
20
-84.4253420000000006
11
129.2380949999999871
21
-84.5205799999999954
0
LINE
8
BLACK
6
CONTINUOUS
10
129.2380949999999871
20
-84.5205799999999954
11
129.1904759999999897
21
-84.5681999999999903
0
LINE
8
BLACK
6
CONTINUOUS
10
129.1904759999999897
20
-84.5681999999999903
11
129.0952379999999948
21
-84.6158190000000019
0
LINE
8
BLACK
6
CONTINUOUS
10
129.0952379999999948
20
-84.6158190000000019
11
128.8095239999999819
21
-84.6158190000000019
0
LINE
8
BLACK
6
CONTINUOUS
10
128.8095239999999819
20
-84.6158190000000019
11
128.7142859999999871
21
-84.5681999999999903
0
LINE
8
BLACK
6
CONTINUOUS
10
128.7142859999999871
20
-84.5681999999999903
11
128.6666669999999897
21
-84.5205799999999954
0
LINE
8
BLACK
6
CONTINUOUS
10
122.1071419999999961
20
-73.7048190000000005
11
121.773809
21
-73.2286280000000005
0
LINE
8
BLACK
6
CONTINUOUS
10
121.5357139999999987
20
-73.7048190000000005
11
121.5357139999999987
21
-72.7048190000000005
0
LINE
8
BLACK
6
CONTINUOUS
10
121.5357139999999987
20
-72.7048190000000005
11
121.9166659999999922
21
-72.7048190000000005
0
LINE
8
BLACK
6
CONTINUOUS
10
121.9166659999999922
20
-72.7048190000000005
11
122.0119040000000012
21
-72.7524379999999979
0
LINE
8
BLACK
6
CONTINUOUS
10
122.0119040000000012
20
-72.7524379999999979
11
122.0595229999999987
21
-72.8000569999999954
0
LINE
8
BLACK
6
CONTINUOUS
10
122.0595229999999987
20
-72.8000569999999954
11
122.1071419999999961
21
-72.8952949999999902
0
LINE
8
BLACK
6
CONTINUOUS
10
122.1071419999999961
20
-72.8952949999999902
11
122.1071419999999961
21
-73.0381519999999966
0
LINE
8
BLACK
6
CONTINUOUS
10
122.1071419999999961
20
-73.0381519999999966
11
122.0595229999999987
21
-73.1333899999999915
0
LINE
8
BLACK
6
CONTINUOUS
10
122.0595229999999987
20
-73.1333899999999915
11
122.0119040000000012
21
-73.1810090000000031
0
LINE
8
BLACK
6
CONTINUOUS
10
122.0119040000000012
20
-73.1810090000000031
11
121.9166659999999922
21
-73.2286280000000005
0
LINE
8
BLACK
6
CONTINUOUS
10
121.9166659999999922
20
-73.2286280000000005
11
121.5357139999999987
21
-73.2286280000000005
0
LINE
8
BLACK
6
CONTINUOUS
10
123.0595229999999987
20
-73.7048190000000005
11
122.4880950000000013
21
-73.7048190000000005
0
LINE
8
BLACK
6
CONTINUOUS
10
122.773809
20
-73.7048190000000005
11
122.773809
21
-72.7048190000000005
0
LINE
8
BLACK
6
CONTINUOUS
10
122.773809
20
-72.7048190000000005
11
122.6785709999999909
21
-72.8476759999999928
0
LINE
8
BLACK
6
CONTINUOUS
10
122.6785709999999909
20
-72.8476759999999928
11
122.5833329999999961
21
-72.9429140000000018
0
LINE
8
BLACK
6
CONTINUOUS
10
122.5833329999999961
20
-72.9429140000000018
11
122.4880950000000013
21
-72.9905329999999992
0
LINE
8
BLACK
6
CONTINUOUS
10
123.4404759999999897
20
-72.8000569999999954
11
123.4880950000000013
21
-72.7524379999999979
0
LINE
8
BLACK
6
CONTINUOUS
10
123.4880950000000013
20
-72.7524379999999979
11
123.5833329999999961
21
-72.7048190000000005
0
LINE
8
BLACK
6
CONTINUOUS
10
123.5833329999999961
20
-72.7048190000000005
11
123.8214279999999974
21
-72.7048190000000005
0
LINE
8
BLACK
6
CONTINUOUS
10
123.8214279999999974
20
-72.7048190000000005
11
123.9166659999999922
21
-72.7524379999999979
0
LINE
8
BLACK
6
CONTINUOUS
10
123.9166659999999922
20
-72.7524379999999979
11
123.9642849999999896
21
-72.8000569999999954
0
LINE
8
BLACK
6
CONTINUOUS
10
123.9642849999999896
20
-72.8000569999999954
11
124.0119040000000012
21
-72.8952949999999902
0
LINE
8
BLACK
6
CONTINUOUS
10
124.0119040000000012
20
-72.8952949999999902
11
124.0119040000000012
21
-72.9905329999999992
0
LINE
8
BLACK
6
CONTINUOUS
10
124.0119040000000012
20
-72.9905329999999992
11
123.9642849999999896
21
-73.1333899999999915
0
LINE
8
BLACK
6
CONTINUOUS
10
123.9642849999999896
20
-73.1333899999999915
11
123.3928569999999922
21
-73.7048190000000005
0
LINE
8
BLACK
6
CONTINUOUS
10
123.3928569999999922
20
-73.7048190000000005
11
124.0119040000000012
21
-73.7048190000000005
0
LINE
8
BLACK
6
CONTINUOUS
10
166.2548189999999977
20
-67.0428569999999979
11
165.7786279999999977
21
-67.376189999999994
0
LINE
8
BLACK
6
CONTINUOUS
10
166.2548189999999977
20
-67.6142849999999953
11
165.2548189999999977
21
-67.6142849999999953
0
LINE
8
BLACK
6
CONTINUOUS
10
165.2548189999999977
20
-67.6142849999999953
11
165.2548189999999977
21
-67.2333330000000018
0
LINE
8
BLACK
6
CONTINUOUS
10
165.2548189999999977
20
-67.2333330000000018
11
165.3024379999999951
21
-67.1380949999999928
0
LINE
8
BLACK
6
CONTINUOUS
10
165.3024379999999951
20
-67.1380949999999928
11
165.3500569999999925
21
-67.0904759999999953
0
LINE
8
BLACK
6
CONTINUOUS
10
165.3500569999999925
20
-67.0904759999999953
11
165.4452949999999873
21
-67.0428569999999979
0
LINE
8
BLACK
6
CONTINUOUS
10
165.4452949999999873
20
-67.0428569999999979
11
165.5881519999999796
21
-67.0428569999999979
0
LINE
8
BLACK
6
CONTINUOUS
10
165.5881519999999796
20
-67.0428569999999979
11
165.6833900000000028
21
-67.0904759999999953
0
LINE
8
BLACK
6
CONTINUOUS
10
165.6833900000000028
20
-67.0904759999999953
11
165.7310090000000002
21
-67.1380949999999928
0
LINE
8
BLACK
6
CONTINUOUS
10
165.7310090000000002
20
-67.1380949999999928
11
165.7786279999999977
21
-67.2333330000000018
0
LINE
8
BLACK
6
CONTINUOUS
10
165.7786279999999977
20
-67.2333330000000018
11
165.7786279999999977
21
-67.6142849999999953
0
LINE
8
BLACK
6
CONTINUOUS
10
166.2548189999999977
20
-66.0904759999999953
11
166.2548189999999977
21
-66.6619039999999927
0
LINE
8
BLACK
6
CONTINUOUS
10
166.2548189999999977
20
-66.376189999999994
11
165.2548189999999977
21
-66.376189999999994
0
LINE
8
BLACK
6
CONTINUOUS
10
165.2548189999999977
20
-66.376189999999994
11
165.3976759999999899
21
-66.4714280000000031
0
LINE
8
BLACK
6
CONTINUOUS
10
165.3976759999999899
20
-66.4714280000000031
11
165.4929139999999848
21
-66.5666659999999979
0
LINE
8
BLACK
6
CONTINUOUS
10
165.4929139999999848
20
-66.5666659999999979
11
165.5405329999999822
21
-66.6619039999999927
0
LINE
8
BLACK
6
CONTINUOUS
10
165.2548189999999977
20
-65.7571420000000018
11
165.2548189999999977
21
-65.0904759999999953
0
LINE
8
BLACK
6
CONTINUOUS
10
165.2548189999999977
20
-65.0904759999999953
11
166.2548189999999977
21
-65.5190470000000005
0
LINE
8
BLACK
6
CONTINUOUS
10
130.109579999999994
20
-65.3928569999999922
11
130.1571999999999889
21
-65.4404760000000039
0
LINE
8
BLACK
6
CONTINUOUS
10
130.1571999999999889
20
-65.4404760000000039
11
130.2048189999999863
21
-65.5833329999999961
0
LINE
8
BLACK
6
CONTINUOUS
10
130.2048189999999863
20
-65.5833329999999961
11
130.2048189999999863
21
-65.6785709999999909
0
LINE
8
BLACK
6
CONTINUOUS
10
130.2048189999999863
20
-65.6785709999999909
11
130.1571999999999889
21
-65.8214279999999974
0
LINE
8
BLACK
6
CONTINUOUS
10
130.1571999999999889
20
-65.8214279999999974
11
130.0619609999999966
21
-65.9166659999999922
0
LINE
8
BLACK
6
CONTINUOUS
10
130.0619609999999966
20
-65.9166659999999922
11
129.9667230000000018
21
-65.9642850000000038
0
LINE
8
BLACK
6
CONTINUOUS
10
129.9667230000000018
20
-65.9642850000000038
11
129.7762469999999837
21
-66.0119040000000012
0
LINE
8
BLACK
6
CONTINUOUS
10
129.7762469999999837
20
-66.0119040000000012
11
129.6333899999999915
21
-66.0119040000000012
0
LINE
8
BLACK
6
CONTINUOUS
10
129.6333899999999915
20
-66.0119040000000012
11
129.4429140000000018
21
-65.9642850000000038
0
LINE
8
BLACK
6
CONTINUOUS
10
129.4429140000000018
20
-65.9642850000000038
11
129.347676000000007
21
-65.9166659999999922
0
LINE
8
BLACK
6
CONTINUOUS
10
129.347676000000007
20
-65.9166659999999922
11
129.2524379999999837
21
-65.8214279999999974
0
LINE
8
BLACK
6
CONTINUOUS
10
129.2524379999999837
20
-65.8214279999999974
11
129.2048189999999863
21
-65.6785709999999909
0
LINE
8
BLACK
6
CONTINUOUS
10
129.2048189999999863
20
-65.6785709999999909
11
129.2048189999999863
21
-65.5833329999999961
0
LINE
8
BLACK
6
CONTINUOUS
10
129.2048189999999863
20
-65.5833329999999961
11
129.2524379999999837
21
-65.4404760000000039
0
LINE
8
BLACK
6
CONTINUOUS
10
129.2524379999999837
20
-65.4404760000000039
11
129.3000569999999811
21
-65.3928569999999922
0
LINE
8
BLACK
6
CONTINUOUS
10
129.3000569999999811
20
-65.0119040000000012
11
129.2524379999999837
21
-64.9642850000000038
0
LINE
8
BLACK
6
CONTINUOUS
10
129.2524379999999837
20
-64.9642850000000038
11
129.2048189999999863
21
-64.8690469999999948
0
LINE
8
BLACK
6
CONTINUOUS
10
129.2048189999999863
20
-64.8690469999999948
11
129.2048189999999863
21
-64.6309519999999935
0
LINE
8
BLACK
6
CONTINUOUS
10
129.2048189999999863
20
-64.6309519999999935
11
129.2524379999999837
21
-64.5357139999999987
0
LINE
8
BLACK
6
CONTINUOUS
10
129.2524379999999837
20
-64.5357139999999987
11
129.3000569999999811
21
-64.4880950000000013
0
LINE
8
BLACK
6
CONTINUOUS
10
129.3000569999999811
20
-64.4880950000000013
11
129.3952950000000044
21
-64.4404760000000039
0
LINE
8
BLACK
6
CONTINUOUS
10
129.3952950000000044
20
-64.4404760000000039
11
129.4905329999999992
21
-64.4404760000000039
0
LINE
8
BLACK
6
CONTINUOUS
10
129.4905329999999992
20
-64.4404760000000039
11
129.6333899999999915
21
-64.4880950000000013
0
LINE
8
BLACK
6
CONTINUOUS
10
129.6333899999999915
20
-64.4880950000000013
11
130.2048189999999863
21
-65.0595229999999987
0
LINE
8
BLACK
6
CONTINUOUS
10
130.2048189999999863
20
-65.0595229999999987
11
130.2048189999999863
21
-64.4404760000000039
0
LINE
8
BLACK
6
CONTINUOUS
10
130.2048189999999863
20
-63.9642849999999967
11
130.2048189999999863
21
-63.773809
0
LINE
8
BLACK
6
CONTINUOUS
10
130.2048189999999863
20
-63.773809
11
130.1571999999999889
21
-63.678570999999998
0
LINE
8
BLACK
6
CONTINUOUS
10
130.1571999999999889
20
-63.678570999999998
11
130.109579999999994
21
-63.6309520000000006
0
LINE
8
BLACK
6
CONTINUOUS
10
130.109579999999994
20
-63.6309520000000006
11
129.9667230000000018
21
-63.5357139999999987
0
LINE
8
BLACK
6
CONTINUOUS
10
129.9667230000000018
20
-63.5357139999999987
11
129.7762469999999837
21
-63.4880949999999942
0
LINE
8
BLACK
6
CONTINUOUS
10
129.7762469999999837
20
-63.4880949999999942
11
129.3952950000000044
21
-63.4880949999999942
0
LINE
8
BLACK
6
CONTINUOUS
10
129.3952950000000044
20
-63.4880949999999942
11
129.3000569999999811
21
-63.5357139999999987
0
LINE
8
BLACK
6
CONTINUOUS
10
129.3000569999999811
20
-63.5357139999999987
11
129.2524379999999837
21
-63.5833329999999961
0
LINE
8
BLACK
6
CONTINUOUS
10
129.2524379999999837
20
-63.5833329999999961
11
129.2048189999999863
21
-63.678570999999998
0
LINE
8
BLACK
6
CONTINUOUS
10
129.2048189999999863
20
-63.678570999999998
11
129.2048189999999863
21
-63.8690469999999948
0
LINE
8
BLACK
6
CONTINUOUS
10
129.2048189999999863
20
-63.8690469999999948
11
129.2524379999999837
21
-63.9642849999999967
0
LINE
8
BLACK
6
CONTINUOUS
10
129.2524379999999837
20
-63.9642849999999967
11
129.3000569999999811
21
-64.0119040000000012
0
LINE
8
BLACK
6
CONTINUOUS
10
129.3000569999999811
20
-64.0119040000000012
11
129.3952950000000044
21
-64.0595229999999987
0
LINE
8
BLACK
6
CONTINUOUS
10
129.3952950000000044
20
-64.0595229999999987
11
129.6333899999999915
21
-64.0595229999999987
0
LINE
8
BLACK
6
CONTINUOUS
10
129.6333899999999915
20
-64.0595229999999987
11
129.7286279999999863
21
-64.0119040000000012
0
LINE
8
BLACK
6
CONTINUOUS
10
129.7286279999999863
20
-64.0119040000000012
11
129.7762469999999837
21
-63.9642849999999967
0
LINE
8
BLACK
6
CONTINUOUS
10
129.7762469999999837
20
-63.9642849999999967
11
129.8238659999999811
21
-63.8690469999999948
0
LINE
8
BLACK
6
CONTINUOUS
10
129.8238659999999811
20
-63.8690469999999948
11
129.8238659999999811
21
-63.678570999999998
0
LINE
8
BLACK
6
CONTINUOUS
10
129.8238659999999811
20
-63.678570999999998
11
129.7762469999999837
21
-63.5833329999999961
0
LINE
8
BLACK
6
CONTINUOUS
10
129.7762469999999837
20
-63.5833329999999961
11
129.7286279999999863
21
-63.5357139999999987
0
LINE
8
BLACK
6
CONTINUOUS
10
129.7286279999999863
20
-63.5357139999999987
11
129.6333899999999915
21
-63.4880949999999942
0
LINE
8
BLACK
6
CONTINUOUS
10
157.9571420000000046
20
-51.5595799999999969
11
157.9095229999999788
21
-51.6071999999999989
0
LINE
8
BLACK
6
CONTINUOUS
10
157.9095229999999788
20
-51.6071999999999989
11
157.7666659999999865
21
-51.6548189999999963
0
LINE
8
BLACK
6
CONTINUOUS
10
157.7666659999999865
20
-51.6548189999999963
11
157.6714279999999917
21
-51.6548189999999963
0
LINE
8
BLACK
6
CONTINUOUS
10
157.6714279999999917
20
-51.6548189999999963
11
157.5285709999999995
21
-51.6071999999999989
0
LINE
8
BLACK
6
CONTINUOUS
10
157.5285709999999995
20
-51.6071999999999989
11
157.4333330000000046
21
-51.5119609999999994
0
LINE
8
BLACK
6
CONTINUOUS
10
157.4333330000000046
20
-51.5119609999999994
11
157.3857139999999788
21
-51.4167229999999975
0
LINE
8
BLACK
6
CONTINUOUS
10
157.3857139999999788
20
-51.4167229999999975
11
157.3380949999999814
21
-51.2262470000000008
0
LINE
8
BLACK
6
CONTINUOUS
10
157.3380949999999814
20
-51.2262470000000008
11
157.3380949999999814
21
-51.0833899999999943
0
LINE
8
BLACK
6
CONTINUOUS
10
157.3380949999999814
20
-51.0833899999999943
11
157.3857139999999788
21
-50.8929139999999975
0
LINE
8
BLACK
6
CONTINUOUS
10
157.3857139999999788
20
-50.8929139999999975
11
157.4333330000000046
21
-50.7976759999999956
0
LINE
8
BLACK
6
CONTINUOUS
10
157.4333330000000046
20
-50.7976759999999956
11
157.5285709999999995
21
-50.7024380000000008
0
LINE
8
BLACK
6
CONTINUOUS
10
157.5285709999999995
20
-50.7024380000000008
11
157.6714279999999917
21
-50.6548189999999963
0
LINE
8
BLACK
6
CONTINUOUS
10
157.6714279999999917
20
-50.6548189999999963
11
157.7666659999999865
21
-50.6548189999999963
0
LINE
8
BLACK
6
CONTINUOUS
10
157.7666659999999865
20
-50.6548189999999963
11
157.9095229999999788
21
-50.7024380000000008
0
LINE
8
BLACK
6
CONTINUOUS
10
157.9095229999999788
20
-50.7024380000000008
11
157.9571420000000046
21
-50.7500569999999982
0
LINE
8
BLACK
6
CONTINUOUS
10
158.8142849999999839
20
-50.9881519999999995
11
158.8142849999999839
21
-51.6548189999999963
0
LINE
8
BLACK
6
CONTINUOUS
10
158.5761899999999969
20
-50.6071999999999989
11
158.3380949999999814
21
-51.3214849999999956
0
LINE
8
BLACK
6
CONTINUOUS
10
158.3380949999999814
20
-51.3214849999999956
11
158.9571420000000046
21
-51.3214849999999956
0
LINE
8
BLACK
6
CONTINUOUS
10
159.8142849999999839
20
-50.6548189999999963
11
159.3380949999999814
21
-50.6548189999999963
0
LINE
8
BLACK
6
CONTINUOUS
10
159.3380949999999814
20
-50.6548189999999963
11
159.290475999999984
21
-51.1310089999999988
0
LINE
8
BLACK
6
CONTINUOUS
10
159.290475999999984
20
-51.1310089999999988
11
159.3380949999999814
21
-51.0833899999999943
0
LINE
8
BLACK
6
CONTINUOUS
10
159.3380949999999814
20
-51.0833899999999943
11
159.4333330000000046
21
-51.0357709999999969
0
LINE
8
BLACK
6
CONTINUOUS
10
159.4333330000000046
20
-51.0357709999999969
11
159.6714279999999917
21
-51.0357709999999969
0
LINE
8
BLACK
6
CONTINUOUS
10
159.6714279999999917
20
-51.0357709999999969
11
159.7666659999999865
21
-51.0833899999999943
0
LINE
8
BLACK
6
CONTINUOUS
10
159.7666659999999865
20
-51.0833899999999943
11
159.8142849999999839
21
-51.1310089999999988
0
LINE
8
BLACK
6
CONTINUOUS
10
159.8142849999999839
20
-51.1310089999999988
11
159.8619039999999814
21
-51.2262470000000008
0
LINE
8
BLACK
6
CONTINUOUS
10
159.8619039999999814
20
-51.2262470000000008
11
159.8619039999999814
21
-51.4643419999999949
0
LINE
8
BLACK
6
CONTINUOUS
10
159.8619039999999814
20
-51.4643419999999949
11
159.8142849999999839
21
-51.5595799999999969
0
LINE
8
BLACK
6
CONTINUOUS
10
159.8142849999999839
20
-51.5595799999999969
11
159.7666659999999865
21
-51.6071999999999989
0
LINE
8
BLACK
6
CONTINUOUS
10
159.7666659999999865
20
-51.6071999999999989
11
159.6714279999999917
21
-51.6548189999999963
0
LINE
8
BLACK
6
CONTINUOUS
10
159.6714279999999917
20
-51.6548189999999963
11
159.4333330000000046
21
-51.6548189999999963
0
LINE
8
BLACK
6
CONTINUOUS
10
159.4333330000000046
20
-51.6548189999999963
11
159.3380949999999814
21
-51.6071999999999989
0
LINE
8
BLACK
6
CONTINUOUS
10
159.3380949999999814
20
-51.6071999999999989
11
159.290475999999984
21
-51.5595799999999969
0
LINE
8
BLACK
6
CONTINUOUS
10
140.5811419999999998
20
-59.795579999999994
11
140.5335230000000024
21
-59.843199999999996
0
LINE
8
BLACK
6
CONTINUOUS
10
140.5335230000000024
20
-59.843199999999996
11
140.3906659999999818
21
-59.8908190000000005
0
LINE
8
BLACK
6
CONTINUOUS
10
140.3906659999999818
20
-59.8908190000000005
11
140.2954279999999869
21
-59.8908190000000005
0
LINE
8
BLACK
6
CONTINUOUS
10
140.2954279999999869
20
-59.8908190000000005
11
140.1525709999999947
21
-59.843199999999996
0
LINE
8
BLACK
6
CONTINUOUS
10
140.1525709999999947
20
-59.843199999999996
11
140.0573329999999999
21
-59.7479609999999965
0
LINE
8
BLACK
6
CONTINUOUS
10
140.0573329999999999
20
-59.7479609999999965
11
140.0097140000000024
21
-59.6527229999999946
0
LINE
8
BLACK
6
CONTINUOUS
10
140.0097140000000024
20
-59.6527229999999946
11
139.962095000000005
21
-59.4622469999999979
0
LINE
8
BLACK
6
CONTINUOUS
10
139.962095000000005
20
-59.4622469999999979
11
139.962095000000005
21
-59.3193899999999985
0
LINE
8
BLACK
6
CONTINUOUS
10
139.962095000000005
20
-59.3193899999999985
11
140.0097140000000024
21
-59.1289139999999946
0
LINE
8
BLACK
6
CONTINUOUS
10
140.0097140000000024
20
-59.1289139999999946
11
140.0573329999999999
21
-59.0336759999999998
0
LINE
8
BLACK
6
CONTINUOUS
10
140.0573329999999999
20
-59.0336759999999998
11
140.1525709999999947
21
-58.9384379999999979
0
LINE
8
BLACK
6
CONTINUOUS
10
140.1525709999999947
20
-58.9384379999999979
11
140.2954279999999869
21
-58.8908190000000005
0
LINE
8
BLACK
6
CONTINUOUS
10
140.2954279999999869
20
-58.8908190000000005
11
140.3906659999999818
21
-58.8908190000000005
0
LINE
8
BLACK
6
CONTINUOUS
10
140.3906659999999818
20
-58.8908190000000005
11
140.5335230000000024
21
-58.9384379999999979
0
LINE
8
BLACK
6
CONTINUOUS
10
140.5335230000000024
20
-58.9384379999999979
11
140.5811419999999998
21
-58.9860569999999953
0
LINE
8
BLACK
6
CONTINUOUS
10
141.5335230000000024
20
-59.8908190000000005
11
140.962095000000005
21
-59.8908190000000005
0
LINE
8
BLACK
6
CONTINUOUS
10
141.2478089999999895
20
-59.8908190000000005
11
141.2478089999999895
21
-58.8908190000000005
0
LINE
8
BLACK
6
CONTINUOUS
10
141.2478089999999895
20
-58.8908190000000005
11
141.1525709999999947
21
-59.0336759999999998
0
LINE
8
BLACK
6
CONTINUOUS
10
141.1525709999999947
20
-59.0336759999999998
11
141.0573329999999999
21
-59.1289139999999946
0
LINE
8
BLACK
6
CONTINUOUS
10
141.0573329999999999
20
-59.1289139999999946
11
140.962095000000005
21
-59.1765329999999992
0
LINE
8
BLACK
6
CONTINUOUS
10
141.8668569999999818
20
-58.8908190000000005
11
142.485904000000005
21
-58.8908190000000005
0
LINE
8
BLACK
6
CONTINUOUS
10
142.485904000000005
20
-58.8908190000000005
11
142.1525709999999947
21
-59.271770999999994
0
LINE
8
BLACK
6
CONTINUOUS
10
142.1525709999999947
20
-59.271770999999994
11
142.2954279999999869
21
-59.271770999999994
0
LINE
8
BLACK
6
CONTINUOUS
10
142.2954279999999869
20
-59.271770999999994
11
142.3906659999999818
21
-59.3193899999999985
0
LINE
8
BLACK
6
CONTINUOUS
10
142.3906659999999818
20
-59.3193899999999985
11
142.4382850000000076
21
-59.3670089999999959
0
LINE
8
BLACK
6
CONTINUOUS
10
142.4382850000000076
20
-59.3670089999999959
11
142.485904000000005
21
-59.4622469999999979
0
LINE
8
BLACK
6
CONTINUOUS
10
142.485904000000005
20
-59.4622469999999979
11
142.485904000000005
21
-59.7003419999999991
0
LINE
8
BLACK
6
CONTINUOUS
10
142.485904000000005
20
-59.7003419999999991
11
142.4382850000000076
21
-59.795579999999994
0
LINE
8
BLACK
6
CONTINUOUS
10
142.4382850000000076
20
-59.795579999999994
11
142.3906659999999818
21
-59.843199999999996
0
LINE
8
BLACK
6
CONTINUOUS
10
142.3906659999999818
20
-59.843199999999996
11
142.2954279999999869
21
-59.8908190000000005
0
LINE
8
BLACK
6
CONTINUOUS
10
142.2954279999999869
20
-59.8908190000000005
11
142.0097140000000024
21
-59.8908190000000005
0
LINE
8
BLACK
6
CONTINUOUS
10
142.0097140000000024
20
-59.8908190000000005
11
141.9144760000000076
21
-59.843199999999996
0
LINE
8
BLACK
6
CONTINUOUS
10
141.9144760000000076
20
-59.843199999999996
11
141.8668569999999818
21
-59.795579999999994
0
LINE
8
BLACK
6
CONTINUOUS
10
150.868142000000006
20
-105.261579999999995
11
150.8205229999999801
21
-105.3091999999999899
0
LINE
8
BLACK
6
CONTINUOUS
10
150.8205229999999801
20
-105.3091999999999899
11
150.6776659999999879
21
-105.3568190000000016
0
LINE
8
BLACK
6
CONTINUOUS
10
150.6776659999999879
20
-105.3568190000000016
11
150.5824279999999931
21
-105.3568190000000016
0
LINE
8
BLACK
6
CONTINUOUS
10
150.5824279999999931
20
-105.3568190000000016
11
150.4395710000000008
21
-105.3091999999999899
0
LINE
8
BLACK
6
CONTINUOUS
10
150.4395710000000008
20
-105.3091999999999899
11
150.344333000000006
21
-105.2139609999999976
0
LINE
8
BLACK
6
CONTINUOUS
10
150.344333000000006
20
-105.2139609999999976
11
150.2967139999999802
21
-105.1187229999999886
0
LINE
8
BLACK
6
CONTINUOUS
10
150.2967139999999802
20
-105.1187229999999886
11
150.2490949999999827
21
-104.9282469999999989
0
LINE
8
BLACK
6
CONTINUOUS
10
150.2490949999999827
20
-104.9282469999999989
11
150.2490949999999827
21
-104.7853899999999925
0
LINE
8
BLACK
6
CONTINUOUS
10
150.2490949999999827
20
-104.7853899999999925
11
150.2967139999999802
21
-104.5949139999999886
0
LINE
8
BLACK
6
CONTINUOUS
10
150.2967139999999802
20
-104.5949139999999886
11
150.344333000000006
21
-104.4996759999999938
0
LINE
8
BLACK
6
CONTINUOUS
10
150.344333000000006
20
-104.4996759999999938
11
150.4395710000000008
21
-104.404437999999999
0
LINE
8
BLACK
6
CONTINUOUS
10
150.4395710000000008
20
-104.404437999999999
11
150.5824279999999931
21
-104.3568190000000016
0
LINE
8
BLACK
6
CONTINUOUS
10
150.5824279999999931
20
-104.3568190000000016
11
150.6776659999999879
21
-104.3568190000000016
0
LINE
8
BLACK
6
CONTINUOUS
10
150.6776659999999879
20
-104.3568190000000016
11
150.8205229999999801
21
-104.404437999999999
0
LINE
8
BLACK
6
CONTINUOUS
10
150.8205229999999801
20
-104.404437999999999
11
150.868142000000006
21
-104.4520569999999964
0
LINE
8
BLACK
6
CONTINUOUS
10
151.7729039999999827
20
-104.3568190000000016
11
151.2967139999999802
21
-104.3568190000000016
0
LINE
8
BLACK
6
CONTINUOUS
10
151.2967139999999802
20
-104.3568190000000016
11
151.2490949999999827
21
-104.8330089999999899
0
LINE
8
BLACK
6
CONTINUOUS
10
151.2490949999999827
20
-104.8330089999999899
11
151.2967139999999802
21
-104.7853899999999925
0
LINE
8
BLACK
6
CONTINUOUS
10
151.2967139999999802
20
-104.7853899999999925
11
151.3919520000000034
21
-104.7377709999999951
0
LINE
8
BLACK
6
CONTINUOUS
10
151.3919520000000034
20
-104.7377709999999951
11
151.6300469999999905
21
-104.7377709999999951
0
LINE
8
BLACK
6
CONTINUOUS
10
151.6300469999999905
20
-104.7377709999999951
11
151.7252849999999853
21
-104.7853899999999925
0
LINE
8
BLACK
6
CONTINUOUS
10
151.7252849999999853
20
-104.7853899999999925
11
151.7729039999999827
21
-104.8330089999999899
0
LINE
8
BLACK
6
CONTINUOUS
10
151.7729039999999827
20
-104.8330089999999899
11
151.8205229999999801
21
-104.9282469999999989
0
LINE
8
BLACK
6
CONTINUOUS
10
151.8205229999999801
20
-104.9282469999999989
11
151.8205229999999801
21
-105.1663420000000002
0
LINE
8
BLACK
6
CONTINUOUS
10
151.8205229999999801
20
-105.1663420000000002
11
151.7729039999999827
21
-105.261579999999995
0
LINE
8
BLACK
6
CONTINUOUS
10
151.7729039999999827
20
-105.261579999999995
11
151.7252849999999853
21
-105.3091999999999899
0
LINE
8
BLACK
6
CONTINUOUS
10
151.7252849999999853
20
-105.3091999999999899
11
151.6300469999999905
21
-105.3568190000000016
0
LINE
8
BLACK
6
CONTINUOUS
10
151.6300469999999905
20
-105.3568190000000016
11
151.3919520000000034
21
-105.3568190000000016
0
LINE
8
BLACK
6
CONTINUOUS
10
151.3919520000000034
20
-105.3568190000000016
11
151.2967139999999802
21
-105.3091999999999899
0
LINE
8
BLACK
6
CONTINUOUS
10
151.2967139999999802
20
-105.3091999999999899
11
151.2490949999999827
21
-105.261579999999995
0
LINE
8
BLACK
6
CONTINUOUS
10
152.1538569999999879
20
-104.3568190000000016
11
152.7729039999999827
21
-104.3568190000000016
0
LINE
8
BLACK
6
CONTINUOUS
10
152.7729039999999827
20
-104.3568190000000016
11
152.4395710000000008
21
-104.7377709999999951
0
LINE
8
BLACK
6
CONTINUOUS
10
152.4395710000000008
20
-104.7377709999999951
11
152.5824279999999931
21
-104.7377709999999951
0
LINE
8
BLACK
6
CONTINUOUS
10
152.5824279999999931
20
-104.7377709999999951
11
152.6776659999999879
21
-104.7853899999999925
0
LINE
8
BLACK
6
CONTINUOUS
10
152.6776659999999879
20
-104.7853899999999925
11
152.7252849999999853
21
-104.8330089999999899
0
LINE
8
BLACK
6
CONTINUOUS
10
152.7252849999999853
20
-104.8330089999999899
11
152.7729039999999827
21
-104.9282469999999989
0
LINE
8
BLACK
6
CONTINUOUS
10
152.7729039999999827
20
-104.9282469999999989
11
152.7729039999999827
21
-105.1663420000000002
0
LINE
8
BLACK
6
CONTINUOUS
10
152.7729039999999827
20
-105.1663420000000002
11
152.7252849999999853
21
-105.261579999999995
0
LINE
8
BLACK
6
CONTINUOUS
10
152.7252849999999853
20
-105.261579999999995
11
152.6776659999999879
21
-105.3091999999999899
0
LINE
8
BLACK
6
CONTINUOUS
10
152.6776659999999879
20
-105.3091999999999899
11
152.5824279999999931
21
-105.3568190000000016
0
LINE
8
BLACK
6
CONTINUOUS
10
152.5824279999999931
20
-105.3568190000000016
11
152.2967139999999802
21
-105.3568190000000016
0
LINE
8
BLACK
6
CONTINUOUS
10
152.2967139999999802
20
-105.3568190000000016
11
152.2014759999999853
21
-105.3091999999999899
0
LINE
8
BLACK
6
CONTINUOUS
10
152.2014759999999853
20
-105.3091999999999899
11
152.1538569999999879
21
-105.261579999999995
0
LINE
8
BLACK
6
CONTINUOUS
10
141.043818999999985
20
-101.1950939999999974
11
140.043818999999985
21
-101.1950939999999974
0
LINE
8
BLACK
6
CONTINUOUS
10
140.043818999999985
20
-101.1950939999999974
11
140.043818999999985
21
-100.9569989999999962
0
LINE
8
BLACK
6
CONTINUOUS
10
140.043818999999985
20
-100.9569989999999962
11
140.0914379999999824
21
-100.8141419999999897
0
LINE
8
BLACK
6
CONTINUOUS
10
140.0914379999999824
20
-100.8141419999999897
11
140.1866760000000056
21
-100.7189039999999949
0
LINE
8
BLACK
6
CONTINUOUS
10
140.1866760000000056
20
-100.7189039999999949
11
140.2819140000000004
21
-100.6712849999999975
0
LINE
8
BLACK
6
CONTINUOUS
10
140.2819140000000004
20
-100.6712849999999975
11
140.4723899999999901
21
-100.6236660000000001
0
LINE
8
BLACK
6
CONTINUOUS
10
140.4723899999999901
20
-100.6236660000000001
11
140.6152469999999823
21
-100.6236660000000001
0
LINE
8
BLACK
6
CONTINUOUS
10
140.6152469999999823
20
-100.6236660000000001
11
140.8057230000000004
21
-100.6712849999999975
0
LINE
8
BLACK
6
CONTINUOUS
10
140.8057230000000004
20
-100.6712849999999975
11
140.9009609999999952
21
-100.7189039999999949
0
LINE
8
BLACK
6
CONTINUOUS
10
140.9009609999999952
20
-100.7189039999999949
11
140.9961999999999875
21
-100.8141419999999897
0
LINE
8
BLACK
6
CONTINUOUS
10
140.9961999999999875
20
-100.8141419999999897
11
141.043818999999985
21
-100.9569989999999962
0
LINE
8
BLACK
6
CONTINUOUS
10
141.043818999999985
20
-100.9569989999999962
11
141.043818999999985
21
-101.1950939999999974
0
LINE
8
BLACK
6
CONTINUOUS
10
140.4723899999999901
20
-100.052236999999991
11
140.4247709999999927
21
-100.147475
0
LINE
8
BLACK
6
CONTINUOUS
10
140.4247709999999927
20
-100.147475
11
140.3771519999999953
21
-100.1950939999999974
0
LINE
8
BLACK
6
CONTINUOUS
10
140.3771519999999953
20
-100.1950939999999974
11
140.2819140000000004
21
-100.2427129999999948
0
LINE
8
BLACK
6
CONTINUOUS
10
140.2819140000000004
20
-100.2427129999999948
11
140.234295000000003
21
-100.2427129999999948
0
LINE
8
BLACK
6
CONTINUOUS
10
140.234295000000003
20
-100.2427129999999948
11
140.1390569999999798
21
-100.1950939999999974
0
LINE
8
BLACK
6
CONTINUOUS
10
140.1390569999999798
20
-100.1950939999999974
11
140.0914379999999824
21
-100.147475
0
LINE
8
BLACK
6
CONTINUOUS
10
140.0914379999999824
20
-100.147475
11
140.043818999999985
21
-100.052236999999991
0
LINE
8
BLACK
6
CONTINUOUS
10
140.043818999999985
20
-100.052236999999991
11
140.043818999999985
21
-99.8617610000000013
0
LINE
8
BLACK
6
CONTINUOUS
10
140.043818999999985
20
-99.8617610000000013
11
140.0914379999999824
21
-99.7665229999999923
0
LINE
8
BLACK
6
CONTINUOUS
10
140.0914379999999824
20
-99.7665229999999923
11
140.1390569999999798
21
-99.7189039999999949
0
LINE
8
BLACK
6
CONTINUOUS
10
140.1390569999999798
20
-99.7189039999999949
11
140.234295000000003
21
-99.6712849999999975
0
LINE
8
BLACK
6
CONTINUOUS
10
140.234295000000003
20
-99.6712849999999975
11
140.2819140000000004
21
-99.6712849999999975
0
LINE
8
BLACK
6
CONTINUOUS
10
140.2819140000000004
20
-99.6712849999999975
11
140.3771519999999953
21
-99.7189039999999949
0
LINE
8
BLACK
6
CONTINUOUS
10
140.3771519999999953
20
-99.7189039999999949
11
140.4247709999999927
21
-99.7665229999999923
0
LINE
8
BLACK
6
CONTINUOUS
10
140.4247709999999927
20
-99.7665229999999923
11
140.4723899999999901
21
-99.8617610000000013
0
LINE
8
BLACK
6
CONTINUOUS
10
140.4723899999999901
20
-99.8617610000000013
11
140.4723899999999901
21
-100.052236999999991
0
LINE
8
BLACK
6
CONTINUOUS
10
140.4723899999999901
20
-100.052236999999991
11
140.5200089999999875
21
-100.147475
0
LINE
8
BLACK
6
CONTINUOUS
10
140.5200089999999875
20
-100.147475
11
140.5676279999999849
21
-100.1950939999999974
0
LINE
8
BLACK
6
CONTINUOUS
10
140.5676279999999849
20
-100.1950939999999974
11
140.6628659999999797
21
-100.2427129999999948
0
LINE
8
BLACK
6
CONTINUOUS
10
140.6628659999999797
20
-100.2427129999999948
11
140.8533419999999978
21
-100.2427129999999948
0
LINE
8
BLACK
6
CONTINUOUS
10
140.8533419999999978
20
-100.2427129999999948
11
140.9485799999999927
21
-100.1950939999999974
0
LINE
8
BLACK
6
CONTINUOUS
10
140.9485799999999927
20
-100.1950939999999974
11
140.9961999999999875
21
-100.147475
0
LINE
8
BLACK
6
CONTINUOUS
10
140.9961999999999875
20
-100.147475
11
141.043818999999985
21
-100.052236999999991
0
LINE
8
BLACK
6
CONTINUOUS
10
141.043818999999985
20
-100.052236999999991
11
141.043818999999985
21
-99.8617610000000013
0
LINE
8
BLACK
6
CONTINUOUS
10
141.043818999999985
20
-99.8617610000000013
11
140.9961999999999875
21
-99.7665229999999923
0
LINE
8
BLACK
6
CONTINUOUS
10
140.9961999999999875
20
-99.7665229999999923
11
140.9485799999999927
21
-99.7189039999999949
0
LINE
8
BLACK
6
CONTINUOUS
10
140.9485799999999927
20
-99.7189039999999949
11
140.8533419999999978
21
-99.6712849999999975
0
LINE
8
BLACK
6
CONTINUOUS
10
140.8533419999999978
20
-99.6712849999999975
11
140.6628659999999797
21
-99.6712849999999975
0
LINE
8
BLACK
6
CONTINUOUS
10
140.6628659999999797
20
-99.6712849999999975
11
140.5676279999999849
21
-99.7189039999999949
0
LINE
8
BLACK
6
CONTINUOUS
10
140.5676279999999849
20
-99.7189039999999949
11
140.5200089999999875
21
-99.7665229999999923
0
LINE
8
BLACK
6
CONTINUOUS
10
140.5200089999999875
20
-99.7665229999999923
11
140.4723899999999901
21
-99.8617610000000013
0
LINE
8
BLACK
6
CONTINUOUS
10
130.9291419999999846
20
-86.1595799999999912
11
130.8815229999999872
21
-86.2072000000000003
0
LINE
8
BLACK
6
CONTINUOUS
10
130.8815229999999872
20
-86.2072000000000003
11
130.7386659999999949
21
-86.2548189999999977
0
LINE
8
BLACK
6
CONTINUOUS
10
130.7386659999999949
20
-86.2548189999999977
11
130.6434280000000001
21
-86.2548189999999977
0
LINE
8
BLACK
6
CONTINUOUS
10
130.6434280000000001
20
-86.2548189999999977
11
130.5005710000000079
21
-86.2072000000000003
0
LINE
8
BLACK
6
CONTINUOUS
10
130.5005710000000079
20
-86.2072000000000003
11
130.4053329999999846
21
-86.1119609999999938
0
LINE
8
BLACK
6
CONTINUOUS
10
130.4053329999999846
20
-86.1119609999999938
11
130.3577139999999872
21
-86.0167229999999989
0
LINE
8
BLACK
6
CONTINUOUS
10
130.3577139999999872
20
-86.0167229999999989
11
130.3100949999999898
21
-85.8262469999999951
0
LINE
8
BLACK
6
CONTINUOUS
10
130.3100949999999898
20
-85.8262469999999951
11
130.3100949999999898
21
-85.6833900000000028
0
LINE
8
BLACK
6
CONTINUOUS
10
130.3100949999999898
20
-85.6833900000000028
11
130.3577139999999872
21
-85.492913999999999
0
LINE
8
BLACK
6
CONTINUOUS
10
130.3577139999999872
20
-85.492913999999999
11
130.4053329999999846
21
-85.3976759999999899
0
LINE
8
BLACK
6
CONTINUOUS
10
130.4053329999999846
20
-85.3976759999999899
11
130.5005710000000079
21
-85.3024379999999951
0
LINE
8
BLACK
6
CONTINUOUS
10
130.5005710000000079
20
-85.3024379999999951
11
130.6434280000000001
21
-85.2548189999999977
0
LINE
8
BLACK
6
CONTINUOUS
10
130.6434280000000001
20
-85.2548189999999977
11
130.7386659999999949
21
-85.2548189999999977
0
LINE
8
BLACK
6
CONTINUOUS
10
130.7386659999999949
20
-85.2548189999999977
11
130.8815229999999872
21
-85.3024379999999951
0
LINE
8
BLACK
6
CONTINUOUS
10
130.8815229999999872
20
-85.3024379999999951
11
130.9291419999999846
21
-85.3500569999999925
0
LINE
8
BLACK
6
CONTINUOUS
10
131.2624759999999924
20
-85.2548189999999977
11
131.8815229999999872
21
-85.2548189999999977
0
LINE
8
BLACK
6
CONTINUOUS
10
131.8815229999999872
20
-85.2548189999999977
11
131.5481900000000053
21
-85.6357709999999912
0
LINE
8
BLACK
6
CONTINUOUS
10
131.5481900000000053
20
-85.6357709999999912
11
131.6910469999999975
21
-85.6357709999999912
0
LINE
8
BLACK
6
CONTINUOUS
10
131.6910469999999975
20
-85.6357709999999912
11
131.7862849999999924
21
-85.6833900000000028
0
LINE
8
BLACK
6
CONTINUOUS
10
131.7862849999999924
20
-85.6833900000000028
11
131.8339039999999898
21
-85.7310090000000002
0
LINE
8
BLACK
6
CONTINUOUS
10
131.8339039999999898
20
-85.7310090000000002
11
131.8815229999999872
21
-85.8262469999999951
0
LINE
8
BLACK
6
CONTINUOUS
10
131.8815229999999872
20
-85.8262469999999951
11
131.8815229999999872
21
-86.0643419999999963
0
LINE
8
BLACK
6
CONTINUOUS
10
131.8815229999999872
20
-86.0643419999999963
11
131.8339039999999898
21
-86.1595799999999912
0
LINE
8
BLACK
6
CONTINUOUS
10
131.8339039999999898
20
-86.1595799999999912
11
131.7862849999999924
21
-86.2072000000000003
0
LINE
8
BLACK
6
CONTINUOUS
10
131.7862849999999924
20
-86.2072000000000003
11
131.6910469999999975
21
-86.2548189999999977
0
LINE
8
BLACK
6
CONTINUOUS
10
131.6910469999999975
20
-86.2548189999999977
11
131.4053329999999846
21
-86.2548189999999977
0
LINE
8
BLACK
6
CONTINUOUS
10
131.4053329999999846
20
-86.2548189999999977
11
131.3100949999999898
21
-86.2072000000000003
0
LINE
8
BLACK
6
CONTINUOUS
10
131.3100949999999898
20
-86.2072000000000003
11
131.2624759999999924
21
-86.1595799999999912
0
LINE
8
BLACK
6
CONTINUOUS
10
132.2624759999999924
20
-85.3500569999999925
11
132.3100949999999898
21
-85.3024379999999951
0
LINE
8
BLACK
6
CONTINUOUS
10
132.3100949999999898
20
-85.3024379999999951
11
132.4053329999999846
21
-85.2548189999999977
0
LINE
8
BLACK
6
CONTINUOUS
10
132.4053329999999846
20
-85.2548189999999977
11
132.6434280000000001
21
-85.2548189999999977
0
LINE
8
BLACK
6
CONTINUOUS
10
132.6434280000000001
20
-85.2548189999999977
11
132.7386659999999949
21
-85.3024379999999951
0
LINE
8
BLACK
6
CONTINUOUS
10
132.7386659999999949
20
-85.3024379999999951
11
132.7862849999999924
21
-85.3500569999999925
0
LINE
8
BLACK
6
CONTINUOUS
10
132.7862849999999924
20
-85.3500569999999925
11
132.8339039999999898
21
-85.4452950000000016
0
LINE
8
BLACK
6
CONTINUOUS
10
132.8339039999999898
20
-85.4452950000000016
11
132.8339039999999898
21
-85.5405329999999964
0
LINE
8
BLACK
6
CONTINUOUS
10
132.8339039999999898
20
-85.5405329999999964
11
132.7862849999999924
21
-85.6833900000000028
0
LINE
8
BLACK
6
CONTINUOUS
10
132.7862849999999924
20
-85.6833900000000028
11
132.214856999999995
21
-86.2548189999999977
0
LINE
8
BLACK
6
CONTINUOUS
10
132.214856999999995
20
-86.2548189999999977
11
132.8339039999999898
21
-86.2548189999999977
0
LINE
8
BLACK
6
CONTINUOUS
10
167.7138190000000009
20
-89.7968570000000028
11
167.2376280000000008
21
-90.1301899999999989
0
LINE
8
BLACK
6
CONTINUOUS
10
167.7138190000000009
20
-90.3682850000000002
11
166.7138190000000009
21
-90.3682850000000002
0
LINE
8
BLACK
6
CONTINUOUS
10
166.7138190000000009
20
-90.3682850000000002
11
166.7138190000000009
21
-89.9873329999999925
0
LINE
8
BLACK
6
CONTINUOUS
10
166.7138190000000009
20
-89.9873329999999925
11
166.7614379999999983
21
-89.8920949999999976
0
LINE
8
BLACK
6
CONTINUOUS
10
166.7614379999999983
20
-89.8920949999999976
11
166.8090569999999957
21
-89.8444760000000002
0
LINE
8
BLACK
6
CONTINUOUS
10
166.8090569999999957
20
-89.8444760000000002
11
166.9042949999999905
21
-89.7968570000000028
0
LINE
8
BLACK
6
CONTINUOUS
10
166.9042949999999905
20
-89.7968570000000028
11
167.0471519999999828
21
-89.7968570000000028
0
LINE
8
BLACK
6
CONTINUOUS
10
167.0471519999999828
20
-89.7968570000000028
11
167.142390000000006
21
-89.8444760000000002
0
LINE
8
BLACK
6
CONTINUOUS
10
167.142390000000006
20
-89.8444760000000002
11
167.1900090000000034
21
-89.8920949999999976
0
LINE
8
BLACK
6
CONTINUOUS
10
167.1900090000000034
20
-89.8920949999999976
11
167.2376280000000008
21
-89.9873329999999925
0
LINE
8
BLACK
6
CONTINUOUS
10
167.2376280000000008
20
-89.9873329999999925
11
167.2376280000000008
21
-90.3682850000000002
0
LINE
8
BLACK
6
CONTINUOUS
10
166.7138190000000009
20
-89.463522999999995
11
166.7138190000000009
21
-88.8444760000000002
0
LINE
8
BLACK
6
CONTINUOUS
10
166.7138190000000009
20
-88.8444760000000002
11
167.0947709999999802
21
-89.1778089999999963
0
LINE
8
BLACK
6
CONTINUOUS
10
167.0947709999999802
20
-89.1778089999999963
11
167.0947709999999802
21
-89.0349519999999899
0
LINE
8
BLACK
6
CONTINUOUS
10
167.0947709999999802
20
-89.0349519999999899
11
167.142390000000006
21
-88.9397139999999951
0
LINE
8
BLACK
6
CONTINUOUS
10
167.142390000000006
20
-88.9397139999999951
11
167.1900090000000034
21
-88.8920949999999976
0
LINE
8
BLACK
6
CONTINUOUS
10
167.1900090000000034
20
-88.8920949999999976
11
167.2852469999999983
21
-88.8444760000000002
0
LINE
8
BLACK
6
CONTINUOUS
10
167.2852469999999983
20
-88.8444760000000002
11
167.5233419999999853
21
-88.8444760000000002
0
LINE
8
BLACK
6
CONTINUOUS
10
167.5233419999999853
20
-88.8444760000000002
11
167.6185799999999801
21
-88.8920949999999976
0
LINE
8
BLACK
6
CONTINUOUS
10
167.6185799999999801
20
-88.8920949999999976
11
167.6662000000000035
21
-88.9397139999999951
0
LINE
8
BLACK
6
CONTINUOUS
10
167.6662000000000035
20
-88.9397139999999951
11
167.7138190000000009
21
-89.0349519999999899
0
LINE
8
BLACK
6
CONTINUOUS
10
167.7138190000000009
20
-89.0349519999999899
11
167.7138190000000009
21
-89.3206660000000028
0
LINE
8
BLACK
6
CONTINUOUS
10
167.7138190000000009
20
-89.3206660000000028
11
167.6662000000000035
21
-89.4159039999999976
0
LINE
8
BLACK
6
CONTINUOUS
10
167.6662000000000035
20
-89.4159039999999976
11
167.6185799999999801
21
-89.463522999999995
0
LINE
8
BLACK
6
CONTINUOUS
10
166.7138190000000009
20
-87.9397139999999951
11
166.7138190000000009
21
-88.4159039999999976
0
LINE
8
BLACK
6
CONTINUOUS
10
166.7138190000000009
20
-88.4159039999999976
11
167.1900090000000034
21
-88.463522999999995
0
LINE
8
BLACK
6
CONTINUOUS
10
167.1900090000000034
20
-88.463522999999995
11
167.142390000000006
21
-88.4159039999999976
0
LINE
8
BLACK
6
CONTINUOUS
10
167.142390000000006
20
-88.4159039999999976
11
167.0947709999999802
21
-88.3206660000000028
0
LINE
8
BLACK
6
CONTINUOUS
10
167.0947709999999802
20
-88.3206660000000028
11
167.0947709999999802
21
-88.0825710000000015
0
LINE
8
BLACK
6
CONTINUOUS
10
167.0947709999999802
20
-88.0825710000000015
11
167.142390000000006
21
-87.9873329999999925
0
LINE
8
BLACK
6
CONTINUOUS
10
167.142390000000006
20
-87.9873329999999925
11
167.1900090000000034
21
-87.9397139999999951
0
LINE
8
BLACK
6
CONTINUOUS
10
167.1900090000000034
20
-87.9397139999999951
11
167.2852469999999983
21
-87.8920949999999976
0
LINE
8
BLACK
6
CONTINUOUS
10
167.2852469999999983
20
-87.8920949999999976
11
167.5233419999999853
21
-87.8920949999999976
0
LINE
8
BLACK
6
CONTINUOUS
10
167.5233419999999853
20
-87.8920949999999976
11
167.6185799999999801
21
-87.9397139999999951
0
LINE
8
BLACK
6
CONTINUOUS
10
167.6185799999999801
20
-87.9397139999999951
11
167.6662000000000035
21
-87.9873329999999925
0
LINE
8
BLACK
6
CONTINUOUS
10
167.6662000000000035
20
-87.9873329999999925
11
167.7138190000000009
21
-88.0825710000000015
0
LINE
8
BLACK
6
CONTINUOUS
10
167.7138190000000009
20
-88.0825710000000015
11
167.7138190000000009
21
-88.3206660000000028
0
LINE
8
BLACK
6
CONTINUOUS
10
167.7138190000000009
20
-88.3206660000000028
11
167.6662000000000035
21
-88.4159039999999976
0
LINE
8
BLACK
6
CONTINUOUS
10
167.6662000000000035
20
-88.4159039999999976
11
167.6185799999999801
21
-88.463522999999995
0
LINE
8
BLACK
6
CONTINUOUS
10
131.7048189999999863
20
-65.4166659999999922
11
131.2286279999999863
21
-65.7499990000000025
0
LINE
8
BLACK
6
CONTINUOUS
10
131.7048189999999863
20
-65.9880940000000038
11
130.7048189999999863
21
-65.9880940000000038
0
LINE
8
BLACK
6
CONTINUOUS
10
130.7048189999999863
20
-65.9880940000000038
11
130.7048189999999863
21
-65.6071419999999961
0
LINE
8
BLACK
6
CONTINUOUS
10
130.7048189999999863
20
-65.6071419999999961
11
130.7524379999999837
21
-65.5119040000000012
0
LINE
8
BLACK
6
CONTINUOUS
10
130.7524379999999837
20
-65.5119040000000012
11
130.8000569999999811
21
-65.4642850000000038
0
LINE
8
BLACK
6
CONTINUOUS
10
130.8000569999999811
20
-65.4642850000000038
11
130.8952950000000044
21
-65.4166659999999922
0
LINE
8
BLACK
6
CONTINUOUS
10
130.8952950000000044
20
-65.4166659999999922
11
131.0381519999999966
21
-65.4166659999999922
0
LINE
8
BLACK
6
CONTINUOUS
10
131.0381519999999966
20
-65.4166659999999922
11
131.1333899999999915
21
-65.4642850000000038
0
LINE
8
BLACK
6
CONTINUOUS
10
131.1333899999999915
20
-65.4642850000000038
11
131.1810089999999889
21
-65.5119040000000012
0
LINE
8
BLACK
6
CONTINUOUS
10
131.1810089999999889
20
-65.5119040000000012
11
131.2286279999999863
21
-65.6071419999999961
0
LINE
8
BLACK
6
CONTINUOUS
10
131.2286279999999863
20
-65.6071419999999961
11
131.2286279999999863
21
-65.9880940000000038
0
LINE
8
BLACK
6
CONTINUOUS
10
130.7048189999999863
20
-64.5119040000000012
11
130.7048189999999863
21
-64.9880940000000038
0
LINE
8
BLACK
6
CONTINUOUS
10
130.7048189999999863
20
-64.9880940000000038
11
131.1810089999999889
21
-65.0357130000000012
0
LINE
8
BLACK
6
CONTINUOUS
10
131.1810089999999889
20
-65.0357130000000012
11
131.1333899999999915
21
-64.9880940000000038
0
LINE
8
BLACK
6
CONTINUOUS
10
131.1333899999999915
20
-64.9880940000000038
11
131.085770999999994
21
-64.8928559999999948
0
LINE
8
BLACK
6
CONTINUOUS
10
131.085770999999994
20
-64.8928559999999948
11
131.085770999999994
21
-64.6547609999999935
0
LINE
8
BLACK
6
CONTINUOUS
10
131.085770999999994
20
-64.6547609999999935
11
131.1333899999999915
21
-64.5595229999999987
0
LINE
8
BLACK
6
CONTINUOUS
10
131.1333899999999915
20
-64.5595229999999987
11
131.1810089999999889
21
-64.5119040000000012
0
LINE
8
BLACK
6
CONTINUOUS
10
131.1810089999999889
20
-64.5119040000000012
11
131.2762469999999837
21
-64.4642850000000038
0
LINE
8
BLACK
6
CONTINUOUS
10
131.2762469999999837
20
-64.4642850000000038
11
131.5143419999999992
21
-64.4642850000000038
0
LINE
8
BLACK
6
CONTINUOUS
10
131.5143419999999992
20
-64.4642850000000038
11
131.609579999999994
21
-64.5119040000000012
0
LINE
8
BLACK
6
CONTINUOUS
10
131.609579999999994
20
-64.5119040000000012
11
131.6571999999999889
21
-64.5595229999999987
0
LINE
8
BLACK
6
CONTINUOUS
10
131.6571999999999889
20
-64.5595229999999987
11
131.7048189999999863
21
-64.6547609999999935
0
LINE
8
BLACK
6
CONTINUOUS
10
131.7048189999999863
20
-64.6547609999999935
11
131.7048189999999863
21
-64.8928559999999948
0
LINE
8
BLACK
6
CONTINUOUS
10
131.7048189999999863
20
-64.8928559999999948
11
131.6571999999999889
21
-64.9880940000000038
0
LINE
8
BLACK
6
CONTINUOUS
10
131.6571999999999889
20
-64.9880940000000038
11
131.609579999999994
21
-65.0357130000000012
0
LINE
8
BLACK
6
CONTINUOUS
10
164.5595799999999826
20
-67.0428569999999979
11
164.607200000000006
21
-67.0904759999999953
0
LINE
8
BLACK
6
CONTINUOUS
10
164.607200000000006
20
-67.0904759999999953
11
164.6548190000000034
21
-67.2333330000000018
0
LINE
8
BLACK
6
CONTINUOUS
10
164.6548190000000034
20
-67.2333330000000018
11
164.6548190000000034
21
-67.3285709999999966
0
LINE
8
BLACK
6
CONTINUOUS
10
164.6548190000000034
20
-67.3285709999999966
11
164.607200000000006
21
-67.4714280000000031
0
LINE
8
BLACK
6
CONTINUOUS
10
164.607200000000006
20
-67.4714280000000031
11
164.5119609999999852
21
-67.5666659999999979
0
LINE
8
BLACK
6
CONTINUOUS
10
164.5119609999999852
20
-67.5666659999999979
11
164.4167229999999904
21
-67.6142849999999953
0
LINE
8
BLACK
6
CONTINUOUS
10
164.4167229999999904
20
-67.6142849999999953
11
164.2262470000000008
21
-67.6619039999999927
0
LINE
8
BLACK
6
CONTINUOUS
10
164.2262470000000008
20
-67.6619039999999927
11
164.0833899999999801
21
-67.6619039999999927
0
LINE
8
BLACK
6
CONTINUOUS
10
164.0833899999999801
20
-67.6619039999999927
11
163.8929139999999904
21
-67.6142849999999953
0
LINE
8
BLACK
6
CONTINUOUS
10
163.8929139999999904
20
-67.6142849999999953
11
163.7976759999999956
21
-67.5666659999999979
0
LINE
8
BLACK
6
CONTINUOUS
10
163.7976759999999956
20
-67.5666659999999979
11
163.7024380000000008
21
-67.4714280000000031
0
LINE
8
BLACK
6
CONTINUOUS
10
163.7024380000000008
20
-67.4714280000000031
11
163.6548190000000034
21
-67.3285709999999966
0
LINE
8
BLACK
6
CONTINUOUS
10
163.6548190000000034
20
-67.3285709999999966
11
163.6548190000000034
21
-67.2333330000000018
0
LINE
8
BLACK
6
CONTINUOUS
10
163.6548190000000034
20
-67.2333330000000018
11
163.7024380000000008
21
-67.0904759999999953
0
LINE
8
BLACK
6
CONTINUOUS
10
163.7024380000000008
20
-67.0904759999999953
11
163.7500569999999982
21
-67.0428569999999979
0
LINE
8
BLACK
6
CONTINUOUS
10
164.6548190000000034
20
-66.0904759999999953
11
164.6548190000000034
21
-66.6619039999999927
0
LINE
8
BLACK
6
CONTINUOUS
10
164.6548190000000034
20
-66.376189999999994
11
163.6548190000000034
21
-66.376189999999994
0
LINE
8
BLACK
6
CONTINUOUS
10
163.6548190000000034
20
-66.376189999999994
11
163.7976759999999956
21
-66.4714280000000031
0
LINE
8
BLACK
6
CONTINUOUS
10
163.7976759999999956
20
-66.4714280000000031
11
163.8929139999999904
21
-66.5666659999999979
0
LINE
8
BLACK
6
CONTINUOUS
10
163.8929139999999904
20
-66.5666659999999979
11
163.9405329999999879
21
-66.6619039999999927
0
LINE
8
BLACK
6
CONTINUOUS
10
163.6548190000000034
20
-65.1857139999999902
11
163.6548190000000034
21
-65.6619039999999927
0
LINE
8
BLACK
6
CONTINUOUS
10
163.6548190000000034
20
-65.6619039999999927
11
164.1310090000000059
21
-65.7095229999999901
0
LINE
8
BLACK
6
CONTINUOUS
10
164.1310090000000059
20
-65.7095229999999901
11
164.0833899999999801
21
-65.6619039999999927
0
LINE
8
BLACK
6
CONTINUOUS
10
164.0833899999999801
20
-65.6619039999999927
11
164.0357709999999827
21
-65.5666659999999979
0
LINE
8
BLACK
6
CONTINUOUS
10
164.0357709999999827
20
-65.5666659999999979
11
164.0357709999999827
21
-65.3285709999999966
0
LINE
8
BLACK
6
CONTINUOUS
10
164.0357709999999827
20
-65.3285709999999966
11
164.0833899999999801
21
-65.2333330000000018
0
LINE
8
BLACK
6
CONTINUOUS
10
164.0833899999999801
20
-65.2333330000000018
11
164.1310090000000059
21
-65.1857139999999902
0
LINE
8
BLACK
6
CONTINUOUS
10
164.1310090000000059
20
-65.1857139999999902
11
164.2262470000000008
21
-65.1380949999999928
0
LINE
8
BLACK
6
CONTINUOUS
10
164.2262470000000008
20
-65.1380949999999928
11
164.4643419999999878
21
-65.1380949999999928
0
LINE
8
BLACK
6
CONTINUOUS
10
164.4643419999999878
20
-65.1380949999999928
11
164.5595799999999826
21
-65.1857139999999902
0
LINE
8
BLACK
6
CONTINUOUS
10
164.5595799999999826
20
-65.1857139999999902
11
164.607200000000006
21
-65.2333330000000018
0
LINE
8
BLACK
6
CONTINUOUS
10
164.607200000000006
20
-65.2333330000000018
11
164.6548190000000034
21
-65.3285709999999966
0
LINE
8
BLACK
6
CONTINUOUS
10
164.6548190000000034
20
-65.3285709999999966
11
164.6548190000000034
21
-65.5666659999999979
0
LINE
8
BLACK
6
CONTINUOUS
10
164.6548190000000034
20
-65.5666659999999979
11
164.607200000000006
21
-65.6619039999999927
0
LINE
8
BLACK
6
CONTINUOUS
10
164.607200000000006
20
-65.6619039999999927
11
164.5595799999999826
21
-65.7095229999999901
0
LINE
8
BLACK
6
CONTINUOUS
10
172.5595799999999826
20
-67.7948569999999933
11
172.607200000000006
21
-67.8424759999999907
0
LINE
8
BLACK
6
CONTINUOUS
10
172.607200000000006
20
-67.8424759999999907
11
172.6548190000000034
21
-67.9853329999999971
0
LINE
8
BLACK
6
CONTINUOUS
10
172.6548190000000034
20
-67.9853329999999971
11
172.6548190000000034
21
-68.080570999999992
0
LINE
8
BLACK
6
CONTINUOUS
10
172.6548190000000034
20
-68.080570999999992
11
172.607200000000006
21
-68.2234279999999984
0
LINE
8
BLACK
6
CONTINUOUS
10
172.607200000000006
20
-68.2234279999999984
11
172.5119609999999852
21
-68.3186659999999932
0
LINE
8
BLACK
6
CONTINUOUS
10
172.5119609999999852
20
-68.3186659999999932
11
172.4167229999999904
21
-68.3662849999999906
0
LINE
8
BLACK
6
CONTINUOUS
10
172.4167229999999904
20
-68.3662849999999906
11
172.2262470000000008
21
-68.4139040000000023
0
LINE
8
BLACK
6
CONTINUOUS
10
172.2262470000000008
20
-68.4139040000000023
11
172.0833899999999801
21
-68.4139040000000023
0
LINE
8
BLACK
6
CONTINUOUS
10
172.0833899999999801
20
-68.4139040000000023
11
171.8929139999999904
21
-68.3662849999999906
0
LINE
8
BLACK
6
CONTINUOUS
10
171.8929139999999904
20
-68.3662849999999906
11
171.7976759999999956
21
-68.3186659999999932
0
LINE
8
BLACK
6
CONTINUOUS
10
171.7976759999999956
20
-68.3186659999999932
11
171.7024380000000008
21
-68.2234279999999984
0
LINE
8
BLACK
6
CONTINUOUS
10
171.7024380000000008
20
-68.2234279999999984
11
171.6548190000000034
21
-68.080570999999992
0
LINE
8
BLACK
6
CONTINUOUS
10
171.6548190000000034
20
-68.080570999999992
11
171.6548190000000034
21
-67.9853329999999971
0
LINE
8
BLACK
6
CONTINUOUS
10
171.6548190000000034
20
-67.9853329999999971
11
171.7024380000000008
21
-67.8424759999999907
0
LINE
8
BLACK
6
CONTINUOUS
10
171.7024380000000008
20
-67.8424759999999907
11
171.7500569999999982
21
-67.7948569999999933
0
LINE
8
BLACK
6
CONTINUOUS
10
172.6548190000000034
20
-66.8424759999999907
11
172.6548190000000034
21
-67.4139040000000023
0
LINE
8
BLACK
6
CONTINUOUS
10
172.6548190000000034
20
-67.1281900000000036
11
171.6548190000000034
21
-67.1281900000000036
0
LINE
8
BLACK
6
CONTINUOUS
10
171.6548190000000034
20
-67.1281900000000036
11
171.7976759999999956
21
-67.2234279999999984
0
LINE
8
BLACK
6
CONTINUOUS
10
171.7976759999999956
20
-67.2234279999999984
11
171.8929139999999904
21
-67.3186659999999932
0
LINE
8
BLACK
6
CONTINUOUS
10
171.8929139999999904
20
-67.3186659999999932
11
171.9405329999999879
21
-67.4139040000000023
0
LINE
8
BLACK
6
CONTINUOUS
10
171.9881519999999853
20
-65.9853329999999971
11
172.6548190000000034
21
-65.9853329999999971
0
LINE
8
BLACK
6
CONTINUOUS
10
171.607200000000006
20
-66.2234279999999984
11
172.3214849999999956
21
-66.4615229999999997
0
LINE
8
BLACK
6
CONTINUOUS
10
172.3214849999999956
20
-66.4615229999999997
11
172.3214849999999956
21
-65.8424759999999907
0
LINE
8
BLACK
6
CONTINUOUS
10
163.8221419999999853
20
-59.795579999999994
11
163.7745229999999879
21
-59.843199999999996
0
LINE
8
BLACK
6
CONTINUOUS
10
163.7745229999999879
20
-59.843199999999996
11
163.6316659999999956
21
-59.8908190000000005
0
LINE
8
BLACK
6
CONTINUOUS
10
163.6316659999999956
20
-59.8908190000000005
11
163.5364280000000008
21
-59.8908190000000005
0
LINE
8
BLACK
6
CONTINUOUS
10
163.5364280000000008
20
-59.8908190000000005
11
163.3935709999999801
21
-59.843199999999996
0
LINE
8
BLACK
6
CONTINUOUS
10
163.3935709999999801
20
-59.843199999999996
11
163.2983329999999853
21
-59.7479609999999965
0
LINE
8
BLACK
6
CONTINUOUS
10
163.2983329999999853
20
-59.7479609999999965
11
163.2507139999999879
21
-59.6527229999999946
0
LINE
8
BLACK
6
CONTINUOUS
10
163.2507139999999879
20
-59.6527229999999946
11
163.2030949999999905
21
-59.4622469999999979
0
LINE
8
BLACK
6
CONTINUOUS
10
163.2030949999999905
20
-59.4622469999999979
11
163.2030949999999905
21
-59.3193899999999985
0
LINE
8
BLACK
6
CONTINUOUS
10
163.2030949999999905
20
-59.3193899999999985
11
163.2507139999999879
21
-59.1289139999999946
0
LINE
8
BLACK
6
CONTINUOUS
10
163.2507139999999879
20
-59.1289139999999946
11
163.2983329999999853
21
-59.0336759999999998
0
LINE
8
BLACK
6
CONTINUOUS
10
163.2983329999999853
20
-59.0336759999999998
11
163.3935709999999801
21
-58.9384379999999979
0
LINE
8
BLACK
6
CONTINUOUS
10
163.3935709999999801
20
-58.9384379999999979
11
163.5364280000000008
21
-58.8908190000000005
0
LINE
8
BLACK
6
CONTINUOUS
10
163.5364280000000008
20
-58.8908190000000005
11
163.6316659999999956
21
-58.8908190000000005
0
LINE
8
BLACK
6
CONTINUOUS
10
163.6316659999999956
20
-58.8908190000000005
11
163.7745229999999879
21
-58.9384379999999979
0
LINE
8
BLACK
6
CONTINUOUS
10
163.7745229999999879
20
-58.9384379999999979
11
163.8221419999999853
21
-58.9860569999999953
0
LINE
8
BLACK
6
CONTINUOUS
10
164.679284999999993
20
-59.2241519999999966
11
164.679284999999993
21
-59.8908190000000005
0
LINE
8
BLACK
6
CONTINUOUS
10
164.441190000000006
20
-58.843199999999996
11
164.2030949999999905
21
-59.5574849999999998
0
LINE
8
BLACK
6
CONTINUOUS
10
164.2030949999999905
20
-59.5574849999999998
11
164.8221419999999853
21
-59.5574849999999998
0
LINE
8
BLACK
6
CONTINUOUS
10
165.1554759999999931
20
-58.9860569999999953
11
165.2030949999999905
21
-58.9384379999999979
0
LINE
8
BLACK
6
CONTINUOUS
10
165.2030949999999905
20
-58.9384379999999979
11
165.2983329999999853
21
-58.8908190000000005
0
LINE
8
BLACK
6
CONTINUOUS
10
165.2983329999999853
20
-58.8908190000000005
11
165.5364280000000008
21
-58.8908190000000005
0
LINE
8
BLACK
6
CONTINUOUS
10
165.5364280000000008
20
-58.8908190000000005
11
165.6316659999999956
21
-58.9384379999999979
0
LINE
8
BLACK
6
CONTINUOUS
10
165.6316659999999956
20
-58.9384379999999979
11
165.679284999999993
21
-58.9860569999999953
0
LINE
8
BLACK
6
CONTINUOUS
10
165.679284999999993
20
-58.9860569999999953
11
165.7269039999999904
21
-59.0812949999999972
0
LINE
8
BLACK
6
CONTINUOUS
10
165.7269039999999904
20
-59.0812949999999972
11
165.7269039999999904
21
-59.1765329999999992
0
LINE
8
BLACK
6
CONTINUOUS
10
165.7269039999999904
20
-59.1765329999999992
11
165.679284999999993
21
-59.3193899999999985
0
LINE
8
BLACK
6
CONTINUOUS
10
165.679284999999993
20
-59.3193899999999985
11
165.1078569999999957
21
-59.8908190000000005
0
LINE
8
BLACK
6
CONTINUOUS
10
165.1078569999999957
20
-59.8908190000000005
11
165.7269039999999904
21
-59.8908190000000005
0
LINE
8
BLACK
6
CONTINUOUS
10
159.2501419999999825
20
-70.5588189999999997
11
158.9168090000000007
21
-70.0826279999999997
0
LINE
8
BLACK
6
CONTINUOUS
10
158.6787139999999852
20
-70.5588189999999997
11
158.6787139999999852
21
-69.5588189999999997
0
LINE
8
BLACK
6
CONTINUOUS
10
158.6787139999999852
20
-69.5588189999999997
11
159.0596659999999929
21
-69.5588189999999997
0
LINE
8
BLACK
6
CONTINUOUS
10
159.0596659999999929
20
-69.5588189999999997
11
159.1549039999999877
21
-69.6064379999999971
0
LINE
8
BLACK
6
CONTINUOUS
10
159.1549039999999877
20
-69.6064379999999971
11
159.2025229999999851
21
-69.6540569999999946
0
LINE
8
BLACK
6
CONTINUOUS
10
159.2025229999999851
20
-69.6540569999999946
11
159.2501419999999825
21
-69.7492950000000036
0
LINE
8
BLACK
6
CONTINUOUS
10
159.2501419999999825
20
-69.7492950000000036
11
159.2501419999999825
21
-69.8921519999999958
0
LINE
8
BLACK
6
CONTINUOUS
10
159.2501419999999825
20
-69.8921519999999958
11
159.2025229999999851
21
-69.9873899999999907
0
LINE
8
BLACK
6
CONTINUOUS
10
159.2025229999999851
20
-69.9873899999999907
11
159.1549039999999877
21
-70.0350090000000023
0
LINE
8
BLACK
6
CONTINUOUS
10
159.1549039999999877
20
-70.0350090000000023
11
159.0596659999999929
21
-70.0826279999999997
0
LINE
8
BLACK
6
CONTINUOUS
10
159.0596659999999929
20
-70.0826279999999997
11
158.6787139999999852
21
-70.0826279999999997
0
LINE
8
BLACK
6
CONTINUOUS
10
159.6310949999999877
20
-69.6540569999999946
11
159.6787139999999852
21
-69.6064379999999971
0
LINE
8
BLACK
6
CONTINUOUS
10
159.6787139999999852
20
-69.6064379999999971
11
159.77395199999998
21
-69.5588189999999997
0
LINE
8
BLACK
6
CONTINUOUS
10
159.77395199999998
20
-69.5588189999999997
11
160.0120469999999955
21
-69.5588189999999997
0
LINE
8
BLACK
6
CONTINUOUS
10
160.0120469999999955
20
-69.5588189999999997
11
160.1072849999999903
21
-69.6064379999999971
0
LINE
8
BLACK
6
CONTINUOUS
10
160.1072849999999903
20
-69.6064379999999971
11
160.1549039999999877
21
-69.6540569999999946
0
LINE
8
BLACK
6
CONTINUOUS
10
160.1549039999999877
20
-69.6540569999999946
11
160.2025229999999851
21
-69.7492950000000036
0
LINE
8
BLACK
6
CONTINUOUS
10
160.2025229999999851
20
-69.7492950000000036
11
160.2025229999999851
21
-69.8445329999999984
0
LINE
8
BLACK
6
CONTINUOUS
10
160.2025229999999851
20
-69.8445329999999984
11
160.1549039999999877
21
-69.9873899999999907
0
LINE
8
BLACK
6
CONTINUOUS
10
160.1549039999999877
20
-69.9873899999999907
11
159.5834759999999903
21
-70.5588189999999997
0
LINE
8
BLACK
6
CONTINUOUS
10
159.5834759999999903
20
-70.5588189999999997
11
160.2025229999999851
21
-70.5588189999999997
0
LINE
8
BLACK
6
CONTINUOUS
10
161.1549039999999877
20
-70.5588189999999997
11
160.5834759999999903
21
-70.5588189999999997
0
LINE
8
BLACK
6
CONTINUOUS
10
160.8691900000000032
20
-70.5588189999999997
11
160.8691900000000032
21
-69.5588189999999997
0
LINE
8
BLACK
6
CONTINUOUS
10
160.8691900000000032
20
-69.5588189999999997
11
160.77395199999998
21
-69.701675999999992
0
LINE
8
BLACK
6
CONTINUOUS
10
160.77395199999998
20
-69.701675999999992
11
160.6787139999999852
21
-69.796914000000001
0
LINE
8
BLACK
6
CONTINUOUS
10
160.6787139999999852
20
-69.796914000000001
11
160.5834759999999903
21
-69.8445329999999984
0
LINE
8
BLACK
6
CONTINUOUS
10
169.5235799999999813
20
-77.4778570000000002
11
169.5712000000000046
21
-77.5254759999999976
0
LINE
8
BLACK
6
CONTINUOUS
10
169.5712000000000046
20
-77.5254759999999976
11
169.618819000000002
21
-77.6683329999999899
0
LINE
8
BLACK
6
CONTINUOUS
10
169.618819000000002
20
-77.6683329999999899
11
169.618819000000002
21
-77.7635709999999989
0
LINE
8
BLACK
6
CONTINUOUS
10
169.618819000000002
20
-77.7635709999999989
11
169.5712000000000046
21
-77.9064279999999911
0
LINE
8
BLACK
6
CONTINUOUS
10
169.5712000000000046
20
-77.9064279999999911
11
169.4759609999999839
21
-78.0016660000000002
0
LINE
8
BLACK
6
CONTINUOUS
10
169.4759609999999839
20
-78.0016660000000002
11
169.380722999999989
21
-78.0492849999999976
0
LINE
8
BLACK
6
CONTINUOUS
10
169.380722999999989
20
-78.0492849999999976
11
169.1902469999999994
21
-78.096903999999995
0
LINE
8
BLACK
6
CONTINUOUS
10
169.1902469999999994
20
-78.096903999999995
11
169.0473899999999787
21
-78.096903999999995
0
LINE
8
BLACK
6
CONTINUOUS
10
169.0473899999999787
20
-78.096903999999995
11
168.8569139999999891
21
-78.0492849999999976
0
LINE
8
BLACK
6
CONTINUOUS
10
168.8569139999999891
20
-78.0492849999999976
11
168.7616759999999942
21
-78.0016660000000002
0
LINE
8
BLACK
6
CONTINUOUS
10
168.7616759999999942
20
-78.0016660000000002
11
168.6664379999999994
21
-77.9064279999999911
0
LINE
8
BLACK
6
CONTINUOUS
10
168.6664379999999994
20
-77.9064279999999911
11
168.618819000000002
21
-77.7635709999999989
0
LINE
8
BLACK
6
CONTINUOUS
10
168.618819000000002
20
-77.7635709999999989
11
168.618819000000002
21
-77.6683329999999899
0
LINE
8
BLACK
6
CONTINUOUS
10
168.618819000000002
20
-77.6683329999999899
11
168.6664379999999994
21
-77.5254759999999976
0
LINE
8
BLACK
6
CONTINUOUS
10
168.6664379999999994
20
-77.5254759999999976
11
168.7140569999999968
21
-77.4778570000000002
0
LINE
8
BLACK
6
CONTINUOUS
10
168.7140569999999968
20
-77.096903999999995
11
168.6664379999999994
21
-77.0492849999999976
0
LINE
8
BLACK
6
CONTINUOUS
10
168.6664379999999994
20
-77.0492849999999976
11
168.618819000000002
21
-76.9540470000000028
0
LINE
8
BLACK
6
CONTINUOUS
10
168.618819000000002
20
-76.9540470000000028
11
168.618819000000002
21
-76.7159520000000015
0
LINE
8
BLACK
6
CONTINUOUS
10
168.618819000000002
20
-76.7159520000000015
11
168.6664379999999994
21
-76.6207139999999924
0
LINE
8
BLACK
6
CONTINUOUS
10
168.6664379999999994
20
-76.6207139999999924
11
168.7140569999999968
21
-76.573094999999995
0
LINE
8
BLACK
6
CONTINUOUS
10
168.7140569999999968
20
-76.573094999999995
11
168.8092949999999917
21
-76.5254759999999976
0
LINE
8
BLACK
6
CONTINUOUS
10
168.8092949999999917
20
-76.5254759999999976
11
168.9045329999999865
21
-76.5254759999999976
0
LINE
8
BLACK
6
CONTINUOUS
10
168.9045329999999865
20
-76.5254759999999976
11
169.0473899999999787
21
-76.573094999999995
0
LINE
8
BLACK
6
CONTINUOUS
10
169.0473899999999787
20
-76.573094999999995
11
169.618819000000002
21
-77.1445229999999924
0
LINE
8
BLACK
6
CONTINUOUS
10
169.618819000000002
20
-77.1445229999999924
11
169.618819000000002
21
-76.5254759999999976
0
LINE
8
BLACK
6
CONTINUOUS
10
168.9521519999999839
20
-75.6683329999999899
11
169.618819000000002
21
-75.6683329999999899
0
LINE
8
BLACK
6
CONTINUOUS
10
168.5712000000000046
20
-75.9064279999999911
11
169.2854849999999942
21
-76.1445229999999924
0
LINE
8
BLACK
6
CONTINUOUS
10
169.2854849999999942
20
-76.1445229999999924
11
169.2854849999999942
21
-75.5254759999999976
0
LINE
8
BLACK
6
CONTINUOUS
10
168.2380949999999871
20
-67.0548189999999948
11
168.2380949999999871
21
-67.8643419999999935
0
LINE
8
BLACK
6
CONTINUOUS
10
168.2380949999999871
20
-67.8643419999999935
11
168.2857139999999845
21
-67.9595800000000025
0
LINE
8
BLACK
6
CONTINUOUS
10
168.2857139999999845
20
-67.9595800000000025
11
168.3333329999999819
21
-68.0071999999999974
0
LINE
8
BLACK
6
CONTINUOUS
10
168.3333329999999819
20
-68.0071999999999974
11
168.4285710000000051
21
-68.0548189999999948
0
LINE
8
BLACK
6
CONTINUOUS
10
168.4285710000000051
20
-68.0548189999999948
11
168.6190469999999948
21
-68.0548189999999948
0
LINE
8
BLACK
6
CONTINUOUS
10
168.6190469999999948
20
-68.0548189999999948
11
168.7142849999999896
21
-68.0071999999999974
0
LINE
8
BLACK
6
CONTINUOUS
10
168.7142849999999896
20
-68.0071999999999974
11
168.761903999999987
21
-67.9595800000000025
0
LINE
8
BLACK
6
CONTINUOUS
10
168.761903999999987
20
-67.9595800000000025
11
168.8095229999999844
21
-67.8643419999999935
0
LINE
8
BLACK
6
CONTINUOUS
10
168.8095229999999844
20
-67.8643419999999935
11
168.8095229999999844
21
-67.0548189999999948
0
LINE
8
BLACK
6
CONTINUOUS
10
169.4285710000000051
20
-67.48339
11
169.3333329999999819
21
-67.4357710000000026
0
LINE
8
BLACK
6
CONTINUOUS
10
169.3333329999999819
20
-67.4357710000000026
11
169.2857139999999845
21
-67.3881519999999909
0
LINE
8
BLACK
6
CONTINUOUS
10
169.2857139999999845
20
-67.3881519999999909
11
169.2380949999999871
21
-67.2929139999999961
0
LINE
8
BLACK
6
CONTINUOUS
10
169.2380949999999871
20
-67.2929139999999961
11
169.2380949999999871
21
-67.2452949999999987
0
LINE
8
BLACK
6
CONTINUOUS
10
169.2380949999999871
20
-67.2452949999999987
11
169.2857139999999845
21
-67.1500570000000039
0
LINE
8
BLACK
6
CONTINUOUS
10
169.2857139999999845
20
-67.1500570000000039
11
169.3333329999999819
21
-67.1024379999999923
0
LINE
8
BLACK
6
CONTINUOUS
10
169.3333329999999819
20
-67.1024379999999923
11
169.4285710000000051
21
-67.0548189999999948
0
LINE
8
BLACK
6
CONTINUOUS
10
169.4285710000000051
20
-67.0548189999999948
11
169.6190469999999948
21
-67.0548189999999948
0
LINE
8
BLACK
6
CONTINUOUS
10
169.6190469999999948
20
-67.0548189999999948
11
169.7142849999999896
21
-67.1024379999999923
0
LINE
8
BLACK
6
CONTINUOUS
10
169.7142849999999896
20
-67.1024379999999923
11
169.761903999999987
21
-67.1500570000000039
0
LINE
8
BLACK
6
CONTINUOUS
10
169.761903999999987
20
-67.1500570000000039
11
169.8095229999999844
21
-67.2452949999999987
0
LINE
8
BLACK
6
CONTINUOUS
10
169.8095229999999844
20
-67.2452949999999987
11
169.8095229999999844
21
-67.2929139999999961
0
LINE
8
BLACK
6
CONTINUOUS
10
169.8095229999999844
20
-67.2929139999999961
11
169.761903999999987
21
-67.3881519999999909
0
LINE
8
BLACK
6
CONTINUOUS
10
169.761903999999987
20
-67.3881519999999909
11
169.7142849999999896
21
-67.4357710000000026
0
LINE
8
BLACK
6
CONTINUOUS
10
169.7142849999999896
20
-67.4357710000000026
11
169.6190469999999948
21
-67.48339
0
LINE
8
BLACK
6
CONTINUOUS
10
169.6190469999999948
20
-67.48339
11
169.4285710000000051
21
-67.48339
0
LINE
8
BLACK
6
CONTINUOUS
10
169.4285710000000051
20
-67.48339
11
169.3333329999999819
21
-67.5310089999999974
0
LINE
8
BLACK
6
CONTINUOUS
10
169.3333329999999819
20
-67.5310089999999974
11
169.2857139999999845
21
-67.5786279999999948
0
LINE
8
BLACK
6
CONTINUOUS
10
169.2857139999999845
20
-67.5786279999999948
11
169.2380949999999871
21
-67.6738660000000039
0
LINE
8
BLACK
6
CONTINUOUS
10
169.2380949999999871
20
-67.6738660000000039
11
169.2380949999999871
21
-67.8643419999999935
0
LINE
8
BLACK
6
CONTINUOUS
10
169.2380949999999871
20
-67.8643419999999935
11
169.2857139999999845
21
-67.9595800000000025
0
LINE
8
BLACK
6
CONTINUOUS
10
169.2857139999999845
20
-67.9595800000000025
11
169.3333329999999819
21
-68.0071999999999974
0
LINE
8
BLACK
6
CONTINUOUS
10
169.3333329999999819
20
-68.0071999999999974
11
169.4285710000000051
21
-68.0548189999999948
0
LINE
8
BLACK
6
CONTINUOUS
10
169.4285710000000051
20
-68.0548189999999948
11
169.6190469999999948
21
-68.0548189999999948
0
LINE
8
BLACK
6
CONTINUOUS
10
169.6190469999999948
20
-68.0548189999999948
11
169.7142849999999896
21
-68.0071999999999974
0
LINE
8
BLACK
6
CONTINUOUS
10
169.7142849999999896
20
-68.0071999999999974
11
169.761903999999987
21
-67.9595800000000025
0
LINE
8
BLACK
6
CONTINUOUS
10
169.761903999999987
20
-67.9595800000000025
11
169.8095229999999844
21
-67.8643419999999935
0
LINE
8
BLACK
6
CONTINUOUS
10
169.8095229999999844
20
-67.8643419999999935
11
169.8095229999999844
21
-67.6738660000000039
0
LINE
8
BLACK
6
CONTINUOUS
10
169.8095229999999844
20
-67.6738660000000039
11
169.761903999999987
21
-67.5786279999999948
0
LINE
8
BLACK
6
CONTINUOUS
10
169.761903999999987
20
-67.5786279999999948
11
169.7142849999999896
21
-67.5310089999999974
0
LINE
8
BLACK
6
CONTINUOUS
10
169.7142849999999896
20
-67.5310089999999974
11
169.6190469999999948
21
-67.48339
0
LINE
8
BLACK
6
CONTINUOUS
10
150.868142000000006
20
-103.6105799999999988
11
150.8205229999999801
21
-103.6581999999999937
0
LINE
8
BLACK
6
CONTINUOUS
10
150.8205229999999801
20
-103.6581999999999937
11
150.6776659999999879
21
-103.7058189999999911
0
LINE
8
BLACK
6
CONTINUOUS
10
150.6776659999999879
20
-103.7058189999999911
11
150.5824279999999931
21
-103.7058189999999911
0
LINE
8
BLACK
6
CONTINUOUS
10
150.5824279999999931
20
-103.7058189999999911
11
150.4395710000000008
21
-103.6581999999999937
0
LINE
8
BLACK
6
CONTINUOUS
10
150.4395710000000008
20
-103.6581999999999937
11
150.344333000000006
21
-103.5629610000000014
0
LINE
8
BLACK
6
CONTINUOUS
10
150.344333000000006
20
-103.5629610000000014
11
150.2967139999999802
21
-103.4677229999999923
0
LINE
8
BLACK
6
CONTINUOUS
10
150.2967139999999802
20
-103.4677229999999923
11
150.2490949999999827
21
-103.2772469999999885
0
LINE
8
BLACK
6
CONTINUOUS
10
150.2490949999999827
20
-103.2772469999999885
11
150.2490949999999827
21
-103.1343899999999962
0
LINE
8
BLACK
6
CONTINUOUS
10
150.2490949999999827
20
-103.1343899999999962
11
150.2967139999999802
21
-102.9439139999999924
0
LINE
8
BLACK
6
CONTINUOUS
10
150.2967139999999802
20
-102.9439139999999924
11
150.344333000000006
21
-102.8486759999999975
0
LINE
8
BLACK
6
CONTINUOUS
10
150.344333000000006
20
-102.8486759999999975
11
150.4395710000000008
21
-102.7534379999999885
0
LINE
8
BLACK
6
CONTINUOUS
10
150.4395710000000008
20
-102.7534379999999885
11
150.5824279999999931
21
-102.7058189999999911
0
LINE
8
BLACK
6
CONTINUOUS
10
150.5824279999999931
20
-102.7058189999999911
11
150.6776659999999879
21
-102.7058189999999911
0
LINE
8
BLACK
6
CONTINUOUS
10
150.6776659999999879
20
-102.7058189999999911
11
150.8205229999999801
21
-102.7534379999999885
0
LINE
8
BLACK
6
CONTINUOUS
10
150.8205229999999801
20
-102.7534379999999885
11
150.868142000000006
21
-102.8010570000000001
0
LINE
8
BLACK
6
CONTINUOUS
10
151.7729039999999827
20
-102.7058189999999911
11
151.2967139999999802
21
-102.7058189999999911
0
LINE
8
BLACK
6
CONTINUOUS
10
151.2967139999999802
20
-102.7058189999999911
11
151.2490949999999827
21
-103.1820089999999936
0
LINE
8
BLACK
6
CONTINUOUS
10
151.2490949999999827
20
-103.1820089999999936
11
151.2967139999999802
21
-103.1343899999999962
0
LINE
8
BLACK
6
CONTINUOUS
10
151.2967139999999802
20
-103.1343899999999962
11
151.3919520000000034
21
-103.0867709999999988
0
LINE
8
BLACK
6
CONTINUOUS
10
151.3919520000000034
20
-103.0867709999999988
11
151.6300469999999905
21
-103.0867709999999988
0
LINE
8
BLACK
6
CONTINUOUS
10
151.6300469999999905
20
-103.0867709999999988
11
151.7252849999999853
21
-103.1343899999999962
0
LINE
8
BLACK
6
CONTINUOUS
10
151.7252849999999853
20
-103.1343899999999962
11
151.7729039999999827
21
-103.1820089999999936
0
LINE
8
BLACK
6
CONTINUOUS
10
151.7729039999999827
20
-103.1820089999999936
11
151.8205229999999801
21
-103.2772469999999885
0
LINE
8
BLACK
6
CONTINUOUS
10
151.8205229999999801
20
-103.2772469999999885
11
151.8205229999999801
21
-103.5153419999999898
0
LINE
8
BLACK
6
CONTINUOUS
10
151.8205229999999801
20
-103.5153419999999898
11
151.7729039999999827
21
-103.6105799999999988
0
LINE
8
BLACK
6
CONTINUOUS
10
151.7729039999999827
20
-103.6105799999999988
11
151.7252849999999853
21
-103.6581999999999937
0
LINE
8
BLACK
6
CONTINUOUS
10
151.7252849999999853
20
-103.6581999999999937
11
151.6300469999999905
21
-103.7058189999999911
0
LINE
8
BLACK
6
CONTINUOUS
10
151.6300469999999905
20
-103.7058189999999911
11
151.3919520000000034
21
-103.7058189999999911
0
LINE
8
BLACK
6
CONTINUOUS
10
151.3919520000000034
20
-103.7058189999999911
11
151.2967139999999802
21
-103.6581999999999937
0
LINE
8
BLACK
6
CONTINUOUS
10
151.2967139999999802
20
-103.6581999999999937
11
151.2490949999999827
21
-103.6105799999999988
0
LINE
8
BLACK
6
CONTINUOUS
10
152.7252849999999853
20
-102.7058189999999911
11
152.2490949999999827
21
-102.7058189999999911
0
LINE
8
BLACK
6
CONTINUOUS
10
152.2490949999999827
20
-102.7058189999999911
11
152.2014759999999853
21
-103.1820089999999936
0
LINE
8
BLACK
6
CONTINUOUS
10
152.2014759999999853
20
-103.1820089999999936
11
152.2490949999999827
21
-103.1343899999999962
0
LINE
8
BLACK
6
CONTINUOUS
10
152.2490949999999827
20
-103.1343899999999962
11
152.344333000000006
21
-103.0867709999999988
0
LINE
8
BLACK
6
CONTINUOUS
10
152.344333000000006
20
-103.0867709999999988
11
152.5824279999999931
21
-103.0867709999999988
0
LINE
8
BLACK
6
CONTINUOUS
10
152.5824279999999931
20
-103.0867709999999988
11
152.6776659999999879
21
-103.1343899999999962
0
LINE
8
BLACK
6
CONTINUOUS
10
152.6776659999999879
20
-103.1343899999999962
11
152.7252849999999853
21
-103.1820089999999936
0
LINE
8
BLACK
6
CONTINUOUS
10
152.7252849999999853
20
-103.1820089999999936
11
152.7729039999999827
21
-103.2772469999999885
0
LINE
8
BLACK
6
CONTINUOUS
10
152.7729039999999827
20
-103.2772469999999885
11
152.7729039999999827
21
-103.5153419999999898
0
LINE
8
BLACK
6
CONTINUOUS
10
152.7729039999999827
20
-103.5153419999999898
11
152.7252849999999853
21
-103.6105799999999988
0
LINE
8
BLACK
6
CONTINUOUS
10
152.7252849999999853
20
-103.6105799999999988
11
152.6776659999999879
21
-103.6581999999999937
0
LINE
8
BLACK
6
CONTINUOUS
10
152.6776659999999879
20
-103.6581999999999937
11
152.5824279999999931
21
-103.7058189999999911
0
LINE
8
BLACK
6
CONTINUOUS
10
152.5824279999999931
20
-103.7058189999999911
11
152.344333000000006
21
-103.7058189999999911
0
LINE
8
BLACK
6
CONTINUOUS
10
152.344333000000006
20
-103.7058189999999911
11
152.2490949999999827
21
-103.6581999999999937
0
LINE
8
BLACK
6
CONTINUOUS
10
152.2490949999999827
20
-103.6581999999999937
11
152.2014759999999853
21
-103.6105799999999988
0
LINE
8
BLACK
6
CONTINUOUS
10
161.6389049999999941
20
-71.7048190000000005
11
161.6389049999999941
21
-72.5143419999999992
0
LINE
8
BLACK
6
CONTINUOUS
10
161.6389049999999941
20
-72.5143419999999992
11
161.6865239999999915
21
-72.609579999999994
0
LINE
8
BLACK
6
CONTINUOUS
10
161.6865239999999915
20
-72.609579999999994
11
161.7341429999999889
21
-72.6572000000000031
0
LINE
8
BLACK
6
CONTINUOUS
10
161.7341429999999889
20
-72.6572000000000031
11
161.8293809999999837
21
-72.7048190000000005
0
LINE
8
BLACK
6
CONTINUOUS
10
161.8293809999999837
20
-72.7048190000000005
11
162.0198570000000018
21
-72.7048190000000005
0
LINE
8
BLACK
6
CONTINUOUS
10
162.0198570000000018
20
-72.7048190000000005
11
162.1150949999999966
21
-72.6572000000000031
0
LINE
8
BLACK
6
CONTINUOUS
10
162.1150949999999966
20
-72.6572000000000031
11
162.162713999999994
21
-72.609579999999994
0
LINE
8
BLACK
6
CONTINUOUS
10
162.162713999999994
20
-72.609579999999994
11
162.2103329999999914
21
-72.5143419999999992
0
LINE
8
BLACK
6
CONTINUOUS
10
162.2103329999999914
20
-72.5143419999999992
11
162.2103329999999914
21
-71.7048190000000005
0
LINE
8
BLACK
6
CONTINUOUS
10
163.2103329999999914
20
-72.7048190000000005
11
162.6389049999999941
21
-72.7048190000000005
0
LINE
8
BLACK
6
CONTINUOUS
10
162.9246189999999785
20
-72.7048190000000005
11
162.9246189999999785
21
-71.7048190000000005
0
LINE
8
BLACK
6
CONTINUOUS
10
162.9246189999999785
20
-71.7048190000000005
11
162.8293809999999837
21
-71.8476759999999928
0
LINE
8
BLACK
6
CONTINUOUS
10
162.8293809999999837
20
-71.8476759999999928
11
162.7341429999999889
21
-71.9429140000000018
0
LINE
8
BLACK
6
CONTINUOUS
10
162.7341429999999889
20
-71.9429140000000018
11
162.6389049999999941
21
-71.9905329999999992
0
LINE
8
BLACK
6
CONTINUOUS
10
163.5912859999999966
20
-71.8000569999999954
11
163.6389049999999941
21
-71.7524379999999979
0
LINE
8
BLACK
6
CONTINUOUS
10
163.6389049999999941
20
-71.7524379999999979
11
163.7341429999999889
21
-71.7048190000000005
0
LINE
8
BLACK
6
CONTINUOUS
10
163.7341429999999889
20
-71.7048190000000005
11
163.9722380000000044
21
-71.7048190000000005
0
LINE
8
BLACK
6
CONTINUOUS
10
163.9722380000000044
20
-71.7048190000000005
11
164.0674759999999992
21
-71.7524379999999979
0
LINE
8
BLACK
6
CONTINUOUS
10
164.0674759999999992
20
-71.7524379999999979
11
164.1150949999999966
21
-71.8000569999999954
0
LINE
8
BLACK
6
CONTINUOUS
10
164.1150949999999966
20
-71.8000569999999954
11
164.162713999999994
21
-71.8952949999999902
0
LINE
8
BLACK
6
CONTINUOUS
10
164.162713999999994
20
-71.8952949999999902
11
164.162713999999994
21
-71.9905329999999992
0
LINE
8
BLACK
6
CONTINUOUS
10
164.162713999999994
20
-71.9905329999999992
11
164.1150949999999966
21
-72.1333899999999915
0
LINE
8
BLACK
6
CONTINUOUS
10
164.1150949999999966
20
-72.1333899999999915
11
163.5436669999999992
21
-72.7048190000000005
0
LINE
8
BLACK
6
CONTINUOUS
10
163.5436669999999992
20
-72.7048190000000005
11
164.162713999999994
21
-72.7048190000000005
0
LINE
8
BLACK
6
CONTINUOUS
10
143.6291420000000016
20
-53.1915799999999948
11
143.5815230000000042
21
-53.2391999999999967
0
LINE
8
BLACK
6
CONTINUOUS
10
143.5815230000000042
20
-53.2391999999999967
11
143.4386659999999836
21
-53.2868189999999942
0
LINE
8
BLACK
6
CONTINUOUS
10
143.4386659999999836
20
-53.2868189999999942
11
143.3434279999999887
21
-53.2868189999999942
0
LINE
8
BLACK
6
CONTINUOUS
10
143.3434279999999887
20
-53.2868189999999942
11
143.2005709999999965
21
-53.2391999999999967
0
LINE
8
BLACK
6
CONTINUOUS
10
143.2005709999999965
20
-53.2391999999999967
11
143.1053330000000017
21
-53.1439609999999973
0
LINE
8
BLACK
6
CONTINUOUS
10
143.1053330000000017
20
-53.1439609999999973
11
143.0577140000000043
21
-53.0487229999999954
0
LINE
8
BLACK
6
CONTINUOUS
10
143.0577140000000043
20
-53.0487229999999954
11
143.0100950000000068
21
-52.8582469999999986
0
LINE
8
BLACK
6
CONTINUOUS
10
143.0100950000000068
20
-52.8582469999999986
11
143.0100950000000068
21
-52.7153899999999993
0
LINE
8
BLACK
6
CONTINUOUS
10
143.0100950000000068
20
-52.7153899999999993
11
143.0577140000000043
21
-52.5249139999999954
0
LINE
8
BLACK
6
CONTINUOUS
10
143.0577140000000043
20
-52.5249139999999954
11
143.1053330000000017
21
-52.4296760000000006
0
LINE
8
BLACK
6
CONTINUOUS
10
143.1053330000000017
20
-52.4296760000000006
11
143.2005709999999965
21
-52.3344379999999987
0
LINE
8
BLACK
6
CONTINUOUS
10
143.2005709999999965
20
-52.3344379999999987
11
143.3434279999999887
21
-52.2868189999999942
0
LINE
8
BLACK
6
CONTINUOUS
10
143.3434279999999887
20
-52.2868189999999942
11
143.4386659999999836
21
-52.2868189999999942
0
LINE
8
BLACK
6
CONTINUOUS
10
143.4386659999999836
20
-52.2868189999999942
11
143.5815230000000042
21
-52.3344379999999987
0
LINE
8
BLACK
6
CONTINUOUS
10
143.5815230000000042
20
-52.3344379999999987
11
143.6291420000000016
21
-52.3820569999999961
0
LINE
8
BLACK
6
CONTINUOUS
10
144.5815230000000042
20
-53.2868189999999942
11
144.0100950000000068
21
-53.2868189999999942
0
LINE
8
BLACK
6
CONTINUOUS
10
144.2958089999999913
20
-53.2868189999999942
11
144.2958089999999913
21
-52.2868189999999942
0
LINE
8
BLACK
6
CONTINUOUS
10
144.2958089999999913
20
-52.2868189999999942
11
144.2005709999999965
21
-52.4296760000000006
0
LINE
8
BLACK
6
CONTINUOUS
10
144.2005709999999965
20
-52.4296760000000006
11
144.1053330000000017
21
-52.5249139999999954
0
LINE
8
BLACK
6
CONTINUOUS
10
144.1053330000000017
20
-52.5249139999999954
11
144.0100950000000068
21
-52.572533
0
LINE
8
BLACK
6
CONTINUOUS
10
145.5339040000000068
20
-53.2868189999999942
11
144.962475999999981
21
-53.2868189999999942
0
LINE
8
BLACK
6
CONTINUOUS
10
145.2481899999999939
20
-53.2868189999999942
11
145.2481899999999939
21
-52.2868189999999942
0
LINE
8
BLACK
6
CONTINUOUS
10
145.2481899999999939
20
-52.2868189999999942
11
145.1529519999999991
21
-52.4296760000000006
0
LINE
8
BLACK
6
CONTINUOUS
10
145.1529519999999991
20
-52.4296760000000006
11
145.0577140000000043
21
-52.5249139999999954
0
LINE
8
BLACK
6
CONTINUOUS
10
145.0577140000000043
20
-52.5249139999999954
11
144.962475999999981
21
-52.572533
0
LINE
8
BLACK
6
CONTINUOUS
10
128.609579999999994
20
-65.3928569999999922
11
128.6571999999999889
21
-65.4404760000000039
0
LINE
8
BLACK
6
CONTINUOUS
10
128.6571999999999889
20
-65.4404760000000039
11
128.7048189999999863
21
-65.5833329999999961
0
LINE
8
BLACK
6
CONTINUOUS
10
128.7048189999999863
20
-65.5833329999999961
11
128.7048189999999863
21
-65.6785709999999909
0
LINE
8
BLACK
6
CONTINUOUS
10
128.7048189999999863
20
-65.6785709999999909
11
128.6571999999999889
21
-65.8214279999999974
0
LINE
8
BLACK
6
CONTINUOUS
10
128.6571999999999889
20
-65.8214279999999974
11
128.5619609999999966
21
-65.9166659999999922
0
LINE
8
BLACK
6
CONTINUOUS
10
128.5619609999999966
20
-65.9166659999999922
11
128.4667230000000018
21
-65.9642850000000038
0
LINE
8
BLACK
6
CONTINUOUS
10
128.4667230000000018
20
-65.9642850000000038
11
128.2762469999999837
21
-66.0119040000000012
0
LINE
8
BLACK
6
CONTINUOUS
10
128.2762469999999837
20
-66.0119040000000012
11
128.1333899999999915
21
-66.0119040000000012
0
LINE
8
BLACK
6
CONTINUOUS
10
128.1333899999999915
20
-66.0119040000000012
11
127.9429139999999876
21
-65.9642850000000038
0
LINE
8
BLACK
6
CONTINUOUS
10
127.9429139999999876
20
-65.9642850000000038
11
127.8476759999999928
21
-65.9166659999999922
0
LINE
8
BLACK
6
CONTINUOUS
10
127.8476759999999928
20
-65.9166659999999922
11
127.7524379999999979
21
-65.8214279999999974
0
LINE
8
BLACK
6
CONTINUOUS
10
127.7524379999999979
20
-65.8214279999999974
11
127.7048190000000005
21
-65.6785709999999909
0
LINE
8
BLACK
6
CONTINUOUS
10
127.7048190000000005
20
-65.6785709999999909
11
127.7048190000000005
21
-65.5833329999999961
0
LINE
8
BLACK
6
CONTINUOUS
10
127.7048190000000005
20
-65.5833329999999961
11
127.7524379999999979
21
-65.4404760000000039
0
LINE
8
BLACK
6
CONTINUOUS
10
127.7524379999999979
20
-65.4404760000000039
11
127.8000569999999954
21
-65.3928569999999922
0
LINE
8
BLACK
6
CONTINUOUS
10
128.0381519999999966
20
-64.5357139999999987
11
128.7048189999999863
21
-64.5357139999999987
0
LINE
8
BLACK
6
CONTINUOUS
10
127.6571999999999889
20
-64.773809
11
128.3714850000000069
21
-65.0119040000000012
0
LINE
8
BLACK
6
CONTINUOUS
10
128.3714850000000069
20
-65.0119040000000012
11
128.3714850000000069
21
-64.3928569999999922
0
LINE
8
BLACK
6
CONTINUOUS
10
127.7048190000000005
20
-63.8214279999999974
11
127.7048190000000005
21
-63.7261899999999955
0
LINE
8
BLACK
6
CONTINUOUS
10
127.7048190000000005
20
-63.7261899999999955
11
127.7524379999999979
21
-63.6309520000000006
0
LINE
8
BLACK
6
CONTINUOUS
10
127.7524379999999979
20
-63.6309520000000006
11
127.8000569999999954
21
-63.5833329999999961
0
LINE
8
BLACK
6
CONTINUOUS
10
127.8000569999999954
20
-63.5833329999999961
11
127.8952949999999902
21
-63.5357139999999987
0
LINE
8
BLACK
6
CONTINUOUS
10
127.8952949999999902
20
-63.5357139999999987
11
128.085770999999994
21
-63.4880949999999942
0
LINE
8
BLACK
6
CONTINUOUS
10
128.085770999999994
20
-63.4880949999999942
11
128.3238659999999811
21
-63.4880949999999942
0
LINE
8
BLACK
6
CONTINUOUS
10
128.3238659999999811
20
-63.4880949999999942
11
128.5143419999999992
21
-63.5357139999999987
0
LINE
8
BLACK
6
CONTINUOUS
10
128.5143419999999992
20
-63.5357139999999987
11
128.609579999999994
21
-63.5833329999999961
0
LINE
8
BLACK
6
CONTINUOUS
10
128.609579999999994
20
-63.5833329999999961
11
128.6571999999999889
21
-63.6309520000000006
0
LINE
8
BLACK
6
CONTINUOUS
10
128.6571999999999889
20
-63.6309520000000006
11
128.7048189999999863
21
-63.7261899999999955
0
LINE
8
BLACK
6
CONTINUOUS
10
128.7048189999999863
20
-63.7261899999999955
11
128.7048189999999863
21
-63.8214279999999974
0
LINE
8
BLACK
6
CONTINUOUS
10
128.7048189999999863
20
-63.8214279999999974
11
128.6571999999999889
21
-63.9166659999999993
0
LINE
8
BLACK
6
CONTINUOUS
10
128.6571999999999889
20
-63.9166659999999993
11
128.609579999999994
21
-63.9642849999999967
0
LINE
8
BLACK
6
CONTINUOUS
10
128.609579999999994
20
-63.9642849999999967
11
128.5143419999999992
21
-64.0119040000000012
0
LINE
8
BLACK
6
CONTINUOUS
10
128.5143419999999992
20
-64.0119040000000012
11
128.3238659999999811
21
-64.0595229999999987
0
LINE
8
BLACK
6
CONTINUOUS
10
128.3238659999999811
20
-64.0595229999999987
11
128.085770999999994
21
-64.0595229999999987
0
LINE
8
BLACK
6
CONTINUOUS
10
128.085770999999994
20
-64.0595229999999987
11
127.8952949999999902
21
-64.0119040000000012
0
LINE
8
BLACK
6
CONTINUOUS
10
127.8952949999999902
20
-64.0119040000000012
11
127.8000569999999954
21
-63.9642849999999967
0
LINE
8
BLACK
6
CONTINUOUS
10
127.8000569999999954
20
-63.9642849999999967
11
127.7524379999999979
21
-63.9166659999999993
0
LINE
8
BLACK
6
CONTINUOUS
10
127.7524379999999979
20
-63.9166659999999993
11
127.7048190000000005
21
-63.8214279999999974
0
LINE
8
BLACK
6
CONTINUOUS
10
156.337095000000005
20
-63.1390689999999992
11
156.337095000000005
21
-63.9485919999999979
0
LINE
8
BLACK
6
CONTINUOUS
10
156.337095000000005
20
-63.9485919999999979
11
156.3847140000000024
21
-64.0438299999999998
0
LINE
8
BLACK
6
CONTINUOUS
10
156.3847140000000024
20
-64.0438299999999998
11
156.4323329999999999
21
-64.0914499999999947
0
LINE
8
BLACK
6
CONTINUOUS
10
156.4323329999999999
20
-64.0914499999999947
11
156.5275709999999947
21
-64.1390689999999921
0
LINE
8
BLACK
6
CONTINUOUS
10
156.5275709999999947
20
-64.1390689999999921
11
156.7180469999999843
21
-64.1390689999999921
0
LINE
8
BLACK
6
CONTINUOUS
10
156.7180469999999843
20
-64.1390689999999921
11
156.8132849999999792
21
-64.0914499999999947
0
LINE
8
BLACK
6
CONTINUOUS
10
156.8132849999999792
20
-64.0914499999999947
11
156.860904000000005
21
-64.0438299999999998
0
LINE
8
BLACK
6
CONTINUOUS
10
156.860904000000005
20
-64.0438299999999998
11
156.9085230000000024
21
-63.9485919999999979
0
LINE
8
BLACK
6
CONTINUOUS
10
156.9085230000000024
20
-63.9485919999999979
11
156.9085230000000024
21
-63.1390689999999992
0
LINE
8
BLACK
6
CONTINUOUS
10
157.2894759999999792
20
-63.1390689999999992
11
157.9561419999999998
21
-63.1390689999999992
0
LINE
8
BLACK
6
CONTINUOUS
10
157.9561419999999998
20
-63.1390689999999992
11
157.5275709999999947
21
-64.1390689999999921
0
LINE
8
BLACK
6
CONTINUOUS
10
160.1321419999999875
20
-80.8905799999999999
11
160.0845229999999901
21
-80.9381999999999948
0
LINE
8
BLACK
6
CONTINUOUS
10
160.0845229999999901
20
-80.9381999999999948
11
159.9416659999999979
21
-80.9858189999999922
0
LINE
8
BLACK
6
CONTINUOUS
10
159.9416659999999979
20
-80.9858189999999922
11
159.8464280000000031
21
-80.9858189999999922
0
LINE
8
BLACK
6
CONTINUOUS
10
159.8464280000000031
20
-80.9858189999999922
11
159.7035709999999824
21
-80.9381999999999948
0
LINE
8
BLACK
6
CONTINUOUS
10
159.7035709999999824
20
-80.9381999999999948
11
159.6083329999999876
21
-80.8429610000000025
0
LINE
8
BLACK
6
CONTINUOUS
10
159.6083329999999876
20
-80.8429610000000025
11
159.5607139999999902
21
-80.7477229999999935
0
LINE
8
BLACK
6
CONTINUOUS
10
159.5607139999999902
20
-80.7477229999999935
11
159.5130949999999928
21
-80.5572469999999896
0
LINE
8
BLACK
6
CONTINUOUS
10
159.5130949999999928
20
-80.5572469999999896
11
159.5130949999999928
21
-80.4143899999999974
0
LINE
8
BLACK
6
CONTINUOUS
10
159.5130949999999928
20
-80.4143899999999974
11
159.5607139999999902
21
-80.2239139999999935
0
LINE
8
BLACK
6
CONTINUOUS
10
159.5607139999999902
20
-80.2239139999999935
11
159.6083329999999876
21
-80.1286759999999987
0
LINE
8
BLACK
6
CONTINUOUS
10
159.6083329999999876
20
-80.1286759999999987
11
159.7035709999999824
21
-80.0334379999999896
0
LINE
8
BLACK
6
CONTINUOUS
10
159.7035709999999824
20
-80.0334379999999896
11
159.8464280000000031
21
-79.9858189999999922
0
LINE
8
BLACK
6
CONTINUOUS
10
159.8464280000000031
20
-79.9858189999999922
11
159.9416659999999979
21
-79.9858189999999922
0
LINE
8
BLACK
6
CONTINUOUS
10
159.9416659999999979
20
-79.9858189999999922
11
160.0845229999999901
21
-80.0334379999999896
0
LINE
8
BLACK
6
CONTINUOUS
10
160.0845229999999901
20
-80.0334379999999896
11
160.1321419999999875
21
-80.0810570000000013
0
LINE
8
BLACK
6
CONTINUOUS
10
160.9892849999999953
20
-80.3191520000000025
11
160.9892849999999953
21
-80.9858189999999922
0
LINE
8
BLACK
6
CONTINUOUS
10
160.7511899999999798
20
-79.9381999999999948
11
160.5130949999999928
21
-80.6524849999999986
0
LINE
8
BLACK
6
CONTINUOUS
10
160.5130949999999928
20
-80.6524849999999986
11
161.1321419999999875
21
-80.6524849999999986
0
LINE
8
BLACK
6
CONTINUOUS
10
161.9416659999999979
20
-80.3191520000000025
11
161.9416659999999979
21
-80.9858189999999922
0
LINE
8
BLACK
6
CONTINUOUS
10
161.7035709999999824
20
-79.9381999999999948
11
161.4654759999999953
21
-80.6524849999999986
0
LINE
8
BLACK
6
CONTINUOUS
10
161.4654759999999953
20
-80.6524849999999986
11
162.0845229999999901
21
-80.6524849999999986
0
LINE
8
BLACK
6
CONTINUOUS
10
142.4408190000000047
20
-57.5388570000000001
11
141.9646280000000047
21
-57.8721899999999962
0
LINE
8
BLACK
6
CONTINUOUS
10
142.4408190000000047
20
-58.1102849999999975
11
141.4408190000000047
21
-58.1102849999999975
0
LINE
8
BLACK
6
CONTINUOUS
10
141.4408190000000047
20
-58.1102849999999975
11
141.4408190000000047
21
-57.7293329999999969
0
LINE
8
BLACK
6
CONTINUOUS
10
141.4408190000000047
20
-57.7293329999999969
11
141.4884380000000021
21
-57.634094999999995
0
LINE
8
BLACK
6
CONTINUOUS
10
141.4884380000000021
20
-57.634094999999995
11
141.5360569999999996
21
-57.5864759999999976
0
LINE
8
BLACK
6
CONTINUOUS
10
141.5360569999999996
20
-57.5864759999999976
11
141.6312949999999944
21
-57.5388570000000001
0
LINE
8
BLACK
6
CONTINUOUS
10
141.6312949999999944
20
-57.5388570000000001
11
141.7741519999999866
21
-57.5388570000000001
0
LINE
8
BLACK
6
CONTINUOUS
10
141.7741519999999866
20
-57.5388570000000001
11
141.8693899999999815
21
-57.5864759999999976
0
LINE
8
BLACK
6
CONTINUOUS
10
141.8693899999999815
20
-57.5864759999999976
11
141.9170090000000073
21
-57.634094999999995
0
LINE
8
BLACK
6
CONTINUOUS
10
141.9170090000000073
20
-57.634094999999995
11
141.9646280000000047
21
-57.7293329999999969
0
LINE
8
BLACK
6
CONTINUOUS
10
141.9646280000000047
20
-57.7293329999999969
11
141.9646280000000047
21
-58.1102849999999975
0
LINE
8
BLACK
6
CONTINUOUS
10
141.5360569999999996
20
-57.1579039999999949
11
141.4884380000000021
21
-57.1102849999999975
0
LINE
8
BLACK
6
CONTINUOUS
10
141.4884380000000021
20
-57.1102849999999975
11
141.4408190000000047
21
-57.0150469999999956
0
LINE
8
BLACK
6
CONTINUOUS
10
141.4408190000000047
20
-57.0150469999999956
11
141.4408190000000047
21
-56.7769519999999943
0
LINE
8
BLACK
6
CONTINUOUS
10
141.4408190000000047
20
-56.7769519999999943
11
141.4884380000000021
21
-56.6817139999999995
0
LINE
8
BLACK
6
CONTINUOUS
10
141.4884380000000021
20
-56.6817139999999995
11
141.5360569999999996
21
-56.634094999999995
0
LINE
8
BLACK
6
CONTINUOUS
10
141.5360569999999996
20
-56.634094999999995
11
141.6312949999999944
21
-56.5864759999999976
0
LINE
8
BLACK
6
CONTINUOUS
10
141.6312949999999944
20
-56.5864759999999976
11
141.7265329999999892
21
-56.5864759999999976
0
LINE
8
BLACK
6
CONTINUOUS
10
141.7265329999999892
20
-56.5864759999999976
11
141.8693899999999815
21
-56.634094999999995
0
LINE
8
BLACK
6
CONTINUOUS
10
141.8693899999999815
20
-56.634094999999995
11
142.4408190000000047
21
-57.2055229999999995
0
LINE
8
BLACK
6
CONTINUOUS
10
142.4408190000000047
20
-57.2055229999999995
11
142.4408190000000047
21
-56.5864759999999976
0
LINE
8
BLACK
6
CONTINUOUS
10
141.4408190000000047
20
-55.9674279999999982
11
141.4408190000000047
21
-55.8721899999999962
0
LINE
8
BLACK
6
CONTINUOUS
10
141.4408190000000047
20
-55.8721899999999962
11
141.4884380000000021
21
-55.7769519999999943
0
LINE
8
BLACK
6
CONTINUOUS
10
141.4884380000000021
20
-55.7769519999999943
11
141.5360569999999996
21
-55.7293329999999969
0
LINE
8
BLACK
6
CONTINUOUS
10
141.5360569999999996
20
-55.7293329999999969
11
141.6312949999999944
21
-55.6817139999999995
0
LINE
8
BLACK
6
CONTINUOUS
10
141.6312949999999944
20
-55.6817139999999995
11
141.821770999999984
21
-55.634094999999995
0
LINE
8
BLACK
6
CONTINUOUS
10
141.821770999999984
20
-55.634094999999995
11
142.0598659999999995
21
-55.634094999999995
0
LINE
8
BLACK
6
CONTINUOUS
10
142.0598659999999995
20
-55.634094999999995
11
142.2503419999999892
21
-55.6817139999999995
0
LINE
8
BLACK
6
CONTINUOUS
10
142.2503419999999892
20
-55.6817139999999995
11
142.345579999999984
21
-55.7293329999999969
0
LINE
8
BLACK
6
CONTINUOUS
10
142.345579999999984
20
-55.7293329999999969
11
142.3932000000000073
21
-55.7769519999999943
0
LINE
8
BLACK
6
CONTINUOUS
10
142.3932000000000073
20
-55.7769519999999943
11
142.4408190000000047
21
-55.8721899999999962
0
LINE
8
BLACK
6
CONTINUOUS
10
142.4408190000000047
20
-55.8721899999999962
11
142.4408190000000047
21
-55.9674279999999982
0
LINE
8
BLACK
6
CONTINUOUS
10
142.4408190000000047
20
-55.9674279999999982
11
142.3932000000000073
21
-56.0626660000000001
0
LINE
8
BLACK
6
CONTINUOUS
10
142.3932000000000073
20
-56.0626660000000001
11
142.345579999999984
21
-56.1102849999999975
0
LINE
8
BLACK
6
CONTINUOUS
10
142.345579999999984
20
-56.1102849999999975
11
142.2503419999999892
21
-56.1579039999999949
0
LINE
8
BLACK
6
CONTINUOUS
10
142.2503419999999892
20
-56.1579039999999949
11
142.0598659999999995
21
-56.2055229999999995
0
LINE
8
BLACK
6
CONTINUOUS
10
142.0598659999999995
20
-56.2055229999999995
11
141.821770999999984
21
-56.2055229999999995
0
LINE
8
BLACK
6
CONTINUOUS
10
141.821770999999984
20
-56.2055229999999995
11
141.6312949999999944
21
-56.1579039999999949
0
LINE
8
BLACK
6
CONTINUOUS
10
141.6312949999999944
20
-56.1579039999999949
11
141.5360569999999996
21
-56.1102849999999975
0
LINE
8
BLACK
6
CONTINUOUS
10
141.5360569999999996
20
-56.1102849999999975
11
141.4884380000000021
21
-56.0626660000000001
0
LINE
8
BLACK
6
CONTINUOUS
10
141.4884380000000021
20
-56.0626660000000001
11
141.4408190000000047
21
-55.9674279999999982
0
LINE
8
BLACK
6
CONTINUOUS
10
135.5011419999999873
20
-67.0345799999999912
11
135.4535229999999899
21
-67.0822000000000003
0
LINE
8
BLACK
6
CONTINUOUS
10
135.4535229999999899
20
-67.0822000000000003
11
135.3106659999999977
21
-67.1298189999999977
0
LINE
8
BLACK
6
CONTINUOUS
10
135.3106659999999977
20
-67.1298189999999977
11
135.2154280000000028
21
-67.1298189999999977
0
LINE
8
BLACK
6
CONTINUOUS
10
135.2154280000000028
20
-67.1298189999999977
11
135.0725709999999822
21
-67.0822000000000003
0
LINE
8
BLACK
6
CONTINUOUS
10
135.0725709999999822
20
-67.0822000000000003
11
134.9773329999999874
21
-66.9869609999999938
0
LINE
8
BLACK
6
CONTINUOUS
10
134.9773329999999874
20
-66.9869609999999938
11
134.9297139999999899
21
-66.8917229999999989
0
LINE
8
BLACK
6
CONTINUOUS
10
134.9297139999999899
20
-66.8917229999999989
11
134.8820949999999925
21
-66.7012469999999951
0
LINE
8
BLACK
6
CONTINUOUS
10
134.8820949999999925
20
-66.7012469999999951
11
134.8820949999999925
21
-66.5583900000000028
0
LINE
8
BLACK
6
CONTINUOUS
10
134.8820949999999925
20
-66.5583900000000028
11
134.9297139999999899
21
-66.367913999999999
0
LINE
8
BLACK
6
CONTINUOUS
10
134.9297139999999899
20
-66.367913999999999
11
134.9773329999999874
21
-66.2726759999999899
0
LINE
8
BLACK
6
CONTINUOUS
10
134.9773329999999874
20
-66.2726759999999899
11
135.0725709999999822
21
-66.1774379999999951
0
LINE
8
BLACK
6
CONTINUOUS
10
135.0725709999999822
20
-66.1774379999999951
11
135.2154280000000028
21
-66.1298189999999977
0
LINE
8
BLACK
6
CONTINUOUS
10
135.2154280000000028
20
-66.1298189999999977
11
135.3106659999999977
21
-66.1298189999999977
0
LINE
8
BLACK
6
CONTINUOUS
10
135.3106659999999977
20
-66.1298189999999977
11
135.4535229999999899
21
-66.1774379999999951
0
LINE
8
BLACK
6
CONTINUOUS
10
135.4535229999999899
20
-66.1774379999999951
11
135.5011419999999873
21
-66.2250569999999925
0
LINE
8
BLACK
6
CONTINUOUS
10
135.8344759999999951
20
-66.1298189999999977
11
136.4535229999999899
21
-66.1298189999999977
0
LINE
8
BLACK
6
CONTINUOUS
10
136.4535229999999899
20
-66.1298189999999977
11
136.120190000000008
21
-66.5107709999999912
0
LINE
8
BLACK
6
CONTINUOUS
10
136.120190000000008
20
-66.5107709999999912
11
136.2630470000000003
21
-66.5107709999999912
0
LINE
8
BLACK
6
CONTINUOUS
10
136.2630470000000003
20
-66.5107709999999912
11
136.3582849999999951
21
-66.5583900000000028
0
LINE
8
BLACK
6
CONTINUOUS
10
136.3582849999999951
20
-66.5583900000000028
11
136.4059039999999925
21
-66.6060090000000002
0
LINE
8
BLACK
6
CONTINUOUS
10
136.4059039999999925
20
-66.6060090000000002
11
136.4535229999999899
21
-66.7012469999999951
0
LINE
8
BLACK
6
CONTINUOUS
10
136.4535229999999899
20
-66.7012469999999951
11
136.4535229999999899
21
-66.9393419999999963
0
LINE
8
BLACK
6
CONTINUOUS
10
136.4535229999999899
20
-66.9393419999999963
11
136.4059039999999925
21
-67.0345799999999912
0
LINE
8
BLACK
6
CONTINUOUS
10
136.4059039999999925
20
-67.0345799999999912
11
136.3582849999999951
21
-67.0822000000000003
0
LINE
8
BLACK
6
CONTINUOUS
10
136.3582849999999951
20
-67.0822000000000003
11
136.2630470000000003
21
-67.1298189999999977
0
LINE
8
BLACK
6
CONTINUOUS
10
136.2630470000000003
20
-67.1298189999999977
11
135.9773329999999874
21
-67.1298189999999977
0
LINE
8
BLACK
6
CONTINUOUS
10
135.9773329999999874
20
-67.1298189999999977
11
135.8820949999999925
21
-67.0822000000000003
0
LINE
8
BLACK
6
CONTINUOUS
10
135.8820949999999925
20
-67.0822000000000003
11
135.8344759999999951
21
-67.0345799999999912
0
LINE
8
BLACK
6
CONTINUOUS
10
137.0249519999999848
20
-66.5583900000000028
11
136.9297139999999899
21
-66.5107709999999912
0
LINE
8
BLACK
6
CONTINUOUS
10
136.9297139999999899
20
-66.5107709999999912
11
136.8820949999999925
21
-66.4631519999999938
0
LINE
8
BLACK
6
CONTINUOUS
10
136.8820949999999925
20
-66.4631519999999938
11
136.8344759999999951
21
-66.367913999999999
0
LINE
8
BLACK
6
CONTINUOUS
10
136.8344759999999951
20
-66.367913999999999
11
136.8344759999999951
21
-66.3202950000000016
0
LINE
8
BLACK
6
CONTINUOUS
10
136.8344759999999951
20
-66.3202950000000016
11
136.8820949999999925
21
-66.2250569999999925
0
LINE
8
BLACK
6
CONTINUOUS
10
136.8820949999999925
20
-66.2250569999999925
11
136.9297139999999899
21
-66.1774379999999951
0
LINE
8
BLACK
6
CONTINUOUS
10
136.9297139999999899
20
-66.1774379999999951
11
137.0249519999999848
21
-66.1298189999999977
0
LINE
8
BLACK
6
CONTINUOUS
10
137.0249519999999848
20
-66.1298189999999977
11
137.2154280000000028
21
-66.1298189999999977
0
LINE
8
BLACK
6
CONTINUOUS
10
137.2154280000000028
20
-66.1298189999999977
11
137.3106659999999977
21
-66.1774379999999951
0
LINE
8
BLACK
6
CONTINUOUS
10
137.3106659999999977
20
-66.1774379999999951
11
137.3582849999999951
21
-66.2250569999999925
0
LINE
8
BLACK
6
CONTINUOUS
10
137.3582849999999951
20
-66.2250569999999925
11
137.4059039999999925
21
-66.3202950000000016
0
LINE
8
BLACK
6
CONTINUOUS
10
137.4059039999999925
20
-66.3202950000000016
11
137.4059039999999925
21
-66.367913999999999
0
LINE
8
BLACK
6
CONTINUOUS
10
137.4059039999999925
20
-66.367913999999999
11
137.3582849999999951
21
-66.4631519999999938
0
LINE
8
BLACK
6
CONTINUOUS
10
137.3582849999999951
20
-66.4631519999999938
11
137.3106659999999977
21
-66.5107709999999912
0
LINE
8
BLACK
6
CONTINUOUS
10
137.3106659999999977
20
-66.5107709999999912
11
137.2154280000000028
21
-66.5583900000000028
0
LINE
8
BLACK
6
CONTINUOUS
10
137.2154280000000028
20
-66.5583900000000028
11
137.0249519999999848
21
-66.5583900000000028
0
LINE
8
BLACK
6
CONTINUOUS
10
137.0249519999999848
20
-66.5583900000000028
11
136.9297139999999899
21
-66.6060090000000002
0
LINE
8
BLACK
6
CONTINUOUS
10
136.9297139999999899
20
-66.6060090000000002
11
136.8820949999999925
21
-66.6536279999999977
0
LINE
8
BLACK
6
CONTINUOUS
10
136.8820949999999925
20
-66.6536279999999977
11
136.8344759999999951
21
-66.7488659999999925
0
LINE
8
BLACK
6
CONTINUOUS
10
136.8344759999999951
20
-66.7488659999999925
11
136.8344759999999951
21
-66.9393419999999963
0
LINE
8
BLACK
6
CONTINUOUS
10
136.8344759999999951
20
-66.9393419999999963
11
136.8820949999999925
21
-67.0345799999999912
0
LINE
8
BLACK
6
CONTINUOUS
10
136.8820949999999925
20
-67.0345799999999912
11
136.9297139999999899
21
-67.0822000000000003
0
LINE
8
BLACK
6
CONTINUOUS
10
136.9297139999999899
20
-67.0822000000000003
11
137.0249519999999848
21
-67.1298189999999977
0
LINE
8
BLACK
6
CONTINUOUS
10
137.0249519999999848
20
-67.1298189999999977
11
137.2154280000000028
21
-67.1298189999999977
0
LINE
8
BLACK
6
CONTINUOUS
10
137.2154280000000028
20
-67.1298189999999977
11
137.3106659999999977
21
-67.0822000000000003
0
LINE
8
BLACK
6
CONTINUOUS
10
137.3106659999999977
20
-67.0822000000000003
11
137.3582849999999951
21
-67.0345799999999912
0
LINE
8
BLACK
6
CONTINUOUS
10
137.3582849999999951
20
-67.0345799999999912
11
137.4059039999999925
21
-66.9393419999999963
0
LINE
8
BLACK
6
CONTINUOUS
10
137.4059039999999925
20
-66.9393419999999963
11
137.4059039999999925
21
-66.7488659999999925
0
LINE
8
BLACK
6
CONTINUOUS
10
137.4059039999999925
20
-66.7488659999999925
11
137.3582849999999951
21
-66.6536279999999977
0
LINE
8
BLACK
6
CONTINUOUS
10
137.3582849999999951
20
-66.6536279999999977
11
137.3106659999999977
21
-66.6060090000000002
0
LINE
8
BLACK
6
CONTINUOUS
10
137.3106659999999977
20
-66.6060090000000002
11
137.2154280000000028
21
-66.5583900000000028
0
LINE
8
BLACK
6
CONTINUOUS
10
145.2801419999999837
20
-105.3885799999999904
11
145.2325229999999863
21
-105.4361999999999995
0
LINE
8
BLACK
6
CONTINUOUS
10
145.2325229999999863
20
-105.4361999999999995
11
145.089665999999994
21
-105.4838189999999969
0
LINE
8
BLACK
6
CONTINUOUS
10
145.089665999999994
20
-105.4838189999999969
11
144.9944279999999992
21
-105.4838189999999969
0
LINE
8
BLACK
6
CONTINUOUS
10
144.9944279999999992
20
-105.4838189999999969
11
144.851571000000007
21
-105.4361999999999995
0
LINE
8
BLACK
6
CONTINUOUS
10
144.851571000000007
20
-105.4361999999999995
11
144.7563329999999837
21
-105.340960999999993
0
LINE
8
BLACK
6
CONTINUOUS
10
144.7563329999999837
20
-105.340960999999993
11
144.7087139999999863
21
-105.2457229999999981
0
LINE
8
BLACK
6
CONTINUOUS
10
144.7087139999999863
20
-105.2457229999999981
11
144.6610949999999889
21
-105.0552469999999943
0
LINE
8
BLACK
6
CONTINUOUS
10
144.6610949999999889
20
-105.0552469999999943
11
144.6610949999999889
21
-104.912390000000002
0
LINE
8
BLACK
6
CONTINUOUS
10
144.6610949999999889
20
-104.912390000000002
11
144.7087139999999863
21
-104.7219139999999982
0
LINE
8
BLACK
6
CONTINUOUS
10
144.7087139999999863
20
-104.7219139999999982
11
144.7563329999999837
21
-104.6266759999999891
0
LINE
8
BLACK
6
CONTINUOUS
10
144.7563329999999837
20
-104.6266759999999891
11
144.851571000000007
21
-104.5314379999999943
0
LINE
8
BLACK
6
CONTINUOUS
10
144.851571000000007
20
-104.5314379999999943
11
144.9944279999999992
21
-104.4838189999999969
0
LINE
8
BLACK
6
CONTINUOUS
10
144.9944279999999992
20
-104.4838189999999969
11
145.089665999999994
21
-104.4838189999999969
0
LINE
8
BLACK
6
CONTINUOUS
10
145.089665999999994
20
-104.4838189999999969
11
145.2325229999999863
21
-104.5314379999999943
0
LINE
8
BLACK
6
CONTINUOUS
10
145.2325229999999863
20
-104.5314379999999943
11
145.2801419999999837
21
-104.5790569999999917
0
LINE
8
BLACK
6
CONTINUOUS
10
145.6134759999999915
20
-104.4838189999999969
11
146.2325229999999863
21
-104.4838189999999969
0
LINE
8
BLACK
6
CONTINUOUS
10
146.2325229999999863
20
-104.4838189999999969
11
145.8991900000000044
21
-104.8647709999999904
0
LINE
8
BLACK
6
CONTINUOUS
10
145.8991900000000044
20
-104.8647709999999904
11
146.0420469999999966
21
-104.8647709999999904
0
LINE
8
BLACK
6
CONTINUOUS
10
146.0420469999999966
20
-104.8647709999999904
11
146.1372849999999914
21
-104.912390000000002
0
LINE
8
BLACK
6
CONTINUOUS
10
146.1372849999999914
20
-104.912390000000002
11
146.1849039999999889
21
-104.9600089999999994
0
LINE
8
BLACK
6
CONTINUOUS
10
146.1849039999999889
20
-104.9600089999999994
11
146.2325229999999863
21
-105.0552469999999943
0
LINE
8
BLACK
6
CONTINUOUS
10
146.2325229999999863
20
-105.0552469999999943
11
146.2325229999999863
21
-105.2933419999999956
0
LINE
8
BLACK
6
CONTINUOUS
10
146.2325229999999863
20
-105.2933419999999956
11
146.1849039999999889
21
-105.3885799999999904
0
LINE
8
BLACK
6
CONTINUOUS
10
146.1849039999999889
20
-105.3885799999999904
11
146.1372849999999914
21
-105.4361999999999995
0
LINE
8
BLACK
6
CONTINUOUS
10
146.1372849999999914
20
-105.4361999999999995
11
146.0420469999999966
21
-105.4838189999999969
0
LINE
8
BLACK
6
CONTINUOUS
10
146.0420469999999966
20
-105.4838189999999969
11
145.7563329999999837
21
-105.4838189999999969
0
LINE
8
BLACK
6
CONTINUOUS
10
145.7563329999999837
20
-105.4838189999999969
11
145.6610949999999889
21
-105.4361999999999995
0
LINE
8
BLACK
6
CONTINUOUS
10
145.6610949999999889
20
-105.4361999999999995
11
145.6134759999999915
21
-105.3885799999999904
0
LINE
8
BLACK
6
CONTINUOUS
10
147.089665999999994
20
-104.817151999999993
11
147.089665999999994
21
-105.4838189999999969
0
LINE
8
BLACK
6
CONTINUOUS
10
146.851571000000007
20
-104.4361999999999995
11
146.6134759999999915
21
-105.1504849999999891
0
LINE
8
BLACK
6
CONTINUOUS
10
146.6134759999999915
20
-105.1504849999999891
11
147.2325229999999863
21
-105.1504849999999891
0
LINE
8
BLACK
6
CONTINUOUS
10
145.7048189999999863
20
-87.431904000000003
11
146.5143419999999992
21
-87.431904000000003
0
LINE
8
BLACK
6
CONTINUOUS
10
146.5143419999999992
20
-87.431904000000003
11
146.609579999999994
21
-87.3842849999999913
0
LINE
8
BLACK
6
CONTINUOUS
10
146.609579999999994
20
-87.3842849999999913
11
146.6571999999999889
21
-87.3366659999999939
0
LINE
8
BLACK
6
CONTINUOUS
10
146.6571999999999889
20
-87.3366659999999939
11
146.7048189999999863
21
-87.2414279999999991
0
LINE
8
BLACK
6
CONTINUOUS
10
146.7048189999999863
20
-87.2414279999999991
11
146.7048189999999863
21
-87.0509519999999952
0
LINE
8
BLACK
6
CONTINUOUS
10
146.7048189999999863
20
-87.0509519999999952
11
146.6571999999999889
21
-86.9557140000000004
0
LINE
8
BLACK
6
CONTINUOUS
10
146.6571999999999889
20
-86.9557140000000004
11
146.609579999999994
21
-86.908095000000003
0
LINE
8
BLACK
6
CONTINUOUS
10
146.609579999999994
20
-86.908095000000003
11
146.5143419999999992
21
-86.8604759999999914
0
LINE
8
BLACK
6
CONTINUOUS
10
146.5143419999999992
20
-86.8604759999999914
11
145.7048189999999863
21
-86.8604759999999914
0
LINE
8
BLACK
6
CONTINUOUS
10
146.7048189999999863
20
-86.3366659999999939
11
146.7048189999999863
21
-86.1461899999999901
0
LINE
8
BLACK
6
CONTINUOUS
10
146.7048189999999863
20
-86.1461899999999901
11
146.6571999999999889
21
-86.0509519999999952
0
LINE
8
BLACK
6
CONTINUOUS
10
146.6571999999999889
20
-86.0509519999999952
11
146.609579999999994
21
-86.0033329999999978
0
LINE
8
BLACK
6
CONTINUOUS
10
146.609579999999994
20
-86.0033329999999978
11
146.4667230000000018
21
-85.908095000000003
0
LINE
8
BLACK
6
CONTINUOUS
10
146.4667230000000018
20
-85.908095000000003
11
146.2762469999999837
21
-85.8604759999999914
0
LINE
8
BLACK
6
CONTINUOUS
10
146.2762469999999837
20
-85.8604759999999914
11
145.8952950000000044
21
-85.8604759999999914
0
LINE
8
BLACK
6
CONTINUOUS
10
145.8952950000000044
20
-85.8604759999999914
11
145.8000569999999811
21
-85.908095000000003
0
LINE
8
BLACK
6
CONTINUOUS
10
145.8000569999999811
20
-85.908095000000003
11
145.7524379999999837
21
-85.9557140000000004
0
LINE
8
BLACK
6
CONTINUOUS
10
145.7524379999999837
20
-85.9557140000000004
11
145.7048189999999863
21
-86.0509519999999952
0
LINE
8
BLACK
6
CONTINUOUS
10
145.7048189999999863
20
-86.0509519999999952
11
145.7048189999999863
21
-86.2414279999999991
0
LINE
8
BLACK
6
CONTINUOUS
10
145.7048189999999863
20
-86.2414279999999991
11
145.7524379999999837
21
-86.3366659999999939
0
LINE
8
BLACK
6
CONTINUOUS
10
145.7524379999999837
20
-86.3366659999999939
11
145.8000569999999811
21
-86.3842849999999913
0
LINE
8
BLACK
6
CONTINUOUS
10
145.8000569999999811
20
-86.3842849999999913
11
145.8952950000000044
21
-86.431904000000003
0
LINE
8
BLACK
6
CONTINUOUS
10
145.8952950000000044
20
-86.431904000000003
11
146.1333899999999915
21
-86.431904000000003
0
LINE
8
BLACK
6
CONTINUOUS
10
146.1333899999999915
20
-86.431904000000003
11
146.2286279999999863
21
-86.3842849999999913
0
LINE
8
BLACK
6
CONTINUOUS
10
146.2286279999999863
20
-86.3842849999999913
11
146.2762469999999837
21
-86.3366659999999939
0
LINE
8
BLACK
6
CONTINUOUS
10
146.2762469999999837
20
-86.3366659999999939
11
146.3238659999999811
21
-86.2414279999999991
0
LINE
8
BLACK
6
CONTINUOUS
10
146.3238659999999811
20
-86.2414279999999991
11
146.3238659999999811
21
-86.0509519999999952
0
LINE
8
BLACK
6
CONTINUOUS
10
146.3238659999999811
20
-86.0509519999999952
11
146.2762469999999837
21
-85.9557140000000004
0
LINE
8
BLACK
6
CONTINUOUS
10
146.2762469999999837
20
-85.9557140000000004
11
146.2286279999999863
21
-85.908095000000003
0
LINE
8
BLACK
6
CONTINUOUS
10
146.2286279999999863
20
-85.908095000000003
11
146.1333899999999915
21
-85.8604759999999914
0
LINE
8
BLACK
6
CONTINUOUS
10
158.6015799999999842
20
-89.6698569999999933
11
158.6491999999999791
21
-89.7174759999999907
0
LINE
8
BLACK
6
CONTINUOUS
10
158.6491999999999791
20
-89.7174759999999907
11
158.696819000000005
21
-89.8603329999999971
0
LINE
8
BLACK
6
CONTINUOUS
10
158.696819000000005
20
-89.8603329999999971
11
158.696819000000005
21
-89.955570999999992
0
LINE
8
BLACK
6
CONTINUOUS
10
158.696819000000005
20
-89.955570999999992
11
158.6491999999999791
21
-90.0984279999999984
0
LINE
8
BLACK
6
CONTINUOUS
10
158.6491999999999791
20
-90.0984279999999984
11
158.5539609999999868
21
-90.1936659999999932
0
LINE
8
BLACK
6
CONTINUOUS
10
158.5539609999999868
20
-90.1936659999999932
11
158.458722999999992
21
-90.2412849999999906
0
LINE
8
BLACK
6
CONTINUOUS
10
158.458722999999992
20
-90.2412849999999906
11
158.2682470000000023
21
-90.2889040000000023
0
LINE
8
BLACK
6
CONTINUOUS
10
158.2682470000000023
20
-90.2889040000000023
11
158.1253899999999817
21
-90.2889040000000023
0
LINE
8
BLACK
6
CONTINUOUS
10
158.1253899999999817
20
-90.2889040000000023
11
157.934913999999992
21
-90.2412849999999906
0
LINE
8
BLACK
6
CONTINUOUS
10
157.934913999999992
20
-90.2412849999999906
11
157.8396759999999972
21
-90.1936659999999932
0
LINE
8
BLACK
6
CONTINUOUS
10
157.8396759999999972
20
-90.1936659999999932
11
157.7444380000000024
21
-90.0984279999999984
0
LINE
8
BLACK
6
CONTINUOUS
10
157.7444380000000024
20
-90.0984279999999984
11
157.696819000000005
21
-89.955570999999992
0
LINE
8
BLACK
6
CONTINUOUS
10
157.696819000000005
20
-89.955570999999992
11
157.696819000000005
21
-89.8603329999999971
0
LINE
8
BLACK
6
CONTINUOUS
10
157.696819000000005
20
-89.8603329999999971
11
157.7444380000000024
21
-89.7174759999999907
0
LINE
8
BLACK
6
CONTINUOUS
10
157.7444380000000024
20
-89.7174759999999907
11
157.7920569999999998
21
-89.6698569999999933
0
LINE
8
BLACK
6
CONTINUOUS
10
158.0301519999999869
20
-88.8127139999999997
11
158.696819000000005
21
-88.8127139999999997
0
LINE
8
BLACK
6
CONTINUOUS
10
157.6491999999999791
20
-89.050809000000001
11
158.3634849999999972
21
-89.2889040000000023
0
LINE
8
BLACK
6
CONTINUOUS
10
158.3634849999999972
20
-89.2889040000000023
11
158.3634849999999972
21
-88.6698569999999933
0
LINE
8
BLACK
6
CONTINUOUS
10
158.696819000000005
20
-88.2412849999999906
11
158.696819000000005
21
-88.050809000000001
0
LINE
8
BLACK
6
CONTINUOUS
10
158.696819000000005
20
-88.050809000000001
11
158.6491999999999791
21
-87.955570999999992
0
LINE
8
BLACK
6
CONTINUOUS
10
158.6491999999999791
20
-87.955570999999992
11
158.6015799999999842
21
-87.9079519999999945
0
LINE
8
BLACK
6
CONTINUOUS
10
158.6015799999999842
20
-87.9079519999999945
11
158.458722999999992
21
-87.8127139999999997
0
LINE
8
BLACK
6
CONTINUOUS
10
158.458722999999992
20
-87.8127139999999997
11
158.2682470000000023
21
-87.7650950000000023
0
LINE
8
BLACK
6
CONTINUOUS
10
158.2682470000000023
20
-87.7650950000000023
11
157.8872949999999946
21
-87.7650950000000023
0
LINE
8
BLACK
6
CONTINUOUS
10
157.8872949999999946
20
-87.7650950000000023
11
157.7920569999999998
21
-87.8127139999999997
0
LINE
8
BLACK
6
CONTINUOUS
10
157.7920569999999998
20
-87.8127139999999997
11
157.7444380000000024
21
-87.8603329999999971
0
LINE
8
BLACK
6
CONTINUOUS
10
157.7444380000000024
20
-87.8603329999999971
11
157.696819000000005
21
-87.955570999999992
0
LINE
8
BLACK
6
CONTINUOUS
10
157.696819000000005
20
-87.955570999999992
11
157.696819000000005
21
-88.1460469999999958
0
LINE
8
BLACK
6
CONTINUOUS
10
157.696819000000005
20
-88.1460469999999958
11
157.7444380000000024
21
-88.2412849999999906
0
LINE
8
BLACK
6
CONTINUOUS
10
157.7444380000000024
20
-88.2412849999999906
11
157.7920569999999998
21
-88.2889040000000023
0
LINE
8
BLACK
6
CONTINUOUS
10
157.7920569999999998
20
-88.2889040000000023
11
157.8872949999999946
21
-88.3365229999999997
0
LINE
8
BLACK
6
CONTINUOUS
10
157.8872949999999946
20
-88.3365229999999997
11
158.1253899999999817
21
-88.3365229999999997
0
LINE
8
BLACK
6
CONTINUOUS
10
158.1253899999999817
20
-88.3365229999999997
11
158.2206280000000049
21
-88.2889040000000023
0
LINE
8
BLACK
6
CONTINUOUS
10
158.2206280000000049
20
-88.2889040000000023
11
158.2682470000000023
21
-88.2412849999999906
0
LINE
8
BLACK
6
CONTINUOUS
10
158.2682470000000023
20
-88.2412849999999906
11
158.3158659999999998
21
-88.1460469999999958
0
LINE
8
BLACK
6
CONTINUOUS
10
158.3158659999999998
20
-88.1460469999999958
11
158.3158659999999998
21
-87.955570999999992
0
LINE
8
BLACK
6
CONTINUOUS
10
158.3158659999999998
20
-87.955570999999992
11
158.2682470000000023
21
-87.8603329999999971
0
LINE
8
BLACK
6
CONTINUOUS
10
158.2682470000000023
20
-87.8603329999999971
11
158.2206280000000049
21
-87.8127139999999997
0
LINE
8
BLACK
6
CONTINUOUS
10
158.2206280000000049
20
-87.8127139999999997
11
158.1253899999999817
21
-87.7650950000000023
0
LINE
8
BLACK
6
CONTINUOUS
10
163.8221419999999853
20
-61.4148189999999943
11
163.4888090000000034
21
-60.9386279999999942
0
LINE
8
BLACK
6
CONTINUOUS
10
163.2507139999999879
20
-61.4148189999999943
11
163.2507139999999879
21
-60.4148189999999943
0
LINE
8
BLACK
6
CONTINUOUS
10
163.2507139999999879
20
-60.4148189999999943
11
163.6316659999999956
21
-60.4148189999999943
0
LINE
8
BLACK
6
CONTINUOUS
10
163.6316659999999956
20
-60.4148189999999943
11
163.7269039999999904
21
-60.4624379999999988
0
LINE
8
BLACK
6
CONTINUOUS
10
163.7269039999999904
20
-60.4624379999999988
11
163.7745229999999879
21
-60.5100569999999962
0
LINE
8
BLACK
6
CONTINUOUS
10
163.7745229999999879
20
-60.5100569999999962
11
163.8221419999999853
21
-60.6052949999999981
0
LINE
8
BLACK
6
CONTINUOUS
10
163.8221419999999853
20
-60.6052949999999981
11
163.8221419999999853
21
-60.7481519999999975
0
LINE
8
BLACK
6
CONTINUOUS
10
163.8221419999999853
20
-60.7481519999999975
11
163.7745229999999879
21
-60.8433899999999994
0
LINE
8
BLACK
6
CONTINUOUS
10
163.7745229999999879
20
-60.8433899999999994
11
163.7269039999999904
21
-60.8910089999999968
0
LINE
8
BLACK
6
CONTINUOUS
10
163.7269039999999904
20
-60.8910089999999968
11
163.6316659999999956
21
-60.9386279999999942
0
LINE
8
BLACK
6
CONTINUOUS
10
163.6316659999999956
20
-60.9386279999999942
11
163.2507139999999879
21
-60.9386279999999942
0
LINE
8
BLACK
6
CONTINUOUS
10
164.2030949999999905
20
-60.5100569999999962
11
164.2507139999999879
21
-60.4624379999999988
0
LINE
8
BLACK
6
CONTINUOUS
10
164.2507139999999879
20
-60.4624379999999988
11
164.3459519999999827
21
-60.4148189999999943
0
LINE
8
BLACK
6
CONTINUOUS
10
164.3459519999999827
20
-60.4148189999999943
11
164.5840469999999982
21
-60.4148189999999943
0
LINE
8
BLACK
6
CONTINUOUS
10
164.5840469999999982
20
-60.4148189999999943
11
164.679284999999993
21
-60.4624379999999988
0
LINE
8
BLACK
6
CONTINUOUS
10
164.679284999999993
20
-60.4624379999999988
11
164.7269039999999904
21
-60.5100569999999962
0
LINE
8
BLACK
6
CONTINUOUS
10
164.7269039999999904
20
-60.5100569999999962
11
164.7745229999999879
21
-60.6052949999999981
0
LINE
8
BLACK
6
CONTINUOUS
10
164.7745229999999879
20
-60.6052949999999981
11
164.7745229999999879
21
-60.7005330000000001
0
LINE
8
BLACK
6
CONTINUOUS
10
164.7745229999999879
20
-60.7005330000000001
11
164.7269039999999904
21
-60.8433899999999994
0
LINE
8
BLACK
6
CONTINUOUS
10
164.7269039999999904
20
-60.8433899999999994
11
164.1554759999999931
21
-61.4148189999999943
0
LINE
8
BLACK
6
CONTINUOUS
10
164.1554759999999931
20
-61.4148189999999943
11
164.7745229999999879
21
-61.4148189999999943
0
LINE
8
BLACK
6
CONTINUOUS
10
165.6316659999999956
20
-60.7481519999999975
11
165.6316659999999956
21
-61.4148189999999943
0
LINE
8
BLACK
6
CONTINUOUS
10
165.3935709999999801
20
-60.3671999999999969
11
165.1554759999999931
21
-61.0814850000000007
0
LINE
8
BLACK
6
CONTINUOUS
10
165.1554759999999931
20
-61.0814850000000007
11
165.7745229999999879
21
-61.0814850000000007
0
LINE
8
BLACK
6
CONTINUOUS
10
170.3311039999999821
20
-84.4672849999999897
11
170.3692000000000064
21
-84.5053809999999999
0
LINE
8
BLACK
6
CONTINUOUS
10
170.3692000000000064
20
-84.5053809999999999
11
170.4072950000000048
21
-84.6196659999999952
0
LINE
8
BLACK
6
CONTINUOUS
10
170.4072950000000048
20
-84.6196659999999952
11
170.4072950000000048
21
-84.6958569999999895
0
LINE
8
BLACK
6
CONTINUOUS
10
170.4072950000000048
20
-84.6958569999999895
11
170.3692000000000064
21
-84.8101429999999965
0
LINE
8
BLACK
6
CONTINUOUS
10
170.3692000000000064
20
-84.8101429999999965
11
170.2930089999999836
21
-84.8863329999999934
0
LINE
8
BLACK
6
CONTINUOUS
10
170.2930089999999836
20
-84.8863329999999934
11
170.2168189999999868
21
-84.9244279999999918
0
LINE
8
BLACK
6
CONTINUOUS
10
170.2168189999999868
20
-84.9244279999999918
11
170.0644379999999956
21
-84.9625240000000019
0
LINE
8
BLACK
6
CONTINUOUS
10
170.0644379999999956
20
-84.9625240000000019
11
169.9501520000000028
21
-84.9625240000000019
0
LINE
8
BLACK
6
CONTINUOUS
10
169.9501520000000028
20
-84.9625240000000019
11
169.7977709999999831
21
-84.9244279999999918
0
LINE
8
BLACK
6
CONTINUOUS
10
169.7977709999999831
20
-84.9244279999999918
11
169.7215799999999888
21
-84.8863329999999934
0
LINE
8
BLACK
6
CONTINUOUS
10
169.7215799999999888
20
-84.8863329999999934
11
169.6453899999999919
21
-84.8101429999999965
0
LINE
8
BLACK
6
CONTINUOUS
10
169.6453899999999919
20
-84.8101429999999965
11
169.6072949999999935
21
-84.6958569999999895
0
LINE
8
BLACK
6
CONTINUOUS
10
169.6072949999999935
20
-84.6958569999999895
11
169.6072949999999935
21
-84.6196659999999952
0
LINE
8
BLACK
6
CONTINUOUS
10
169.6072949999999935
20
-84.6196659999999952
11
169.6453899999999919
21
-84.5053809999999999
0
LINE
8
BLACK
6
CONTINUOUS
10
169.6453899999999919
20
-84.5053809999999999
11
169.6834849999999904
21
-84.4672849999999897
0
LINE
8
BLACK
6
CONTINUOUS
10
169.87396099999998
20
-83.7815709999999996
11
170.4072950000000048
21
-83.7815709999999996
0
LINE
8
BLACK
6
CONTINUOUS
10
169.569199999999995
20
-83.9720469999999892
11
170.1406279999999924
21
-84.1625239999999906
0
LINE
8
BLACK
6
CONTINUOUS
10
170.1406279999999924
20
-84.1625239999999906
11
170.1406279999999924
21
-83.6672849999999926
0
LINE
8
BLACK
6
CONTINUOUS
10
169.6072949999999935
20
-83.0196660000000008
11
169.6072949999999935
21
-83.1720469999999921
0
LINE
8
BLACK
6
CONTINUOUS
10
169.6072949999999935
20
-83.1720469999999921
11
169.6453899999999919
21
-83.2482380000000006
0
LINE
8
BLACK
6
CONTINUOUS
10
169.6453899999999919
20
-83.2482380000000006
11
169.6834849999999904
21
-83.2863329999999991
0
LINE
8
BLACK
6
CONTINUOUS
10
169.6834849999999904
20
-83.2863329999999991
11
169.7977709999999831
21
-83.3625229999999959
0
LINE
8
BLACK
6
CONTINUOUS
10
169.7977709999999831
20
-83.3625229999999959
11
169.9501520000000028
21
-83.4006189999999918
0
LINE
8
BLACK
6
CONTINUOUS
10
169.9501520000000028
20
-83.4006189999999918
11
170.2549139999999852
21
-83.4006189999999918
0
LINE
8
BLACK
6
CONTINUOUS
10
170.2549139999999852
20
-83.4006189999999918
11
170.3311039999999821
21
-83.3625229999999959
0
LINE
8
BLACK
6
CONTINUOUS
10
170.3311039999999821
20
-83.3625229999999959
11
170.3692000000000064
21
-83.3244279999999975
0
LINE
8
BLACK
6
CONTINUOUS
10
170.3692000000000064
20
-83.3244279999999975
11
170.4072950000000048
21
-83.2482380000000006
0
LINE
8
BLACK
6
CONTINUOUS
10
170.4072950000000048
20
-83.2482380000000006
11
170.4072950000000048
21
-83.0958569999999952
0
LINE
8
BLACK
6
CONTINUOUS
10
170.4072950000000048
20
-83.0958569999999952
11
170.3692000000000064
21
-83.0196660000000008
0
LINE
8
BLACK
6
CONTINUOUS
10
170.3692000000000064
20
-83.0196660000000008
11
170.3311039999999821
21
-82.9815710000000024
0
LINE
8
BLACK
6
CONTINUOUS
10
170.3311039999999821
20
-82.9815710000000024
11
170.2549139999999852
21
-82.9434759999999898
0
LINE
8
BLACK
6
CONTINUOUS
10
170.2549139999999852
20
-82.9434759999999898
11
170.0644379999999956
21
-82.9434759999999898
0
LINE
8
BLACK
6
CONTINUOUS
10
170.0644379999999956
20
-82.9434759999999898
11
169.9882470000000012
21
-82.9815710000000024
0
LINE
8
BLACK
6
CONTINUOUS
10
169.9882470000000012
20
-82.9815710000000024
11
169.9501520000000028
21
-83.0196660000000008
0
LINE
8
BLACK
6
CONTINUOUS
10
169.9501520000000028
20
-83.0196660000000008
11
169.9120570000000043
21
-83.0958569999999952
0
LINE
8
BLACK
6
CONTINUOUS
10
169.9120570000000043
20
-83.0958569999999952
11
169.9120570000000043
21
-83.2482380000000006
0
LINE
8
BLACK
6
CONTINUOUS
10
169.9120570000000043
20
-83.2482380000000006
11
169.9501520000000028
21
-83.3244279999999975
0
LINE
8
BLACK
6
CONTINUOUS
10
169.9501520000000028
20
-83.3244279999999975
11
169.9882470000000012
21
-83.3625229999999959
0
LINE
8
BLACK
6
CONTINUOUS
10
169.9882470000000012
20
-83.3625229999999959
11
170.0644379999999956
21
-83.4006189999999918
0
LINE
8
BLACK
6
CONTINUOUS
10
131.6039049999999975
20
-70.5748189999999909
11
131.6039049999999975
21
-71.3843420000000037
0
LINE
8
BLACK
6
CONTINUOUS
10
131.6039049999999975
20
-71.3843420000000037
11
131.6515239999999949
21
-71.4795799999999986
0
LINE
8
BLACK
6
CONTINUOUS
10
131.6515239999999949
20
-71.4795799999999986
11
131.6991429999999923
21
-71.5271999999999935
0
LINE
8
BLACK
6
CONTINUOUS
10
131.6991429999999923
20
-71.5271999999999935
11
131.7943809999999871
21
-71.5748189999999909
0
LINE
8
BLACK
6
CONTINUOUS
10
131.7943809999999871
20
-71.5748189999999909
11
131.9848570000000052
21
-71.5748189999999909
0
LINE
8
BLACK
6
CONTINUOUS
10
131.9848570000000052
20
-71.5748189999999909
11
132.080095
21
-71.5271999999999935
0
LINE
8
BLACK
6
CONTINUOUS
10
132.080095
20
-71.5271999999999935
11
132.1277139999999974
21
-71.4795799999999986
0
LINE
8
BLACK
6
CONTINUOUS
10
132.1277139999999974
20
-71.4795799999999986
11
132.1753329999999949
21
-71.3843420000000037
0
LINE
8
BLACK
6
CONTINUOUS
10
132.1753329999999949
20
-71.3843420000000037
11
132.1753329999999949
21
-70.5748189999999909
0
LINE
8
BLACK
6
CONTINUOUS
10
133.1753329999999949
20
-71.5748189999999909
11
132.6039049999999975
21
-71.5748189999999909
0
LINE
8
BLACK
6
CONTINUOUS
10
132.889618999999982
20
-71.5748189999999909
11
132.889618999999982
21
-70.5748189999999909
0
LINE
8
BLACK
6
CONTINUOUS
10
132.889618999999982
20
-70.5748189999999909
11
132.7943809999999871
21
-70.7176759999999973
0
LINE
8
BLACK
6
CONTINUOUS
10
132.7943809999999871
20
-70.7176759999999973
11
132.6991429999999923
21
-70.8129139999999921
0
LINE
8
BLACK
6
CONTINUOUS
10
132.6991429999999923
20
-70.8129139999999921
11
132.6039049999999975
21
-70.8605330000000038
0
LINE
8
BLACK
6
CONTINUOUS
10
133.7943809999999871
20
-70.5748189999999909
11
133.889618999999982
21
-70.5748189999999909
0
LINE
8
BLACK
6
CONTINUOUS
10
133.889618999999982
20
-70.5748189999999909
11
133.9848570000000052
21
-70.6224380000000025
0
LINE
8
BLACK
6
CONTINUOUS
10
133.9848570000000052
20
-70.6224380000000025
11
134.0324760000000026
21
-70.6700569999999999
0
LINE
8
BLACK
6
CONTINUOUS
10
134.0324760000000026
20
-70.6700569999999999
11
134.080095
21
-70.7652949999999947
0
LINE
8
BLACK
6
CONTINUOUS
10
134.080095
20
-70.7652949999999947
11
134.1277139999999974
21
-70.9557709999999986
0
LINE
8
BLACK
6
CONTINUOUS
10
134.1277139999999974
20
-70.9557709999999986
11
134.1277139999999974
21
-71.1938659999999999
0
LINE
8
BLACK
6
CONTINUOUS
10
134.1277139999999974
20
-71.1938659999999999
11
134.080095
21
-71.3843420000000037
0
LINE
8
BLACK
6
CONTINUOUS
10
134.080095
20
-71.3843420000000037
11
134.0324760000000026
21
-71.4795799999999986
0
LINE
8
BLACK
6
CONTINUOUS
10
134.0324760000000026
20
-71.4795799999999986
11
133.9848570000000052
21
-71.5271999999999935
0
LINE
8
BLACK
6
CONTINUOUS
10
133.9848570000000052
20
-71.5271999999999935
11
133.889618999999982
21
-71.5748189999999909
0
LINE
8
BLACK
6
CONTINUOUS
10
133.889618999999982
20
-71.5748189999999909
11
133.7943809999999871
21
-71.5748189999999909
0
LINE
8
BLACK
6
CONTINUOUS
10
133.7943809999999871
20
-71.5748189999999909
11
133.6991429999999923
21
-71.5271999999999935
0
LINE
8
BLACK
6
CONTINUOUS
10
133.6991429999999923
20
-71.5271999999999935
11
133.6515239999999949
21
-71.4795799999999986
0
LINE
8
BLACK
6
CONTINUOUS
10
133.6515239999999949
20
-71.4795799999999986
11
133.6039049999999975
21
-71.3843420000000037
0
LINE
8
BLACK
6
CONTINUOUS
10
133.6039049999999975
20
-71.3843420000000037
11
133.5562860000000001
21
-71.1938659999999999
0
LINE
8
BLACK
6
CONTINUOUS
10
133.5562860000000001
20
-71.1938659999999999
11
133.5562860000000001
21
-70.9557709999999986
0
LINE
8
BLACK
6
CONTINUOUS
10
133.5562860000000001
20
-70.9557709999999986
11
133.6039049999999975
21
-70.7652949999999947
0
LINE
8
BLACK
6
CONTINUOUS
10
133.6039049999999975
20
-70.7652949999999947
11
133.6515239999999949
21
-70.6700569999999999
0
LINE
8
BLACK
6
CONTINUOUS
10
133.6515239999999949
20
-70.6700569999999999
11
133.6991429999999923
21
-70.6224380000000025
0
LINE
8
BLACK
6
CONTINUOUS
10
133.6991429999999923
20
-70.6224380000000025
11
133.7943809999999871
21
-70.5748189999999909
0
LINE
8
BLACK
6
CONTINUOUS
10
137.2655799999999999
20
-74.6838570000000033
11
137.3131999999999948
21
-74.7314760000000007
0
LINE
8
BLACK
6
CONTINUOUS
10
137.3131999999999948
20
-74.7314760000000007
11
137.3608189999999922
21
-74.8743329999999929
0
LINE
8
BLACK
6
CONTINUOUS
10
137.3608189999999922
20
-74.8743329999999929
11
137.3608189999999922
21
-74.969571000000002
0
LINE
8
BLACK
6
CONTINUOUS
10
137.3608189999999922
20
-74.969571000000002
11
137.3131999999999948
21
-75.1124279999999942
0
LINE
8
BLACK
6
CONTINUOUS
10
137.3131999999999948
20
-75.1124279999999942
11
137.2179610000000025
21
-75.2076660000000032
0
LINE
8
BLACK
6
CONTINUOUS
10
137.2179610000000025
20
-75.2076660000000032
11
137.1227230000000077
21
-75.2552850000000007
0
LINE
8
BLACK
6
CONTINUOUS
10
137.1227230000000077
20
-75.2552850000000007
11
136.9322469999999896
21
-75.3029039999999981
0
LINE
8
BLACK
6
CONTINUOUS
10
136.9322469999999896
20
-75.3029039999999981
11
136.7893899999999974
21
-75.3029039999999981
0
LINE
8
BLACK
6
CONTINUOUS
10
136.7893899999999974
20
-75.3029039999999981
11
136.5989140000000077
21
-75.2552850000000007
0
LINE
8
BLACK
6
CONTINUOUS
10
136.5989140000000077
20
-75.2552850000000007
11
136.5036759999999845
21
-75.2076660000000032
0
LINE
8
BLACK
6
CONTINUOUS
10
136.5036759999999845
20
-75.2076660000000032
11
136.4084379999999896
21
-75.1124279999999942
0
LINE
8
BLACK
6
CONTINUOUS
10
136.4084379999999896
20
-75.1124279999999942
11
136.3608189999999922
21
-74.969571000000002
0
LINE
8
BLACK
6
CONTINUOUS
10
136.3608189999999922
20
-74.969571000000002
11
136.3608189999999922
21
-74.8743329999999929
0
LINE
8
BLACK
6
CONTINUOUS
10
136.3608189999999922
20
-74.8743329999999929
11
136.4084379999999896
21
-74.7314760000000007
0
LINE
8
BLACK
6
CONTINUOUS
10
136.4084379999999896
20
-74.7314760000000007
11
136.4560569999999871
21
-74.6838570000000033
0
LINE
8
BLACK
6
CONTINUOUS
10
136.3608189999999922
20
-74.3505229999999955
11
136.3608189999999922
21
-73.7314760000000007
0
LINE
8
BLACK
6
CONTINUOUS
10
136.3608189999999922
20
-73.7314760000000007
11
136.741771
21
-74.0648089999999968
0
LINE
8
BLACK
6
CONTINUOUS
10
136.741771
20
-74.0648089999999968
11
136.741771
21
-73.9219519999999903
0
LINE
8
BLACK
6
CONTINUOUS
10
136.741771
20
-73.9219519999999903
11
136.7893899999999974
21
-73.8267139999999955
0
LINE
8
BLACK
6
CONTINUOUS
10
136.7893899999999974
20
-73.8267139999999955
11
136.8370089999999948
21
-73.7790949999999981
0
LINE
8
BLACK
6
CONTINUOUS
10
136.8370089999999948
20
-73.7790949999999981
11
136.9322469999999896
21
-73.7314760000000007
0
LINE
8
BLACK
6
CONTINUOUS
10
136.9322469999999896
20
-73.7314760000000007
11
137.1703420000000051
21
-73.7314760000000007
0
LINE
8
BLACK
6
CONTINUOUS
10
137.1703420000000051
20
-73.7314760000000007
11
137.2655799999999999
21
-73.7790949999999981
0
LINE
8
BLACK
6
CONTINUOUS
10
137.2655799999999999
20
-73.7790949999999981
11
137.3131999999999948
21
-73.8267139999999955
0
LINE
8
BLACK
6
CONTINUOUS
10
137.3131999999999948
20
-73.8267139999999955
11
137.3608189999999922
21
-73.9219519999999903
0
LINE
8
BLACK
6
CONTINUOUS
10
137.3608189999999922
20
-73.9219519999999903
11
137.3608189999999922
21
-74.2076660000000032
0
LINE
8
BLACK
6
CONTINUOUS
10
137.3608189999999922
20
-74.2076660000000032
11
137.3131999999999948
21
-74.3029039999999981
0
LINE
8
BLACK
6
CONTINUOUS
10
137.3131999999999948
20
-74.3029039999999981
11
137.2655799999999999
21
-74.3505229999999955
0
LINE
8
BLACK
6
CONTINUOUS
10
136.3608189999999922
20
-73.3981419999999929
11
136.3608189999999922
21
-72.7314760000000007
0
LINE
8
BLACK
6
CONTINUOUS
10
136.3608189999999922
20
-72.7314760000000007
11
137.3608189999999922
21
-73.1600469999999916
0
LINE
8
BLACK
6
CONTINUOUS
10
148.3547240000000045
20
-53.5225000000000009
11
147.8452759999999842
21
-53.5225000000000009
0
LINE
8
BLACK
6
CONTINUOUS
10
148.3547240000000045
20
-52.4774999999999991
11
147.8452759999999842
21
-52.4774999999999991
0
LINE
8
BLACK
6
CONTINUOUS
10
157.4199999999999875
20
-109.0259999999999962
11
157.4199999999999875
21
-107.695999999999998
0
LINE
8
BLACK
6
CONTINUOUS
10
158.75
20
-109.0259999999999962
11
157.4199999999999875
21
-109.0259999999999962
0
LINE
8
BLACK
6
CONTINUOUS
10
160.0199999999999818
20
-106.3659999999999997
11
167.6999999999999886
21
-106.3659999999999997
0
LINE
8
BLACK
6
CONTINUOUS
10
160.0199999999999818
20
-109.0259999999999962
11
160.0199999999999818
21
-106.3659999999999997
0
LINE
8
BLACK
6
CONTINUOUS
10
160.0199999999999818
20
-109.0259999999999962
11
167.6999999999999886
21
-109.0259999999999962
0
LINE
8
BLACK
6
CONTINUOUS
10
167.6999999999999886
20
-109.0259999999999962
11
167.6999999999999886
21
-106.3659999999999997
0
LINE
8
BLACK
6
CONTINUOUS
10
122.5229360000000014
20
-68.2650000000000006
11
122.9770639999999986
21
-68.2650000000000006
0
LINE
8
BLACK
6
CONTINUOUS
10
122.5229360000000014
20
-69.7349999999999994
11
122.9770639999999986
21
-69.7349999999999994
0
LINE
8
BLACK
6
CONTINUOUS
10
147.8179999999999836
20
-54.0090000000000003
11
147.8179999999999836
21
-58.2590000000000003
0
LINE
8
BLACK
6
CONTINUOUS
10
147.8179999999999836
20
-58.2590000000000003
11
152.9180000000000064
21
-58.2590000000000003
0
LINE
8
BLACK
6
CONTINUOUS
10
165.5199999999999818
20
-101.6219999999999999
11
165.5199999999999818
21
-104.8819999999999908
0
LINE
8
BLACK
6
CONTINUOUS
10
167.2199999999999989
20
-101.6219999999999999
11
165.5199999999999818
21
-101.6219999999999999
0
LINE
8
BLACK
6
CONTINUOUS
10
167.2199999999999989
20
-101.6219999999999999
11
167.2199999999999989
21
-104.8819999999999908
0
LINE
8
BLACK
6
CONTINUOUS
10
136.5257239999999967
20
-77.6774999999999949
11
136.0162760000000048
21
-77.6774999999999949
0
LINE
8
BLACK
6
CONTINUOUS
10
136.5257239999999967
20
-78.7224999999999966
11
136.0162760000000048
21
-78.7224999999999966
0
LINE
8
BLACK
6
CONTINUOUS
10
148.194500000000005
20
-59.8162759999999949
11
148.194500000000005
21
-60.3257239999999939
0
LINE
8
BLACK
6
CONTINUOUS
10
149.2394999999999925
20
-59.8162759999999949
11
149.2394999999999925
21
-60.3257239999999939
0
LINE
8
BLACK
6
CONTINUOUS
10
143.
20
-56.7247330000000005
11
143.
21
-57.067266999999994
0
LINE
8
BLACK
6
CONTINUOUS
10
144.0199999999999818
20
-56.7247330000000005
11
144.0199999999999818
21
-57.067266999999994
0
LINE
8
BLACK
6
CONTINUOUS
10
160.3899999999999864
20
-56.0999999999999943
11
160.3899999999999864
21
-55.2999999999999972
0
LINE
8
BLACK
6
CONTINUOUS
10
160.3899999999999864
20
-56.0999999999999943
11
160.3899999999999864
21
-56.8999999999999986
0
LINE
8
BLACK
6
CONTINUOUS
10
163.6099999999999852
20
-57.0999999999999943
11
163.6099999999999852
21
-55.2999999999999972
0
LINE
8
BLACK
6
CONTINUOUS
10
160.1303240000000017
20
-57.1045669999999959
11
160.1329609999999946
21
-57.1045669999999959
0
LINE
8
BLACK
6
CONTINUOUS
10
160.1329609999999946
20
-57.1045669999999959
11
160.1352219999999988
21
-57.1068280000000001
0
LINE
8
BLACK
6
CONTINUOUS
10
160.1352219999999988
20
-57.1068280000000001
11
160.1452899999999886
21
-57.1114759999999961
0
LINE
8
BLACK
6
CONTINUOUS
10
160.1452899999999886
20
-57.1114759999999961
11
160.4752900000000011
21
-57.3514759999999981
0
LINE
8
BLACK
6
CONTINUOUS
10
160.4752900000000011
20
-57.3514759999999981
11
160.4911730000000034
21
-57.3686739999999986
0
LINE
8
BLACK
6
CONTINUOUS
10
160.4911730000000034
20
-57.3686739999999986
11
160.4926739999999938
21
-57.3781800000000004
0
LINE
8
BLACK
6
CONTINUOUS
10
160.4926739999999938
20
-57.3781800000000004
11
160.4983359999999948
21
-57.3859649999999988
0
LINE
8
BLACK
6
CONTINUOUS
10
160.4983359999999948
20
-57.3859649999999988
11
160.4961189999999931
21
-57.3999999999999986
0
LINE
8
BLACK
6
CONTINUOUS
10
160.4961189999999931
20
-57.3999999999999986
11
160.4983359999999948
21
-57.4140349999999984
0
LINE
8
BLACK
6
CONTINUOUS
10
160.4983359999999948
20
-57.4140349999999984
11
160.4926739999999938
21
-57.4218189999999993
0
LINE
8
BLACK
6
CONTINUOUS
10
160.4926739999999938
20
-57.4218189999999993
11
160.4911730000000034
21
-57.4313259999999985
0
LINE
8
BLACK
6
CONTINUOUS
10
160.4911730000000034
20
-57.4313259999999985
11
160.4752900000000011
21
-57.448523999999999
0
LINE
8
BLACK
6
CONTINUOUS
10
160.4752900000000011
20
-57.448523999999999
11
160.1452899999999886
21
-57.6885239999999939
0
LINE
8
BLACK
6
CONTINUOUS
10
160.1452899999999886
20
-57.6885239999999939
11
160.1352219999999988
21
-57.6931709999999995
0
LINE
8
BLACK
6
CONTINUOUS
10
160.1352219999999988
20
-57.6931709999999995
11
160.1329609999999946
21
-57.6954329999999942
0
LINE
8
BLACK
6
CONTINUOUS
10
160.1329609999999946
20
-57.6954329999999942
11
160.1303240000000017
21
-57.6954329999999942
0
LINE
8
BLACK
6
CONTINUOUS
10
160.1303240000000017
20
-57.6954329999999942
11
160.1240349999999921
21
-57.6983359999999976
0
LINE
8
BLACK
6
CONTINUOUS
10
160.1240349999999921
20
-57.6983359999999976
11
160.1056489999999997
21
-57.6954329999999942
0
LINE
8
BLACK
6
CONTINUOUS
10
160.1056489999999997
20
-57.6954329999999942
11
160.0870390000000043
21
-57.6954329999999942
0
LINE
8
BLACK
6
CONTINUOUS
10
160.0870390000000043
20
-57.6954329999999942
11
160.083549000000005
21
-57.6919429999999949
0
LINE
8
BLACK
6
CONTINUOUS
10
160.083549000000005
20
-57.6919429999999949
11
160.0786740000000066
21
-57.6911739999999966
0
LINE
8
BLACK
6
CONTINUOUS
10
160.0786740000000066
20
-57.6911739999999966
11
160.0677239999999983
21
-57.6761179999999953
0
LINE
8
BLACK
6
CONTINUOUS
10
160.0677239999999983
20
-57.6761179999999953
11
160.0545669999999916
21
-57.6629609999999957
0
LINE
8
BLACK
6
CONTINUOUS
10
160.0545669999999916
20
-57.6629609999999957
11
160.0532159999999919
21
-57.6561689999999984
0
LINE
8
BLACK
6
CONTINUOUS
10
160.0532159999999919
20
-57.6561689999999984
11
160.0516639999999882
21
-57.6540350000000004
0
LINE
8
BLACK
6
CONTINUOUS
10
160.0516639999999882
20
-57.6540350000000004
11
160.0521619999999814
21
-57.6508739999999946
0
LINE
8
BLACK
6
CONTINUOUS
10
160.0521619999999814
20
-57.6508739999999946
11
160.0499999999999829
21
-57.6400000000000006
0
LINE
8
BLACK
6
CONTINUOUS
10
160.0499999999999829
20
-57.6400000000000006
11
160.0499999999999829
21
-57.1599999999999966
0
LINE
8
BLACK
6
CONTINUOUS
10
160.0499999999999829
20
-57.1599999999999966
11
160.0521619999999814
21
-57.149124999999998
0
LINE
8
BLACK
6
CONTINUOUS
10
160.0521619999999814
20
-57.149124999999998
11
160.0516639999999882
21
-57.1459649999999968
0
LINE
8
BLACK
6
CONTINUOUS
10
160.0516639999999882
20
-57.1459649999999968
11
160.0532159999999919
21
-57.1438299999999941
0
LINE
8
BLACK
6
CONTINUOUS
10
160.0532159999999919
20
-57.1438299999999941
11
160.0545669999999916
21
-57.1370389999999944
0
LINE
8
BLACK
6
CONTINUOUS
10
160.0545669999999916
20
-57.1370389999999944
11
160.0677239999999983
21
-57.1238809999999972
0
LINE
8
BLACK
6
CONTINUOUS
10
160.0677239999999983
20
-57.1238809999999972
11
160.0786740000000066
21
-57.1088260000000005
0
LINE
8
BLACK
6
CONTINUOUS
10
160.0786740000000066
20
-57.1088260000000005
11
160.083549000000005
21
-57.1080559999999977
0
LINE
8
BLACK
6
CONTINUOUS
10
160.083549000000005
20
-57.1080559999999977
11
160.0870390000000043
21
-57.1045669999999959
0
LINE
8
BLACK
6
CONTINUOUS
10
160.0870390000000043
20
-57.1045669999999959
11
160.1056489999999997
21
-57.1045669999999959
0
LINE
8
BLACK
6
CONTINUOUS
10
160.1056489999999997
20
-57.1045669999999959
11
160.1240349999999921
21
-57.1016639999999995
0
LINE
8
BLACK
6
CONTINUOUS
10
160.1240349999999921
20
-57.1016639999999995
11
160.1303240000000017
21
-57.1045669999999959
0
LINE
8
BLACK
6
CONTINUOUS
10
164.2090000000000032
20
-93.4912669999999935
11
164.2090000000000032
21
-93.1987329999999901
0
LINE
8
BLACK
6
CONTINUOUS
10
165.228999999999985
20
-93.4912669999999935
11
165.228999999999985
21
-93.1987329999999901
0
LINE
8
BLACK
6
CONTINUOUS
10
170.1654999999999802
20
-73.7877239999999972
11
170.1654999999999802
21
-73.2782759999999911
0
LINE
8
BLACK
6
CONTINUOUS
10
171.2104999999999961
20
-73.7877239999999972
11
171.2104999999999961
21
-73.2782759999999911
0
LINE
8
BLACK
6
CONTINUOUS
10
176.4770639999999844
20
-70.7650000000000006
11
176.0229359999999872
21
-70.7650000000000006
0
LINE
8
BLACK
6
CONTINUOUS
10
176.4770639999999844
20
-72.2349999999999994
11
176.0229359999999872
21
-72.2349999999999994
0
LINE
8
BLACK
6
CONTINUOUS
10
144.1257329999999968
20
-60.4499999999999957
11
144.418266999999986
21
-60.4499999999999957
0
LINE
8
BLACK
6
CONTINUOUS
10
144.1257329999999968
20
-61.4699999999999989
11
144.418266999999986
21
-61.4699999999999989
0
LINE
8
BLACK
6
CONTINUOUS
10
135.0339999999999918
20
-91.2869999999999919
11
143.2690000000000055
21
-91.2869999999999919
0
LINE
8
BLACK
6
CONTINUOUS
10
143.2690000000000055
20
-86.7669999999999959
11
135.0339999999999918
21
-86.7669999999999959
0
LINE
8
BLACK
6
CONTINUOUS
10
143.2690000000000055
20
-91.2869999999999919
11
143.2690000000000055
21
-86.7669999999999959
0
LINE
8
BLACK
6
CONTINUOUS
10
126.227499999999992
20
-68.2452759999999898
11
126.227499999999992
21
-68.754723999999996
0
LINE
8
BLACK
6
CONTINUOUS
10
127.2724999999999937
20
-68.2452759999999898
11
127.2724999999999937
21
-68.754723999999996
0
LINE
8
BLACK
6
CONTINUOUS
10
136.0162760000000048
20
-76.0775000000000006
11
136.5257239999999967
21
-76.0775000000000006
0
LINE
8
BLACK
6
CONTINUOUS
10
136.0162760000000048
20
-77.1225000000000023
11
136.5257239999999967
21
-77.1225000000000023
0
LINE
8
BLACK
6
CONTINUOUS
10
176.4770639999999844
20
-75.7650000000000006
11
176.0229359999999872
21
-75.7650000000000006
0
LINE
8
BLACK
6
CONTINUOUS
10
176.4770639999999844
20
-77.2349999999999994
11
176.0229359999999872
21
-77.2349999999999994
0
LINE
8
BLACK
6
CONTINUOUS
10
156.2399999999999807
20
-85.8962669999999946
11
156.2399999999999807
21
-85.6037329999999912
0
LINE
8
BLACK
6
CONTINUOUS
10
157.2599999999999909
20
-85.8962669999999946
11
157.2599999999999909
21
-85.6037329999999912
0
LINE
8
BLACK
6
CONTINUOUS
10
151.4032669999999996
20
-60.4499999999999957
11
151.110732999999982
21
-60.4499999999999957
0
LINE
8
BLACK
6
CONTINUOUS
10
151.4032669999999996
20
-61.4699999999999989
11
151.110732999999982
21
-61.4699999999999989
0
LINE
8
BLACK
6
CONTINUOUS
10
149.0999999999999943
20
-95.0099999999999909
11
149.0999999999999943
21
-89.5
0
LINE
8
BLACK
6
CONTINUOUS
10
149.0999999999999943
20
-95.0099999999999909
11
152.4000000000000057
21
-95.0099999999999909
0
LINE
8
BLACK
6
CONTINUOUS
10
152.4000000000000057
20
-95.0099999999999909
11
152.4000000000000057
21
-89.5
0
LINE
8
BLACK
6
CONTINUOUS
10
168.2649999999999864
20
-87.9162669999999906
11
168.2649999999999864
21
-87.6237330000000014
0
LINE
8
BLACK
6
CONTINUOUS
10
169.2849999999999966
20
-87.9162669999999906
11
169.2849999999999966
21
-87.6237330000000014
0
LINE
8
BLACK
6
CONTINUOUS
10
135.0339999999999918
20
-96.3669999999999902
11
143.2690000000000055
21
-96.3669999999999902
0
LINE
8
BLACK
6
CONTINUOUS
10
143.2690000000000055
20
-91.8469999999999942
11
135.0339999999999918
21
-91.8469999999999942
0
LINE
8
BLACK
6
CONTINUOUS
10
143.2690000000000055
20
-96.3669999999999902
11
143.2690000000000055
21
-91.8469999999999942
0
LINE
8
BLACK
6
CONTINUOUS
10
155.3499999999999943
20
-102.1899999999999977
11
156.
21
-102.1899999999999977
0
LINE
8
BLACK
6
CONTINUOUS
10
155.3499999999999943
20
-105.3100000000000023
11
156.
21
-105.3100000000000023
0
LINE
8
BLACK
6
CONTINUOUS
10
156.6500000000000057
20
-102.1899999999999977
11
156.
21
-102.1899999999999977
0
LINE
8
BLACK
6
CONTINUOUS
10
157.6749999999999829
20
-105.3100000000000023
11
156.
21
-105.3100000000000023
0
LINE
8
BLACK
6
CONTINUOUS
10
151.110732999999982
20
-58.671999999999997
11
151.4032669999999996
21
-58.671999999999997
0
LINE
8
BLACK
6
CONTINUOUS
10
151.110732999999982
20
-59.6920000000000002
11
151.4032669999999996
21
-59.6920000000000002
0
LINE
8
BLACK
6
CONTINUOUS
10
125.1899999999999977
20
-74.
11
125.1899999999999977
21
-72.0499999999999972
0
LINE
8
BLACK
6
CONTINUOUS
10
125.1899999999999977
20
-74.
11
125.1899999999999977
21
-75.9500000000000028
0
LINE
8
BLACK
6
CONTINUOUS
10
130.3100000000000023
20
-74.
11
130.3100000000000023
21
-72.0499999999999972
0
LINE
8
BLACK
6
CONTINUOUS
10
130.3100000000000023
20
-74.
11
130.3100000000000023
21
-75.9500000000000028
0
LINE
8
BLACK
6
CONTINUOUS
10
130.5493490000000065
20
-71.0045669999999944
11
130.5679609999999968
21
-71.0045669999999944
0
LINE
8
BLACK
6
CONTINUOUS
10
130.5679609999999968
20
-71.0045669999999944
11
130.5714509999999962
21
-71.0080569999999938
0
LINE
8
BLACK
6
CONTINUOUS
10
130.5714509999999962
20
-71.0080569999999938
11
130.5763259999999946
21
-71.0088269999999966
0
LINE
8
BLACK
6
CONTINUOUS
10
130.5763259999999946
20
-71.0088269999999966
11
130.5872729999999819
21
-71.0238789999999938
0
LINE
8
BLACK
6
CONTINUOUS
10
130.5872729999999819
20
-71.0238789999999938
11
130.6004329999999811
21
-71.0370389999999929
0
LINE
8
BLACK
6
CONTINUOUS
10
130.6004329999999811
20
-71.0370389999999929
11
130.6017829999999833
21
-71.0438299999999998
0
LINE
8
BLACK
6
CONTINUOUS
10
130.6017829999999833
20
-71.0438299999999998
11
130.6033359999999846
21
-71.0459649999999954
0
LINE
8
BLACK
6
CONTINUOUS
10
130.6033359999999846
20
-71.0459649999999954
11
130.6028359999999964
21
-71.0491250000000036
0
LINE
8
BLACK
6
CONTINUOUS
10
130.6028359999999964
20
-71.0491250000000036
11
130.6049999999999898
21
-71.0600000000000023
0
LINE
8
BLACK
6
CONTINUOUS
10
130.6049999999999898
20
-71.0600000000000023
11
130.6049999999999898
21
-71.539999999999992
0
LINE
8
BLACK
6
CONTINUOUS
10
130.6049999999999898
20
-71.539999999999992
11
130.6028359999999964
21
-71.5508739999999932
0
LINE
8
BLACK
6
CONTINUOUS
10
130.6028359999999964
20
-71.5508739999999932
11
130.6033359999999846
21
-71.5540349999999989
0
LINE
8
BLACK
6
CONTINUOUS
10
130.6033359999999846
20
-71.5540349999999989
11
130.6017829999999833
21
-71.556168999999997
0
LINE
8
BLACK
6
CONTINUOUS
10
130.6017829999999833
20
-71.556168999999997
11
130.6004329999999811
21
-71.5629610000000014
0
LINE
8
BLACK
6
CONTINUOUS
10
130.6004329999999811
20
-71.5629610000000014
11
130.5872729999999819
21
-71.5761200000000031
0
LINE
8
BLACK
6
CONTINUOUS
10
130.5872729999999819
20
-71.5761200000000031
11
130.5763259999999946
21
-71.5911729999999977
0
LINE
8
BLACK
6
CONTINUOUS
10
130.5763259999999946
20
-71.5911729999999977
11
130.5714509999999962
21
-71.5919420000000031
0
LINE
8
BLACK
6
CONTINUOUS
10
130.5714509999999962
20
-71.5919420000000031
11
130.5679609999999968
21
-71.5954329999999999
0
LINE
8
BLACK
6
CONTINUOUS
10
130.5679609999999968
20
-71.5954329999999999
11
130.5493490000000065
21
-71.5954329999999999
0
LINE
8
BLACK
6
CONTINUOUS
10
130.5493490000000065
20
-71.5954329999999999
11
130.5309649999999806
21
-71.5983360000000033
0
LINE
8
BLACK
6
CONTINUOUS
10
130.5309649999999806
20
-71.5983360000000033
11
130.5246759999999995
21
-71.5954329999999999
0
LINE
8
BLACK
6
CONTINUOUS
10
130.5246759999999995
20
-71.5954329999999999
11
130.5220390000000066
21
-71.5954329999999999
0
LINE
8
BLACK
6
CONTINUOUS
10
130.5220390000000066
20
-71.5954329999999999
11
130.5197770000000048
21
-71.5931709999999981
0
LINE
8
BLACK
6
CONTINUOUS
10
130.5197770000000048
20
-71.5931709999999981
11
130.5097099999999841
21
-71.5885239999999925
0
LINE
8
BLACK
6
CONTINUOUS
10
130.5097099999999841
20
-71.5885239999999925
11
130.17971
21
-71.3485239999999976
0
LINE
8
BLACK
6
CONTINUOUS
10
130.17971
20
-71.3485239999999976
11
130.1638260000000002
21
-71.33132599999999
0
LINE
8
BLACK
6
CONTINUOUS
10
130.1638260000000002
20
-71.33132599999999
11
130.1623239999999839
21
-71.3218179999999933
0
LINE
8
BLACK
6
CONTINUOUS
10
130.1623239999999839
20
-71.3218179999999933
11
130.1566640000000064
21
-71.3140349999999899
0
LINE
8
BLACK
6
CONTINUOUS
10
130.1566640000000064
20
-71.3140349999999899
11
130.1588789999999847
21
-71.2999999999999972
0
LINE
8
BLACK
6
CONTINUOUS
10
130.1588789999999847
20
-71.2999999999999972
11
130.1566640000000064
21
-71.2859649999999903
0
LINE
8
BLACK
6
CONTINUOUS
10
130.1566640000000064
20
-71.2859649999999903
11
130.1623239999999839
21
-71.2781810000000036
0
LINE
8
BLACK
6
CONTINUOUS
10
130.1623239999999839
20
-71.2781810000000036
11
130.1638260000000002
21
-71.2686739999999901
0
LINE
8
BLACK
6
CONTINUOUS
10
130.1638260000000002
20
-71.2686739999999901
11
130.17971
21
-71.2514759999999967
0
LINE
8
BLACK
6
CONTINUOUS
10
130.17971
20
-71.2514759999999967
11
130.5097099999999841
21
-71.0114760000000018
0
LINE
8
BLACK
6
CONTINUOUS
10
130.5097099999999841
20
-71.0114760000000018
11
130.5197770000000048
21
-71.0068279999999987
0
LINE
8
BLACK
6
CONTINUOUS
10
130.5197770000000048
20
-71.0068279999999987
11
130.5220390000000066
21
-71.0045669999999944
0
LINE
8
BLACK
6
CONTINUOUS
10
130.5220390000000066
20
-71.0045669999999944
11
130.5246759999999995
21
-71.0045669999999944
0
LINE
8
BLACK
6
CONTINUOUS
10
130.5246759999999995
20
-71.0045669999999944
11
130.5309649999999806
21
-71.001663999999991
0
LINE
8
BLACK
6
CONTINUOUS
10
130.5309649999999806
20
-71.001663999999991
11
130.5493490000000065
21
-71.0045669999999944
0
LINE
8
BLACK
6
CONTINUOUS
10
172.7399999999999807
20
-75.3537329999999912
11
172.7399999999999807
21
-75.6462669999999946
0
LINE
8
BLACK
6
CONTINUOUS
10
173.7599999999999909
20
-75.3537329999999912
11
173.7599999999999909
21
-75.6462669999999946
0
LINE
8
BLACK
6
CONTINUOUS
10
135.8892759999999953
20
-70.5974999999999966
11
136.3987239999999872
21
-70.5974999999999966
0
LINE
8
BLACK
6
CONTINUOUS
10
135.8892759999999953
20
-71.6424999999999983
11
136.3987239999999872
21
-71.6424999999999983
0
LINE
8
BLACK
6
CONTINUOUS
10
146.7112520000000018
20
-95.8900000000000006
11
145.2887479999999982
21
-95.8900000000000006
0
LINE
8
BLACK
6
CONTINUOUS
10
146.7112520000000018
20
-98.6099999999999994
11
145.2887479999999982
21
-98.6099999999999994
0
LINE
8
BLACK
6
CONTINUOUS
10
162.2547239999999817
20
-52.4774999999999991
11
161.7452759999999898
21
-52.4774999999999991
0
LINE
8
BLACK
6
CONTINUOUS
10
162.2547239999999817
20
-53.5225000000000009
11
161.7452759999999898
21
-53.5225000000000009
0
LINE
8
BLACK
6
CONTINUOUS
10
151.1037330000000054
20
-48.9899999999999949
11
151.3962669999999946
21
-48.9899999999999949
0
LINE
8
BLACK
6
CONTINUOUS
10
151.1037330000000054
20
-50.009999999999998
11
151.3962669999999946
21
-50.009999999999998
0
LINE
8
BLACK
6
CONTINUOUS
10
122.9770639999999986
20
-75.7650000000000006
11
122.5229360000000014
21
-75.7650000000000006
0
LINE
8
BLACK
6
CONTINUOUS
10
122.9770639999999986
20
-77.2349999999999994
11
122.5229360000000014
21
-77.2349999999999994
0
LINE
8
BLACK
6
CONTINUOUS
10
159.3249999999999886
20
-83.3049999999999926
11
162.7750000000000057
21
-83.3049999999999926
0
LINE
8
BLACK
6
CONTINUOUS
10
160.8249999999999886
20
-88.4249999999999972
11
162.7750000000000057
21
-88.4249999999999972
0
LINE
8
BLACK
6
CONTINUOUS
10
164.7249999999999943
20
-83.3049999999999926
11
162.7750000000000057
21
-83.3049999999999926
0
LINE
8
BLACK
6
CONTINUOUS
10
164.7249999999999943
20
-88.4249999999999972
11
162.7750000000000057
21
-88.4249999999999972
0
LINE
8
BLACK
6
CONTINUOUS
10
166.7399999999999807
20
-74.6462669999999946
11
166.7399999999999807
21
-74.3537329999999912
0
LINE
8
BLACK
6
CONTINUOUS
10
167.7599999999999909
20
-74.6462669999999946
11
167.7599999999999909
21
-74.3537329999999912
0
LINE
8
BLACK
6
CONTINUOUS
10
128.7612519999999847
20
-78.0150000000000006
11
128.2387479999999869
21
-78.0150000000000006
0
LINE
8
BLACK
6
CONTINUOUS
10
128.7612519999999847
20
-79.4849999999999994
11
128.2387479999999869
21
-79.4849999999999994
0
LINE
8
BLACK
6
CONTINUOUS
10
132.8299999999999841
20
-58.6499999999999986
11
133.5900000000000034
21
-58.6499999999999986
0
LINE
8
BLACK
6
CONTINUOUS
10
132.8299999999999841
20
-59.5999999999999943
11
132.8299999999999841
21
-58.6499999999999986
0
LINE
8
BLACK
6
CONTINUOUS
10
132.8949999999999818
20
-60.5624699999999976
11
132.8949999999999818
21
-60.3599999999999994
0
LINE
8
BLACK
6
CONTINUOUS
10
132.8949999999999818
20
-61.8200000000000003
11
132.8949999999999818
21
-61.1775299999999973
0
LINE
8
BLACK
6
CONTINUOUS
10
132.8949999999999818
20
-61.8200000000000003
11
139.3649999999999807
21
-61.8200000000000003
0
LINE
8
BLACK
6
CONTINUOUS
10
134.2249999999999943
20
-58.6499999999999986
11
139.3649999999999807
21
-58.6499999999999986
0
LINE
8
BLACK
6
CONTINUOUS
10
134.2249999999999943
20
-58.8399999999999963
11
134.2249999999999943
21
-58.6499999999999986
0
LINE
8
BLACK
6
CONTINUOUS
10
139.3649999999999807
20
-59.2924699999999945
11
139.3649999999999807
21
-58.6499999999999986
0
LINE
8
BLACK
6
CONTINUOUS
10
139.3649999999999807
20
-60.5624699999999976
11
139.3649999999999807
21
-59.9075299999999942
0
LINE
8
BLACK
6
CONTINUOUS
10
139.3649999999999807
20
-61.8200000000000003
11
139.3649999999999807
21
-61.1775299999999973
0
LINE
8
BLACK
6
CONTINUOUS
10
133.9612520000000018
20
-104.6400000000000006
11
132.5387479999999982
21
-104.6400000000000006
0
LINE
8
BLACK
6
CONTINUOUS
10
133.9612520000000018
20
-107.3599999999999994
11
132.5387479999999982
21
-107.3599999999999994
0
LINE
8
BLACK
6
CONTINUOUS
10
130.9399999999999977
20
-100.5
11
130.9399999999999977
21
-98.5499999999999972
0
LINE
8
BLACK
6
CONTINUOUS
10
130.9399999999999977
20
-100.5
11
130.9399999999999977
21
-102.4499999999999886
0
LINE
8
BLACK
6
CONTINUOUS
10
136.0600000000000023
20
-100.5
11
136.0600000000000023
21
-97.0499999999999972
0
LINE
8
BLACK
6
CONTINUOUS
10
136.0600000000000023
20
-100.5
11
136.0600000000000023
21
-102.4499999999999886
0
LINE
8
BLACK
6
CONTINUOUS
10
176.4770639999999844
20
-68.2650000000000006
11
176.0229359999999872
21
-68.2650000000000006
0
LINE
8
BLACK
6
CONTINUOUS
10
176.4770639999999844
20
-69.7349999999999994
11
176.0229359999999872
21
-69.7349999999999994
0
LINE
8
BLACK
6
CONTINUOUS
10
132.0099999999999909
20
-80.0109999999999957
11
126.5
21
-80.0109999999999957
0
LINE
8
BLACK
6
CONTINUOUS
10
132.0099999999999909
20
-83.3109999999999928
11
126.5
21
-83.3109999999999928
0
LINE
8
BLACK
6
CONTINUOUS
10
132.0099999999999909
20
-83.3109999999999928
11
132.0099999999999909
21
-80.0109999999999957
0
LINE
8
BLACK
6
CONTINUOUS
10
122.9770639999999986
20
-70.7650000000000006
11
122.5229360000000014
21
-70.7650000000000006
0
LINE
8
BLACK
6
CONTINUOUS
10
122.9770639999999986
20
-72.2349999999999994
11
122.5229360000000014
21
-72.2349999999999994
0
LINE
8
BLACK
6
CONTINUOUS
10
165.2775000000000034
20
-69.7452759999999898
11
165.2775000000000034
21
-70.254723999999996
0
LINE
8
BLACK
6
CONTINUOUS
10
166.3224999999999909
20
-69.7452759999999898
11
166.3224999999999909
21
-70.254723999999996
0
LINE
8
BLACK
6
CONTINUOUS
10
129.2399999999999807
20
-68.3537329999999912
11
129.2399999999999807
21
-68.6462669999999946
0
LINE
8
BLACK
6
CONTINUOUS
10
130.2599999999999909
20
-68.3537329999999912
11
130.2599999999999909
21
-68.6462669999999946
0
LINE
8
BLACK
6
CONTINUOUS
10
158.7462669999999889
20
-52.4899999999999949
11
158.4537329999999997
21
-52.4899999999999949
0
LINE
8
BLACK
6
CONTINUOUS
10
158.7462669999999889
20
-53.509999999999998
11
158.4537329999999997
21
-53.509999999999998
0
LINE
8
BLACK
6
CONTINUOUS
10
144.1257329999999968
20
-58.9259999999999948
11
144.418266999999986
21
-58.9259999999999948
0
LINE
8
BLACK
6
CONTINUOUS
10
144.1257329999999968
20
-59.945999999999998
11
144.418266999999986
21
-59.945999999999998
0
LINE
8
BLACK
6
CONTINUOUS
10
173.0569999999999879
20
-86.6139999999999901
11
173.0569999999999879
21
-87.9440000000000026
0
LINE
8
BLACK
6
CONTINUOUS
10
173.0569999999999879
20
-86.6139999999999901
11
173.6269999999999811
21
-86.6139999999999901
0
LINE
8
BLACK
6
CONTINUOUS
10
173.0569999999999879
20
-87.9440000000000026
11
174.0794699999999864
21
-87.9440000000000026
0
LINE
8
BLACK
6
CONTINUOUS
10
174.3870000000000005
20
-85.2189999999999941
11
175.7169999999999845
21
-85.2189999999999941
0
LINE
8
BLACK
6
CONTINUOUS
10
174.6945299999999861
20
-87.9440000000000026
11
175.7169999999999845
21
-87.9440000000000026
0
LINE
8
BLACK
6
CONTINUOUS
10
175.1469999999999914
20
-86.6139999999999901
11
175.7169999999999845
21
-86.6139999999999901
0
LINE
8
BLACK
6
CONTINUOUS
10
175.7169999999999845
20
-85.2189999999999941
11
175.7169999999999845
21
-85.9789999999999992
0
LINE
8
BLACK
6
CONTINUOUS
10
175.7169999999999845
20
-86.6139999999999901
11
175.7169999999999845
21
-87.9440000000000026
0
LINE
8
BLACK
6
CONTINUOUS
10
150.7887479999999982
20
-99.3900000000000006
11
152.2112520000000018
21
-99.3900000000000006
0
LINE
8
BLACK
6
CONTINUOUS
10
150.7887479999999982
20
-102.1099999999999994
11
152.2112520000000018
21
-102.1099999999999994
0
LINE
8
BLACK
6
CONTINUOUS
10
136.3499999999999943
20
-104.0099999999999909
11
136.3499999999999943
21
-98.5
0
LINE
8
BLACK
6
CONTINUOUS
10
136.3499999999999943
20
-104.0099999999999909
11
139.6500000000000057
21
-104.0099999999999909
0
LINE
8
BLACK
6
CONTINUOUS
10
139.6500000000000057
20
-104.0099999999999909
11
139.6500000000000057
21
-98.5
0
LINE
8
BLACK
6
CONTINUOUS
10
129.3119999999999834
20
-88.2980000000000018
11
129.3119999999999834
21
-96.5330000000000013
0
LINE
8
BLACK
6
CONTINUOUS
10
129.3119999999999834
20
-96.5330000000000013
11
133.8319999999999936
21
-96.5330000000000013
0
LINE
8
BLACK
6
CONTINUOUS
10
133.8319999999999936
20
-96.5330000000000013
11
133.8319999999999936
21
-88.2980000000000018
0
LINE
8
BLACK
6
CONTINUOUS
10
166.7524999999999977
20
-85.6102759999999989
11
166.7524999999999977
21
-86.1197239999999908
0
LINE
8
BLACK
6
CONTINUOUS
10
167.7974999999999852
20
-85.6102759999999989
11
167.7974999999999852
21
-86.1197239999999908
0
LINE
8
BLACK
6
CONTINUOUS
10
130.727499999999992
20
-68.754723999999996
11
130.727499999999992
21
-68.2452759999999898
0
LINE
8
BLACK
6
CONTINUOUS
10
131.772500000000008
20
-68.754723999999996
11
131.772500000000008
21
-68.2452759999999898
0
LINE
8
BLACK
6
CONTINUOUS
10
163.6899999999999977
20
-70.1462669999999946
11
163.6899999999999977
21
-69.8537329999999912
0
LINE
8
BLACK
6
CONTINUOUS
10
164.7099999999999795
20
-70.1462669999999946
11
164.7099999999999795
21
-69.8537329999999912
0
LINE
8
BLACK
6
CONTINUOUS
10
171.6899999999999977
20
-70.053732999999994
11
171.6899999999999977
21
-70.3462669999999974
0
LINE
8
BLACK
6
CONTINUOUS
10
172.7099999999999795
20
-70.053732999999994
11
172.7099999999999795
21
-70.3462669999999974
0
LINE
8
BLACK
6
CONTINUOUS
10
161.5462670000000003
20
-58.8900000000000006
11
161.2537329999999827
21
-58.8900000000000006
0
LINE
8
BLACK
6
CONTINUOUS
10
161.5462670000000003
20
-59.9099999999999966
11
161.2537329999999827
21
-59.9099999999999966
0
LINE
8
BLACK
6
CONTINUOUS
10
160.1629639999999881
20
-67.9877499999999912
11
159.6535159999999962
21
-67.9877499999999912
0
LINE
8
BLACK
6
CONTINUOUS
10
160.1629639999999881
20
-69.032749999999993
11
159.6535159999999962
21
-69.032749999999993
0
LINE
8
BLACK
6
CONTINUOUS
10
168.6539999999999964
20
-73.3867329999999924
11
168.6539999999999964
21
-73.6792669999999958
0
LINE
8
BLACK
6
CONTINUOUS
10
169.6739999999999782
20
-73.3867329999999924
11
169.6739999999999782
21
-73.6792669999999958
0
LINE
8
BLACK
6
CONTINUOUS
10
168.9000000000000057
20
-71.6099999999999994
11
168.0999999999999943
21
-71.6099999999999994
0
LINE
8
BLACK
6
CONTINUOUS
10
168.9000000000000057
20
-71.6099999999999994
11
169.6999999999999886
21
-71.6099999999999994
0
LINE
8
BLACK
6
CONTINUOUS
10
169.9000000000000057
20
-68.3900000000000006
11
168.0999999999999943
21
-68.3900000000000006
0
LINE
8
BLACK
6
CONTINUOUS
10
170.2218179999999847
20
-71.507323999999997
11
170.2313259999999957
21
-71.5088259999999991
0
LINE
8
BLACK
6
CONTINUOUS
10
170.2313259999999957
20
-71.5088259999999991
11
170.2485240000000033
21
-71.5247099999999989
0
LINE
8
BLACK
6
CONTINUOUS
10
170.2485240000000033
20
-71.5247099999999989
11
170.488523999999984
21
-71.8547099999999972
0
LINE
8
BLACK
6
CONTINUOUS
10
170.488523999999984
20
-71.8547099999999972
11
170.4931709999999896
21
-71.8647770000000037
0
LINE
8
BLACK
6
CONTINUOUS
10
170.4931709999999896
20
-71.8647770000000037
11
170.4954329999999914
21
-71.8670389999999912
0
LINE
8
BLACK
6
CONTINUOUS
10
170.4954329999999914
20
-71.8670389999999912
11
170.4954329999999914
21
-71.8696759999999983
0
LINE
8
BLACK
6
CONTINUOUS
10
170.4954329999999914
20
-71.8696759999999983
11
170.4983359999999948
21
-71.8759649999999937
0
LINE
8
BLACK
6
CONTINUOUS
10
170.4983359999999948
20
-71.8759649999999937
11
170.4954329999999914
21
-71.8943479999999937
0
LINE
8
BLACK
6
CONTINUOUS
10
170.4954329999999914
20
-71.8943479999999937
11
170.4954329999999914
21
-71.9129609999999957
0
LINE
8
BLACK
6
CONTINUOUS
10
170.4954329999999914
20
-71.9129609999999957
11
170.4919419999999946
21
-71.916450999999995
0
LINE
8
BLACK
6
CONTINUOUS
10
170.4919419999999946
20
-71.916450999999995
11
170.4911730000000034
21
-71.9213259999999934
0
LINE
8
BLACK
6
CONTINUOUS
10
170.4911730000000034
20
-71.9213259999999934
11
170.4761199999999803
21
-71.932272999999995
0
LINE
8
BLACK
6
CONTINUOUS
10
170.4761199999999803
20
-71.932272999999995
11
170.4629609999999786
21
-71.9454329999999942
0
LINE
8
BLACK
6
CONTINUOUS
10
170.4629609999999786
20
-71.9454329999999942
11
170.4561689999999885
21
-71.9467829999999964
0
LINE
8
BLACK
6
CONTINUOUS
10
170.4561689999999885
20
-71.9467829999999964
11
170.4540350000000046
21
-71.9483359999999976
0
LINE
8
BLACK
6
CONTINUOUS
10
170.4540350000000046
20
-71.9483359999999976
11
170.4508739999999989
21
-71.9478359999999952
0
LINE
8
BLACK
6
CONTINUOUS
10
170.4508739999999989
20
-71.9478359999999952
11
170.4399999999999977
21
-71.9500000000000028
0
LINE
8
BLACK
6
CONTINUOUS
10
170.4399999999999977
20
-71.9500000000000028
11
169.9599999999999795
21
-71.9500000000000028
0
LINE
8
BLACK
6
CONTINUOUS
10
169.9599999999999795
20
-71.9500000000000028
11
169.9491249999999809
21
-71.9478369999999927
0
LINE
8
BLACK
6
CONTINUOUS
10
169.9491249999999809
20
-71.9478369999999927
11
169.9459650000000011
21
-71.9483359999999976
0
LINE
8
BLACK
6
CONTINUOUS
10
169.9459650000000011
20
-71.9483359999999976
11
169.9438299999999913
21
-71.9467829999999964
0
LINE
8
BLACK
6
CONTINUOUS
10
169.9438299999999913
20
-71.9467829999999964
11
169.9370389999999986
21
-71.9454329999999942
0
LINE
8
BLACK
6
CONTINUOUS
10
169.9370389999999986
20
-71.9454329999999942
11
169.9238809999999944
21
-71.93227499999999
0
LINE
8
BLACK
6
CONTINUOUS
10
169.9238809999999944
20
-71.93227499999999
11
169.9088260000000048
21
-71.9213259999999934
0
LINE
8
BLACK
6
CONTINUOUS
10
169.9088260000000048
20
-71.9213259999999934
11
169.9080559999999878
21
-71.9164499999999975
0
LINE
8
BLACK
6
CONTINUOUS
10
169.9080559999999878
20
-71.9164499999999975
11
169.9045669999999859
21
-71.9129609999999957
0
LINE
8
BLACK
6
CONTINUOUS
10
169.9045669999999859
20
-71.9129609999999957
11
169.9045669999999859
21
-71.8943510000000003
0
LINE
8
BLACK
6
CONTINUOUS
10
169.9045669999999859
20
-71.8943510000000003
11
169.9016639999999825
21
-71.8759649999999937
0
LINE
8
BLACK
6
CONTINUOUS
10
169.9016639999999825
20
-71.8759649999999937
11
169.9045669999999859
21
-71.8696759999999983
0
LINE
8
BLACK
6
CONTINUOUS
10
169.9045669999999859
20
-71.8696759999999983
11
169.9045669999999859
21
-71.8670389999999912
0
LINE
8
BLACK
6
CONTINUOUS
10
169.9045669999999859
20
-71.8670389999999912
11
169.9068279999999902
21
-71.8647770000000037
0
LINE
8
BLACK
6
CONTINUOUS
10
169.9068279999999902
20
-71.8647770000000037
11
169.9114759999999933
21
-71.8547099999999972
0
LINE
8
BLACK
6
CONTINUOUS
10
169.9114759999999933
20
-71.8547099999999972
11
170.1514760000000024
21
-71.5247099999999989
0
LINE
8
BLACK
6
CONTINUOUS
10
170.1514760000000024
20
-71.5247099999999989
11
170.1686739999999816
21
-71.5088269999999966
0
LINE
8
BLACK
6
CONTINUOUS
10
170.1686739999999816
20
-71.5088269999999966
11
170.1781790000000001
21
-71.5073249999999945
0
LINE
8
BLACK
6
CONTINUOUS
10
170.1781790000000001
20
-71.5073249999999945
11
170.1859649999999817
21
-71.501663999999991
0
LINE
8
BLACK
6
CONTINUOUS
10
170.1859649999999817
20
-71.501663999999991
11
170.1999999999999886
21
-71.5038799999999952
0
LINE
8
BLACK
6
CONTINUOUS
10
170.1999999999999886
20
-71.5038799999999952
11
170.2140349999999955
21
-71.501663999999991
0
LINE
8
BLACK
6
CONTINUOUS
10
170.2140349999999955
20
-71.501663999999991
11
170.2218179999999847
21
-71.507323999999997
0
LINE
8
BLACK
6
CONTINUOUS
10
150.7887479999999982
20
-95.8900000000000006
11
152.2112520000000018
21
-95.8900000000000006
0
LINE
8
BLACK
6
CONTINUOUS
10
150.7887479999999982
20
-98.6099999999999994
11
152.2112520000000018
21
-98.6099999999999994
0
LINE
8
BLACK
6
CONTINUOUS
10
162.75
20
-73.1899999999999977
11
160.7999999999999829
21
-73.1899999999999977
0
LINE
8
BLACK
6
CONTINUOUS
10
162.75
20
-73.1899999999999977
11
164.6999999999999886
21
-73.1899999999999977
0
LINE
8
BLACK
6
CONTINUOUS
10
162.75
20
-78.3100000000000023
11
160.7999999999999829
21
-78.3100000000000023
0
LINE
8
BLACK
6
CONTINUOUS
10
162.75
20
-78.3100000000000023
11
166.1999999999999886
21
-78.3100000000000023
0
LINE
8
BLACK
6
CONTINUOUS
10
123.3840000000000003
20
-86.6139999999999901
11
123.3840000000000003
21
-87.9440000000000026
0
LINE
8
BLACK
6
CONTINUOUS
10
123.3840000000000003
20
-86.6139999999999901
11
123.9539999999999935
21
-86.6139999999999901
0
LINE
8
BLACK
6
CONTINUOUS
10
123.3840000000000003
20
-87.9440000000000026
11
124.4064699999999988
21
-87.9440000000000026
0
LINE
8
BLACK
6
CONTINUOUS
10
124.7139999999999986
20
-85.2189999999999941
11
126.0439999999999969
21
-85.2189999999999941
0
LINE
8
BLACK
6
CONTINUOUS
10
125.0215299999999985
20
-87.9440000000000026
11
126.0439999999999969
21
-87.9440000000000026
0
LINE
8
BLACK
6
CONTINUOUS
10
125.4739999999999895
20
-86.6139999999999901
11
126.0439999999999969
21
-86.6139999999999901
0
LINE
8
BLACK
6
CONTINUOUS
10
126.0439999999999969
20
-85.2189999999999941
11
126.0439999999999969
21
-85.9789999999999992
0
LINE
8
BLACK
6
CONTINUOUS
10
126.0439999999999969
20
-86.6139999999999901
11
126.0439999999999969
21
-87.9440000000000026
0
LINE
8
BLACK
6
CONTINUOUS
10
144.1257329999999968
20
-53.8459999999999965
11
144.418266999999986
21
-53.8459999999999965
0
LINE
8
BLACK
6
CONTINUOUS
10
144.1257329999999968
20
-54.8659999999999997
11
144.418266999999986
21
-54.8659999999999997
0
LINE
8
BLACK
6
CONTINUOUS
10
127.7399999999999949
20
-68.6462669999999946
11
127.7399999999999949
21
-68.3537329999999912
0
LINE
8
BLACK
6
CONTINUOUS
10
128.7599999999999909
20
-68.6462669999999946
11
128.7599999999999909
21
-68.3537329999999912
0
LINE
8
BLACK
6
CONTINUOUS
10
141.8762399999999957
20
-64.4482500000000016
11
142.5762399999999843
21
-64.4482500000000016
0
LINE
8
BLACK
6
CONTINUOUS
10
141.8762399999999957
20
-65.1482499999999902
11
141.8762399999999957
21
-64.4482500000000016
0
LINE
8
BLACK
6
CONTINUOUS
10
141.8762399999999957
20
-77.9682499999999976
11
141.8762399999999957
21
-78.6682500000000005
0
LINE
8
BLACK
6
CONTINUOUS
10
141.8762399999999957
20
-78.6682500000000005
11
142.5762399999999843
21
-78.6682500000000005
0
LINE
8
BLACK
6
CONTINUOUS
10
155.3962400000000059
20
-64.4482500000000016
11
155.3962400000000059
21
-63.0832499999999996
0
LINE
8
BLACK
6
CONTINUOUS
10
156.0962399999999946
20
-64.4482500000000016
11
155.3962400000000059
21
-64.4482500000000016
0
LINE
8
BLACK
6
CONTINUOUS
10
156.0962399999999946
20
-65.1482499999999902
11
156.0962399999999946
21
-64.4482500000000016
0
LINE
8
BLACK
6
CONTINUOUS
10
156.0962399999999946
20
-77.9682499999999976
11
156.0962399999999946
21
-78.6682500000000005
0
LINE
8
BLACK
6
CONTINUOUS
10
156.0962399999999946
20
-78.6682500000000005
11
155.3962400000000059
21
-78.6682500000000005
0
LINE
8
BLACK
6
CONTINUOUS
10
160.6287329999999827
20
-81.7989999999999924
11
160.9212670000000003
21
-81.7989999999999924
0
LINE
8
BLACK
6
CONTINUOUS
10
160.6287329999999827
20
-82.8190000000000026
11
160.9212670000000003
21
-82.8190000000000026
0
LINE
8
BLACK
6
CONTINUOUS
10
144.5114999999999839
20
-56.6412759999999977
11
144.5114999999999839
21
-57.1507239999999967
0
LINE
8
BLACK
6
CONTINUOUS
10
145.5564999999999998
20
-56.6412759999999977
11
145.5564999999999998
21
-57.1507239999999967
0
LINE
8
BLACK
6
CONTINUOUS
10
136.2902670000000001
20
-69.0859999999999985
11
135.9977329999999824
21
-69.0859999999999985
0
LINE
8
BLACK
6
CONTINUOUS
10
136.2902670000000001
20
-70.1059999999999945
11
135.9977329999999824
21
-70.1059999999999945
0
LINE
8
BLACK
6
CONTINUOUS
10
146.7112520000000018
20
-99.3900000000000006
11
145.2887479999999982
21
-99.3900000000000006
0
LINE
8
BLACK
6
CONTINUOUS
10
146.7112520000000018
20
-102.1099999999999994
11
145.2887479999999982
21
-102.1099999999999994
0
LINE
8
BLACK
6
CONTINUOUS
10
143.6899999999999977
20
-91.75
11
143.6899999999999977
21
-89.7999999999999972
0
LINE
8
BLACK
6
CONTINUOUS
10
143.6899999999999977
20
-91.75
11
143.6899999999999977
21
-93.7000000000000028
0
LINE
8
BLACK
6
CONTINUOUS
10
148.8100000000000023
20
-91.75
11
148.8100000000000023
21
-88.2999999999999972
0
LINE
8
BLACK
6
CONTINUOUS
10
148.8100000000000023
20
-91.75
11
148.8100000000000023
21
-93.7000000000000028
0
LINE
8
BLACK
6
CONTINUOUS
10
157.7399999999999807
20
-85.8962669999999946
11
157.7399999999999807
21
-85.6037329999999912
0
LINE
8
BLACK
6
CONTINUOUS
10
158.7599999999999909
20
-85.8962669999999946
11
158.7599999999999909
21
-85.6037329999999912
0
LINE
8
BLACK
6
CONTINUOUS
10
161.6547239999999874
20
-60.4774999999999991
11
161.1452759999999955
21
-60.4774999999999991
0
LINE
8
BLACK
6
CONTINUOUS
10
161.6547239999999874
20
-61.5224999999999937
11
161.1452759999999955
21
-61.5224999999999937
0
LINE
8
BLACK
6
CONTINUOUS
10
168.2649999999999864
20
-84.0992669999999976
11
168.2649999999999864
21
-83.8067329999999941
0
LINE
8
BLACK
6
CONTINUOUS
10
169.2849999999999966
20
-84.0992669999999976
11
169.2849999999999966
21
-83.8067329999999941
0
LINE
8
BLACK
6
CONTINUOUS
10
131.1899999999999977
20
-73.8299999999999983
11
131.1899999999999977
21
-75.6299999999999955
0
LINE
8
BLACK
6
CONTINUOUS
10
134.4099999999999966
20
-74.8299999999999983
11
134.4099999999999966
21
-74.0300000000000011
0
LINE
8
BLACK
6
CONTINUOUS
10
134.4099999999999966
20
-74.8299999999999983
11
134.4099999999999966
21
-75.6299999999999955
0
LINE
8
BLACK
6
CONTINUOUS
10
134.6943489999999883
20
-73.2345669999999984
11
134.7129610000000071
21
-73.2345669999999984
0
LINE
8
BLACK
6
CONTINUOUS
10
134.7129610000000071
20
-73.2345669999999984
11
134.7164510000000064
21
-73.2380569999999977
0
LINE
8
BLACK
6
CONTINUOUS
10
134.7164510000000064
20
-73.2380569999999977
11
134.7213260000000048
21
-73.2388270000000006
0
LINE
8
BLACK
6
CONTINUOUS
10
134.7213260000000048
20
-73.2388270000000006
11
134.7322729999999922
21
-73.2538789999999977
0
LINE
8
BLACK
6
CONTINUOUS
10
134.7322729999999922
20
-73.2538789999999977
11
134.7454329999999914
21
-73.2670389999999969
0
LINE
8
BLACK
6
CONTINUOUS
10
134.7454329999999914
20
-73.2670389999999969
11
134.7467829999999935
21
-73.2738299999999896
0
LINE
8
BLACK
6
CONTINUOUS
10
134.7467829999999935
20
-73.2738299999999896
11
134.7483359999999948
21
-73.2759649999999993
0
LINE
8
BLACK
6
CONTINUOUS
10
134.7483359999999948
20
-73.2759649999999993
11
134.7478360000000066
21
-73.2791249999999934
0
LINE
8
BLACK
6
CONTINUOUS
10
134.7478360000000066
20
-73.2791249999999934
11
134.75
21
-73.289999999999992
0
LINE
8
BLACK
6
CONTINUOUS
10
134.75
20
-73.289999999999992
11
134.75
21
-73.769999999999996
0
LINE
8
BLACK
6
CONTINUOUS
10
134.75
20
-73.769999999999996
11
134.7478360000000066
21
-73.7808739999999972
0
LINE
8
BLACK
6
CONTINUOUS
10
134.7478360000000066
20
-73.7808739999999972
11
134.7483359999999948
21
-73.7840350000000029
0
LINE
8
BLACK
6
CONTINUOUS
10
134.7483359999999948
20
-73.7840350000000029
11
134.7467829999999935
21
-73.786169000000001
0
LINE
8
BLACK
6
CONTINUOUS
10
134.7467829999999935
20
-73.786169000000001
11
134.7454329999999914
21
-73.7929609999999911
0
LINE
8
BLACK
6
CONTINUOUS
10
134.7454329999999914
20
-73.7929609999999911
11
134.7322729999999922
21
-73.8061199999999928
0
LINE
8
BLACK
6
CONTINUOUS
10
134.7322729999999922
20
-73.8061199999999928
11
134.7213260000000048
21
-73.8211730000000017
0
LINE
8
BLACK
6
CONTINUOUS
10
134.7213260000000048
20
-73.8211730000000017
11
134.7164510000000064
21
-73.8219419999999928
0
LINE
8
BLACK
6
CONTINUOUS
10
134.7164510000000064
20
-73.8219419999999928
11
134.7129610000000071
21
-73.8254329999999896
0
LINE
8
BLACK
6
CONTINUOUS
10
134.7129610000000071
20
-73.8254329999999896
11
134.6943489999999883
21
-73.8254329999999896
0
LINE
8
BLACK
6
CONTINUOUS
10
134.6943489999999883
20
-73.8254329999999896
11
134.6759649999999908
21
-73.8283359999999931
0
LINE
8
BLACK
6
CONTINUOUS
10
134.6759649999999908
20
-73.8283359999999931
11
134.6696759999999813
21
-73.8254329999999896
0
LINE
8
BLACK
6
CONTINUOUS
10
134.6696759999999813
20
-73.8254329999999896
11
134.6670389999999884
21
-73.8254329999999896
0
LINE
8
BLACK
6
CONTINUOUS
10
134.6670389999999884
20
-73.8254329999999896
11
134.6647769999999866
21
-73.8231710000000021
0
LINE
8
BLACK
6
CONTINUOUS
10
134.6647769999999866
20
-73.8231710000000021
11
134.6547099999999944
21
-73.8185239999999965
0
LINE
8
BLACK
6
CONTINUOUS
10
134.6547099999999944
20
-73.8185239999999965
11
134.3247099999999818
21
-73.5785240000000016
0
LINE
8
BLACK
6
CONTINUOUS
10
134.3247099999999818
20
-73.5785240000000016
11
134.3088259999999821
21
-73.561325999999994
0
LINE
8
BLACK
6
CONTINUOUS
10
134.3088259999999821
20
-73.561325999999994
11
134.3073239999999942
21
-73.5518179999999973
0
LINE
8
BLACK
6
CONTINUOUS
10
134.3073239999999942
20
-73.5518179999999973
11
134.3016639999999882
21
-73.5440349999999938
0
LINE
8
BLACK
6
CONTINUOUS
10
134.3016639999999882
20
-73.5440349999999938
11
134.3038789999999949
21
-73.5300000000000011
0
LINE
8
BLACK
6
CONTINUOUS
10
134.3038789999999949
20
-73.5300000000000011
11
134.3016639999999882
21
-73.5159649999999942
0
LINE
8
BLACK
6
CONTINUOUS
10
134.3016639999999882
20
-73.5159649999999942
11
134.3073239999999942
21
-73.5081809999999933
0
LINE
8
BLACK
6
CONTINUOUS
10
134.3073239999999942
20
-73.5081809999999933
11
134.3088259999999821
21
-73.4986739999999941
0
LINE
8
BLACK
6
CONTINUOUS
10
134.3088259999999821
20
-73.4986739999999941
11
134.3247099999999818
21
-73.4814760000000007
0
LINE
8
BLACK
6
CONTINUOUS
10
134.3247099999999818
20
-73.4814760000000007
11
134.6547099999999944
21
-73.2414759999999916
0
LINE
8
BLACK
6
CONTINUOUS
10
134.6547099999999944
20
-73.2414759999999916
11
134.6647769999999866
21
-73.2368280000000027
0
LINE
8
BLACK
6
CONTINUOUS
10
134.6647769999999866
20
-73.2368280000000027
11
134.6670389999999884
21
-73.2345669999999984
0
LINE
8
BLACK
6
CONTINUOUS
10
134.6670389999999884
20
-73.2345669999999984
11
134.6696759999999813
21
-73.2345669999999984
0
LINE
8
BLACK
6
CONTINUOUS
10
134.6696759999999813
20
-73.2345669999999984
11
134.6759649999999908
21
-73.231663999999995
0
LINE
8
BLACK
6
CONTINUOUS
10
134.6759649999999908
20
-73.231663999999995
11
134.6943489999999883
21
-73.2345669999999984
0
LINE
8
BLACK
6
CONTINUOUS
10
134.8719999999999857
20
-74.1872669999999914
11
134.8719999999999857
21
-73.8947330000000022
0
LINE
8
BLACK
6
CONTINUOUS
10
135.8919999999999959
20
-74.1872669999999914
11
135.8919999999999959
21
-73.8947330000000022
0
LINE
8
BLACK
6
CONTINUOUS
10
144.2239999999999895
20
-110.2360019999999992
11
144.2239999999999895
21
-107.695999999999998
0
LINE
8
BLACK
6
CONTINUOUS
10
138.2239999999999895
20
-110.2360019999999992
11
138.2239999999999895
21
-107.695999999999998
0
ARC
8
BLACK
10
149.7159999999999798
20
-107.695999999999998
40
0.508
50
0.00000000
51
180.00000000
0
LINE
8
BLACK
6
CONTINUOUS
10
155.2079999999999984
20
-110.2360019999999992
11
155.2079999999999984
21
-107.695999999999998
0
ARC
8
BLACK
10
167.8951999999999884
20
-108.2038999999999902
40
2.032113002460493
50
-89.99687032
51
-0.00281952
0
ARC
8
BLACK
10
125.584699999999998
20
-99.3550999999999931
40
3.5051411604243556
50
-0.02447015
51
49.78951917
0
LINE
8
BLACK
6
CONTINUOUS
10
137.2079999999999984
20
-110.2360019999999992
11
137.2079999999999984
21
-107.695999999999998
0
ARC
8
BLACK
10
173.4279999999999973
20
-99.2545999999999964
40
3.5006870013163129
50
130.39494890
51
179.99842877
0
LINE
8
BLACK
6
CONTINUOUS
10
141.2239999999999895
20
-110.2360019999999992
11
143.2079999999999984
21
-110.2360019999999992
0
LINE
8
BLACK
6
CONTINUOUS
10
140.2079999999999984
20
-110.2360019999999992
11
140.2079999999999984
21
-107.695999999999998
0
LINE
8
BLACK
6
CONTINUOUS
10
129.0898589999999899
20
-99.3565969999999936
11
129.0898589999999899
21
-108.2039999999999935
0
LINE
8
BLACK
6
CONTINUOUS
10
150.2239999999999895
20
-110.2360019999999992
11
150.2239999999999895
21
-107.695999999999998
0
LINE
8
BLACK
6
CONTINUOUS
10
169.9273129999999981
20
-99.2545039999999972
11
169.9273129999999981
21
-108.2039999999999935
0
ARC
8
BLACK
10
149.4505020000000002
20
-71.0742959999999897
40
33.5
50
0.00000000
51
180.00000000
0
ARC
8
BLACK
10
140.7159999999999798
20
-107.695999999999998
40
0.508
50
0.00000000
51
180.00000000
0
LINE
8
BLACK
6
CONTINUOUS
10
144.2239999999999895
20
-110.2360019999999992
11
146.2079999999999984
21
-110.2360019999999992
0
ARC
8
BLACK
10
143.7159999999999798
20
-107.695999999999998
40
0.508
50
0.00000000
51
180.00000000
0
ARC
8
BLACK
10
137.7159999999999798
20
-107.695999999999998
40
0.508
50
0.00000000
51
180.00000000
0
ARC
8
BLACK
10
131.1218000000000075
20
-108.2040999999999968
40
2.0319020008565865
50
-180.00281976
51
-89.99833631
0
ARC
8
BLACK
10
149.4504799999999989
20
-71.0742800000000017
40
33.500022000003824
50
-49.60704241
51
-0.00002737
0
ARC
8
BLACK
10
149.4505000000000052
20
-71.0742999999999938
40
33.4999958740311001
50
-180.00000684
51
-130.15536454
0
LINE
8
BLACK
6
CONTINUOUS
10
137.2079999999999984
20
-110.2360019999999992
11
131.1218590000000006
21
-110.2360019999999992
0
ARC
8
BLACK
10
155.7159999999999798
20
-107.695999999999998
40
0.508
50
0.00000000
51
180.00000000
0
LINE
8
BLACK
6
CONTINUOUS
10
167.8953109999999924
20
-110.23599999999999
11
156.2239999999999895
21
-110.2360019999999992
0
LINE
8
BLACK
6
CONTINUOUS
10
149.2079999999999984
20
-110.2360019999999992
11
149.2079999999999984
21
-107.695999999999998
0
ARC
8
BLACK
10
146.7159999999999798
20
-107.695999999999998
40
0.508
50
0.00000000
51
180.00000000
0
LINE
8
BLACK
6
CONTINUOUS
10
143.2079999999999984
20
-110.2360019999999992
11
143.2079999999999984
21
-107.695999999999998
0
LINE
8
BLACK
6
CONTINUOUS
10
152.2079999999999984
20
-110.2360019999999992
11
152.2079999999999984
21
-107.695999999999998
0
LINE
8
BLACK
6
CONTINUOUS
10
153.2239999999999895
20
-110.2360019999999992
11
155.2079999999999984
21
-110.2360019999999992
0
LINE
8
BLACK
6
CONTINUOUS
10
147.2239999999999895
20
-110.2360019999999992
11
149.2079999999999984
21
-110.2360019999999992
0
ARC
8
BLACK
10
152.7159999999999798
20
-107.695999999999998
40
0.508
50
0.00000000
51
180.00000000
0
LINE
8
BLACK
6
CONTINUOUS
10
141.2239999999999895
20
-110.2360019999999992
11
141.2239999999999895
21
-107.695999999999998
0
LINE
8
BLACK
6
CONTINUOUS
10
156.2239999999999895
20
-110.2360019999999992
11
156.2239999999999895
21
-107.695999999999998
0
LINE
8
BLACK
6
CONTINUOUS
10
153.2239999999999895
20
-110.2360019999999992
11
153.2239999999999895
21
-107.695999999999998
0
LINE
8
BLACK
6
CONTINUOUS
10
147.2239999999999895
20
-110.2360019999999992
11
147.2239999999999895
21
-107.695999999999998
0
LINE
8
BLACK
6
CONTINUOUS
10
150.2239999999999895
20
-110.2360019999999992
11
152.2079999999999984
21
-110.2360019999999992
0
LINE
8
BLACK
6
CONTINUOUS
10
138.2239999999999895
20
-110.2360019999999992
11
140.2079999999999984
21
-110.2360019999999992
0
LINE
8
BLACK
6
CONTINUOUS
10
146.2079999999999984
20
-110.2360019999999992
11
146.2079999999999984
21
-107.695999999999998
  0
ENDSEC
  0
EOF
