  0
SECTION
  2
HEADER
  9
$ANGBASE
  50
0.0
  9
$ANGDIR
  70
1
  9
$MEASUREMENT
  70
1
  0
ENDSEC
  0
SECTION
  2
TABLES
  0
TABLE
  2
LTYPE
  70
4
  0
LTYPE
  5
40F
  2
CONTINUOUS
  70
0
  3
Solid line
  72
65
  73
0
  40
0.0
  0
LTYPE
  5
410
  2
DASHDOT
 70
0
  3
Dash Dot ____ _ ____ _
 72
65
 73
4
 40
2.0
 49
1.25
 49
-0.25
 49
0.25
 49
-0.25
  0
LTYPE
  5
411
  2
DASHED
 70
0
  3
Dashed __ __ __ __ __
 72
65
 73
2
 40
0.75
 49
0.5
 49
-0.25
  0
LTYPE
  5
43B
  2
DOTTED
 70
0
  3
Dotted .  .  .  .
 72
65
 73
2
 40
0.2
 49
0.0
 49
-0.2
  0
ENDTAB
  0
TABLE
  2
STYLE
  70
4
  0
STYLE
  2
KICAD
  70
0
  40
0
  41
1
  42
1
  50
0
  71
0
  3
isocp.shx
  0
STYLE
  2
KICADB
  70
0
  40
0
  41
1
  42
1
  50
0
  71
0
  3
isocp.shx
  0
STYLE
  2
KICADI
  70
0
  40
0
  41
1
  42
1
  50
15
  71
0
  3
isocp.shx
  0
STYLE
  2
KICADBI
  70
0
  40
0
  41
1
  42
1
  50
15
  71
0
  3
isocp.shx
  0
ENDTAB
  0
TABLE
  2
LAYER
  70
1
  0
LAYER
  2
BLACK
  70
0
  62
7
  6
CONTINUOUS
  0
ENDTAB
  0
ENDSEC
  0
SECTION
  2
ENTITIES
0
LINE
8
BLACK
6
CONTINUOUS
10
159.5999999999999943
20
-108.5459999999999923
11
157.9000000000000057
21
-108.5459999999999923
0
LINE
8
BLACK
6
CONTINUOUS
10
157.9000000000000057
20
-108.5459999999999923
11
157.9000000000000057
21
-106.8459999999999894
0
LINE
8
BLACK
6
CONTINUOUS
10
157.9000000000000057
20
-106.8459999999999894
11
159.5999999999999943
21
-106.8459999999999894
0
LINE
8
BLACK
6
CONTINUOUS
10
159.5999999999999943
20
-106.8459999999999894
11
159.5999999999999943
21
-108.5459999999999923
0
LINE
8
BLACK
6
CONTINUOUS
10
161.5526639999999929
20
-106.8876020000000011
11
161.7150000000000034
21
-106.9598779999999891
0
LINE
8
BLACK
6
CONTINUOUS
10
161.7150000000000034
20
-106.9598779999999891
11
161.858760999999987
21
-107.0643269999999916
0
LINE
8
BLACK
6
CONTINUOUS
10
161.858760999999987
20
-107.0643269999999916
11
161.9776640000000043
21
-107.1963829999999973
0
LINE
8
BLACK
6
CONTINUOUS
10
161.9776640000000043
20
-107.1963829999999973
11
162.0665139999999838
21
-107.3502739999999989
0
LINE
8
BLACK
6
CONTINUOUS
10
162.0665139999999838
20
-107.3502739999999989
11
162.1214249999999879
21
-107.5192749999999933
0
LINE
8
BLACK
6
CONTINUOUS
10
162.1214249999999879
20
-107.5192749999999933
11
162.1399999999999864
21
-107.695999999999998
0
LINE
8
BLACK
6
CONTINUOUS
10
162.1399999999999864
20
-107.695999999999998
11
162.1214249999999879
21
-107.8727249999999884
0
LINE
8
BLACK
6
CONTINUOUS
10
162.1214249999999879
20
-107.8727249999999884
11
162.0665139999999838
21
-108.041725999999997
0
LINE
8
BLACK
6
CONTINUOUS
10
162.0665139999999838
20
-108.041725999999997
11
161.9776640000000043
21
-108.1956169999999986
0
LINE
8
BLACK
6
CONTINUOUS
10
161.9776640000000043
20
-108.1956169999999986
11
161.858760999999987
21
-108.3276729999999901
0
LINE
8
BLACK
6
CONTINUOUS
10
161.858760999999987
20
-108.3276729999999901
11
161.7150000000000034
21
-108.4321219999999926
0
LINE
8
BLACK
6
CONTINUOUS
10
161.7150000000000034
20
-108.4321219999999926
11
161.5526639999999929
21
-108.5043979999999948
0
LINE
8
BLACK
6
CONTINUOUS
10
161.5526639999999929
20
-108.5043979999999948
11
161.3788490000000024
21
-108.5413439999999952
0
LINE
8
BLACK
6
CONTINUOUS
10
161.3788490000000024
20
-108.5413439999999952
11
161.2011509999999817
21
-108.5413439999999952
0
LINE
8
BLACK
6
CONTINUOUS
10
161.2011509999999817
20
-108.5413439999999952
11
161.0273359999999911
21
-108.5043979999999948
0
LINE
8
BLACK
6
CONTINUOUS
10
161.0273359999999911
20
-108.5043979999999948
11
160.8649999999999807
21
-108.4321219999999926
0
LINE
8
BLACK
6
CONTINUOUS
10
160.8649999999999807
20
-108.4321219999999926
11
160.7212389999999971
21
-108.3276729999999901
0
LINE
8
BLACK
6
CONTINUOUS
10
160.7212389999999971
20
-108.3276729999999901
11
160.6023359999999798
21
-108.1956169999999986
0
LINE
8
BLACK
6
CONTINUOUS
10
160.6023359999999798
20
-108.1956169999999986
11
160.5134860000000003
21
-108.041725999999997
0
LINE
8
BLACK
6
CONTINUOUS
10
160.5134860000000003
20
-108.041725999999997
11
160.4585749999999962
21
-107.8727249999999884
0
LINE
8
BLACK
6
CONTINUOUS
10
160.4585749999999962
20
-107.8727249999999884
11
160.4399999999999977
21
-107.695999999999998
0
LINE
8
BLACK
6
CONTINUOUS
10
160.4399999999999977
20
-107.695999999999998
11
160.4585749999999962
21
-107.5192749999999933
0
LINE
8
BLACK
6
CONTINUOUS
10
160.4585749999999962
20
-107.5192749999999933
11
160.5134860000000003
21
-107.3502739999999989
0
LINE
8
BLACK
6
CONTINUOUS
10
160.5134860000000003
20
-107.3502739999999989
11
160.6023359999999798
21
-107.1963829999999973
0
LINE
8
BLACK
6
CONTINUOUS
10
160.6023359999999798
20
-107.1963829999999973
11
160.7212389999999971
21
-107.0643269999999916
0
LINE
8
BLACK
6
CONTINUOUS
10
160.7212389999999971
20
-107.0643269999999916
11
160.8649999999999807
21
-106.9598779999999891
0
LINE
8
BLACK
6
CONTINUOUS
10
160.8649999999999807
20
-106.9598779999999891
11
161.0273359999999911
21
-106.8876020000000011
0
LINE
8
BLACK
6
CONTINUOUS
10
161.0273359999999911
20
-106.8876020000000011
11
161.2011509999999817
21
-106.8506560000000007
0
LINE
8
BLACK
6
CONTINUOUS
10
161.2011509999999817
20
-106.8506560000000007
11
161.3788490000000024
21
-106.8506560000000007
0
LINE
8
BLACK
6
CONTINUOUS
10
161.3788490000000024
20
-106.8506560000000007
11
161.5526639999999929
21
-106.8876020000000011
0
LINE
8
BLACK
6
CONTINUOUS
10
164.092663999999985
20
-106.8876020000000011
11
164.2549999999999955
21
-106.9598779999999891
0
LINE
8
BLACK
6
CONTINUOUS
10
164.2549999999999955
20
-106.9598779999999891
11
164.398760999999979
21
-107.0643269999999916
0
LINE
8
BLACK
6
CONTINUOUS
10
164.398760999999979
20
-107.0643269999999916
11
164.5176639999999963
21
-107.1963829999999973
0
LINE
8
BLACK
6
CONTINUOUS
10
164.5176639999999963
20
-107.1963829999999973
11
164.6065140000000042
21
-107.3502739999999989
0
LINE
8
BLACK
6
CONTINUOUS
10
164.6065140000000042
20
-107.3502739999999989
11
164.6614249999999799
21
-107.5192749999999933
0
LINE
8
BLACK
6
CONTINUOUS
10
164.6614249999999799
20
-107.5192749999999933
11
164.6799999999999784
21
-107.695999999999998
0
LINE
8
BLACK
6
CONTINUOUS
10
164.6799999999999784
20
-107.695999999999998
11
164.6614249999999799
21
-107.8727249999999884
0
LINE
8
BLACK
6
CONTINUOUS
10
164.6614249999999799
20
-107.8727249999999884
11
164.6065140000000042
21
-108.041725999999997
0
LINE
8
BLACK
6
CONTINUOUS
10
164.6065140000000042
20
-108.041725999999997
11
164.5176639999999963
21
-108.1956169999999986
0
LINE
8
BLACK
6
CONTINUOUS
10
164.5176639999999963
20
-108.1956169999999986
11
164.398760999999979
21
-108.3276729999999901
0
LINE
8
BLACK
6
CONTINUOUS
10
164.398760999999979
20
-108.3276729999999901
11
164.2549999999999955
21
-108.4321219999999926
0
LINE
8
BLACK
6
CONTINUOUS
10
164.2549999999999955
20
-108.4321219999999926
11
164.092663999999985
21
-108.5043979999999948
0
LINE
8
BLACK
6
CONTINUOUS
10
164.092663999999985
20
-108.5043979999999948
11
163.9188489999999945
21
-108.5413439999999952
0
LINE
8
BLACK
6
CONTINUOUS
10
163.9188489999999945
20
-108.5413439999999952
11
163.7411510000000021
21
-108.5413439999999952
0
LINE
8
BLACK
6
CONTINUOUS
10
163.7411510000000021
20
-108.5413439999999952
11
163.5673359999999832
21
-108.5043979999999948
0
LINE
8
BLACK
6
CONTINUOUS
10
163.5673359999999832
20
-108.5043979999999948
11
163.4050000000000011
21
-108.4321219999999926
0
LINE
8
BLACK
6
CONTINUOUS
10
163.4050000000000011
20
-108.4321219999999926
11
163.2612389999999891
21
-108.3276729999999901
0
LINE
8
BLACK
6
CONTINUOUS
10
163.2612389999999891
20
-108.3276729999999901
11
163.1423360000000002
21
-108.1956169999999986
0
LINE
8
BLACK
6
CONTINUOUS
10
163.1423360000000002
20
-108.1956169999999986
11
163.0534859999999924
21
-108.041725999999997
0
LINE
8
BLACK
6
CONTINUOUS
10
163.0534859999999924
20
-108.041725999999997
11
162.9985749999999882
21
-107.8727249999999884
0
LINE
8
BLACK
6
CONTINUOUS
10
162.9985749999999882
20
-107.8727249999999884
11
162.9799999999999898
21
-107.695999999999998
0
LINE
8
BLACK
6
CONTINUOUS
10
162.9799999999999898
20
-107.695999999999998
11
162.9985749999999882
21
-107.5192749999999933
0
LINE
8
BLACK
6
CONTINUOUS
10
162.9985749999999882
20
-107.5192749999999933
11
163.0534859999999924
21
-107.3502739999999989
0
LINE
8
BLACK
6
CONTINUOUS
10
163.0534859999999924
20
-107.3502739999999989
11
163.1423360000000002
21
-107.1963829999999973
0
LINE
8
BLACK
6
CONTINUOUS
10
163.1423360000000002
20
-107.1963829999999973
11
163.2612389999999891
21
-107.0643269999999916
0
LINE
8
BLACK
6
CONTINUOUS
10
163.2612389999999891
20
-107.0643269999999916
11
163.4050000000000011
21
-106.9598779999999891
0
LINE
8
BLACK
6
CONTINUOUS
10
163.4050000000000011
20
-106.9598779999999891
11
163.5673359999999832
21
-106.8876020000000011
0
LINE
8
BLACK
6
CONTINUOUS
10
163.5673359999999832
20
-106.8876020000000011
11
163.7411510000000021
21
-106.8506560000000007
0
LINE
8
BLACK
6
CONTINUOUS
10
163.7411510000000021
20
-106.8506560000000007
11
163.9188489999999945
21
-106.8506560000000007
0
LINE
8
BLACK
6
CONTINUOUS
10
163.9188489999999945
20
-106.8506560000000007
11
164.092663999999985
21
-106.8876020000000011
0
LINE
8
BLACK
6
CONTINUOUS
10
166.6326640000000054
20
-106.8876020000000011
11
166.7949999999999875
21
-106.9598779999999891
0
LINE
8
BLACK
6
CONTINUOUS
10
166.7949999999999875
20
-106.9598779999999891
11
166.9387609999999995
21
-107.0643269999999916
0
LINE
8
BLACK
6
CONTINUOUS
10
166.9387609999999995
20
-107.0643269999999916
11
167.0576639999999884
21
-107.1963829999999973
0
LINE
8
BLACK
6
CONTINUOUS
10
167.0576639999999884
20
-107.1963829999999973
11
167.1465139999999963
21
-107.3502739999999989
0
LINE
8
BLACK
6
CONTINUOUS
10
167.1465139999999963
20
-107.3502739999999989
11
167.2014250000000004
21
-107.5192749999999933
0
LINE
8
BLACK
6
CONTINUOUS
10
167.2014250000000004
20
-107.5192749999999933
11
167.2199999999999989
21
-107.695999999999998
0
LINE
8
BLACK
6
CONTINUOUS
10
167.2199999999999989
20
-107.695999999999998
11
167.2014250000000004
21
-107.8727249999999884
0
LINE
8
BLACK
6
CONTINUOUS
10
167.2014250000000004
20
-107.8727249999999884
11
167.1465139999999963
21
-108.041725999999997
0
LINE
8
BLACK
6
CONTINUOUS
10
167.1465139999999963
20
-108.041725999999997
11
167.0576639999999884
21
-108.1956169999999986
0
LINE
8
BLACK
6
CONTINUOUS
10
167.0576639999999884
20
-108.1956169999999986
11
166.9387609999999995
21
-108.3276729999999901
0
LINE
8
BLACK
6
CONTINUOUS
10
166.9387609999999995
20
-108.3276729999999901
11
166.7949999999999875
21
-108.4321219999999926
0
LINE
8
BLACK
6
CONTINUOUS
10
166.7949999999999875
20
-108.4321219999999926
11
166.6326640000000054
21
-108.5043979999999948
0
LINE
8
BLACK
6
CONTINUOUS
10
166.6326640000000054
20
-108.5043979999999948
11
166.4588489999999865
21
-108.5413439999999952
0
LINE
8
BLACK
6
CONTINUOUS
10
166.4588489999999865
20
-108.5413439999999952
11
166.2811509999999942
21
-108.5413439999999952
0
LINE
8
BLACK
6
CONTINUOUS
10
166.2811509999999942
20
-108.5413439999999952
11
166.1073360000000037
21
-108.5043979999999948
0
LINE
8
BLACK
6
CONTINUOUS
10
166.1073360000000037
20
-108.5043979999999948
11
165.9449999999999932
21
-108.4321219999999926
0
LINE
8
BLACK
6
CONTINUOUS
10
165.9449999999999932
20
-108.4321219999999926
11
165.8012389999999812
21
-108.3276729999999901
0
LINE
8
BLACK
6
CONTINUOUS
10
165.8012389999999812
20
-108.3276729999999901
11
165.6823359999999923
21
-108.1956169999999986
0
LINE
8
BLACK
6
CONTINUOUS
10
165.6823359999999923
20
-108.1956169999999986
11
165.5934859999999844
21
-108.041725999999997
0
LINE
8
BLACK
6
CONTINUOUS
10
165.5934859999999844
20
-108.041725999999997
11
165.5385749999999803
21
-107.8727249999999884
0
LINE
8
BLACK
6
CONTINUOUS
10
165.5385749999999803
20
-107.8727249999999884
11
165.5199999999999818
21
-107.695999999999998
0
LINE
8
BLACK
6
CONTINUOUS
10
165.5199999999999818
20
-107.695999999999998
11
165.5385749999999803
21
-107.5192749999999933
0
LINE
8
BLACK
6
CONTINUOUS
10
165.5385749999999803
20
-107.5192749999999933
11
165.5934859999999844
21
-107.3502739999999989
0
LINE
8
BLACK
6
CONTINUOUS
10
165.5934859999999844
20
-107.3502739999999989
11
165.6823359999999923
21
-107.1963829999999973
0
LINE
8
BLACK
6
CONTINUOUS
10
165.6823359999999923
20
-107.1963829999999973
11
165.8012389999999812
21
-107.0643269999999916
0
LINE
8
BLACK
6
CONTINUOUS
10
165.8012389999999812
20
-107.0643269999999916
11
165.9449999999999932
21
-106.9598779999999891
0
LINE
8
BLACK
6
CONTINUOUS
10
165.9449999999999932
20
-106.9598779999999891
11
166.1073360000000037
21
-106.8876020000000011
0
LINE
8
BLACK
6
CONTINUOUS
10
166.1073360000000037
20
-106.8876020000000011
11
166.2811509999999942
21
-106.8506560000000007
0
LINE
8
BLACK
6
CONTINUOUS
10
166.2811509999999942
20
-106.8506560000000007
11
166.4588489999999865
21
-106.8506560000000007
0
LINE
8
BLACK
6
CONTINUOUS
10
166.4588489999999865
20
-106.8506560000000007
11
166.6326640000000054
21
-106.8876020000000011
0
LINE
8
BLACK
6
CONTINUOUS
10
139.3475609999999847
20
-106.9531049999999937
11
139.5086189999999817
21
-107.0094619999999992
0
LINE
8
BLACK
6
CONTINUOUS
10
139.5086189999999817
20
-107.0094619999999992
11
139.6530989999999974
21
-107.1002439999999893
0
LINE
8
BLACK
6
CONTINUOUS
10
139.6530989999999974
20
-107.1002439999999893
11
139.7737559999999917
21
-107.2209009999999978
0
LINE
8
BLACK
6
CONTINUOUS
10
139.7737559999999917
20
-107.2209009999999978
11
139.8645379999999818
21
-107.3653809999999993
0
LINE
8
BLACK
6
CONTINUOUS
10
139.8645379999999818
20
-107.3653809999999993
11
139.9208950000000016
21
-107.5264389999999963
0
LINE
8
BLACK
6
CONTINUOUS
10
139.9208950000000016
20
-107.5264389999999963
11
139.9399999999999977
21
-107.695999999999998
0
LINE
8
BLACK
6
CONTINUOUS
10
139.9399999999999977
20
-107.695999999999998
11
139.9208950000000016
21
-107.8655609999999996
0
LINE
8
BLACK
6
CONTINUOUS
10
139.9208950000000016
20
-107.8655609999999996
11
139.8645379999999818
21
-108.0266189999999966
0
LINE
8
BLACK
6
CONTINUOUS
10
139.8645379999999818
20
-108.0266189999999966
11
139.7737559999999917
21
-108.1710989999999981
0
LINE
8
BLACK
6
CONTINUOUS
10
139.7737559999999917
20
-108.1710989999999981
11
139.6530989999999974
21
-108.2917559999999924
0
LINE
8
BLACK
6
CONTINUOUS
10
139.6530989999999974
20
-108.2917559999999924
11
139.5086189999999817
21
-108.3825379999999967
0
LINE
8
BLACK
6
CONTINUOUS
10
139.5086189999999817
20
-108.3825379999999967
11
139.3475609999999847
21
-108.438894999999988
0
LINE
8
BLACK
6
CONTINUOUS
10
139.3475609999999847
20
-108.438894999999988
11
139.1779999999999973
21
-108.4579999999999984
0
LINE
8
BLACK
6
CONTINUOUS
10
139.1779999999999973
20
-108.4579999999999984
11
139.0084389999999814
21
-108.438894999999988
0
LINE
8
BLACK
6
CONTINUOUS
10
139.0084389999999814
20
-108.438894999999988
11
138.8473809999999844
21
-108.3825379999999967
0
LINE
8
BLACK
6
CONTINUOUS
10
138.8473809999999844
20
-108.3825379999999967
11
138.7029009999999971
21
-108.2917559999999924
0
LINE
8
BLACK
6
CONTINUOUS
10
138.7029009999999971
20
-108.2917559999999924
11
138.5822440000000029
21
-108.1710989999999981
0
LINE
8
BLACK
6
CONTINUOUS
10
138.5822440000000029
20
-108.1710989999999981
11
138.4914619999999843
21
-108.0266189999999966
0
LINE
8
BLACK
6
CONTINUOUS
10
138.4914619999999843
20
-108.0266189999999966
11
138.435104999999993
21
-107.8655609999999996
0
LINE
8
BLACK
6
CONTINUOUS
10
138.435104999999993
20
-107.8655609999999996
11
138.4159999999999968
21
-107.695999999999998
0
LINE
8
BLACK
6
CONTINUOUS
10
138.4159999999999968
20
-107.695999999999998
11
138.435104999999993
21
-107.5264389999999963
0
LINE
8
BLACK
6
CONTINUOUS
10
138.435104999999993
20
-107.5264389999999963
11
138.4914619999999843
21
-107.3653809999999993
0
LINE
8
BLACK
6
CONTINUOUS
10
138.4914619999999843
20
-107.3653809999999993
11
138.5822440000000029
21
-107.2209009999999978
0
LINE
8
BLACK
6
CONTINUOUS
10
138.5822440000000029
20
-107.2209009999999978
11
138.7029009999999971
21
-107.1002439999999893
0
LINE
8
BLACK
6
CONTINUOUS
10
138.7029009999999971
20
-107.1002439999999893
11
138.8473809999999844
21
-107.0094619999999992
0
LINE
8
BLACK
6
CONTINUOUS
10
138.8473809999999844
20
-107.0094619999999992
11
139.0084389999999814
21
-106.9531049999999937
0
LINE
8
BLACK
6
CONTINUOUS
10
139.0084389999999814
20
-106.9531049999999937
11
139.1779999999999973
21
-106.9339999999999975
0
LINE
8
BLACK
6
CONTINUOUS
10
139.1779999999999973
20
-106.9339999999999975
11
139.3475609999999847
21
-106.9531049999999937
0
LINE
8
BLACK
6
CONTINUOUS
10
142.3475609999999847
20
-106.9531049999999937
11
142.5086189999999817
21
-107.0094619999999992
0
LINE
8
BLACK
6
CONTINUOUS
10
142.5086189999999817
20
-107.0094619999999992
11
142.6530989999999974
21
-107.1002439999999893
0
LINE
8
BLACK
6
CONTINUOUS
10
142.6530989999999974
20
-107.1002439999999893
11
142.7737559999999917
21
-107.2209009999999978
0
LINE
8
BLACK
6
CONTINUOUS
10
142.7737559999999917
20
-107.2209009999999978
11
142.8645379999999818
21
-107.3653809999999993
0
LINE
8
BLACK
6
CONTINUOUS
10
142.8645379999999818
20
-107.3653809999999993
11
142.9208950000000016
21
-107.5264389999999963
0
LINE
8
BLACK
6
CONTINUOUS
10
142.9208950000000016
20
-107.5264389999999963
11
142.9399999999999977
21
-107.695999999999998
0
LINE
8
BLACK
6
CONTINUOUS
10
142.9399999999999977
20
-107.695999999999998
11
142.9208950000000016
21
-107.8655609999999996
0
LINE
8
BLACK
6
CONTINUOUS
10
142.9208950000000016
20
-107.8655609999999996
11
142.8645379999999818
21
-108.0266189999999966
0
LINE
8
BLACK
6
CONTINUOUS
10
142.8645379999999818
20
-108.0266189999999966
11
142.7737559999999917
21
-108.1710989999999981
0
LINE
8
BLACK
6
CONTINUOUS
10
142.7737559999999917
20
-108.1710989999999981
11
142.6530989999999974
21
-108.2917559999999924
0
LINE
8
BLACK
6
CONTINUOUS
10
142.6530989999999974
20
-108.2917559999999924
11
142.5086189999999817
21
-108.3825379999999967
0
LINE
8
BLACK
6
CONTINUOUS
10
142.5086189999999817
20
-108.3825379999999967
11
142.3475609999999847
21
-108.438894999999988
0
LINE
8
BLACK
6
CONTINUOUS
10
142.3475609999999847
20
-108.438894999999988
11
142.1779999999999973
21
-108.4579999999999984
0
LINE
8
BLACK
6
CONTINUOUS
10
142.1779999999999973
20
-108.4579999999999984
11
142.0084389999999814
21
-108.438894999999988
0
LINE
8
BLACK
6
CONTINUOUS
10
142.0084389999999814
20
-108.438894999999988
11
141.8473809999999844
21
-108.3825379999999967
0
LINE
8
BLACK
6
CONTINUOUS
10
141.8473809999999844
20
-108.3825379999999967
11
141.7029009999999971
21
-108.2917559999999924
0
LINE
8
BLACK
6
CONTINUOUS
10
141.7029009999999971
20
-108.2917559999999924
11
141.5822440000000029
21
-108.1710989999999981
0
LINE
8
BLACK
6
CONTINUOUS
10
141.5822440000000029
20
-108.1710989999999981
11
141.4914619999999843
21
-108.0266189999999966
0
LINE
8
BLACK
6
CONTINUOUS
10
141.4914619999999843
20
-108.0266189999999966
11
141.435104999999993
21
-107.8655609999999996
0
LINE
8
BLACK
6
CONTINUOUS
10
141.435104999999993
20
-107.8655609999999996
11
141.4159999999999968
21
-107.695999999999998
0
LINE
8
BLACK
6
CONTINUOUS
10
141.4159999999999968
20
-107.695999999999998
11
141.435104999999993
21
-107.5264389999999963
0
LINE
8
BLACK
6
CONTINUOUS
10
141.435104999999993
20
-107.5264389999999963
11
141.4914619999999843
21
-107.3653809999999993
0
LINE
8
BLACK
6
CONTINUOUS
10
141.4914619999999843
20
-107.3653809999999993
11
141.5822440000000029
21
-107.2209009999999978
0
LINE
8
BLACK
6
CONTINUOUS
10
141.5822440000000029
20
-107.2209009999999978
11
141.7029009999999971
21
-107.1002439999999893
0
LINE
8
BLACK
6
CONTINUOUS
10
141.7029009999999971
20
-107.1002439999999893
11
141.8473809999999844
21
-107.0094619999999992
0
LINE
8
BLACK
6
CONTINUOUS
10
141.8473809999999844
20
-107.0094619999999992
11
142.0084389999999814
21
-106.9531049999999937
0
LINE
8
BLACK
6
CONTINUOUS
10
142.0084389999999814
20
-106.9531049999999937
11
142.1779999999999973
21
-106.9339999999999975
0
LINE
8
BLACK
6
CONTINUOUS
10
142.1779999999999973
20
-106.9339999999999975
11
142.3475609999999847
21
-106.9531049999999937
0
LINE
8
BLACK
6
CONTINUOUS
10
145.3475609999999847
20
-106.9531049999999937
11
145.5086189999999817
21
-107.0094619999999992
0
LINE
8
BLACK
6
CONTINUOUS
10
145.5086189999999817
20
-107.0094619999999992
11
145.6530989999999974
21
-107.1002439999999893
0
LINE
8
BLACK
6
CONTINUOUS
10
145.6530989999999974
20
-107.1002439999999893
11
145.7737559999999917
21
-107.2209009999999978
0
LINE
8
BLACK
6
CONTINUOUS
10
145.7737559999999917
20
-107.2209009999999978
11
145.8645379999999818
21
-107.3653809999999993
0
LINE
8
BLACK
6
CONTINUOUS
10
145.8645379999999818
20
-107.3653809999999993
11
145.9208950000000016
21
-107.5264389999999963
0
LINE
8
BLACK
6
CONTINUOUS
10
145.9208950000000016
20
-107.5264389999999963
11
145.9399999999999977
21
-107.695999999999998
0
LINE
8
BLACK
6
CONTINUOUS
10
145.9399999999999977
20
-107.695999999999998
11
145.9208950000000016
21
-107.8655609999999996
0
LINE
8
BLACK
6
CONTINUOUS
10
145.9208950000000016
20
-107.8655609999999996
11
145.8645379999999818
21
-108.0266189999999966
0
LINE
8
BLACK
6
CONTINUOUS
10
145.8645379999999818
20
-108.0266189999999966
11
145.7737559999999917
21
-108.1710989999999981
0
LINE
8
BLACK
6
CONTINUOUS
10
145.7737559999999917
20
-108.1710989999999981
11
145.6530989999999974
21
-108.2917559999999924
0
LINE
8
BLACK
6
CONTINUOUS
10
145.6530989999999974
20
-108.2917559999999924
11
145.5086189999999817
21
-108.3825379999999967
0
LINE
8
BLACK
6
CONTINUOUS
10
145.5086189999999817
20
-108.3825379999999967
11
145.3475609999999847
21
-108.438894999999988
0
LINE
8
BLACK
6
CONTINUOUS
10
145.3475609999999847
20
-108.438894999999988
11
145.1779999999999973
21
-108.4579999999999984
0
LINE
8
BLACK
6
CONTINUOUS
10
145.1779999999999973
20
-108.4579999999999984
11
145.0084389999999814
21
-108.438894999999988
0
LINE
8
BLACK
6
CONTINUOUS
10
145.0084389999999814
20
-108.438894999999988
11
144.8473809999999844
21
-108.3825379999999967
0
LINE
8
BLACK
6
CONTINUOUS
10
144.8473809999999844
20
-108.3825379999999967
11
144.7029009999999971
21
-108.2917559999999924
0
LINE
8
BLACK
6
CONTINUOUS
10
144.7029009999999971
20
-108.2917559999999924
11
144.5822440000000029
21
-108.1710989999999981
0
LINE
8
BLACK
6
CONTINUOUS
10
144.5822440000000029
20
-108.1710989999999981
11
144.4914619999999843
21
-108.0266189999999966
0
LINE
8
BLACK
6
CONTINUOUS
10
144.4914619999999843
20
-108.0266189999999966
11
144.435104999999993
21
-107.8655609999999996
0
LINE
8
BLACK
6
CONTINUOUS
10
144.435104999999993
20
-107.8655609999999996
11
144.4159999999999968
21
-107.695999999999998
0
LINE
8
BLACK
6
CONTINUOUS
10
144.4159999999999968
20
-107.695999999999998
11
144.435104999999993
21
-107.5264389999999963
0
LINE
8
BLACK
6
CONTINUOUS
10
144.435104999999993
20
-107.5264389999999963
11
144.4914619999999843
21
-107.3653809999999993
0
LINE
8
BLACK
6
CONTINUOUS
10
144.4914619999999843
20
-107.3653809999999993
11
144.5822440000000029
21
-107.2209009999999978
0
LINE
8
BLACK
6
CONTINUOUS
10
144.5822440000000029
20
-107.2209009999999978
11
144.7029009999999971
21
-107.1002439999999893
0
LINE
8
BLACK
6
CONTINUOUS
10
144.7029009999999971
20
-107.1002439999999893
11
144.8473809999999844
21
-107.0094619999999992
0
LINE
8
BLACK
6
CONTINUOUS
10
144.8473809999999844
20
-107.0094619999999992
11
145.0084389999999814
21
-106.9531049999999937
0
LINE
8
BLACK
6
CONTINUOUS
10
145.0084389999999814
20
-106.9531049999999937
11
145.1779999999999973
21
-106.9339999999999975
0
LINE
8
BLACK
6
CONTINUOUS
10
145.1779999999999973
20
-106.9339999999999975
11
145.3475609999999847
21
-106.9531049999999937
0
LINE
8
BLACK
6
CONTINUOUS
10
148.3475609999999847
20
-106.9531049999999937
11
148.5086189999999817
21
-107.0094619999999992
0
LINE
8
BLACK
6
CONTINUOUS
10
148.5086189999999817
20
-107.0094619999999992
11
148.6530989999999974
21
-107.1002439999999893
0
LINE
8
BLACK
6
CONTINUOUS
10
148.6530989999999974
20
-107.1002439999999893
11
148.7737559999999917
21
-107.2209009999999978
0
LINE
8
BLACK
6
CONTINUOUS
10
148.7737559999999917
20
-107.2209009999999978
11
148.8645379999999818
21
-107.3653809999999993
0
LINE
8
BLACK
6
CONTINUOUS
10
148.8645379999999818
20
-107.3653809999999993
11
148.9208950000000016
21
-107.5264389999999963
0
LINE
8
BLACK
6
CONTINUOUS
10
148.9208950000000016
20
-107.5264389999999963
11
148.9399999999999977
21
-107.695999999999998
0
LINE
8
BLACK
6
CONTINUOUS
10
148.9399999999999977
20
-107.695999999999998
11
148.9208950000000016
21
-107.8655609999999996
0
LINE
8
BLACK
6
CONTINUOUS
10
148.9208950000000016
20
-107.8655609999999996
11
148.8645379999999818
21
-108.0266189999999966
0
LINE
8
BLACK
6
CONTINUOUS
10
148.8645379999999818
20
-108.0266189999999966
11
148.7737559999999917
21
-108.1710989999999981
0
LINE
8
BLACK
6
CONTINUOUS
10
148.7737559999999917
20
-108.1710989999999981
11
148.6530989999999974
21
-108.2917559999999924
0
LINE
8
BLACK
6
CONTINUOUS
10
148.6530989999999974
20
-108.2917559999999924
11
148.5086189999999817
21
-108.3825379999999967
0
LINE
8
BLACK
6
CONTINUOUS
10
148.5086189999999817
20
-108.3825379999999967
11
148.3475609999999847
21
-108.438894999999988
0
LINE
8
BLACK
6
CONTINUOUS
10
148.3475609999999847
20
-108.438894999999988
11
148.1779999999999973
21
-108.4579999999999984
0
LINE
8
BLACK
6
CONTINUOUS
10
148.1779999999999973
20
-108.4579999999999984
11
148.0084389999999814
21
-108.438894999999988
0
LINE
8
BLACK
6
CONTINUOUS
10
148.0084389999999814
20
-108.438894999999988
11
147.8473809999999844
21
-108.3825379999999967
0
LINE
8
BLACK
6
CONTINUOUS
10
147.8473809999999844
20
-108.3825379999999967
11
147.7029009999999971
21
-108.2917559999999924
0
LINE
8
BLACK
6
CONTINUOUS
10
147.7029009999999971
20
-108.2917559999999924
11
147.5822440000000029
21
-108.1710989999999981
0
LINE
8
BLACK
6
CONTINUOUS
10
147.5822440000000029
20
-108.1710989999999981
11
147.4914619999999843
21
-108.0266189999999966
0
LINE
8
BLACK
6
CONTINUOUS
10
147.4914619999999843
20
-108.0266189999999966
11
147.435104999999993
21
-107.8655609999999996
0
LINE
8
BLACK
6
CONTINUOUS
10
147.435104999999993
20
-107.8655609999999996
11
147.4159999999999968
21
-107.695999999999998
0
LINE
8
BLACK
6
CONTINUOUS
10
147.4159999999999968
20
-107.695999999999998
11
147.435104999999993
21
-107.5264389999999963
0
LINE
8
BLACK
6
CONTINUOUS
10
147.435104999999993
20
-107.5264389999999963
11
147.4914619999999843
21
-107.3653809999999993
0
LINE
8
BLACK
6
CONTINUOUS
10
147.4914619999999843
20
-107.3653809999999993
11
147.5822440000000029
21
-107.2209009999999978
0
LINE
8
BLACK
6
CONTINUOUS
10
147.5822440000000029
20
-107.2209009999999978
11
147.7029009999999971
21
-107.1002439999999893
0
LINE
8
BLACK
6
CONTINUOUS
10
147.7029009999999971
20
-107.1002439999999893
11
147.8473809999999844
21
-107.0094619999999992
0
LINE
8
BLACK
6
CONTINUOUS
10
147.8473809999999844
20
-107.0094619999999992
11
148.0084389999999814
21
-106.9531049999999937
0
LINE
8
BLACK
6
CONTINUOUS
10
148.0084389999999814
20
-106.9531049999999937
11
148.1779999999999973
21
-106.9339999999999975
0
LINE
8
BLACK
6
CONTINUOUS
10
148.1779999999999973
20
-106.9339999999999975
11
148.3475609999999847
21
-106.9531049999999937
0
LINE
8
BLACK
6
CONTINUOUS
10
151.3475609999999847
20
-106.9531049999999937
11
151.5086189999999817
21
-107.0094619999999992
0
LINE
8
BLACK
6
CONTINUOUS
10
151.5086189999999817
20
-107.0094619999999992
11
151.6530989999999974
21
-107.1002439999999893
0
LINE
8
BLACK
6
CONTINUOUS
10
151.6530989999999974
20
-107.1002439999999893
11
151.7737559999999917
21
-107.2209009999999978
0
LINE
8
BLACK
6
CONTINUOUS
10
151.7737559999999917
20
-107.2209009999999978
11
151.8645379999999818
21
-107.3653809999999993
0
LINE
8
BLACK
6
CONTINUOUS
10
151.8645379999999818
20
-107.3653809999999993
11
151.9208950000000016
21
-107.5264389999999963
0
LINE
8
BLACK
6
CONTINUOUS
10
151.9208950000000016
20
-107.5264389999999963
11
151.9399999999999977
21
-107.695999999999998
0
LINE
8
BLACK
6
CONTINUOUS
10
151.9399999999999977
20
-107.695999999999998
11
151.9208950000000016
21
-107.8655609999999996
0
LINE
8
BLACK
6
CONTINUOUS
10
151.9208950000000016
20
-107.8655609999999996
11
151.8645379999999818
21
-108.0266189999999966
0
LINE
8
BLACK
6
CONTINUOUS
10
151.8645379999999818
20
-108.0266189999999966
11
151.7737559999999917
21
-108.1710989999999981
0
LINE
8
BLACK
6
CONTINUOUS
10
151.7737559999999917
20
-108.1710989999999981
11
151.6530989999999974
21
-108.2917559999999924
0
LINE
8
BLACK
6
CONTINUOUS
10
151.6530989999999974
20
-108.2917559999999924
11
151.5086189999999817
21
-108.3825379999999967
0
LINE
8
BLACK
6
CONTINUOUS
10
151.5086189999999817
20
-108.3825379999999967
11
151.3475609999999847
21
-108.438894999999988
0
LINE
8
BLACK
6
CONTINUOUS
10
151.3475609999999847
20
-108.438894999999988
11
151.1779999999999973
21
-108.4579999999999984
0
LINE
8
BLACK
6
CONTINUOUS
10
151.1779999999999973
20
-108.4579999999999984
11
151.0084389999999814
21
-108.438894999999988
0
LINE
8
BLACK
6
CONTINUOUS
10
151.0084389999999814
20
-108.438894999999988
11
150.8473809999999844
21
-108.3825379999999967
0
LINE
8
BLACK
6
CONTINUOUS
10
150.8473809999999844
20
-108.3825379999999967
11
150.7029009999999971
21
-108.2917559999999924
0
LINE
8
BLACK
6
CONTINUOUS
10
150.7029009999999971
20
-108.2917559999999924
11
150.5822440000000029
21
-108.1710989999999981
0
LINE
8
BLACK
6
CONTINUOUS
10
150.5822440000000029
20
-108.1710989999999981
11
150.4914619999999843
21
-108.0266189999999966
0
LINE
8
BLACK
6
CONTINUOUS
10
150.4914619999999843
20
-108.0266189999999966
11
150.435104999999993
21
-107.8655609999999996
0
LINE
8
BLACK
6
CONTINUOUS
10
150.435104999999993
20
-107.8655609999999996
11
150.4159999999999968
21
-107.695999999999998
0
LINE
8
BLACK
6
CONTINUOUS
10
150.4159999999999968
20
-107.695999999999998
11
150.435104999999993
21
-107.5264389999999963
0
LINE
8
BLACK
6
CONTINUOUS
10
150.435104999999993
20
-107.5264389999999963
11
150.4914619999999843
21
-107.3653809999999993
0
LINE
8
BLACK
6
CONTINUOUS
10
150.4914619999999843
20
-107.3653809999999993
11
150.5822440000000029
21
-107.2209009999999978
0
LINE
8
BLACK
6
CONTINUOUS
10
150.5822440000000029
20
-107.2209009999999978
11
150.7029009999999971
21
-107.1002439999999893
0
LINE
8
BLACK
6
CONTINUOUS
10
150.7029009999999971
20
-107.1002439999999893
11
150.8473809999999844
21
-107.0094619999999992
0
LINE
8
BLACK
6
CONTINUOUS
10
150.8473809999999844
20
-107.0094619999999992
11
151.0084389999999814
21
-106.9531049999999937
0
LINE
8
BLACK
6
CONTINUOUS
10
151.0084389999999814
20
-106.9531049999999937
11
151.1779999999999973
21
-106.9339999999999975
0
LINE
8
BLACK
6
CONTINUOUS
10
151.1779999999999973
20
-106.9339999999999975
11
151.3475609999999847
21
-106.9531049999999937
0
LINE
8
BLACK
6
CONTINUOUS
10
154.3475609999999847
20
-106.9531049999999937
11
154.5086189999999817
21
-107.0094619999999992
0
LINE
8
BLACK
6
CONTINUOUS
10
154.5086189999999817
20
-107.0094619999999992
11
154.6530989999999974
21
-107.1002439999999893
0
LINE
8
BLACK
6
CONTINUOUS
10
154.6530989999999974
20
-107.1002439999999893
11
154.7737559999999917
21
-107.2209009999999978
0
LINE
8
BLACK
6
CONTINUOUS
10
154.7737559999999917
20
-107.2209009999999978
11
154.8645379999999818
21
-107.3653809999999993
0
LINE
8
BLACK
6
CONTINUOUS
10
154.8645379999999818
20
-107.3653809999999993
11
154.9208950000000016
21
-107.5264389999999963
0
LINE
8
BLACK
6
CONTINUOUS
10
154.9208950000000016
20
-107.5264389999999963
11
154.9399999999999977
21
-107.695999999999998
0
LINE
8
BLACK
6
CONTINUOUS
10
154.9399999999999977
20
-107.695999999999998
11
154.9208950000000016
21
-107.8655609999999996
0
LINE
8
BLACK
6
CONTINUOUS
10
154.9208950000000016
20
-107.8655609999999996
11
154.8645379999999818
21
-108.0266189999999966
0
LINE
8
BLACK
6
CONTINUOUS
10
154.8645379999999818
20
-108.0266189999999966
11
154.7737559999999917
21
-108.1710989999999981
0
LINE
8
BLACK
6
CONTINUOUS
10
154.7737559999999917
20
-108.1710989999999981
11
154.6530989999999974
21
-108.2917559999999924
0
LINE
8
BLACK
6
CONTINUOUS
10
154.6530989999999974
20
-108.2917559999999924
11
154.5086189999999817
21
-108.3825379999999967
0
LINE
8
BLACK
6
CONTINUOUS
10
154.5086189999999817
20
-108.3825379999999967
11
154.3475609999999847
21
-108.438894999999988
0
LINE
8
BLACK
6
CONTINUOUS
10
154.3475609999999847
20
-108.438894999999988
11
154.1779999999999973
21
-108.4579999999999984
0
LINE
8
BLACK
6
CONTINUOUS
10
154.1779999999999973
20
-108.4579999999999984
11
154.0084389999999814
21
-108.438894999999988
0
LINE
8
BLACK
6
CONTINUOUS
10
154.0084389999999814
20
-108.438894999999988
11
153.8473809999999844
21
-108.3825379999999967
0
LINE
8
BLACK
6
CONTINUOUS
10
153.8473809999999844
20
-108.3825379999999967
11
153.7029009999999971
21
-108.2917559999999924
0
LINE
8
BLACK
6
CONTINUOUS
10
153.7029009999999971
20
-108.2917559999999924
11
153.5822440000000029
21
-108.1710989999999981
0
LINE
8
BLACK
6
CONTINUOUS
10
153.5822440000000029
20
-108.1710989999999981
11
153.4914619999999843
21
-108.0266189999999966
0
LINE
8
BLACK
6
CONTINUOUS
10
153.4914619999999843
20
-108.0266189999999966
11
153.435104999999993
21
-107.8655609999999996
0
LINE
8
BLACK
6
CONTINUOUS
10
153.435104999999993
20
-107.8655609999999996
11
153.4159999999999968
21
-107.695999999999998
0
LINE
8
BLACK
6
CONTINUOUS
10
153.4159999999999968
20
-107.695999999999998
11
153.435104999999993
21
-107.5264389999999963
0
LINE
8
BLACK
6
CONTINUOUS
10
153.435104999999993
20
-107.5264389999999963
11
153.4914619999999843
21
-107.3653809999999993
0
LINE
8
BLACK
6
CONTINUOUS
10
153.4914619999999843
20
-107.3653809999999993
11
153.5822440000000029
21
-107.2209009999999978
0
LINE
8
BLACK
6
CONTINUOUS
10
153.5822440000000029
20
-107.2209009999999978
11
153.7029009999999971
21
-107.1002439999999893
0
LINE
8
BLACK
6
CONTINUOUS
10
153.7029009999999971
20
-107.1002439999999893
11
153.8473809999999844
21
-107.0094619999999992
0
LINE
8
BLACK
6
CONTINUOUS
10
153.8473809999999844
20
-107.0094619999999992
11
154.0084389999999814
21
-106.9531049999999937
0
LINE
8
BLACK
6
CONTINUOUS
10
154.0084389999999814
20
-106.9531049999999937
11
154.1779999999999973
21
-106.9339999999999975
0
LINE
8
BLACK
6
CONTINUOUS
10
154.1779999999999973
20
-106.9339999999999975
11
154.3475609999999847
21
-106.9531049999999937
0
LINE
8
BLACK
6
CONTINUOUS
10
162.7956709999999987
20
-98.4190299999999922
11
162.8767770000000041
21
-98.4732229999999902
0
LINE
8
BLACK
6
CONTINUOUS
10
162.8767770000000041
20
-98.4732229999999902
11
162.9309700000000021
21
-98.5543289999999956
0
LINE
8
BLACK
6
CONTINUOUS
10
162.9309700000000021
20
-98.5543289999999956
11
162.9499989999999912
21
-98.6499999999999915
0
LINE
8
BLACK
6
CONTINUOUS
10
162.9499989999999912
20
-98.6499999999999915
11
162.9499999999999886
21
-100.1250009999999975
0
LINE
8
BLACK
6
CONTINUOUS
10
162.9499999999999886
20
-100.1250009999999975
11
162.9309700000000021
21
-100.2206709999999958
0
LINE
8
BLACK
6
CONTINUOUS
10
162.9309700000000021
20
-100.2206709999999958
11
162.8767770000000041
21
-100.3017770000000013
0
LINE
8
BLACK
6
CONTINUOUS
10
162.8767770000000041
20
-100.3017770000000013
11
162.7956709999999987
21
-100.3559699999999992
0
LINE
8
BLACK
6
CONTINUOUS
10
162.7956709999999987
20
-100.3559699999999992
11
162.6999999999999886
21
-100.3749990000000025
0
LINE
8
BLACK
6
CONTINUOUS
10
162.6999999999999886
20
-100.3749990000000025
11
157.7999989999999855
21
-100.375
0
LINE
8
BLACK
6
CONTINUOUS
10
157.7999989999999855
20
-100.375
11
157.7043290000000013
21
-100.3559699999999992
0
LINE
8
BLACK
6
CONTINUOUS
10
157.7043290000000013
20
-100.3559699999999992
11
157.6232229999999959
21
-100.3017770000000013
0
LINE
8
BLACK
6
CONTINUOUS
10
157.6232229999999959
20
-100.3017770000000013
11
157.5690299999999979
21
-100.2206709999999958
0
LINE
8
BLACK
6
CONTINUOUS
10
157.5690299999999979
20
-100.2206709999999958
11
157.5500009999999804
21
-100.125
0
LINE
8
BLACK
6
CONTINUOUS
10
157.5500009999999804
20
-100.125
11
157.5499999999999829
21
-98.649998999999994
0
LINE
8
BLACK
6
CONTINUOUS
10
157.5499999999999829
20
-98.649998999999994
11
157.5690299999999979
21
-98.5543289999999956
0
LINE
8
BLACK
6
CONTINUOUS
10
157.5690299999999979
20
-98.5543289999999956
11
157.6232229999999959
21
-98.4732229999999902
0
LINE
8
BLACK
6
CONTINUOUS
10
157.6232229999999959
20
-98.4732229999999902
11
157.7043290000000013
21
-98.4190299999999922
0
LINE
8
BLACK
6
CONTINUOUS
10
157.7043290000000013
20
-98.4190299999999922
11
157.7999999999999829
21
-98.4000009999999889
0
LINE
8
BLACK
6
CONTINUOUS
10
157.7999999999999829
20
-98.4000009999999889
11
162.7000009999999861
21
-98.3999999999999915
0
LINE
8
BLACK
6
CONTINUOUS
10
162.7000009999999861
20
-98.3999999999999915
11
162.7956709999999987
21
-98.4190299999999922
0
LINE
8
BLACK
6
CONTINUOUS
10
164.4733870000000024
20
-98.434078999999997
11
164.5504379999999855
21
-98.4855620000000016
0
LINE
8
BLACK
6
CONTINUOUS
10
164.5504379999999855
20
-98.4855620000000016
11
164.6019210000000044
21
-98.5626129999999989
0
LINE
8
BLACK
6
CONTINUOUS
10
164.6019210000000044
20
-98.5626129999999989
11
164.6200000000000045
21
-98.653499999999994
0
LINE
8
BLACK
6
CONTINUOUS
10
164.6200000000000045
20
-98.653499999999994
11
164.6200000000000045
21
-99.2535000000000025
0
LINE
8
BLACK
6
CONTINUOUS
10
164.6200000000000045
20
-99.2535000000000025
11
164.6019210000000044
21
-99.3443869999999976
0
LINE
8
BLACK
6
CONTINUOUS
10
164.6019210000000044
20
-99.3443869999999976
11
164.5504379999999855
21
-99.4214379999999949
0
LINE
8
BLACK
6
CONTINUOUS
10
164.5504379999999855
20
-99.4214379999999949
11
164.4733870000000024
21
-99.4729209999999995
0
LINE
8
BLACK
6
CONTINUOUS
10
164.4733870000000024
20
-99.4729209999999995
11
164.3824999999999932
21
-99.4909999999999997
0
LINE
8
BLACK
6
CONTINUOUS
10
164.3824999999999932
20
-99.4909999999999997
11
163.9074999999999989
21
-99.4909999999999997
0
LINE
8
BLACK
6
CONTINUOUS
10
163.9074999999999989
20
-99.4909999999999997
11
163.8166129999999896
21
-99.4729209999999995
0
LINE
8
BLACK
6
CONTINUOUS
10
163.8166129999999896
20
-99.4729209999999995
11
163.7395620000000065
21
-99.4214379999999949
0
LINE
8
BLACK
6
CONTINUOUS
10
163.7395620000000065
20
-99.4214379999999949
11
163.6880789999999877
21
-99.3443869999999976
0
LINE
8
BLACK
6
CONTINUOUS
10
163.6880789999999877
20
-99.3443869999999976
11
163.6699999999999875
21
-99.2535000000000025
0
LINE
8
BLACK
6
CONTINUOUS
10
163.6699999999999875
20
-99.2535000000000025
11
163.6699999999999875
21
-98.653499999999994
0
LINE
8
BLACK
6
CONTINUOUS
10
163.6699999999999875
20
-98.653499999999994
11
163.6880789999999877
21
-98.5626129999999989
0
LINE
8
BLACK
6
CONTINUOUS
10
163.6880789999999877
20
-98.5626129999999989
11
163.7395620000000065
21
-98.4855620000000016
0
LINE
8
BLACK
6
CONTINUOUS
10
163.7395620000000065
20
-98.4855620000000016
11
163.8166129999999896
21
-98.434078999999997
0
LINE
8
BLACK
6
CONTINUOUS
10
163.8166129999999896
20
-98.434078999999997
11
163.9074999999999989
21
-98.4159999999999968
0
LINE
8
BLACK
6
CONTINUOUS
10
163.9074999999999989
20
-98.4159999999999968
11
164.3824999999999932
21
-98.4159999999999968
0
LINE
8
BLACK
6
CONTINUOUS
10
164.3824999999999932
20
-98.4159999999999968
11
164.4733870000000024
21
-98.434078999999997
0
LINE
8
BLACK
6
CONTINUOUS
10
166.3673869999999795
20
-98.1420789999999954
11
166.444437999999991
21
-98.193562
0
LINE
8
BLACK
6
CONTINUOUS
10
166.444437999999991
20
-98.193562
11
166.4959209999999814
21
-98.2706129999999973
0
LINE
8
BLACK
6
CONTINUOUS
10
166.4959209999999814
20
-98.2706129999999973
11
166.5139999999999816
21
-98.3614999999999924
0
LINE
8
BLACK
6
CONTINUOUS
10
166.5139999999999816
20
-98.3614999999999924
11
166.5139999999999816
21
-98.8365000000000009
0
LINE
8
BLACK
6
CONTINUOUS
10
166.5139999999999816
20
-98.8365000000000009
11
166.4959209999999814
21
-98.927386999999996
0
LINE
8
BLACK
6
CONTINUOUS
10
166.4959209999999814
20
-98.927386999999996
11
166.444437999999991
21
-99.0044379999999933
0
LINE
8
BLACK
6
CONTINUOUS
10
166.444437999999991
20
-99.0044379999999933
11
166.3673869999999795
21
-99.0559209999999979
0
LINE
8
BLACK
6
CONTINUOUS
10
166.3673869999999795
20
-99.0559209999999979
11
166.2764999999999986
21
-99.0739999999999981
0
LINE
8
BLACK
6
CONTINUOUS
10
166.2764999999999986
20
-99.0739999999999981
11
165.7764999999999986
21
-99.0739999999999981
0
LINE
8
BLACK
6
CONTINUOUS
10
165.7764999999999986
20
-99.0739999999999981
11
165.6856129999999894
21
-99.0559209999999979
0
LINE
8
BLACK
6
CONTINUOUS
10
165.6856129999999894
20
-99.0559209999999979
11
165.6085620000000063
21
-99.0044379999999933
0
LINE
8
BLACK
6
CONTINUOUS
10
165.6085620000000063
20
-99.0044379999999933
11
165.5570789999999874
21
-98.927386999999996
0
LINE
8
BLACK
6
CONTINUOUS
10
165.5570789999999874
20
-98.927386999999996
11
165.5389999999999873
21
-98.8365000000000009
0
LINE
8
BLACK
6
CONTINUOUS
10
165.5389999999999873
20
-98.8365000000000009
11
165.5389999999999873
21
-98.3614999999999924
0
LINE
8
BLACK
6
CONTINUOUS
10
165.5389999999999873
20
-98.3614999999999924
11
165.5570789999999874
21
-98.2706129999999973
0
LINE
8
BLACK
6
CONTINUOUS
10
165.5570789999999874
20
-98.2706129999999973
11
165.6085620000000063
21
-98.193562
0
LINE
8
BLACK
6
CONTINUOUS
10
165.6085620000000063
20
-98.193562
11
165.6856129999999894
21
-98.1420789999999954
0
LINE
8
BLACK
6
CONTINUOUS
10
165.6856129999999894
20
-98.1420789999999954
11
165.7764999999999986
21
-98.1239999999999952
0
LINE
8
BLACK
6
CONTINUOUS
10
165.7764999999999986
20
-98.1239999999999952
11
166.2764999999999986
21
-98.1239999999999952
0
LINE
8
BLACK
6
CONTINUOUS
10
166.2764999999999986
20
-98.1239999999999952
11
166.3673869999999795
21
-98.1420789999999954
0
LINE
8
BLACK
6
CONTINUOUS
10
168.1923869999999965
20
-98.1420789999999954
11
168.2694379999999796
21
-98.193562
0
LINE
8
BLACK
6
CONTINUOUS
10
168.2694379999999796
20
-98.193562
11
168.3209209999999985
21
-98.2706129999999973
0
LINE
8
BLACK
6
CONTINUOUS
10
168.3209209999999985
20
-98.2706129999999973
11
168.3389999999999986
21
-98.3614999999999924
0
LINE
8
BLACK
6
CONTINUOUS
10
168.3389999999999986
20
-98.3614999999999924
11
168.3389999999999986
21
-98.8365000000000009
0
LINE
8
BLACK
6
CONTINUOUS
10
168.3389999999999986
20
-98.8365000000000009
11
168.3209209999999985
21
-98.927386999999996
0
LINE
8
BLACK
6
CONTINUOUS
10
168.3209209999999985
20
-98.927386999999996
11
168.2694379999999796
21
-99.0044379999999933
0
LINE
8
BLACK
6
CONTINUOUS
10
168.2694379999999796
20
-99.0044379999999933
11
168.1923869999999965
21
-99.0559209999999979
0
LINE
8
BLACK
6
CONTINUOUS
10
168.1923869999999965
20
-99.0559209999999979
11
168.1014999999999873
21
-99.0739999999999981
0
LINE
8
BLACK
6
CONTINUOUS
10
168.1014999999999873
20
-99.0739999999999981
11
167.6014999999999873
21
-99.0739999999999981
0
LINE
8
BLACK
6
CONTINUOUS
10
167.6014999999999873
20
-99.0739999999999981
11
167.5106130000000064
21
-99.0559209999999979
0
LINE
8
BLACK
6
CONTINUOUS
10
167.5106130000000064
20
-99.0559209999999979
11
167.4335619999999949
21
-99.0044379999999933
0
LINE
8
BLACK
6
CONTINUOUS
10
167.4335619999999949
20
-99.0044379999999933
11
167.3820790000000045
21
-98.927386999999996
0
LINE
8
BLACK
6
CONTINUOUS
10
167.3820790000000045
20
-98.927386999999996
11
167.3640000000000043
21
-98.8365000000000009
0
LINE
8
BLACK
6
CONTINUOUS
10
167.3640000000000043
20
-98.8365000000000009
11
167.3640000000000043
21
-98.3614999999999924
0
LINE
8
BLACK
6
CONTINUOUS
10
167.3640000000000043
20
-98.3614999999999924
11
167.3820790000000045
21
-98.2706129999999973
0
LINE
8
BLACK
6
CONTINUOUS
10
167.3820790000000045
20
-98.2706129999999973
11
167.4335619999999949
21
-98.193562
0
LINE
8
BLACK
6
CONTINUOUS
10
167.4335619999999949
20
-98.193562
11
167.5106130000000064
21
-98.1420789999999954
0
LINE
8
BLACK
6
CONTINUOUS
10
167.5106130000000064
20
-98.1420789999999954
11
167.6014999999999873
21
-98.1239999999999952
0
LINE
8
BLACK
6
CONTINUOUS
10
167.6014999999999873
20
-98.1239999999999952
11
168.1014999999999873
21
-98.1239999999999952
0
LINE
8
BLACK
6
CONTINUOUS
10
168.1014999999999873
20
-98.1239999999999952
11
168.1923869999999965
21
-98.1420789999999954
0
LINE
8
BLACK
6
CONTINUOUS
10
164.4733870000000024
20
-96.7090790000000027
11
164.5504379999999855
21
-96.7605619999999931
0
LINE
8
BLACK
6
CONTINUOUS
10
164.5504379999999855
20
-96.7605619999999931
11
164.6019210000000044
21
-96.8376129999999904
0
LINE
8
BLACK
6
CONTINUOUS
10
164.6019210000000044
20
-96.8376129999999904
11
164.6200000000000045
21
-96.9284999999999997
0
LINE
8
BLACK
6
CONTINUOUS
10
164.6200000000000045
20
-96.9284999999999997
11
164.6200000000000045
21
-97.528499999999994
0
LINE
8
BLACK
6
CONTINUOUS
10
164.6200000000000045
20
-97.528499999999994
11
164.6019210000000044
21
-97.619386999999989
0
LINE
8
BLACK
6
CONTINUOUS
10
164.6019210000000044
20
-97.619386999999989
11
164.5504379999999855
21
-97.6964380000000006
0
LINE
8
BLACK
6
CONTINUOUS
10
164.5504379999999855
20
-97.6964380000000006
11
164.4733870000000024
21
-97.747920999999991
0
LINE
8
BLACK
6
CONTINUOUS
10
164.4733870000000024
20
-97.747920999999991
11
164.3824999999999932
21
-97.7659999999999911
0
LINE
8
BLACK
6
CONTINUOUS
10
164.3824999999999932
20
-97.7659999999999911
11
163.9074999999999989
21
-97.7659999999999911
0
LINE
8
BLACK
6
CONTINUOUS
10
163.9074999999999989
20
-97.7659999999999911
11
163.8166129999999896
21
-97.747920999999991
0
LINE
8
BLACK
6
CONTINUOUS
10
163.8166129999999896
20
-97.747920999999991
11
163.7395620000000065
21
-97.6964380000000006
0
LINE
8
BLACK
6
CONTINUOUS
10
163.7395620000000065
20
-97.6964380000000006
11
163.6880789999999877
21
-97.619386999999989
0
LINE
8
BLACK
6
CONTINUOUS
10
163.6880789999999877
20
-97.619386999999989
11
163.6699999999999875
21
-97.528499999999994
0
LINE
8
BLACK
6
CONTINUOUS
10
163.6699999999999875
20
-97.528499999999994
11
163.6699999999999875
21
-96.9284999999999997
0
LINE
8
BLACK
6
CONTINUOUS
10
163.6699999999999875
20
-96.9284999999999997
11
163.6880789999999877
21
-96.8376129999999904
0
LINE
8
BLACK
6
CONTINUOUS
10
163.6880789999999877
20
-96.8376129999999904
11
163.7395620000000065
21
-96.7605619999999931
0
LINE
8
BLACK
6
CONTINUOUS
10
163.7395620000000065
20
-96.7605619999999931
11
163.8166129999999896
21
-96.7090790000000027
0
LINE
8
BLACK
6
CONTINUOUS
10
163.8166129999999896
20
-96.7090790000000027
11
163.9074999999999989
21
-96.6910000000000025
0
LINE
8
BLACK
6
CONTINUOUS
10
163.9074999999999989
20
-96.6910000000000025
11
164.3824999999999932
21
-96.6910000000000025
0
LINE
8
BLACK
6
CONTINUOUS
10
164.3824999999999932
20
-96.6910000000000025
11
164.4733870000000024
21
-96.7090790000000027
0
LINE
8
BLACK
6
CONTINUOUS
10
166.313999999999993
20
-97.4269999999999925
11
165.6639999999999873
21
-97.4269999999999925
0
LINE
8
BLACK
6
CONTINUOUS
10
165.6639999999999873
20
-97.4269999999999925
11
165.6639999999999873
21
-95.8669999999999902
0
LINE
8
BLACK
6
CONTINUOUS
10
165.6639999999999873
20
-95.8669999999999902
11
166.313999999999993
21
-95.8669999999999902
0
LINE
8
BLACK
6
CONTINUOUS
10
166.313999999999993
20
-95.8669999999999902
11
166.313999999999993
21
-97.4269999999999925
0
LINE
8
BLACK
6
CONTINUOUS
10
168.2139999999999986
20
-97.4269999999999925
11
167.563999999999993
21
-97.4269999999999925
0
LINE
8
BLACK
6
CONTINUOUS
10
167.563999999999993
20
-97.4269999999999925
11
167.563999999999993
21
-95.8669999999999902
0
LINE
8
BLACK
6
CONTINUOUS
10
167.563999999999993
20
-95.8669999999999902
11
168.2139999999999986
21
-95.8669999999999902
0
LINE
8
BLACK
6
CONTINUOUS
10
168.2139999999999986
20
-95.8669999999999902
11
168.2139999999999986
21
-97.4269999999999925
0
LINE
8
BLACK
6
CONTINUOUS
10
169.8733869999999797
20
-95.4390789999999924
11
169.9504379999999912
21
-95.4905619999999971
0
LINE
8
BLACK
6
CONTINUOUS
10
169.9504379999999912
20
-95.4905619999999971
11
170.0019209999999816
21
-95.5676129999999944
0
LINE
8
BLACK
6
CONTINUOUS
10
170.0019209999999816
20
-95.5676129999999944
11
170.0199999999999818
21
-95.6584999999999894
0
LINE
8
BLACK
6
CONTINUOUS
10
170.0199999999999818
20
-95.6584999999999894
11
170.0199999999999818
21
-96.1584999999999894
0
LINE
8
BLACK
6
CONTINUOUS
10
170.0199999999999818
20
-96.1584999999999894
11
170.0019209999999816
21
-96.2493869999999987
0
LINE
8
BLACK
6
CONTINUOUS
10
170.0019209999999816
20
-96.2493869999999987
11
169.9504379999999912
21
-96.326437999999996
0
LINE
8
BLACK
6
CONTINUOUS
10
169.9504379999999912
20
-96.326437999999996
11
169.8733869999999797
21
-96.3779210000000006
0
LINE
8
BLACK
6
CONTINUOUS
10
169.8733869999999797
20
-96.3779210000000006
11
169.7824999999999989
21
-96.3960000000000008
0
LINE
8
BLACK
6
CONTINUOUS
10
169.7824999999999989
20
-96.3960000000000008
11
169.3075000000000045
21
-96.3960000000000008
0
LINE
8
BLACK
6
CONTINUOUS
10
169.3075000000000045
20
-96.3960000000000008
11
169.2166129999999953
21
-96.3779210000000006
0
LINE
8
BLACK
6
CONTINUOUS
10
169.2166129999999953
20
-96.3779210000000006
11
169.1395619999999838
21
-96.326437999999996
0
LINE
8
BLACK
6
CONTINUOUS
10
169.1395619999999838
20
-96.326437999999996
11
169.0880789999999934
21
-96.2493869999999987
0
LINE
8
BLACK
6
CONTINUOUS
10
169.0880789999999934
20
-96.2493869999999987
11
169.0699999999999932
21
-96.1584999999999894
0
LINE
8
BLACK
6
CONTINUOUS
10
169.0699999999999932
20
-96.1584999999999894
11
169.0699999999999932
21
-95.6584999999999894
0
LINE
8
BLACK
6
CONTINUOUS
10
169.0699999999999932
20
-95.6584999999999894
11
169.0880789999999934
21
-95.5676129999999944
0
LINE
8
BLACK
6
CONTINUOUS
10
169.0880789999999934
20
-95.5676129999999944
11
169.1395619999999838
21
-95.4905619999999971
0
LINE
8
BLACK
6
CONTINUOUS
10
169.1395619999999838
20
-95.4905619999999971
11
169.2166129999999953
21
-95.4390789999999924
0
LINE
8
BLACK
6
CONTINUOUS
10
169.2166129999999953
20
-95.4390789999999924
11
169.3075000000000045
21
-95.4209999999999923
0
LINE
8
BLACK
6
CONTINUOUS
10
169.3075000000000045
20
-95.4209999999999923
11
169.7824999999999989
21
-95.4209999999999923
0
LINE
8
BLACK
6
CONTINUOUS
10
169.7824999999999989
20
-95.4209999999999923
11
169.8733869999999797
21
-95.4390789999999924
0
LINE
8
BLACK
6
CONTINUOUS
10
164.4733870000000024
20
-94.9780789999999939
11
164.5504379999999855
21
-95.0295619999999985
0
LINE
8
BLACK
6
CONTINUOUS
10
164.5504379999999855
20
-95.0295619999999985
11
164.6019210000000044
21
-95.1066129999999958
0
LINE
8
BLACK
6
CONTINUOUS
10
164.6019210000000044
20
-95.1066129999999958
11
164.6200000000000045
21
-95.1974999999999909
0
LINE
8
BLACK
6
CONTINUOUS
10
164.6200000000000045
20
-95.1974999999999909
11
164.6200000000000045
21
-95.6974999999999909
0
LINE
8
BLACK
6
CONTINUOUS
10
164.6200000000000045
20
-95.6974999999999909
11
164.6019210000000044
21
-95.7883870000000002
0
LINE
8
BLACK
6
CONTINUOUS
10
164.6019210000000044
20
-95.7883870000000002
11
164.5504379999999855
21
-95.8654379999999975
0
LINE
8
BLACK
6
CONTINUOUS
10
164.5504379999999855
20
-95.8654379999999975
11
164.4733870000000024
21
-95.9169210000000021
0
LINE
8
BLACK
6
CONTINUOUS
10
164.4733870000000024
20
-95.9169210000000021
11
164.3824999999999932
21
-95.9350000000000023
0
LINE
8
BLACK
6
CONTINUOUS
10
164.3824999999999932
20
-95.9350000000000023
11
163.9074999999999989
21
-95.9350000000000023
0
LINE
8
BLACK
6
CONTINUOUS
10
163.9074999999999989
20
-95.9350000000000023
11
163.8166129999999896
21
-95.9169210000000021
0
LINE
8
BLACK
6
CONTINUOUS
10
163.8166129999999896
20
-95.9169210000000021
11
163.7395620000000065
21
-95.8654379999999975
0
LINE
8
BLACK
6
CONTINUOUS
10
163.7395620000000065
20
-95.8654379999999975
11
163.6880789999999877
21
-95.7883870000000002
0
LINE
8
BLACK
6
CONTINUOUS
10
163.6880789999999877
20
-95.7883870000000002
11
163.6699999999999875
21
-95.6974999999999909
0
LINE
8
BLACK
6
CONTINUOUS
10
163.6699999999999875
20
-95.6974999999999909
11
163.6699999999999875
21
-95.1974999999999909
0
LINE
8
BLACK
6
CONTINUOUS
10
163.6699999999999875
20
-95.1974999999999909
11
163.6880789999999877
21
-95.1066129999999958
0
LINE
8
BLACK
6
CONTINUOUS
10
163.6880789999999877
20
-95.1066129999999958
11
163.7395620000000065
21
-95.0295619999999985
0
LINE
8
BLACK
6
CONTINUOUS
10
163.7395620000000065
20
-95.0295619999999985
11
163.8166129999999896
21
-94.9780789999999939
0
LINE
8
BLACK
6
CONTINUOUS
10
163.8166129999999896
20
-94.9780789999999939
11
163.9074999999999989
21
-94.9599999999999937
0
LINE
8
BLACK
6
CONTINUOUS
10
163.9074999999999989
20
-94.9599999999999937
11
164.3824999999999932
21
-94.9599999999999937
0
LINE
8
BLACK
6
CONTINUOUS
10
164.3824999999999932
20
-94.9599999999999937
11
164.4733870000000024
21
-94.9780789999999939
0
LINE
8
BLACK
6
CONTINUOUS
10
133.9906709999999919
20
-93.7440299999999951
11
134.0717769999999973
21
-93.798222999999993
0
LINE
8
BLACK
6
CONTINUOUS
10
134.0717769999999973
20
-93.798222999999993
11
134.1259699999999953
21
-93.8793289999999985
0
LINE
8
BLACK
6
CONTINUOUS
10
134.1259699999999953
20
-93.8793289999999985
11
134.1449989999999843
21
-93.9749999999999943
0
LINE
8
BLACK
6
CONTINUOUS
10
134.1449989999999843
20
-93.9749999999999943
11
134.1449999999999818
21
-95.4500010000000003
0
LINE
8
BLACK
6
CONTINUOUS
10
134.1449999999999818
20
-95.4500010000000003
11
134.1259699999999953
21
-95.5456709999999987
0
LINE
8
BLACK
6
CONTINUOUS
10
134.1259699999999953
20
-95.5456709999999987
11
134.0717769999999973
21
-95.6267769999999899
0
LINE
8
BLACK
6
CONTINUOUS
10
134.0717769999999973
20
-95.6267769999999899
11
133.9906709999999919
21
-95.6809700000000021
0
LINE
8
BLACK
6
CONTINUOUS
10
133.9906709999999919
20
-95.6809700000000021
11
133.8949999999999818
21
-95.6999989999999912
0
LINE
8
BLACK
6
CONTINUOUS
10
133.8949999999999818
20
-95.6999989999999912
11
128.9949990000000071
21
-95.6999999999999886
0
LINE
8
BLACK
6
CONTINUOUS
10
128.9949990000000071
20
-95.6999999999999886
11
128.8993289999999945
21
-95.6809700000000021
0
LINE
8
BLACK
6
CONTINUOUS
10
128.8993289999999945
20
-95.6809700000000021
11
128.818222999999989
21
-95.6267769999999899
0
LINE
8
BLACK
6
CONTINUOUS
10
128.818222999999989
20
-95.6267769999999899
11
128.7640299999999911
21
-95.5456709999999987
0
LINE
8
BLACK
6
CONTINUOUS
10
128.7640299999999911
20
-95.5456709999999987
11
128.745001000000002
21
-95.4499999999999886
0
LINE
8
BLACK
6
CONTINUOUS
10
128.745001000000002
20
-95.4499999999999886
11
128.7450000000000045
21
-93.9749989999999968
0
LINE
8
BLACK
6
CONTINUOUS
10
128.7450000000000045
20
-93.9749989999999968
11
128.7640299999999911
21
-93.8793289999999985
0
LINE
8
BLACK
6
CONTINUOUS
10
128.7640299999999911
20
-93.8793289999999985
11
128.818222999999989
21
-93.798222999999993
0
LINE
8
BLACK
6
CONTINUOUS
10
128.818222999999989
20
-93.798222999999993
11
128.8993289999999945
21
-93.7440299999999951
0
LINE
8
BLACK
6
CONTINUOUS
10
128.8993289999999945
20
-93.7440299999999951
11
128.9950000000000045
21
-93.7250009999999918
0
LINE
8
BLACK
6
CONTINUOUS
10
128.9950000000000045
20
-93.7250009999999918
11
133.8950010000000077
21
-93.7249999999999943
0
LINE
8
BLACK
6
CONTINUOUS
10
133.8950010000000077
20
-93.7249999999999943
11
133.9906709999999919
21
-93.7440299999999951
0
LINE
8
BLACK
6
CONTINUOUS
10
162.7956709999999987
20
-93.1440300000000008
11
162.8767770000000041
21
-93.1982229999999987
0
LINE
8
BLACK
6
CONTINUOUS
10
162.8767770000000041
20
-93.1982229999999987
11
162.9309700000000021
21
-93.2793289999999899
0
LINE
8
BLACK
6
CONTINUOUS
10
162.9309700000000021
20
-93.2793289999999899
11
162.9499989999999912
21
-93.375
0
LINE
8
BLACK
6
CONTINUOUS
10
162.9499989999999912
20
-93.375
11
162.9499999999999886
21
-94.8500009999999918
0
LINE
8
BLACK
6
CONTINUOUS
10
162.9499999999999886
20
-94.8500009999999918
11
162.9309700000000021
21
-94.9456709999999902
0
LINE
8
BLACK
6
CONTINUOUS
10
162.9309700000000021
20
-94.9456709999999902
11
162.8767770000000041
21
-95.0267769999999956
0
LINE
8
BLACK
6
CONTINUOUS
10
162.8767770000000041
20
-95.0267769999999956
11
162.7956709999999987
21
-95.0809699999999935
0
LINE
8
BLACK
6
CONTINUOUS
10
162.7956709999999987
20
-95.0809699999999935
11
162.6999999999999886
21
-95.0999989999999968
0
LINE
8
BLACK
6
CONTINUOUS
10
162.6999999999999886
20
-95.0999989999999968
11
157.7999989999999855
21
-95.0999999999999943
0
LINE
8
BLACK
6
CONTINUOUS
10
157.7999989999999855
20
-95.0999999999999943
11
157.7043290000000013
21
-95.0809699999999935
0
LINE
8
BLACK
6
CONTINUOUS
10
157.7043290000000013
20
-95.0809699999999935
11
157.6232229999999959
21
-95.0267769999999956
0
LINE
8
BLACK
6
CONTINUOUS
10
157.6232229999999959
20
-95.0267769999999956
11
157.5690299999999979
21
-94.9456709999999902
0
LINE
8
BLACK
6
CONTINUOUS
10
157.5690299999999979
20
-94.9456709999999902
11
157.5500009999999804
21
-94.8499999999999943
0
LINE
8
BLACK
6
CONTINUOUS
10
157.5500009999999804
20
-94.8499999999999943
11
157.5499999999999829
21
-93.3749990000000025
0
LINE
8
BLACK
6
CONTINUOUS
10
157.5499999999999829
20
-93.3749990000000025
11
157.5690299999999979
21
-93.2793289999999899
0
LINE
8
BLACK
6
CONTINUOUS
10
157.5690299999999979
20
-93.2793289999999899
11
157.6232229999999959
21
-93.1982229999999987
0
LINE
8
BLACK
6
CONTINUOUS
10
157.6232229999999959
20
-93.1982229999999987
11
157.7043290000000013
21
-93.1440300000000008
0
LINE
8
BLACK
6
CONTINUOUS
10
157.7043290000000013
20
-93.1440300000000008
11
157.7999999999999829
21
-93.1250009999999975
0
LINE
8
BLACK
6
CONTINUOUS
10
157.7999999999999829
20
-93.1250009999999975
11
162.7000009999999861
21
-93.125
0
LINE
8
BLACK
6
CONTINUOUS
10
162.7000009999999861
20
-93.125
11
162.7956709999999987
21
-93.1440300000000008
0
LINE
8
BLACK
6
CONTINUOUS
10
166.313999999999993
20
-94.7269999999999897
11
165.6639999999999873
21
-94.7269999999999897
0
LINE
8
BLACK
6
CONTINUOUS
10
165.6639999999999873
20
-94.7269999999999897
11
165.6639999999999873
21
-93.1670000000000016
0
LINE
8
BLACK
6
CONTINUOUS
10
165.6639999999999873
20
-93.1670000000000016
11
166.313999999999993
21
-93.1670000000000016
0
LINE
8
BLACK
6
CONTINUOUS
10
166.313999999999993
20
-93.1670000000000016
11
166.313999999999993
21
-94.7269999999999897
0
LINE
8
BLACK
6
CONTINUOUS
10
167.2639999999999816
20
-94.7269999999999897
11
166.6140000000000043
21
-94.7269999999999897
0
LINE
8
BLACK
6
CONTINUOUS
10
166.6140000000000043
20
-94.7269999999999897
11
166.6140000000000043
21
-93.1670000000000016
0
LINE
8
BLACK
6
CONTINUOUS
10
166.6140000000000043
20
-93.1670000000000016
11
167.2639999999999816
21
-93.1670000000000016
0
LINE
8
BLACK
6
CONTINUOUS
10
167.2639999999999816
20
-93.1670000000000016
11
167.2639999999999816
21
-94.7269999999999897
0
LINE
8
BLACK
6
CONTINUOUS
10
168.2139999999999986
20
-94.7269999999999897
11
167.563999999999993
21
-94.7269999999999897
0
LINE
8
BLACK
6
CONTINUOUS
10
167.563999999999993
20
-94.7269999999999897
11
167.563999999999993
21
-93.1670000000000016
0
LINE
8
BLACK
6
CONTINUOUS
10
167.563999999999993
20
-93.1670000000000016
11
168.2139999999999986
21
-93.1670000000000016
0
LINE
8
BLACK
6
CONTINUOUS
10
168.2139999999999986
20
-93.1670000000000016
11
168.2139999999999986
21
-94.7269999999999897
0
LINE
8
BLACK
6
CONTINUOUS
10
169.8733869999999797
20
-93.6140789999999896
11
169.9504379999999912
21
-93.6655619999999942
0
LINE
8
BLACK
6
CONTINUOUS
10
169.9504379999999912
20
-93.6655619999999942
11
170.0019209999999816
21
-93.7426129999999915
0
LINE
8
BLACK
6
CONTINUOUS
10
170.0019209999999816
20
-93.7426129999999915
11
170.0199999999999818
21
-93.8335000000000008
0
LINE
8
BLACK
6
CONTINUOUS
10
170.0199999999999818
20
-93.8335000000000008
11
170.0199999999999818
21
-94.3335000000000008
0
LINE
8
BLACK
6
CONTINUOUS
10
170.0199999999999818
20
-94.3335000000000008
11
170.0019209999999816
21
-94.4243869999999959
0
LINE
8
BLACK
6
CONTINUOUS
10
170.0019209999999816
20
-94.4243869999999959
11
169.9504379999999912
21
-94.5014379999999932
0
LINE
8
BLACK
6
CONTINUOUS
10
169.9504379999999912
20
-94.5014379999999932
11
169.8733869999999797
21
-94.5529209999999978
0
LINE
8
BLACK
6
CONTINUOUS
10
169.8733869999999797
20
-94.5529209999999978
11
169.7824999999999989
21
-94.570999999999998
0
LINE
8
BLACK
6
CONTINUOUS
10
169.7824999999999989
20
-94.570999999999998
11
169.3075000000000045
21
-94.570999999999998
0
LINE
8
BLACK
6
CONTINUOUS
10
169.3075000000000045
20
-94.570999999999998
11
169.2166129999999953
21
-94.5529209999999978
0
LINE
8
BLACK
6
CONTINUOUS
10
169.2166129999999953
20
-94.5529209999999978
11
169.1395619999999838
21
-94.5014379999999932
0
LINE
8
BLACK
6
CONTINUOUS
10
169.1395619999999838
20
-94.5014379999999932
11
169.0880789999999934
21
-94.4243869999999959
0
LINE
8
BLACK
6
CONTINUOUS
10
169.0880789999999934
20
-94.4243869999999959
11
169.0699999999999932
21
-94.3335000000000008
0
LINE
8
BLACK
6
CONTINUOUS
10
169.0699999999999932
20
-94.3335000000000008
11
169.0699999999999932
21
-93.8335000000000008
0
LINE
8
BLACK
6
CONTINUOUS
10
169.0699999999999932
20
-93.8335000000000008
11
169.0880789999999934
21
-93.7426129999999915
0
LINE
8
BLACK
6
CONTINUOUS
10
169.0880789999999934
20
-93.7426129999999915
11
169.1395619999999838
21
-93.6655619999999942
0
LINE
8
BLACK
6
CONTINUOUS
10
169.1395619999999838
20
-93.6655619999999942
11
169.2166129999999953
21
-93.6140789999999896
0
LINE
8
BLACK
6
CONTINUOUS
10
169.2166129999999953
20
-93.6140789999999896
11
169.3075000000000045
21
-93.5959999999999894
0
LINE
8
BLACK
6
CONTINUOUS
10
169.3075000000000045
20
-93.5959999999999894
11
169.7824999999999989
21
-93.5959999999999894
0
LINE
8
BLACK
6
CONTINUOUS
10
169.7824999999999989
20
-93.5959999999999894
11
169.8733869999999797
21
-93.6140789999999896
0
LINE
8
BLACK
6
CONTINUOUS
10
164.4733870000000024
20
-93.1530789999999911
11
164.5504379999999855
21
-93.2045619999999957
0
LINE
8
BLACK
6
CONTINUOUS
10
164.5504379999999855
20
-93.2045619999999957
11
164.6019210000000044
21
-93.281612999999993
0
LINE
8
BLACK
6
CONTINUOUS
10
164.6019210000000044
20
-93.281612999999993
11
164.6200000000000045
21
-93.3725000000000023
0
LINE
8
BLACK
6
CONTINUOUS
10
164.6200000000000045
20
-93.3725000000000023
11
164.6200000000000045
21
-93.8725000000000023
0
LINE
8
BLACK
6
CONTINUOUS
10
164.6200000000000045
20
-93.8725000000000023
11
164.6019210000000044
21
-93.9633869999999973
0
LINE
8
BLACK
6
CONTINUOUS
10
164.6019210000000044
20
-93.9633869999999973
11
164.5504379999999855
21
-94.0404379999999946
0
LINE
8
BLACK
6
CONTINUOUS
10
164.5504379999999855
20
-94.0404379999999946
11
164.4733870000000024
21
-94.0919209999999993
0
LINE
8
BLACK
6
CONTINUOUS
10
164.4733870000000024
20
-94.0919209999999993
11
164.3824999999999932
21
-94.1099999999999994
0
LINE
8
BLACK
6
CONTINUOUS
10
164.3824999999999932
20
-94.1099999999999994
11
163.9074999999999989
21
-94.1099999999999994
0
LINE
8
BLACK
6
CONTINUOUS
10
163.9074999999999989
20
-94.1099999999999994
11
163.8166129999999896
21
-94.0919209999999993
0
LINE
8
BLACK
6
CONTINUOUS
10
163.8166129999999896
20
-94.0919209999999993
11
163.7395620000000065
21
-94.0404379999999946
0
LINE
8
BLACK
6
CONTINUOUS
10
163.7395620000000065
20
-94.0404379999999946
11
163.6880789999999877
21
-93.9633869999999973
0
LINE
8
BLACK
6
CONTINUOUS
10
163.6880789999999877
20
-93.9633869999999973
11
163.6699999999999875
21
-93.8725000000000023
0
LINE
8
BLACK
6
CONTINUOUS
10
163.6699999999999875
20
-93.8725000000000023
11
163.6699999999999875
21
-93.3725000000000023
0
LINE
8
BLACK
6
CONTINUOUS
10
163.6699999999999875
20
-93.3725000000000023
11
163.6880789999999877
21
-93.281612999999993
0
LINE
8
BLACK
6
CONTINUOUS
10
163.6880789999999877
20
-93.281612999999993
11
163.7395620000000065
21
-93.2045619999999957
0
LINE
8
BLACK
6
CONTINUOUS
10
163.7395620000000065
20
-93.2045619999999957
11
163.8166129999999896
21
-93.1530789999999911
0
LINE
8
BLACK
6
CONTINUOUS
10
163.8166129999999896
20
-93.1530789999999911
11
163.9074999999999989
21
-93.1349999999999909
0
LINE
8
BLACK
6
CONTINUOUS
10
163.9074999999999989
20
-93.1349999999999909
11
164.3824999999999932
21
-93.1349999999999909
0
LINE
8
BLACK
6
CONTINUOUS
10
164.3824999999999932
20
-93.1349999999999909
11
164.4733870000000024
21
-93.1530789999999911
0
LINE
8
BLACK
6
CONTINUOUS
10
158.8689999999999998
20
-91.6859999999999928
11
157.8689999999999998
21
-91.6859999999999928
0
LINE
8
BLACK
6
CONTINUOUS
10
157.8689999999999998
20
-91.6859999999999928
11
157.8689999999999998
21
-90.6859999999999928
0
LINE
8
BLACK
6
CONTINUOUS
10
157.8689999999999998
20
-90.6859999999999928
11
158.8689999999999998
21
-90.6859999999999928
0
LINE
8
BLACK
6
CONTINUOUS
10
158.8689999999999998
20
-90.6859999999999928
11
158.8689999999999998
21
-91.6859999999999928
0
LINE
8
BLACK
6
CONTINUOUS
10
159.8467080000000067
20
-90.7311839999999989
11
159.9664300000000026
21
-90.8081249999999898
0
LINE
8
BLACK
6
CONTINUOUS
10
159.9664300000000026
20
-90.8081249999999898
11
160.0596270000000061
21
-90.9156799999999947
0
LINE
8
BLACK
6
CONTINUOUS
10
160.0596270000000061
20
-90.9156799999999947
11
160.1187459999999874
21
-91.0451339999999902
0
LINE
8
BLACK
6
CONTINUOUS
10
160.1187459999999874
20
-91.0451339999999902
11
160.1389999999999816
21
-91.1859999999999928
0
LINE
8
BLACK
6
CONTINUOUS
10
160.1389999999999816
20
-91.1859999999999928
11
160.1187459999999874
21
-91.3268659999999954
0
LINE
8
BLACK
6
CONTINUOUS
10
160.1187459999999874
20
-91.3268659999999954
11
160.0596270000000061
21
-91.456319999999991
0
LINE
8
BLACK
6
CONTINUOUS
10
160.0596270000000061
20
-91.456319999999991
11
159.9664300000000026
21
-91.5638749999999959
0
LINE
8
BLACK
6
CONTINUOUS
10
159.9664300000000026
20
-91.5638749999999959
11
159.8467080000000067
21
-91.6408160000000009
0
LINE
8
BLACK
6
CONTINUOUS
10
159.8467080000000067
20
-91.6408160000000009
11
159.7101569999999811
21
-91.6809109999999947
0
LINE
8
BLACK
6
CONTINUOUS
10
159.7101569999999811
20
-91.6809109999999947
11
159.5678429999999821
21
-91.6809109999999947
0
LINE
8
BLACK
6
CONTINUOUS
10
159.5678429999999821
20
-91.6809109999999947
11
159.4312919999999849
21
-91.6408160000000009
0
LINE
8
BLACK
6
CONTINUOUS
10
159.4312919999999849
20
-91.6408160000000009
11
159.311569999999989
21
-91.5638749999999959
0
LINE
8
BLACK
6
CONTINUOUS
10
159.311569999999989
20
-91.5638749999999959
11
159.2183729999999855
21
-91.456319999999991
0
LINE
8
BLACK
6
CONTINUOUS
10
159.2183729999999855
20
-91.456319999999991
11
159.1592540000000042
21
-91.3268659999999954
0
LINE
8
BLACK
6
CONTINUOUS
10
159.1592540000000042
20
-91.3268659999999954
11
159.1389999999999816
21
-91.1859999999999928
0
LINE
8
BLACK
6
CONTINUOUS
10
159.1389999999999816
20
-91.1859999999999928
11
159.1592540000000042
21
-91.0451339999999902
0
LINE
8
BLACK
6
CONTINUOUS
10
159.1592540000000042
20
-91.0451339999999902
11
159.2183729999999855
21
-90.9156799999999947
0
LINE
8
BLACK
6
CONTINUOUS
10
159.2183729999999855
20
-90.9156799999999947
11
159.311569999999989
21
-90.8081249999999898
0
LINE
8
BLACK
6
CONTINUOUS
10
159.311569999999989
20
-90.8081249999999898
11
159.4312919999999849
21
-90.7311839999999989
0
LINE
8
BLACK
6
CONTINUOUS
10
159.4312919999999849
20
-90.7311839999999989
11
159.5678429999999821
21
-90.691088999999991
0
LINE
8
BLACK
6
CONTINUOUS
10
159.5678429999999821
20
-90.691088999999991
11
159.7101569999999811
21
-90.691088999999991
0
LINE
8
BLACK
6
CONTINUOUS
10
159.7101569999999811
20
-90.691088999999991
11
159.8467080000000067
21
-90.7311839999999989
0
LINE
8
BLACK
6
CONTINUOUS
10
161.1167079999999885
20
-90.7311839999999989
11
161.2364299999999844
21
-90.8081249999999898
0
LINE
8
BLACK
6
CONTINUOUS
10
161.2364299999999844
20
-90.8081249999999898
11
161.3296269999999879
21
-90.9156799999999947
0
LINE
8
BLACK
6
CONTINUOUS
10
161.3296269999999879
20
-90.9156799999999947
11
161.3887459999999976
21
-91.0451339999999902
0
LINE
8
BLACK
6
CONTINUOUS
10
161.3887459999999976
20
-91.0451339999999902
11
161.4089999999999918
21
-91.1859999999999928
0
LINE
8
BLACK
6
CONTINUOUS
10
161.4089999999999918
20
-91.1859999999999928
11
161.3887459999999976
21
-91.3268659999999954
0
LINE
8
BLACK
6
CONTINUOUS
10
161.3887459999999976
20
-91.3268659999999954
11
161.3296269999999879
21
-91.456319999999991
0
LINE
8
BLACK
6
CONTINUOUS
10
161.3296269999999879
20
-91.456319999999991
11
161.2364299999999844
21
-91.5638749999999959
0
LINE
8
BLACK
6
CONTINUOUS
10
161.2364299999999844
20
-91.5638749999999959
11
161.1167079999999885
21
-91.6408160000000009
0
LINE
8
BLACK
6
CONTINUOUS
10
161.1167079999999885
20
-91.6408160000000009
11
160.9801569999999913
21
-91.6809109999999947
0
LINE
8
BLACK
6
CONTINUOUS
10
160.9801569999999913
20
-91.6809109999999947
11
160.8378429999999923
21
-91.6809109999999947
0
LINE
8
BLACK
6
CONTINUOUS
10
160.8378429999999923
20
-91.6809109999999947
11
160.7012919999999951
21
-91.6408160000000009
0
LINE
8
BLACK
6
CONTINUOUS
10
160.7012919999999951
20
-91.6408160000000009
11
160.5815699999999993
21
-91.5638749999999959
0
LINE
8
BLACK
6
CONTINUOUS
10
160.5815699999999993
20
-91.5638749999999959
11
160.4883729999999957
21
-91.456319999999991
0
LINE
8
BLACK
6
CONTINUOUS
10
160.4883729999999957
20
-91.456319999999991
11
160.429253999999986
21
-91.3268659999999954
0
LINE
8
BLACK
6
CONTINUOUS
10
160.429253999999986
20
-91.3268659999999954
11
160.4089999999999918
21
-91.1859999999999928
0
LINE
8
BLACK
6
CONTINUOUS
10
160.4089999999999918
20
-91.1859999999999928
11
160.429253999999986
21
-91.0451339999999902
0
LINE
8
BLACK
6
CONTINUOUS
10
160.429253999999986
20
-91.0451339999999902
11
160.4883729999999957
21
-90.9156799999999947
0
LINE
8
BLACK
6
CONTINUOUS
10
160.4883729999999957
20
-90.9156799999999947
11
160.5815699999999993
21
-90.8081249999999898
0
LINE
8
BLACK
6
CONTINUOUS
10
160.5815699999999993
20
-90.8081249999999898
11
160.7012919999999951
21
-90.7311839999999989
0
LINE
8
BLACK
6
CONTINUOUS
10
160.7012919999999951
20
-90.7311839999999989
11
160.8378429999999923
21
-90.691088999999991
0
LINE
8
BLACK
6
CONTINUOUS
10
160.8378429999999923
20
-90.691088999999991
11
160.9801569999999913
21
-90.691088999999991
0
LINE
8
BLACK
6
CONTINUOUS
10
160.9801569999999913
20
-90.691088999999991
11
161.1167079999999885
21
-90.7311839999999989
0
LINE
8
BLACK
6
CONTINUOUS
10
162.3867079999999987
20
-90.7311839999999989
11
162.5064299999999946
21
-90.8081249999999898
0
LINE
8
BLACK
6
CONTINUOUS
10
162.5064299999999946
20
-90.8081249999999898
11
162.5996269999999981
21
-90.9156799999999947
0
LINE
8
BLACK
6
CONTINUOUS
10
162.5996269999999981
20
-90.9156799999999947
11
162.6587459999999794
21
-91.0451339999999902
0
LINE
8
BLACK
6
CONTINUOUS
10
162.6587459999999794
20
-91.0451339999999902
11
162.679000000000002
21
-91.1859999999999928
0
LINE
8
BLACK
6
CONTINUOUS
10
162.679000000000002
20
-91.1859999999999928
11
162.6587459999999794
21
-91.3268659999999954
0
LINE
8
BLACK
6
CONTINUOUS
10
162.6587459999999794
20
-91.3268659999999954
11
162.5996269999999981
21
-91.456319999999991
0
LINE
8
BLACK
6
CONTINUOUS
10
162.5996269999999981
20
-91.456319999999991
11
162.5064299999999946
21
-91.5638749999999959
0
LINE
8
BLACK
6
CONTINUOUS
10
162.5064299999999946
20
-91.5638749999999959
11
162.3867079999999987
21
-91.6408160000000009
0
LINE
8
BLACK
6
CONTINUOUS
10
162.3867079999999987
20
-91.6408160000000009
11
162.2501570000000015
21
-91.6809109999999947
0
LINE
8
BLACK
6
CONTINUOUS
10
162.2501570000000015
20
-91.6809109999999947
11
162.1078430000000026
21
-91.6809109999999947
0
LINE
8
BLACK
6
CONTINUOUS
10
162.1078430000000026
20
-91.6809109999999947
11
161.9712920000000054
21
-91.6408160000000009
0
LINE
8
BLACK
6
CONTINUOUS
10
161.9712920000000054
20
-91.6408160000000009
11
161.8515699999999811
21
-91.5638749999999959
0
LINE
8
BLACK
6
CONTINUOUS
10
161.8515699999999811
20
-91.5638749999999959
11
161.758373000000006
21
-91.456319999999991
0
LINE
8
BLACK
6
CONTINUOUS
10
161.758373000000006
20
-91.456319999999991
11
161.6992539999999963
21
-91.3268659999999954
0
LINE
8
BLACK
6
CONTINUOUS
10
161.6992539999999963
20
-91.3268659999999954
11
161.679000000000002
21
-91.1859999999999928
0
LINE
8
BLACK
6
CONTINUOUS
10
161.679000000000002
20
-91.1859999999999928
11
161.6992539999999963
21
-91.0451339999999902
0
LINE
8
BLACK
6
CONTINUOUS
10
161.6992539999999963
20
-91.0451339999999902
11
161.758373000000006
21
-90.9156799999999947
0
LINE
8
BLACK
6
CONTINUOUS
10
161.758373000000006
20
-90.9156799999999947
11
161.8515699999999811
21
-90.8081249999999898
0
LINE
8
BLACK
6
CONTINUOUS
10
161.8515699999999811
20
-90.8081249999999898
11
161.9712920000000054
21
-90.7311839999999989
0
LINE
8
BLACK
6
CONTINUOUS
10
161.9712920000000054
20
-90.7311839999999989
11
162.1078430000000026
21
-90.691088999999991
0
LINE
8
BLACK
6
CONTINUOUS
10
162.1078430000000026
20
-90.691088999999991
11
162.2501570000000015
21
-90.691088999999991
0
LINE
8
BLACK
6
CONTINUOUS
10
162.2501570000000015
20
-90.691088999999991
11
162.3867079999999987
21
-90.7311839999999989
0
LINE
8
BLACK
6
CONTINUOUS
10
133.9906709999999919
20
-88.4690299999999894
11
134.0717769999999973
21
-88.5232230000000015
0
LINE
8
BLACK
6
CONTINUOUS
10
134.0717769999999973
20
-88.5232230000000015
11
134.1259699999999953
21
-88.6043289999999928
0
LINE
8
BLACK
6
CONTINUOUS
10
134.1259699999999953
20
-88.6043289999999928
11
134.1449989999999843
21
-88.7000000000000028
0
LINE
8
BLACK
6
CONTINUOUS
10
134.1449989999999843
20
-88.7000000000000028
11
134.1449999999999818
21
-90.1750009999999946
0
LINE
8
BLACK
6
CONTINUOUS
10
134.1449999999999818
20
-90.1750009999999946
11
134.1259699999999953
21
-90.270670999999993
0
LINE
8
BLACK
6
CONTINUOUS
10
134.1259699999999953
20
-90.270670999999993
11
134.0717769999999973
21
-90.3517769999999985
0
LINE
8
BLACK
6
CONTINUOUS
10
134.0717769999999973
20
-90.3517769999999985
11
133.9906709999999919
21
-90.4059699999999964
0
LINE
8
BLACK
6
CONTINUOUS
10
133.9906709999999919
20
-90.4059699999999964
11
133.8949999999999818
21
-90.4249989999999997
0
LINE
8
BLACK
6
CONTINUOUS
10
133.8949999999999818
20
-90.4249989999999997
11
128.9949990000000071
21
-90.4249999999999972
0
LINE
8
BLACK
6
CONTINUOUS
10
128.9949990000000071
20
-90.4249999999999972
11
128.8993289999999945
21
-90.4059699999999964
0
LINE
8
BLACK
6
CONTINUOUS
10
128.8993289999999945
20
-90.4059699999999964
11
128.818222999999989
21
-90.3517769999999985
0
LINE
8
BLACK
6
CONTINUOUS
10
128.818222999999989
20
-90.3517769999999985
11
128.7640299999999911
21
-90.270670999999993
0
LINE
8
BLACK
6
CONTINUOUS
10
128.7640299999999911
20
-90.270670999999993
11
128.745001000000002
21
-90.1749999999999972
0
LINE
8
BLACK
6
CONTINUOUS
10
128.745001000000002
20
-90.1749999999999972
11
128.7450000000000045
21
-88.6999989999999912
0
LINE
8
BLACK
6
CONTINUOUS
10
128.7450000000000045
20
-88.6999989999999912
11
128.7640299999999911
21
-88.6043289999999928
0
LINE
8
BLACK
6
CONTINUOUS
10
128.7640299999999911
20
-88.6043289999999928
11
128.818222999999989
21
-88.5232230000000015
0
LINE
8
BLACK
6
CONTINUOUS
10
128.818222999999989
20
-88.5232230000000015
11
128.8993289999999945
21
-88.4690299999999894
0
LINE
8
BLACK
6
CONTINUOUS
10
128.8993289999999945
20
-88.4690299999999894
11
128.9950000000000045
21
-88.4500010000000003
0
LINE
8
BLACK
6
CONTINUOUS
10
128.9950000000000045
20
-88.4500010000000003
11
133.8950010000000077
21
-88.4500000000000028
0
LINE
8
BLACK
6
CONTINUOUS
10
133.8950010000000077
20
-88.4500000000000028
11
133.9906709999999919
21
-88.4690299999999894
0
LINE
8
BLACK
6
CONTINUOUS
10
158.657402999999988
20
-88.3664179999999959
11
158.7060659999999928
21
-88.398933999999997
0
LINE
8
BLACK
6
CONTINUOUS
10
158.7060659999999928
20
-88.398933999999997
11
158.7385819999999796
21
-88.4475970000000018
0
LINE
8
BLACK
6
CONTINUOUS
10
158.7385819999999796
20
-88.4475970000000018
11
158.75
21
-88.5049999999999955
0
LINE
8
BLACK
6
CONTINUOUS
10
158.75
20
-88.5049999999999955
11
158.75
21
-88.8049999999999926
0
LINE
8
BLACK
6
CONTINUOUS
10
158.75
20
-88.8049999999999926
11
158.7385819999999796
21
-88.8624030000000005
0
LINE
8
BLACK
6
CONTINUOUS
10
158.7385819999999796
20
-88.8624030000000005
11
158.7060659999999928
21
-88.911065999999991
0
LINE
8
BLACK
6
CONTINUOUS
10
158.7060659999999928
20
-88.911065999999991
11
158.657402999999988
21
-88.9435819999999921
0
LINE
8
BLACK
6
CONTINUOUS
10
158.657402999999988
20
-88.9435819999999921
11
158.5999999999999943
21
-88.9549999999999983
0
LINE
8
BLACK
6
CONTINUOUS
10
158.5999999999999943
20
-88.9549999999999983
11
156.9499999999999886
21
-88.9549999999999983
0
LINE
8
BLACK
6
CONTINUOUS
10
156.9499999999999886
20
-88.9549999999999983
11
156.892596999999995
21
-88.9435819999999921
0
LINE
8
BLACK
6
CONTINUOUS
10
156.892596999999995
20
-88.9435819999999921
11
156.8439339999999902
21
-88.911065999999991
0
LINE
8
BLACK
6
CONTINUOUS
10
156.8439339999999902
20
-88.911065999999991
11
156.8114180000000033
21
-88.8624030000000005
0
LINE
8
BLACK
6
CONTINUOUS
10
156.8114180000000033
20
-88.8624030000000005
11
156.7999999999999829
21
-88.8049999999999926
0
LINE
8
BLACK
6
CONTINUOUS
10
156.7999999999999829
20
-88.8049999999999926
11
156.7999999999999829
21
-88.5049999999999955
0
LINE
8
BLACK
6
CONTINUOUS
10
156.7999999999999829
20
-88.5049999999999955
11
156.8114180000000033
21
-88.4475970000000018
0
LINE
8
BLACK
6
CONTINUOUS
10
156.8114180000000033
20
-88.4475970000000018
11
156.8439339999999902
21
-88.398933999999997
0
LINE
8
BLACK
6
CONTINUOUS
10
156.8439339999999902
20
-88.398933999999997
11
156.892596999999995
21
-88.3664179999999959
0
LINE
8
BLACK
6
CONTINUOUS
10
156.892596999999995
20
-88.3664179999999959
11
156.9499999999999886
21
-88.3549999999999898
0
LINE
8
BLACK
6
CONTINUOUS
10
156.9499999999999886
20
-88.3549999999999898
11
158.5999999999999943
21
-88.3549999999999898
0
LINE
8
BLACK
6
CONTINUOUS
10
158.5999999999999943
20
-88.3549999999999898
11
158.657402999999988
21
-88.3664179999999959
0
LINE
8
BLACK
6
CONTINUOUS
10
163.607403000000005
20
-88.3664179999999959
11
163.6560659999999814
21
-88.398933999999997
0
LINE
8
BLACK
6
CONTINUOUS
10
163.6560659999999814
20
-88.398933999999997
11
163.6885819999999967
21
-88.4475970000000018
0
LINE
8
BLACK
6
CONTINUOUS
10
163.6885819999999967
20
-88.4475970000000018
11
163.6999999999999886
21
-88.5049999999999955
0
LINE
8
BLACK
6
CONTINUOUS
10
163.6999999999999886
20
-88.5049999999999955
11
163.6999999999999886
21
-88.8049999999999926
0
LINE
8
BLACK
6
CONTINUOUS
10
163.6999999999999886
20
-88.8049999999999926
11
163.6885819999999967
21
-88.8624030000000005
0
LINE
8
BLACK
6
CONTINUOUS
10
163.6885819999999967
20
-88.8624030000000005
11
163.6560659999999814
21
-88.911065999999991
0
LINE
8
BLACK
6
CONTINUOUS
10
163.6560659999999814
20
-88.911065999999991
11
163.607403000000005
21
-88.9435819999999921
0
LINE
8
BLACK
6
CONTINUOUS
10
163.607403000000005
20
-88.9435819999999921
11
163.5499999999999829
21
-88.9549999999999983
0
LINE
8
BLACK
6
CONTINUOUS
10
163.5499999999999829
20
-88.9549999999999983
11
161.9000000000000057
21
-88.9549999999999983
0
LINE
8
BLACK
6
CONTINUOUS
10
161.9000000000000057
20
-88.9549999999999983
11
161.8425969999999836
21
-88.9435819999999921
0
LINE
8
BLACK
6
CONTINUOUS
10
161.8425969999999836
20
-88.9435819999999921
11
161.7939339999999788
21
-88.911065999999991
0
LINE
8
BLACK
6
CONTINUOUS
10
161.7939339999999788
20
-88.911065999999991
11
161.7614179999999919
21
-88.8624030000000005
0
LINE
8
BLACK
6
CONTINUOUS
10
161.7614179999999919
20
-88.8624030000000005
11
161.75
21
-88.8049999999999926
0
LINE
8
BLACK
6
CONTINUOUS
10
161.75
20
-88.8049999999999926
11
161.75
21
-88.5049999999999955
0
LINE
8
BLACK
6
CONTINUOUS
10
161.75
20
-88.5049999999999955
11
161.7614179999999919
21
-88.4475970000000018
0
LINE
8
BLACK
6
CONTINUOUS
10
161.7614179999999919
20
-88.4475970000000018
11
161.7939339999999788
21
-88.398933999999997
0
LINE
8
BLACK
6
CONTINUOUS
10
161.7939339999999788
20
-88.398933999999997
11
161.8425969999999836
21
-88.3664179999999959
0
LINE
8
BLACK
6
CONTINUOUS
10
161.8425969999999836
20
-88.3664179999999959
11
161.9000000000000057
21
-88.3549999999999898
0
LINE
8
BLACK
6
CONTINUOUS
10
161.9000000000000057
20
-88.3549999999999898
11
163.5499999999999829
21
-88.3549999999999898
0
LINE
8
BLACK
6
CONTINUOUS
10
163.5499999999999829
20
-88.3549999999999898
11
163.607403000000005
21
-88.3664179999999959
0
LINE
8
BLACK
6
CONTINUOUS
10
124.9217079999999953
20
-86.7941840000000013
11
125.0414299999999912
21
-86.8711249999999922
0
LINE
8
BLACK
6
CONTINUOUS
10
125.0414299999999912
20
-86.8711249999999922
11
125.1346269999999947
21
-86.9786799999999971
0
LINE
8
BLACK
6
CONTINUOUS
10
125.1346269999999947
20
-86.9786799999999971
11
125.1937459999999902
21
-87.1081339999999926
0
LINE
8
BLACK
6
CONTINUOUS
10
125.1937459999999902
20
-87.1081339999999926
11
125.2139999999999986
21
-87.2489999999999952
0
LINE
8
BLACK
6
CONTINUOUS
10
125.2139999999999986
20
-87.2489999999999952
11
125.1937459999999902
21
-87.3898659999999978
0
LINE
8
BLACK
6
CONTINUOUS
10
125.1937459999999902
20
-87.3898659999999978
11
125.1346269999999947
21
-87.5193199999999933
0
LINE
8
BLACK
6
CONTINUOUS
10
125.1346269999999947
20
-87.5193199999999933
11
125.0414299999999912
21
-87.6268749999999983
0
LINE
8
BLACK
6
CONTINUOUS
10
125.0414299999999912
20
-87.6268749999999983
11
124.9217079999999953
21
-87.7038159999999891
0
LINE
8
BLACK
6
CONTINUOUS
10
124.9217079999999953
20
-87.7038159999999891
11
124.7851569999999981
21
-87.7439109999999971
0
LINE
8
BLACK
6
CONTINUOUS
10
124.7851569999999981
20
-87.7439109999999971
11
124.6428429999999992
21
-87.7439109999999971
0
LINE
8
BLACK
6
CONTINUOUS
10
124.6428429999999992
20
-87.7439109999999971
11
124.5062919999999878
21
-87.7038159999999891
0
LINE
8
BLACK
6
CONTINUOUS
10
124.5062919999999878
20
-87.7038159999999891
11
124.3865699999999919
21
-87.6268749999999983
0
LINE
8
BLACK
6
CONTINUOUS
10
124.3865699999999919
20
-87.6268749999999983
11
124.2933729999999883
21
-87.5193199999999933
0
LINE
8
BLACK
6
CONTINUOUS
10
124.2933729999999883
20
-87.5193199999999933
11
124.2342539999999929
21
-87.3898659999999978
0
LINE
8
BLACK
6
CONTINUOUS
10
124.2342539999999929
20
-87.3898659999999978
11
124.2139999999999986
21
-87.2489999999999952
0
LINE
8
BLACK
6
CONTINUOUS
10
124.2139999999999986
20
-87.2489999999999952
11
124.2342539999999929
21
-87.1081339999999926
0
LINE
8
BLACK
6
CONTINUOUS
10
124.2342539999999929
20
-87.1081339999999926
11
124.2933729999999883
21
-86.9786799999999971
0
LINE
8
BLACK
6
CONTINUOUS
10
124.2933729999999883
20
-86.9786799999999971
11
124.3865699999999919
21
-86.8711249999999922
0
LINE
8
BLACK
6
CONTINUOUS
10
124.3865699999999919
20
-86.8711249999999922
11
124.5062919999999878
21
-86.7941840000000013
0
LINE
8
BLACK
6
CONTINUOUS
10
124.5062919999999878
20
-86.7941840000000013
11
124.6428429999999992
21
-86.7540889999999933
0
LINE
8
BLACK
6
CONTINUOUS
10
124.6428429999999992
20
-86.7540889999999933
11
124.7851569999999981
21
-86.7540889999999933
0
LINE
8
BLACK
6
CONTINUOUS
10
124.7851569999999981
20
-86.7540889999999933
11
124.9217079999999953
21
-86.7941840000000013
0
LINE
8
BLACK
6
CONTINUOUS
10
174.5947079999999971
20
-86.7941840000000013
11
174.714429999999993
21
-86.8711249999999922
0
LINE
8
BLACK
6
CONTINUOUS
10
174.714429999999993
20
-86.8711249999999922
11
174.8076269999999965
21
-86.9786799999999971
0
LINE
8
BLACK
6
CONTINUOUS
10
174.8076269999999965
20
-86.9786799999999971
11
174.8667460000000062
21
-87.1081339999999926
0
LINE
8
BLACK
6
CONTINUOUS
10
174.8667460000000062
20
-87.1081339999999926
11
174.8870000000000005
21
-87.2489999999999952
0
LINE
8
BLACK
6
CONTINUOUS
10
174.8870000000000005
20
-87.2489999999999952
11
174.8667460000000062
21
-87.3898659999999978
0
LINE
8
BLACK
6
CONTINUOUS
10
174.8667460000000062
20
-87.3898659999999978
11
174.8076269999999965
21
-87.5193199999999933
0
LINE
8
BLACK
6
CONTINUOUS
10
174.8076269999999965
20
-87.5193199999999933
11
174.714429999999993
21
-87.6268749999999983
0
LINE
8
BLACK
6
CONTINUOUS
10
174.714429999999993
20
-87.6268749999999983
11
174.5947079999999971
21
-87.7038159999999891
0
LINE
8
BLACK
6
CONTINUOUS
10
174.5947079999999971
20
-87.7038159999999891
11
174.4581569999999999
21
-87.7439109999999971
0
LINE
8
BLACK
6
CONTINUOUS
10
174.4581569999999999
20
-87.7439109999999971
11
174.315843000000001
21
-87.7439109999999971
0
LINE
8
BLACK
6
CONTINUOUS
10
174.315843000000001
20
-87.7439109999999971
11
174.1792920000000038
21
-87.7038159999999891
0
LINE
8
BLACK
6
CONTINUOUS
10
174.1792920000000038
20
-87.7038159999999891
11
174.0595699999999795
21
-87.6268749999999983
0
LINE
8
BLACK
6
CONTINUOUS
10
174.0595699999999795
20
-87.6268749999999983
11
173.9663730000000044
21
-87.5193199999999933
0
LINE
8
BLACK
6
CONTINUOUS
10
173.9663730000000044
20
-87.5193199999999933
11
173.9072539999999947
21
-87.3898659999999978
0
LINE
8
BLACK
6
CONTINUOUS
10
173.9072539999999947
20
-87.3898659999999978
11
173.8870000000000005
21
-87.2489999999999952
0
LINE
8
BLACK
6
CONTINUOUS
10
173.8870000000000005
20
-87.2489999999999952
11
173.9072539999999947
21
-87.1081339999999926
0
LINE
8
BLACK
6
CONTINUOUS
10
173.9072539999999947
20
-87.1081339999999926
11
173.9663730000000044
21
-86.9786799999999971
0
LINE
8
BLACK
6
CONTINUOUS
10
173.9663730000000044
20
-86.9786799999999971
11
174.0595699999999795
21
-86.8711249999999922
0
LINE
8
BLACK
6
CONTINUOUS
10
174.0595699999999795
20
-86.8711249999999922
11
174.1792920000000038
21
-86.7941840000000013
0
LINE
8
BLACK
6
CONTINUOUS
10
174.1792920000000038
20
-86.7941840000000013
11
174.315843000000001
21
-86.7540889999999933
0
LINE
8
BLACK
6
CONTINUOUS
10
174.315843000000001
20
-86.7540889999999933
11
174.4581569999999999
21
-86.7540889999999933
0
LINE
8
BLACK
6
CONTINUOUS
10
174.4581569999999999
20
-86.7540889999999933
11
174.5947079999999971
21
-86.7941840000000013
0
LINE
8
BLACK
6
CONTINUOUS
10
158.657402999999988
20
-87.0964179999999999
11
158.7060659999999928
21
-87.128934000000001
0
LINE
8
BLACK
6
CONTINUOUS
10
158.7060659999999928
20
-87.128934000000001
11
158.7385819999999796
21
-87.1775969999999916
0
LINE
8
BLACK
6
CONTINUOUS
10
158.7385819999999796
20
-87.1775969999999916
11
158.75
21
-87.2349999999999994
0
LINE
8
BLACK
6
CONTINUOUS
10
158.75
20
-87.2349999999999994
11
158.75
21
-87.5349999999999966
0
LINE
8
BLACK
6
CONTINUOUS
10
158.75
20
-87.5349999999999966
11
158.7385819999999796
21
-87.5924029999999902
0
LINE
8
BLACK
6
CONTINUOUS
10
158.7385819999999796
20
-87.5924029999999902
11
158.7060659999999928
21
-87.641065999999995
0
LINE
8
BLACK
6
CONTINUOUS
10
158.7060659999999928
20
-87.641065999999995
11
158.657402999999988
21
-87.6735819999999961
0
LINE
8
BLACK
6
CONTINUOUS
10
158.657402999999988
20
-87.6735819999999961
11
158.5999999999999943
21
-87.6850000000000023
0
LINE
8
BLACK
6
CONTINUOUS
10
158.5999999999999943
20
-87.6850000000000023
11
156.9499999999999886
21
-87.6850000000000023
0
LINE
8
BLACK
6
CONTINUOUS
10
156.9499999999999886
20
-87.6850000000000023
11
156.892596999999995
21
-87.6735819999999961
0
LINE
8
BLACK
6
CONTINUOUS
10
156.892596999999995
20
-87.6735819999999961
11
156.8439339999999902
21
-87.641065999999995
0
LINE
8
BLACK
6
CONTINUOUS
10
156.8439339999999902
20
-87.641065999999995
11
156.8114180000000033
21
-87.5924029999999902
0
LINE
8
BLACK
6
CONTINUOUS
10
156.8114180000000033
20
-87.5924029999999902
11
156.7999999999999829
21
-87.5349999999999966
0
LINE
8
BLACK
6
CONTINUOUS
10
156.7999999999999829
20
-87.5349999999999966
11
156.7999999999999829
21
-87.2349999999999994
0
LINE
8
BLACK
6
CONTINUOUS
10
156.7999999999999829
20
-87.2349999999999994
11
156.8114180000000033
21
-87.1775969999999916
0
LINE
8
BLACK
6
CONTINUOUS
10
156.8114180000000033
20
-87.1775969999999916
11
156.8439339999999902
21
-87.128934000000001
0
LINE
8
BLACK
6
CONTINUOUS
10
156.8439339999999902
20
-87.128934000000001
11
156.892596999999995
21
-87.0964179999999999
0
LINE
8
BLACK
6
CONTINUOUS
10
156.892596999999995
20
-87.0964179999999999
11
156.9499999999999886
21
-87.0849999999999937
0
LINE
8
BLACK
6
CONTINUOUS
10
156.9499999999999886
20
-87.0849999999999937
11
158.5999999999999943
21
-87.0849999999999937
0
LINE
8
BLACK
6
CONTINUOUS
10
158.5999999999999943
20
-87.0849999999999937
11
158.657402999999988
21
-87.0964179999999999
0
LINE
8
BLACK
6
CONTINUOUS
10
163.607403000000005
20
-87.0964179999999999
11
163.6560659999999814
21
-87.128934000000001
0
LINE
8
BLACK
6
CONTINUOUS
10
163.6560659999999814
20
-87.128934000000001
11
163.6885819999999967
21
-87.1775969999999916
0
LINE
8
BLACK
6
CONTINUOUS
10
163.6885819999999967
20
-87.1775969999999916
11
163.6999999999999886
21
-87.2349999999999994
0
LINE
8
BLACK
6
CONTINUOUS
10
163.6999999999999886
20
-87.2349999999999994
11
163.6999999999999886
21
-87.5349999999999966
0
LINE
8
BLACK
6
CONTINUOUS
10
163.6999999999999886
20
-87.5349999999999966
11
163.6885819999999967
21
-87.5924029999999902
0
LINE
8
BLACK
6
CONTINUOUS
10
163.6885819999999967
20
-87.5924029999999902
11
163.6560659999999814
21
-87.641065999999995
0
LINE
8
BLACK
6
CONTINUOUS
10
163.6560659999999814
20
-87.641065999999995
11
163.607403000000005
21
-87.6735819999999961
0
LINE
8
BLACK
6
CONTINUOUS
10
163.607403000000005
20
-87.6735819999999961
11
163.5499999999999829
21
-87.6850000000000023
0
LINE
8
BLACK
6
CONTINUOUS
10
163.5499999999999829
20
-87.6850000000000023
11
161.9000000000000057
21
-87.6850000000000023
0
LINE
8
BLACK
6
CONTINUOUS
10
161.9000000000000057
20
-87.6850000000000023
11
161.8425969999999836
21
-87.6735819999999961
0
LINE
8
BLACK
6
CONTINUOUS
10
161.8425969999999836
20
-87.6735819999999961
11
161.7939339999999788
21
-87.641065999999995
0
LINE
8
BLACK
6
CONTINUOUS
10
161.7939339999999788
20
-87.641065999999995
11
161.7614179999999919
21
-87.5924029999999902
0
LINE
8
BLACK
6
CONTINUOUS
10
161.7614179999999919
20
-87.5924029999999902
11
161.75
21
-87.5349999999999966
0
LINE
8
BLACK
6
CONTINUOUS
10
161.75
20
-87.5349999999999966
11
161.75
21
-87.2349999999999994
0
LINE
8
BLACK
6
CONTINUOUS
10
161.75
20
-87.2349999999999994
11
161.7614179999999919
21
-87.1775969999999916
0
LINE
8
BLACK
6
CONTINUOUS
10
161.7614179999999919
20
-87.1775969999999916
11
161.7939339999999788
21
-87.128934000000001
0
LINE
8
BLACK
6
CONTINUOUS
10
161.7939339999999788
20
-87.128934000000001
11
161.8425969999999836
21
-87.0964179999999999
0
LINE
8
BLACK
6
CONTINUOUS
10
161.8425969999999836
20
-87.0964179999999999
11
161.9000000000000057
21
-87.0849999999999937
0
LINE
8
BLACK
6
CONTINUOUS
10
161.9000000000000057
20
-87.0849999999999937
11
163.5499999999999829
21
-87.0849999999999937
0
LINE
8
BLACK
6
CONTINUOUS
10
163.5499999999999829
20
-87.0849999999999937
11
163.607403000000005
21
-87.0964179999999999
0
LINE
8
BLACK
6
CONTINUOUS
10
165.2783869999999808
20
-85.7930789999999917
11
165.3554379999999924
21
-85.8445619999999963
0
LINE
8
BLACK
6
CONTINUOUS
10
165.3554379999999924
20
-85.8445619999999963
11
165.4069209999999828
21
-85.9216129999999936
0
LINE
8
BLACK
6
CONTINUOUS
10
165.4069209999999828
20
-85.9216129999999936
11
165.4249999999999829
21
-86.0125000000000028
0
LINE
8
BLACK
6
CONTINUOUS
10
165.4249999999999829
20
-86.0125000000000028
11
165.4249999999999829
21
-86.4874999999999972
0
LINE
8
BLACK
6
CONTINUOUS
10
165.4249999999999829
20
-86.4874999999999972
11
165.4069209999999828
21
-86.5783869999999922
0
LINE
8
BLACK
6
CONTINUOUS
10
165.4069209999999828
20
-86.5783869999999922
11
165.3554379999999924
21
-86.6554379999999895
0
LINE
8
BLACK
6
CONTINUOUS
10
165.3554379999999924
20
-86.6554379999999895
11
165.2783869999999808
21
-86.7069209999999941
0
LINE
8
BLACK
6
CONTINUOUS
10
165.2783869999999808
20
-86.7069209999999941
11
165.1875
21
-86.7249999999999943
0
LINE
8
BLACK
6
CONTINUOUS
10
165.1875
20
-86.7249999999999943
11
164.5875000000000057
21
-86.7249999999999943
0
LINE
8
BLACK
6
CONTINUOUS
10
164.5875000000000057
20
-86.7249999999999943
11
164.4966129999999964
21
-86.7069209999999941
0
LINE
8
BLACK
6
CONTINUOUS
10
164.4966129999999964
20
-86.7069209999999941
11
164.4195619999999849
21
-86.6554379999999895
0
LINE
8
BLACK
6
CONTINUOUS
10
164.4195619999999849
20
-86.6554379999999895
11
164.3680789999999945
21
-86.5783869999999922
0
LINE
8
BLACK
6
CONTINUOUS
10
164.3680789999999945
20
-86.5783869999999922
11
164.3499999999999943
21
-86.4874999999999972
0
LINE
8
BLACK
6
CONTINUOUS
10
164.3499999999999943
20
-86.4874999999999972
11
164.3499999999999943
21
-86.0125000000000028
0
LINE
8
BLACK
6
CONTINUOUS
10
164.3499999999999943
20
-86.0125000000000028
11
164.3680789999999945
21
-85.9216129999999936
0
LINE
8
BLACK
6
CONTINUOUS
10
164.3680789999999945
20
-85.9216129999999936
11
164.4195619999999849
21
-85.8445619999999963
0
LINE
8
BLACK
6
CONTINUOUS
10
164.4195619999999849
20
-85.8445619999999963
11
164.4966129999999964
21
-85.7930789999999917
0
LINE
8
BLACK
6
CONTINUOUS
10
164.4966129999999964
20
-85.7930789999999917
11
164.5875000000000057
21
-85.7749999999999915
0
LINE
8
BLACK
6
CONTINUOUS
10
164.5875000000000057
20
-85.7749999999999915
11
165.1875
21
-85.7749999999999915
0
LINE
8
BLACK
6
CONTINUOUS
10
165.1875
20
-85.7749999999999915
11
165.2783869999999808
21
-85.7930789999999917
0
LINE
8
BLACK
6
CONTINUOUS
10
167.0033870000000036
20
-85.7930789999999917
11
167.0804379999999867
21
-85.8445619999999963
0
LINE
8
BLACK
6
CONTINUOUS
10
167.0804379999999867
20
-85.8445619999999963
11
167.1319210000000055
21
-85.9216129999999936
0
LINE
8
BLACK
6
CONTINUOUS
10
167.1319210000000055
20
-85.9216129999999936
11
167.1500000000000057
21
-86.0125000000000028
0
LINE
8
BLACK
6
CONTINUOUS
10
167.1500000000000057
20
-86.0125000000000028
11
167.1500000000000057
21
-86.4874999999999972
0
LINE
8
BLACK
6
CONTINUOUS
10
167.1500000000000057
20
-86.4874999999999972
11
167.1319210000000055
21
-86.5783869999999922
0
LINE
8
BLACK
6
CONTINUOUS
10
167.1319210000000055
20
-86.5783869999999922
11
167.0804379999999867
21
-86.6554379999999895
0
LINE
8
BLACK
6
CONTINUOUS
10
167.0804379999999867
20
-86.6554379999999895
11
167.0033870000000036
21
-86.7069209999999941
0
LINE
8
BLACK
6
CONTINUOUS
10
167.0033870000000036
20
-86.7069209999999941
11
166.9124999999999943
21
-86.7249999999999943
0
LINE
8
BLACK
6
CONTINUOUS
10
166.9124999999999943
20
-86.7249999999999943
11
166.3125
21
-86.7249999999999943
0
LINE
8
BLACK
6
CONTINUOUS
10
166.3125
20
-86.7249999999999943
11
166.2216129999999907
21
-86.7069209999999941
0
LINE
8
BLACK
6
CONTINUOUS
10
166.2216129999999907
20
-86.7069209999999941
11
166.1445619999999792
21
-86.6554379999999895
0
LINE
8
BLACK
6
CONTINUOUS
10
166.1445619999999792
20
-86.6554379999999895
11
166.0930789999999888
21
-86.5783869999999922
0
LINE
8
BLACK
6
CONTINUOUS
10
166.0930789999999888
20
-86.5783869999999922
11
166.0749999999999886
21
-86.4874999999999972
0
LINE
8
BLACK
6
CONTINUOUS
10
166.0749999999999886
20
-86.4874999999999972
11
166.0749999999999886
21
-86.0125000000000028
0
LINE
8
BLACK
6
CONTINUOUS
10
166.0749999999999886
20
-86.0125000000000028
11
166.0930789999999888
21
-85.9216129999999936
0
LINE
8
BLACK
6
CONTINUOUS
10
166.0930789999999888
20
-85.9216129999999936
11
166.1445619999999792
21
-85.8445619999999963
0
LINE
8
BLACK
6
CONTINUOUS
10
166.1445619999999792
20
-85.8445619999999963
11
166.2216129999999907
21
-85.7930789999999917
0
LINE
8
BLACK
6
CONTINUOUS
10
166.2216129999999907
20
-85.7930789999999917
11
166.3125
21
-85.7749999999999915
0
LINE
8
BLACK
6
CONTINUOUS
10
166.3125
20
-85.7749999999999915
11
166.9124999999999943
21
-85.7749999999999915
0
LINE
8
BLACK
6
CONTINUOUS
10
166.9124999999999943
20
-85.7749999999999915
11
167.0033870000000036
21
-85.7930789999999917
0
LINE
8
BLACK
6
CONTINUOUS
10
125.2139999999999986
20
-86.4789999999999992
11
124.2139999999999986
21
-86.4789999999999992
0
LINE
8
BLACK
6
CONTINUOUS
10
124.2139999999999986
20
-86.4789999999999992
11
124.2139999999999986
21
-85.4789999999999992
0
LINE
8
BLACK
6
CONTINUOUS
10
124.2139999999999986
20
-85.4789999999999992
11
125.2139999999999986
21
-85.4789999999999992
0
LINE
8
BLACK
6
CONTINUOUS
10
125.2139999999999986
20
-85.4789999999999992
11
125.2139999999999986
21
-86.4789999999999992
0
LINE
8
BLACK
6
CONTINUOUS
10
174.8870000000000005
20
-86.4789999999999992
11
173.8870000000000005
21
-86.4789999999999992
0
LINE
8
BLACK
6
CONTINUOUS
10
173.8870000000000005
20
-86.4789999999999992
11
173.8870000000000005
21
-85.4789999999999992
0
LINE
8
BLACK
6
CONTINUOUS
10
173.8870000000000005
20
-85.4789999999999992
11
174.8870000000000005
21
-85.4789999999999992
0
LINE
8
BLACK
6
CONTINUOUS
10
174.8870000000000005
20
-85.4789999999999992
11
174.8870000000000005
21
-86.4789999999999992
0
LINE
8
BLACK
6
CONTINUOUS
10
158.657402999999988
20
-85.8264179999999897
11
158.7060659999999928
21
-85.8589339999999908
0
LINE
8
BLACK
6
CONTINUOUS
10
158.7060659999999928
20
-85.8589339999999908
11
158.7385819999999796
21
-85.9075969999999955
0
LINE
8
BLACK
6
CONTINUOUS
10
158.7385819999999796
20
-85.9075969999999955
11
158.75
21
-85.9649999999999892
0
LINE
8
BLACK
6
CONTINUOUS
10
158.75
20
-85.9649999999999892
11
158.75
21
-86.2650000000000006
0
LINE
8
BLACK
6
CONTINUOUS
10
158.75
20
-86.2650000000000006
11
158.7385819999999796
21
-86.3224029999999942
0
LINE
8
BLACK
6
CONTINUOUS
10
158.7385819999999796
20
-86.3224029999999942
11
158.7060659999999928
21
-86.371065999999999
0
LINE
8
BLACK
6
CONTINUOUS
10
158.7060659999999928
20
-86.371065999999999
11
158.657402999999988
21
-86.4035820000000001
0
LINE
8
BLACK
6
CONTINUOUS
10
158.657402999999988
20
-86.4035820000000001
11
158.5999999999999943
21
-86.414999999999992
0
LINE
8
BLACK
6
CONTINUOUS
10
158.5999999999999943
20
-86.414999999999992
11
156.9499999999999886
21
-86.414999999999992
0
LINE
8
BLACK
6
CONTINUOUS
10
156.9499999999999886
20
-86.414999999999992
11
156.892596999999995
21
-86.4035820000000001
0
LINE
8
BLACK
6
CONTINUOUS
10
156.892596999999995
20
-86.4035820000000001
11
156.8439339999999902
21
-86.371065999999999
0
LINE
8
BLACK
6
CONTINUOUS
10
156.8439339999999902
20
-86.371065999999999
11
156.8114180000000033
21
-86.3224029999999942
0
LINE
8
BLACK
6
CONTINUOUS
10
156.8114180000000033
20
-86.3224029999999942
11
156.7999999999999829
21
-86.2650000000000006
0
LINE
8
BLACK
6
CONTINUOUS
10
156.7999999999999829
20
-86.2650000000000006
11
156.7999999999999829
21
-85.9649999999999892
0
LINE
8
BLACK
6
CONTINUOUS
10
156.7999999999999829
20
-85.9649999999999892
11
156.8114180000000033
21
-85.9075969999999955
0
LINE
8
BLACK
6
CONTINUOUS
10
156.8114180000000033
20
-85.9075969999999955
11
156.8439339999999902
21
-85.8589339999999908
0
LINE
8
BLACK
6
CONTINUOUS
10
156.8439339999999902
20
-85.8589339999999908
11
156.892596999999995
21
-85.8264179999999897
0
LINE
8
BLACK
6
CONTINUOUS
10
156.892596999999995
20
-85.8264179999999897
11
156.9499999999999886
21
-85.8149999999999977
0
LINE
8
BLACK
6
CONTINUOUS
10
156.9499999999999886
20
-85.8149999999999977
11
158.5999999999999943
21
-85.8149999999999977
0
LINE
8
BLACK
6
CONTINUOUS
10
158.5999999999999943
20
-85.8149999999999977
11
158.657402999999988
21
-85.8264179999999897
0
LINE
8
BLACK
6
CONTINUOUS
10
163.607403000000005
20
-85.8264179999999897
11
163.6560659999999814
21
-85.8589339999999908
0
LINE
8
BLACK
6
CONTINUOUS
10
163.6560659999999814
20
-85.8589339999999908
11
163.6885819999999967
21
-85.9075969999999955
0
LINE
8
BLACK
6
CONTINUOUS
10
163.6885819999999967
20
-85.9075969999999955
11
163.6999999999999886
21
-85.9649999999999892
0
LINE
8
BLACK
6
CONTINUOUS
10
163.6999999999999886
20
-85.9649999999999892
11
163.6999999999999886
21
-86.2650000000000006
0
LINE
8
BLACK
6
CONTINUOUS
10
163.6999999999999886
20
-86.2650000000000006
11
163.6885819999999967
21
-86.3224029999999942
0
LINE
8
BLACK
6
CONTINUOUS
10
163.6885819999999967
20
-86.3224029999999942
11
163.6560659999999814
21
-86.371065999999999
0
LINE
8
BLACK
6
CONTINUOUS
10
163.6560659999999814
20
-86.371065999999999
11
163.607403000000005
21
-86.4035820000000001
0
LINE
8
BLACK
6
CONTINUOUS
10
163.607403000000005
20
-86.4035820000000001
11
163.5499999999999829
21
-86.414999999999992
0
LINE
8
BLACK
6
CONTINUOUS
10
163.5499999999999829
20
-86.414999999999992
11
161.9000000000000057
21
-86.414999999999992
0
LINE
8
BLACK
6
CONTINUOUS
10
161.9000000000000057
20
-86.414999999999992
11
161.8425969999999836
21
-86.4035820000000001
0
LINE
8
BLACK
6
CONTINUOUS
10
161.8425969999999836
20
-86.4035820000000001
11
161.7939339999999788
21
-86.371065999999999
0
LINE
8
BLACK
6
CONTINUOUS
10
161.7939339999999788
20
-86.371065999999999
11
161.7614179999999919
21
-86.3224029999999942
0
LINE
8
BLACK
6
CONTINUOUS
10
161.7614179999999919
20
-86.3224029999999942
11
161.75
21
-86.2650000000000006
0
LINE
8
BLACK
6
CONTINUOUS
10
161.75
20
-86.2650000000000006
11
161.75
21
-85.9649999999999892
0
LINE
8
BLACK
6
CONTINUOUS
10
161.75
20
-85.9649999999999892
11
161.7614179999999919
21
-85.9075969999999955
0
LINE
8
BLACK
6
CONTINUOUS
10
161.7614179999999919
20
-85.9075969999999955
11
161.7939339999999788
21
-85.8589339999999908
0
LINE
8
BLACK
6
CONTINUOUS
10
161.7939339999999788
20
-85.8589339999999908
11
161.8425969999999836
21
-85.8264179999999897
0
LINE
8
BLACK
6
CONTINUOUS
10
161.8425969999999836
20
-85.8264179999999897
11
161.9000000000000057
21
-85.8149999999999977
0
LINE
8
BLACK
6
CONTINUOUS
10
161.9000000000000057
20
-85.8149999999999977
11
163.5499999999999829
21
-85.8149999999999977
0
LINE
8
BLACK
6
CONTINUOUS
10
163.5499999999999829
20
-85.8149999999999977
11
163.607403000000005
21
-85.8264179999999897
0
LINE
8
BLACK
6
CONTINUOUS
10
165.1783869999999865
20
-84.2930789999999917
11
165.2554379999999981
21
-84.3445619999999963
0
LINE
8
BLACK
6
CONTINUOUS
10
165.2554379999999981
20
-84.3445619999999963
11
165.3069209999999885
21
-84.4216129999999936
0
LINE
8
BLACK
6
CONTINUOUS
10
165.3069209999999885
20
-84.4216129999999936
11
165.3249999999999886
21
-84.5125000000000028
0
LINE
8
BLACK
6
CONTINUOUS
10
165.3249999999999886
20
-84.5125000000000028
11
165.3249999999999886
21
-84.9874999999999972
0
LINE
8
BLACK
6
CONTINUOUS
10
165.3249999999999886
20
-84.9874999999999972
11
165.3069209999999885
21
-85.0783869999999922
0
LINE
8
BLACK
6
CONTINUOUS
10
165.3069209999999885
20
-85.0783869999999922
11
165.2554379999999981
21
-85.1554379999999895
0
LINE
8
BLACK
6
CONTINUOUS
10
165.2554379999999981
20
-85.1554379999999895
11
165.1783869999999865
21
-85.2069209999999941
0
LINE
8
BLACK
6
CONTINUOUS
10
165.1783869999999865
20
-85.2069209999999941
11
165.0875000000000057
21
-85.2249999999999943
0
LINE
8
BLACK
6
CONTINUOUS
10
165.0875000000000057
20
-85.2249999999999943
11
164.5875000000000057
21
-85.2249999999999943
0
LINE
8
BLACK
6
CONTINUOUS
10
164.5875000000000057
20
-85.2249999999999943
11
164.4966129999999964
21
-85.2069209999999941
0
LINE
8
BLACK
6
CONTINUOUS
10
164.4966129999999964
20
-85.2069209999999941
11
164.4195619999999849
21
-85.1554379999999895
0
LINE
8
BLACK
6
CONTINUOUS
10
164.4195619999999849
20
-85.1554379999999895
11
164.3680789999999945
21
-85.0783869999999922
0
LINE
8
BLACK
6
CONTINUOUS
10
164.3680789999999945
20
-85.0783869999999922
11
164.3499999999999943
21
-84.9874999999999972
0
LINE
8
BLACK
6
CONTINUOUS
10
164.3499999999999943
20
-84.9874999999999972
11
164.3499999999999943
21
-84.5125000000000028
0
LINE
8
BLACK
6
CONTINUOUS
10
164.3499999999999943
20
-84.5125000000000028
11
164.3680789999999945
21
-84.4216129999999936
0
LINE
8
BLACK
6
CONTINUOUS
10
164.3680789999999945
20
-84.4216129999999936
11
164.4195619999999849
21
-84.3445619999999963
0
LINE
8
BLACK
6
CONTINUOUS
10
164.4195619999999849
20
-84.3445619999999963
11
164.4966129999999964
21
-84.2930789999999917
0
LINE
8
BLACK
6
CONTINUOUS
10
164.4966129999999964
20
-84.2930789999999917
11
164.5875000000000057
21
-84.2749999999999915
0
LINE
8
BLACK
6
CONTINUOUS
10
164.5875000000000057
20
-84.2749999999999915
11
165.0875000000000057
21
-84.2749999999999915
0
LINE
8
BLACK
6
CONTINUOUS
10
165.0875000000000057
20
-84.2749999999999915
11
165.1783869999999865
21
-84.2930789999999917
0
LINE
8
BLACK
6
CONTINUOUS
10
167.0033870000000036
20
-84.2930789999999917
11
167.0804379999999867
21
-84.3445619999999963
0
LINE
8
BLACK
6
CONTINUOUS
10
167.0804379999999867
20
-84.3445619999999963
11
167.1319210000000055
21
-84.4216129999999936
0
LINE
8
BLACK
6
CONTINUOUS
10
167.1319210000000055
20
-84.4216129999999936
11
167.1500000000000057
21
-84.5125000000000028
0
LINE
8
BLACK
6
CONTINUOUS
10
167.1500000000000057
20
-84.5125000000000028
11
167.1500000000000057
21
-84.9874999999999972
0
LINE
8
BLACK
6
CONTINUOUS
10
167.1500000000000057
20
-84.9874999999999972
11
167.1319210000000055
21
-85.0783869999999922
0
LINE
8
BLACK
6
CONTINUOUS
10
167.1319210000000055
20
-85.0783869999999922
11
167.0804379999999867
21
-85.1554379999999895
0
LINE
8
BLACK
6
CONTINUOUS
10
167.0804379999999867
20
-85.1554379999999895
11
167.0033870000000036
21
-85.2069209999999941
0
LINE
8
BLACK
6
CONTINUOUS
10
167.0033870000000036
20
-85.2069209999999941
11
166.9124999999999943
21
-85.2249999999999943
0
LINE
8
BLACK
6
CONTINUOUS
10
166.9124999999999943
20
-85.2249999999999943
11
166.4124999999999943
21
-85.2249999999999943
0
LINE
8
BLACK
6
CONTINUOUS
10
166.4124999999999943
20
-85.2249999999999943
11
166.321612999999985
21
-85.2069209999999941
0
LINE
8
BLACK
6
CONTINUOUS
10
166.321612999999985
20
-85.2069209999999941
11
166.2445620000000019
21
-85.1554379999999895
0
LINE
8
BLACK
6
CONTINUOUS
10
166.2445620000000019
20
-85.1554379999999895
11
166.1930789999999831
21
-85.0783869999999922
0
LINE
8
BLACK
6
CONTINUOUS
10
166.1930789999999831
20
-85.0783869999999922
11
166.1749999999999829
21
-84.9874999999999972
0
LINE
8
BLACK
6
CONTINUOUS
10
166.1749999999999829
20
-84.9874999999999972
11
166.1749999999999829
21
-84.5125000000000028
0
LINE
8
BLACK
6
CONTINUOUS
10
166.1749999999999829
20
-84.5125000000000028
11
166.1930789999999831
21
-84.4216129999999936
0
LINE
8
BLACK
6
CONTINUOUS
10
166.1930789999999831
20
-84.4216129999999936
11
166.2445620000000019
21
-84.3445619999999963
0
LINE
8
BLACK
6
CONTINUOUS
10
166.2445620000000019
20
-84.3445619999999963
11
166.321612999999985
21
-84.2930789999999917
0
LINE
8
BLACK
6
CONTINUOUS
10
166.321612999999985
20
-84.2930789999999917
11
166.4124999999999943
21
-84.2749999999999915
0
LINE
8
BLACK
6
CONTINUOUS
10
166.4124999999999943
20
-84.2749999999999915
11
166.9124999999999943
21
-84.2749999999999915
0
LINE
8
BLACK
6
CONTINUOUS
10
166.9124999999999943
20
-84.2749999999999915
11
167.0033870000000036
21
-84.2930789999999917
0
LINE
8
BLACK
6
CONTINUOUS
10
158.657402999999988
20
-84.5564179999999936
11
158.7060659999999928
21
-84.5889339999999947
0
LINE
8
BLACK
6
CONTINUOUS
10
158.7060659999999928
20
-84.5889339999999947
11
158.7385819999999796
21
-84.6375969999999995
0
LINE
8
BLACK
6
CONTINUOUS
10
158.7385819999999796
20
-84.6375969999999995
11
158.75
21
-84.6949999999999932
0
LINE
8
BLACK
6
CONTINUOUS
10
158.75
20
-84.6949999999999932
11
158.75
21
-84.9949999999999903
0
LINE
8
BLACK
6
CONTINUOUS
10
158.75
20
-84.9949999999999903
11
158.7385819999999796
21
-85.0524029999999982
0
LINE
8
BLACK
6
CONTINUOUS
10
158.7385819999999796
20
-85.0524029999999982
11
158.7060659999999928
21
-85.101066000000003
0
LINE
8
BLACK
6
CONTINUOUS
10
158.7060659999999928
20
-85.101066000000003
11
158.657402999999988
21
-85.1335819999999899
0
LINE
8
BLACK
6
CONTINUOUS
10
158.657402999999988
20
-85.1335819999999899
11
158.5999999999999943
21
-85.144999999999996
0
LINE
8
BLACK
6
CONTINUOUS
10
158.5999999999999943
20
-85.144999999999996
11
156.9499999999999886
21
-85.144999999999996
0
LINE
8
BLACK
6
CONTINUOUS
10
156.9499999999999886
20
-85.144999999999996
11
156.892596999999995
21
-85.1335819999999899
0
LINE
8
BLACK
6
CONTINUOUS
10
156.892596999999995
20
-85.1335819999999899
11
156.8439339999999902
21
-85.101066000000003
0
LINE
8
BLACK
6
CONTINUOUS
10
156.8439339999999902
20
-85.101066000000003
11
156.8114180000000033
21
-85.0524029999999982
0
LINE
8
BLACK
6
CONTINUOUS
10
156.8114180000000033
20
-85.0524029999999982
11
156.7999999999999829
21
-84.9949999999999903
0
LINE
8
BLACK
6
CONTINUOUS
10
156.7999999999999829
20
-84.9949999999999903
11
156.7999999999999829
21
-84.6949999999999932
0
LINE
8
BLACK
6
CONTINUOUS
10
156.7999999999999829
20
-84.6949999999999932
11
156.8114180000000033
21
-84.6375969999999995
0
LINE
8
BLACK
6
CONTINUOUS
10
156.8114180000000033
20
-84.6375969999999995
11
156.8439339999999902
21
-84.5889339999999947
0
LINE
8
BLACK
6
CONTINUOUS
10
156.8439339999999902
20
-84.5889339999999947
11
156.892596999999995
21
-84.5564179999999936
0
LINE
8
BLACK
6
CONTINUOUS
10
156.892596999999995
20
-84.5564179999999936
11
156.9499999999999886
21
-84.5450000000000017
0
LINE
8
BLACK
6
CONTINUOUS
10
156.9499999999999886
20
-84.5450000000000017
11
158.5999999999999943
21
-84.5450000000000017
0
LINE
8
BLACK
6
CONTINUOUS
10
158.5999999999999943
20
-84.5450000000000017
11
158.657402999999988
21
-84.5564179999999936
0
LINE
8
BLACK
6
CONTINUOUS
10
163.607403000000005
20
-84.5564179999999936
11
163.6560659999999814
21
-84.5889339999999947
0
LINE
8
BLACK
6
CONTINUOUS
10
163.6560659999999814
20
-84.5889339999999947
11
163.6885819999999967
21
-84.6375969999999995
0
LINE
8
BLACK
6
CONTINUOUS
10
163.6885819999999967
20
-84.6375969999999995
11
163.6999999999999886
21
-84.6949999999999932
0
LINE
8
BLACK
6
CONTINUOUS
10
163.6999999999999886
20
-84.6949999999999932
11
163.6999999999999886
21
-84.9949999999999903
0
LINE
8
BLACK
6
CONTINUOUS
10
163.6999999999999886
20
-84.9949999999999903
11
163.6885819999999967
21
-85.0524029999999982
0
LINE
8
BLACK
6
CONTINUOUS
10
163.6885819999999967
20
-85.0524029999999982
11
163.6560659999999814
21
-85.101066000000003
0
LINE
8
BLACK
6
CONTINUOUS
10
163.6560659999999814
20
-85.101066000000003
11
163.607403000000005
21
-85.1335819999999899
0
LINE
8
BLACK
6
CONTINUOUS
10
163.607403000000005
20
-85.1335819999999899
11
163.5499999999999829
21
-85.144999999999996
0
LINE
8
BLACK
6
CONTINUOUS
10
163.5499999999999829
20
-85.144999999999996
11
161.9000000000000057
21
-85.144999999999996
0
LINE
8
BLACK
6
CONTINUOUS
10
161.9000000000000057
20
-85.144999999999996
11
161.8425969999999836
21
-85.1335819999999899
0
LINE
8
BLACK
6
CONTINUOUS
10
161.8425969999999836
20
-85.1335819999999899
11
161.7939339999999788
21
-85.101066000000003
0
LINE
8
BLACK
6
CONTINUOUS
10
161.7939339999999788
20
-85.101066000000003
11
161.7614179999999919
21
-85.0524029999999982
0
LINE
8
BLACK
6
CONTINUOUS
10
161.7614179999999919
20
-85.0524029999999982
11
161.75
21
-84.9949999999999903
0
LINE
8
BLACK
6
CONTINUOUS
10
161.75
20
-84.9949999999999903
11
161.75
21
-84.6949999999999932
0
LINE
8
BLACK
6
CONTINUOUS
10
161.75
20
-84.6949999999999932
11
161.7614179999999919
21
-84.6375969999999995
0
LINE
8
BLACK
6
CONTINUOUS
10
161.7614179999999919
20
-84.6375969999999995
11
161.7939339999999788
21
-84.5889339999999947
0
LINE
8
BLACK
6
CONTINUOUS
10
161.7939339999999788
20
-84.5889339999999947
11
161.8425969999999836
21
-84.5564179999999936
0
LINE
8
BLACK
6
CONTINUOUS
10
161.8425969999999836
20
-84.5564179999999936
11
161.9000000000000057
21
-84.5450000000000017
0
LINE
8
BLACK
6
CONTINUOUS
10
161.9000000000000057
20
-84.5450000000000017
11
163.5499999999999829
21
-84.5450000000000017
0
LINE
8
BLACK
6
CONTINUOUS
10
163.5499999999999829
20
-84.5450000000000017
11
163.607403000000005
21
-84.5564179999999936
0
LINE
8
BLACK
6
CONTINUOUS
10
159.7783869999999808
20
-82.7930789999999917
11
159.8554379999999924
21
-82.8445619999999963
0
LINE
8
BLACK
6
CONTINUOUS
10
159.8554379999999924
20
-82.8445619999999963
11
159.9069209999999828
21
-82.9216129999999936
0
LINE
8
BLACK
6
CONTINUOUS
10
159.9069209999999828
20
-82.9216129999999936
11
159.9249999999999829
21
-83.0125000000000028
0
LINE
8
BLACK
6
CONTINUOUS
10
159.9249999999999829
20
-83.0125000000000028
11
159.9249999999999829
21
-83.4874999999999972
0
LINE
8
BLACK
6
CONTINUOUS
10
159.9249999999999829
20
-83.4874999999999972
11
159.9069209999999828
21
-83.5783869999999922
0
LINE
8
BLACK
6
CONTINUOUS
10
159.9069209999999828
20
-83.5783869999999922
11
159.8554379999999924
21
-83.6554379999999895
0
LINE
8
BLACK
6
CONTINUOUS
10
159.8554379999999924
20
-83.6554379999999895
11
159.7783869999999808
21
-83.7069209999999941
0
LINE
8
BLACK
6
CONTINUOUS
10
159.7783869999999808
20
-83.7069209999999941
11
159.6875
21
-83.7249999999999943
0
LINE
8
BLACK
6
CONTINUOUS
10
159.6875
20
-83.7249999999999943
11
159.0875000000000057
21
-83.7249999999999943
0
LINE
8
BLACK
6
CONTINUOUS
10
159.0875000000000057
20
-83.7249999999999943
11
158.9966129999999964
21
-83.7069209999999941
0
LINE
8
BLACK
6
CONTINUOUS
10
158.9966129999999964
20
-83.7069209999999941
11
158.9195619999999849
21
-83.6554379999999895
0
LINE
8
BLACK
6
CONTINUOUS
10
158.9195619999999849
20
-83.6554379999999895
11
158.8680789999999945
21
-83.5783869999999922
0
LINE
8
BLACK
6
CONTINUOUS
10
158.8680789999999945
20
-83.5783869999999922
11
158.8499999999999943
21
-83.4874999999999972
0
LINE
8
BLACK
6
CONTINUOUS
10
158.8499999999999943
20
-83.4874999999999972
11
158.8499999999999943
21
-83.0125000000000028
0
LINE
8
BLACK
6
CONTINUOUS
10
158.8499999999999943
20
-83.0125000000000028
11
158.8680789999999945
21
-82.9216129999999936
0
LINE
8
BLACK
6
CONTINUOUS
10
158.8680789999999945
20
-82.9216129999999936
11
158.9195619999999849
21
-82.8445619999999963
0
LINE
8
BLACK
6
CONTINUOUS
10
158.9195619999999849
20
-82.8445619999999963
11
158.9966129999999964
21
-82.7930789999999917
0
LINE
8
BLACK
6
CONTINUOUS
10
158.9966129999999964
20
-82.7930789999999917
11
159.0875000000000057
21
-82.7749999999999915
0
LINE
8
BLACK
6
CONTINUOUS
10
159.0875000000000057
20
-82.7749999999999915
11
159.6875
21
-82.7749999999999915
0
LINE
8
BLACK
6
CONTINUOUS
10
159.6875
20
-82.7749999999999915
11
159.7783869999999808
21
-82.7930789999999917
0
LINE
8
BLACK
6
CONTINUOUS
10
161.5033870000000036
20
-82.7930789999999917
11
161.5804379999999867
21
-82.8445619999999963
0
LINE
8
BLACK
6
CONTINUOUS
10
161.5804379999999867
20
-82.8445619999999963
11
161.6319210000000055
21
-82.9216129999999936
0
LINE
8
BLACK
6
CONTINUOUS
10
161.6319210000000055
20
-82.9216129999999936
11
161.6500000000000057
21
-83.0125000000000028
0
LINE
8
BLACK
6
CONTINUOUS
10
161.6500000000000057
20
-83.0125000000000028
11
161.6500000000000057
21
-83.4874999999999972
0
LINE
8
BLACK
6
CONTINUOUS
10
161.6500000000000057
20
-83.4874999999999972
11
161.6319210000000055
21
-83.5783869999999922
0
LINE
8
BLACK
6
CONTINUOUS
10
161.6319210000000055
20
-83.5783869999999922
11
161.5804379999999867
21
-83.6554379999999895
0
LINE
8
BLACK
6
CONTINUOUS
10
161.5804379999999867
20
-83.6554379999999895
11
161.5033870000000036
21
-83.7069209999999941
0
LINE
8
BLACK
6
CONTINUOUS
10
161.5033870000000036
20
-83.7069209999999941
11
161.4124999999999943
21
-83.7249999999999943
0
LINE
8
BLACK
6
CONTINUOUS
10
161.4124999999999943
20
-83.7249999999999943
11
160.8125
21
-83.7249999999999943
0
LINE
8
BLACK
6
CONTINUOUS
10
160.8125
20
-83.7249999999999943
11
160.7216129999999907
21
-83.7069209999999941
0
LINE
8
BLACK
6
CONTINUOUS
10
160.7216129999999907
20
-83.7069209999999941
11
160.6445619999999792
21
-83.6554379999999895
0
LINE
8
BLACK
6
CONTINUOUS
10
160.6445619999999792
20
-83.6554379999999895
11
160.5930789999999888
21
-83.5783869999999922
0
LINE
8
BLACK
6
CONTINUOUS
10
160.5930789999999888
20
-83.5783869999999922
11
160.5749999999999886
21
-83.4874999999999972
0
LINE
8
BLACK
6
CONTINUOUS
10
160.5749999999999886
20
-83.4874999999999972
11
160.5749999999999886
21
-83.0125000000000028
0
LINE
8
BLACK
6
CONTINUOUS
10
160.5749999999999886
20
-83.0125000000000028
11
160.5930789999999888
21
-82.9216129999999936
0
LINE
8
BLACK
6
CONTINUOUS
10
160.5930789999999888
20
-82.9216129999999936
11
160.6445619999999792
21
-82.8445619999999963
0
LINE
8
BLACK
6
CONTINUOUS
10
160.6445619999999792
20
-82.8445619999999963
11
160.7216129999999907
21
-82.7930789999999917
0
LINE
8
BLACK
6
CONTINUOUS
10
160.7216129999999907
20
-82.7930789999999917
11
160.8125
21
-82.7749999999999915
0
LINE
8
BLACK
6
CONTINUOUS
10
160.8125
20
-82.7749999999999915
11
161.4124999999999943
21
-82.7749999999999915
0
LINE
8
BLACK
6
CONTINUOUS
10
161.4124999999999943
20
-82.7749999999999915
11
161.5033870000000036
21
-82.7930789999999917
0
LINE
8
BLACK
6
CONTINUOUS
10
172.5776709999999809
20
-80.9070299999999918
11
172.6587769999999864
21
-80.9612229999999897
0
LINE
8
BLACK
6
CONTINUOUS
10
172.6587769999999864
20
-80.9612229999999897
11
172.7129699999999843
21
-81.0423289999999952
0
LINE
8
BLACK
6
CONTINUOUS
10
172.7129699999999843
20
-81.0423289999999952
11
172.7319999999999993
21
-81.137999999999991
0
LINE
8
BLACK
6
CONTINUOUS
10
172.7319999999999993
20
-81.137999999999991
11
172.7319999999999993
21
-82.4380000000000024
0
LINE
8
BLACK
6
CONTINUOUS
10
172.7319999999999993
20
-82.4380000000000024
11
172.7129699999999843
21
-82.5336709999999982
0
LINE
8
BLACK
6
CONTINUOUS
10
172.7129699999999843
20
-82.5336709999999982
11
172.6587769999999864
21
-82.6147769999999895
0
LINE
8
BLACK
6
CONTINUOUS
10
172.6587769999999864
20
-82.6147769999999895
11
172.5776709999999809
21
-82.6689700000000016
0
LINE
8
BLACK
6
CONTINUOUS
10
172.5776709999999809
20
-82.6689700000000016
11
172.4819999999999993
21
-82.6880000000000024
0
LINE
8
BLACK
6
CONTINUOUS
10
172.4819999999999993
20
-82.6880000000000024
11
170.4819999999999993
21
-82.6880000000000024
0
LINE
8
BLACK
6
CONTINUOUS
10
170.4819999999999993
20
-82.6880000000000024
11
170.3863289999999893
21
-82.6689700000000016
0
LINE
8
BLACK
6
CONTINUOUS
10
170.3863289999999893
20
-82.6689700000000016
11
170.3052229999999838
21
-82.6147769999999895
0
LINE
8
BLACK
6
CONTINUOUS
10
170.3052229999999838
20
-82.6147769999999895
11
170.2510299999999859
21
-82.5336709999999982
0
LINE
8
BLACK
6
CONTINUOUS
10
170.2510299999999859
20
-82.5336709999999982
11
170.2319999999999993
21
-82.4380000000000024
0
LINE
8
BLACK
6
CONTINUOUS
10
170.2319999999999993
20
-82.4380000000000024
11
170.2319999999999993
21
-81.137999999999991
0
LINE
8
BLACK
6
CONTINUOUS
10
170.2319999999999993
20
-81.137999999999991
11
170.2510299999999859
21
-81.0423289999999952
0
LINE
8
BLACK
6
CONTINUOUS
10
170.2510299999999859
20
-81.0423289999999952
11
170.3052229999999838
21
-80.9612229999999897
0
LINE
8
BLACK
6
CONTINUOUS
10
170.3052229999999838
20
-80.9612229999999897
11
170.3863289999999893
21
-80.9070299999999918
0
LINE
8
BLACK
6
CONTINUOUS
10
170.3863289999999893
20
-80.9070299999999918
11
170.4819999999999993
21
-80.887999999999991
0
LINE
8
BLACK
6
CONTINUOUS
10
170.4819999999999993
20
-80.887999999999991
11
172.4819999999999993
21
-80.887999999999991
0
LINE
8
BLACK
6
CONTINUOUS
10
172.4819999999999993
20
-80.887999999999991
11
172.5776709999999809
21
-80.9070299999999918
0
LINE
8
BLACK
6
CONTINUOUS
10
176.5776709999999809
20
-80.9070299999999918
11
176.6587769999999864
21
-80.9612229999999897
0
LINE
8
BLACK
6
CONTINUOUS
10
176.6587769999999864
20
-80.9612229999999897
11
176.7129699999999843
21
-81.0423289999999952
0
LINE
8
BLACK
6
CONTINUOUS
10
176.7129699999999843
20
-81.0423289999999952
11
176.7319999999999993
21
-81.137999999999991
0
LINE
8
BLACK
6
CONTINUOUS
10
176.7319999999999993
20
-81.137999999999991
11
176.7319999999999993
21
-82.4380000000000024
0
LINE
8
BLACK
6
CONTINUOUS
10
176.7319999999999993
20
-82.4380000000000024
11
176.7129699999999843
21
-82.5336709999999982
0
LINE
8
BLACK
6
CONTINUOUS
10
176.7129699999999843
20
-82.5336709999999982
11
176.6587769999999864
21
-82.6147769999999895
0
LINE
8
BLACK
6
CONTINUOUS
10
176.6587769999999864
20
-82.6147769999999895
11
176.5776709999999809
21
-82.6689700000000016
0
LINE
8
BLACK
6
CONTINUOUS
10
176.5776709999999809
20
-82.6689700000000016
11
176.4819999999999993
21
-82.6880000000000024
0
LINE
8
BLACK
6
CONTINUOUS
10
176.4819999999999993
20
-82.6880000000000024
11
174.4819999999999993
21
-82.6880000000000024
0
LINE
8
BLACK
6
CONTINUOUS
10
174.4819999999999993
20
-82.6880000000000024
11
174.3863289999999893
21
-82.6689700000000016
0
LINE
8
BLACK
6
CONTINUOUS
10
174.3863289999999893
20
-82.6689700000000016
11
174.3052229999999838
21
-82.6147769999999895
0
LINE
8
BLACK
6
CONTINUOUS
10
174.3052229999999838
20
-82.6147769999999895
11
174.2510299999999859
21
-82.5336709999999982
0
LINE
8
BLACK
6
CONTINUOUS
10
174.2510299999999859
20
-82.5336709999999982
11
174.2319999999999993
21
-82.4380000000000024
0
LINE
8
BLACK
6
CONTINUOUS
10
174.2319999999999993
20
-82.4380000000000024
11
174.2319999999999993
21
-81.137999999999991
0
LINE
8
BLACK
6
CONTINUOUS
10
174.2319999999999993
20
-81.137999999999991
11
174.2510299999999859
21
-81.0423289999999952
0
LINE
8
BLACK
6
CONTINUOUS
10
174.2510299999999859
20
-81.0423289999999952
11
174.3052229999999838
21
-80.9612229999999897
0
LINE
8
BLACK
6
CONTINUOUS
10
174.3052229999999838
20
-80.9612229999999897
11
174.3863289999999893
21
-80.9070299999999918
0
LINE
8
BLACK
6
CONTINUOUS
10
174.3863289999999893
20
-80.9070299999999918
11
174.4819999999999993
21
-80.887999999999991
0
LINE
8
BLACK
6
CONTINUOUS
10
174.4819999999999993
20
-80.887999999999991
11
176.4819999999999993
21
-80.887999999999991
0
LINE
8
BLACK
6
CONTINUOUS
10
176.4819999999999993
20
-80.887999999999991
11
176.5776709999999809
21
-80.9070299999999918
0
LINE
8
BLACK
6
CONTINUOUS
10
154.2523869999999988
20
-79.3370790000000028
11
154.3294379999999819
21
-79.3885619999999932
0
LINE
8
BLACK
6
CONTINUOUS
10
154.3294379999999819
20
-79.3885619999999932
11
154.3809210000000007
21
-79.4656129999999905
0
LINE
8
BLACK
6
CONTINUOUS
10
154.3809210000000007
20
-79.4656129999999905
11
154.3990000000000009
21
-79.5564999999999998
0
LINE
8
BLACK
6
CONTINUOUS
10
154.3990000000000009
20
-79.5564999999999998
11
154.3990000000000009
21
-80.1564999999999941
0
LINE
8
BLACK
6
CONTINUOUS
10
154.3990000000000009
20
-80.1564999999999941
11
154.3809210000000007
21
-80.2473870000000034
0
LINE
8
BLACK
6
CONTINUOUS
10
154.3809210000000007
20
-80.2473870000000034
11
154.3294379999999819
21
-80.3244380000000007
0
LINE
8
BLACK
6
CONTINUOUS
10
154.3294379999999819
20
-80.3244380000000007
11
154.2523869999999988
21
-80.3759209999999911
0
LINE
8
BLACK
6
CONTINUOUS
10
154.2523869999999988
20
-80.3759209999999911
11
154.1614999999999895
21
-80.3939999999999912
0
LINE
8
BLACK
6
CONTINUOUS
10
154.1614999999999895
20
-80.3939999999999912
11
153.6864999999999952
21
-80.3939999999999912
0
LINE
8
BLACK
6
CONTINUOUS
10
153.6864999999999952
20
-80.3939999999999912
11
153.595612999999986
21
-80.3759209999999911
0
LINE
8
BLACK
6
CONTINUOUS
10
153.595612999999986
20
-80.3759209999999911
11
153.5185620000000029
21
-80.3244380000000007
0
LINE
8
BLACK
6
CONTINUOUS
10
153.5185620000000029
20
-80.3244380000000007
11
153.467078999999984
21
-80.2473870000000034
0
LINE
8
BLACK
6
CONTINUOUS
10
153.467078999999984
20
-80.2473870000000034
11
153.4489999999999839
21
-80.1564999999999941
0
LINE
8
BLACK
6
CONTINUOUS
10
153.4489999999999839
20
-80.1564999999999941
11
153.4489999999999839
21
-79.5564999999999998
0
LINE
8
BLACK
6
CONTINUOUS
10
153.4489999999999839
20
-79.5564999999999998
11
153.467078999999984
21
-79.4656129999999905
0
LINE
8
BLACK
6
CONTINUOUS
10
153.467078999999984
20
-79.4656129999999905
11
153.5185620000000029
21
-79.3885619999999932
0
LINE
8
BLACK
6
CONTINUOUS
10
153.5185620000000029
20
-79.3885619999999932
11
153.595612999999986
21
-79.3370790000000028
0
LINE
8
BLACK
6
CONTINUOUS
10
153.595612999999986
20
-79.3370790000000028
11
153.6864999999999952
21
-79.3190000000000026
0
LINE
8
BLACK
6
CONTINUOUS
10
153.6864999999999952
20
-79.3190000000000026
11
154.1614999999999895
21
-79.3190000000000026
0
LINE
8
BLACK
6
CONTINUOUS
10
154.1614999999999895
20
-79.3190000000000026
11
154.2523869999999988
21
-79.3370790000000028
0
LINE
8
BLACK
6
CONTINUOUS
10
170.145670999999993
20
-78.0440299999999922
11
170.2267769999999985
21
-78.0982229999999902
0
LINE
8
BLACK
6
CONTINUOUS
10
170.2267769999999985
20
-78.0982229999999902
11
170.2809699999999964
21
-78.1793289999999956
0
LINE
8
BLACK
6
CONTINUOUS
10
170.2809699999999964
20
-78.1793289999999956
11
170.2999999999999829
21
-78.2749999999999915
0
LINE
8
BLACK
6
CONTINUOUS
10
170.2999999999999829
20
-78.2749999999999915
11
170.2999999999999829
21
-79.2249999999999943
0
LINE
8
BLACK
6
CONTINUOUS
10
170.2999999999999829
20
-79.2249999999999943
11
170.2809699999999964
21
-79.3206709999999902
0
LINE
8
BLACK
6
CONTINUOUS
10
170.2809699999999964
20
-79.3206709999999902
11
170.2267769999999985
21
-79.4017769999999956
0
LINE
8
BLACK
6
CONTINUOUS
10
170.2267769999999985
20
-79.4017769999999956
11
170.145670999999993
21
-79.4559699999999935
0
LINE
8
BLACK
6
CONTINUOUS
10
170.145670999999993
20
-79.4559699999999935
11
170.0499999999999829
21
-79.4749999999999943
0
LINE
8
BLACK
6
CONTINUOUS
10
170.0499999999999829
20
-79.4749999999999943
11
169.375
21
-79.4749999999999943
0
LINE
8
BLACK
6
CONTINUOUS
10
169.375
20
-79.4749999999999943
11
169.2793289999999899
21
-79.4559699999999935
0
LINE
8
BLACK
6
CONTINUOUS
10
169.2793289999999899
20
-79.4559699999999935
11
169.1982229999999845
21
-79.4017769999999956
0
LINE
8
BLACK
6
CONTINUOUS
10
169.1982229999999845
20
-79.4017769999999956
11
169.1440299999999866
21
-79.3206709999999902
0
LINE
8
BLACK
6
CONTINUOUS
10
169.1440299999999866
20
-79.3206709999999902
11
169.125
21
-79.2249999999999943
0
LINE
8
BLACK
6
CONTINUOUS
10
169.125
20
-79.2249999999999943
11
169.125
21
-78.2749999999999915
0
LINE
8
BLACK
6
CONTINUOUS
10
169.125
20
-78.2749999999999915
11
169.1440299999999866
21
-78.1793289999999956
0
LINE
8
BLACK
6
CONTINUOUS
10
169.1440299999999866
20
-78.1793289999999956
11
169.1982229999999845
21
-78.0982229999999902
0
LINE
8
BLACK
6
CONTINUOUS
10
169.1982229999999845
20
-78.0982229999999902
11
169.2793289999999899
21
-78.0440299999999922
0
LINE
8
BLACK
6
CONTINUOUS
10
169.2793289999999899
20
-78.0440299999999922
11
169.375
21
-78.0249999999999915
0
LINE
8
BLACK
6
CONTINUOUS
10
169.375
20
-78.0249999999999915
11
170.0499999999999829
21
-78.0249999999999915
0
LINE
8
BLACK
6
CONTINUOUS
10
170.0499999999999829
20
-78.0249999999999915
11
170.145670999999993
21
-78.0440299999999922
0
LINE
8
BLACK
6
CONTINUOUS
10
172.2206709999999816
20
-78.0440299999999922
11
172.3017769999999871
21
-78.0982229999999902
0
LINE
8
BLACK
6
CONTINUOUS
10
172.3017769999999871
20
-78.0982229999999902
11
172.355969999999985
21
-78.1793289999999956
0
LINE
8
BLACK
6
CONTINUOUS
10
172.355969999999985
20
-78.1793289999999956
11
172.375
21
-78.2749999999999915
0
LINE
8
BLACK
6
CONTINUOUS
10
172.375
20
-78.2749999999999915
11
172.375
21
-79.2249999999999943
0
LINE
8
BLACK
6
CONTINUOUS
10
172.375
20
-79.2249999999999943
11
172.355969999999985
21
-79.3206709999999902
0
LINE
8
BLACK
6
CONTINUOUS
10
172.355969999999985
20
-79.3206709999999902
11
172.3017769999999871
21
-79.4017769999999956
0
LINE
8
BLACK
6
CONTINUOUS
10
172.3017769999999871
20
-79.4017769999999956
11
172.2206709999999816
21
-79.4559699999999935
0
LINE
8
BLACK
6
CONTINUOUS
10
172.2206709999999816
20
-79.4559699999999935
11
172.125
21
-79.4749999999999943
0
LINE
8
BLACK
6
CONTINUOUS
10
172.125
20
-79.4749999999999943
11
171.4499999999999886
21
-79.4749999999999943
0
LINE
8
BLACK
6
CONTINUOUS
10
171.4499999999999886
20
-79.4749999999999943
11
171.3543289999999786
21
-79.4559699999999935
0
LINE
8
BLACK
6
CONTINUOUS
10
171.3543289999999786
20
-79.4559699999999935
11
171.2732230000000015
21
-79.4017769999999956
0
LINE
8
BLACK
6
CONTINUOUS
10
171.2732230000000015
20
-79.4017769999999956
11
171.2190300000000036
21
-79.3206709999999902
0
LINE
8
BLACK
6
CONTINUOUS
10
171.2190300000000036
20
-79.3206709999999902
11
171.1999999999999886
21
-79.2249999999999943
0
LINE
8
BLACK
6
CONTINUOUS
10
171.1999999999999886
20
-79.2249999999999943
11
171.1999999999999886
21
-78.2749999999999915
0
LINE
8
BLACK
6
CONTINUOUS
10
171.1999999999999886
20
-78.2749999999999915
11
171.2190300000000036
21
-78.1793289999999956
0
LINE
8
BLACK
6
CONTINUOUS
10
171.2190300000000036
20
-78.1793289999999956
11
171.2732230000000015
21
-78.0982229999999902
0
LINE
8
BLACK
6
CONTINUOUS
10
171.2732230000000015
20
-78.0982229999999902
11
171.3543289999999786
21
-78.0440299999999922
0
LINE
8
BLACK
6
CONTINUOUS
10
171.3543289999999786
20
-78.0440299999999922
11
171.4499999999999886
21
-78.0249999999999915
0
LINE
8
BLACK
6
CONTINUOUS
10
171.4499999999999886
20
-78.0249999999999915
11
172.125
21
-78.0249999999999915
0
LINE
8
BLACK
6
CONTINUOUS
10
172.125
20
-78.0249999999999915
11
172.2206709999999816
21
-78.0440299999999922
0
LINE
8
BLACK
6
CONTINUOUS
10
142.7843869999999811
20
-78.0290789999999959
11
142.8614379999999926
21
-78.0805620000000005
0
LINE
8
BLACK
6
CONTINUOUS
10
142.8614379999999926
20
-78.0805620000000005
11
142.912920999999983
21
-78.1576129999999978
0
LINE
8
BLACK
6
CONTINUOUS
10
142.912920999999983
20
-78.1576129999999978
11
142.9309999999999832
21
-78.2484999999999928
0
LINE
8
BLACK
6
CONTINUOUS
10
142.9309999999999832
20
-78.2484999999999928
11
142.9309999999999832
21
-78.7235000000000014
0
LINE
8
BLACK
6
CONTINUOUS
10
142.9309999999999832
20
-78.7235000000000014
11
142.912920999999983
21
-78.8143869999999964
0
LINE
8
BLACK
6
CONTINUOUS
10
142.912920999999983
20
-78.8143869999999964
11
142.8614379999999926
21
-78.8914379999999937
0
LINE
8
BLACK
6
CONTINUOUS
10
142.8614379999999926
20
-78.8914379999999937
11
142.7843869999999811
21
-78.9429209999999983
0
LINE
8
BLACK
6
CONTINUOUS
10
142.7843869999999811
20
-78.9429209999999983
11
142.6935000000000002
21
-78.9609999999999985
0
LINE
8
BLACK
6
CONTINUOUS
10
142.6935000000000002
20
-78.9609999999999985
11
142.0935000000000059
21
-78.9609999999999985
0
LINE
8
BLACK
6
CONTINUOUS
10
142.0935000000000059
20
-78.9609999999999985
11
142.0026129999999966
21
-78.9429209999999983
0
LINE
8
BLACK
6
CONTINUOUS
10
142.0026129999999966
20
-78.9429209999999983
11
141.9255619999999851
21
-78.8914379999999937
0
LINE
8
BLACK
6
CONTINUOUS
10
141.9255619999999851
20
-78.8914379999999937
11
141.8740789999999947
21
-78.8143869999999964
0
LINE
8
BLACK
6
CONTINUOUS
10
141.8740789999999947
20
-78.8143869999999964
11
141.8559999999999945
21
-78.7235000000000014
0
LINE
8
BLACK
6
CONTINUOUS
10
141.8559999999999945
20
-78.7235000000000014
11
141.8559999999999945
21
-78.2484999999999928
0
LINE
8
BLACK
6
CONTINUOUS
10
141.8559999999999945
20
-78.2484999999999928
11
141.8740789999999947
21
-78.1576129999999978
0
LINE
8
BLACK
6
CONTINUOUS
10
141.8740789999999947
20
-78.1576129999999978
11
141.9255619999999851
21
-78.0805620000000005
0
LINE
8
BLACK
6
CONTINUOUS
10
141.9255619999999851
20
-78.0805620000000005
11
142.0026129999999966
21
-78.0290789999999959
0
LINE
8
BLACK
6
CONTINUOUS
10
142.0026129999999966
20
-78.0290789999999959
11
142.0935000000000059
21
-78.0109999999999957
0
LINE
8
BLACK
6
CONTINUOUS
10
142.0935000000000059
20
-78.0109999999999957
11
142.6935000000000002
21
-78.0109999999999957
0
LINE
8
BLACK
6
CONTINUOUS
10
142.6935000000000002
20
-78.0109999999999957
11
142.7843869999999811
21
-78.0290789999999959
0
LINE
8
BLACK
6
CONTINUOUS
10
144.5093870000000038
20
-78.0290789999999959
11
144.5864379999999869
21
-78.0805620000000005
0
LINE
8
BLACK
6
CONTINUOUS
10
144.5864379999999869
20
-78.0805620000000005
11
144.6379210000000057
21
-78.1576129999999978
0
LINE
8
BLACK
6
CONTINUOUS
10
144.6379210000000057
20
-78.1576129999999978
11
144.6560000000000059
21
-78.2484999999999928
0
LINE
8
BLACK
6
CONTINUOUS
10
144.6560000000000059
20
-78.2484999999999928
11
144.6560000000000059
21
-78.7235000000000014
0
LINE
8
BLACK
6
CONTINUOUS
10
144.6560000000000059
20
-78.7235000000000014
11
144.6379210000000057
21
-78.8143869999999964
0
LINE
8
BLACK
6
CONTINUOUS
10
144.6379210000000057
20
-78.8143869999999964
11
144.5864379999999869
21
-78.8914379999999937
0
LINE
8
BLACK
6
CONTINUOUS
10
144.5864379999999869
20
-78.8914379999999937
11
144.5093870000000038
21
-78.9429209999999983
0
LINE
8
BLACK
6
CONTINUOUS
10
144.5093870000000038
20
-78.9429209999999983
11
144.4184999999999945
21
-78.9609999999999985
0
LINE
8
BLACK
6
CONTINUOUS
10
144.4184999999999945
20
-78.9609999999999985
11
143.8185000000000002
21
-78.9609999999999985
0
LINE
8
BLACK
6
CONTINUOUS
10
143.8185000000000002
20
-78.9609999999999985
11
143.727612999999991
21
-78.9429209999999983
0
LINE
8
BLACK
6
CONTINUOUS
10
143.727612999999991
20
-78.9429209999999983
11
143.6505619999999794
21
-78.8914379999999937
0
LINE
8
BLACK
6
CONTINUOUS
10
143.6505619999999794
20
-78.8914379999999937
11
143.599078999999989
21
-78.8143869999999964
0
LINE
8
BLACK
6
CONTINUOUS
10
143.599078999999989
20
-78.8143869999999964
11
143.5809999999999889
21
-78.7235000000000014
0
LINE
8
BLACK
6
CONTINUOUS
10
143.5809999999999889
20
-78.7235000000000014
11
143.5809999999999889
21
-78.2484999999999928
0
LINE
8
BLACK
6
CONTINUOUS
10
143.5809999999999889
20
-78.2484999999999928
11
143.599078999999989
21
-78.1576129999999978
0
LINE
8
BLACK
6
CONTINUOUS
10
143.599078999999989
20
-78.1576129999999978
11
143.6505619999999794
21
-78.0805620000000005
0
LINE
8
BLACK
6
CONTINUOUS
10
143.6505619999999794
20
-78.0805620000000005
11
143.727612999999991
21
-78.0290789999999959
0
LINE
8
BLACK
6
CONTINUOUS
10
143.727612999999991
20
-78.0290789999999959
11
143.8185000000000002
21
-78.0109999999999957
0
LINE
8
BLACK
6
CONTINUOUS
10
143.8185000000000002
20
-78.0109999999999957
11
144.4184999999999945
21
-78.0109999999999957
0
LINE
8
BLACK
6
CONTINUOUS
10
144.4184999999999945
20
-78.0109999999999957
11
144.5093870000000038
21
-78.0290789999999959
0
LINE
8
BLACK
6
CONTINUOUS
10
154.2523869999999988
20
-77.6120789999999943
11
154.3294379999999819
21
-77.6635619999999989
0
LINE
8
BLACK
6
CONTINUOUS
10
154.3294379999999819
20
-77.6635619999999989
11
154.3809210000000007
21
-77.7406129999999962
0
LINE
8
BLACK
6
CONTINUOUS
10
154.3809210000000007
20
-77.7406129999999962
11
154.3990000000000009
21
-77.8314999999999912
0
LINE
8
BLACK
6
CONTINUOUS
10
154.3990000000000009
20
-77.8314999999999912
11
154.3990000000000009
21
-78.4314999999999998
0
LINE
8
BLACK
6
CONTINUOUS
10
154.3990000000000009
20
-78.4314999999999998
11
154.3809210000000007
21
-78.5223869999999948
0
LINE
8
BLACK
6
CONTINUOUS
10
154.3809210000000007
20
-78.5223869999999948
11
154.3294379999999819
21
-78.5994379999999921
0
LINE
8
BLACK
6
CONTINUOUS
10
154.3294379999999819
20
-78.5994379999999921
11
154.2523869999999988
21
-78.6509209999999968
0
LINE
8
BLACK
6
CONTINUOUS
10
154.2523869999999988
20
-78.6509209999999968
11
154.1614999999999895
21
-78.6689999999999969
0
LINE
8
BLACK
6
CONTINUOUS
10
154.1614999999999895
20
-78.6689999999999969
11
153.6864999999999952
21
-78.6689999999999969
0
LINE
8
BLACK
6
CONTINUOUS
10
153.6864999999999952
20
-78.6689999999999969
11
153.595612999999986
21
-78.6509209999999968
0
LINE
8
BLACK
6
CONTINUOUS
10
153.595612999999986
20
-78.6509209999999968
11
153.5185620000000029
21
-78.5994379999999921
0
LINE
8
BLACK
6
CONTINUOUS
10
153.5185620000000029
20
-78.5994379999999921
11
153.467078999999984
21
-78.5223869999999948
0
LINE
8
BLACK
6
CONTINUOUS
10
153.467078999999984
20
-78.5223869999999948
11
153.4489999999999839
21
-78.4314999999999998
0
LINE
8
BLACK
6
CONTINUOUS
10
153.4489999999999839
20
-78.4314999999999998
11
153.4489999999999839
21
-77.8314999999999912
0
LINE
8
BLACK
6
CONTINUOUS
10
153.4489999999999839
20
-77.8314999999999912
11
153.467078999999984
21
-77.7406129999999962
0
LINE
8
BLACK
6
CONTINUOUS
10
153.467078999999984
20
-77.7406129999999962
11
153.5185620000000029
21
-77.6635619999999989
0
LINE
8
BLACK
6
CONTINUOUS
10
153.5185620000000029
20
-77.6635619999999989
11
153.595612999999986
21
-77.6120789999999943
0
LINE
8
BLACK
6
CONTINUOUS
10
153.595612999999986
20
-77.6120789999999943
11
153.6864999999999952
21
-77.5939999999999941
0
LINE
8
BLACK
6
CONTINUOUS
10
153.6864999999999952
20
-77.5939999999999941
11
154.1614999999999895
21
-77.5939999999999941
0
LINE
8
BLACK
6
CONTINUOUS
10
154.1614999999999895
20
-77.5939999999999941
11
154.2523869999999988
21
-77.6120789999999943
0
LINE
8
BLACK
6
CONTINUOUS
10
156.0303869999999904
20
-77.559078999999997
11
156.1074380000000019
21
-77.6105620000000016
0
LINE
8
BLACK
6
CONTINUOUS
10
156.1074380000000019
20
-77.6105620000000016
11
156.1589209999999923
21
-77.6876129999999989
0
LINE
8
BLACK
6
CONTINUOUS
10
156.1589209999999923
20
-77.6876129999999989
11
156.1769999999999925
21
-77.778499999999994
0
LINE
8
BLACK
6
CONTINUOUS
10
156.1769999999999925
20
-77.778499999999994
11
156.1769999999999925
21
-78.3785000000000025
0
LINE
8
BLACK
6
CONTINUOUS
10
156.1769999999999925
20
-78.3785000000000025
11
156.1589209999999923
21
-78.4693869999999976
0
LINE
8
BLACK
6
CONTINUOUS
10
156.1589209999999923
20
-78.4693869999999976
11
156.1074380000000019
21
-78.5464379999999949
0
LINE
8
BLACK
6
CONTINUOUS
10
156.1074380000000019
20
-78.5464379999999949
11
156.0303869999999904
21
-78.5979209999999995
0
LINE
8
BLACK
6
CONTINUOUS
10
156.0303869999999904
20
-78.5979209999999995
11
155.9394999999999811
21
-78.6159999999999997
0
LINE
8
BLACK
6
CONTINUOUS
10
155.9394999999999811
20
-78.6159999999999997
11
155.4644999999999868
21
-78.6159999999999997
0
LINE
8
BLACK
6
CONTINUOUS
10
155.4644999999999868
20
-78.6159999999999997
11
155.373613000000006
21
-78.5979209999999995
0
LINE
8
BLACK
6
CONTINUOUS
10
155.373613000000006
20
-78.5979209999999995
11
155.2965619999999944
21
-78.5464379999999949
0
LINE
8
BLACK
6
CONTINUOUS
10
155.2965619999999944
20
-78.5464379999999949
11
155.245079000000004
21
-78.4693869999999976
0
LINE
8
BLACK
6
CONTINUOUS
10
155.245079000000004
20
-78.4693869999999976
11
155.2270000000000039
21
-78.3785000000000025
0
LINE
8
BLACK
6
CONTINUOUS
10
155.2270000000000039
20
-78.3785000000000025
11
155.2270000000000039
21
-77.778499999999994
0
LINE
8
BLACK
6
CONTINUOUS
10
155.2270000000000039
20
-77.778499999999994
11
155.245079000000004
21
-77.6876129999999989
0
LINE
8
BLACK
6
CONTINUOUS
10
155.245079000000004
20
-77.6876129999999989
11
155.2965619999999944
21
-77.6105620000000016
0
LINE
8
BLACK
6
CONTINUOUS
10
155.2965619999999944
20
-77.6105620000000016
11
155.373613000000006
21
-77.559078999999997
0
LINE
8
BLACK
6
CONTINUOUS
10
155.373613000000006
20
-77.559078999999997
11
155.4644999999999868
21
-77.5409999999999968
0
LINE
8
BLACK
6
CONTINUOUS
10
155.4644999999999868
20
-77.5409999999999968
11
155.9394999999999811
21
-77.5409999999999968
0
LINE
8
BLACK
6
CONTINUOUS
10
155.9394999999999811
20
-77.5409999999999968
11
156.0303869999999904
21
-77.559078999999997
0
LINE
8
BLACK
6
CONTINUOUS
10
120.3497079999999926
20
-77.396183999999991
11
120.4694299999999885
21
-77.473124999999996
0
LINE
8
BLACK
6
CONTINUOUS
10
120.4694299999999885
20
-77.473124999999996
11
120.562626999999992
21
-77.580680000000001
0
LINE
8
BLACK
6
CONTINUOUS
10
120.562626999999992
20
-77.580680000000001
11
120.6217459999999875
21
-77.7101339999999965
0
LINE
8
BLACK
6
CONTINUOUS
10
120.6217459999999875
20
-77.7101339999999965
11
120.6419999999999959
21
-77.8509999999999991
0
LINE
8
BLACK
6
CONTINUOUS
10
120.6419999999999959
20
-77.8509999999999991
11
120.6217459999999875
21
-77.9918660000000017
0
LINE
8
BLACK
6
CONTINUOUS
10
120.6217459999999875
20
-77.9918660000000017
11
120.562626999999992
21
-78.1213199999999972
0
LINE
8
BLACK
6
CONTINUOUS
10
120.562626999999992
20
-78.1213199999999972
11
120.4694299999999885
21
-78.2288750000000022
0
LINE
8
BLACK
6
CONTINUOUS
10
120.4694299999999885
20
-78.2288750000000022
11
120.3497079999999926
21
-78.305815999999993
0
LINE
8
BLACK
6
CONTINUOUS
10
120.3497079999999926
20
-78.305815999999993
11
120.2131569999999954
21
-78.345911000000001
0
LINE
8
BLACK
6
CONTINUOUS
10
120.2131569999999954
20
-78.345911000000001
11
120.0708429999999964
21
-78.345911000000001
0
LINE
8
BLACK
6
CONTINUOUS
10
120.0708429999999964
20
-78.345911000000001
11
119.9342919999999992
21
-78.305815999999993
0
LINE
8
BLACK
6
CONTINUOUS
10
119.9342919999999992
20
-78.305815999999993
11
119.8145699999999891
21
-78.2288750000000022
0
LINE
8
BLACK
6
CONTINUOUS
10
119.8145699999999891
20
-78.2288750000000022
11
119.7213729999999998
21
-78.1213199999999972
0
LINE
8
BLACK
6
CONTINUOUS
10
119.7213729999999998
20
-78.1213199999999972
11
119.6622539999999901
21
-77.9918660000000017
0
LINE
8
BLACK
6
CONTINUOUS
10
119.6622539999999901
20
-77.9918660000000017
11
119.6419999999999959
21
-77.8509999999999991
0
LINE
8
BLACK
6
CONTINUOUS
10
119.6419999999999959
20
-77.8509999999999991
11
119.6622539999999901
21
-77.7101339999999965
0
LINE
8
BLACK
6
CONTINUOUS
10
119.6622539999999901
20
-77.7101339999999965
11
119.7213729999999998
21
-77.580680000000001
0
LINE
8
BLACK
6
CONTINUOUS
10
119.7213729999999998
20
-77.580680000000001
11
119.8145699999999891
21
-77.473124999999996
0
LINE
8
BLACK
6
CONTINUOUS
10
119.8145699999999891
20
-77.473124999999996
11
119.9342919999999992
21
-77.396183999999991
0
LINE
8
BLACK
6
CONTINUOUS
10
119.9342919999999992
20
-77.396183999999991
11
120.0708429999999964
21
-77.3560889999999972
0
LINE
8
BLACK
6
CONTINUOUS
10
120.0708429999999964
20
-77.3560889999999972
11
120.2131569999999954
21
-77.3560889999999972
0
LINE
8
BLACK
6
CONTINUOUS
10
120.2131569999999954
20
-77.3560889999999972
11
120.3497079999999926
21
-77.396183999999991
0
LINE
8
BLACK
6
CONTINUOUS
10
179.1037079999999833
20
-77.396183999999991
11
179.2234299999999791
21
-77.473124999999996
0
LINE
8
BLACK
6
CONTINUOUS
10
179.2234299999999791
20
-77.473124999999996
11
179.3166269999999827
21
-77.580680000000001
0
LINE
8
BLACK
6
CONTINUOUS
10
179.3166269999999827
20
-77.580680000000001
11
179.3757459999999924
21
-77.7101339999999965
0
LINE
8
BLACK
6
CONTINUOUS
10
179.3757459999999924
20
-77.7101339999999965
11
179.3959999999999866
21
-77.8509999999999991
0
LINE
8
BLACK
6
CONTINUOUS
10
179.3959999999999866
20
-77.8509999999999991
11
179.3757459999999924
21
-77.9918660000000017
0
LINE
8
BLACK
6
CONTINUOUS
10
179.3757459999999924
20
-77.9918660000000017
11
179.3166269999999827
21
-78.1213199999999972
0
LINE
8
BLACK
6
CONTINUOUS
10
179.3166269999999827
20
-78.1213199999999972
11
179.2234299999999791
21
-78.2288750000000022
0
LINE
8
BLACK
6
CONTINUOUS
10
179.2234299999999791
20
-78.2288750000000022
11
179.1037079999999833
21
-78.305815999999993
0
LINE
8
BLACK
6
CONTINUOUS
10
179.1037079999999833
20
-78.305815999999993
11
178.9671569999999861
21
-78.345911000000001
0
LINE
8
BLACK
6
CONTINUOUS
10
178.9671569999999861
20
-78.345911000000001
11
178.8248429999999871
21
-78.345911000000001
0
LINE
8
BLACK
6
CONTINUOUS
10
178.8248429999999871
20
-78.345911000000001
11
178.6882919999999899
21
-78.305815999999993
0
LINE
8
BLACK
6
CONTINUOUS
10
178.6882919999999899
20
-78.305815999999993
11
178.568569999999994
21
-78.2288750000000022
0
LINE
8
BLACK
6
CONTINUOUS
10
178.568569999999994
20
-78.2288750000000022
11
178.4753729999999905
21
-78.1213199999999972
0
LINE
8
BLACK
6
CONTINUOUS
10
178.4753729999999905
20
-78.1213199999999972
11
178.4162539999999808
21
-77.9918660000000017
0
LINE
8
BLACK
6
CONTINUOUS
10
178.4162539999999808
20
-77.9918660000000017
11
178.3959999999999866
21
-77.8509999999999991
0
LINE
8
BLACK
6
CONTINUOUS
10
178.3959999999999866
20
-77.8509999999999991
11
178.4162539999999808
21
-77.7101339999999965
0
LINE
8
BLACK
6
CONTINUOUS
10
178.4162539999999808
20
-77.7101339999999965
11
178.4753729999999905
21
-77.580680000000001
0
LINE
8
BLACK
6
CONTINUOUS
10
178.4753729999999905
20
-77.580680000000001
11
178.568569999999994
21
-77.473124999999996
0
LINE
8
BLACK
6
CONTINUOUS
10
178.568569999999994
20
-77.473124999999996
11
178.6882919999999899
21
-77.396183999999991
0
LINE
8
BLACK
6
CONTINUOUS
10
178.6882919999999899
20
-77.396183999999991
11
178.8248429999999871
21
-77.3560889999999972
0
LINE
8
BLACK
6
CONTINUOUS
10
178.8248429999999871
20
-77.3560889999999972
11
178.9671569999999861
21
-77.3560889999999972
0
LINE
8
BLACK
6
CONTINUOUS
10
178.9671569999999861
20
-77.3560889999999972
11
179.1037079999999833
21
-77.396183999999991
0
LINE
8
BLACK
6
CONTINUOUS
10
169.8024029999999982
20
-75.5114179999999919
11
169.851066000000003
21
-75.543933999999993
0
LINE
8
BLACK
6
CONTINUOUS
10
169.851066000000003
20
-75.543933999999993
11
169.8835819999999899
21
-75.5925969999999978
0
LINE
8
BLACK
6
CONTINUOUS
10
169.8835819999999899
20
-75.5925969999999978
11
169.8949999999999818
21
-75.6499999999999915
0
LINE
8
BLACK
6
CONTINUOUS
10
169.8949999999999818
20
-75.6499999999999915
11
169.8949999999999818
21
-77.2999999999999972
0
LINE
8
BLACK
6
CONTINUOUS
10
169.8949999999999818
20
-77.2999999999999972
11
169.8835819999999899
21
-77.3574029999999908
0
LINE
8
BLACK
6
CONTINUOUS
10
169.8835819999999899
20
-77.3574029999999908
11
169.851066000000003
21
-77.4060659999999956
0
LINE
8
BLACK
6
CONTINUOUS
10
169.851066000000003
20
-77.4060659999999956
11
169.8024029999999982
21
-77.4385819999999967
0
LINE
8
BLACK
6
CONTINUOUS
10
169.8024029999999982
20
-77.4385819999999967
11
169.7450000000000045
21
-77.4500000000000028
0
LINE
8
BLACK
6
CONTINUOUS
10
169.7450000000000045
20
-77.4500000000000028
11
169.4449999999999932
21
-77.4500000000000028
0
LINE
8
BLACK
6
CONTINUOUS
10
169.4449999999999932
20
-77.4500000000000028
11
169.3875969999999995
21
-77.4385819999999967
0
LINE
8
BLACK
6
CONTINUOUS
10
169.3875969999999995
20
-77.4385819999999967
11
169.3389339999999947
21
-77.4060659999999956
0
LINE
8
BLACK
6
CONTINUOUS
10
169.3389339999999947
20
-77.4060659999999956
11
169.3064179999999794
21
-77.3574029999999908
0
LINE
8
BLACK
6
CONTINUOUS
10
169.3064179999999794
20
-77.3574029999999908
11
169.2949999999999875
21
-77.2999999999999972
0
LINE
8
BLACK
6
CONTINUOUS
10
169.2949999999999875
20
-77.2999999999999972
11
169.2949999999999875
21
-75.6499999999999915
0
LINE
8
BLACK
6
CONTINUOUS
10
169.2949999999999875
20
-75.6499999999999915
11
169.3064179999999794
21
-75.5925969999999978
0
LINE
8
BLACK
6
CONTINUOUS
10
169.3064179999999794
20
-75.5925969999999978
11
169.3389339999999947
21
-75.543933999999993
0
LINE
8
BLACK
6
CONTINUOUS
10
169.3389339999999947
20
-75.543933999999993
11
169.3875969999999995
21
-75.5114179999999919
0
LINE
8
BLACK
6
CONTINUOUS
10
169.3875969999999995
20
-75.5114179999999919
11
169.4449999999999932
21
-75.5
0
LINE
8
BLACK
6
CONTINUOUS
10
169.4449999999999932
20
-75.5
11
169.7450000000000045
21
-75.5
0
LINE
8
BLACK
6
CONTINUOUS
10
169.7450000000000045
20
-75.5
11
169.8024029999999982
21
-75.5114179999999919
0
LINE
8
BLACK
6
CONTINUOUS
10
171.07240299999998
20
-75.5114179999999919
11
171.1210659999999848
21
-75.543933999999993
0
LINE
8
BLACK
6
CONTINUOUS
10
171.1210659999999848
20
-75.543933999999993
11
171.1535820000000001
21
-75.5925969999999978
0
LINE
8
BLACK
6
CONTINUOUS
10
171.1535820000000001
20
-75.5925969999999978
11
171.164999999999992
21
-75.6499999999999915
0
LINE
8
BLACK
6
CONTINUOUS
10
171.164999999999992
20
-75.6499999999999915
11
171.164999999999992
21
-77.2999999999999972
0
LINE
8
BLACK
6
CONTINUOUS
10
171.164999999999992
20
-77.2999999999999972
11
171.1535820000000001
21
-77.3574029999999908
0
LINE
8
BLACK
6
CONTINUOUS
10
171.1535820000000001
20
-77.3574029999999908
11
171.1210659999999848
21
-77.4060659999999956
0
LINE
8
BLACK
6
CONTINUOUS
10
171.1210659999999848
20
-77.4060659999999956
11
171.07240299999998
21
-77.4385819999999967
0
LINE
8
BLACK
6
CONTINUOUS
10
171.07240299999998
20
-77.4385819999999967
11
171.0149999999999864
21
-77.4500000000000028
0
LINE
8
BLACK
6
CONTINUOUS
10
171.0149999999999864
20
-77.4500000000000028
11
170.7150000000000034
21
-77.4500000000000028
0
LINE
8
BLACK
6
CONTINUOUS
10
170.7150000000000034
20
-77.4500000000000028
11
170.6575969999999813
21
-77.4385819999999967
0
LINE
8
BLACK
6
CONTINUOUS
10
170.6575969999999813
20
-77.4385819999999967
11
170.608934000000005
21
-77.4060659999999956
0
LINE
8
BLACK
6
CONTINUOUS
10
170.608934000000005
20
-77.4060659999999956
11
170.5764179999999897
21
-77.3574029999999908
0
LINE
8
BLACK
6
CONTINUOUS
10
170.5764179999999897
20
-77.3574029999999908
11
170.5649999999999977
21
-77.2999999999999972
0
LINE
8
BLACK
6
CONTINUOUS
10
170.5649999999999977
20
-77.2999999999999972
11
170.5649999999999977
21
-75.6499999999999915
0
LINE
8
BLACK
6
CONTINUOUS
10
170.5649999999999977
20
-75.6499999999999915
11
170.5764179999999897
21
-75.5925969999999978
0
LINE
8
BLACK
6
CONTINUOUS
10
170.5764179999999897
20
-75.5925969999999978
11
170.608934000000005
21
-75.543933999999993
0
LINE
8
BLACK
6
CONTINUOUS
10
170.608934000000005
20
-75.543933999999993
11
170.6575969999999813
21
-75.5114179999999919
0
LINE
8
BLACK
6
CONTINUOUS
10
170.6575969999999813
20
-75.5114179999999919
11
170.7150000000000034
21
-75.5
0
LINE
8
BLACK
6
CONTINUOUS
10
170.7150000000000034
20
-75.5
11
171.0149999999999864
21
-75.5
0
LINE
8
BLACK
6
CONTINUOUS
10
171.0149999999999864
20
-75.5
11
171.07240299999998
21
-75.5114179999999919
0
LINE
8
BLACK
6
CONTINUOUS
10
172.3424029999999902
20
-75.5114179999999919
11
172.391065999999995
21
-75.543933999999993
0
LINE
8
BLACK
6
CONTINUOUS
10
172.391065999999995
20
-75.543933999999993
11
172.4235819999999819
21
-75.5925969999999978
0
LINE
8
BLACK
6
CONTINUOUS
10
172.4235819999999819
20
-75.5925969999999978
11
172.4350000000000023
21
-75.6499999999999915
0
LINE
8
BLACK
6
CONTINUOUS
10
172.4350000000000023
20
-75.6499999999999915
11
172.4350000000000023
21
-77.2999999999999972
0
LINE
8
BLACK
6
CONTINUOUS
10
172.4350000000000023
20
-77.2999999999999972
11
172.4235819999999819
21
-77.3574029999999908
0
LINE
8
BLACK
6
CONTINUOUS
10
172.4235819999999819
20
-77.3574029999999908
11
172.391065999999995
21
-77.4060659999999956
0
LINE
8
BLACK
6
CONTINUOUS
10
172.391065999999995
20
-77.4060659999999956
11
172.3424029999999902
21
-77.4385819999999967
0
LINE
8
BLACK
6
CONTINUOUS
10
172.3424029999999902
20
-77.4385819999999967
11
172.2849999999999966
21
-77.4500000000000028
0
LINE
8
BLACK
6
CONTINUOUS
10
172.2849999999999966
20
-77.4500000000000028
11
171.9849999999999852
21
-77.4500000000000028
0
LINE
8
BLACK
6
CONTINUOUS
10
171.9849999999999852
20
-77.4500000000000028
11
171.9275969999999916
21
-77.4385819999999967
0
LINE
8
BLACK
6
CONTINUOUS
10
171.9275969999999916
20
-77.4385819999999967
11
171.8789339999999868
21
-77.4060659999999956
0
LINE
8
BLACK
6
CONTINUOUS
10
171.8789339999999868
20
-77.4060659999999956
11
171.8464179999999999
21
-77.3574029999999908
0
LINE
8
BLACK
6
CONTINUOUS
10
171.8464179999999999
20
-77.3574029999999908
11
171.8349999999999795
21
-77.2999999999999972
0
LINE
8
BLACK
6
CONTINUOUS
10
171.8349999999999795
20
-77.2999999999999972
11
171.8349999999999795
21
-75.6499999999999915
0
LINE
8
BLACK
6
CONTINUOUS
10
171.8349999999999795
20
-75.6499999999999915
11
171.8464179999999999
21
-75.5925969999999978
0
LINE
8
BLACK
6
CONTINUOUS
10
171.8464179999999999
20
-75.5925969999999978
11
171.8789339999999868
21
-75.543933999999993
0
LINE
8
BLACK
6
CONTINUOUS
10
171.8789339999999868
20
-75.543933999999993
11
171.9275969999999916
21
-75.5114179999999919
0
LINE
8
BLACK
6
CONTINUOUS
10
171.9275969999999916
20
-75.5114179999999919
11
171.9849999999999852
21
-75.5
0
LINE
8
BLACK
6
CONTINUOUS
10
171.9849999999999852
20
-75.5
11
172.2849999999999966
21
-75.5
0
LINE
8
BLACK
6
CONTINUOUS
10
172.2849999999999966
20
-75.5
11
172.3424029999999902
21
-75.5114179999999919
0
LINE
8
BLACK
6
CONTINUOUS
10
173.6124030000000005
20
-75.5114179999999919
11
173.6610660000000053
21
-75.543933999999993
0
LINE
8
BLACK
6
CONTINUOUS
10
173.6610660000000053
20
-75.543933999999993
11
173.6935819999999921
21
-75.5925969999999978
0
LINE
8
BLACK
6
CONTINUOUS
10
173.6935819999999921
20
-75.5925969999999978
11
173.7049999999999841
21
-75.6499999999999915
0
LINE
8
BLACK
6
CONTINUOUS
10
173.7049999999999841
20
-75.6499999999999915
11
173.7049999999999841
21
-77.2999999999999972
0
LINE
8
BLACK
6
CONTINUOUS
10
173.7049999999999841
20
-77.2999999999999972
11
173.6935819999999921
21
-77.3574029999999908
0
LINE
8
BLACK
6
CONTINUOUS
10
173.6935819999999921
20
-77.3574029999999908
11
173.6610660000000053
21
-77.4060659999999956
0
LINE
8
BLACK
6
CONTINUOUS
10
173.6610660000000053
20
-77.4060659999999956
11
173.6124030000000005
21
-77.4385819999999967
0
LINE
8
BLACK
6
CONTINUOUS
10
173.6124030000000005
20
-77.4385819999999967
11
173.5549999999999784
21
-77.4500000000000028
0
LINE
8
BLACK
6
CONTINUOUS
10
173.5549999999999784
20
-77.4500000000000028
11
173.2549999999999955
21
-77.4500000000000028
0
LINE
8
BLACK
6
CONTINUOUS
10
173.2549999999999955
20
-77.4500000000000028
11
173.1975970000000018
21
-77.4385819999999967
0
LINE
8
BLACK
6
CONTINUOUS
10
173.1975970000000018
20
-77.4385819999999967
11
173.148933999999997
21
-77.4060659999999956
0
LINE
8
BLACK
6
CONTINUOUS
10
173.148933999999997
20
-77.4060659999999956
11
173.1164179999999817
21
-77.3574029999999908
0
LINE
8
BLACK
6
CONTINUOUS
10
173.1164179999999817
20
-77.3574029999999908
11
173.1049999999999898
21
-77.2999999999999972
0
LINE
8
BLACK
6
CONTINUOUS
10
173.1049999999999898
20
-77.2999999999999972
11
173.1049999999999898
21
-75.6499999999999915
0
LINE
8
BLACK
6
CONTINUOUS
10
173.1049999999999898
20
-75.6499999999999915
11
173.1164179999999817
21
-75.5925969999999978
0
LINE
8
BLACK
6
CONTINUOUS
10
173.1164179999999817
20
-75.5925969999999978
11
173.148933999999997
21
-75.543933999999993
0
LINE
8
BLACK
6
CONTINUOUS
10
173.148933999999997
20
-75.543933999999993
11
173.1975970000000018
21
-75.5114179999999919
0
LINE
8
BLACK
6
CONTINUOUS
10
173.1975970000000018
20
-75.5114179999999919
11
173.2549999999999955
21
-75.5
0
LINE
8
BLACK
6
CONTINUOUS
10
173.2549999999999955
20
-75.5
11
173.5549999999999784
21
-75.5
0
LINE
8
BLACK
6
CONTINUOUS
10
173.5549999999999784
20
-75.5
11
173.6124030000000005
21
-75.5114179999999919
0
LINE
8
BLACK
6
CONTINUOUS
10
141.7683869999999899
20
-76.5050789999999949
11
141.8454380000000015
21
-76.5565619999999996
0
LINE
8
BLACK
6
CONTINUOUS
10
141.8454380000000015
20
-76.5565619999999996
11
141.8969209999999919
21
-76.6336129999999969
0
LINE
8
BLACK
6
CONTINUOUS
10
141.8969209999999919
20
-76.6336129999999969
11
141.914999999999992
21
-76.7244999999999919
0
LINE
8
BLACK
6
CONTINUOUS
10
141.914999999999992
20
-76.7244999999999919
11
141.914999999999992
21
-77.1995000000000005
0
LINE
8
BLACK
6
CONTINUOUS
10
141.914999999999992
20
-77.1995000000000005
11
141.8969209999999919
21
-77.2903869999999955
0
LINE
8
BLACK
6
CONTINUOUS
10
141.8969209999999919
20
-77.2903869999999955
11
141.8454380000000015
21
-77.3674379999999928
0
LINE
8
BLACK
6
CONTINUOUS
10
141.8454380000000015
20
-77.3674379999999928
11
141.7683869999999899
21
-77.4189209999999974
0
LINE
8
BLACK
6
CONTINUOUS
10
141.7683869999999899
20
-77.4189209999999974
11
141.6774999999999807
21
-77.4369999999999976
0
LINE
8
BLACK
6
CONTINUOUS
10
141.6774999999999807
20
-77.4369999999999976
11
141.0774999999999864
21
-77.4369999999999976
0
LINE
8
BLACK
6
CONTINUOUS
10
141.0774999999999864
20
-77.4369999999999976
11
140.9866130000000055
21
-77.4189209999999974
0
LINE
8
BLACK
6
CONTINUOUS
10
140.9866130000000055
20
-77.4189209999999974
11
140.909561999999994
21
-77.3674379999999928
0
LINE
8
BLACK
6
CONTINUOUS
10
140.909561999999994
20
-77.3674379999999928
11
140.8580790000000036
21
-77.2903869999999955
0
LINE
8
BLACK
6
CONTINUOUS
10
140.8580790000000036
20
-77.2903869999999955
11
140.8400000000000034
21
-77.1995000000000005
0
LINE
8
BLACK
6
CONTINUOUS
10
140.8400000000000034
20
-77.1995000000000005
11
140.8400000000000034
21
-76.7244999999999919
0
LINE
8
BLACK
6
CONTINUOUS
10
140.8400000000000034
20
-76.7244999999999919
11
140.8580790000000036
21
-76.6336129999999969
0
LINE
8
BLACK
6
CONTINUOUS
10
140.8580790000000036
20
-76.6336129999999969
11
140.909561999999994
21
-76.5565619999999996
0
LINE
8
BLACK
6
CONTINUOUS
10
140.909561999999994
20
-76.5565619999999996
11
140.9866130000000055
21
-76.5050789999999949
0
LINE
8
BLACK
6
CONTINUOUS
10
140.9866130000000055
20
-76.5050789999999949
11
141.0774999999999864
21
-76.4869999999999948
0
LINE
8
BLACK
6
CONTINUOUS
10
141.0774999999999864
20
-76.4869999999999948
11
141.6774999999999807
21
-76.4869999999999948
0
LINE
8
BLACK
6
CONTINUOUS
10
141.6774999999999807
20
-76.4869999999999948
11
141.7683869999999899
21
-76.5050789999999949
0
LINE
8
BLACK
6
CONTINUOUS
10
143.4933869999999843
20
-76.5050789999999949
11
143.5704379999999958
21
-76.5565619999999996
0
LINE
8
BLACK
6
CONTINUOUS
10
143.5704379999999958
20
-76.5565619999999996
11
143.6219209999999862
21
-76.6336129999999969
0
LINE
8
BLACK
6
CONTINUOUS
10
143.6219209999999862
20
-76.6336129999999969
11
143.6399999999999864
21
-76.7244999999999919
0
LINE
8
BLACK
6
CONTINUOUS
10
143.6399999999999864
20
-76.7244999999999919
11
143.6399999999999864
21
-77.1995000000000005
0
LINE
8
BLACK
6
CONTINUOUS
10
143.6399999999999864
20
-77.1995000000000005
11
143.6219209999999862
21
-77.2903869999999955
0
LINE
8
BLACK
6
CONTINUOUS
10
143.6219209999999862
20
-77.2903869999999955
11
143.5704379999999958
21
-77.3674379999999928
0
LINE
8
BLACK
6
CONTINUOUS
10
143.5704379999999958
20
-77.3674379999999928
11
143.4933869999999843
21
-77.4189209999999974
0
LINE
8
BLACK
6
CONTINUOUS
10
143.4933869999999843
20
-77.4189209999999974
11
143.4025000000000034
21
-77.4369999999999976
0
LINE
8
BLACK
6
CONTINUOUS
10
143.4025000000000034
20
-77.4369999999999976
11
142.8024999999999807
21
-77.4369999999999976
0
LINE
8
BLACK
6
CONTINUOUS
10
142.8024999999999807
20
-77.4369999999999976
11
142.7116129999999998
21
-77.4189209999999974
0
LINE
8
BLACK
6
CONTINUOUS
10
142.7116129999999998
20
-77.4189209999999974
11
142.6345619999999883
21
-77.3674379999999928
0
LINE
8
BLACK
6
CONTINUOUS
10
142.6345619999999883
20
-77.3674379999999928
11
142.5830789999999979
21
-77.2903869999999955
0
LINE
8
BLACK
6
CONTINUOUS
10
142.5830789999999979
20
-77.2903869999999955
11
142.5649999999999977
21
-77.1995000000000005
0
LINE
8
BLACK
6
CONTINUOUS
10
142.5649999999999977
20
-77.1995000000000005
11
142.5649999999999977
21
-76.7244999999999919
0
LINE
8
BLACK
6
CONTINUOUS
10
142.5649999999999977
20
-76.7244999999999919
11
142.5830789999999979
21
-76.6336129999999969
0
LINE
8
BLACK
6
CONTINUOUS
10
142.5830789999999979
20
-76.6336129999999969
11
142.6345619999999883
21
-76.5565619999999996
0
LINE
8
BLACK
6
CONTINUOUS
10
142.6345619999999883
20
-76.5565619999999996
11
142.7116129999999998
21
-76.5050789999999949
0
LINE
8
BLACK
6
CONTINUOUS
10
142.7116129999999998
20
-76.5050789999999949
11
142.8024999999999807
21
-76.4869999999999948
0
LINE
8
BLACK
6
CONTINUOUS
10
142.8024999999999807
20
-76.4869999999999948
11
143.4025000000000034
21
-76.4869999999999948
0
LINE
8
BLACK
6
CONTINUOUS
10
143.4025000000000034
20
-76.4869999999999948
11
143.4933869999999843
21
-76.5050789999999949
0
LINE
8
BLACK
6
CONTINUOUS
10
120.3497079999999926
20
-76.126183999999995
11
120.4694299999999885
21
-76.203125
0
LINE
8
BLACK
6
CONTINUOUS
10
120.4694299999999885
20
-76.203125
11
120.562626999999992
21
-76.3106799999999907
0
LINE
8
BLACK
6
CONTINUOUS
10
120.562626999999992
20
-76.3106799999999907
11
120.6217459999999875
21
-76.4401340000000005
0
LINE
8
BLACK
6
CONTINUOUS
10
120.6217459999999875
20
-76.4401340000000005
11
120.6419999999999959
21
-76.5810000000000031
0
LINE
8
BLACK
6
CONTINUOUS
10
120.6419999999999959
20
-76.5810000000000031
11
120.6217459999999875
21
-76.7218659999999915
0
LINE
8
BLACK
6
CONTINUOUS
10
120.6217459999999875
20
-76.7218659999999915
11
120.562626999999992
21
-76.8513200000000012
0
LINE
8
BLACK
6
CONTINUOUS
10
120.562626999999992
20
-76.8513200000000012
11
120.4694299999999885
21
-76.9588749999999919
0
LINE
8
BLACK
6
CONTINUOUS
10
120.4694299999999885
20
-76.9588749999999919
11
120.3497079999999926
21
-77.035815999999997
0
LINE
8
BLACK
6
CONTINUOUS
10
120.3497079999999926
20
-77.035815999999997
11
120.2131569999999954
21
-77.0759109999999907
0
LINE
8
BLACK
6
CONTINUOUS
10
120.2131569999999954
20
-77.0759109999999907
11
120.0708429999999964
21
-77.0759109999999907
0
LINE
8
BLACK
6
CONTINUOUS
10
120.0708429999999964
20
-77.0759109999999907
11
119.9342919999999992
21
-77.035815999999997
0
LINE
8
BLACK
6
CONTINUOUS
10
119.9342919999999992
20
-77.035815999999997
11
119.8145699999999891
21
-76.9588749999999919
0
LINE
8
BLACK
6
CONTINUOUS
10
119.8145699999999891
20
-76.9588749999999919
11
119.7213729999999998
21
-76.8513200000000012
0
LINE
8
BLACK
6
CONTINUOUS
10
119.7213729999999998
20
-76.8513200000000012
11
119.6622539999999901
21
-76.7218659999999915
0
LINE
8
BLACK
6
CONTINUOUS
10
119.6622539999999901
20
-76.7218659999999915
11
119.6419999999999959
21
-76.5810000000000031
0
LINE
8
BLACK
6
CONTINUOUS
10
119.6419999999999959
20
-76.5810000000000031
11
119.6622539999999901
21
-76.4401340000000005
0
LINE
8
BLACK
6
CONTINUOUS
10
119.6622539999999901
20
-76.4401340000000005
11
119.7213729999999998
21
-76.3106799999999907
0
LINE
8
BLACK
6
CONTINUOUS
10
119.7213729999999998
20
-76.3106799999999907
11
119.8145699999999891
21
-76.203125
0
LINE
8
BLACK
6
CONTINUOUS
10
119.8145699999999891
20
-76.203125
11
119.9342919999999992
21
-76.126183999999995
0
LINE
8
BLACK
6
CONTINUOUS
10
119.9342919999999992
20
-76.126183999999995
11
120.0708429999999964
21
-76.0860890000000012
0
LINE
8
BLACK
6
CONTINUOUS
10
120.0708429999999964
20
-76.0860890000000012
11
120.2131569999999954
21
-76.0860890000000012
0
LINE
8
BLACK
6
CONTINUOUS
10
120.2131569999999954
20
-76.0860890000000012
11
120.3497079999999926
21
-76.126183999999995
0
LINE
8
BLACK
6
CONTINUOUS
10
179.1037079999999833
20
-76.126183999999995
11
179.2234299999999791
21
-76.203125
0
LINE
8
BLACK
6
CONTINUOUS
10
179.2234299999999791
20
-76.203125
11
179.3166269999999827
21
-76.3106799999999907
0
LINE
8
BLACK
6
CONTINUOUS
10
179.3166269999999827
20
-76.3106799999999907
11
179.3757459999999924
21
-76.4401340000000005
0
LINE
8
BLACK
6
CONTINUOUS
10
179.3757459999999924
20
-76.4401340000000005
11
179.3959999999999866
21
-76.5810000000000031
0
LINE
8
BLACK
6
CONTINUOUS
10
179.3959999999999866
20
-76.5810000000000031
11
179.3757459999999924
21
-76.7218659999999915
0
LINE
8
BLACK
6
CONTINUOUS
10
179.3757459999999924
20
-76.7218659999999915
11
179.3166269999999827
21
-76.8513200000000012
0
LINE
8
BLACK
6
CONTINUOUS
10
179.3166269999999827
20
-76.8513200000000012
11
179.2234299999999791
21
-76.9588749999999919
0
LINE
8
BLACK
6
CONTINUOUS
10
179.2234299999999791
20
-76.9588749999999919
11
179.1037079999999833
21
-77.035815999999997
0
LINE
8
BLACK
6
CONTINUOUS
10
179.1037079999999833
20
-77.035815999999997
11
178.9671569999999861
21
-77.0759109999999907
0
LINE
8
BLACK
6
CONTINUOUS
10
178.9671569999999861
20
-77.0759109999999907
11
178.8248429999999871
21
-77.0759109999999907
0
LINE
8
BLACK
6
CONTINUOUS
10
178.8248429999999871
20
-77.0759109999999907
11
178.6882919999999899
21
-77.035815999999997
0
LINE
8
BLACK
6
CONTINUOUS
10
178.6882919999999899
20
-77.035815999999997
11
178.568569999999994
21
-76.9588749999999919
0
LINE
8
BLACK
6
CONTINUOUS
10
178.568569999999994
20
-76.9588749999999919
11
178.4753729999999905
21
-76.8513200000000012
0
LINE
8
BLACK
6
CONTINUOUS
10
178.4753729999999905
20
-76.8513200000000012
11
178.4162539999999808
21
-76.7218659999999915
0
LINE
8
BLACK
6
CONTINUOUS
10
178.4162539999999808
20
-76.7218659999999915
11
178.3959999999999866
21
-76.5810000000000031
0
LINE
8
BLACK
6
CONTINUOUS
10
178.3959999999999866
20
-76.5810000000000031
11
178.4162539999999808
21
-76.4401340000000005
0
LINE
8
BLACK
6
CONTINUOUS
10
178.4162539999999808
20
-76.4401340000000005
11
178.4753729999999905
21
-76.3106799999999907
0
LINE
8
BLACK
6
CONTINUOUS
10
178.4753729999999905
20
-76.3106799999999907
11
178.568569999999994
21
-76.203125
0
LINE
8
BLACK
6
CONTINUOUS
10
178.568569999999994
20
-76.203125
11
178.6882919999999899
21
-76.126183999999995
0
LINE
8
BLACK
6
CONTINUOUS
10
178.6882919999999899
20
-76.126183999999995
11
178.8248429999999871
21
-76.0860890000000012
0
LINE
8
BLACK
6
CONTINUOUS
10
178.8248429999999871
20
-76.0860890000000012
11
178.9671569999999861
21
-76.0860890000000012
0
LINE
8
BLACK
6
CONTINUOUS
10
178.9671569999999861
20
-76.0860890000000012
11
179.1037079999999833
21
-76.126183999999995
0
LINE
8
BLACK
6
CONTINUOUS
10
156.0303869999999904
20
-75.8340790000000027
11
156.1074380000000019
21
-75.8855619999999931
0
LINE
8
BLACK
6
CONTINUOUS
10
156.1074380000000019
20
-75.8855619999999931
11
156.1589209999999923
21
-75.9626129999999904
0
LINE
8
BLACK
6
CONTINUOUS
10
156.1589209999999923
20
-75.9626129999999904
11
156.1769999999999925
21
-76.0534999999999997
0
LINE
8
BLACK
6
CONTINUOUS
10
156.1769999999999925
20
-76.0534999999999997
11
156.1769999999999925
21
-76.653499999999994
0
LINE
8
BLACK
6
CONTINUOUS
10
156.1769999999999925
20
-76.653499999999994
11
156.1589209999999923
21
-76.7443870000000032
0
LINE
8
BLACK
6
CONTINUOUS
10
156.1589209999999923
20
-76.7443870000000032
11
156.1074380000000019
21
-76.8214380000000006
0
LINE
8
BLACK
6
CONTINUOUS
10
156.1074380000000019
20
-76.8214380000000006
11
156.0303869999999904
21
-76.872920999999991
0
LINE
8
BLACK
6
CONTINUOUS
10
156.0303869999999904
20
-76.872920999999991
11
155.9394999999999811
21
-76.8909999999999911
0
LINE
8
BLACK
6
CONTINUOUS
10
155.9394999999999811
20
-76.8909999999999911
11
155.4644999999999868
21
-76.8909999999999911
0
LINE
8
BLACK
6
CONTINUOUS
10
155.4644999999999868
20
-76.8909999999999911
11
155.373613000000006
21
-76.872920999999991
0
LINE
8
BLACK
6
CONTINUOUS
10
155.373613000000006
20
-76.872920999999991
11
155.2965619999999944
21
-76.8214380000000006
0
LINE
8
BLACK
6
CONTINUOUS
10
155.2965619999999944
20
-76.8214380000000006
11
155.245079000000004
21
-76.7443870000000032
0
LINE
8
BLACK
6
CONTINUOUS
10
155.245079000000004
20
-76.7443870000000032
11
155.2270000000000039
21
-76.653499999999994
0
LINE
8
BLACK
6
CONTINUOUS
10
155.2270000000000039
20
-76.653499999999994
11
155.2270000000000039
21
-76.0534999999999997
0
LINE
8
BLACK
6
CONTINUOUS
10
155.2270000000000039
20
-76.0534999999999997
11
155.245079000000004
21
-75.9626129999999904
0
LINE
8
BLACK
6
CONTINUOUS
10
155.245079000000004
20
-75.9626129999999904
11
155.2965619999999944
21
-75.8855619999999931
0
LINE
8
BLACK
6
CONTINUOUS
10
155.2965619999999944
20
-75.8855619999999931
11
155.373613000000006
21
-75.8340790000000027
0
LINE
8
BLACK
6
CONTINUOUS
10
155.373613000000006
20
-75.8340790000000027
11
155.4644999999999868
21
-75.8160000000000025
0
LINE
8
BLACK
6
CONTINUOUS
10
155.4644999999999868
20
-75.8160000000000025
11
155.9394999999999811
21
-75.8160000000000025
0
LINE
8
BLACK
6
CONTINUOUS
10
155.9394999999999811
20
-75.8160000000000025
11
156.0303869999999904
21
-75.8340790000000027
0
LINE
8
BLACK
6
CONTINUOUS
10
126.0783869999999922
20
-75.593079000000003
11
126.1554379999999895
21
-75.6445619999999934
0
LINE
8
BLACK
6
CONTINUOUS
10
126.1554379999999895
20
-75.6445619999999934
11
126.2069209999999941
21
-75.7216129999999907
0
LINE
8
BLACK
6
CONTINUOUS
10
126.2069209999999941
20
-75.7216129999999907
11
126.2249999999999943
21
-75.8125
0
LINE
8
BLACK
6
CONTINUOUS
10
126.2249999999999943
20
-75.8125
11
126.2249999999999943
21
-76.4124999999999943
0
LINE
8
BLACK
6
CONTINUOUS
10
126.2249999999999943
20
-76.4124999999999943
11
126.2069209999999941
21
-76.5033870000000036
0
LINE
8
BLACK
6
CONTINUOUS
10
126.2069209999999941
20
-76.5033870000000036
11
126.1554379999999895
21
-76.5804380000000009
0
LINE
8
BLACK
6
CONTINUOUS
10
126.1554379999999895
20
-76.5804380000000009
11
126.0783869999999922
21
-76.6319209999999913
0
LINE
8
BLACK
6
CONTINUOUS
10
126.0783869999999922
20
-76.6319209999999913
11
125.9874999999999972
21
-76.6499999999999915
0
LINE
8
BLACK
6
CONTINUOUS
10
125.9874999999999972
20
-76.6499999999999915
11
125.5124999999999886
21
-76.6499999999999915
0
LINE
8
BLACK
6
CONTINUOUS
10
125.5124999999999886
20
-76.6499999999999915
11
125.4216129999999936
21
-76.6319209999999913
0
LINE
8
BLACK
6
CONTINUOUS
10
125.4216129999999936
20
-76.6319209999999913
11
125.3445619999999963
21
-76.5804380000000009
0
LINE
8
BLACK
6
CONTINUOUS
10
125.3445619999999963
20
-76.5804380000000009
11
125.2930789999999917
21
-76.5033870000000036
0
LINE
8
BLACK
6
CONTINUOUS
10
125.2930789999999917
20
-76.5033870000000036
11
125.2749999999999915
21
-76.4124999999999943
0
LINE
8
BLACK
6
CONTINUOUS
10
125.2749999999999915
20
-76.4124999999999943
11
125.2749999999999915
21
-75.8125
0
LINE
8
BLACK
6
CONTINUOUS
10
125.2749999999999915
20
-75.8125
11
125.2930789999999917
21
-75.7216129999999907
0
LINE
8
BLACK
6
CONTINUOUS
10
125.2930789999999917
20
-75.7216129999999907
11
125.3445619999999963
21
-75.6445619999999934
0
LINE
8
BLACK
6
CONTINUOUS
10
125.3445619999999963
20
-75.6445619999999934
11
125.4216129999999936
21
-75.593079000000003
0
LINE
8
BLACK
6
CONTINUOUS
10
125.4216129999999936
20
-75.593079000000003
11
125.5124999999999886
21
-75.5750000000000028
0
LINE
8
BLACK
6
CONTINUOUS
10
125.5124999999999886
20
-75.5750000000000028
11
125.9874999999999972
21
-75.5750000000000028
0
LINE
8
BLACK
6
CONTINUOUS
10
125.9874999999999972
20
-75.5750000000000028
11
126.0783869999999922
21
-75.593079000000003
0
LINE
8
BLACK
6
CONTINUOUS
10
133.1283870000000036
20
-75.0730789999999928
11
133.2054379999999867
21
-75.1245619999999974
0
LINE
8
BLACK
6
CONTINUOUS
10
133.2054379999999867
20
-75.1245619999999974
11
133.2569210000000055
21
-75.2016129999999947
0
LINE
8
BLACK
6
CONTINUOUS
10
133.2569210000000055
20
-75.2016129999999947
11
133.2750000000000057
21
-75.2924999999999898
0
LINE
8
BLACK
6
CONTINUOUS
10
133.2750000000000057
20
-75.2924999999999898
11
133.2750000000000057
21
-75.8924999999999983
0
LINE
8
BLACK
6
CONTINUOUS
10
133.2750000000000057
20
-75.8924999999999983
11
133.2569210000000055
21
-75.9833869999999933
0
LINE
8
BLACK
6
CONTINUOUS
10
133.2569210000000055
20
-75.9833869999999933
11
133.2054379999999867
21
-76.0604379999999907
0
LINE
8
BLACK
6
CONTINUOUS
10
133.2054379999999867
20
-76.0604379999999907
11
133.1283870000000036
21
-76.1119209999999953
0
LINE
8
BLACK
6
CONTINUOUS
10
133.1283870000000036
20
-76.1119209999999953
11
133.0374999999999943
21
-76.1299999999999955
0
LINE
8
BLACK
6
CONTINUOUS
10
133.0374999999999943
20
-76.1299999999999955
11
132.5625
21
-76.1299999999999955
0
LINE
8
BLACK
6
CONTINUOUS
10
132.5625
20
-76.1299999999999955
11
132.4716129999999907
21
-76.1119209999999953
0
LINE
8
BLACK
6
CONTINUOUS
10
132.4716129999999907
20
-76.1119209999999953
11
132.3945620000000076
21
-76.0604379999999907
0
LINE
8
BLACK
6
CONTINUOUS
10
132.3945620000000076
20
-76.0604379999999907
11
132.3430789999999888
21
-75.9833869999999933
0
LINE
8
BLACK
6
CONTINUOUS
10
132.3430789999999888
20
-75.9833869999999933
11
132.3249999999999886
21
-75.8924999999999983
0
LINE
8
BLACK
6
CONTINUOUS
10
132.3249999999999886
20
-75.8924999999999983
11
132.3249999999999886
21
-75.2924999999999898
0
LINE
8
BLACK
6
CONTINUOUS
10
132.3249999999999886
20
-75.2924999999999898
11
132.3430789999999888
21
-75.2016129999999947
0
LINE
8
BLACK
6
CONTINUOUS
10
132.3430789999999888
20
-75.2016129999999947
11
132.3945620000000076
21
-75.1245619999999974
0
LINE
8
BLACK
6
CONTINUOUS
10
132.3945620000000076
20
-75.1245619999999974
11
132.4716129999999907
21
-75.0730789999999928
0
LINE
8
BLACK
6
CONTINUOUS
10
132.4716129999999907
20
-75.0730789999999928
11
132.5625
21
-75.0549999999999926
0
LINE
8
BLACK
6
CONTINUOUS
10
132.5625
20
-75.0549999999999926
11
133.0374999999999943
21
-75.0549999999999926
0
LINE
8
BLACK
6
CONTINUOUS
10
133.0374999999999943
20
-75.0549999999999926
11
133.1283870000000036
21
-75.0730789999999928
0
LINE
8
BLACK
6
CONTINUOUS
10
120.3497079999999926
20
-74.8561839999999989
11
120.4694299999999885
21
-74.9331249999999898
0
LINE
8
BLACK
6
CONTINUOUS
10
120.4694299999999885
20
-74.9331249999999898
11
120.562626999999992
21
-75.0406799999999947
0
LINE
8
BLACK
6
CONTINUOUS
10
120.562626999999992
20
-75.0406799999999947
11
120.6217459999999875
21
-75.1701339999999902
0
LINE
8
BLACK
6
CONTINUOUS
10
120.6217459999999875
20
-75.1701339999999902
11
120.6419999999999959
21
-75.3109999999999928
0
LINE
8
BLACK
6
CONTINUOUS
10
120.6419999999999959
20
-75.3109999999999928
11
120.6217459999999875
21
-75.4518659999999954
0
LINE
8
BLACK
6
CONTINUOUS
10
120.6217459999999875
20
-75.4518659999999954
11
120.562626999999992
21
-75.581319999999991
0
LINE
8
BLACK
6
CONTINUOUS
10
120.562626999999992
20
-75.581319999999991
11
120.4694299999999885
21
-75.6888749999999959
0
LINE
8
BLACK
6
CONTINUOUS
10
120.4694299999999885
20
-75.6888749999999959
11
120.3497079999999926
21
-75.7658160000000009
0
LINE
8
BLACK
6
CONTINUOUS
10
120.3497079999999926
20
-75.7658160000000009
11
120.2131569999999954
21
-75.8059109999999947
0
LINE
8
BLACK
6
CONTINUOUS
10
120.2131569999999954
20
-75.8059109999999947
11
120.0708429999999964
21
-75.8059109999999947
0
LINE
8
BLACK
6
CONTINUOUS
10
120.0708429999999964
20
-75.8059109999999947
11
119.9342919999999992
21
-75.7658160000000009
0
LINE
8
BLACK
6
CONTINUOUS
10
119.9342919999999992
20
-75.7658160000000009
11
119.8145699999999891
21
-75.6888749999999959
0
LINE
8
BLACK
6
CONTINUOUS
10
119.8145699999999891
20
-75.6888749999999959
11
119.7213729999999998
21
-75.581319999999991
0
LINE
8
BLACK
6
CONTINUOUS
10
119.7213729999999998
20
-75.581319999999991
11
119.6622539999999901
21
-75.4518659999999954
0
LINE
8
BLACK
6
CONTINUOUS
10
119.6622539999999901
20
-75.4518659999999954
11
119.6419999999999959
21
-75.3109999999999928
0
LINE
8
BLACK
6
CONTINUOUS
10
119.6419999999999959
20
-75.3109999999999928
11
119.6622539999999901
21
-75.1701339999999902
0
LINE
8
BLACK
6
CONTINUOUS
10
119.6622539999999901
20
-75.1701339999999902
11
119.7213729999999998
21
-75.0406799999999947
0
LINE
8
BLACK
6
CONTINUOUS
10
119.7213729999999998
20
-75.0406799999999947
11
119.8145699999999891
21
-74.9331249999999898
0
LINE
8
BLACK
6
CONTINUOUS
10
119.8145699999999891
20
-74.9331249999999898
11
119.9342919999999992
21
-74.8561839999999989
0
LINE
8
BLACK
6
CONTINUOUS
10
119.9342919999999992
20
-74.8561839999999989
11
120.0708429999999964
21
-74.816088999999991
0
LINE
8
BLACK
6
CONTINUOUS
10
120.0708429999999964
20
-74.816088999999991
11
120.2131569999999954
21
-74.816088999999991
0
LINE
8
BLACK
6
CONTINUOUS
10
120.2131569999999954
20
-74.816088999999991
11
120.3497079999999926
21
-74.8561839999999989
0
LINE
8
BLACK
6
CONTINUOUS
10
179.1037079999999833
20
-74.8561839999999989
11
179.2234299999999791
21
-74.9331249999999898
0
LINE
8
BLACK
6
CONTINUOUS
10
179.2234299999999791
20
-74.9331249999999898
11
179.3166269999999827
21
-75.0406799999999947
0
LINE
8
BLACK
6
CONTINUOUS
10
179.3166269999999827
20
-75.0406799999999947
11
179.3757459999999924
21
-75.1701339999999902
0
LINE
8
BLACK
6
CONTINUOUS
10
179.3757459999999924
20
-75.1701339999999902
11
179.3959999999999866
21
-75.3109999999999928
0
LINE
8
BLACK
6
CONTINUOUS
10
179.3959999999999866
20
-75.3109999999999928
11
179.3757459999999924
21
-75.4518659999999954
0
LINE
8
BLACK
6
CONTINUOUS
10
179.3757459999999924
20
-75.4518659999999954
11
179.3166269999999827
21
-75.581319999999991
0
LINE
8
BLACK
6
CONTINUOUS
10
179.3166269999999827
20
-75.581319999999991
11
179.2234299999999791
21
-75.6888749999999959
0
LINE
8
BLACK
6
CONTINUOUS
10
179.2234299999999791
20
-75.6888749999999959
11
179.1037079999999833
21
-75.7658160000000009
0
LINE
8
BLACK
6
CONTINUOUS
10
179.1037079999999833
20
-75.7658160000000009
11
178.9671569999999861
21
-75.8059109999999947
0
LINE
8
BLACK
6
CONTINUOUS
10
178.9671569999999861
20
-75.8059109999999947
11
178.8248429999999871
21
-75.8059109999999947
0
LINE
8
BLACK
6
CONTINUOUS
10
178.8248429999999871
20
-75.8059109999999947
11
178.6882919999999899
21
-75.7658160000000009
0
LINE
8
BLACK
6
CONTINUOUS
10
178.6882919999999899
20
-75.7658160000000009
11
178.568569999999994
21
-75.6888749999999959
0
LINE
8
BLACK
6
CONTINUOUS
10
178.568569999999994
20
-75.6888749999999959
11
178.4753729999999905
21
-75.581319999999991
0
LINE
8
BLACK
6
CONTINUOUS
10
178.4753729999999905
20
-75.581319999999991
11
178.4162539999999808
21
-75.4518659999999954
0
LINE
8
BLACK
6
CONTINUOUS
10
178.4162539999999808
20
-75.4518659999999954
11
178.3959999999999866
21
-75.3109999999999928
0
LINE
8
BLACK
6
CONTINUOUS
10
178.3959999999999866
20
-75.3109999999999928
11
178.4162539999999808
21
-75.1701339999999902
0
LINE
8
BLACK
6
CONTINUOUS
10
178.4162539999999808
20
-75.1701339999999902
11
178.4753729999999905
21
-75.0406799999999947
0
LINE
8
BLACK
6
CONTINUOUS
10
178.4753729999999905
20
-75.0406799999999947
11
178.568569999999994
21
-74.9331249999999898
0
LINE
8
BLACK
6
CONTINUOUS
10
178.568569999999994
20
-74.9331249999999898
11
178.6882919999999899
21
-74.8561839999999989
0
LINE
8
BLACK
6
CONTINUOUS
10
178.6882919999999899
20
-74.8561839999999989
11
178.8248429999999871
21
-74.816088999999991
0
LINE
8
BLACK
6
CONTINUOUS
10
178.8248429999999871
20
-74.816088999999991
11
178.9671569999999861
21
-74.816088999999991
0
LINE
8
BLACK
6
CONTINUOUS
10
178.9671569999999861
20
-74.816088999999991
11
179.1037079999999833
21
-74.8561839999999989
0
LINE
8
BLACK
6
CONTINUOUS
10
126.0783869999999922
20
-73.8680789999999945
11
126.1554379999999895
21
-73.9195619999999991
0
LINE
8
BLACK
6
CONTINUOUS
10
126.1554379999999895
20
-73.9195619999999991
11
126.2069209999999941
21
-73.9966129999999964
0
LINE
8
BLACK
6
CONTINUOUS
10
126.2069209999999941
20
-73.9966129999999964
11
126.2249999999999943
21
-74.0874999999999915
0
LINE
8
BLACK
6
CONTINUOUS
10
126.2249999999999943
20
-74.0874999999999915
11
126.2249999999999943
21
-74.6875
0
LINE
8
BLACK
6
CONTINUOUS
10
126.2249999999999943
20
-74.6875
11
126.2069209999999941
21
-74.7783869999999951
0
LINE
8
BLACK
6
CONTINUOUS
10
126.2069209999999941
20
-74.7783869999999951
11
126.1554379999999895
21
-74.8554379999999924
0
LINE
8
BLACK
6
CONTINUOUS
10
126.1554379999999895
20
-74.8554379999999924
11
126.0783869999999922
21
-74.906920999999997
0
LINE
8
BLACK
6
CONTINUOUS
10
126.0783869999999922
20
-74.906920999999997
11
125.9874999999999972
21
-74.9249999999999972
0
LINE
8
BLACK
6
CONTINUOUS
10
125.9874999999999972
20
-74.9249999999999972
11
125.5124999999999886
21
-74.9249999999999972
0
LINE
8
BLACK
6
CONTINUOUS
10
125.5124999999999886
20
-74.9249999999999972
11
125.4216129999999936
21
-74.906920999999997
0
LINE
8
BLACK
6
CONTINUOUS
10
125.4216129999999936
20
-74.906920999999997
11
125.3445619999999963
21
-74.8554379999999924
0
LINE
8
BLACK
6
CONTINUOUS
10
125.3445619999999963
20
-74.8554379999999924
11
125.2930789999999917
21
-74.7783869999999951
0
LINE
8
BLACK
6
CONTINUOUS
10
125.2930789999999917
20
-74.7783869999999951
11
125.2749999999999915
21
-74.6875
0
LINE
8
BLACK
6
CONTINUOUS
10
125.2749999999999915
20
-74.6875
11
125.2749999999999915
21
-74.0874999999999915
0
LINE
8
BLACK
6
CONTINUOUS
10
125.2749999999999915
20
-74.0874999999999915
11
125.2930789999999917
21
-73.9966129999999964
0
LINE
8
BLACK
6
CONTINUOUS
10
125.2930789999999917
20
-73.9966129999999964
11
125.3445619999999963
21
-73.9195619999999991
0
LINE
8
BLACK
6
CONTINUOUS
10
125.3445619999999963
20
-73.9195619999999991
11
125.4216129999999936
21
-73.8680789999999945
0
LINE
8
BLACK
6
CONTINUOUS
10
125.4216129999999936
20
-73.8680789999999945
11
125.5124999999999886
21
-73.8499999999999943
0
LINE
8
BLACK
6
CONTINUOUS
10
125.5124999999999886
20
-73.8499999999999943
11
125.9874999999999972
21
-73.8499999999999943
0
LINE
8
BLACK
6
CONTINUOUS
10
125.9874999999999972
20
-73.8499999999999943
11
126.0783869999999922
21
-73.8680789999999945
0
LINE
8
BLACK
6
CONTINUOUS
10
120.3497079999999926
20
-73.5861840000000029
11
120.4694299999999885
21
-73.6631249999999937
0
LINE
8
BLACK
6
CONTINUOUS
10
120.4694299999999885
20
-73.6631249999999937
11
120.562626999999992
21
-73.7706799999999987
0
LINE
8
BLACK
6
CONTINUOUS
10
120.562626999999992
20
-73.7706799999999987
11
120.6217459999999875
21
-73.9001339999999942
0
LINE
8
BLACK
6
CONTINUOUS
10
120.6217459999999875
20
-73.9001339999999942
11
120.6419999999999959
21
-74.0409999999999968
0
LINE
8
BLACK
6
CONTINUOUS
10
120.6419999999999959
20
-74.0409999999999968
11
120.6217459999999875
21
-74.1818659999999994
0
LINE
8
BLACK
6
CONTINUOUS
10
120.6217459999999875
20
-74.1818659999999994
11
120.562626999999992
21
-74.3113199999999949
0
LINE
8
BLACK
6
CONTINUOUS
10
120.562626999999992
20
-74.3113199999999949
11
120.4694299999999885
21
-74.4188749999999999
0
LINE
8
BLACK
6
CONTINUOUS
10
120.4694299999999885
20
-74.4188749999999999
11
120.3497079999999926
21
-74.4958159999999907
0
LINE
8
BLACK
6
CONTINUOUS
10
120.3497079999999926
20
-74.4958159999999907
11
120.2131569999999954
21
-74.5359109999999987
0
LINE
8
BLACK
6
CONTINUOUS
10
120.2131569999999954
20
-74.5359109999999987
11
120.0708429999999964
21
-74.5359109999999987
0
LINE
8
BLACK
6
CONTINUOUS
10
120.0708429999999964
20
-74.5359109999999987
11
119.9342919999999992
21
-74.4958159999999907
0
LINE
8
BLACK
6
CONTINUOUS
10
119.9342919999999992
20
-74.4958159999999907
11
119.8145699999999891
21
-74.4188749999999999
0
LINE
8
BLACK
6
CONTINUOUS
10
119.8145699999999891
20
-74.4188749999999999
11
119.7213729999999998
21
-74.3113199999999949
0
LINE
8
BLACK
6
CONTINUOUS
10
119.7213729999999998
20
-74.3113199999999949
11
119.6622539999999901
21
-74.1818659999999994
0
LINE
8
BLACK
6
CONTINUOUS
10
119.6622539999999901
20
-74.1818659999999994
11
119.6419999999999959
21
-74.0409999999999968
0
LINE
8
BLACK
6
CONTINUOUS
10
119.6419999999999959
20
-74.0409999999999968
11
119.6622539999999901
21
-73.9001339999999942
0
LINE
8
BLACK
6
CONTINUOUS
10
119.6622539999999901
20
-73.9001339999999942
11
119.7213729999999998
21
-73.7706799999999987
0
LINE
8
BLACK
6
CONTINUOUS
10
119.7213729999999998
20
-73.7706799999999987
11
119.8145699999999891
21
-73.6631249999999937
0
LINE
8
BLACK
6
CONTINUOUS
10
119.8145699999999891
20
-73.6631249999999937
11
119.9342919999999992
21
-73.5861840000000029
0
LINE
8
BLACK
6
CONTINUOUS
10
119.9342919999999992
20
-73.5861840000000029
11
120.0708429999999964
21
-73.5460889999999949
0
LINE
8
BLACK
6
CONTINUOUS
10
120.0708429999999964
20
-73.5460889999999949
11
120.2131569999999954
21
-73.5460889999999949
0
LINE
8
BLACK
6
CONTINUOUS
10
120.2131569999999954
20
-73.5460889999999949
11
120.3497079999999926
21
-73.5861840000000029
0
LINE
8
BLACK
6
CONTINUOUS
10
179.1037079999999833
20
-73.5861840000000029
11
179.2234299999999791
21
-73.6631249999999937
0
LINE
8
BLACK
6
CONTINUOUS
10
179.2234299999999791
20
-73.6631249999999937
11
179.3166269999999827
21
-73.7706799999999987
0
LINE
8
BLACK
6
CONTINUOUS
10
179.3166269999999827
20
-73.7706799999999987
11
179.3757459999999924
21
-73.9001339999999942
0
LINE
8
BLACK
6
CONTINUOUS
10
179.3757459999999924
20
-73.9001339999999942
11
179.3959999999999866
21
-74.0409999999999968
0
LINE
8
BLACK
6
CONTINUOUS
10
179.3959999999999866
20
-74.0409999999999968
11
179.3757459999999924
21
-74.1818659999999994
0
LINE
8
BLACK
6
CONTINUOUS
10
179.3757459999999924
20
-74.1818659999999994
11
179.3166269999999827
21
-74.3113199999999949
0
LINE
8
BLACK
6
CONTINUOUS
10
179.3166269999999827
20
-74.3113199999999949
11
179.2234299999999791
21
-74.4188749999999999
0
LINE
8
BLACK
6
CONTINUOUS
10
179.2234299999999791
20
-74.4188749999999999
11
179.1037079999999833
21
-74.4958159999999907
0
LINE
8
BLACK
6
CONTINUOUS
10
179.1037079999999833
20
-74.4958159999999907
11
178.9671569999999861
21
-74.5359109999999987
0
LINE
8
BLACK
6
CONTINUOUS
10
178.9671569999999861
20
-74.5359109999999987
11
178.8248429999999871
21
-74.5359109999999987
0
LINE
8
BLACK
6
CONTINUOUS
10
178.8248429999999871
20
-74.5359109999999987
11
178.6882919999999899
21
-74.4958159999999907
0
LINE
8
BLACK
6
CONTINUOUS
10
178.6882919999999899
20
-74.4958159999999907
11
178.568569999999994
21
-74.4188749999999999
0
LINE
8
BLACK
6
CONTINUOUS
10
178.568569999999994
20
-74.4188749999999999
11
178.4753729999999905
21
-74.3113199999999949
0
LINE
8
BLACK
6
CONTINUOUS
10
178.4753729999999905
20
-74.3113199999999949
11
178.4162539999999808
21
-74.1818659999999994
0
LINE
8
BLACK
6
CONTINUOUS
10
178.4162539999999808
20
-74.1818659999999994
11
178.3959999999999866
21
-74.0409999999999968
0
LINE
8
BLACK
6
CONTINUOUS
10
178.3959999999999866
20
-74.0409999999999968
11
178.4162539999999808
21
-73.9001339999999942
0
LINE
8
BLACK
6
CONTINUOUS
10
178.4162539999999808
20
-73.9001339999999942
11
178.4753729999999905
21
-73.7706799999999987
0
LINE
8
BLACK
6
CONTINUOUS
10
178.4753729999999905
20
-73.7706799999999987
11
178.568569999999994
21
-73.6631249999999937
0
LINE
8
BLACK
6
CONTINUOUS
10
178.568569999999994
20
-73.6631249999999937
11
178.6882919999999899
21
-73.5861840000000029
0
LINE
8
BLACK
6
CONTINUOUS
10
178.6882919999999899
20
-73.5861840000000029
11
178.8248429999999871
21
-73.5460889999999949
0
LINE
8
BLACK
6
CONTINUOUS
10
178.8248429999999871
20
-73.5460889999999949
11
178.9671569999999861
21
-73.5460889999999949
0
LINE
8
BLACK
6
CONTINUOUS
10
178.9671569999999861
20
-73.5460889999999949
11
179.1037079999999833
21
-73.5861840000000029
0
LINE
8
BLACK
6
CONTINUOUS
10
133.1283870000000036
20
-73.3480789999999985
11
133.2054379999999867
21
-73.3995620000000031
0
LINE
8
BLACK
6
CONTINUOUS
10
133.2054379999999867
20
-73.3995620000000031
11
133.2569210000000055
21
-73.4766130000000004
0
LINE
8
BLACK
6
CONTINUOUS
10
133.2569210000000055
20
-73.4766130000000004
11
133.2750000000000057
21
-73.5674999999999955
0
LINE
8
BLACK
6
CONTINUOUS
10
133.2750000000000057
20
-73.5674999999999955
11
133.2750000000000057
21
-74.1674999999999898
0
LINE
8
BLACK
6
CONTINUOUS
10
133.2750000000000057
20
-74.1674999999999898
11
133.2569210000000055
21
-74.258386999999999
0
LINE
8
BLACK
6
CONTINUOUS
10
133.2569210000000055
20
-74.258386999999999
11
133.2054379999999867
21
-74.3354379999999964
0
LINE
8
BLACK
6
CONTINUOUS
10
133.2054379999999867
20
-74.3354379999999964
11
133.1283870000000036
21
-74.386921000000001
0
LINE
8
BLACK
6
CONTINUOUS
10
133.1283870000000036
20
-74.386921000000001
11
133.0374999999999943
21
-74.4050000000000011
0
LINE
8
BLACK
6
CONTINUOUS
10
133.0374999999999943
20
-74.4050000000000011
11
132.5625
21
-74.4050000000000011
0
LINE
8
BLACK
6
CONTINUOUS
10
132.5625
20
-74.4050000000000011
11
132.4716129999999907
21
-74.386921000000001
0
LINE
8
BLACK
6
CONTINUOUS
10
132.4716129999999907
20
-74.386921000000001
11
132.3945620000000076
21
-74.3354379999999964
0
LINE
8
BLACK
6
CONTINUOUS
10
132.3945620000000076
20
-74.3354379999999964
11
132.3430789999999888
21
-74.258386999999999
0
LINE
8
BLACK
6
CONTINUOUS
10
132.3430789999999888
20
-74.258386999999999
11
132.3249999999999886
21
-74.1674999999999898
0
LINE
8
BLACK
6
CONTINUOUS
10
132.3249999999999886
20
-74.1674999999999898
11
132.3249999999999886
21
-73.5674999999999955
0
LINE
8
BLACK
6
CONTINUOUS
10
132.3249999999999886
20
-73.5674999999999955
11
132.3430789999999888
21
-73.4766130000000004
0
LINE
8
BLACK
6
CONTINUOUS
10
132.3430789999999888
20
-73.4766130000000004
11
132.3945620000000076
21
-73.3995620000000031
0
LINE
8
BLACK
6
CONTINUOUS
10
132.3945620000000076
20
-73.3995620000000031
11
132.4716129999999907
21
-73.3480789999999985
0
LINE
8
BLACK
6
CONTINUOUS
10
132.4716129999999907
20
-73.3480789999999985
11
132.5625
21
-73.3299999999999983
0
LINE
8
BLACK
6
CONTINUOUS
10
132.5625
20
-73.3299999999999983
11
133.0374999999999943
21
-73.3299999999999983
0
LINE
8
BLACK
6
CONTINUOUS
10
133.0374999999999943
20
-73.3299999999999983
11
133.1283870000000036
21
-73.3480789999999985
0
LINE
8
BLACK
6
CONTINUOUS
10
128.7283869999999979
20
-72.5430789999999917
11
128.805437999999981
21
-72.5945619999999963
0
LINE
8
BLACK
6
CONTINUOUS
10
128.805437999999981
20
-72.5945619999999963
11
128.8569209999999998
21
-72.6716129999999936
0
LINE
8
BLACK
6
CONTINUOUS
10
128.8569209999999998
20
-72.6716129999999936
11
128.875
21
-72.7625000000000028
0
LINE
8
BLACK
6
CONTINUOUS
10
128.875
20
-72.7625000000000028
11
128.875
21
-73.2374999999999972
0
LINE
8
BLACK
6
CONTINUOUS
10
128.875
20
-73.2374999999999972
11
128.8569209999999998
21
-73.3283869999999922
0
LINE
8
BLACK
6
CONTINUOUS
10
128.8569209999999998
20
-73.3283869999999922
11
128.805437999999981
21
-73.4054380000000037
0
LINE
8
BLACK
6
CONTINUOUS
10
128.805437999999981
20
-73.4054380000000037
11
128.7283869999999979
21
-73.4569209999999941
0
LINE
8
BLACK
6
CONTINUOUS
10
128.7283869999999979
20
-73.4569209999999941
11
128.6374999999999886
21
-73.4749999999999943
0
LINE
8
BLACK
6
CONTINUOUS
10
128.6374999999999886
20
-73.4749999999999943
11
128.0374999999999943
21
-73.4749999999999943
0
LINE
8
BLACK
6
CONTINUOUS
10
128.0374999999999943
20
-73.4749999999999943
11
127.9466129999999993
21
-73.4569209999999941
0
LINE
8
BLACK
6
CONTINUOUS
10
127.9466129999999993
20
-73.4569209999999941
11
127.8695619999999877
21
-73.4054380000000037
0
LINE
8
BLACK
6
CONTINUOUS
10
127.8695619999999877
20
-73.4054380000000037
11
127.8180789999999973
21
-73.3283869999999922
0
LINE
8
BLACK
6
CONTINUOUS
10
127.8180789999999973
20
-73.3283869999999922
11
127.7999999999999972
21
-73.2374999999999972
0
LINE
8
BLACK
6
CONTINUOUS
10
127.7999999999999972
20
-73.2374999999999972
11
127.7999999999999972
21
-72.7625000000000028
0
LINE
8
BLACK
6
CONTINUOUS
10
127.7999999999999972
20
-72.7625000000000028
11
127.8180789999999973
21
-72.6716129999999936
0
LINE
8
BLACK
6
CONTINUOUS
10
127.8180789999999973
20
-72.6716129999999936
11
127.8695619999999877
21
-72.5945619999999963
0
LINE
8
BLACK
6
CONTINUOUS
10
127.8695619999999877
20
-72.5945619999999963
11
127.9466129999999993
21
-72.5430789999999917
0
LINE
8
BLACK
6
CONTINUOUS
10
127.9466129999999993
20
-72.5430789999999917
11
128.0374999999999943
21
-72.5249999999999915
0
LINE
8
BLACK
6
CONTINUOUS
10
128.0374999999999943
20
-72.5249999999999915
11
128.6374999999999886
21
-72.5249999999999915
0
LINE
8
BLACK
6
CONTINUOUS
10
128.6374999999999886
20
-72.5249999999999915
11
128.7283869999999979
21
-72.5430789999999917
0
LINE
8
BLACK
6
CONTINUOUS
10
130.4533869999999922
20
-72.5430789999999917
11
130.5304380000000037
21
-72.5945619999999963
0
LINE
8
BLACK
6
CONTINUOUS
10
130.5304380000000037
20
-72.5945619999999963
11
130.5819209999999941
21
-72.6716129999999936
0
LINE
8
BLACK
6
CONTINUOUS
10
130.5819209999999941
20
-72.6716129999999936
11
130.5999999999999943
21
-72.7625000000000028
0
LINE
8
BLACK
6
CONTINUOUS
10
130.5999999999999943
20
-72.7625000000000028
11
130.5999999999999943
21
-73.2374999999999972
0
LINE
8
BLACK
6
CONTINUOUS
10
130.5999999999999943
20
-73.2374999999999972
11
130.5819209999999941
21
-73.3283869999999922
0
LINE
8
BLACK
6
CONTINUOUS
10
130.5819209999999941
20
-73.3283869999999922
11
130.5304380000000037
21
-73.4054380000000037
0
LINE
8
BLACK
6
CONTINUOUS
10
130.5304380000000037
20
-73.4054380000000037
11
130.4533869999999922
21
-73.4569209999999941
0
LINE
8
BLACK
6
CONTINUOUS
10
130.4533869999999922
20
-73.4569209999999941
11
130.3624999999999829
21
-73.4749999999999943
0
LINE
8
BLACK
6
CONTINUOUS
10
130.3624999999999829
20
-73.4749999999999943
11
129.7624999999999886
21
-73.4749999999999943
0
LINE
8
BLACK
6
CONTINUOUS
10
129.7624999999999886
20
-73.4749999999999943
11
129.6716130000000078
21
-73.4569209999999941
0
LINE
8
BLACK
6
CONTINUOUS
10
129.6716130000000078
20
-73.4569209999999941
11
129.5945619999999963
21
-73.4054380000000037
0
LINE
8
BLACK
6
CONTINUOUS
10
129.5945619999999963
20
-73.4054380000000037
11
129.5430790000000059
21
-73.3283869999999922
0
LINE
8
BLACK
6
CONTINUOUS
10
129.5430790000000059
20
-73.3283869999999922
11
129.5250000000000057
21
-73.2374999999999972
0
LINE
8
BLACK
6
CONTINUOUS
10
129.5250000000000057
20
-73.2374999999999972
11
129.5250000000000057
21
-72.7625000000000028
0
LINE
8
BLACK
6
CONTINUOUS
10
129.5250000000000057
20
-72.7625000000000028
11
129.5430790000000059
21
-72.6716129999999936
0
LINE
8
BLACK
6
CONTINUOUS
10
129.5430790000000059
20
-72.6716129999999936
11
129.5945619999999963
21
-72.5945619999999963
0
LINE
8
BLACK
6
CONTINUOUS
10
129.5945619999999963
20
-72.5945619999999963
11
129.6716130000000078
21
-72.5430789999999917
0
LINE
8
BLACK
6
CONTINUOUS
10
129.6716130000000078
20
-72.5430789999999917
11
129.7624999999999886
21
-72.5249999999999915
0
LINE
8
BLACK
6
CONTINUOUS
10
129.7624999999999886
20
-72.5249999999999915
11
130.3624999999999829
21
-72.5249999999999915
0
LINE
8
BLACK
6
CONTINUOUS
10
130.3624999999999829
20
-72.5249999999999915
11
130.4533869999999922
21
-72.5430789999999917
0
LINE
8
BLACK
6
CONTINUOUS
10
120.3497079999999926
20
-72.3161839999999927
11
120.4694299999999885
21
-72.3931249999999977
0
LINE
8
BLACK
6
CONTINUOUS
10
120.4694299999999885
20
-72.3931249999999977
11
120.562626999999992
21
-72.5006800000000027
0
LINE
8
BLACK
6
CONTINUOUS
10
120.562626999999992
20
-72.5006800000000027
11
120.6217459999999875
21
-72.6301339999999982
0
LINE
8
BLACK
6
CONTINUOUS
10
120.6217459999999875
20
-72.6301339999999982
11
120.6419999999999959
21
-72.7710000000000008
0
LINE
8
BLACK
6
CONTINUOUS
10
120.6419999999999959
20
-72.7710000000000008
11
120.6217459999999875
21
-72.9118660000000034
0
LINE
8
BLACK
6
CONTINUOUS
10
120.6217459999999875
20
-72.9118660000000034
11
120.562626999999992
21
-73.0413199999999989
0
LINE
8
BLACK
6
CONTINUOUS
10
120.562626999999992
20
-73.0413199999999989
11
120.4694299999999885
21
-73.1488749999999897
0
LINE
8
BLACK
6
CONTINUOUS
10
120.4694299999999885
20
-73.1488749999999897
11
120.3497079999999926
21
-73.2258159999999947
0
LINE
8
BLACK
6
CONTINUOUS
10
120.3497079999999926
20
-73.2258159999999947
11
120.2131569999999954
21
-73.2659110000000027
0
LINE
8
BLACK
6
CONTINUOUS
10
120.2131569999999954
20
-73.2659110000000027
11
120.0708429999999964
21
-73.2659110000000027
0
LINE
8
BLACK
6
CONTINUOUS
10
120.0708429999999964
20
-73.2659110000000027
11
119.9342919999999992
21
-73.2258159999999947
0
LINE
8
BLACK
6
CONTINUOUS
10
119.9342919999999992
20
-73.2258159999999947
11
119.8145699999999891
21
-73.1488749999999897
0
LINE
8
BLACK
6
CONTINUOUS
10
119.8145699999999891
20
-73.1488749999999897
11
119.7213729999999998
21
-73.0413199999999989
0
LINE
8
BLACK
6
CONTINUOUS
10
119.7213729999999998
20
-73.0413199999999989
11
119.6622539999999901
21
-72.9118660000000034
0
LINE
8
BLACK
6
CONTINUOUS
10
119.6622539999999901
20
-72.9118660000000034
11
119.6419999999999959
21
-72.7710000000000008
0
LINE
8
BLACK
6
CONTINUOUS
10
119.6419999999999959
20
-72.7710000000000008
11
119.6622539999999901
21
-72.6301339999999982
0
LINE
8
BLACK
6
CONTINUOUS
10
119.6622539999999901
20
-72.6301339999999982
11
119.7213729999999998
21
-72.5006800000000027
0
LINE
8
BLACK
6
CONTINUOUS
10
119.7213729999999998
20
-72.5006800000000027
11
119.8145699999999891
21
-72.3931249999999977
0
LINE
8
BLACK
6
CONTINUOUS
10
119.8145699999999891
20
-72.3931249999999977
11
119.9342919999999992
21
-72.3161839999999927
0
LINE
8
BLACK
6
CONTINUOUS
10
119.9342919999999992
20
-72.3161839999999927
11
120.0708429999999964
21
-72.2760889999999989
0
LINE
8
BLACK
6
CONTINUOUS
10
120.0708429999999964
20
-72.2760889999999989
11
120.2131569999999954
21
-72.2760889999999989
0
LINE
8
BLACK
6
CONTINUOUS
10
120.2131569999999954
20
-72.2760889999999989
11
120.3497079999999926
21
-72.3161839999999927
0
LINE
8
BLACK
6
CONTINUOUS
10
179.1037079999999833
20
-72.3161839999999927
11
179.2234299999999791
21
-72.3931249999999977
0
LINE
8
BLACK
6
CONTINUOUS
10
179.2234299999999791
20
-72.3931249999999977
11
179.3166269999999827
21
-72.5006800000000027
0
LINE
8
BLACK
6
CONTINUOUS
10
179.3166269999999827
20
-72.5006800000000027
11
179.3757459999999924
21
-72.6301339999999982
0
LINE
8
BLACK
6
CONTINUOUS
10
179.3757459999999924
20
-72.6301339999999982
11
179.3959999999999866
21
-72.7710000000000008
0
LINE
8
BLACK
6
CONTINUOUS
10
179.3959999999999866
20
-72.7710000000000008
11
179.3757459999999924
21
-72.9118660000000034
0
LINE
8
BLACK
6
CONTINUOUS
10
179.3757459999999924
20
-72.9118660000000034
11
179.3166269999999827
21
-73.0413199999999989
0
LINE
8
BLACK
6
CONTINUOUS
10
179.3166269999999827
20
-73.0413199999999989
11
179.2234299999999791
21
-73.1488749999999897
0
LINE
8
BLACK
6
CONTINUOUS
10
179.2234299999999791
20
-73.1488749999999897
11
179.1037079999999833
21
-73.2258159999999947
0
LINE
8
BLACK
6
CONTINUOUS
10
179.1037079999999833
20
-73.2258159999999947
11
178.9671569999999861
21
-73.2659110000000027
0
LINE
8
BLACK
6
CONTINUOUS
10
178.9671569999999861
20
-73.2659110000000027
11
178.8248429999999871
21
-73.2659110000000027
0
LINE
8
BLACK
6
CONTINUOUS
10
178.8248429999999871
20
-73.2659110000000027
11
178.6882919999999899
21
-73.2258159999999947
0
LINE
8
BLACK
6
CONTINUOUS
10
178.6882919999999899
20
-73.2258159999999947
11
178.568569999999994
21
-73.1488749999999897
0
LINE
8
BLACK
6
CONTINUOUS
10
178.568569999999994
20
-73.1488749999999897
11
178.4753729999999905
21
-73.0413199999999989
0
LINE
8
BLACK
6
CONTINUOUS
10
178.4753729999999905
20
-73.0413199999999989
11
178.4162539999999808
21
-72.9118660000000034
0
LINE
8
BLACK
6
CONTINUOUS
10
178.4162539999999808
20
-72.9118660000000034
11
178.3959999999999866
21
-72.7710000000000008
0
LINE
8
BLACK
6
CONTINUOUS
10
178.3959999999999866
20
-72.7710000000000008
11
178.4162539999999808
21
-72.6301339999999982
0
LINE
8
BLACK
6
CONTINUOUS
10
178.4162539999999808
20
-72.6301339999999982
11
178.4753729999999905
21
-72.5006800000000027
0
LINE
8
BLACK
6
CONTINUOUS
10
178.4753729999999905
20
-72.5006800000000027
11
178.568569999999994
21
-72.3931249999999977
0
LINE
8
BLACK
6
CONTINUOUS
10
178.568569999999994
20
-72.3931249999999977
11
178.6882919999999899
21
-72.3161839999999927
0
LINE
8
BLACK
6
CONTINUOUS
10
178.6882919999999899
20
-72.3161839999999927
11
178.8248429999999871
21
-72.2760889999999989
0
LINE
8
BLACK
6
CONTINUOUS
10
178.8248429999999871
20
-72.2760889999999989
11
178.9671569999999861
21
-72.2760889999999989
0
LINE
8
BLACK
6
CONTINUOUS
10
178.9671569999999861
20
-72.2760889999999989
11
179.1037079999999833
21
-72.3161839999999927
0
LINE
8
BLACK
6
CONTINUOUS
10
169.8024029999999982
20
-70.5614180000000033
11
169.851066000000003
21
-70.5939339999999902
0
LINE
8
BLACK
6
CONTINUOUS
10
169.851066000000003
20
-70.5939339999999902
11
169.8835819999999899
21
-70.642596999999995
0
LINE
8
BLACK
6
CONTINUOUS
10
169.8835819999999899
20
-70.642596999999995
11
169.8949999999999818
21
-70.7000000000000028
0
LINE
8
BLACK
6
CONTINUOUS
10
169.8949999999999818
20
-70.7000000000000028
11
169.8949999999999818
21
-72.3499999999999943
0
LINE
8
BLACK
6
CONTINUOUS
10
169.8949999999999818
20
-72.3499999999999943
11
169.8835819999999899
21
-72.4074030000000022
0
LINE
8
BLACK
6
CONTINUOUS
10
169.8835819999999899
20
-72.4074030000000022
11
169.851066000000003
21
-72.4560659999999928
0
LINE
8
BLACK
6
CONTINUOUS
10
169.851066000000003
20
-72.4560659999999928
11
169.8024029999999982
21
-72.4885819999999939
0
LINE
8
BLACK
6
CONTINUOUS
10
169.8024029999999982
20
-72.4885819999999939
11
169.7450000000000045
21
-72.5
0
LINE
8
BLACK
6
CONTINUOUS
10
169.7450000000000045
20
-72.5
11
169.4449999999999932
21
-72.5
0
LINE
8
BLACK
6
CONTINUOUS
10
169.4449999999999932
20
-72.5
11
169.3875969999999995
21
-72.4885819999999939
0
LINE
8
BLACK
6
CONTINUOUS
10
169.3875969999999995
20
-72.4885819999999939
11
169.3389339999999947
21
-72.4560659999999928
0
LINE
8
BLACK
6
CONTINUOUS
10
169.3389339999999947
20
-72.4560659999999928
11
169.3064179999999794
21
-72.4074030000000022
0
LINE
8
BLACK
6
CONTINUOUS
10
169.3064179999999794
20
-72.4074030000000022
11
169.2949999999999875
21
-72.3499999999999943
0
LINE
8
BLACK
6
CONTINUOUS
10
169.2949999999999875
20
-72.3499999999999943
11
169.2949999999999875
21
-70.7000000000000028
0
LINE
8
BLACK
6
CONTINUOUS
10
169.2949999999999875
20
-70.7000000000000028
11
169.3064179999999794
21
-70.642596999999995
0
LINE
8
BLACK
6
CONTINUOUS
10
169.3064179999999794
20
-70.642596999999995
11
169.3389339999999947
21
-70.5939339999999902
0
LINE
8
BLACK
6
CONTINUOUS
10
169.3389339999999947
20
-70.5939339999999902
11
169.3875969999999995
21
-70.5614180000000033
0
LINE
8
BLACK
6
CONTINUOUS
10
169.3875969999999995
20
-70.5614180000000033
11
169.4449999999999932
21
-70.5499999999999972
0
LINE
8
BLACK
6
CONTINUOUS
10
169.4449999999999932
20
-70.5499999999999972
11
169.7450000000000045
21
-70.5499999999999972
0
LINE
8
BLACK
6
CONTINUOUS
10
169.7450000000000045
20
-70.5499999999999972
11
169.8024029999999982
21
-70.5614180000000033
0
LINE
8
BLACK
6
CONTINUOUS
10
171.07240299999998
20
-70.5614180000000033
11
171.1210659999999848
21
-70.5939339999999902
0
LINE
8
BLACK
6
CONTINUOUS
10
171.1210659999999848
20
-70.5939339999999902
11
171.1535820000000001
21
-70.642596999999995
0
LINE
8
BLACK
6
CONTINUOUS
10
171.1535820000000001
20
-70.642596999999995
11
171.164999999999992
21
-70.7000000000000028
0
LINE
8
BLACK
6
CONTINUOUS
10
171.164999999999992
20
-70.7000000000000028
11
171.164999999999992
21
-72.3499999999999943
0
LINE
8
BLACK
6
CONTINUOUS
10
171.164999999999992
20
-72.3499999999999943
11
171.1535820000000001
21
-72.4074030000000022
0
LINE
8
BLACK
6
CONTINUOUS
10
171.1535820000000001
20
-72.4074030000000022
11
171.1210659999999848
21
-72.4560659999999928
0
LINE
8
BLACK
6
CONTINUOUS
10
171.1210659999999848
20
-72.4560659999999928
11
171.07240299999998
21
-72.4885819999999939
0
LINE
8
BLACK
6
CONTINUOUS
10
171.07240299999998
20
-72.4885819999999939
11
171.0149999999999864
21
-72.5
0
LINE
8
BLACK
6
CONTINUOUS
10
171.0149999999999864
20
-72.5
11
170.7150000000000034
21
-72.5
0
LINE
8
BLACK
6
CONTINUOUS
10
170.7150000000000034
20
-72.5
11
170.6575969999999813
21
-72.4885819999999939
0
LINE
8
BLACK
6
CONTINUOUS
10
170.6575969999999813
20
-72.4885819999999939
11
170.608934000000005
21
-72.4560659999999928
0
LINE
8
BLACK
6
CONTINUOUS
10
170.608934000000005
20
-72.4560659999999928
11
170.5764179999999897
21
-72.4074030000000022
0
LINE
8
BLACK
6
CONTINUOUS
10
170.5764179999999897
20
-72.4074030000000022
11
170.5649999999999977
21
-72.3499999999999943
0
LINE
8
BLACK
6
CONTINUOUS
10
170.5649999999999977
20
-72.3499999999999943
11
170.5649999999999977
21
-70.7000000000000028
0
LINE
8
BLACK
6
CONTINUOUS
10
170.5649999999999977
20
-70.7000000000000028
11
170.5764179999999897
21
-70.642596999999995
0
LINE
8
BLACK
6
CONTINUOUS
10
170.5764179999999897
20
-70.642596999999995
11
170.608934000000005
21
-70.5939339999999902
0
LINE
8
BLACK
6
CONTINUOUS
10
170.608934000000005
20
-70.5939339999999902
11
170.6575969999999813
21
-70.5614180000000033
0
LINE
8
BLACK
6
CONTINUOUS
10
170.6575969999999813
20
-70.5614180000000033
11
170.7150000000000034
21
-70.5499999999999972
0
LINE
8
BLACK
6
CONTINUOUS
10
170.7150000000000034
20
-70.5499999999999972
11
171.0149999999999864
21
-70.5499999999999972
0
LINE
8
BLACK
6
CONTINUOUS
10
171.0149999999999864
20
-70.5499999999999972
11
171.07240299999998
21
-70.5614180000000033
0
LINE
8
BLACK
6
CONTINUOUS
10
172.3424029999999902
20
-70.5614180000000033
11
172.391065999999995
21
-70.5939339999999902
0
LINE
8
BLACK
6
CONTINUOUS
10
172.391065999999995
20
-70.5939339999999902
11
172.4235819999999819
21
-70.642596999999995
0
LINE
8
BLACK
6
CONTINUOUS
10
172.4235819999999819
20
-70.642596999999995
11
172.4350000000000023
21
-70.7000000000000028
0
LINE
8
BLACK
6
CONTINUOUS
10
172.4350000000000023
20
-70.7000000000000028
11
172.4350000000000023
21
-72.3499999999999943
0
LINE
8
BLACK
6
CONTINUOUS
10
172.4350000000000023
20
-72.3499999999999943
11
172.4235819999999819
21
-72.4074030000000022
0
LINE
8
BLACK
6
CONTINUOUS
10
172.4235819999999819
20
-72.4074030000000022
11
172.391065999999995
21
-72.4560659999999928
0
LINE
8
BLACK
6
CONTINUOUS
10
172.391065999999995
20
-72.4560659999999928
11
172.3424029999999902
21
-72.4885819999999939
0
LINE
8
BLACK
6
CONTINUOUS
10
172.3424029999999902
20
-72.4885819999999939
11
172.2849999999999966
21
-72.5
0
LINE
8
BLACK
6
CONTINUOUS
10
172.2849999999999966
20
-72.5
11
171.9849999999999852
21
-72.5
0
LINE
8
BLACK
6
CONTINUOUS
10
171.9849999999999852
20
-72.5
11
171.9275969999999916
21
-72.4885819999999939
0
LINE
8
BLACK
6
CONTINUOUS
10
171.9275969999999916
20
-72.4885819999999939
11
171.8789339999999868
21
-72.4560659999999928
0
LINE
8
BLACK
6
CONTINUOUS
10
171.8789339999999868
20
-72.4560659999999928
11
171.8464179999999999
21
-72.4074030000000022
0
LINE
8
BLACK
6
CONTINUOUS
10
171.8464179999999999
20
-72.4074030000000022
11
171.8349999999999795
21
-72.3499999999999943
0
LINE
8
BLACK
6
CONTINUOUS
10
171.8349999999999795
20
-72.3499999999999943
11
171.8349999999999795
21
-70.7000000000000028
0
LINE
8
BLACK
6
CONTINUOUS
10
171.8349999999999795
20
-70.7000000000000028
11
171.8464179999999999
21
-70.642596999999995
0
LINE
8
BLACK
6
CONTINUOUS
10
171.8464179999999999
20
-70.642596999999995
11
171.8789339999999868
21
-70.5939339999999902
0
LINE
8
BLACK
6
CONTINUOUS
10
171.8789339999999868
20
-70.5939339999999902
11
171.9275969999999916
21
-70.5614180000000033
0
LINE
8
BLACK
6
CONTINUOUS
10
171.9275969999999916
20
-70.5614180000000033
11
171.9849999999999852
21
-70.5499999999999972
0
LINE
8
BLACK
6
CONTINUOUS
10
171.9849999999999852
20
-70.5499999999999972
11
172.2849999999999966
21
-70.5499999999999972
0
LINE
8
BLACK
6
CONTINUOUS
10
172.2849999999999966
20
-70.5499999999999972
11
172.3424029999999902
21
-70.5614180000000033
0
LINE
8
BLACK
6
CONTINUOUS
10
173.6124030000000005
20
-70.5614180000000033
11
173.6610660000000053
21
-70.5939339999999902
0
LINE
8
BLACK
6
CONTINUOUS
10
173.6610660000000053
20
-70.5939339999999902
11
173.6935819999999921
21
-70.642596999999995
0
LINE
8
BLACK
6
CONTINUOUS
10
173.6935819999999921
20
-70.642596999999995
11
173.7049999999999841
21
-70.7000000000000028
0
LINE
8
BLACK
6
CONTINUOUS
10
173.7049999999999841
20
-70.7000000000000028
11
173.7049999999999841
21
-72.3499999999999943
0
LINE
8
BLACK
6
CONTINUOUS
10
173.7049999999999841
20
-72.3499999999999943
11
173.6935819999999921
21
-72.4074030000000022
0
LINE
8
BLACK
6
CONTINUOUS
10
173.6935819999999921
20
-72.4074030000000022
11
173.6610660000000053
21
-72.4560659999999928
0
LINE
8
BLACK
6
CONTINUOUS
10
173.6610660000000053
20
-72.4560659999999928
11
173.6124030000000005
21
-72.4885819999999939
0
LINE
8
BLACK
6
CONTINUOUS
10
173.6124030000000005
20
-72.4885819999999939
11
173.5549999999999784
21
-72.5
0
LINE
8
BLACK
6
CONTINUOUS
10
173.5549999999999784
20
-72.5
11
173.2549999999999955
21
-72.5
0
LINE
8
BLACK
6
CONTINUOUS
10
173.2549999999999955
20
-72.5
11
173.1975970000000018
21
-72.4885819999999939
0
LINE
8
BLACK
6
CONTINUOUS
10
173.1975970000000018
20
-72.4885819999999939
11
173.148933999999997
21
-72.4560659999999928
0
LINE
8
BLACK
6
CONTINUOUS
10
173.148933999999997
20
-72.4560659999999928
11
173.1164179999999817
21
-72.4074030000000022
0
LINE
8
BLACK
6
CONTINUOUS
10
173.1164179999999817
20
-72.4074030000000022
11
173.1049999999999898
21
-72.3499999999999943
0
LINE
8
BLACK
6
CONTINUOUS
10
173.1049999999999898
20
-72.3499999999999943
11
173.1049999999999898
21
-70.7000000000000028
0
LINE
8
BLACK
6
CONTINUOUS
10
173.1049999999999898
20
-70.7000000000000028
11
173.1164179999999817
21
-70.642596999999995
0
LINE
8
BLACK
6
CONTINUOUS
10
173.1164179999999817
20
-70.642596999999995
11
173.148933999999997
21
-70.5939339999999902
0
LINE
8
BLACK
6
CONTINUOUS
10
173.148933999999997
20
-70.5939339999999902
11
173.1975970000000018
21
-70.5614180000000033
0
LINE
8
BLACK
6
CONTINUOUS
10
173.1975970000000018
20
-70.5614180000000033
11
173.2549999999999955
21
-70.5499999999999972
0
LINE
8
BLACK
6
CONTINUOUS
10
173.2549999999999955
20
-70.5499999999999972
11
173.5549999999999784
21
-70.5499999999999972
0
LINE
8
BLACK
6
CONTINUOUS
10
173.5549999999999784
20
-70.5499999999999972
11
173.6124030000000005
21
-70.5614180000000033
0
LINE
8
BLACK
6
CONTINUOUS
10
124.7283869999999979
20
-71.530579000000003
11
124.8054379999999952
21
-71.5820619999999934
0
LINE
8
BLACK
6
CONTINUOUS
10
124.8054379999999952
20
-71.5820619999999934
11
124.8569209999999998
21
-71.6591129999999907
0
LINE
8
BLACK
6
CONTINUOUS
10
124.8569209999999998
20
-71.6591129999999907
11
124.875
21
-71.75
0
LINE
8
BLACK
6
CONTINUOUS
10
124.875
20
-71.75
11
124.875
21
-72.25
0
LINE
8
BLACK
6
CONTINUOUS
10
124.875
20
-72.25
11
124.8569209999999998
21
-72.3408869999999951
0
LINE
8
BLACK
6
CONTINUOUS
10
124.8569209999999998
20
-72.3408869999999951
11
124.8054379999999952
21
-72.4179379999999924
0
LINE
8
BLACK
6
CONTINUOUS
10
124.8054379999999952
20
-72.4179379999999924
11
124.7283869999999979
21
-72.469420999999997
0
LINE
8
BLACK
6
CONTINUOUS
10
124.7283869999999979
20
-72.469420999999997
11
124.6374999999999886
21
-72.4874999999999972
0
LINE
8
BLACK
6
CONTINUOUS
10
124.6374999999999886
20
-72.4874999999999972
11
124.1624999999999943
21
-72.4874999999999972
0
LINE
8
BLACK
6
CONTINUOUS
10
124.1624999999999943
20
-72.4874999999999972
11
124.0716129999999993
21
-72.469420999999997
0
LINE
8
BLACK
6
CONTINUOUS
10
124.0716129999999993
20
-72.469420999999997
11
123.9945619999999877
21
-72.4179379999999924
0
LINE
8
BLACK
6
CONTINUOUS
10
123.9945619999999877
20
-72.4179379999999924
11
123.9430789999999973
21
-72.3408869999999951
0
LINE
8
BLACK
6
CONTINUOUS
10
123.9430789999999973
20
-72.3408869999999951
11
123.9249999999999972
21
-72.25
0
LINE
8
BLACK
6
CONTINUOUS
10
123.9249999999999972
20
-72.25
11
123.9249999999999972
21
-71.75
0
LINE
8
BLACK
6
CONTINUOUS
10
123.9249999999999972
20
-71.75
11
123.9430789999999973
21
-71.6591129999999907
0
LINE
8
BLACK
6
CONTINUOUS
10
123.9430789999999973
20
-71.6591129999999907
11
123.9945619999999877
21
-71.5820619999999934
0
LINE
8
BLACK
6
CONTINUOUS
10
123.9945619999999877
20
-71.5820619999999934
11
124.0716129999999993
21
-71.530579000000003
0
LINE
8
BLACK
6
CONTINUOUS
10
124.0716129999999993
20
-71.530579000000003
11
124.1624999999999943
21
-71.5125000000000028
0
LINE
8
BLACK
6
CONTINUOUS
10
124.1624999999999943
20
-71.5125000000000028
11
124.6374999999999886
21
-71.5125000000000028
0
LINE
8
BLACK
6
CONTINUOUS
10
124.6374999999999886
20
-71.5125000000000028
11
124.7283869999999979
21
-71.530579000000003
0
LINE
8
BLACK
6
CONTINUOUS
10
126.3283869999999922
20
-71.343079000000003
11
126.4054379999999895
21
-71.3945619999999934
0
LINE
8
BLACK
6
CONTINUOUS
10
126.4054379999999895
20
-71.3945619999999934
11
126.4569209999999941
21
-71.4716129999999907
0
LINE
8
BLACK
6
CONTINUOUS
10
126.4569209999999941
20
-71.4716129999999907
11
126.4749999999999943
21
-71.5625
0
LINE
8
BLACK
6
CONTINUOUS
10
126.4749999999999943
20
-71.5625
11
126.4749999999999943
21
-72.1624999999999943
0
LINE
8
BLACK
6
CONTINUOUS
10
126.4749999999999943
20
-72.1624999999999943
11
126.4569209999999941
21
-72.2533870000000036
0
LINE
8
BLACK
6
CONTINUOUS
10
126.4569209999999941
20
-72.2533870000000036
11
126.4054379999999895
21
-72.3304380000000009
0
LINE
8
BLACK
6
CONTINUOUS
10
126.4054379999999895
20
-72.3304380000000009
11
126.3283869999999922
21
-72.3819209999999913
0
LINE
8
BLACK
6
CONTINUOUS
10
126.3283869999999922
20
-72.3819209999999913
11
126.2374999999999972
21
-72.3999999999999915
0
LINE
8
BLACK
6
CONTINUOUS
10
126.2374999999999972
20
-72.3999999999999915
11
125.7624999999999886
21
-72.3999999999999915
0
LINE
8
BLACK
6
CONTINUOUS
10
125.7624999999999886
20
-72.3999999999999915
11
125.6716129999999936
21
-72.3819209999999913
0
LINE
8
BLACK
6
CONTINUOUS
10
125.6716129999999936
20
-72.3819209999999913
11
125.5945619999999963
21
-72.3304380000000009
0
LINE
8
BLACK
6
CONTINUOUS
10
125.5945619999999963
20
-72.3304380000000009
11
125.5430789999999917
21
-72.2533870000000036
0
LINE
8
BLACK
6
CONTINUOUS
10
125.5430789999999917
20
-72.2533870000000036
11
125.5249999999999915
21
-72.1624999999999943
0
LINE
8
BLACK
6
CONTINUOUS
10
125.5249999999999915
20
-72.1624999999999943
11
125.5249999999999915
21
-71.5625
0
LINE
8
BLACK
6
CONTINUOUS
10
125.5249999999999915
20
-71.5625
11
125.5430789999999917
21
-71.4716129999999907
0
LINE
8
BLACK
6
CONTINUOUS
10
125.5430789999999917
20
-71.4716129999999907
11
125.5945619999999963
21
-71.3945619999999934
0
LINE
8
BLACK
6
CONTINUOUS
10
125.5945619999999963
20
-71.3945619999999934
11
125.6716129999999936
21
-71.343079000000003
0
LINE
8
BLACK
6
CONTINUOUS
10
125.6716129999999936
20
-71.343079000000003
11
125.7624999999999886
21
-71.3250000000000028
0
LINE
8
BLACK
6
CONTINUOUS
10
125.7624999999999886
20
-71.3250000000000028
11
126.2374999999999972
21
-71.3250000000000028
0
LINE
8
BLACK
6
CONTINUOUS
10
126.2374999999999972
20
-71.3250000000000028
11
126.3283869999999922
21
-71.343079000000003
0
LINE
8
BLACK
6
CONTINUOUS
10
120.3497079999999926
20
-71.0461839999999967
11
120.4694299999999885
21
-71.1231250000000017
0
LINE
8
BLACK
6
CONTINUOUS
10
120.4694299999999885
20
-71.1231250000000017
11
120.562626999999992
21
-71.2306799999999924
0
LINE
8
BLACK
6
CONTINUOUS
10
120.562626999999992
20
-71.2306799999999924
11
120.6217459999999875
21
-71.3601340000000022
0
LINE
8
BLACK
6
CONTINUOUS
10
120.6217459999999875
20
-71.3601340000000022
11
120.6419999999999959
21
-71.5009999999999906
0
LINE
8
BLACK
6
CONTINUOUS
10
120.6419999999999959
20
-71.5009999999999906
11
120.6217459999999875
21
-71.6418659999999932
0
LINE
8
BLACK
6
CONTINUOUS
10
120.6217459999999875
20
-71.6418659999999932
11
120.562626999999992
21
-71.7713200000000029
0
LINE
8
BLACK
6
CONTINUOUS
10
120.562626999999992
20
-71.7713200000000029
11
120.4694299999999885
21
-71.8788749999999936
0
LINE
8
BLACK
6
CONTINUOUS
10
120.4694299999999885
20
-71.8788749999999936
11
120.3497079999999926
21
-71.9558159999999987
0
LINE
8
BLACK
6
CONTINUOUS
10
120.3497079999999926
20
-71.9558159999999987
11
120.2131569999999954
21
-71.9959109999999924
0
LINE
8
BLACK
6
CONTINUOUS
10
120.2131569999999954
20
-71.9959109999999924
11
120.0708429999999964
21
-71.9959109999999924
0
LINE
8
BLACK
6
CONTINUOUS
10
120.0708429999999964
20
-71.9959109999999924
11
119.9342919999999992
21
-71.9558159999999987
0
LINE
8
BLACK
6
CONTINUOUS
10
119.9342919999999992
20
-71.9558159999999987
11
119.8145699999999891
21
-71.8788749999999936
0
LINE
8
BLACK
6
CONTINUOUS
10
119.8145699999999891
20
-71.8788749999999936
11
119.7213729999999998
21
-71.7713200000000029
0
LINE
8
BLACK
6
CONTINUOUS
10
119.7213729999999998
20
-71.7713200000000029
11
119.6622539999999901
21
-71.6418659999999932
0
LINE
8
BLACK
6
CONTINUOUS
10
119.6622539999999901
20
-71.6418659999999932
11
119.6419999999999959
21
-71.5009999999999906
0
LINE
8
BLACK
6
CONTINUOUS
10
119.6419999999999959
20
-71.5009999999999906
11
119.6622539999999901
21
-71.3601340000000022
0
LINE
8
BLACK
6
CONTINUOUS
10
119.6622539999999901
20
-71.3601340000000022
11
119.7213729999999998
21
-71.2306799999999924
0
LINE
8
BLACK
6
CONTINUOUS
10
119.7213729999999998
20
-71.2306799999999924
11
119.8145699999999891
21
-71.1231250000000017
0
LINE
8
BLACK
6
CONTINUOUS
10
119.8145699999999891
20
-71.1231250000000017
11
119.9342919999999992
21
-71.0461839999999967
0
LINE
8
BLACK
6
CONTINUOUS
10
119.9342919999999992
20
-71.0461839999999967
11
120.0708429999999964
21
-71.0060890000000029
0
LINE
8
BLACK
6
CONTINUOUS
10
120.0708429999999964
20
-71.0060890000000029
11
120.2131569999999954
21
-71.0060890000000029
0
LINE
8
BLACK
6
CONTINUOUS
10
120.2131569999999954
20
-71.0060890000000029
11
120.3497079999999926
21
-71.0461839999999967
0
LINE
8
BLACK
6
CONTINUOUS
10
179.1037079999999833
20
-71.0461839999999967
11
179.2234299999999791
21
-71.1231250000000017
0
LINE
8
BLACK
6
CONTINUOUS
10
179.2234299999999791
20
-71.1231250000000017
11
179.3166269999999827
21
-71.2306799999999924
0
LINE
8
BLACK
6
CONTINUOUS
10
179.3166269999999827
20
-71.2306799999999924
11
179.3757459999999924
21
-71.3601340000000022
0
LINE
8
BLACK
6
CONTINUOUS
10
179.3757459999999924
20
-71.3601340000000022
11
179.3959999999999866
21
-71.5009999999999906
0
LINE
8
BLACK
6
CONTINUOUS
10
179.3959999999999866
20
-71.5009999999999906
11
179.3757459999999924
21
-71.6418659999999932
0
LINE
8
BLACK
6
CONTINUOUS
10
179.3757459999999924
20
-71.6418659999999932
11
179.3166269999999827
21
-71.7713200000000029
0
LINE
8
BLACK
6
CONTINUOUS
10
179.3166269999999827
20
-71.7713200000000029
11
179.2234299999999791
21
-71.8788749999999936
0
LINE
8
BLACK
6
CONTINUOUS
10
179.2234299999999791
20
-71.8788749999999936
11
179.1037079999999833
21
-71.9558159999999987
0
LINE
8
BLACK
6
CONTINUOUS
10
179.1037079999999833
20
-71.9558159999999987
11
178.9671569999999861
21
-71.9959109999999924
0
LINE
8
BLACK
6
CONTINUOUS
10
178.9671569999999861
20
-71.9959109999999924
11
178.8248429999999871
21
-71.9959109999999924
0
LINE
8
BLACK
6
CONTINUOUS
10
178.8248429999999871
20
-71.9959109999999924
11
178.6882919999999899
21
-71.9558159999999987
0
LINE
8
BLACK
6
CONTINUOUS
10
178.6882919999999899
20
-71.9558159999999987
11
178.568569999999994
21
-71.8788749999999936
0
LINE
8
BLACK
6
CONTINUOUS
10
178.568569999999994
20
-71.8788749999999936
11
178.4753729999999905
21
-71.7713200000000029
0
LINE
8
BLACK
6
CONTINUOUS
10
178.4753729999999905
20
-71.7713200000000029
11
178.4162539999999808
21
-71.6418659999999932
0
LINE
8
BLACK
6
CONTINUOUS
10
178.4162539999999808
20
-71.6418659999999932
11
178.3959999999999866
21
-71.5009999999999906
0
LINE
8
BLACK
6
CONTINUOUS
10
178.3959999999999866
20
-71.5009999999999906
11
178.4162539999999808
21
-71.3601340000000022
0
LINE
8
BLACK
6
CONTINUOUS
10
178.4162539999999808
20
-71.3601340000000022
11
178.4753729999999905
21
-71.2306799999999924
0
LINE
8
BLACK
6
CONTINUOUS
10
178.4753729999999905
20
-71.2306799999999924
11
178.568569999999994
21
-71.1231250000000017
0
LINE
8
BLACK
6
CONTINUOUS
10
178.568569999999994
20
-71.1231250000000017
11
178.6882919999999899
21
-71.0461839999999967
0
LINE
8
BLACK
6
CONTINUOUS
10
178.6882919999999899
20
-71.0461839999999967
11
178.8248429999999871
21
-71.0060890000000029
0
LINE
8
BLACK
6
CONTINUOUS
10
178.8248429999999871
20
-71.0060890000000029
11
178.9671569999999861
21
-71.0060890000000029
0
LINE
8
BLACK
6
CONTINUOUS
10
178.9671569999999861
20
-71.0060890000000029
11
179.1037079999999833
21
-71.0461839999999967
0
LINE
8
BLACK
6
CONTINUOUS
10
128.5296859999999981
20
-71.0373699999999957
11
128.5824049999999943
21
-71.0725949999999926
0
LINE
8
BLACK
6
CONTINUOUS
10
128.5824049999999943
20
-71.0725949999999926
11
128.6176299999999912
21
-71.125314000000003
0
LINE
8
BLACK
6
CONTINUOUS
10
128.6176299999999912
20
-71.125314000000003
11
128.6299999999999955
21
-71.1875
0
LINE
8
BLACK
6
CONTINUOUS
10
128.6299999999999955
20
-71.1875
11
128.6299999999999955
21
-71.5125000000000028
0
LINE
8
BLACK
6
CONTINUOUS
10
128.6299999999999955
20
-71.5125000000000028
11
128.6176299999999912
21
-71.5746859999999998
0
LINE
8
BLACK
6
CONTINUOUS
10
128.6176299999999912
20
-71.5746859999999998
11
128.5824049999999943
21
-71.627404999999996
0
LINE
8
BLACK
6
CONTINUOUS
10
128.5824049999999943
20
-71.627404999999996
11
128.5296859999999981
21
-71.6626299999999929
0
LINE
8
BLACK
6
CONTINUOUS
10
128.5296859999999981
20
-71.6626299999999929
11
128.4675000000000011
21
-71.6749999999999972
0
LINE
8
BLACK
6
CONTINUOUS
10
128.4675000000000011
20
-71.6749999999999972
11
127.2324999999999875
21
-71.6749999999999972
0
LINE
8
BLACK
6
CONTINUOUS
10
127.2324999999999875
20
-71.6749999999999972
11
127.1703139999999905
21
-71.6626299999999929
0
LINE
8
BLACK
6
CONTINUOUS
10
127.1703139999999905
20
-71.6626299999999929
11
127.1175949999999943
21
-71.627404999999996
0
LINE
8
BLACK
6
CONTINUOUS
10
127.1175949999999943
20
-71.627404999999996
11
127.0823699999999974
21
-71.5746859999999998
0
LINE
8
BLACK
6
CONTINUOUS
10
127.0823699999999974
20
-71.5746859999999998
11
127.0699999999999932
21
-71.5125000000000028
0
LINE
8
BLACK
6
CONTINUOUS
10
127.0699999999999932
20
-71.5125000000000028
11
127.0699999999999932
21
-71.1875
0
LINE
8
BLACK
6
CONTINUOUS
10
127.0699999999999932
20
-71.1875
11
127.0823699999999974
21
-71.125314000000003
0
LINE
8
BLACK
6
CONTINUOUS
10
127.0823699999999974
20
-71.125314000000003
11
127.1175949999999943
21
-71.0725949999999926
0
LINE
8
BLACK
6
CONTINUOUS
10
127.1175949999999943
20
-71.0725949999999926
11
127.1703139999999905
21
-71.0373699999999957
0
LINE
8
BLACK
6
CONTINUOUS
10
127.1703139999999905
20
-71.0373699999999957
11
127.2324999999999875
21
-71.0249999999999915
0
LINE
8
BLACK
6
CONTINUOUS
10
127.2324999999999875
20
-71.0249999999999915
11
128.4675000000000011
21
-71.0249999999999915
0
LINE
8
BLACK
6
CONTINUOUS
10
128.4675000000000011
20
-71.0249999999999915
11
128.5296859999999981
21
-71.0373699999999957
0
LINE
8
BLACK
6
CONTINUOUS
10
131.2296859999999867
20
-71.0373699999999957
11
131.2824049999999829
21
-71.0725949999999926
0
LINE
8
BLACK
6
CONTINUOUS
10
131.2824049999999829
20
-71.0725949999999926
11
131.3176299999999799
21
-71.125314000000003
0
LINE
8
BLACK
6
CONTINUOUS
10
131.3176299999999799
20
-71.125314000000003
11
131.3299999999999841
21
-71.1875
0
LINE
8
BLACK
6
CONTINUOUS
10
131.3299999999999841
20
-71.1875
11
131.3299999999999841
21
-71.5125000000000028
0
LINE
8
BLACK
6
CONTINUOUS
10
131.3299999999999841
20
-71.5125000000000028
11
131.3176299999999799
21
-71.5746859999999998
0
LINE
8
BLACK
6
CONTINUOUS
10
131.3176299999999799
20
-71.5746859999999998
11
131.2824049999999829
21
-71.627404999999996
0
LINE
8
BLACK
6
CONTINUOUS
10
131.2824049999999829
20
-71.627404999999996
11
131.2296859999999867
21
-71.6626299999999929
0
LINE
8
BLACK
6
CONTINUOUS
10
131.2296859999999867
20
-71.6626299999999929
11
131.1674999999999898
21
-71.6749999999999972
0
LINE
8
BLACK
6
CONTINUOUS
10
131.1674999999999898
20
-71.6749999999999972
11
129.9325000000000045
21
-71.6749999999999972
0
LINE
8
BLACK
6
CONTINUOUS
10
129.9325000000000045
20
-71.6749999999999972
11
129.8703140000000076
21
-71.6626299999999929
0
LINE
8
BLACK
6
CONTINUOUS
10
129.8703140000000076
20
-71.6626299999999929
11
129.817594999999983
21
-71.627404999999996
0
LINE
8
BLACK
6
CONTINUOUS
10
129.817594999999983
20
-71.627404999999996
11
129.782369999999986
21
-71.5746859999999998
0
LINE
8
BLACK
6
CONTINUOUS
10
129.782369999999986
20
-71.5746859999999998
11
129.7699999999999818
21
-71.5125000000000028
0
LINE
8
BLACK
6
CONTINUOUS
10
129.7699999999999818
20
-71.5125000000000028
11
129.7699999999999818
21
-71.1875
0
LINE
8
BLACK
6
CONTINUOUS
10
129.7699999999999818
20
-71.1875
11
129.782369999999986
21
-71.125314000000003
0
LINE
8
BLACK
6
CONTINUOUS
10
129.782369999999986
20
-71.125314000000003
11
129.817594999999983
21
-71.0725949999999926
0
LINE
8
BLACK
6
CONTINUOUS
10
129.817594999999983
20
-71.0725949999999926
11
129.8703140000000076
21
-71.0373699999999957
0
LINE
8
BLACK
6
CONTINUOUS
10
129.8703140000000076
20
-71.0373699999999957
11
129.9325000000000045
21
-71.0249999999999915
0
LINE
8
BLACK
6
CONTINUOUS
10
129.9325000000000045
20
-71.0249999999999915
11
131.1674999999999898
21
-71.0249999999999915
0
LINE
8
BLACK
6
CONTINUOUS
10
131.1674999999999898
20
-71.0249999999999915
11
131.2296859999999867
21
-71.0373699999999957
0
LINE
8
BLACK
6
CONTINUOUS
10
134.5283869999999808
20
-70.5430789999999917
11
134.6054379999999924
21
-70.5945619999999963
0
LINE
8
BLACK
6
CONTINUOUS
10
134.6054379999999924
20
-70.5945619999999963
11
134.6569209999999828
21
-70.6716129999999936
0
LINE
8
BLACK
6
CONTINUOUS
10
134.6569209999999828
20
-70.6716129999999936
11
134.6749999999999829
21
-70.7625000000000028
0
LINE
8
BLACK
6
CONTINUOUS
10
134.6749999999999829
20
-70.7625000000000028
11
134.6749999999999829
21
-71.2374999999999972
0
LINE
8
BLACK
6
CONTINUOUS
10
134.6749999999999829
20
-71.2374999999999972
11
134.6569209999999828
21
-71.3283869999999922
0
LINE
8
BLACK
6
CONTINUOUS
10
134.6569209999999828
20
-71.3283869999999922
11
134.6054379999999924
21
-71.4054380000000037
0
LINE
8
BLACK
6
CONTINUOUS
10
134.6054379999999924
20
-71.4054380000000037
11
134.5283869999999808
21
-71.4569209999999941
0
LINE
8
BLACK
6
CONTINUOUS
10
134.5283869999999808
20
-71.4569209999999941
11
134.4375
21
-71.4749999999999943
0
LINE
8
BLACK
6
CONTINUOUS
10
134.4375
20
-71.4749999999999943
11
133.8375000000000057
21
-71.4749999999999943
0
LINE
8
BLACK
6
CONTINUOUS
10
133.8375000000000057
20
-71.4749999999999943
11
133.7466129999999964
21
-71.4569209999999941
0
LINE
8
BLACK
6
CONTINUOUS
10
133.7466129999999964
20
-71.4569209999999941
11
133.6695619999999849
21
-71.4054380000000037
0
LINE
8
BLACK
6
CONTINUOUS
10
133.6695619999999849
20
-71.4054380000000037
11
133.6180789999999945
21
-71.3283869999999922
0
LINE
8
BLACK
6
CONTINUOUS
10
133.6180789999999945
20
-71.3283869999999922
11
133.5999999999999943
21
-71.2374999999999972
0
LINE
8
BLACK
6
CONTINUOUS
10
133.5999999999999943
20
-71.2374999999999972
11
133.5999999999999943
21
-70.7625000000000028
0
LINE
8
BLACK
6
CONTINUOUS
10
133.5999999999999943
20
-70.7625000000000028
11
133.6180789999999945
21
-70.6716129999999936
0
LINE
8
BLACK
6
CONTINUOUS
10
133.6180789999999945
20
-70.6716129999999936
11
133.6695619999999849
21
-70.5945619999999963
0
LINE
8
BLACK
6
CONTINUOUS
10
133.6695619999999849
20
-70.5945619999999963
11
133.7466129999999964
21
-70.5430789999999917
0
LINE
8
BLACK
6
CONTINUOUS
10
133.7466129999999964
20
-70.5430789999999917
11
133.8375000000000057
21
-70.5249999999999915
0
LINE
8
BLACK
6
CONTINUOUS
10
133.8375000000000057
20
-70.5249999999999915
11
134.4375
21
-70.5249999999999915
0
LINE
8
BLACK
6
CONTINUOUS
10
134.4375
20
-70.5249999999999915
11
134.5283869999999808
21
-70.5430789999999917
0
LINE
8
BLACK
6
CONTINUOUS
10
136.2533870000000036
20
-70.5430789999999917
11
136.3304379999999867
21
-70.5945619999999963
0
LINE
8
BLACK
6
CONTINUOUS
10
136.3304379999999867
20
-70.5945619999999963
11
136.3819210000000055
21
-70.6716129999999936
0
LINE
8
BLACK
6
CONTINUOUS
10
136.3819210000000055
20
-70.6716129999999936
11
136.4000000000000057
21
-70.7625000000000028
0
LINE
8
BLACK
6
CONTINUOUS
10
136.4000000000000057
20
-70.7625000000000028
11
136.4000000000000057
21
-71.2374999999999972
0
LINE
8
BLACK
6
CONTINUOUS
10
136.4000000000000057
20
-71.2374999999999972
11
136.3819210000000055
21
-71.3283869999999922
0
LINE
8
BLACK
6
CONTINUOUS
10
136.3819210000000055
20
-71.3283869999999922
11
136.3304379999999867
21
-71.4054380000000037
0
LINE
8
BLACK
6
CONTINUOUS
10
136.3304379999999867
20
-71.4054380000000037
11
136.2533870000000036
21
-71.4569209999999941
0
LINE
8
BLACK
6
CONTINUOUS
10
136.2533870000000036
20
-71.4569209999999941
11
136.1624999999999943
21
-71.4749999999999943
0
LINE
8
BLACK
6
CONTINUOUS
10
136.1624999999999943
20
-71.4749999999999943
11
135.5625
21
-71.4749999999999943
0
LINE
8
BLACK
6
CONTINUOUS
10
135.5625
20
-71.4749999999999943
11
135.4716129999999907
21
-71.4569209999999941
0
LINE
8
BLACK
6
CONTINUOUS
10
135.4716129999999907
20
-71.4569209999999941
11
135.3945620000000076
21
-71.4054380000000037
0
LINE
8
BLACK
6
CONTINUOUS
10
135.3945620000000076
20
-71.4054380000000037
11
135.3430789999999888
21
-71.3283869999999922
0
LINE
8
BLACK
6
CONTINUOUS
10
135.3430789999999888
20
-71.3283869999999922
11
135.3249999999999886
21
-71.2374999999999972
0
LINE
8
BLACK
6
CONTINUOUS
10
135.3249999999999886
20
-71.2374999999999972
11
135.3249999999999886
21
-70.7625000000000028
0
LINE
8
BLACK
6
CONTINUOUS
10
135.3249999999999886
20
-70.7625000000000028
11
135.3430789999999888
21
-70.6716129999999936
0
LINE
8
BLACK
6
CONTINUOUS
10
135.3430789999999888
20
-70.6716129999999936
11
135.3945620000000076
21
-70.5945619999999963
0
LINE
8
BLACK
6
CONTINUOUS
10
135.3945620000000076
20
-70.5945619999999963
11
135.4716129999999907
21
-70.5430789999999917
0
LINE
8
BLACK
6
CONTINUOUS
10
135.4716129999999907
20
-70.5430789999999917
11
135.5625
21
-70.5249999999999915
0
LINE
8
BLACK
6
CONTINUOUS
10
135.5625
20
-70.5249999999999915
11
136.1624999999999943
21
-70.5249999999999915
0
LINE
8
BLACK
6
CONTINUOUS
10
136.1624999999999943
20
-70.5249999999999915
11
136.2533870000000036
21
-70.5430789999999917
0
LINE
8
BLACK
6
CONTINUOUS
10
132.7283869999999979
20
-70.4430789999999973
11
132.805437999999981
21
-70.4945620000000019
0
LINE
8
BLACK
6
CONTINUOUS
10
132.805437999999981
20
-70.4945620000000019
11
132.8569209999999998
21
-70.5716129999999993
0
LINE
8
BLACK
6
CONTINUOUS
10
132.8569209999999998
20
-70.5716129999999993
11
132.875
21
-70.6624999999999943
0
LINE
8
BLACK
6
CONTINUOUS
10
132.875
20
-70.6624999999999943
11
132.875
21
-71.1624999999999943
0
LINE
8
BLACK
6
CONTINUOUS
10
132.875
20
-71.1624999999999943
11
132.8569209999999998
21
-71.2533870000000036
0
LINE
8
BLACK
6
CONTINUOUS
10
132.8569209999999998
20
-71.2533870000000036
11
132.805437999999981
21
-71.3304380000000009
0
LINE
8
BLACK
6
CONTINUOUS
10
132.805437999999981
20
-71.3304380000000009
11
132.7283869999999979
21
-71.3819209999999913
0
LINE
8
BLACK
6
CONTINUOUS
10
132.7283869999999979
20
-71.3819209999999913
11
132.6374999999999886
21
-71.3999999999999915
0
LINE
8
BLACK
6
CONTINUOUS
10
132.6374999999999886
20
-71.3999999999999915
11
132.1624999999999943
21
-71.3999999999999915
0
LINE
8
BLACK
6
CONTINUOUS
10
132.1624999999999943
20
-71.3999999999999915
11
132.071612999999985
21
-71.3819209999999913
0
LINE
8
BLACK
6
CONTINUOUS
10
132.071612999999985
20
-71.3819209999999913
11
131.9945620000000019
21
-71.3304380000000009
0
LINE
8
BLACK
6
CONTINUOUS
10
131.9945620000000019
20
-71.3304380000000009
11
131.9430789999999831
21
-71.2533870000000036
0
LINE
8
BLACK
6
CONTINUOUS
10
131.9430789999999831
20
-71.2533870000000036
11
131.9249999999999829
21
-71.1624999999999943
0
LINE
8
BLACK
6
CONTINUOUS
10
131.9249999999999829
20
-71.1624999999999943
11
131.9249999999999829
21
-70.6624999999999943
0
LINE
8
BLACK
6
CONTINUOUS
10
131.9249999999999829
20
-70.6624999999999943
11
131.9430789999999831
21
-70.5716129999999993
0
LINE
8
BLACK
6
CONTINUOUS
10
131.9430789999999831
20
-70.5716129999999993
11
131.9945620000000019
21
-70.4945620000000019
0
LINE
8
BLACK
6
CONTINUOUS
10
131.9945620000000019
20
-70.4945620000000019
11
132.071612999999985
21
-70.4430789999999973
0
LINE
8
BLACK
6
CONTINUOUS
10
132.071612999999985
20
-70.4430789999999973
11
132.1624999999999943
21
-70.4249999999999972
0
LINE
8
BLACK
6
CONTINUOUS
10
132.1624999999999943
20
-70.4249999999999972
11
132.6374999999999886
21
-70.4249999999999972
0
LINE
8
BLACK
6
CONTINUOUS
10
132.6374999999999886
20
-70.4249999999999972
11
132.7283869999999979
21
-70.4430789999999973
0
LINE
8
BLACK
6
CONTINUOUS
10
120.3497079999999926
20
-69.7761840000000007
11
120.4694299999999885
21
-69.8531249999999915
0
LINE
8
BLACK
6
CONTINUOUS
10
120.4694299999999885
20
-69.8531249999999915
11
120.562626999999992
21
-69.9606799999999964
0
LINE
8
BLACK
6
CONTINUOUS
10
120.562626999999992
20
-69.9606799999999964
11
120.6217459999999875
21
-70.0901339999999919
0
LINE
8
BLACK
6
CONTINUOUS
10
120.6217459999999875
20
-70.0901339999999919
11
120.6419999999999959
21
-70.2309999999999945
0
LINE
8
BLACK
6
CONTINUOUS
10
120.6419999999999959
20
-70.2309999999999945
11
120.6217459999999875
21
-70.3718659999999971
0
LINE
8
BLACK
6
CONTINUOUS
10
120.6217459999999875
20
-70.3718659999999971
11
120.562626999999992
21
-70.5013199999999927
0
LINE
8
BLACK
6
CONTINUOUS
10
120.562626999999992
20
-70.5013199999999927
11
120.4694299999999885
21
-70.6088749999999976
0
LINE
8
BLACK
6
CONTINUOUS
10
120.4694299999999885
20
-70.6088749999999976
11
120.3497079999999926
21
-70.6858160000000026
0
LINE
8
BLACK
6
CONTINUOUS
10
120.3497079999999926
20
-70.6858160000000026
11
120.2131569999999954
21
-70.7259109999999964
0
LINE
8
BLACK
6
CONTINUOUS
10
120.2131569999999954
20
-70.7259109999999964
11
120.0708429999999964
21
-70.7259109999999964
0
LINE
8
BLACK
6
CONTINUOUS
10
120.0708429999999964
20
-70.7259109999999964
11
119.9342919999999992
21
-70.6858160000000026
0
LINE
8
BLACK
6
CONTINUOUS
10
119.9342919999999992
20
-70.6858160000000026
11
119.8145699999999891
21
-70.6088749999999976
0
LINE
8
BLACK
6
CONTINUOUS
10
119.8145699999999891
20
-70.6088749999999976
11
119.7213729999999998
21
-70.5013199999999927
0
LINE
8
BLACK
6
CONTINUOUS
10
119.7213729999999998
20
-70.5013199999999927
11
119.6622539999999901
21
-70.3718659999999971
0
LINE
8
BLACK
6
CONTINUOUS
10
119.6622539999999901
20
-70.3718659999999971
11
119.6419999999999959
21
-70.2309999999999945
0
LINE
8
BLACK
6
CONTINUOUS
10
119.6419999999999959
20
-70.2309999999999945
11
119.6622539999999901
21
-70.0901339999999919
0
LINE
8
BLACK
6
CONTINUOUS
10
119.6622539999999901
20
-70.0901339999999919
11
119.7213729999999998
21
-69.9606799999999964
0
LINE
8
BLACK
6
CONTINUOUS
10
119.7213729999999998
20
-69.9606799999999964
11
119.8145699999999891
21
-69.8531249999999915
0
LINE
8
BLACK
6
CONTINUOUS
10
119.8145699999999891
20
-69.8531249999999915
11
119.9342919999999992
21
-69.7761840000000007
0
LINE
8
BLACK
6
CONTINUOUS
10
119.9342919999999992
20
-69.7761840000000007
11
120.0708429999999964
21
-69.7360889999999927
0
LINE
8
BLACK
6
CONTINUOUS
10
120.0708429999999964
20
-69.7360889999999927
11
120.2131569999999954
21
-69.7360889999999927
0
LINE
8
BLACK
6
CONTINUOUS
10
120.2131569999999954
20
-69.7360889999999927
11
120.3497079999999926
21
-69.7761840000000007
0
LINE
8
BLACK
6
CONTINUOUS
10
179.1037079999999833
20
-69.7761840000000007
11
179.2234299999999791
21
-69.8531249999999915
0
LINE
8
BLACK
6
CONTINUOUS
10
179.2234299999999791
20
-69.8531249999999915
11
179.3166269999999827
21
-69.9606799999999964
0
LINE
8
BLACK
6
CONTINUOUS
10
179.3166269999999827
20
-69.9606799999999964
11
179.3757459999999924
21
-70.0901339999999919
0
LINE
8
BLACK
6
CONTINUOUS
10
179.3757459999999924
20
-70.0901339999999919
11
179.3959999999999866
21
-70.2309999999999945
0
LINE
8
BLACK
6
CONTINUOUS
10
179.3959999999999866
20
-70.2309999999999945
11
179.3757459999999924
21
-70.3718659999999971
0
LINE
8
BLACK
6
CONTINUOUS
10
179.3757459999999924
20
-70.3718659999999971
11
179.3166269999999827
21
-70.5013199999999927
0
LINE
8
BLACK
6
CONTINUOUS
10
179.3166269999999827
20
-70.5013199999999927
11
179.2234299999999791
21
-70.6088749999999976
0
LINE
8
BLACK
6
CONTINUOUS
10
179.2234299999999791
20
-70.6088749999999976
11
179.1037079999999833
21
-70.6858160000000026
0
LINE
8
BLACK
6
CONTINUOUS
10
179.1037079999999833
20
-70.6858160000000026
11
178.9671569999999861
21
-70.7259109999999964
0
LINE
8
BLACK
6
CONTINUOUS
10
178.9671569999999861
20
-70.7259109999999964
11
178.8248429999999871
21
-70.7259109999999964
0
LINE
8
BLACK
6
CONTINUOUS
10
178.8248429999999871
20
-70.7259109999999964
11
178.6882919999999899
21
-70.6858160000000026
0
LINE
8
BLACK
6
CONTINUOUS
10
178.6882919999999899
20
-70.6858160000000026
11
178.568569999999994
21
-70.6088749999999976
0
LINE
8
BLACK
6
CONTINUOUS
10
178.568569999999994
20
-70.6088749999999976
11
178.4753729999999905
21
-70.5013199999999927
0
LINE
8
BLACK
6
CONTINUOUS
10
178.4753729999999905
20
-70.5013199999999927
11
178.4162539999999808
21
-70.3718659999999971
0
LINE
8
BLACK
6
CONTINUOUS
10
178.4162539999999808
20
-70.3718659999999971
11
178.3959999999999866
21
-70.2309999999999945
0
LINE
8
BLACK
6
CONTINUOUS
10
178.3959999999999866
20
-70.2309999999999945
11
178.4162539999999808
21
-70.0901339999999919
0
LINE
8
BLACK
6
CONTINUOUS
10
178.4162539999999808
20
-70.0901339999999919
11
178.4753729999999905
21
-69.9606799999999964
0
LINE
8
BLACK
6
CONTINUOUS
10
178.4753729999999905
20
-69.9606799999999964
11
178.568569999999994
21
-69.8531249999999915
0
LINE
8
BLACK
6
CONTINUOUS
10
178.568569999999994
20
-69.8531249999999915
11
178.6882919999999899
21
-69.7761840000000007
0
LINE
8
BLACK
6
CONTINUOUS
10
178.6882919999999899
20
-69.7761840000000007
11
178.8248429999999871
21
-69.7360889999999927
0
LINE
8
BLACK
6
CONTINUOUS
10
178.8248429999999871
20
-69.7360889999999927
11
178.9671569999999861
21
-69.7360889999999927
0
LINE
8
BLACK
6
CONTINUOUS
10
178.9671569999999861
20
-69.7360889999999927
11
179.1037079999999833
21
-69.7761840000000007
0
LINE
8
BLACK
6
CONTINUOUS
10
128.5296859999999981
20
-70.0873699999999928
11
128.5824049999999943
21
-70.1225949999999898
0
LINE
8
BLACK
6
CONTINUOUS
10
128.5824049999999943
20
-70.1225949999999898
11
128.6176299999999912
21
-70.1753140000000002
0
LINE
8
BLACK
6
CONTINUOUS
10
128.6176299999999912
20
-70.1753140000000002
11
128.6299999999999955
21
-70.2374999999999972
0
LINE
8
BLACK
6
CONTINUOUS
10
128.6299999999999955
20
-70.2374999999999972
11
128.6299999999999955
21
-70.5625
0
LINE
8
BLACK
6
CONTINUOUS
10
128.6299999999999955
20
-70.5625
11
128.6176299999999912
21
-70.624685999999997
0
LINE
8
BLACK
6
CONTINUOUS
10
128.6176299999999912
20
-70.624685999999997
11
128.5824049999999943
21
-70.6774049999999932
0
LINE
8
BLACK
6
CONTINUOUS
10
128.5824049999999943
20
-70.6774049999999932
11
128.5296859999999981
21
-70.7126299999999901
0
LINE
8
BLACK
6
CONTINUOUS
10
128.5296859999999981
20
-70.7126299999999901
11
128.4675000000000011
21
-70.7249999999999943
0
LINE
8
BLACK
6
CONTINUOUS
10
128.4675000000000011
20
-70.7249999999999943
11
127.2324999999999875
21
-70.7249999999999943
0
LINE
8
BLACK
6
CONTINUOUS
10
127.2324999999999875
20
-70.7249999999999943
11
127.1703139999999905
21
-70.7126299999999901
0
LINE
8
BLACK
6
CONTINUOUS
10
127.1703139999999905
20
-70.7126299999999901
11
127.1175949999999943
21
-70.6774049999999932
0
LINE
8
BLACK
6
CONTINUOUS
10
127.1175949999999943
20
-70.6774049999999932
11
127.0823699999999974
21
-70.624685999999997
0
LINE
8
BLACK
6
CONTINUOUS
10
127.0823699999999974
20
-70.624685999999997
11
127.0699999999999932
21
-70.5625
0
LINE
8
BLACK
6
CONTINUOUS
10
127.0699999999999932
20
-70.5625
11
127.0699999999999932
21
-70.2374999999999972
0
LINE
8
BLACK
6
CONTINUOUS
10
127.0699999999999932
20
-70.2374999999999972
11
127.0823699999999974
21
-70.1753140000000002
0
LINE
8
BLACK
6
CONTINUOUS
10
127.0823699999999974
20
-70.1753140000000002
11
127.1175949999999943
21
-70.1225949999999898
0
LINE
8
BLACK
6
CONTINUOUS
10
127.1175949999999943
20
-70.1225949999999898
11
127.1703139999999905
21
-70.0873699999999928
0
LINE
8
BLACK
6
CONTINUOUS
10
127.1703139999999905
20
-70.0873699999999928
11
127.2324999999999875
21
-70.0750000000000028
0
LINE
8
BLACK
6
CONTINUOUS
10
127.2324999999999875
20
-70.0750000000000028
11
128.4675000000000011
21
-70.0750000000000028
0
LINE
8
BLACK
6
CONTINUOUS
10
128.4675000000000011
20
-70.0750000000000028
11
128.5296859999999981
21
-70.0873699999999928
0
LINE
8
BLACK
6
CONTINUOUS
10
126.3283869999999922
20
-69.6180789999999945
11
126.4054379999999895
21
-69.6695619999999991
0
LINE
8
BLACK
6
CONTINUOUS
10
126.4054379999999895
20
-69.6695619999999991
11
126.4569209999999941
21
-69.7466129999999964
0
LINE
8
BLACK
6
CONTINUOUS
10
126.4569209999999941
20
-69.7466129999999964
11
126.4749999999999943
21
-69.8374999999999915
0
LINE
8
BLACK
6
CONTINUOUS
10
126.4749999999999943
20
-69.8374999999999915
11
126.4749999999999943
21
-70.4375
0
LINE
8
BLACK
6
CONTINUOUS
10
126.4749999999999943
20
-70.4375
11
126.4569209999999941
21
-70.5283869999999951
0
LINE
8
BLACK
6
CONTINUOUS
10
126.4569209999999941
20
-70.5283869999999951
11
126.4054379999999895
21
-70.6054379999999924
0
LINE
8
BLACK
6
CONTINUOUS
10
126.4054379999999895
20
-70.6054379999999924
11
126.3283869999999922
21
-70.656920999999997
0
LINE
8
BLACK
6
CONTINUOUS
10
126.3283869999999922
20
-70.656920999999997
11
126.2374999999999972
21
-70.6749999999999972
0
LINE
8
BLACK
6
CONTINUOUS
10
126.2374999999999972
20
-70.6749999999999972
11
125.7624999999999886
21
-70.6749999999999972
0
LINE
8
BLACK
6
CONTINUOUS
10
125.7624999999999886
20
-70.6749999999999972
11
125.6716129999999936
21
-70.656920999999997
0
LINE
8
BLACK
6
CONTINUOUS
10
125.6716129999999936
20
-70.656920999999997
11
125.5945619999999963
21
-70.6054379999999924
0
LINE
8
BLACK
6
CONTINUOUS
10
125.5945619999999963
20
-70.6054379999999924
11
125.5430789999999917
21
-70.5283869999999951
0
LINE
8
BLACK
6
CONTINUOUS
10
125.5430789999999917
20
-70.5283869999999951
11
125.5249999999999915
21
-70.4375
0
LINE
8
BLACK
6
CONTINUOUS
10
125.5249999999999915
20
-70.4375
11
125.5249999999999915
21
-69.8374999999999915
0
LINE
8
BLACK
6
CONTINUOUS
10
125.5249999999999915
20
-69.8374999999999915
11
125.5430789999999917
21
-69.7466129999999964
0
LINE
8
BLACK
6
CONTINUOUS
10
125.5430789999999917
20
-69.7466129999999964
11
125.5945619999999963
21
-69.6695619999999991
0
LINE
8
BLACK
6
CONTINUOUS
10
125.5945619999999963
20
-69.6695619999999991
11
125.6716129999999936
21
-69.6180789999999945
0
LINE
8
BLACK
6
CONTINUOUS
10
125.6716129999999936
20
-69.6180789999999945
11
125.7624999999999886
21
-69.5999999999999943
0
LINE
8
BLACK
6
CONTINUOUS
10
125.7624999999999886
20
-69.5999999999999943
11
126.2374999999999972
21
-69.5999999999999943
0
LINE
8
BLACK
6
CONTINUOUS
10
126.2374999999999972
20
-69.5999999999999943
11
126.3283869999999922
21
-69.6180789999999945
0
LINE
8
BLACK
6
CONTINUOUS
10
124.7283869999999979
20
-69.7055790000000002
11
124.8054379999999952
21
-69.7570619999999906
0
LINE
8
BLACK
6
CONTINUOUS
10
124.8054379999999952
20
-69.7570619999999906
11
124.8569209999999998
21
-69.8341130000000021
0
LINE
8
BLACK
6
CONTINUOUS
10
124.8569209999999998
20
-69.8341130000000021
11
124.875
21
-69.9249999999999972
0
LINE
8
BLACK
6
CONTINUOUS
10
124.875
20
-69.9249999999999972
11
124.875
21
-70.4249999999999972
0
LINE
8
BLACK
6
CONTINUOUS
10
124.875
20
-70.4249999999999972
11
124.8569209999999998
21
-70.5158869999999922
0
LINE
8
BLACK
6
CONTINUOUS
10
124.8569209999999998
20
-70.5158869999999922
11
124.8054379999999952
21
-70.5929380000000037
0
LINE
8
BLACK
6
CONTINUOUS
10
124.8054379999999952
20
-70.5929380000000037
11
124.7283869999999979
21
-70.6444209999999941
0
LINE
8
BLACK
6
CONTINUOUS
10
124.7283869999999979
20
-70.6444209999999941
11
124.6374999999999886
21
-70.6624999999999943
0
LINE
8
BLACK
6
CONTINUOUS
10
124.6374999999999886
20
-70.6624999999999943
11
124.1624999999999943
21
-70.6624999999999943
0
LINE
8
BLACK
6
CONTINUOUS
10
124.1624999999999943
20
-70.6624999999999943
11
124.0716129999999993
21
-70.6444209999999941
0
LINE
8
BLACK
6
CONTINUOUS
10
124.0716129999999993
20
-70.6444209999999941
11
123.9945619999999877
21
-70.5929380000000037
0
LINE
8
BLACK
6
CONTINUOUS
10
123.9945619999999877
20
-70.5929380000000037
11
123.9430789999999973
21
-70.5158869999999922
0
LINE
8
BLACK
6
CONTINUOUS
10
123.9430789999999973
20
-70.5158869999999922
11
123.9249999999999972
21
-70.4249999999999972
0
LINE
8
BLACK
6
CONTINUOUS
10
123.9249999999999972
20
-70.4249999999999972
11
123.9249999999999972
21
-69.9249999999999972
0
LINE
8
BLACK
6
CONTINUOUS
10
123.9249999999999972
20
-69.9249999999999972
11
123.9430789999999973
21
-69.8341130000000021
0
LINE
8
BLACK
6
CONTINUOUS
10
123.9430789999999973
20
-69.8341130000000021
11
123.9945619999999877
21
-69.7570619999999906
0
LINE
8
BLACK
6
CONTINUOUS
10
123.9945619999999877
20
-69.7570619999999906
11
124.0716129999999993
21
-69.7055790000000002
0
LINE
8
BLACK
6
CONTINUOUS
10
124.0716129999999993
20
-69.7055790000000002
11
124.1624999999999943
21
-69.6875
0
LINE
8
BLACK
6
CONTINUOUS
10
124.1624999999999943
20
-69.6875
11
124.6374999999999886
21
-69.6875
0
LINE
8
BLACK
6
CONTINUOUS
10
124.6374999999999886
20
-69.6875
11
124.7283869999999979
21
-69.7055790000000002
0
LINE
8
BLACK
6
CONTINUOUS
10
168.3283869999999922
20
-68.9430789999999973
11
168.4054380000000037
21
-68.9945620000000019
0
LINE
8
BLACK
6
CONTINUOUS
10
168.4054380000000037
20
-68.9945620000000019
11
168.4569209999999941
21
-69.0716129999999993
0
LINE
8
BLACK
6
CONTINUOUS
10
168.4569209999999941
20
-69.0716129999999993
11
168.4749999999999943
21
-69.1624999999999943
0
LINE
8
BLACK
6
CONTINUOUS
10
168.4749999999999943
20
-69.1624999999999943
11
168.4749999999999943
21
-69.6624999999999943
0
LINE
8
BLACK
6
CONTINUOUS
10
168.4749999999999943
20
-69.6624999999999943
11
168.4569209999999941
21
-69.7533870000000036
0
LINE
8
BLACK
6
CONTINUOUS
10
168.4569209999999941
20
-69.7533870000000036
11
168.4054380000000037
21
-69.8304380000000009
0
LINE
8
BLACK
6
CONTINUOUS
10
168.4054380000000037
20
-69.8304380000000009
11
168.3283869999999922
21
-69.8819209999999913
0
LINE
8
BLACK
6
CONTINUOUS
10
168.3283869999999922
20
-69.8819209999999913
11
168.2374999999999829
21
-69.8999999999999915
0
LINE
8
BLACK
6
CONTINUOUS
10
168.2374999999999829
20
-69.8999999999999915
11
167.7624999999999886
21
-69.8999999999999915
0
LINE
8
BLACK
6
CONTINUOUS
10
167.7624999999999886
20
-69.8999999999999915
11
167.6716129999999794
21
-69.8819209999999913
0
LINE
8
BLACK
6
CONTINUOUS
10
167.6716129999999794
20
-69.8819209999999913
11
167.5945619999999963
21
-69.8304380000000009
0
LINE
8
BLACK
6
CONTINUOUS
10
167.5945619999999963
20
-69.8304380000000009
11
167.5430790000000059
21
-69.7533870000000036
0
LINE
8
BLACK
6
CONTINUOUS
10
167.5430790000000059
20
-69.7533870000000036
11
167.5250000000000057
21
-69.6624999999999943
0
LINE
8
BLACK
6
CONTINUOUS
10
167.5250000000000057
20
-69.6624999999999943
11
167.5250000000000057
21
-69.1624999999999943
0
LINE
8
BLACK
6
CONTINUOUS
10
167.5250000000000057
20
-69.1624999999999943
11
167.5430790000000059
21
-69.0716129999999993
0
LINE
8
BLACK
6
CONTINUOUS
10
167.5430790000000059
20
-69.0716129999999993
11
167.5945619999999963
21
-68.9945620000000019
0
LINE
8
BLACK
6
CONTINUOUS
10
167.5945619999999963
20
-68.9945620000000019
11
167.6716129999999794
21
-68.9430789999999973
0
LINE
8
BLACK
6
CONTINUOUS
10
167.6716129999999794
20
-68.9430789999999973
11
167.7624999999999886
21
-68.9249999999999972
0
LINE
8
BLACK
6
CONTINUOUS
10
167.7624999999999886
20
-68.9249999999999972
11
168.2374999999999829
21
-68.9249999999999972
0
LINE
8
BLACK
6
CONTINUOUS
10
168.2374999999999829
20
-68.9249999999999972
11
168.3283869999999922
21
-68.9430789999999973
0
LINE
8
BLACK
6
CONTINUOUS
10
169.8283869999999922
20
-68.843079000000003
11
169.9054380000000037
21
-68.8945619999999934
0
LINE
8
BLACK
6
CONTINUOUS
10
169.9054380000000037
20
-68.8945619999999934
11
169.9569209999999941
21
-68.9716129999999907
0
LINE
8
BLACK
6
CONTINUOUS
10
169.9569209999999941
20
-68.9716129999999907
11
169.9749999999999943
21
-69.0625
0
LINE
8
BLACK
6
CONTINUOUS
10
169.9749999999999943
20
-69.0625
11
169.9749999999999943
21
-69.6624999999999943
0
LINE
8
BLACK
6
CONTINUOUS
10
169.9749999999999943
20
-69.6624999999999943
11
169.9569209999999941
21
-69.7533870000000036
0
LINE
8
BLACK
6
CONTINUOUS
10
169.9569209999999941
20
-69.7533870000000036
11
169.9054380000000037
21
-69.8304380000000009
0
LINE
8
BLACK
6
CONTINUOUS
10
169.9054380000000037
20
-69.8304380000000009
11
169.8283869999999922
21
-69.8819209999999913
0
LINE
8
BLACK
6
CONTINUOUS
10
169.8283869999999922
20
-69.8819209999999913
11
169.7374999999999829
21
-69.8999999999999915
0
LINE
8
BLACK
6
CONTINUOUS
10
169.7374999999999829
20
-69.8999999999999915
11
169.2624999999999886
21
-69.8999999999999915
0
LINE
8
BLACK
6
CONTINUOUS
10
169.2624999999999886
20
-69.8999999999999915
11
169.1716129999999794
21
-69.8819209999999913
0
LINE
8
BLACK
6
CONTINUOUS
10
169.1716129999999794
20
-69.8819209999999913
11
169.0945619999999963
21
-69.8304380000000009
0
LINE
8
BLACK
6
CONTINUOUS
10
169.0945619999999963
20
-69.8304380000000009
11
169.0430790000000059
21
-69.7533870000000036
0
LINE
8
BLACK
6
CONTINUOUS
10
169.0430790000000059
20
-69.7533870000000036
11
169.0250000000000057
21
-69.6624999999999943
0
LINE
8
BLACK
6
CONTINUOUS
10
169.0250000000000057
20
-69.6624999999999943
11
169.0250000000000057
21
-69.0625
0
LINE
8
BLACK
6
CONTINUOUS
10
169.0250000000000057
20
-69.0625
11
169.0430790000000059
21
-68.9716129999999907
0
LINE
8
BLACK
6
CONTINUOUS
10
169.0430790000000059
20
-68.9716129999999907
11
169.0945619999999963
21
-68.8945619999999934
0
LINE
8
BLACK
6
CONTINUOUS
10
169.0945619999999963
20
-68.8945619999999934
11
169.1716129999999794
21
-68.843079000000003
0
LINE
8
BLACK
6
CONTINUOUS
10
169.1716129999999794
20
-68.843079000000003
11
169.2624999999999886
21
-68.8250000000000028
0
LINE
8
BLACK
6
CONTINUOUS
10
169.2624999999999886
20
-68.8250000000000028
11
169.7374999999999829
21
-68.8250000000000028
0
LINE
8
BLACK
6
CONTINUOUS
10
169.7374999999999829
20
-68.8250000000000028
11
169.8283869999999922
21
-68.843079000000003
0
LINE
8
BLACK
6
CONTINUOUS
10
171.3283869999999922
20
-68.843079000000003
11
171.4054380000000037
21
-68.8945619999999934
0
LINE
8
BLACK
6
CONTINUOUS
10
171.4054380000000037
20
-68.8945619999999934
11
171.4569209999999941
21
-68.9716129999999907
0
LINE
8
BLACK
6
CONTINUOUS
10
171.4569209999999941
20
-68.9716129999999907
11
171.4749999999999943
21
-69.0625
0
LINE
8
BLACK
6
CONTINUOUS
10
171.4749999999999943
20
-69.0625
11
171.4749999999999943
21
-69.6624999999999943
0
LINE
8
BLACK
6
CONTINUOUS
10
171.4749999999999943
20
-69.6624999999999943
11
171.4569209999999941
21
-69.7533870000000036
0
LINE
8
BLACK
6
CONTINUOUS
10
171.4569209999999941
20
-69.7533870000000036
11
171.4054380000000037
21
-69.8304380000000009
0
LINE
8
BLACK
6
CONTINUOUS
10
171.4054380000000037
20
-69.8304380000000009
11
171.3283869999999922
21
-69.8819209999999913
0
LINE
8
BLACK
6
CONTINUOUS
10
171.3283869999999922
20
-69.8819209999999913
11
171.2374999999999829
21
-69.8999999999999915
0
LINE
8
BLACK
6
CONTINUOUS
10
171.2374999999999829
20
-69.8999999999999915
11
170.7624999999999886
21
-69.8999999999999915
0
LINE
8
BLACK
6
CONTINUOUS
10
170.7624999999999886
20
-69.8999999999999915
11
170.6716129999999794
21
-69.8819209999999913
0
LINE
8
BLACK
6
CONTINUOUS
10
170.6716129999999794
20
-69.8819209999999913
11
170.5945619999999963
21
-69.8304380000000009
0
LINE
8
BLACK
6
CONTINUOUS
10
170.5945619999999963
20
-69.8304380000000009
11
170.5430790000000059
21
-69.7533870000000036
0
LINE
8
BLACK
6
CONTINUOUS
10
170.5430790000000059
20
-69.7533870000000036
11
170.5250000000000057
21
-69.6624999999999943
0
LINE
8
BLACK
6
CONTINUOUS
10
170.5250000000000057
20
-69.6624999999999943
11
170.5250000000000057
21
-69.0625
0
LINE
8
BLACK
6
CONTINUOUS
10
170.5250000000000057
20
-69.0625
11
170.5430790000000059
21
-68.9716129999999907
0
LINE
8
BLACK
6
CONTINUOUS
10
170.5430790000000059
20
-68.9716129999999907
11
170.5945619999999963
21
-68.8945619999999934
0
LINE
8
BLACK
6
CONTINUOUS
10
170.5945619999999963
20
-68.8945619999999934
11
170.6716129999999794
21
-68.843079000000003
0
LINE
8
BLACK
6
CONTINUOUS
10
170.6716129999999794
20
-68.843079000000003
11
170.7624999999999886
21
-68.8250000000000028
0
LINE
8
BLACK
6
CONTINUOUS
10
170.7624999999999886
20
-68.8250000000000028
11
171.2374999999999829
21
-68.8250000000000028
0
LINE
8
BLACK
6
CONTINUOUS
10
171.2374999999999829
20
-68.8250000000000028
11
171.3283869999999922
21
-68.843079000000003
0
LINE
8
BLACK
6
CONTINUOUS
10
172.8283869999999922
20
-68.9430789999999973
11
172.9054380000000037
21
-68.9945620000000019
0
LINE
8
BLACK
6
CONTINUOUS
10
172.9054380000000037
20
-68.9945620000000019
11
172.9569209999999941
21
-69.0716129999999993
0
LINE
8
BLACK
6
CONTINUOUS
10
172.9569209999999941
20
-69.0716129999999993
11
172.9749999999999943
21
-69.1624999999999943
0
LINE
8
BLACK
6
CONTINUOUS
10
172.9749999999999943
20
-69.1624999999999943
11
172.9749999999999943
21
-69.6624999999999943
0
LINE
8
BLACK
6
CONTINUOUS
10
172.9749999999999943
20
-69.6624999999999943
11
172.9569209999999941
21
-69.7533870000000036
0
LINE
8
BLACK
6
CONTINUOUS
10
172.9569209999999941
20
-69.7533870000000036
11
172.9054380000000037
21
-69.8304380000000009
0
LINE
8
BLACK
6
CONTINUOUS
10
172.9054380000000037
20
-69.8304380000000009
11
172.8283869999999922
21
-69.8819209999999913
0
LINE
8
BLACK
6
CONTINUOUS
10
172.8283869999999922
20
-69.8819209999999913
11
172.7374999999999829
21
-69.8999999999999915
0
LINE
8
BLACK
6
CONTINUOUS
10
172.7374999999999829
20
-69.8999999999999915
11
172.2624999999999886
21
-69.8999999999999915
0
LINE
8
BLACK
6
CONTINUOUS
10
172.2624999999999886
20
-69.8999999999999915
11
172.1716129999999794
21
-69.8819209999999913
0
LINE
8
BLACK
6
CONTINUOUS
10
172.1716129999999794
20
-69.8819209999999913
11
172.0945619999999963
21
-69.8304380000000009
0
LINE
8
BLACK
6
CONTINUOUS
10
172.0945619999999963
20
-69.8304380000000009
11
172.0430790000000059
21
-69.7533870000000036
0
LINE
8
BLACK
6
CONTINUOUS
10
172.0430790000000059
20
-69.7533870000000036
11
172.0250000000000057
21
-69.6624999999999943
0
LINE
8
BLACK
6
CONTINUOUS
10
172.0250000000000057
20
-69.6624999999999943
11
172.0250000000000057
21
-69.1624999999999943
0
LINE
8
BLACK
6
CONTINUOUS
10
172.0250000000000057
20
-69.1624999999999943
11
172.0430790000000059
21
-69.0716129999999993
0
LINE
8
BLACK
6
CONTINUOUS
10
172.0430790000000059
20
-69.0716129999999993
11
172.0945619999999963
21
-68.9945620000000019
0
LINE
8
BLACK
6
CONTINUOUS
10
172.0945619999999963
20
-68.9945620000000019
11
172.1716129999999794
21
-68.9430789999999973
0
LINE
8
BLACK
6
CONTINUOUS
10
172.1716129999999794
20
-68.9430789999999973
11
172.2624999999999886
21
-68.9249999999999972
0
LINE
8
BLACK
6
CONTINUOUS
10
172.2624999999999886
20
-68.9249999999999972
11
172.7374999999999829
21
-68.9249999999999972
0
LINE
8
BLACK
6
CONTINUOUS
10
172.7374999999999829
20
-68.9249999999999972
11
172.8283869999999922
21
-68.9430789999999973
0
LINE
8
BLACK
6
CONTINUOUS
10
128.5296859999999981
20
-69.13736999999999
11
128.5824049999999943
21
-69.1725950000000012
0
LINE
8
BLACK
6
CONTINUOUS
10
128.5824049999999943
20
-69.1725950000000012
11
128.6176299999999912
21
-69.2253139999999973
0
LINE
8
BLACK
6
CONTINUOUS
10
128.6176299999999912
20
-69.2253139999999973
11
128.6299999999999955
21
-69.2874999999999943
0
LINE
8
BLACK
6
CONTINUOUS
10
128.6299999999999955
20
-69.2874999999999943
11
128.6299999999999955
21
-69.6124999999999972
0
LINE
8
BLACK
6
CONTINUOUS
10
128.6299999999999955
20
-69.6124999999999972
11
128.6176299999999912
21
-69.6746859999999941
0
LINE
8
BLACK
6
CONTINUOUS
10
128.6176299999999912
20
-69.6746859999999941
11
128.5824049999999943
21
-69.7274049999999903
0
LINE
8
BLACK
6
CONTINUOUS
10
128.5824049999999943
20
-69.7274049999999903
11
128.5296859999999981
21
-69.7626300000000015
0
LINE
8
BLACK
6
CONTINUOUS
10
128.5296859999999981
20
-69.7626300000000015
11
128.4675000000000011
21
-69.7749999999999915
0
LINE
8
BLACK
6
CONTINUOUS
10
128.4675000000000011
20
-69.7749999999999915
11
127.2324999999999875
21
-69.7749999999999915
0
LINE
8
BLACK
6
CONTINUOUS
10
127.2324999999999875
20
-69.7749999999999915
11
127.1703139999999905
21
-69.7626300000000015
0
LINE
8
BLACK
6
CONTINUOUS
10
127.1703139999999905
20
-69.7626300000000015
11
127.1175949999999943
21
-69.7274049999999903
0
LINE
8
BLACK
6
CONTINUOUS
10
127.1175949999999943
20
-69.7274049999999903
11
127.0823699999999974
21
-69.6746859999999941
0
LINE
8
BLACK
6
CONTINUOUS
10
127.0823699999999974
20
-69.6746859999999941
11
127.0699999999999932
21
-69.6124999999999972
0
LINE
8
BLACK
6
CONTINUOUS
10
127.0699999999999932
20
-69.6124999999999972
11
127.0699999999999932
21
-69.2874999999999943
0
LINE
8
BLACK
6
CONTINUOUS
10
127.0699999999999932
20
-69.2874999999999943
11
127.0823699999999974
21
-69.2253139999999973
0
LINE
8
BLACK
6
CONTINUOUS
10
127.0823699999999974
20
-69.2253139999999973
11
127.1175949999999943
21
-69.1725950000000012
0
LINE
8
BLACK
6
CONTINUOUS
10
127.1175949999999943
20
-69.1725950000000012
11
127.1703139999999905
21
-69.13736999999999
0
LINE
8
BLACK
6
CONTINUOUS
10
127.1703139999999905
20
-69.13736999999999
11
127.2324999999999875
21
-69.125
0
LINE
8
BLACK
6
CONTINUOUS
10
127.2324999999999875
20
-69.125
11
128.4675000000000011
21
-69.125
0
LINE
8
BLACK
6
CONTINUOUS
10
128.4675000000000011
20
-69.125
11
128.5296859999999981
21
-69.13736999999999
0
LINE
8
BLACK
6
CONTINUOUS
10
131.2296859999999867
20
-69.13736999999999
11
131.2824049999999829
21
-69.1725950000000012
0
LINE
8
BLACK
6
CONTINUOUS
10
131.2824049999999829
20
-69.1725950000000012
11
131.3176299999999799
21
-69.2253139999999973
0
LINE
8
BLACK
6
CONTINUOUS
10
131.3176299999999799
20
-69.2253139999999973
11
131.3299999999999841
21
-69.2874999999999943
0
LINE
8
BLACK
6
CONTINUOUS
10
131.3299999999999841
20
-69.2874999999999943
11
131.3299999999999841
21
-69.6124999999999972
0
LINE
8
BLACK
6
CONTINUOUS
10
131.3299999999999841
20
-69.6124999999999972
11
131.3176299999999799
21
-69.6746859999999941
0
LINE
8
BLACK
6
CONTINUOUS
10
131.3176299999999799
20
-69.6746859999999941
11
131.2824049999999829
21
-69.7274049999999903
0
LINE
8
BLACK
6
CONTINUOUS
10
131.2824049999999829
20
-69.7274049999999903
11
131.2296859999999867
21
-69.7626300000000015
0
LINE
8
BLACK
6
CONTINUOUS
10
131.2296859999999867
20
-69.7626300000000015
11
131.1674999999999898
21
-69.7749999999999915
0
LINE
8
BLACK
6
CONTINUOUS
10
131.1674999999999898
20
-69.7749999999999915
11
129.9325000000000045
21
-69.7749999999999915
0
LINE
8
BLACK
6
CONTINUOUS
10
129.9325000000000045
20
-69.7749999999999915
11
129.8703140000000076
21
-69.7626300000000015
0
LINE
8
BLACK
6
CONTINUOUS
10
129.8703140000000076
20
-69.7626300000000015
11
129.817594999999983
21
-69.7274049999999903
0
LINE
8
BLACK
6
CONTINUOUS
10
129.817594999999983
20
-69.7274049999999903
11
129.782369999999986
21
-69.6746859999999941
0
LINE
8
BLACK
6
CONTINUOUS
10
129.782369999999986
20
-69.6746859999999941
11
129.7699999999999818
21
-69.6124999999999972
0
LINE
8
BLACK
6
CONTINUOUS
10
129.7699999999999818
20
-69.6124999999999972
11
129.7699999999999818
21
-69.2874999999999943
0
LINE
8
BLACK
6
CONTINUOUS
10
129.7699999999999818
20
-69.2874999999999943
11
129.782369999999986
21
-69.2253139999999973
0
LINE
8
BLACK
6
CONTINUOUS
10
129.782369999999986
20
-69.2253139999999973
11
129.817594999999983
21
-69.1725950000000012
0
LINE
8
BLACK
6
CONTINUOUS
10
129.817594999999983
20
-69.1725950000000012
11
129.8703140000000076
21
-69.13736999999999
0
LINE
8
BLACK
6
CONTINUOUS
10
129.8703140000000076
20
-69.13736999999999
11
129.9325000000000045
21
-69.125
0
LINE
8
BLACK
6
CONTINUOUS
10
129.9325000000000045
20
-69.125
11
131.1674999999999898
21
-69.125
0
LINE
8
BLACK
6
CONTINUOUS
10
131.1674999999999898
20
-69.125
11
131.2296859999999867
21
-69.13736999999999
0
LINE
8
BLACK
6
CONTINUOUS
10
132.7283869999999979
20
-68.6180789999999945
11
132.805437999999981
21
-68.6695619999999991
0
LINE
8
BLACK
6
CONTINUOUS
10
132.805437999999981
20
-68.6695619999999991
11
132.8569209999999998
21
-68.7466129999999964
0
LINE
8
BLACK
6
CONTINUOUS
10
132.8569209999999998
20
-68.7466129999999964
11
132.875
21
-68.8374999999999915
0
LINE
8
BLACK
6
CONTINUOUS
10
132.875
20
-68.8374999999999915
11
132.875
21
-69.3374999999999915
0
LINE
8
BLACK
6
CONTINUOUS
10
132.875
20
-69.3374999999999915
11
132.8569209999999998
21
-69.4283870000000007
0
LINE
8
BLACK
6
CONTINUOUS
10
132.8569209999999998
20
-69.4283870000000007
11
132.805437999999981
21
-69.5054379999999981
0
LINE
8
BLACK
6
CONTINUOUS
10
132.805437999999981
20
-69.5054379999999981
11
132.7283869999999979
21
-69.5569210000000027
0
LINE
8
BLACK
6
CONTINUOUS
10
132.7283869999999979
20
-69.5569210000000027
11
132.6374999999999886
21
-69.5750000000000028
0
LINE
8
BLACK
6
CONTINUOUS
10
132.6374999999999886
20
-69.5750000000000028
11
132.1624999999999943
21
-69.5750000000000028
0
LINE
8
BLACK
6
CONTINUOUS
10
132.1624999999999943
20
-69.5750000000000028
11
132.071612999999985
21
-69.5569210000000027
0
LINE
8
BLACK
6
CONTINUOUS
10
132.071612999999985
20
-69.5569210000000027
11
131.9945620000000019
21
-69.5054379999999981
0
LINE
8
BLACK
6
CONTINUOUS
10
131.9945620000000019
20
-69.5054379999999981
11
131.9430789999999831
21
-69.4283870000000007
0
LINE
8
BLACK
6
CONTINUOUS
10
131.9430789999999831
20
-69.4283870000000007
11
131.9249999999999829
21
-69.3374999999999915
0
LINE
8
BLACK
6
CONTINUOUS
10
131.9249999999999829
20
-69.3374999999999915
11
131.9249999999999829
21
-68.8374999999999915
0
LINE
8
BLACK
6
CONTINUOUS
10
131.9249999999999829
20
-68.8374999999999915
11
131.9430789999999831
21
-68.7466129999999964
0
LINE
8
BLACK
6
CONTINUOUS
10
131.9430789999999831
20
-68.7466129999999964
11
131.9945620000000019
21
-68.6695619999999991
0
LINE
8
BLACK
6
CONTINUOUS
10
131.9945620000000019
20
-68.6695619999999991
11
132.071612999999985
21
-68.6180789999999945
0
LINE
8
BLACK
6
CONTINUOUS
10
132.071612999999985
20
-68.6180789999999945
11
132.1624999999999943
21
-68.5999999999999943
0
LINE
8
BLACK
6
CONTINUOUS
10
132.1624999999999943
20
-68.5999999999999943
11
132.6374999999999886
21
-68.5999999999999943
0
LINE
8
BLACK
6
CONTINUOUS
10
132.6374999999999886
20
-68.5999999999999943
11
132.7283869999999979
21
-68.6180789999999945
0
LINE
8
BLACK
6
CONTINUOUS
10
120.3497079999999926
20
-68.5061839999999904
11
120.4694299999999885
21
-68.5831249999999955
0
LINE
8
BLACK
6
CONTINUOUS
10
120.4694299999999885
20
-68.5831249999999955
11
120.562626999999992
21
-68.6906800000000004
0
LINE
8
BLACK
6
CONTINUOUS
10
120.562626999999992
20
-68.6906800000000004
11
120.6217459999999875
21
-68.8201339999999959
0
LINE
8
BLACK
6
CONTINUOUS
10
120.6217459999999875
20
-68.8201339999999959
11
120.6419999999999959
21
-68.9609999999999985
0
LINE
8
BLACK
6
CONTINUOUS
10
120.6419999999999959
20
-68.9609999999999985
11
120.6217459999999875
21
-69.1018660000000011
0
LINE
8
BLACK
6
CONTINUOUS
10
120.6217459999999875
20
-69.1018660000000011
11
120.562626999999992
21
-69.2313199999999966
0
LINE
8
BLACK
6
CONTINUOUS
10
120.562626999999992
20
-69.2313199999999966
11
120.4694299999999885
21
-69.3388750000000016
0
LINE
8
BLACK
6
CONTINUOUS
10
120.4694299999999885
20
-69.3388750000000016
11
120.3497079999999926
21
-69.4158159999999924
0
LINE
8
BLACK
6
CONTINUOUS
10
120.3497079999999926
20
-69.4158159999999924
11
120.2131569999999954
21
-69.4559110000000004
0
LINE
8
BLACK
6
CONTINUOUS
10
120.2131569999999954
20
-69.4559110000000004
11
120.0708429999999964
21
-69.4559110000000004
0
LINE
8
BLACK
6
CONTINUOUS
10
120.0708429999999964
20
-69.4559110000000004
11
119.9342919999999992
21
-69.4158159999999924
0
LINE
8
BLACK
6
CONTINUOUS
10
119.9342919999999992
20
-69.4158159999999924
11
119.8145699999999891
21
-69.3388750000000016
0
LINE
8
BLACK
6
CONTINUOUS
10
119.8145699999999891
20
-69.3388750000000016
11
119.7213729999999998
21
-69.2313199999999966
0
LINE
8
BLACK
6
CONTINUOUS
10
119.7213729999999998
20
-69.2313199999999966
11
119.6622539999999901
21
-69.1018660000000011
0
LINE
8
BLACK
6
CONTINUOUS
10
119.6622539999999901
20
-69.1018660000000011
11
119.6419999999999959
21
-68.9609999999999985
0
LINE
8
BLACK
6
CONTINUOUS
10
119.6419999999999959
20
-68.9609999999999985
11
119.6622539999999901
21
-68.8201339999999959
0
LINE
8
BLACK
6
CONTINUOUS
10
119.6622539999999901
20
-68.8201339999999959
11
119.7213729999999998
21
-68.6906800000000004
0
LINE
8
BLACK
6
CONTINUOUS
10
119.7213729999999998
20
-68.6906800000000004
11
119.8145699999999891
21
-68.5831249999999955
0
LINE
8
BLACK
6
CONTINUOUS
10
119.8145699999999891
20
-68.5831249999999955
11
119.9342919999999992
21
-68.5061839999999904
0
LINE
8
BLACK
6
CONTINUOUS
10
119.9342919999999992
20
-68.5061839999999904
11
120.0708429999999964
21
-68.4660889999999966
0
LINE
8
BLACK
6
CONTINUOUS
10
120.0708429999999964
20
-68.4660889999999966
11
120.2131569999999954
21
-68.4660889999999966
0
LINE
8
BLACK
6
CONTINUOUS
10
120.2131569999999954
20
-68.4660889999999966
11
120.3497079999999926
21
-68.5061839999999904
0
LINE
8
BLACK
6
CONTINUOUS
10
179.1037079999999833
20
-68.5061839999999904
11
179.2234299999999791
21
-68.5831249999999955
0
LINE
8
BLACK
6
CONTINUOUS
10
179.2234299999999791
20
-68.5831249999999955
11
179.3166269999999827
21
-68.6906800000000004
0
LINE
8
BLACK
6
CONTINUOUS
10
179.3166269999999827
20
-68.6906800000000004
11
179.3757459999999924
21
-68.8201339999999959
0
LINE
8
BLACK
6
CONTINUOUS
10
179.3757459999999924
20
-68.8201339999999959
11
179.3959999999999866
21
-68.9609999999999985
0
LINE
8
BLACK
6
CONTINUOUS
10
179.3959999999999866
20
-68.9609999999999985
11
179.3757459999999924
21
-69.1018660000000011
0
LINE
8
BLACK
6
CONTINUOUS
10
179.3757459999999924
20
-69.1018660000000011
11
179.3166269999999827
21
-69.2313199999999966
0
LINE
8
BLACK
6
CONTINUOUS
10
179.3166269999999827
20
-69.2313199999999966
11
179.2234299999999791
21
-69.3388750000000016
0
LINE
8
BLACK
6
CONTINUOUS
10
179.2234299999999791
20
-69.3388750000000016
11
179.1037079999999833
21
-69.4158159999999924
0
LINE
8
BLACK
6
CONTINUOUS
10
179.1037079999999833
20
-69.4158159999999924
11
178.9671569999999861
21
-69.4559110000000004
0
LINE
8
BLACK
6
CONTINUOUS
10
178.9671569999999861
20
-69.4559110000000004
11
178.8248429999999871
21
-69.4559110000000004
0
LINE
8
BLACK
6
CONTINUOUS
10
178.8248429999999871
20
-69.4559110000000004
11
178.6882919999999899
21
-69.4158159999999924
0
LINE
8
BLACK
6
CONTINUOUS
10
178.6882919999999899
20
-69.4158159999999924
11
178.568569999999994
21
-69.3388750000000016
0
LINE
8
BLACK
6
CONTINUOUS
10
178.568569999999994
20
-69.3388750000000016
11
178.4753729999999905
21
-69.2313199999999966
0
LINE
8
BLACK
6
CONTINUOUS
10
178.4753729999999905
20
-69.2313199999999966
11
178.4162539999999808
21
-69.1018660000000011
0
LINE
8
BLACK
6
CONTINUOUS
10
178.4162539999999808
20
-69.1018660000000011
11
178.3959999999999866
21
-68.9609999999999985
0
LINE
8
BLACK
6
CONTINUOUS
10
178.3959999999999866
20
-68.9609999999999985
11
178.4162539999999808
21
-68.8201339999999959
0
LINE
8
BLACK
6
CONTINUOUS
10
178.4162539999999808
20
-68.8201339999999959
11
178.4753729999999905
21
-68.6906800000000004
0
LINE
8
BLACK
6
CONTINUOUS
10
178.4753729999999905
20
-68.6906800000000004
11
178.568569999999994
21
-68.5831249999999955
0
LINE
8
BLACK
6
CONTINUOUS
10
178.568569999999994
20
-68.5831249999999955
11
178.6882919999999899
21
-68.5061839999999904
0
LINE
8
BLACK
6
CONTINUOUS
10
178.6882919999999899
20
-68.5061839999999904
11
178.8248429999999871
21
-68.4660889999999966
0
LINE
8
BLACK
6
CONTINUOUS
10
178.8248429999999871
20
-68.4660889999999966
11
178.9671569999999861
21
-68.4660889999999966
0
LINE
8
BLACK
6
CONTINUOUS
10
178.9671569999999861
20
-68.4660889999999966
11
179.1037079999999833
21
-68.5061839999999904
0
LINE
8
BLACK
6
CONTINUOUS
10
120.3497079999999926
20
-67.2361839999999944
11
120.4694299999999885
21
-67.3131249999999994
0
LINE
8
BLACK
6
CONTINUOUS
10
120.4694299999999885
20
-67.3131249999999994
11
120.562626999999992
21
-67.4206799999999902
0
LINE
8
BLACK
6
CONTINUOUS
10
120.562626999999992
20
-67.4206799999999902
11
120.6217459999999875
21
-67.5501339999999999
0
LINE
8
BLACK
6
CONTINUOUS
10
120.6217459999999875
20
-67.5501339999999999
11
120.6419999999999959
21
-67.6910000000000025
0
LINE
8
BLACK
6
CONTINUOUS
10
120.6419999999999959
20
-67.6910000000000025
11
120.6217459999999875
21
-67.8318659999999909
0
LINE
8
BLACK
6
CONTINUOUS
10
120.6217459999999875
20
-67.8318659999999909
11
120.562626999999992
21
-67.9613200000000006
0
LINE
8
BLACK
6
CONTINUOUS
10
120.562626999999992
20
-67.9613200000000006
11
120.4694299999999885
21
-68.0688749999999914
0
LINE
8
BLACK
6
CONTINUOUS
10
120.4694299999999885
20
-68.0688749999999914
11
120.3497079999999926
21
-68.1458159999999964
0
LINE
8
BLACK
6
CONTINUOUS
10
120.3497079999999926
20
-68.1458159999999964
11
120.2131569999999954
21
-68.1859109999999902
0
LINE
8
BLACK
6
CONTINUOUS
10
120.2131569999999954
20
-68.1859109999999902
11
120.0708429999999964
21
-68.1859109999999902
0
LINE
8
BLACK
6
CONTINUOUS
10
120.0708429999999964
20
-68.1859109999999902
11
119.9342919999999992
21
-68.1458159999999964
0
LINE
8
BLACK
6
CONTINUOUS
10
119.9342919999999992
20
-68.1458159999999964
11
119.8145699999999891
21
-68.0688749999999914
0
LINE
8
BLACK
6
CONTINUOUS
10
119.8145699999999891
20
-68.0688749999999914
11
119.7213729999999998
21
-67.9613200000000006
0
LINE
8
BLACK
6
CONTINUOUS
10
119.7213729999999998
20
-67.9613200000000006
11
119.6622539999999901
21
-67.8318659999999909
0
LINE
8
BLACK
6
CONTINUOUS
10
119.6622539999999901
20
-67.8318659999999909
11
119.6419999999999959
21
-67.6910000000000025
0
LINE
8
BLACK
6
CONTINUOUS
10
119.6419999999999959
20
-67.6910000000000025
11
119.6622539999999901
21
-67.5501339999999999
0
LINE
8
BLACK
6
CONTINUOUS
10
119.6622539999999901
20
-67.5501339999999999
11
119.7213729999999998
21
-67.4206799999999902
0
LINE
8
BLACK
6
CONTINUOUS
10
119.7213729999999998
20
-67.4206799999999902
11
119.8145699999999891
21
-67.3131249999999994
0
LINE
8
BLACK
6
CONTINUOUS
10
119.8145699999999891
20
-67.3131249999999994
11
119.9342919999999992
21
-67.2361839999999944
0
LINE
8
BLACK
6
CONTINUOUS
10
119.9342919999999992
20
-67.2361839999999944
11
120.0708429999999964
21
-67.1960890000000006
0
LINE
8
BLACK
6
CONTINUOUS
10
120.0708429999999964
20
-67.1960890000000006
11
120.2131569999999954
21
-67.1960890000000006
0
LINE
8
BLACK
6
CONTINUOUS
10
120.2131569999999954
20
-67.1960890000000006
11
120.3497079999999926
21
-67.2361839999999944
0
LINE
8
BLACK
6
CONTINUOUS
10
179.1037079999999833
20
-67.2361839999999944
11
179.2234299999999791
21
-67.3131249999999994
0
LINE
8
BLACK
6
CONTINUOUS
10
179.2234299999999791
20
-67.3131249999999994
11
179.3166269999999827
21
-67.4206799999999902
0
LINE
8
BLACK
6
CONTINUOUS
10
179.3166269999999827
20
-67.4206799999999902
11
179.3757459999999924
21
-67.5501339999999999
0
LINE
8
BLACK
6
CONTINUOUS
10
179.3757459999999924
20
-67.5501339999999999
11
179.3959999999999866
21
-67.6910000000000025
0
LINE
8
BLACK
6
CONTINUOUS
10
179.3959999999999866
20
-67.6910000000000025
11
179.3757459999999924
21
-67.8318659999999909
0
LINE
8
BLACK
6
CONTINUOUS
10
179.3757459999999924
20
-67.8318659999999909
11
179.3166269999999827
21
-67.9613200000000006
0
LINE
8
BLACK
6
CONTINUOUS
10
179.3166269999999827
20
-67.9613200000000006
11
179.2234299999999791
21
-68.0688749999999914
0
LINE
8
BLACK
6
CONTINUOUS
10
179.2234299999999791
20
-68.0688749999999914
11
179.1037079999999833
21
-68.1458159999999964
0
LINE
8
BLACK
6
CONTINUOUS
10
179.1037079999999833
20
-68.1458159999999964
11
178.9671569999999861
21
-68.1859109999999902
0
LINE
8
BLACK
6
CONTINUOUS
10
178.9671569999999861
20
-68.1859109999999902
11
178.8248429999999871
21
-68.1859109999999902
0
LINE
8
BLACK
6
CONTINUOUS
10
178.8248429999999871
20
-68.1859109999999902
11
178.6882919999999899
21
-68.1458159999999964
0
LINE
8
BLACK
6
CONTINUOUS
10
178.6882919999999899
20
-68.1458159999999964
11
178.568569999999994
21
-68.0688749999999914
0
LINE
8
BLACK
6
CONTINUOUS
10
178.568569999999994
20
-68.0688749999999914
11
178.4753729999999905
21
-67.9613200000000006
0
LINE
8
BLACK
6
CONTINUOUS
10
178.4753729999999905
20
-67.9613200000000006
11
178.4162539999999808
21
-67.8318659999999909
0
LINE
8
BLACK
6
CONTINUOUS
10
178.4162539999999808
20
-67.8318659999999909
11
178.3959999999999866
21
-67.6910000000000025
0
LINE
8
BLACK
6
CONTINUOUS
10
178.3959999999999866
20
-67.6910000000000025
11
178.4162539999999808
21
-67.5501339999999999
0
LINE
8
BLACK
6
CONTINUOUS
10
178.4162539999999808
20
-67.5501339999999999
11
178.4753729999999905
21
-67.4206799999999902
0
LINE
8
BLACK
6
CONTINUOUS
10
178.4753729999999905
20
-67.4206799999999902
11
178.568569999999994
21
-67.3131249999999994
0
LINE
8
BLACK
6
CONTINUOUS
10
178.568569999999994
20
-67.3131249999999994
11
178.6882919999999899
21
-67.2361839999999944
0
LINE
8
BLACK
6
CONTINUOUS
10
178.6882919999999899
20
-67.2361839999999944
11
178.8248429999999871
21
-67.1960890000000006
0
LINE
8
BLACK
6
CONTINUOUS
10
178.8248429999999871
20
-67.1960890000000006
11
178.9671569999999861
21
-67.1960890000000006
0
LINE
8
BLACK
6
CONTINUOUS
10
178.9671569999999861
20
-67.1960890000000006
11
179.1037079999999833
21
-67.2361839999999944
0
LINE
8
BLACK
6
CONTINUOUS
10
169.8283869999999922
20
-67.1180789999999945
11
169.9054380000000037
21
-67.1695619999999991
0
LINE
8
BLACK
6
CONTINUOUS
10
169.9054380000000037
20
-67.1695619999999991
11
169.9569209999999941
21
-67.2466129999999964
0
LINE
8
BLACK
6
CONTINUOUS
10
169.9569209999999941
20
-67.2466129999999964
11
169.9749999999999943
21
-67.3374999999999915
0
LINE
8
BLACK
6
CONTINUOUS
10
169.9749999999999943
20
-67.3374999999999915
11
169.9749999999999943
21
-67.9375
0
LINE
8
BLACK
6
CONTINUOUS
10
169.9749999999999943
20
-67.9375
11
169.9569209999999941
21
-68.0283869999999951
0
LINE
8
BLACK
6
CONTINUOUS
10
169.9569209999999941
20
-68.0283869999999951
11
169.9054380000000037
21
-68.1054379999999924
0
LINE
8
BLACK
6
CONTINUOUS
10
169.9054380000000037
20
-68.1054379999999924
11
169.8283869999999922
21
-68.156920999999997
0
LINE
8
BLACK
6
CONTINUOUS
10
169.8283869999999922
20
-68.156920999999997
11
169.7374999999999829
21
-68.1749999999999972
0
LINE
8
BLACK
6
CONTINUOUS
10
169.7374999999999829
20
-68.1749999999999972
11
169.2624999999999886
21
-68.1749999999999972
0
LINE
8
BLACK
6
CONTINUOUS
10
169.2624999999999886
20
-68.1749999999999972
11
169.1716129999999794
21
-68.156920999999997
0
LINE
8
BLACK
6
CONTINUOUS
10
169.1716129999999794
20
-68.156920999999997
11
169.0945619999999963
21
-68.1054379999999924
0
LINE
8
BLACK
6
CONTINUOUS
10
169.0945619999999963
20
-68.1054379999999924
11
169.0430790000000059
21
-68.0283869999999951
0
LINE
8
BLACK
6
CONTINUOUS
10
169.0430790000000059
20
-68.0283869999999951
11
169.0250000000000057
21
-67.9375
0
LINE
8
BLACK
6
CONTINUOUS
10
169.0250000000000057
20
-67.9375
11
169.0250000000000057
21
-67.3374999999999915
0
LINE
8
BLACK
6
CONTINUOUS
10
169.0250000000000057
20
-67.3374999999999915
11
169.0430790000000059
21
-67.2466129999999964
0
LINE
8
BLACK
6
CONTINUOUS
10
169.0430790000000059
20
-67.2466129999999964
11
169.0945619999999963
21
-67.1695619999999991
0
LINE
8
BLACK
6
CONTINUOUS
10
169.0945619999999963
20
-67.1695619999999991
11
169.1716129999999794
21
-67.1180789999999945
0
LINE
8
BLACK
6
CONTINUOUS
10
169.1716129999999794
20
-67.1180789999999945
11
169.2624999999999886
21
-67.0999999999999943
0
LINE
8
BLACK
6
CONTINUOUS
10
169.2624999999999886
20
-67.0999999999999943
11
169.7374999999999829
21
-67.0999999999999943
0
LINE
8
BLACK
6
CONTINUOUS
10
169.7374999999999829
20
-67.0999999999999943
11
169.8283869999999922
21
-67.1180789999999945
0
LINE
8
BLACK
6
CONTINUOUS
10
171.3283869999999922
20
-67.1180789999999945
11
171.4054380000000037
21
-67.1695619999999991
0
LINE
8
BLACK
6
CONTINUOUS
10
171.4054380000000037
20
-67.1695619999999991
11
171.4569209999999941
21
-67.2466129999999964
0
LINE
8
BLACK
6
CONTINUOUS
10
171.4569209999999941
20
-67.2466129999999964
11
171.4749999999999943
21
-67.3374999999999915
0
LINE
8
BLACK
6
CONTINUOUS
10
171.4749999999999943
20
-67.3374999999999915
11
171.4749999999999943
21
-67.9375
0
LINE
8
BLACK
6
CONTINUOUS
10
171.4749999999999943
20
-67.9375
11
171.4569209999999941
21
-68.0283869999999951
0
LINE
8
BLACK
6
CONTINUOUS
10
171.4569209999999941
20
-68.0283869999999951
11
171.4054380000000037
21
-68.1054379999999924
0
LINE
8
BLACK
6
CONTINUOUS
10
171.4054380000000037
20
-68.1054379999999924
11
171.3283869999999922
21
-68.156920999999997
0
LINE
8
BLACK
6
CONTINUOUS
10
171.3283869999999922
20
-68.156920999999997
11
171.2374999999999829
21
-68.1749999999999972
0
LINE
8
BLACK
6
CONTINUOUS
10
171.2374999999999829
20
-68.1749999999999972
11
170.7624999999999886
21
-68.1749999999999972
0
LINE
8
BLACK
6
CONTINUOUS
10
170.7624999999999886
20
-68.1749999999999972
11
170.6716129999999794
21
-68.156920999999997
0
LINE
8
BLACK
6
CONTINUOUS
10
170.6716129999999794
20
-68.156920999999997
11
170.5945619999999963
21
-68.1054379999999924
0
LINE
8
BLACK
6
CONTINUOUS
10
170.5945619999999963
20
-68.1054379999999924
11
170.5430790000000059
21
-68.0283869999999951
0
LINE
8
BLACK
6
CONTINUOUS
10
170.5430790000000059
20
-68.0283869999999951
11
170.5250000000000057
21
-67.9375
0
LINE
8
BLACK
6
CONTINUOUS
10
170.5250000000000057
20
-67.9375
11
170.5250000000000057
21
-67.3374999999999915
0
LINE
8
BLACK
6
CONTINUOUS
10
170.5250000000000057
20
-67.3374999999999915
11
170.5430790000000059
21
-67.2466129999999964
0
LINE
8
BLACK
6
CONTINUOUS
10
170.5430790000000059
20
-67.2466129999999964
11
170.5945619999999963
21
-67.1695619999999991
0
LINE
8
BLACK
6
CONTINUOUS
10
170.5945619999999963
20
-67.1695619999999991
11
170.6716129999999794
21
-67.1180789999999945
0
LINE
8
BLACK
6
CONTINUOUS
10
170.6716129999999794
20
-67.1180789999999945
11
170.7624999999999886
21
-67.0999999999999943
0
LINE
8
BLACK
6
CONTINUOUS
10
170.7624999999999886
20
-67.0999999999999943
11
171.2374999999999829
21
-67.0999999999999943
0
LINE
8
BLACK
6
CONTINUOUS
10
171.2374999999999829
20
-67.0999999999999943
11
171.3283869999999922
21
-67.1180789999999945
0
LINE
8
BLACK
6
CONTINUOUS
10
168.3283869999999922
20
-67.1180789999999945
11
168.4054380000000037
21
-67.1695619999999991
0
LINE
8
BLACK
6
CONTINUOUS
10
168.4054380000000037
20
-67.1695619999999991
11
168.4569209999999941
21
-67.2466129999999964
0
LINE
8
BLACK
6
CONTINUOUS
10
168.4569209999999941
20
-67.2466129999999964
11
168.4749999999999943
21
-67.3374999999999915
0
LINE
8
BLACK
6
CONTINUOUS
10
168.4749999999999943
20
-67.3374999999999915
11
168.4749999999999943
21
-67.8374999999999915
0
LINE
8
BLACK
6
CONTINUOUS
10
168.4749999999999943
20
-67.8374999999999915
11
168.4569209999999941
21
-67.9283870000000007
0
LINE
8
BLACK
6
CONTINUOUS
10
168.4569209999999941
20
-67.9283870000000007
11
168.4054380000000037
21
-68.0054379999999981
0
LINE
8
BLACK
6
CONTINUOUS
10
168.4054380000000037
20
-68.0054379999999981
11
168.3283869999999922
21
-68.0569210000000027
0
LINE
8
BLACK
6
CONTINUOUS
10
168.3283869999999922
20
-68.0569210000000027
11
168.2374999999999829
21
-68.0750000000000028
0
LINE
8
BLACK
6
CONTINUOUS
10
168.2374999999999829
20
-68.0750000000000028
11
167.7624999999999886
21
-68.0750000000000028
0
LINE
8
BLACK
6
CONTINUOUS
10
167.7624999999999886
20
-68.0750000000000028
11
167.6716129999999794
21
-68.0569210000000027
0
LINE
8
BLACK
6
CONTINUOUS
10
167.6716129999999794
20
-68.0569210000000027
11
167.5945619999999963
21
-68.0054379999999981
0
LINE
8
BLACK
6
CONTINUOUS
10
167.5945619999999963
20
-68.0054379999999981
11
167.5430790000000059
21
-67.9283870000000007
0
LINE
8
BLACK
6
CONTINUOUS
10
167.5430790000000059
20
-67.9283870000000007
11
167.5250000000000057
21
-67.8374999999999915
0
LINE
8
BLACK
6
CONTINUOUS
10
167.5250000000000057
20
-67.8374999999999915
11
167.5250000000000057
21
-67.3374999999999915
0
LINE
8
BLACK
6
CONTINUOUS
10
167.5250000000000057
20
-67.3374999999999915
11
167.5430790000000059
21
-67.2466129999999964
0
LINE
8
BLACK
6
CONTINUOUS
10
167.5430790000000059
20
-67.2466129999999964
11
167.5945619999999963
21
-67.1695619999999991
0
LINE
8
BLACK
6
CONTINUOUS
10
167.5945619999999963
20
-67.1695619999999991
11
167.6716129999999794
21
-67.1180789999999945
0
LINE
8
BLACK
6
CONTINUOUS
10
167.6716129999999794
20
-67.1180789999999945
11
167.7624999999999886
21
-67.0999999999999943
0
LINE
8
BLACK
6
CONTINUOUS
10
167.7624999999999886
20
-67.0999999999999943
11
168.2374999999999829
21
-67.0999999999999943
0
LINE
8
BLACK
6
CONTINUOUS
10
168.2374999999999829
20
-67.0999999999999943
11
168.3283869999999922
21
-67.1180789999999945
0
LINE
8
BLACK
6
CONTINUOUS
10
172.8283869999999922
20
-67.1180789999999945
11
172.9054380000000037
21
-67.1695619999999991
0
LINE
8
BLACK
6
CONTINUOUS
10
172.9054380000000037
20
-67.1695619999999991
11
172.9569209999999941
21
-67.2466129999999964
0
LINE
8
BLACK
6
CONTINUOUS
10
172.9569209999999941
20
-67.2466129999999964
11
172.9749999999999943
21
-67.3374999999999915
0
LINE
8
BLACK
6
CONTINUOUS
10
172.9749999999999943
20
-67.3374999999999915
11
172.9749999999999943
21
-67.8374999999999915
0
LINE
8
BLACK
6
CONTINUOUS
10
172.9749999999999943
20
-67.8374999999999915
11
172.9569209999999941
21
-67.9283870000000007
0
LINE
8
BLACK
6
CONTINUOUS
10
172.9569209999999941
20
-67.9283870000000007
11
172.9054380000000037
21
-68.0054379999999981
0
LINE
8
BLACK
6
CONTINUOUS
10
172.9054380000000037
20
-68.0054379999999981
11
172.8283869999999922
21
-68.0569210000000027
0
LINE
8
BLACK
6
CONTINUOUS
10
172.8283869999999922
20
-68.0569210000000027
11
172.7374999999999829
21
-68.0750000000000028
0
LINE
8
BLACK
6
CONTINUOUS
10
172.7374999999999829
20
-68.0750000000000028
11
172.2624999999999886
21
-68.0750000000000028
0
LINE
8
BLACK
6
CONTINUOUS
10
172.2624999999999886
20
-68.0750000000000028
11
172.1716129999999794
21
-68.0569210000000027
0
LINE
8
BLACK
6
CONTINUOUS
10
172.1716129999999794
20
-68.0569210000000027
11
172.0945619999999963
21
-68.0054379999999981
0
LINE
8
BLACK
6
CONTINUOUS
10
172.0945619999999963
20
-68.0054379999999981
11
172.0430790000000059
21
-67.9283870000000007
0
LINE
8
BLACK
6
CONTINUOUS
10
172.0430790000000059
20
-67.9283870000000007
11
172.0250000000000057
21
-67.8374999999999915
0
LINE
8
BLACK
6
CONTINUOUS
10
172.0250000000000057
20
-67.8374999999999915
11
172.0250000000000057
21
-67.3374999999999915
0
LINE
8
BLACK
6
CONTINUOUS
10
172.0250000000000057
20
-67.3374999999999915
11
172.0430790000000059
21
-67.2466129999999964
0
LINE
8
BLACK
6
CONTINUOUS
10
172.0430790000000059
20
-67.2466129999999964
11
172.0945619999999963
21
-67.1695619999999991
0
LINE
8
BLACK
6
CONTINUOUS
10
172.0945619999999963
20
-67.1695619999999991
11
172.1716129999999794
21
-67.1180789999999945
0
LINE
8
BLACK
6
CONTINUOUS
10
172.1716129999999794
20
-67.1180789999999945
11
172.2624999999999886
21
-67.0999999999999943
0
LINE
8
BLACK
6
CONTINUOUS
10
172.2624999999999886
20
-67.0999999999999943
11
172.7374999999999829
21
-67.0999999999999943
0
LINE
8
BLACK
6
CONTINUOUS
10
172.7374999999999829
20
-67.0999999999999943
11
172.8283869999999922
21
-67.1180789999999945
0
LINE
8
BLACK
6
CONTINUOUS
10
141.2603869999999802
20
-66.0910789999999935
11
141.3374379999999917
21
-66.1425619999999981
0
LINE
8
BLACK
6
CONTINUOUS
10
141.3374379999999917
20
-66.1425619999999981
11
141.3889209999999821
21
-66.2196129999999954
0
LINE
8
BLACK
6
CONTINUOUS
10
141.3889209999999821
20
-66.2196129999999954
11
141.4069999999999823
21
-66.3104999999999905
0
LINE
8
BLACK
6
CONTINUOUS
10
141.4069999999999823
20
-66.3104999999999905
11
141.4069999999999823
21
-66.785499999999999
0
LINE
8
BLACK
6
CONTINUOUS
10
141.4069999999999823
20
-66.785499999999999
11
141.3889209999999821
21
-66.876386999999994
0
LINE
8
BLACK
6
CONTINUOUS
10
141.3889209999999821
20
-66.876386999999994
11
141.3374379999999917
21
-66.9534379999999913
0
LINE
8
BLACK
6
CONTINUOUS
10
141.3374379999999917
20
-66.9534379999999913
11
141.2603869999999802
21
-67.004920999999996
0
LINE
8
BLACK
6
CONTINUOUS
10
141.2603869999999802
20
-67.004920999999996
11
141.1694999999999993
21
-67.0229999999999961
0
LINE
8
BLACK
6
CONTINUOUS
10
141.1694999999999993
20
-67.0229999999999961
11
140.569500000000005
21
-67.0229999999999961
0
LINE
8
BLACK
6
CONTINUOUS
10
140.569500000000005
20
-67.0229999999999961
11
140.4786129999999957
21
-67.004920999999996
0
LINE
8
BLACK
6
CONTINUOUS
10
140.4786129999999957
20
-67.004920999999996
11
140.4015619999999842
21
-66.9534379999999913
0
LINE
8
BLACK
6
CONTINUOUS
10
140.4015619999999842
20
-66.9534379999999913
11
140.3500789999999938
21
-66.876386999999994
0
LINE
8
BLACK
6
CONTINUOUS
10
140.3500789999999938
20
-66.876386999999994
11
140.3319999999999936
21
-66.785499999999999
0
LINE
8
BLACK
6
CONTINUOUS
10
140.3319999999999936
20
-66.785499999999999
11
140.3319999999999936
21
-66.3104999999999905
0
LINE
8
BLACK
6
CONTINUOUS
10
140.3319999999999936
20
-66.3104999999999905
11
140.3500789999999938
21
-66.2196129999999954
0
LINE
8
BLACK
6
CONTINUOUS
10
140.3500789999999938
20
-66.2196129999999954
11
140.4015619999999842
21
-66.1425619999999981
0
LINE
8
BLACK
6
CONTINUOUS
10
140.4015619999999842
20
-66.1425619999999981
11
140.4786129999999957
21
-66.0910789999999935
0
LINE
8
BLACK
6
CONTINUOUS
10
140.4786129999999957
20
-66.0910789999999935
11
140.569500000000005
21
-66.0729999999999933
0
LINE
8
BLACK
6
CONTINUOUS
10
140.569500000000005
20
-66.0729999999999933
11
141.1694999999999993
21
-66.0729999999999933
0
LINE
8
BLACK
6
CONTINUOUS
10
141.1694999999999993
20
-66.0729999999999933
11
141.2603869999999802
21
-66.0910789999999935
0
LINE
8
BLACK
6
CONTINUOUS
10
142.9853870000000029
20
-66.0910789999999935
11
143.062437999999986
21
-66.1425619999999981
0
LINE
8
BLACK
6
CONTINUOUS
10
143.062437999999986
20
-66.1425619999999981
11
143.1139210000000048
21
-66.2196129999999954
0
LINE
8
BLACK
6
CONTINUOUS
10
143.1139210000000048
20
-66.2196129999999954
11
143.132000000000005
21
-66.3104999999999905
0
LINE
8
BLACK
6
CONTINUOUS
10
143.132000000000005
20
-66.3104999999999905
11
143.132000000000005
21
-66.785499999999999
0
LINE
8
BLACK
6
CONTINUOUS
10
143.132000000000005
20
-66.785499999999999
11
143.1139210000000048
21
-66.876386999999994
0
LINE
8
BLACK
6
CONTINUOUS
10
143.1139210000000048
20
-66.876386999999994
11
143.062437999999986
21
-66.9534379999999913
0
LINE
8
BLACK
6
CONTINUOUS
10
143.062437999999986
20
-66.9534379999999913
11
142.9853870000000029
21
-67.004920999999996
0
LINE
8
BLACK
6
CONTINUOUS
10
142.9853870000000029
20
-67.004920999999996
11
142.8944999999999936
21
-67.0229999999999961
0
LINE
8
BLACK
6
CONTINUOUS
10
142.8944999999999936
20
-67.0229999999999961
11
142.2944999999999993
21
-67.0229999999999961
0
LINE
8
BLACK
6
CONTINUOUS
10
142.2944999999999993
20
-67.0229999999999961
11
142.2036129999999901
21
-67.004920999999996
0
LINE
8
BLACK
6
CONTINUOUS
10
142.2036129999999901
20
-67.004920999999996
11
142.1265620000000069
21
-66.9534379999999913
0
LINE
8
BLACK
6
CONTINUOUS
10
142.1265620000000069
20
-66.9534379999999913
11
142.0750789999999881
21
-66.876386999999994
0
LINE
8
BLACK
6
CONTINUOUS
10
142.0750789999999881
20
-66.876386999999994
11
142.0569999999999879
21
-66.785499999999999
0
LINE
8
BLACK
6
CONTINUOUS
10
142.0569999999999879
20
-66.785499999999999
11
142.0569999999999879
21
-66.3104999999999905
0
LINE
8
BLACK
6
CONTINUOUS
10
142.0569999999999879
20
-66.3104999999999905
11
142.0750789999999881
21
-66.2196129999999954
0
LINE
8
BLACK
6
CONTINUOUS
10
142.0750789999999881
20
-66.2196129999999954
11
142.1265620000000069
21
-66.1425619999999981
0
LINE
8
BLACK
6
CONTINUOUS
10
142.1265620000000069
20
-66.1425619999999981
11
142.2036129999999901
21
-66.0910789999999935
0
LINE
8
BLACK
6
CONTINUOUS
10
142.2036129999999901
20
-66.0910789999999935
11
142.2944999999999993
21
-66.0729999999999933
0
LINE
8
BLACK
6
CONTINUOUS
10
142.2944999999999993
20
-66.0729999999999933
11
142.8944999999999936
21
-66.0729999999999933
0
LINE
8
BLACK
6
CONTINUOUS
10
142.8944999999999936
20
-66.0729999999999933
11
142.9853870000000029
21
-66.0910789999999935
0
LINE
8
BLACK
6
CONTINUOUS
10
120.6419999999999959
20
-66.9209999999999923
11
119.6419999999999959
21
-66.9209999999999923
0
LINE
8
BLACK
6
CONTINUOUS
10
119.6419999999999959
20
-66.9209999999999923
11
119.6419999999999959
21
-65.9209999999999923
0
LINE
8
BLACK
6
CONTINUOUS
10
119.6419999999999959
20
-65.9209999999999923
11
120.6419999999999959
21
-65.9209999999999923
0
LINE
8
BLACK
6
CONTINUOUS
10
120.6419999999999959
20
-65.9209999999999923
11
120.6419999999999959
21
-66.9209999999999923
0
LINE
8
BLACK
6
CONTINUOUS
10
179.3959999999999866
20
-66.9209999999999923
11
178.3959999999999866
21
-66.9209999999999923
0
LINE
8
BLACK
6
CONTINUOUS
10
178.3959999999999866
20
-66.9209999999999923
11
178.3959999999999866
21
-65.9209999999999923
0
LINE
8
BLACK
6
CONTINUOUS
10
178.3959999999999866
20
-65.9209999999999923
11
179.3959999999999866
21
-65.9209999999999923
0
LINE
8
BLACK
6
CONTINUOUS
10
179.3959999999999866
20
-65.9209999999999923
11
179.3959999999999866
21
-66.9209999999999923
0
LINE
8
BLACK
6
CONTINUOUS
10
155.230386999999979
20
-65.0750790000000023
11
155.3074379999999906
21
-65.1265619999999927
0
LINE
8
BLACK
6
CONTINUOUS
10
155.3074379999999906
20
-65.1265619999999927
11
155.3589209999999809
21
-65.2036129999999901
0
LINE
8
BLACK
6
CONTINUOUS
10
155.3589209999999809
20
-65.2036129999999901
11
155.3769999999999811
21
-65.2944999999999993
0
LINE
8
BLACK
6
CONTINUOUS
10
155.3769999999999811
20
-65.2944999999999993
11
155.3769999999999811
21
-65.7694999999999936
0
LINE
8
BLACK
6
CONTINUOUS
10
155.3769999999999811
20
-65.7694999999999936
11
155.3589209999999809
21
-65.8603870000000029
0
LINE
8
BLACK
6
CONTINUOUS
10
155.3589209999999809
20
-65.8603870000000029
11
155.3074379999999906
21
-65.9374380000000002
0
LINE
8
BLACK
6
CONTINUOUS
10
155.3074379999999906
20
-65.9374380000000002
11
155.230386999999979
21
-65.9889209999999906
0
LINE
8
BLACK
6
CONTINUOUS
10
155.230386999999979
20
-65.9889209999999906
11
155.1394999999999982
21
-66.0069999999999908
0
LINE
8
BLACK
6
CONTINUOUS
10
155.1394999999999982
20
-66.0069999999999908
11
154.5395000000000039
21
-66.0069999999999908
0
LINE
8
BLACK
6
CONTINUOUS
10
154.5395000000000039
20
-66.0069999999999908
11
154.4486129999999946
21
-65.9889209999999906
0
LINE
8
BLACK
6
CONTINUOUS
10
154.4486129999999946
20
-65.9889209999999906
11
154.3715619999999831
21
-65.9374380000000002
0
LINE
8
BLACK
6
CONTINUOUS
10
154.3715619999999831
20
-65.9374380000000002
11
154.3200789999999927
21
-65.8603870000000029
0
LINE
8
BLACK
6
CONTINUOUS
10
154.3200789999999927
20
-65.8603870000000029
11
154.3019999999999925
21
-65.7694999999999936
0
LINE
8
BLACK
6
CONTINUOUS
10
154.3019999999999925
20
-65.7694999999999936
11
154.3019999999999925
21
-65.2944999999999993
0
LINE
8
BLACK
6
CONTINUOUS
10
154.3019999999999925
20
-65.2944999999999993
11
154.3200789999999927
21
-65.2036129999999901
0
LINE
8
BLACK
6
CONTINUOUS
10
154.3200789999999927
20
-65.2036129999999901
11
154.3715619999999831
21
-65.1265619999999927
0
LINE
8
BLACK
6
CONTINUOUS
10
154.3715619999999831
20
-65.1265619999999927
11
154.4486129999999946
21
-65.0750790000000023
0
LINE
8
BLACK
6
CONTINUOUS
10
154.4486129999999946
20
-65.0750790000000023
11
154.5395000000000039
21
-65.0570000000000022
0
LINE
8
BLACK
6
CONTINUOUS
10
154.5395000000000039
20
-65.0570000000000022
11
155.1394999999999982
21
-65.0570000000000022
0
LINE
8
BLACK
6
CONTINUOUS
10
155.1394999999999982
20
-65.0570000000000022
11
155.230386999999979
21
-65.0750790000000023
0
LINE
8
BLACK
6
CONTINUOUS
10
156.9553870000000018
20
-65.0750790000000023
11
157.0324379999999849
21
-65.1265619999999927
0
LINE
8
BLACK
6
CONTINUOUS
10
157.0324379999999849
20
-65.1265619999999927
11
157.0839210000000037
21
-65.2036129999999901
0
LINE
8
BLACK
6
CONTINUOUS
10
157.0839210000000037
20
-65.2036129999999901
11
157.1020000000000039
21
-65.2944999999999993
0
LINE
8
BLACK
6
CONTINUOUS
10
157.1020000000000039
20
-65.2944999999999993
11
157.1020000000000039
21
-65.7694999999999936
0
LINE
8
BLACK
6
CONTINUOUS
10
157.1020000000000039
20
-65.7694999999999936
11
157.0839210000000037
21
-65.8603870000000029
0
LINE
8
BLACK
6
CONTINUOUS
10
157.0839210000000037
20
-65.8603870000000029
11
157.0324379999999849
21
-65.9374380000000002
0
LINE
8
BLACK
6
CONTINUOUS
10
157.0324379999999849
20
-65.9374380000000002
11
156.9553870000000018
21
-65.9889209999999906
0
LINE
8
BLACK
6
CONTINUOUS
10
156.9553870000000018
20
-65.9889209999999906
11
156.8644999999999925
21
-66.0069999999999908
0
LINE
8
BLACK
6
CONTINUOUS
10
156.8644999999999925
20
-66.0069999999999908
11
156.2644999999999982
21
-66.0069999999999908
0
LINE
8
BLACK
6
CONTINUOUS
10
156.2644999999999982
20
-66.0069999999999908
11
156.1736129999999889
21
-65.9889209999999906
0
LINE
8
BLACK
6
CONTINUOUS
10
156.1736129999999889
20
-65.9889209999999906
11
156.0965620000000058
21
-65.9374380000000002
0
LINE
8
BLACK
6
CONTINUOUS
10
156.0965620000000058
20
-65.9374380000000002
11
156.045078999999987
21
-65.8603870000000029
0
LINE
8
BLACK
6
CONTINUOUS
10
156.045078999999987
20
-65.8603870000000029
11
156.0269999999999868
21
-65.7694999999999936
0
LINE
8
BLACK
6
CONTINUOUS
10
156.0269999999999868
20
-65.7694999999999936
11
156.0269999999999868
21
-65.2944999999999993
0
LINE
8
BLACK
6
CONTINUOUS
10
156.0269999999999868
20
-65.2944999999999993
11
156.045078999999987
21
-65.2036129999999901
0
LINE
8
BLACK
6
CONTINUOUS
10
156.045078999999987
20
-65.2036129999999901
11
156.0965620000000058
21
-65.1265619999999927
0
LINE
8
BLACK
6
CONTINUOUS
10
156.0965620000000058
20
-65.1265619999999927
11
156.1736129999999889
21
-65.0750790000000023
0
LINE
8
BLACK
6
CONTINUOUS
10
156.1736129999999889
20
-65.0750790000000023
11
156.2644999999999982
21
-65.0570000000000022
0
LINE
8
BLACK
6
CONTINUOUS
10
156.2644999999999982
20
-65.0570000000000022
11
156.8644999999999925
21
-65.0570000000000022
0
LINE
8
BLACK
6
CONTINUOUS
10
156.8644999999999925
20
-65.0570000000000022
11
156.9553870000000018
21
-65.0750790000000023
0
LINE
8
BLACK
6
CONTINUOUS
10
146.8863869999999849
20
-64.6050790000000035
11
146.9634379999999965
21
-64.6565619999999939
0
LINE
8
BLACK
6
CONTINUOUS
10
146.9634379999999965
20
-64.6565619999999939
11
147.0149209999999869
21
-64.7336129999999912
0
LINE
8
BLACK
6
CONTINUOUS
10
147.0149209999999869
20
-64.7336129999999912
11
147.032999999999987
21
-64.8245000000000005
0
LINE
8
BLACK
6
CONTINUOUS
10
147.032999999999987
20
-64.8245000000000005
11
147.032999999999987
21
-65.4244999999999948
0
LINE
8
BLACK
6
CONTINUOUS
10
147.032999999999987
20
-65.4244999999999948
11
147.0149209999999869
21
-65.515387000000004
0
LINE
8
BLACK
6
CONTINUOUS
10
147.0149209999999869
20
-65.515387000000004
11
146.9634379999999965
21
-65.5924380000000014
0
LINE
8
BLACK
6
CONTINUOUS
10
146.9634379999999965
20
-65.5924380000000014
11
146.8863869999999849
21
-65.6439209999999917
0
LINE
8
BLACK
6
CONTINUOUS
10
146.8863869999999849
20
-65.6439209999999917
11
146.7955000000000041
21
-65.6619999999999919
0
LINE
8
BLACK
6
CONTINUOUS
10
146.7955000000000041
20
-65.6619999999999919
11
146.3204999999999814
21
-65.6619999999999919
0
LINE
8
BLACK
6
CONTINUOUS
10
146.3204999999999814
20
-65.6619999999999919
11
146.2296130000000005
21
-65.6439209999999917
0
LINE
8
BLACK
6
CONTINUOUS
10
146.2296130000000005
20
-65.6439209999999917
11
146.152561999999989
21
-65.5924380000000014
0
LINE
8
BLACK
6
CONTINUOUS
10
146.152561999999989
20
-65.5924380000000014
11
146.1010789999999986
21
-65.515387000000004
0
LINE
8
BLACK
6
CONTINUOUS
10
146.1010789999999986
20
-65.515387000000004
11
146.0829999999999984
21
-65.4244999999999948
0
LINE
8
BLACK
6
CONTINUOUS
10
146.0829999999999984
20
-65.4244999999999948
11
146.0829999999999984
21
-64.8245000000000005
0
LINE
8
BLACK
6
CONTINUOUS
10
146.0829999999999984
20
-64.8245000000000005
11
146.1010789999999986
21
-64.7336129999999912
0
LINE
8
BLACK
6
CONTINUOUS
10
146.1010789999999986
20
-64.7336129999999912
11
146.152561999999989
21
-64.6565619999999939
0
LINE
8
BLACK
6
CONTINUOUS
10
146.152561999999989
20
-64.6565619999999939
11
146.2296130000000005
21
-64.6050790000000035
0
LINE
8
BLACK
6
CONTINUOUS
10
146.2296130000000005
20
-64.6050790000000035
11
146.3204999999999814
21
-64.5870000000000033
0
LINE
8
BLACK
6
CONTINUOUS
10
146.3204999999999814
20
-64.5870000000000033
11
146.7955000000000041
21
-64.5870000000000033
0
LINE
8
BLACK
6
CONTINUOUS
10
146.7955000000000041
20
-64.5870000000000033
11
146.8863869999999849
21
-64.6050790000000035
0
LINE
8
BLACK
6
CONTINUOUS
10
148.6643870000000049
20
-64.7050789999999978
11
148.7414379999999881
21
-64.7565620000000024
0
LINE
8
BLACK
6
CONTINUOUS
10
148.7414379999999881
20
-64.7565620000000024
11
148.7929210000000069
21
-64.8336129999999997
0
LINE
8
BLACK
6
CONTINUOUS
10
148.7929210000000069
20
-64.8336129999999997
11
148.811000000000007
21
-64.9244999999999948
0
LINE
8
BLACK
6
CONTINUOUS
10
148.811000000000007
20
-64.9244999999999948
11
148.811000000000007
21
-65.4244999999999948
0
LINE
8
BLACK
6
CONTINUOUS
10
148.811000000000007
20
-65.4244999999999948
11
148.7929210000000069
21
-65.515387000000004
0
LINE
8
BLACK
6
CONTINUOUS
10
148.7929210000000069
20
-65.515387000000004
11
148.7414379999999881
21
-65.5924380000000014
0
LINE
8
BLACK
6
CONTINUOUS
10
148.7414379999999881
20
-65.5924380000000014
11
148.6643870000000049
21
-65.6439209999999917
0
LINE
8
BLACK
6
CONTINUOUS
10
148.6643870000000049
20
-65.6439209999999917
11
148.5734999999999957
21
-65.6619999999999919
0
LINE
8
BLACK
6
CONTINUOUS
10
148.5734999999999957
20
-65.6619999999999919
11
148.0985000000000014
21
-65.6619999999999919
0
LINE
8
BLACK
6
CONTINUOUS
10
148.0985000000000014
20
-65.6619999999999919
11
148.0076129999999921
21
-65.6439209999999917
0
LINE
8
BLACK
6
CONTINUOUS
10
148.0076129999999921
20
-65.6439209999999917
11
147.9305619999999806
21
-65.5924380000000014
0
LINE
8
BLACK
6
CONTINUOUS
10
147.9305619999999806
20
-65.5924380000000014
11
147.8790789999999902
21
-65.515387000000004
0
LINE
8
BLACK
6
CONTINUOUS
10
147.8790789999999902
20
-65.515387000000004
11
147.86099999999999
21
-65.4244999999999948
0
LINE
8
BLACK
6
CONTINUOUS
10
147.86099999999999
20
-65.4244999999999948
11
147.86099999999999
21
-64.9244999999999948
0
LINE
8
BLACK
6
CONTINUOUS
10
147.86099999999999
20
-64.9244999999999948
11
147.8790789999999902
21
-64.8336129999999997
0
LINE
8
BLACK
6
CONTINUOUS
10
147.8790789999999902
20
-64.8336129999999997
11
147.9305619999999806
21
-64.7565620000000024
0
LINE
8
BLACK
6
CONTINUOUS
10
147.9305619999999806
20
-64.7565620000000024
11
148.0076129999999921
21
-64.7050789999999978
0
LINE
8
BLACK
6
CONTINUOUS
10
148.0076129999999921
20
-64.7050789999999978
11
148.0985000000000014
21
-64.6869999999999976
0
LINE
8
BLACK
6
CONTINUOUS
10
148.0985000000000014
20
-64.6869999999999976
11
148.5734999999999957
21
-64.6869999999999976
0
LINE
8
BLACK
6
CONTINUOUS
10
148.5734999999999957
20
-64.6869999999999976
11
148.6643870000000049
21
-64.7050789999999978
0
LINE
8
BLACK
6
CONTINUOUS
10
150.4423869999999965
20
-64.6050790000000035
11
150.5194379999999796
21
-64.6565619999999939
0
LINE
8
BLACK
6
CONTINUOUS
10
150.5194379999999796
20
-64.6565619999999939
11
150.5709209999999985
21
-64.7336129999999912
0
LINE
8
BLACK
6
CONTINUOUS
10
150.5709209999999985
20
-64.7336129999999912
11
150.5889999999999986
21
-64.8245000000000005
0
LINE
8
BLACK
6
CONTINUOUS
10
150.5889999999999986
20
-64.8245000000000005
11
150.5889999999999986
21
-65.4244999999999948
0
LINE
8
BLACK
6
CONTINUOUS
10
150.5889999999999986
20
-65.4244999999999948
11
150.5709209999999985
21
-65.515387000000004
0
LINE
8
BLACK
6
CONTINUOUS
10
150.5709209999999985
20
-65.515387000000004
11
150.5194379999999796
21
-65.5924380000000014
0
LINE
8
BLACK
6
CONTINUOUS
10
150.5194379999999796
20
-65.5924380000000014
11
150.4423869999999965
21
-65.6439209999999917
0
LINE
8
BLACK
6
CONTINUOUS
10
150.4423869999999965
20
-65.6439209999999917
11
150.3514999999999873
21
-65.6619999999999919
0
LINE
8
BLACK
6
CONTINUOUS
10
150.3514999999999873
20
-65.6619999999999919
11
149.876499999999993
21
-65.6619999999999919
0
LINE
8
BLACK
6
CONTINUOUS
10
149.876499999999993
20
-65.6619999999999919
11
149.7856129999999837
21
-65.6439209999999917
0
LINE
8
BLACK
6
CONTINUOUS
10
149.7856129999999837
20
-65.6439209999999917
11
149.7085620000000006
21
-65.5924380000000014
0
LINE
8
BLACK
6
CONTINUOUS
10
149.7085620000000006
20
-65.5924380000000014
11
149.6570789999999818
21
-65.515387000000004
0
LINE
8
BLACK
6
CONTINUOUS
10
149.6570789999999818
20
-65.515387000000004
11
149.6389999999999816
21
-65.4244999999999948
0
LINE
8
BLACK
6
CONTINUOUS
10
149.6389999999999816
20
-65.4244999999999948
11
149.6389999999999816
21
-64.8245000000000005
0
LINE
8
BLACK
6
CONTINUOUS
10
149.6389999999999816
20
-64.8245000000000005
11
149.6570789999999818
21
-64.7336129999999912
0
LINE
8
BLACK
6
CONTINUOUS
10
149.6570789999999818
20
-64.7336129999999912
11
149.7085620000000006
21
-64.6565619999999939
0
LINE
8
BLACK
6
CONTINUOUS
10
149.7085620000000006
20
-64.6565619999999939
11
149.7856129999999837
21
-64.6050790000000035
0
LINE
8
BLACK
6
CONTINUOUS
10
149.7856129999999837
20
-64.6050790000000035
11
149.876499999999993
21
-64.5870000000000033
0
LINE
8
BLACK
6
CONTINUOUS
10
149.876499999999993
20
-64.5870000000000033
11
150.3514999999999873
21
-64.5870000000000033
0
LINE
8
BLACK
6
CONTINUOUS
10
150.3514999999999873
20
-64.5870000000000033
11
150.4423869999999965
21
-64.6050790000000035
0
LINE
8
BLACK
6
CONTINUOUS
10
152.7283869999999979
20
-64.6050790000000035
11
152.805437999999981
21
-64.6565619999999939
0
LINE
8
BLACK
6
CONTINUOUS
10
152.805437999999981
20
-64.6565619999999939
11
152.8569209999999998
21
-64.7336129999999912
0
LINE
8
BLACK
6
CONTINUOUS
10
152.8569209999999998
20
-64.7336129999999912
11
152.875
21
-64.8245000000000005
0
LINE
8
BLACK
6
CONTINUOUS
10
152.875
20
-64.8245000000000005
11
152.875
21
-65.4244999999999948
0
LINE
8
BLACK
6
CONTINUOUS
10
152.875
20
-65.4244999999999948
11
152.8569209999999998
21
-65.515387000000004
0
LINE
8
BLACK
6
CONTINUOUS
10
152.8569209999999998
20
-65.515387000000004
11
152.805437999999981
21
-65.5924380000000014
0
LINE
8
BLACK
6
CONTINUOUS
10
152.805437999999981
20
-65.5924380000000014
11
152.7283869999999979
21
-65.6439209999999917
0
LINE
8
BLACK
6
CONTINUOUS
10
152.7283869999999979
20
-65.6439209999999917
11
152.6374999999999886
21
-65.6619999999999919
0
LINE
8
BLACK
6
CONTINUOUS
10
152.6374999999999886
20
-65.6619999999999919
11
152.1624999999999943
21
-65.6619999999999919
0
LINE
8
BLACK
6
CONTINUOUS
10
152.1624999999999943
20
-65.6619999999999919
11
152.071612999999985
21
-65.6439209999999917
0
LINE
8
BLACK
6
CONTINUOUS
10
152.071612999999985
20
-65.6439209999999917
11
151.9945620000000019
21
-65.5924380000000014
0
LINE
8
BLACK
6
CONTINUOUS
10
151.9945620000000019
20
-65.5924380000000014
11
151.9430789999999831
21
-65.515387000000004
0
LINE
8
BLACK
6
CONTINUOUS
10
151.9430789999999831
20
-65.515387000000004
11
151.9249999999999829
21
-65.4244999999999948
0
LINE
8
BLACK
6
CONTINUOUS
10
151.9249999999999829
20
-65.4244999999999948
11
151.9249999999999829
21
-64.8245000000000005
0
LINE
8
BLACK
6
CONTINUOUS
10
151.9249999999999829
20
-64.8245000000000005
11
151.9430789999999831
21
-64.7336129999999912
0
LINE
8
BLACK
6
CONTINUOUS
10
151.9430789999999831
20
-64.7336129999999912
11
151.9945620000000019
21
-64.6565619999999939
0
LINE
8
BLACK
6
CONTINUOUS
10
151.9945620000000019
20
-64.6565619999999939
11
152.071612999999985
21
-64.6050790000000035
0
LINE
8
BLACK
6
CONTINUOUS
10
152.071612999999985
20
-64.6050790000000035
11
152.1624999999999943
21
-64.5870000000000033
0
LINE
8
BLACK
6
CONTINUOUS
10
152.1624999999999943
20
-64.5870000000000033
11
152.6374999999999886
21
-64.5870000000000033
0
LINE
8
BLACK
6
CONTINUOUS
10
152.6374999999999886
20
-64.5870000000000033
11
152.7283869999999979
21
-64.6050790000000035
0
LINE
8
BLACK
6
CONTINUOUS
10
146.8863869999999849
20
-62.8800789999999949
11
146.9634379999999965
21
-62.9315619999999996
0
LINE
8
BLACK
6
CONTINUOUS
10
146.9634379999999965
20
-62.9315619999999996
11
147.0149209999999869
21
-63.0086129999999969
0
LINE
8
BLACK
6
CONTINUOUS
10
147.0149209999999869
20
-63.0086129999999969
11
147.032999999999987
21
-63.099499999999999
0
LINE
8
BLACK
6
CONTINUOUS
10
147.032999999999987
20
-63.099499999999999
11
147.032999999999987
21
-63.6995000000000005
0
LINE
8
BLACK
6
CONTINUOUS
10
147.032999999999987
20
-63.6995000000000005
11
147.0149209999999869
21
-63.7903869999999955
0
LINE
8
BLACK
6
CONTINUOUS
10
147.0149209999999869
20
-63.7903869999999955
11
146.9634379999999965
21
-63.8674379999999999
0
LINE
8
BLACK
6
CONTINUOUS
10
146.9634379999999965
20
-63.8674379999999999
11
146.8863869999999849
21
-63.9189209999999974
0
LINE
8
BLACK
6
CONTINUOUS
10
146.8863869999999849
20
-63.9189209999999974
11
146.7955000000000041
21
-63.9369999999999976
0
LINE
8
BLACK
6
CONTINUOUS
10
146.7955000000000041
20
-63.9369999999999976
11
146.3204999999999814
21
-63.9369999999999976
0
LINE
8
BLACK
6
CONTINUOUS
10
146.3204999999999814
20
-63.9369999999999976
11
146.2296130000000005
21
-63.9189209999999974
0
LINE
8
BLACK
6
CONTINUOUS
10
146.2296130000000005
20
-63.9189209999999974
11
146.152561999999989
21
-63.8674379999999999
0
LINE
8
BLACK
6
CONTINUOUS
10
146.152561999999989
20
-63.8674379999999999
11
146.1010789999999986
21
-63.7903869999999955
0
LINE
8
BLACK
6
CONTINUOUS
10
146.1010789999999986
20
-63.7903869999999955
11
146.0829999999999984
21
-63.6995000000000005
0
LINE
8
BLACK
6
CONTINUOUS
10
146.0829999999999984
20
-63.6995000000000005
11
146.0829999999999984
21
-63.099499999999999
0
LINE
8
BLACK
6
CONTINUOUS
10
146.0829999999999984
20
-63.099499999999999
11
146.1010789999999986
21
-63.0086129999999969
0
LINE
8
BLACK
6
CONTINUOUS
10
146.1010789999999986
20
-63.0086129999999969
11
146.152561999999989
21
-62.9315619999999996
0
LINE
8
BLACK
6
CONTINUOUS
10
146.152561999999989
20
-62.9315619999999996
11
146.2296130000000005
21
-62.8800789999999949
0
LINE
8
BLACK
6
CONTINUOUS
10
146.2296130000000005
20
-62.8800789999999949
11
146.3204999999999814
21
-62.8619999999999948
0
LINE
8
BLACK
6
CONTINUOUS
10
146.3204999999999814
20
-62.8619999999999948
11
146.7955000000000041
21
-62.8619999999999948
0
LINE
8
BLACK
6
CONTINUOUS
10
146.7955000000000041
20
-62.8619999999999948
11
146.8863869999999849
21
-62.8800789999999949
0
LINE
8
BLACK
6
CONTINUOUS
10
150.4423869999999965
20
-62.8800789999999949
11
150.5194379999999796
21
-62.9315619999999996
0
LINE
8
BLACK
6
CONTINUOUS
10
150.5194379999999796
20
-62.9315619999999996
11
150.5709209999999985
21
-63.0086129999999969
0
LINE
8
BLACK
6
CONTINUOUS
10
150.5709209999999985
20
-63.0086129999999969
11
150.5889999999999986
21
-63.099499999999999
0
LINE
8
BLACK
6
CONTINUOUS
10
150.5889999999999986
20
-63.099499999999999
11
150.5889999999999986
21
-63.6995000000000005
0
LINE
8
BLACK
6
CONTINUOUS
10
150.5889999999999986
20
-63.6995000000000005
11
150.5709209999999985
21
-63.7903869999999955
0
LINE
8
BLACK
6
CONTINUOUS
10
150.5709209999999985
20
-63.7903869999999955
11
150.5194379999999796
21
-63.8674379999999999
0
LINE
8
BLACK
6
CONTINUOUS
10
150.5194379999999796
20
-63.8674379999999999
11
150.4423869999999965
21
-63.9189209999999974
0
LINE
8
BLACK
6
CONTINUOUS
10
150.4423869999999965
20
-63.9189209999999974
11
150.3514999999999873
21
-63.9369999999999976
0
LINE
8
BLACK
6
CONTINUOUS
10
150.3514999999999873
20
-63.9369999999999976
11
149.876499999999993
21
-63.9369999999999976
0
LINE
8
BLACK
6
CONTINUOUS
10
149.876499999999993
20
-63.9369999999999976
11
149.7856129999999837
21
-63.9189209999999974
0
LINE
8
BLACK
6
CONTINUOUS
10
149.7856129999999837
20
-63.9189209999999974
11
149.7085620000000006
21
-63.8674379999999999
0
LINE
8
BLACK
6
CONTINUOUS
10
149.7085620000000006
20
-63.8674379999999999
11
149.6570789999999818
21
-63.7903869999999955
0
LINE
8
BLACK
6
CONTINUOUS
10
149.6570789999999818
20
-63.7903869999999955
11
149.6389999999999816
21
-63.6995000000000005
0
LINE
8
BLACK
6
CONTINUOUS
10
149.6389999999999816
20
-63.6995000000000005
11
149.6389999999999816
21
-63.099499999999999
0
LINE
8
BLACK
6
CONTINUOUS
10
149.6389999999999816
20
-63.099499999999999
11
149.6570789999999818
21
-63.0086129999999969
0
LINE
8
BLACK
6
CONTINUOUS
10
149.6570789999999818
20
-63.0086129999999969
11
149.7085620000000006
21
-62.9315619999999996
0
LINE
8
BLACK
6
CONTINUOUS
10
149.7085620000000006
20
-62.9315619999999996
11
149.7856129999999837
21
-62.8800789999999949
0
LINE
8
BLACK
6
CONTINUOUS
10
149.7856129999999837
20
-62.8800789999999949
11
149.876499999999993
21
-62.8619999999999948
0
LINE
8
BLACK
6
CONTINUOUS
10
149.876499999999993
20
-62.8619999999999948
11
150.3514999999999873
21
-62.8619999999999948
0
LINE
8
BLACK
6
CONTINUOUS
10
150.3514999999999873
20
-62.8619999999999948
11
150.4423869999999965
21
-62.8800789999999949
0
LINE
8
BLACK
6
CONTINUOUS
10
152.7283869999999979
20
-62.8800789999999949
11
152.805437999999981
21
-62.9315619999999996
0
LINE
8
BLACK
6
CONTINUOUS
10
152.805437999999981
20
-62.9315619999999996
11
152.8569209999999998
21
-63.0086129999999969
0
LINE
8
BLACK
6
CONTINUOUS
10
152.8569209999999998
20
-63.0086129999999969
11
152.875
21
-63.099499999999999
0
LINE
8
BLACK
6
CONTINUOUS
10
152.875
20
-63.099499999999999
11
152.875
21
-63.6995000000000005
0
LINE
8
BLACK
6
CONTINUOUS
10
152.875
20
-63.6995000000000005
11
152.8569209999999998
21
-63.7903869999999955
0
LINE
8
BLACK
6
CONTINUOUS
10
152.8569209999999998
20
-63.7903869999999955
11
152.805437999999981
21
-63.8674379999999999
0
LINE
8
BLACK
6
CONTINUOUS
10
152.805437999999981
20
-63.8674379999999999
11
152.7283869999999979
21
-63.9189209999999974
0
LINE
8
BLACK
6
CONTINUOUS
10
152.7283869999999979
20
-63.9189209999999974
11
152.6374999999999886
21
-63.9369999999999976
0
LINE
8
BLACK
6
CONTINUOUS
10
152.6374999999999886
20
-63.9369999999999976
11
152.1624999999999943
21
-63.9369999999999976
0
LINE
8
BLACK
6
CONTINUOUS
10
152.1624999999999943
20
-63.9369999999999976
11
152.071612999999985
21
-63.9189209999999974
0
LINE
8
BLACK
6
CONTINUOUS
10
152.071612999999985
20
-63.9189209999999974
11
151.9945620000000019
21
-63.8674379999999999
0
LINE
8
BLACK
6
CONTINUOUS
10
151.9945620000000019
20
-63.8674379999999999
11
151.9430789999999831
21
-63.7903869999999955
0
LINE
8
BLACK
6
CONTINUOUS
10
151.9430789999999831
20
-63.7903869999999955
11
151.9249999999999829
21
-63.6995000000000005
0
LINE
8
BLACK
6
CONTINUOUS
10
151.9249999999999829
20
-63.6995000000000005
11
151.9249999999999829
21
-63.099499999999999
0
LINE
8
BLACK
6
CONTINUOUS
10
151.9249999999999829
20
-63.099499999999999
11
151.9430789999999831
21
-63.0086129999999969
0
LINE
8
BLACK
6
CONTINUOUS
10
151.9430789999999831
20
-63.0086129999999969
11
151.9945620000000019
21
-62.9315619999999996
0
LINE
8
BLACK
6
CONTINUOUS
10
151.9945620000000019
20
-62.9315619999999996
11
152.071612999999985
21
-62.8800789999999949
0
LINE
8
BLACK
6
CONTINUOUS
10
152.071612999999985
20
-62.8800789999999949
11
152.1624999999999943
21
-62.8619999999999948
0
LINE
8
BLACK
6
CONTINUOUS
10
152.1624999999999943
20
-62.8619999999999948
11
152.6374999999999886
21
-62.8619999999999948
0
LINE
8
BLACK
6
CONTINUOUS
10
152.6374999999999886
20
-62.8619999999999948
11
152.7283869999999979
21
-62.8800789999999949
0
LINE
8
BLACK
6
CONTINUOUS
10
148.6643870000000049
20
-62.8800789999999949
11
148.7414379999999881
21
-62.9315619999999996
0
LINE
8
BLACK
6
CONTINUOUS
10
148.7414379999999881
20
-62.9315619999999996
11
148.7929210000000069
21
-63.0086129999999969
0
LINE
8
BLACK
6
CONTINUOUS
10
148.7929210000000069
20
-63.0086129999999969
11
148.811000000000007
21
-63.099499999999999
0
LINE
8
BLACK
6
CONTINUOUS
10
148.811000000000007
20
-63.099499999999999
11
148.811000000000007
21
-63.599499999999999
0
LINE
8
BLACK
6
CONTINUOUS
10
148.811000000000007
20
-63.599499999999999
11
148.7929210000000069
21
-63.6903869999999941
0
LINE
8
BLACK
6
CONTINUOUS
10
148.7929210000000069
20
-63.6903869999999941
11
148.7414379999999881
21
-63.7674379999999985
0
LINE
8
BLACK
6
CONTINUOUS
10
148.7414379999999881
20
-63.7674379999999985
11
148.6643870000000049
21
-63.818920999999996
0
LINE
8
BLACK
6
CONTINUOUS
10
148.6643870000000049
20
-63.818920999999996
11
148.5734999999999957
21
-63.8369999999999962
0
LINE
8
BLACK
6
CONTINUOUS
10
148.5734999999999957
20
-63.8369999999999962
11
148.0985000000000014
21
-63.8369999999999962
0
LINE
8
BLACK
6
CONTINUOUS
10
148.0985000000000014
20
-63.8369999999999962
11
148.0076129999999921
21
-63.818920999999996
0
LINE
8
BLACK
6
CONTINUOUS
10
148.0076129999999921
20
-63.818920999999996
11
147.9305619999999806
21
-63.7674379999999985
0
LINE
8
BLACK
6
CONTINUOUS
10
147.9305619999999806
20
-63.7674379999999985
11
147.8790789999999902
21
-63.6903869999999941
0
LINE
8
BLACK
6
CONTINUOUS
10
147.8790789999999902
20
-63.6903869999999941
11
147.86099999999999
21
-63.599499999999999
0
LINE
8
BLACK
6
CONTINUOUS
10
147.86099999999999
20
-63.599499999999999
11
147.86099999999999
21
-63.099499999999999
0
LINE
8
BLACK
6
CONTINUOUS
10
147.86099999999999
20
-63.099499999999999
11
147.8790789999999902
21
-63.0086129999999969
0
LINE
8
BLACK
6
CONTINUOUS
10
147.8790789999999902
20
-63.0086129999999969
11
147.9305619999999806
21
-62.9315619999999996
0
LINE
8
BLACK
6
CONTINUOUS
10
147.9305619999999806
20
-62.9315619999999996
11
148.0076129999999921
21
-62.8800789999999949
0
LINE
8
BLACK
6
CONTINUOUS
10
148.0076129999999921
20
-62.8800789999999949
11
148.0985000000000014
21
-62.8619999999999948
0
LINE
8
BLACK
6
CONTINUOUS
10
148.0985000000000014
20
-62.8619999999999948
11
148.5734999999999957
21
-62.8619999999999948
0
LINE
8
BLACK
6
CONTINUOUS
10
148.5734999999999957
20
-62.8619999999999948
11
148.6643870000000049
21
-62.8800789999999949
0
LINE
8
BLACK
6
CONTINUOUS
10
127.5574479999999937
20
-53.742446000000001
11
127.969112999999993
21
-53.799870999999996
0
LINE
8
BLACK
6
CONTINUOUS
10
127.969112999999993
20
-53.799870999999996
11
128.373722999999984
21
-53.895035
0
LINE
8
BLACK
6
CONTINUOUS
10
128.373722999999984
20
-53.895035
11
128.7678269999999827
21
-54.0271249999999981
0
LINE
8
BLACK
6
CONTINUOUS
10
128.7678269999999827
20
-54.0271249999999981
11
129.1480630000000076
21
-54.1950149999999979
0
LINE
8
BLACK
6
CONTINUOUS
10
129.1480630000000076
20
-54.1950149999999979
11
129.5111849999999833
21
-54.3972729999999984
0
LINE
8
BLACK
6
CONTINUOUS
10
129.5111849999999833
20
-54.3972729999999984
11
129.8540959999999984
21
-54.6321719999999971
0
LINE
8
BLACK
6
CONTINUOUS
10
129.8540959999999984
20
-54.6321719999999971
11
130.1738699999999938
21
-54.8977099999999965
0
LINE
8
BLACK
6
CONTINUOUS
10
130.1738699999999938
20
-54.8977099999999965
11
130.4677800000000047
21
-55.1916200000000003
0
LINE
8
BLACK
6
CONTINUOUS
10
130.4677800000000047
20
-55.1916200000000003
11
130.733317999999997
21
-55.5113939999999957
0
LINE
8
BLACK
6
CONTINUOUS
10
130.733317999999997
20
-55.5113939999999957
11
130.9682169999999815
21
-55.8543049999999965
0
LINE
8
BLACK
6
CONTINUOUS
10
130.9682169999999815
20
-55.8543049999999965
11
131.1704749999999819
21
-56.2174270000000007
0
LINE
8
BLACK
6
CONTINUOUS
10
131.1704749999999819
20
-56.2174270000000007
11
131.3383649999999818
21
-56.5976629999999972
0
LINE
8
BLACK
6
CONTINUOUS
10
131.3383649999999818
20
-56.5976629999999972
11
131.470454999999987
21
-56.9917669999999958
0
LINE
8
BLACK
6
CONTINUOUS
10
131.470454999999987
20
-56.9917669999999958
11
131.5656189999999981
21
-57.396376999999994
0
LINE
8
BLACK
6
CONTINUOUS
10
131.5656189999999981
20
-57.396376999999994
11
131.623043999999993
21
-57.8080420000000004
0
LINE
8
BLACK
6
CONTINUOUS
10
131.623043999999993
20
-57.8080420000000004
11
131.6422399999999868
21
-58.2232500000000002
0
LINE
8
BLACK
6
CONTINUOUS
10
131.6422399999999868
20
-58.2232500000000002
11
131.623043999999993
21
-58.638458
0
LINE
8
BLACK
6
CONTINUOUS
10
131.623043999999993
20
-58.638458
11
131.5656189999999981
21
-59.0501229999999993
0
LINE
8
BLACK
6
CONTINUOUS
10
131.5656189999999981
20
-59.0501229999999993
11
131.470454999999987
21
-59.4547329999999974
0
LINE
8
BLACK
6
CONTINUOUS
10
131.470454999999987
20
-59.4547329999999974
11
131.3383649999999818
21
-59.8488369999999961
0
LINE
8
BLACK
6
CONTINUOUS
10
131.3383649999999818
20
-59.8488369999999961
11
131.1704749999999819
21
-60.2290729999999996
0
LINE
8
BLACK
6
CONTINUOUS
10
131.1704749999999819
20
-60.2290729999999996
11
130.9682169999999815
21
-60.5921949999999967
0
LINE
8
BLACK
6
CONTINUOUS
10
130.9682169999999815
20
-60.5921949999999967
11
130.733317999999997
21
-60.9351059999999976
0
LINE
8
BLACK
6
CONTINUOUS
10
130.733317999999997
20
-60.9351059999999976
11
130.4677800000000047
21
-61.25488
0
LINE
8
BLACK
6
CONTINUOUS
10
130.4677800000000047
20
-61.25488
11
130.1738699999999938
21
-61.5487899999999968
0
LINE
8
BLACK
6
CONTINUOUS
10
130.1738699999999938
20
-61.5487899999999968
11
129.8540959999999984
21
-61.8143279999999962
0
LINE
8
BLACK
6
CONTINUOUS
10
129.8540959999999984
20
-61.8143279999999962
11
129.5111849999999833
21
-62.0492269999999948
0
LINE
8
BLACK
6
CONTINUOUS
10
129.5111849999999833
20
-62.0492269999999948
11
129.1480630000000076
21
-62.2514849999999953
0
LINE
8
BLACK
6
CONTINUOUS
10
129.1480630000000076
20
-62.2514849999999953
11
128.7678269999999827
21
-62.4193749999999952
0
LINE
8
BLACK
6
CONTINUOUS
10
128.7678269999999827
20
-62.4193749999999952
11
128.373722999999984
21
-62.5514650000000003
0
LINE
8
BLACK
6
CONTINUOUS
10
128.373722999999984
20
-62.5514650000000003
11
127.969112999999993
21
-62.6466289999999972
0
LINE
8
BLACK
6
CONTINUOUS
10
127.969112999999993
20
-62.6466289999999972
11
127.5574479999999937
21
-62.7040539999999993
0
LINE
8
BLACK
6
CONTINUOUS
10
127.5574479999999937
20
-62.7040539999999993
11
127.142240000000001
21
-62.7232500000000002
0
LINE
8
BLACK
6
CONTINUOUS
10
127.142240000000001
20
-62.7232500000000002
11
126.7270319999999941
21
-62.7040539999999993
0
LINE
8
BLACK
6
CONTINUOUS
10
126.7270319999999941
20
-62.7040539999999993
11
126.3153669999999948
21
-62.6466289999999972
0
LINE
8
BLACK
6
CONTINUOUS
10
126.3153669999999948
20
-62.6466289999999972
11
125.9107569999999896
21
-62.5514650000000003
0
LINE
8
BLACK
6
CONTINUOUS
10
125.9107569999999896
20
-62.5514650000000003
11
125.5166529999999909
21
-62.4193749999999952
0
LINE
8
BLACK
6
CONTINUOUS
10
125.5166529999999909
20
-62.4193749999999952
11
125.1364169999999945
21
-62.2514849999999953
0
LINE
8
BLACK
6
CONTINUOUS
10
125.1364169999999945
20
-62.2514849999999953
11
124.7732949999999903
21
-62.0492269999999948
0
LINE
8
BLACK
6
CONTINUOUS
10
124.7732949999999903
20
-62.0492269999999948
11
124.4303839999999894
21
-61.8143279999999962
0
LINE
8
BLACK
6
CONTINUOUS
10
124.4303839999999894
20
-61.8143279999999962
11
124.1106099999999941
21
-61.5487899999999968
0
LINE
8
BLACK
6
CONTINUOUS
10
124.1106099999999941
20
-61.5487899999999968
11
123.8166999999999973
21
-61.25488
0
LINE
8
BLACK
6
CONTINUOUS
10
123.8166999999999973
20
-61.25488
11
123.5511619999999908
21
-60.9351059999999976
0
LINE
8
BLACK
6
CONTINUOUS
10
123.5511619999999908
20
-60.9351059999999976
11
123.3162629999999922
21
-60.5921949999999967
0
LINE
8
BLACK
6
CONTINUOUS
10
123.3162629999999922
20
-60.5921949999999967
11
123.1140049999999917
21
-60.2290729999999996
0
LINE
8
BLACK
6
CONTINUOUS
10
123.1140049999999917
20
-60.2290729999999996
11
122.9461149999999918
21
-59.8488369999999961
0
LINE
8
BLACK
6
CONTINUOUS
10
122.9461149999999918
20
-59.8488369999999961
11
122.8140250000000009
21
-59.4547329999999974
0
LINE
8
BLACK
6
CONTINUOUS
10
122.8140250000000009
20
-59.4547329999999974
11
122.7188609999999898
21
-59.0501229999999993
0
LINE
8
BLACK
6
CONTINUOUS
10
122.7188609999999898
20
-59.0501229999999993
11
122.6614359999999948
21
-58.638458
0
LINE
8
BLACK
6
CONTINUOUS
10
122.6614359999999948
20
-58.638458
11
122.642240000000001
21
-58.2232500000000002
0
LINE
8
BLACK
6
CONTINUOUS
10
122.642240000000001
20
-58.2232500000000002
11
122.6614359999999948
21
-57.8080420000000004
0
LINE
8
BLACK
6
CONTINUOUS
10
122.6614359999999948
20
-57.8080420000000004
11
122.7188609999999898
21
-57.396376999999994
0
LINE
8
BLACK
6
CONTINUOUS
10
122.7188609999999898
20
-57.396376999999994
11
122.8140250000000009
21
-56.9917669999999958
0
LINE
8
BLACK
6
CONTINUOUS
10
122.8140250000000009
20
-56.9917669999999958
11
122.9461149999999918
21
-56.5976629999999972
0
LINE
8
BLACK
6
CONTINUOUS
10
122.9461149999999918
20
-56.5976629999999972
11
123.1140049999999917
21
-56.2174270000000007
0
LINE
8
BLACK
6
CONTINUOUS
10
123.1140049999999917
20
-56.2174270000000007
11
123.3162629999999922
21
-55.8543049999999965
0
LINE
8
BLACK
6
CONTINUOUS
10
123.3162629999999922
20
-55.8543049999999965
11
123.5511619999999908
21
-55.5113939999999957
0
LINE
8
BLACK
6
CONTINUOUS
10
123.5511619999999908
20
-55.5113939999999957
11
123.8166999999999973
21
-55.1916200000000003
0
LINE
8
BLACK
6
CONTINUOUS
10
123.8166999999999973
20
-55.1916200000000003
11
124.1106099999999941
21
-54.8977099999999965
0
LINE
8
BLACK
6
CONTINUOUS
10
124.1106099999999941
20
-54.8977099999999965
11
124.4303839999999894
21
-54.6321719999999971
0
LINE
8
BLACK
6
CONTINUOUS
10
124.4303839999999894
20
-54.6321719999999971
11
124.7732949999999903
21
-54.3972729999999984
0
LINE
8
BLACK
6
CONTINUOUS
10
124.7732949999999903
20
-54.3972729999999984
11
125.1364169999999945
21
-54.1950149999999979
0
LINE
8
BLACK
6
CONTINUOUS
10
125.1364169999999945
20
-54.1950149999999979
11
125.5166529999999909
21
-54.0271249999999981
0
LINE
8
BLACK
6
CONTINUOUS
10
125.5166529999999909
20
-54.0271249999999981
11
125.9107569999999896
21
-53.895035
0
LINE
8
BLACK
6
CONTINUOUS
10
125.9107569999999896
20
-53.895035
11
126.3153669999999948
21
-53.799870999999996
0
LINE
8
BLACK
6
CONTINUOUS
10
126.3153669999999948
20
-53.799870999999996
11
126.7270319999999941
21
-53.742446000000001
0
LINE
8
BLACK
6
CONTINUOUS
10
126.7270319999999941
20
-53.742446000000001
11
127.142240000000001
21
-53.7232500000000002
0
LINE
8
BLACK
6
CONTINUOUS
10
127.142240000000001
20
-53.7232500000000002
11
127.5574479999999937
21
-53.742446000000001
0
LINE
8
BLACK
6
CONTINUOUS
10
172.0074479999999824
20
-53.742446000000001
11
172.4191129999999816
21
-53.799870999999996
0
LINE
8
BLACK
6
CONTINUOUS
10
172.4191129999999816
20
-53.799870999999996
11
172.8237230000000011
21
-53.895035
0
LINE
8
BLACK
6
CONTINUOUS
10
172.8237230000000011
20
-53.895035
11
173.2178269999999998
21
-54.0271249999999981
0
LINE
8
BLACK
6
CONTINUOUS
10
173.2178269999999998
20
-54.0271249999999981
11
173.5980629999999962
21
-54.1950149999999979
0
LINE
8
BLACK
6
CONTINUOUS
10
173.5980629999999962
20
-54.1950149999999979
11
173.9611850000000004
21
-54.3972729999999984
0
LINE
8
BLACK
6
CONTINUOUS
10
173.9611850000000004
20
-54.3972729999999984
11
174.304095999999987
21
-54.6321719999999971
0
LINE
8
BLACK
6
CONTINUOUS
10
174.304095999999987
20
-54.6321719999999971
11
174.6238699999999824
21
-54.8977099999999965
0
LINE
8
BLACK
6
CONTINUOUS
10
174.6238699999999824
20
-54.8977099999999965
11
174.9177799999999934
21
-55.1916200000000003
0
LINE
8
BLACK
6
CONTINUOUS
10
174.9177799999999934
20
-55.1916200000000003
11
175.1833179999999857
21
-55.5113939999999957
0
LINE
8
BLACK
6
CONTINUOUS
10
175.1833179999999857
20
-55.5113939999999957
11
175.4182169999999985
21
-55.8543049999999965
0
LINE
8
BLACK
6
CONTINUOUS
10
175.4182169999999985
20
-55.8543049999999965
11
175.620474999999999
21
-56.2174270000000007
0
LINE
8
BLACK
6
CONTINUOUS
10
175.620474999999999
20
-56.2174270000000007
11
175.7883649999999989
21
-56.5976629999999972
0
LINE
8
BLACK
6
CONTINUOUS
10
175.7883649999999989
20
-56.5976629999999972
11
175.920455000000004
21
-56.9917669999999958
0
LINE
8
BLACK
6
CONTINUOUS
10
175.920455000000004
20
-56.9917669999999958
11
176.0156189999999867
21
-57.396376999999994
0
LINE
8
BLACK
6
CONTINUOUS
10
176.0156189999999867
20
-57.396376999999994
11
176.0730439999999817
21
-57.8080420000000004
0
LINE
8
BLACK
6
CONTINUOUS
10
176.0730439999999817
20
-57.8080420000000004
11
176.0922400000000039
21
-58.2232500000000002
0
LINE
8
BLACK
6
CONTINUOUS
10
176.0922400000000039
20
-58.2232500000000002
11
176.0730439999999817
21
-58.638458
0
LINE
8
BLACK
6
CONTINUOUS
10
176.0730439999999817
20
-58.638458
11
176.0156189999999867
21
-59.0501229999999993
0
LINE
8
BLACK
6
CONTINUOUS
10
176.0156189999999867
20
-59.0501229999999993
11
175.920455000000004
21
-59.4547329999999974
0
LINE
8
BLACK
6
CONTINUOUS
10
175.920455000000004
20
-59.4547329999999974
11
175.7883649999999989
21
-59.8488369999999961
0
LINE
8
BLACK
6
CONTINUOUS
10
175.7883649999999989
20
-59.8488369999999961
11
175.620474999999999
21
-60.2290729999999996
0
LINE
8
BLACK
6
CONTINUOUS
10
175.620474999999999
20
-60.2290729999999996
11
175.4182169999999985
21
-60.5921949999999967
0
LINE
8
BLACK
6
CONTINUOUS
10
175.4182169999999985
20
-60.5921949999999967
11
175.1833179999999857
21
-60.9351059999999976
0
LINE
8
BLACK
6
CONTINUOUS
10
175.1833179999999857
20
-60.9351059999999976
11
174.9177799999999934
21
-61.25488
0
LINE
8
BLACK
6
CONTINUOUS
10
174.9177799999999934
20
-61.25488
11
174.6238699999999824
21
-61.5487899999999968
0
LINE
8
BLACK
6
CONTINUOUS
10
174.6238699999999824
20
-61.5487899999999968
11
174.304095999999987
21
-61.8143279999999962
0
LINE
8
BLACK
6
CONTINUOUS
10
174.304095999999987
20
-61.8143279999999962
11
173.9611850000000004
21
-62.0492269999999948
0
LINE
8
BLACK
6
CONTINUOUS
10
173.9611850000000004
20
-62.0492269999999948
11
173.5980629999999962
21
-62.2514849999999953
0
LINE
8
BLACK
6
CONTINUOUS
10
173.5980629999999962
20
-62.2514849999999953
11
173.2178269999999998
21
-62.4193749999999952
0
LINE
8
BLACK
6
CONTINUOUS
10
173.2178269999999998
20
-62.4193749999999952
11
172.8237230000000011
21
-62.5514650000000003
0
LINE
8
BLACK
6
CONTINUOUS
10
172.8237230000000011
20
-62.5514650000000003
11
172.4191129999999816
21
-62.6466289999999972
0
LINE
8
BLACK
6
CONTINUOUS
10
172.4191129999999816
20
-62.6466289999999972
11
172.0074479999999824
21
-62.7040539999999993
0
LINE
8
BLACK
6
CONTINUOUS
10
172.0074479999999824
20
-62.7040539999999993
11
171.5922400000000039
21
-62.7232500000000002
0
LINE
8
BLACK
6
CONTINUOUS
10
171.5922400000000039
20
-62.7232500000000002
11
171.177031999999997
21
-62.7040539999999993
0
LINE
8
BLACK
6
CONTINUOUS
10
171.177031999999997
20
-62.7040539999999993
11
170.7653669999999977
21
-62.6466289999999972
0
LINE
8
BLACK
6
CONTINUOUS
10
170.7653669999999977
20
-62.6466289999999972
11
170.3607569999999782
21
-62.5514650000000003
0
LINE
8
BLACK
6
CONTINUOUS
10
170.3607569999999782
20
-62.5514650000000003
11
169.9666529999999796
21
-62.4193749999999952
0
LINE
8
BLACK
6
CONTINUOUS
10
169.9666529999999796
20
-62.4193749999999952
11
169.5864169999999831
21
-62.2514849999999953
0
LINE
8
BLACK
6
CONTINUOUS
10
169.5864169999999831
20
-62.2514849999999953
11
169.2232949999999789
21
-62.0492269999999948
0
LINE
8
BLACK
6
CONTINUOUS
10
169.2232949999999789
20
-62.0492269999999948
11
168.8803839999999923
21
-61.8143279999999962
0
LINE
8
BLACK
6
CONTINUOUS
10
168.8803839999999923
20
-61.8143279999999962
11
168.5606099999999969
21
-61.5487899999999968
0
LINE
8
BLACK
6
CONTINUOUS
10
168.5606099999999969
20
-61.5487899999999968
11
168.2666999999999859
21
-61.25488
0
LINE
8
BLACK
6
CONTINUOUS
10
168.2666999999999859
20
-61.25488
11
168.0011619999999937
21
-60.9351059999999976
0
LINE
8
BLACK
6
CONTINUOUS
10
168.0011619999999937
20
-60.9351059999999976
11
167.7662629999999808
21
-60.5921949999999967
0
LINE
8
BLACK
6
CONTINUOUS
10
167.7662629999999808
20
-60.5921949999999967
11
167.5640049999999803
21
-60.2290729999999996
0
LINE
8
BLACK
6
CONTINUOUS
10
167.5640049999999803
20
-60.2290729999999996
11
167.3961149999999805
21
-59.8488369999999961
0
LINE
8
BLACK
6
CONTINUOUS
10
167.3961149999999805
20
-59.8488369999999961
11
167.2640250000000037
21
-59.4547329999999974
0
LINE
8
BLACK
6
CONTINUOUS
10
167.2640250000000037
20
-59.4547329999999974
11
167.1688609999999926
21
-59.0501229999999993
0
LINE
8
BLACK
6
CONTINUOUS
10
167.1688609999999926
20
-59.0501229999999993
11
167.1114359999999976
21
-58.638458
0
LINE
8
BLACK
6
CONTINUOUS
10
167.1114359999999976
20
-58.638458
11
167.0922400000000039
21
-58.2232500000000002
0
LINE
8
BLACK
6
CONTINUOUS
10
167.0922400000000039
20
-58.2232500000000002
11
167.1114359999999976
21
-57.8080420000000004
0
LINE
8
BLACK
6
CONTINUOUS
10
167.1114359999999976
20
-57.8080420000000004
11
167.1688609999999926
21
-57.396376999999994
0
LINE
8
BLACK
6
CONTINUOUS
10
167.1688609999999926
20
-57.396376999999994
11
167.2640250000000037
21
-56.9917669999999958
0
LINE
8
BLACK
6
CONTINUOUS
10
167.2640250000000037
20
-56.9917669999999958
11
167.3961149999999805
21
-56.5976629999999972
0
LINE
8
BLACK
6
CONTINUOUS
10
167.3961149999999805
20
-56.5976629999999972
11
167.5640049999999803
21
-56.2174270000000007
0
LINE
8
BLACK
6
CONTINUOUS
10
167.5640049999999803
20
-56.2174270000000007
11
167.7662629999999808
21
-55.8543049999999965
0
LINE
8
BLACK
6
CONTINUOUS
10
167.7662629999999808
20
-55.8543049999999965
11
168.0011619999999937
21
-55.5113939999999957
0
LINE
8
BLACK
6
CONTINUOUS
10
168.0011619999999937
20
-55.5113939999999957
11
168.2666999999999859
21
-55.1916200000000003
0
LINE
8
BLACK
6
CONTINUOUS
10
168.2666999999999859
20
-55.1916200000000003
11
168.5606099999999969
21
-54.8977099999999965
0
LINE
8
BLACK
6
CONTINUOUS
10
168.5606099999999969
20
-54.8977099999999965
11
168.8803839999999923
21
-54.6321719999999971
0
LINE
8
BLACK
6
CONTINUOUS
10
168.8803839999999923
20
-54.6321719999999971
11
169.2232949999999789
21
-54.3972729999999984
0
LINE
8
BLACK
6
CONTINUOUS
10
169.2232949999999789
20
-54.3972729999999984
11
169.5864169999999831
21
-54.1950149999999979
0
LINE
8
BLACK
6
CONTINUOUS
10
169.5864169999999831
20
-54.1950149999999979
11
169.9666529999999796
21
-54.0271249999999981
0
LINE
8
BLACK
6
CONTINUOUS
10
169.9666529999999796
20
-54.0271249999999981
11
170.3607569999999782
21
-53.895035
0
LINE
8
BLACK
6
CONTINUOUS
10
170.3607569999999782
20
-53.895035
11
170.7653669999999977
21
-53.799870999999996
0
LINE
8
BLACK
6
CONTINUOUS
10
170.7653669999999977
20
-53.799870999999996
11
171.177031999999997
21
-53.742446000000001
0
LINE
8
BLACK
6
CONTINUOUS
10
171.177031999999997
20
-53.742446000000001
11
171.5922400000000039
21
-53.7232500000000002
0
LINE
8
BLACK
6
CONTINUOUS
10
171.5922400000000039
20
-53.7232500000000002
11
172.0074479999999824
21
-53.742446000000001
0
LINE
8
BLACK
6
CONTINUOUS
10
133.7977080000000001
20
-60.4151839999999964
11
133.917429999999996
21
-60.4921249999999944
0
LINE
8
BLACK
6
CONTINUOUS
10
133.917429999999996
20
-60.4921249999999944
11
134.0106269999999995
21
-60.5996799999999993
0
LINE
8
BLACK
6
CONTINUOUS
10
134.0106269999999995
20
-60.5996799999999993
11
134.0697459999999808
21
-60.7291339999999948
0
LINE
8
BLACK
6
CONTINUOUS
10
134.0697459999999808
20
-60.7291339999999948
11
134.0900000000000034
21
-60.8699999999999974
0
LINE
8
BLACK
6
CONTINUOUS
10
134.0900000000000034
20
-60.8699999999999974
11
134.0697459999999808
21
-61.010866
0
LINE
8
BLACK
6
CONTINUOUS
10
134.0697459999999808
20
-61.010866
11
134.0106269999999995
21
-61.1403199999999956
0
LINE
8
BLACK
6
CONTINUOUS
10
134.0106269999999995
20
-61.1403199999999956
11
133.917429999999996
21
-61.2478750000000005
0
LINE
8
BLACK
6
CONTINUOUS
10
133.917429999999996
20
-61.2478750000000005
11
133.7977080000000001
21
-61.3248159999999984
0
LINE
8
BLACK
6
CONTINUOUS
10
133.7977080000000001
20
-61.3248159999999984
11
133.6611570000000029
21
-61.3649109999999993
0
LINE
8
BLACK
6
CONTINUOUS
10
133.6611570000000029
20
-61.3649109999999993
11
133.5188430000000039
21
-61.3649109999999993
0
LINE
8
BLACK
6
CONTINUOUS
10
133.5188430000000039
20
-61.3649109999999993
11
133.3822920000000067
21
-61.3248159999999984
0
LINE
8
BLACK
6
CONTINUOUS
10
133.3822920000000067
20
-61.3248159999999984
11
133.2625699999999824
21
-61.2478750000000005
0
LINE
8
BLACK
6
CONTINUOUS
10
133.2625699999999824
20
-61.2478750000000005
11
133.1693730000000073
21
-61.1403199999999956
0
LINE
8
BLACK
6
CONTINUOUS
10
133.1693730000000073
20
-61.1403199999999956
11
133.1102539999999976
21
-61.010866
0
LINE
8
BLACK
6
CONTINUOUS
10
133.1102539999999976
20
-61.010866
11
133.0900000000000034
21
-60.8699999999999974
0
LINE
8
BLACK
6
CONTINUOUS
10
133.0900000000000034
20
-60.8699999999999974
11
133.1102539999999976
21
-60.7291339999999948
0
LINE
8
BLACK
6
CONTINUOUS
10
133.1102539999999976
20
-60.7291339999999948
11
133.1693730000000073
21
-60.5996799999999993
0
LINE
8
BLACK
6
CONTINUOUS
10
133.1693730000000073
20
-60.5996799999999993
11
133.2625699999999824
21
-60.4921249999999944
0
LINE
8
BLACK
6
CONTINUOUS
10
133.2625699999999824
20
-60.4921249999999944
11
133.3822920000000067
21
-60.4151839999999964
0
LINE
8
BLACK
6
CONTINUOUS
10
133.3822920000000067
20
-60.4151839999999964
11
133.5188430000000039
21
-60.3750889999999956
0
LINE
8
BLACK
6
CONTINUOUS
10
133.5188430000000039
20
-60.3750889999999956
11
133.6611570000000029
21
-60.3750889999999956
0
LINE
8
BLACK
6
CONTINUOUS
10
133.6611570000000029
20
-60.3750889999999956
11
133.7977080000000001
21
-60.4151839999999964
0
LINE
8
BLACK
6
CONTINUOUS
10
135.0677079999999819
20
-60.4151839999999964
11
135.1874300000000062
21
-60.4921249999999944
0
LINE
8
BLACK
6
CONTINUOUS
10
135.1874300000000062
20
-60.4921249999999944
11
135.2806269999999813
21
-60.5996799999999993
0
LINE
8
BLACK
6
CONTINUOUS
10
135.2806269999999813
20
-60.5996799999999993
11
135.339745999999991
21
-60.7291339999999948
0
LINE
8
BLACK
6
CONTINUOUS
10
135.339745999999991
20
-60.7291339999999948
11
135.3599999999999852
21
-60.8699999999999974
0
LINE
8
BLACK
6
CONTINUOUS
10
135.3599999999999852
20
-60.8699999999999974
11
135.339745999999991
21
-61.010866
0
LINE
8
BLACK
6
CONTINUOUS
10
135.339745999999991
20
-61.010866
11
135.2806269999999813
21
-61.1403199999999956
0
LINE
8
BLACK
6
CONTINUOUS
10
135.2806269999999813
20
-61.1403199999999956
11
135.1874300000000062
21
-61.2478750000000005
0
LINE
8
BLACK
6
CONTINUOUS
10
135.1874300000000062
20
-61.2478750000000005
11
135.0677079999999819
21
-61.3248159999999984
0
LINE
8
BLACK
6
CONTINUOUS
10
135.0677079999999819
20
-61.3248159999999984
11
134.9311569999999847
21
-61.3649109999999993
0
LINE
8
BLACK
6
CONTINUOUS
10
134.9311569999999847
20
-61.3649109999999993
11
134.7888429999999858
21
-61.3649109999999993
0
LINE
8
BLACK
6
CONTINUOUS
10
134.7888429999999858
20
-61.3649109999999993
11
134.6522919999999885
21
-61.3248159999999984
0
LINE
8
BLACK
6
CONTINUOUS
10
134.6522919999999885
20
-61.3248159999999984
11
134.5325699999999927
21
-61.2478750000000005
0
LINE
8
BLACK
6
CONTINUOUS
10
134.5325699999999927
20
-61.2478750000000005
11
134.4393729999999891
21
-61.1403199999999956
0
LINE
8
BLACK
6
CONTINUOUS
10
134.4393729999999891
20
-61.1403199999999956
11
134.3802540000000079
21
-61.010866
0
LINE
8
BLACK
6
CONTINUOUS
10
134.3802540000000079
20
-61.010866
11
134.3599999999999852
21
-60.8699999999999974
0
LINE
8
BLACK
6
CONTINUOUS
10
134.3599999999999852
20
-60.8699999999999974
11
134.3802540000000079
21
-60.7291339999999948
0
LINE
8
BLACK
6
CONTINUOUS
10
134.3802540000000079
20
-60.7291339999999948
11
134.4393729999999891
21
-60.5996799999999993
0
LINE
8
BLACK
6
CONTINUOUS
10
134.4393729999999891
20
-60.5996799999999993
11
134.5325699999999927
21
-60.4921249999999944
0
LINE
8
BLACK
6
CONTINUOUS
10
134.5325699999999927
20
-60.4921249999999944
11
134.6522919999999885
21
-60.4151839999999964
0
LINE
8
BLACK
6
CONTINUOUS
10
134.6522919999999885
20
-60.4151839999999964
11
134.7888429999999858
21
-60.3750889999999956
0
LINE
8
BLACK
6
CONTINUOUS
10
134.7888429999999858
20
-60.3750889999999956
11
134.9311569999999847
21
-60.3750889999999956
0
LINE
8
BLACK
6
CONTINUOUS
10
134.9311569999999847
20
-60.3750889999999956
11
135.0677079999999819
21
-60.4151839999999964
0
LINE
8
BLACK
6
CONTINUOUS
10
136.3377079999999921
20
-60.4151839999999964
11
136.457429999999988
21
-60.4921249999999944
0
LINE
8
BLACK
6
CONTINUOUS
10
136.457429999999988
20
-60.4921249999999944
11
136.5506269999999915
21
-60.5996799999999993
0
LINE
8
BLACK
6
CONTINUOUS
10
136.5506269999999915
20
-60.5996799999999993
11
136.6097460000000012
21
-60.7291339999999948
0
LINE
8
BLACK
6
CONTINUOUS
10
136.6097460000000012
20
-60.7291339999999948
11
136.6299999999999955
21
-60.8699999999999974
0
LINE
8
BLACK
6
CONTINUOUS
10
136.6299999999999955
20
-60.8699999999999974
11
136.6097460000000012
21
-61.010866
0
LINE
8
BLACK
6
CONTINUOUS
10
136.6097460000000012
20
-61.010866
11
136.5506269999999915
21
-61.1403199999999956
0
LINE
8
BLACK
6
CONTINUOUS
10
136.5506269999999915
20
-61.1403199999999956
11
136.457429999999988
21
-61.2478750000000005
0
LINE
8
BLACK
6
CONTINUOUS
10
136.457429999999988
20
-61.2478750000000005
11
136.3377079999999921
21
-61.3248159999999984
0
LINE
8
BLACK
6
CONTINUOUS
10
136.3377079999999921
20
-61.3248159999999984
11
136.2011569999999949
21
-61.3649109999999993
0
LINE
8
BLACK
6
CONTINUOUS
10
136.2011569999999949
20
-61.3649109999999993
11
136.058842999999996
21
-61.3649109999999993
0
LINE
8
BLACK
6
CONTINUOUS
10
136.058842999999996
20
-61.3649109999999993
11
135.9222919999999988
21
-61.3248159999999984
0
LINE
8
BLACK
6
CONTINUOUS
10
135.9222919999999988
20
-61.3248159999999984
11
135.8025700000000029
21
-61.2478750000000005
0
LINE
8
BLACK
6
CONTINUOUS
10
135.8025700000000029
20
-61.2478750000000005
11
135.7093729999999994
21
-61.1403199999999956
0
LINE
8
BLACK
6
CONTINUOUS
10
135.7093729999999994
20
-61.1403199999999956
11
135.6502539999999897
21
-61.010866
0
LINE
8
BLACK
6
CONTINUOUS
10
135.6502539999999897
20
-61.010866
11
135.6299999999999955
21
-60.8699999999999974
0
LINE
8
BLACK
6
CONTINUOUS
10
135.6299999999999955
20
-60.8699999999999974
11
135.6502539999999897
21
-60.7291339999999948
0
LINE
8
BLACK
6
CONTINUOUS
10
135.6502539999999897
20
-60.7291339999999948
11
135.7093729999999994
21
-60.5996799999999993
0
LINE
8
BLACK
6
CONTINUOUS
10
135.7093729999999994
20
-60.5996799999999993
11
135.8025700000000029
21
-60.4921249999999944
0
LINE
8
BLACK
6
CONTINUOUS
10
135.8025700000000029
20
-60.4921249999999944
11
135.9222919999999988
21
-60.4151839999999964
0
LINE
8
BLACK
6
CONTINUOUS
10
135.9222919999999988
20
-60.4151839999999964
11
136.058842999999996
21
-60.3750889999999956
0
LINE
8
BLACK
6
CONTINUOUS
10
136.058842999999996
20
-60.3750889999999956
11
136.2011569999999949
21
-60.3750889999999956
0
LINE
8
BLACK
6
CONTINUOUS
10
136.2011569999999949
20
-60.3750889999999956
11
136.3377079999999921
21
-60.4151839999999964
0
LINE
8
BLACK
6
CONTINUOUS
10
137.6077080000000024
20
-60.4151839999999964
11
137.7274299999999982
21
-60.4921249999999944
0
LINE
8
BLACK
6
CONTINUOUS
10
137.7274299999999982
20
-60.4921249999999944
11
137.8206270000000018
21
-60.5996799999999993
0
LINE
8
BLACK
6
CONTINUOUS
10
137.8206270000000018
20
-60.5996799999999993
11
137.879745999999983
21
-60.7291339999999948
0
LINE
8
BLACK
6
CONTINUOUS
10
137.879745999999983
20
-60.7291339999999948
11
137.9000000000000057
21
-60.8699999999999974
0
LINE
8
BLACK
6
CONTINUOUS
10
137.9000000000000057
20
-60.8699999999999974
11
137.879745999999983
21
-61.010866
0
LINE
8
BLACK
6
CONTINUOUS
10
137.879745999999983
20
-61.010866
11
137.8206270000000018
21
-61.1403199999999956
0
LINE
8
BLACK
6
CONTINUOUS
10
137.8206270000000018
20
-61.1403199999999956
11
137.7274299999999982
21
-61.2478750000000005
0
LINE
8
BLACK
6
CONTINUOUS
10
137.7274299999999982
20
-61.2478750000000005
11
137.6077080000000024
21
-61.3248159999999984
0
LINE
8
BLACK
6
CONTINUOUS
10
137.6077080000000024
20
-61.3248159999999984
11
137.4711570000000052
21
-61.3649109999999993
0
LINE
8
BLACK
6
CONTINUOUS
10
137.4711570000000052
20
-61.3649109999999993
11
137.3288430000000062
21
-61.3649109999999993
0
LINE
8
BLACK
6
CONTINUOUS
10
137.3288430000000062
20
-61.3649109999999993
11
137.1922919999999806
21
-61.3248159999999984
0
LINE
8
BLACK
6
CONTINUOUS
10
137.1922919999999806
20
-61.3248159999999984
11
137.0725699999999847
21
-61.2478750000000005
0
LINE
8
BLACK
6
CONTINUOUS
10
137.0725699999999847
20
-61.2478750000000005
11
136.9793729999999812
21
-61.1403199999999956
0
LINE
8
BLACK
6
CONTINUOUS
10
136.9793729999999812
20
-61.1403199999999956
11
136.9202539999999999
21
-61.010866
0
LINE
8
BLACK
6
CONTINUOUS
10
136.9202539999999999
20
-61.010866
11
136.9000000000000057
21
-60.8699999999999974
0
LINE
8
BLACK
6
CONTINUOUS
10
136.9000000000000057
20
-60.8699999999999974
11
136.9202539999999999
21
-60.7291339999999948
0
LINE
8
BLACK
6
CONTINUOUS
10
136.9202539999999999
20
-60.7291339999999948
11
136.9793729999999812
21
-60.5996799999999993
0
LINE
8
BLACK
6
CONTINUOUS
10
136.9793729999999812
20
-60.5996799999999993
11
137.0725699999999847
21
-60.4921249999999944
0
LINE
8
BLACK
6
CONTINUOUS
10
137.0725699999999847
20
-60.4921249999999944
11
137.1922919999999806
21
-60.4151839999999964
0
LINE
8
BLACK
6
CONTINUOUS
10
137.1922919999999806
20
-60.4151839999999964
11
137.3288430000000062
21
-60.3750889999999956
0
LINE
8
BLACK
6
CONTINUOUS
10
137.3288430000000062
20
-60.3750889999999956
11
137.4711570000000052
21
-60.3750889999999956
0
LINE
8
BLACK
6
CONTINUOUS
10
137.4711570000000052
20
-60.3750889999999956
11
137.6077080000000024
21
-60.4151839999999964
0
LINE
8
BLACK
6
CONTINUOUS
10
138.8777079999999842
20
-60.4151839999999964
11
138.9974299999999801
21
-60.4921249999999944
0
LINE
8
BLACK
6
CONTINUOUS
10
138.9974299999999801
20
-60.4921249999999944
11
139.0906269999999836
21
-60.5996799999999993
0
LINE
8
BLACK
6
CONTINUOUS
10
139.0906269999999836
20
-60.5996799999999993
11
139.1497459999999933
21
-60.7291339999999948
0
LINE
8
BLACK
6
CONTINUOUS
10
139.1497459999999933
20
-60.7291339999999948
11
139.1699999999999875
21
-60.8699999999999974
0
LINE
8
BLACK
6
CONTINUOUS
10
139.1699999999999875
20
-60.8699999999999974
11
139.1497459999999933
21
-61.010866
0
LINE
8
BLACK
6
CONTINUOUS
10
139.1497459999999933
20
-61.010866
11
139.0906269999999836
21
-61.1403199999999956
0
LINE
8
BLACK
6
CONTINUOUS
10
139.0906269999999836
20
-61.1403199999999956
11
138.9974299999999801
21
-61.2478750000000005
0
LINE
8
BLACK
6
CONTINUOUS
10
138.9974299999999801
20
-61.2478750000000005
11
138.8777079999999842
21
-61.3248159999999984
0
LINE
8
BLACK
6
CONTINUOUS
10
138.8777079999999842
20
-61.3248159999999984
11
138.741156999999987
21
-61.3649109999999993
0
LINE
8
BLACK
6
CONTINUOUS
10
138.741156999999987
20
-61.3649109999999993
11
138.598842999999988
21
-61.3649109999999993
0
LINE
8
BLACK
6
CONTINUOUS
10
138.598842999999988
20
-61.3649109999999993
11
138.4622919999999908
21
-61.3248159999999984
0
LINE
8
BLACK
6
CONTINUOUS
10
138.4622919999999908
20
-61.3248159999999984
11
138.3425699999999949
21
-61.2478750000000005
0
LINE
8
BLACK
6
CONTINUOUS
10
138.3425699999999949
20
-61.2478750000000005
11
138.2493729999999914
21
-61.1403199999999956
0
LINE
8
BLACK
6
CONTINUOUS
10
138.2493729999999914
20
-61.1403199999999956
11
138.1902539999999817
21
-61.010866
0
LINE
8
BLACK
6
CONTINUOUS
10
138.1902539999999817
20
-61.010866
11
138.1699999999999875
21
-60.8699999999999974
0
LINE
8
BLACK
6
CONTINUOUS
10
138.1699999999999875
20
-60.8699999999999974
11
138.1902539999999817
21
-60.7291339999999948
0
LINE
8
BLACK
6
CONTINUOUS
10
138.1902539999999817
20
-60.7291339999999948
11
138.2493729999999914
21
-60.5996799999999993
0
LINE
8
BLACK
6
CONTINUOUS
10
138.2493729999999914
20
-60.5996799999999993
11
138.3425699999999949
21
-60.4921249999999944
0
LINE
8
BLACK
6
CONTINUOUS
10
138.3425699999999949
20
-60.4921249999999944
11
138.4622919999999908
21
-60.4151839999999964
0
LINE
8
BLACK
6
CONTINUOUS
10
138.4622919999999908
20
-60.4151839999999964
11
138.598842999999988
21
-60.3750889999999956
0
LINE
8
BLACK
6
CONTINUOUS
10
138.598842999999988
20
-60.3750889999999956
11
138.741156999999987
21
-60.3750889999999956
0
LINE
8
BLACK
6
CONTINUOUS
10
138.741156999999987
20
-60.3750889999999956
11
138.8777079999999842
21
-60.4151839999999964
0
LINE
8
BLACK
6
CONTINUOUS
10
134.0900000000000034
20
-60.0999999999999943
11
133.0900000000000034
21
-60.0999999999999943
0
LINE
8
BLACK
6
CONTINUOUS
10
133.0900000000000034
20
-60.0999999999999943
11
133.0900000000000034
21
-59.0999999999999943
0
LINE
8
BLACK
6
CONTINUOUS
10
133.0900000000000034
20
-59.0999999999999943
11
134.0900000000000034
21
-59.0999999999999943
0
LINE
8
BLACK
6
CONTINUOUS
10
134.0900000000000034
20
-59.0999999999999943
11
134.0900000000000034
21
-60.0999999999999943
0
LINE
8
BLACK
6
CONTINUOUS
10
135.0677079999999819
20
-59.1451840000000004
11
135.1874300000000062
21
-59.2221249999999984
0
LINE
8
BLACK
6
CONTINUOUS
10
135.1874300000000062
20
-59.2221249999999984
11
135.2806269999999813
21
-59.3296799999999962
0
LINE
8
BLACK
6
CONTINUOUS
10
135.2806269999999813
20
-59.3296799999999962
11
135.339745999999991
21
-59.4591339999999988
0
LINE
8
BLACK
6
CONTINUOUS
10
135.339745999999991
20
-59.4591339999999988
11
135.3599999999999852
21
-59.5999999999999943
0
LINE
8
BLACK
6
CONTINUOUS
10
135.3599999999999852
20
-59.5999999999999943
11
135.339745999999991
21
-59.7408659999999969
0
LINE
8
BLACK
6
CONTINUOUS
10
135.339745999999991
20
-59.7408659999999969
11
135.2806269999999813
21
-59.8703199999999995
0
LINE
8
BLACK
6
CONTINUOUS
10
135.2806269999999813
20
-59.8703199999999995
11
135.1874300000000062
21
-59.9778749999999974
0
LINE
8
BLACK
6
CONTINUOUS
10
135.1874300000000062
20
-59.9778749999999974
11
135.0677079999999819
21
-60.0548159999999953
0
LINE
8
BLACK
6
CONTINUOUS
10
135.0677079999999819
20
-60.0548159999999953
11
134.9311569999999847
21
-60.0949109999999962
0
LINE
8
BLACK
6
CONTINUOUS
10
134.9311569999999847
20
-60.0949109999999962
11
134.7888429999999858
21
-60.0949109999999962
0
LINE
8
BLACK
6
CONTINUOUS
10
134.7888429999999858
20
-60.0949109999999962
11
134.6522919999999885
21
-60.0548159999999953
0
LINE
8
BLACK
6
CONTINUOUS
10
134.6522919999999885
20
-60.0548159999999953
11
134.5325699999999927
21
-59.9778749999999974
0
LINE
8
BLACK
6
CONTINUOUS
10
134.5325699999999927
20
-59.9778749999999974
11
134.4393729999999891
21
-59.8703199999999995
0
LINE
8
BLACK
6
CONTINUOUS
10
134.4393729999999891
20
-59.8703199999999995
11
134.3802540000000079
21
-59.7408659999999969
0
LINE
8
BLACK
6
CONTINUOUS
10
134.3802540000000079
20
-59.7408659999999969
11
134.3599999999999852
21
-59.5999999999999943
0
LINE
8
BLACK
6
CONTINUOUS
10
134.3599999999999852
20
-59.5999999999999943
11
134.3802540000000079
21
-59.4591339999999988
0
LINE
8
BLACK
6
CONTINUOUS
10
134.3802540000000079
20
-59.4591339999999988
11
134.4393729999999891
21
-59.3296799999999962
0
LINE
8
BLACK
6
CONTINUOUS
10
134.4393729999999891
20
-59.3296799999999962
11
134.5325699999999927
21
-59.2221249999999984
0
LINE
8
BLACK
6
CONTINUOUS
10
134.5325699999999927
20
-59.2221249999999984
11
134.6522919999999885
21
-59.1451840000000004
0
LINE
8
BLACK
6
CONTINUOUS
10
134.6522919999999885
20
-59.1451840000000004
11
134.7888429999999858
21
-59.1050889999999995
0
LINE
8
BLACK
6
CONTINUOUS
10
134.7888429999999858
20
-59.1050889999999995
11
134.9311569999999847
21
-59.1050889999999995
0
LINE
8
BLACK
6
CONTINUOUS
10
134.9311569999999847
20
-59.1050889999999995
11
135.0677079999999819
21
-59.1451840000000004
0
LINE
8
BLACK
6
CONTINUOUS
10
136.3377079999999921
20
-59.1451840000000004
11
136.457429999999988
21
-59.2221249999999984
0
LINE
8
BLACK
6
CONTINUOUS
10
136.457429999999988
20
-59.2221249999999984
11
136.5506269999999915
21
-59.3296799999999962
0
LINE
8
BLACK
6
CONTINUOUS
10
136.5506269999999915
20
-59.3296799999999962
11
136.6097460000000012
21
-59.4591339999999988
0
LINE
8
BLACK
6
CONTINUOUS
10
136.6097460000000012
20
-59.4591339999999988
11
136.6299999999999955
21
-59.5999999999999943
0
LINE
8
BLACK
6
CONTINUOUS
10
136.6299999999999955
20
-59.5999999999999943
11
136.6097460000000012
21
-59.7408659999999969
0
LINE
8
BLACK
6
CONTINUOUS
10
136.6097460000000012
20
-59.7408659999999969
11
136.5506269999999915
21
-59.8703199999999995
0
LINE
8
BLACK
6
CONTINUOUS
10
136.5506269999999915
20
-59.8703199999999995
11
136.457429999999988
21
-59.9778749999999974
0
LINE
8
BLACK
6
CONTINUOUS
10
136.457429999999988
20
-59.9778749999999974
11
136.3377079999999921
21
-60.0548159999999953
0
LINE
8
BLACK
6
CONTINUOUS
10
136.3377079999999921
20
-60.0548159999999953
11
136.2011569999999949
21
-60.0949109999999962
0
LINE
8
BLACK
6
CONTINUOUS
10
136.2011569999999949
20
-60.0949109999999962
11
136.058842999999996
21
-60.0949109999999962
0
LINE
8
BLACK
6
CONTINUOUS
10
136.058842999999996
20
-60.0949109999999962
11
135.9222919999999988
21
-60.0548159999999953
0
LINE
8
BLACK
6
CONTINUOUS
10
135.9222919999999988
20
-60.0548159999999953
11
135.8025700000000029
21
-59.9778749999999974
0
LINE
8
BLACK
6
CONTINUOUS
10
135.8025700000000029
20
-59.9778749999999974
11
135.7093729999999994
21
-59.8703199999999995
0
LINE
8
BLACK
6
CONTINUOUS
10
135.7093729999999994
20
-59.8703199999999995
11
135.6502539999999897
21
-59.7408659999999969
0
LINE
8
BLACK
6
CONTINUOUS
10
135.6502539999999897
20
-59.7408659999999969
11
135.6299999999999955
21
-59.5999999999999943
0
LINE
8
BLACK
6
CONTINUOUS
10
135.6299999999999955
20
-59.5999999999999943
11
135.6502539999999897
21
-59.4591339999999988
0
LINE
8
BLACK
6
CONTINUOUS
10
135.6502539999999897
20
-59.4591339999999988
11
135.7093729999999994
21
-59.3296799999999962
0
LINE
8
BLACK
6
CONTINUOUS
10
135.7093729999999994
20
-59.3296799999999962
11
135.8025700000000029
21
-59.2221249999999984
0
LINE
8
BLACK
6
CONTINUOUS
10
135.8025700000000029
20
-59.2221249999999984
11
135.9222919999999988
21
-59.1451840000000004
0
LINE
8
BLACK
6
CONTINUOUS
10
135.9222919999999988
20
-59.1451840000000004
11
136.058842999999996
21
-59.1050889999999995
0
LINE
8
BLACK
6
CONTINUOUS
10
136.058842999999996
20
-59.1050889999999995
11
136.2011569999999949
21
-59.1050889999999995
0
LINE
8
BLACK
6
CONTINUOUS
10
136.2011569999999949
20
-59.1050889999999995
11
136.3377079999999921
21
-59.1451840000000004
0
LINE
8
BLACK
6
CONTINUOUS
10
137.6077080000000024
20
-59.1451840000000004
11
137.7274299999999982
21
-59.2221249999999984
0
LINE
8
BLACK
6
CONTINUOUS
10
137.7274299999999982
20
-59.2221249999999984
11
137.8206270000000018
21
-59.3296799999999962
0
LINE
8
BLACK
6
CONTINUOUS
10
137.8206270000000018
20
-59.3296799999999962
11
137.879745999999983
21
-59.4591339999999988
0
LINE
8
BLACK
6
CONTINUOUS
10
137.879745999999983
20
-59.4591339999999988
11
137.9000000000000057
21
-59.5999999999999943
0
LINE
8
BLACK
6
CONTINUOUS
10
137.9000000000000057
20
-59.5999999999999943
11
137.879745999999983
21
-59.7408659999999969
0
LINE
8
BLACK
6
CONTINUOUS
10
137.879745999999983
20
-59.7408659999999969
11
137.8206270000000018
21
-59.8703199999999995
0
LINE
8
BLACK
6
CONTINUOUS
10
137.8206270000000018
20
-59.8703199999999995
11
137.7274299999999982
21
-59.9778749999999974
0
LINE
8
BLACK
6
CONTINUOUS
10
137.7274299999999982
20
-59.9778749999999974
11
137.6077080000000024
21
-60.0548159999999953
0
LINE
8
BLACK
6
CONTINUOUS
10
137.6077080000000024
20
-60.0548159999999953
11
137.4711570000000052
21
-60.0949109999999962
0
LINE
8
BLACK
6
CONTINUOUS
10
137.4711570000000052
20
-60.0949109999999962
11
137.3288430000000062
21
-60.0949109999999962
0
LINE
8
BLACK
6
CONTINUOUS
10
137.3288430000000062
20
-60.0949109999999962
11
137.1922919999999806
21
-60.0548159999999953
0
LINE
8
BLACK
6
CONTINUOUS
10
137.1922919999999806
20
-60.0548159999999953
11
137.0725699999999847
21
-59.9778749999999974
0
LINE
8
BLACK
6
CONTINUOUS
10
137.0725699999999847
20
-59.9778749999999974
11
136.9793729999999812
21
-59.8703199999999995
0
LINE
8
BLACK
6
CONTINUOUS
10
136.9793729999999812
20
-59.8703199999999995
11
136.9202539999999999
21
-59.7408659999999969
0
LINE
8
BLACK
6
CONTINUOUS
10
136.9202539999999999
20
-59.7408659999999969
11
136.9000000000000057
21
-59.5999999999999943
0
LINE
8
BLACK
6
CONTINUOUS
10
136.9000000000000057
20
-59.5999999999999943
11
136.9202539999999999
21
-59.4591339999999988
0
LINE
8
BLACK
6
CONTINUOUS
10
136.9202539999999999
20
-59.4591339999999988
11
136.9793729999999812
21
-59.3296799999999962
0
LINE
8
BLACK
6
CONTINUOUS
10
136.9793729999999812
20
-59.3296799999999962
11
137.0725699999999847
21
-59.2221249999999984
0
LINE
8
BLACK
6
CONTINUOUS
10
137.0725699999999847
20
-59.2221249999999984
11
137.1922919999999806
21
-59.1451840000000004
0
LINE
8
BLACK
6
CONTINUOUS
10
137.1922919999999806
20
-59.1451840000000004
11
137.3288430000000062
21
-59.1050889999999995
0
LINE
8
BLACK
6
CONTINUOUS
10
137.3288430000000062
20
-59.1050889999999995
11
137.4711570000000052
21
-59.1050889999999995
0
LINE
8
BLACK
6
CONTINUOUS
10
137.4711570000000052
20
-59.1050889999999995
11
137.6077080000000024
21
-59.1451840000000004
0
LINE
8
BLACK
6
CONTINUOUS
10
138.8777079999999842
20
-59.1451840000000004
11
138.9974299999999801
21
-59.2221249999999984
0
LINE
8
BLACK
6
CONTINUOUS
10
138.9974299999999801
20
-59.2221249999999984
11
139.0906269999999836
21
-59.3296799999999962
0
LINE
8
BLACK
6
CONTINUOUS
10
139.0906269999999836
20
-59.3296799999999962
11
139.1497459999999933
21
-59.4591339999999988
0
LINE
8
BLACK
6
CONTINUOUS
10
139.1497459999999933
20
-59.4591339999999988
11
139.1699999999999875
21
-59.5999999999999943
0
LINE
8
BLACK
6
CONTINUOUS
10
139.1699999999999875
20
-59.5999999999999943
11
139.1497459999999933
21
-59.7408659999999969
0
LINE
8
BLACK
6
CONTINUOUS
10
139.1497459999999933
20
-59.7408659999999969
11
139.0906269999999836
21
-59.8703199999999995
0
LINE
8
BLACK
6
CONTINUOUS
10
139.0906269999999836
20
-59.8703199999999995
11
138.9974299999999801
21
-59.9778749999999974
0
LINE
8
BLACK
6
CONTINUOUS
10
138.9974299999999801
20
-59.9778749999999974
11
138.8777079999999842
21
-60.0548159999999953
0
LINE
8
BLACK
6
CONTINUOUS
10
138.8777079999999842
20
-60.0548159999999953
11
138.741156999999987
21
-60.0949109999999962
0
LINE
8
BLACK
6
CONTINUOUS
10
138.741156999999987
20
-60.0949109999999962
11
138.598842999999988
21
-60.0949109999999962
0
LINE
8
BLACK
6
CONTINUOUS
10
138.598842999999988
20
-60.0949109999999962
11
138.4622919999999908
21
-60.0548159999999953
0
LINE
8
BLACK
6
CONTINUOUS
10
138.4622919999999908
20
-60.0548159999999953
11
138.3425699999999949
21
-59.9778749999999974
0
LINE
8
BLACK
6
CONTINUOUS
10
138.3425699999999949
20
-59.9778749999999974
11
138.2493729999999914
21
-59.8703199999999995
0
LINE
8
BLACK
6
CONTINUOUS
10
138.2493729999999914
20
-59.8703199999999995
11
138.1902539999999817
21
-59.7408659999999969
0
LINE
8
BLACK
6
CONTINUOUS
10
138.1902539999999817
20
-59.7408659999999969
11
138.1699999999999875
21
-59.5999999999999943
0
LINE
8
BLACK
6
CONTINUOUS
10
138.1699999999999875
20
-59.5999999999999943
11
138.1902539999999817
21
-59.4591339999999988
0
LINE
8
BLACK
6
CONTINUOUS
10
138.1902539999999817
20
-59.4591339999999988
11
138.2493729999999914
21
-59.3296799999999962
0
LINE
8
BLACK
6
CONTINUOUS
10
138.2493729999999914
20
-59.3296799999999962
11
138.3425699999999949
21
-59.2221249999999984
0
LINE
8
BLACK
6
CONTINUOUS
10
138.3425699999999949
20
-59.2221249999999984
11
138.4622919999999908
21
-59.1451840000000004
0
LINE
8
BLACK
6
CONTINUOUS
10
138.4622919999999908
20
-59.1451840000000004
11
138.598842999999988
21
-59.1050889999999995
0
LINE
8
BLACK
6
CONTINUOUS
10
138.598842999999988
20
-59.1050889999999995
11
138.741156999999987
21
-59.1050889999999995
0
LINE
8
BLACK
6
CONTINUOUS
10
138.741156999999987
20
-59.1050889999999995
11
138.8777079999999842
21
-59.1451840000000004
0
LINE
8
BLACK
6
CONTINUOUS
10
161.5283869999999808
20
-55.7430789999999945
11
161.6054379999999924
21
-55.7945619999999991
0
LINE
8
BLACK
6
CONTINUOUS
10
161.6054379999999924
20
-55.7945619999999991
11
161.6569209999999828
21
-55.8716129999999964
0
LINE
8
BLACK
6
CONTINUOUS
10
161.6569209999999828
20
-55.8716129999999964
11
161.6749999999999829
21
-55.9624999999999986
0
LINE
8
BLACK
6
CONTINUOUS
10
161.6749999999999829
20
-55.9624999999999986
11
161.6749999999999829
21
-56.4375
0
LINE
8
BLACK
6
CONTINUOUS
10
161.6749999999999829
20
-56.4375
11
161.6569209999999828
21
-56.5283869999999951
0
LINE
8
BLACK
6
CONTINUOUS
10
161.6569209999999828
20
-56.5283869999999951
11
161.6054379999999924
21
-56.6054379999999995
0
LINE
8
BLACK
6
CONTINUOUS
10
161.6054379999999924
20
-56.6054379999999995
11
161.5283869999999808
21
-56.656920999999997
0
LINE
8
BLACK
6
CONTINUOUS
10
161.5283869999999808
20
-56.656920999999997
11
161.4375
21
-56.6749999999999972
0
LINE
8
BLACK
6
CONTINUOUS
10
161.4375
20
-56.6749999999999972
11
160.8375000000000057
21
-56.6749999999999972
0
LINE
8
BLACK
6
CONTINUOUS
10
160.8375000000000057
20
-56.6749999999999972
11
160.7466129999999964
21
-56.656920999999997
0
LINE
8
BLACK
6
CONTINUOUS
10
160.7466129999999964
20
-56.656920999999997
11
160.6695619999999849
21
-56.6054379999999995
0
LINE
8
BLACK
6
CONTINUOUS
10
160.6695619999999849
20
-56.6054379999999995
11
160.6180789999999945
21
-56.5283869999999951
0
LINE
8
BLACK
6
CONTINUOUS
10
160.6180789999999945
20
-56.5283869999999951
11
160.5999999999999943
21
-56.4375
0
LINE
8
BLACK
6
CONTINUOUS
10
160.5999999999999943
20
-56.4375
11
160.5999999999999943
21
-55.9624999999999986
0
LINE
8
BLACK
6
CONTINUOUS
10
160.5999999999999943
20
-55.9624999999999986
11
160.6180789999999945
21
-55.8716129999999964
0
LINE
8
BLACK
6
CONTINUOUS
10
160.6180789999999945
20
-55.8716129999999964
11
160.6695619999999849
21
-55.7945619999999991
0
LINE
8
BLACK
6
CONTINUOUS
10
160.6695619999999849
20
-55.7945619999999991
11
160.7466129999999964
21
-55.7430789999999945
0
LINE
8
BLACK
6
CONTINUOUS
10
160.7466129999999964
20
-55.7430789999999945
11
160.8375000000000057
21
-55.7249999999999943
0
LINE
8
BLACK
6
CONTINUOUS
10
160.8375000000000057
20
-55.7249999999999943
11
161.4375
21
-55.7249999999999943
0
LINE
8
BLACK
6
CONTINUOUS
10
161.4375
20
-55.7249999999999943
11
161.5283869999999808
21
-55.7430789999999945
0
LINE
8
BLACK
6
CONTINUOUS
10
163.2533870000000036
20
-55.7430789999999945
11
163.3304379999999867
21
-55.7945619999999991
0
LINE
8
BLACK
6
CONTINUOUS
10
163.3304379999999867
20
-55.7945619999999991
11
163.3819210000000055
21
-55.8716129999999964
0
LINE
8
BLACK
6
CONTINUOUS
10
163.3819210000000055
20
-55.8716129999999964
11
163.4000000000000057
21
-55.9624999999999986
0
LINE
8
BLACK
6
CONTINUOUS
10
163.4000000000000057
20
-55.9624999999999986
11
163.4000000000000057
21
-56.4375
0
LINE
8
BLACK
6
CONTINUOUS
10
163.4000000000000057
20
-56.4375
11
163.3819210000000055
21
-56.5283869999999951
0
LINE
8
BLACK
6
CONTINUOUS
10
163.3819210000000055
20
-56.5283869999999951
11
163.3304379999999867
21
-56.6054379999999995
0
LINE
8
BLACK
6
CONTINUOUS
10
163.3304379999999867
20
-56.6054379999999995
11
163.2533870000000036
21
-56.656920999999997
0
LINE
8
BLACK
6
CONTINUOUS
10
163.2533870000000036
20
-56.656920999999997
11
163.1624999999999943
21
-56.6749999999999972
0
LINE
8
BLACK
6
CONTINUOUS
10
163.1624999999999943
20
-56.6749999999999972
11
162.5625
21
-56.6749999999999972
0
LINE
8
BLACK
6
CONTINUOUS
10
162.5625
20
-56.6749999999999972
11
162.4716129999999907
21
-56.656920999999997
0
LINE
8
BLACK
6
CONTINUOUS
10
162.4716129999999907
20
-56.656920999999997
11
162.3945619999999792
21
-56.6054379999999995
0
LINE
8
BLACK
6
CONTINUOUS
10
162.3945619999999792
20
-56.6054379999999995
11
162.3430789999999888
21
-56.5283869999999951
0
LINE
8
BLACK
6
CONTINUOUS
10
162.3430789999999888
20
-56.5283869999999951
11
162.3249999999999886
21
-56.4375
0
LINE
8
BLACK
6
CONTINUOUS
10
162.3249999999999886
20
-56.4375
11
162.3249999999999886
21
-55.9624999999999986
0
LINE
8
BLACK
6
CONTINUOUS
10
162.3249999999999886
20
-55.9624999999999986
11
162.3430789999999888
21
-55.8716129999999964
0
LINE
8
BLACK
6
CONTINUOUS
10
162.3430789999999888
20
-55.8716129999999964
11
162.3945619999999792
21
-55.7945619999999991
0
LINE
8
BLACK
6
CONTINUOUS
10
162.3945619999999792
20
-55.7945619999999991
11
162.4716129999999907
21
-55.7430789999999945
0
LINE
8
BLACK
6
CONTINUOUS
10
162.4716129999999907
20
-55.7430789999999945
11
162.5625
21
-55.7249999999999943
0
LINE
8
BLACK
6
CONTINUOUS
10
162.5625
20
-55.7249999999999943
11
163.1624999999999943
21
-55.7249999999999943
0
LINE
8
BLACK
6
CONTINUOUS
10
163.1624999999999943
20
-55.7249999999999943
11
163.2533870000000036
21
-55.7430789999999945
0
LINE
8
BLACK
6
CONTINUOUS
10
149.8963870000000043
20
-55.6770789999999991
11
149.9734379999999874
21
-55.7285619999999966
0
LINE
8
BLACK
6
CONTINUOUS
10
149.9734379999999874
20
-55.7285619999999966
11
150.0249210000000062
21
-55.805613000000001
0
LINE
8
BLACK
6
CONTINUOUS
10
150.0249210000000062
20
-55.805613000000001
11
150.0430000000000064
21
-55.8964999999999961
0
LINE
8
BLACK
6
CONTINUOUS
10
150.0430000000000064
20
-55.8964999999999961
11
150.0430000000000064
21
-56.3714999999999975
0
LINE
8
BLACK
6
CONTINUOUS
10
150.0430000000000064
20
-56.3714999999999975
11
150.0249210000000062
21
-56.4623869999999997
0
LINE
8
BLACK
6
CONTINUOUS
10
150.0249210000000062
20
-56.4623869999999997
11
149.9734379999999874
21
-56.539437999999997
0
LINE
8
BLACK
6
CONTINUOUS
10
149.9734379999999874
20
-56.539437999999997
11
149.8963870000000043
21
-56.5909209999999945
0
LINE
8
BLACK
6
CONTINUOUS
10
149.8963870000000043
20
-56.5909209999999945
11
149.805499999999995
21
-56.6089999999999947
0
LINE
8
BLACK
6
CONTINUOUS
10
149.805499999999995
20
-56.6089999999999947
11
149.2055000000000007
21
-56.6089999999999947
0
LINE
8
BLACK
6
CONTINUOUS
10
149.2055000000000007
20
-56.6089999999999947
11
149.1146129999999914
21
-56.5909209999999945
0
LINE
8
BLACK
6
CONTINUOUS
10
149.1146129999999914
20
-56.5909209999999945
11
149.0375619999999799
21
-56.539437999999997
0
LINE
8
BLACK
6
CONTINUOUS
10
149.0375619999999799
20
-56.539437999999997
11
148.9860789999999895
21
-56.4623869999999997
0
LINE
8
BLACK
6
CONTINUOUS
10
148.9860789999999895
20
-56.4623869999999997
11
148.9679999999999893
21
-56.3714999999999975
0
LINE
8
BLACK
6
CONTINUOUS
10
148.9679999999999893
20
-56.3714999999999975
11
148.9679999999999893
21
-55.8964999999999961
0
LINE
8
BLACK
6
CONTINUOUS
10
148.9679999999999893
20
-55.8964999999999961
11
148.9860789999999895
21
-55.805613000000001
0
LINE
8
BLACK
6
CONTINUOUS
10
148.9860789999999895
20
-55.805613000000001
11
149.0375619999999799
21
-55.7285619999999966
0
LINE
8
BLACK
6
CONTINUOUS
10
149.0375619999999799
20
-55.7285619999999966
11
149.1146129999999914
21
-55.6770789999999991
0
LINE
8
BLACK
6
CONTINUOUS
10
149.1146129999999914
20
-55.6770789999999991
11
149.2055000000000007
21
-55.6589999999999989
0
LINE
8
BLACK
6
CONTINUOUS
10
149.2055000000000007
20
-55.6589999999999989
11
149.805499999999995
21
-55.6589999999999989
0
LINE
8
BLACK
6
CONTINUOUS
10
149.805499999999995
20
-55.6589999999999989
11
149.8963870000000043
21
-55.6770789999999991
0
LINE
8
BLACK
6
CONTINUOUS
10
151.6213869999999986
20
-55.6770789999999991
11
151.6984379999999817
21
-55.7285619999999966
0
LINE
8
BLACK
6
CONTINUOUS
10
151.6984379999999817
20
-55.7285619999999966
11
151.7499210000000005
21
-55.805613000000001
0
LINE
8
BLACK
6
CONTINUOUS
10
151.7499210000000005
20
-55.805613000000001
11
151.7680000000000007
21
-55.8964999999999961
0
LINE
8
BLACK
6
CONTINUOUS
10
151.7680000000000007
20
-55.8964999999999961
11
151.7680000000000007
21
-56.3714999999999975
0
LINE
8
BLACK
6
CONTINUOUS
10
151.7680000000000007
20
-56.3714999999999975
11
151.7499210000000005
21
-56.4623869999999997
0
LINE
8
BLACK
6
CONTINUOUS
10
151.7499210000000005
20
-56.4623869999999997
11
151.6984379999999817
21
-56.539437999999997
0
LINE
8
BLACK
6
CONTINUOUS
10
151.6984379999999817
20
-56.539437999999997
11
151.6213869999999986
21
-56.5909209999999945
0
LINE
8
BLACK
6
CONTINUOUS
10
151.6213869999999986
20
-56.5909209999999945
11
151.5304999999999893
21
-56.6089999999999947
0
LINE
8
BLACK
6
CONTINUOUS
10
151.5304999999999893
20
-56.6089999999999947
11
150.930499999999995
21
-56.6089999999999947
0
LINE
8
BLACK
6
CONTINUOUS
10
150.930499999999995
20
-56.6089999999999947
11
150.8396129999999857
21
-56.5909209999999945
0
LINE
8
BLACK
6
CONTINUOUS
10
150.8396129999999857
20
-56.5909209999999945
11
150.7625620000000026
21
-56.539437999999997
0
LINE
8
BLACK
6
CONTINUOUS
10
150.7625620000000026
20
-56.539437999999997
11
150.7110789999999838
21
-56.4623869999999997
0
LINE
8
BLACK
6
CONTINUOUS
10
150.7110789999999838
20
-56.4623869999999997
11
150.6929999999999836
21
-56.3714999999999975
0
LINE
8
BLACK
6
CONTINUOUS
10
150.6929999999999836
20
-56.3714999999999975
11
150.6929999999999836
21
-55.8964999999999961
0
LINE
8
BLACK
6
CONTINUOUS
10
150.6929999999999836
20
-55.8964999999999961
11
150.7110789999999838
21
-55.805613000000001
0
LINE
8
BLACK
6
CONTINUOUS
10
150.7110789999999838
20
-55.805613000000001
11
150.7625620000000026
21
-55.7285619999999966
0
LINE
8
BLACK
6
CONTINUOUS
10
150.7625620000000026
20
-55.7285619999999966
11
150.8396129999999857
21
-55.6770789999999991
0
LINE
8
BLACK
6
CONTINUOUS
10
150.8396129999999857
20
-55.6770789999999991
11
150.930499999999995
21
-55.6589999999999989
0
LINE
8
BLACK
6
CONTINUOUS
10
150.930499999999995
20
-55.6589999999999989
11
151.5304999999999893
21
-55.6589999999999989
0
LINE
8
BLACK
6
CONTINUOUS
10
151.5304999999999893
20
-55.6589999999999989
11
151.6213869999999986
21
-55.6770789999999991
0
LINE
8
BLACK
6
CONTINUOUS
10
143.6783869999999865
20
-54.0430789999999988
11
143.7554379999999981
21
-54.0945619999999963
0
LINE
8
BLACK
6
CONTINUOUS
10
143.7554379999999981
20
-54.0945619999999963
11
143.8069209999999885
21
-54.1716130000000007
0
LINE
8
BLACK
6
CONTINUOUS
10
143.8069209999999885
20
-54.1716130000000007
11
143.8249999999999886
21
-54.2624999999999957
0
LINE
8
BLACK
6
CONTINUOUS
10
143.8249999999999886
20
-54.2624999999999957
11
143.8249999999999886
21
-54.7374999999999972
0
LINE
8
BLACK
6
CONTINUOUS
10
143.8249999999999886
20
-54.7374999999999972
11
143.8069209999999885
21
-54.8283869999999993
0
LINE
8
BLACK
6
CONTINUOUS
10
143.8069209999999885
20
-54.8283869999999993
11
143.7554379999999981
21
-54.9054379999999966
0
LINE
8
BLACK
6
CONTINUOUS
10
143.7554379999999981
20
-54.9054379999999966
11
143.6783869999999865
21
-54.9569209999999941
0
LINE
8
BLACK
6
CONTINUOUS
10
143.6783869999999865
20
-54.9569209999999941
11
143.5875000000000057
21
-54.9749999999999943
0
LINE
8
BLACK
6
CONTINUOUS
10
143.5875000000000057
20
-54.9749999999999943
11
143.0875000000000057
21
-54.9749999999999943
0
LINE
8
BLACK
6
CONTINUOUS
10
143.0875000000000057
20
-54.9749999999999943
11
142.9966129999999964
21
-54.9569209999999941
0
LINE
8
BLACK
6
CONTINUOUS
10
142.9966129999999964
20
-54.9569209999999941
11
142.9195619999999849
21
-54.9054379999999966
0
LINE
8
BLACK
6
CONTINUOUS
10
142.9195619999999849
20
-54.9054379999999966
11
142.8680789999999945
21
-54.8283869999999993
0
LINE
8
BLACK
6
CONTINUOUS
10
142.8680789999999945
20
-54.8283869999999993
11
142.8499999999999943
21
-54.7374999999999972
0
LINE
8
BLACK
6
CONTINUOUS
10
142.8499999999999943
20
-54.7374999999999972
11
142.8499999999999943
21
-54.2624999999999957
0
LINE
8
BLACK
6
CONTINUOUS
10
142.8499999999999943
20
-54.2624999999999957
11
142.8680789999999945
21
-54.1716130000000007
0
LINE
8
BLACK
6
CONTINUOUS
10
142.8680789999999945
20
-54.1716130000000007
11
142.9195619999999849
21
-54.0945619999999963
0
LINE
8
BLACK
6
CONTINUOUS
10
142.9195619999999849
20
-54.0945619999999963
11
142.9966129999999964
21
-54.0430789999999988
0
LINE
8
BLACK
6
CONTINUOUS
10
142.9966129999999964
20
-54.0430789999999988
11
143.0875000000000057
21
-54.0249999999999986
0
LINE
8
BLACK
6
CONTINUOUS
10
143.0875000000000057
20
-54.0249999999999986
11
143.5875000000000057
21
-54.0249999999999986
0
LINE
8
BLACK
6
CONTINUOUS
10
143.5875000000000057
20
-54.0249999999999986
11
143.6783869999999865
21
-54.0430789999999988
0
LINE
8
BLACK
6
CONTINUOUS
10
145.5033870000000036
20
-54.0430789999999988
11
145.5804379999999867
21
-54.0945619999999963
0
LINE
8
BLACK
6
CONTINUOUS
10
145.5804379999999867
20
-54.0945619999999963
11
145.6319210000000055
21
-54.1716130000000007
0
LINE
8
BLACK
6
CONTINUOUS
10
145.6319210000000055
20
-54.1716130000000007
11
145.6500000000000057
21
-54.2624999999999957
0
LINE
8
BLACK
6
CONTINUOUS
10
145.6500000000000057
20
-54.2624999999999957
11
145.6500000000000057
21
-54.7374999999999972
0
LINE
8
BLACK
6
CONTINUOUS
10
145.6500000000000057
20
-54.7374999999999972
11
145.6319210000000055
21
-54.8283869999999993
0
LINE
8
BLACK
6
CONTINUOUS
10
145.6319210000000055
20
-54.8283869999999993
11
145.5804379999999867
21
-54.9054379999999966
0
LINE
8
BLACK
6
CONTINUOUS
10
145.5804379999999867
20
-54.9054379999999966
11
145.5033870000000036
21
-54.9569209999999941
0
LINE
8
BLACK
6
CONTINUOUS
10
145.5033870000000036
20
-54.9569209999999941
11
145.4124999999999943
21
-54.9749999999999943
0
LINE
8
BLACK
6
CONTINUOUS
10
145.4124999999999943
20
-54.9749999999999943
11
144.9124999999999943
21
-54.9749999999999943
0
LINE
8
BLACK
6
CONTINUOUS
10
144.9124999999999943
20
-54.9749999999999943
11
144.821612999999985
21
-54.9569209999999941
0
LINE
8
BLACK
6
CONTINUOUS
10
144.821612999999985
20
-54.9569209999999941
11
144.7445620000000019
21
-54.9054379999999966
0
LINE
8
BLACK
6
CONTINUOUS
10
144.7445620000000019
20
-54.9054379999999966
11
144.6930789999999831
21
-54.8283869999999993
0
LINE
8
BLACK
6
CONTINUOUS
10
144.6930789999999831
20
-54.8283869999999993
11
144.6749999999999829
21
-54.7374999999999972
0
LINE
8
BLACK
6
CONTINUOUS
10
144.6749999999999829
20
-54.7374999999999972
11
144.6749999999999829
21
-54.2624999999999957
0
LINE
8
BLACK
6
CONTINUOUS
10
144.6749999999999829
20
-54.2624999999999957
11
144.6930789999999831
21
-54.1716130000000007
0
LINE
8
BLACK
6
CONTINUOUS
10
144.6930789999999831
20
-54.1716130000000007
11
144.7445620000000019
21
-54.0945619999999963
0
LINE
8
BLACK
6
CONTINUOUS
10
144.7445620000000019
20
-54.0945619999999963
11
144.821612999999985
21
-54.0430789999999988
0
LINE
8
BLACK
6
CONTINUOUS
10
144.821612999999985
20
-54.0430789999999988
11
144.9124999999999943
21
-54.0249999999999986
0
LINE
8
BLACK
6
CONTINUOUS
10
144.9124999999999943
20
-54.0249999999999986
11
145.4124999999999943
21
-54.0249999999999986
0
LINE
8
BLACK
6
CONTINUOUS
10
145.4124999999999943
20
-54.0249999999999986
11
145.5033870000000036
21
-54.0430789999999988
0
LINE
8
BLACK
6
CONTINUOUS
10
143.7783869999999808
20
-52.5430789999999988
11
143.8554379999999924
21
-52.5945619999999963
0
LINE
8
BLACK
6
CONTINUOUS
10
143.8554379999999924
20
-52.5945619999999963
11
143.9069209999999828
21
-52.6716130000000007
0
LINE
8
BLACK
6
CONTINUOUS
10
143.9069209999999828
20
-52.6716130000000007
11
143.9249999999999829
21
-52.7624999999999957
0
LINE
8
BLACK
6
CONTINUOUS
10
143.9249999999999829
20
-52.7624999999999957
11
143.9249999999999829
21
-53.2374999999999972
0
LINE
8
BLACK
6
CONTINUOUS
10
143.9249999999999829
20
-53.2374999999999972
11
143.9069209999999828
21
-53.3283869999999993
0
LINE
8
BLACK
6
CONTINUOUS
10
143.9069209999999828
20
-53.3283869999999993
11
143.8554379999999924
21
-53.4054379999999966
0
LINE
8
BLACK
6
CONTINUOUS
10
143.8554379999999924
20
-53.4054379999999966
11
143.7783869999999808
21
-53.4569209999999941
0
LINE
8
BLACK
6
CONTINUOUS
10
143.7783869999999808
20
-53.4569209999999941
11
143.6875
21
-53.4749999999999943
0
LINE
8
BLACK
6
CONTINUOUS
10
143.6875
20
-53.4749999999999943
11
143.0875000000000057
21
-53.4749999999999943
0
LINE
8
BLACK
6
CONTINUOUS
10
143.0875000000000057
20
-53.4749999999999943
11
142.9966129999999964
21
-53.4569209999999941
0
LINE
8
BLACK
6
CONTINUOUS
10
142.9966129999999964
20
-53.4569209999999941
11
142.9195619999999849
21
-53.4054379999999966
0
LINE
8
BLACK
6
CONTINUOUS
10
142.9195619999999849
20
-53.4054379999999966
11
142.8680789999999945
21
-53.3283869999999993
0
LINE
8
BLACK
6
CONTINUOUS
10
142.8680789999999945
20
-53.3283869999999993
11
142.8499999999999943
21
-53.2374999999999972
0
LINE
8
BLACK
6
CONTINUOUS
10
142.8499999999999943
20
-53.2374999999999972
11
142.8499999999999943
21
-52.7624999999999957
0
LINE
8
BLACK
6
CONTINUOUS
10
142.8499999999999943
20
-52.7624999999999957
11
142.8680789999999945
21
-52.6716130000000007
0
LINE
8
BLACK
6
CONTINUOUS
10
142.8680789999999945
20
-52.6716130000000007
11
142.9195619999999849
21
-52.5945619999999963
0
LINE
8
BLACK
6
CONTINUOUS
10
142.9195619999999849
20
-52.5945619999999963
11
142.9966129999999964
21
-52.5430789999999988
0
LINE
8
BLACK
6
CONTINUOUS
10
142.9966129999999964
20
-52.5430789999999988
11
143.0875000000000057
21
-52.5249999999999986
0
LINE
8
BLACK
6
CONTINUOUS
10
143.0875000000000057
20
-52.5249999999999986
11
143.6875
21
-52.5249999999999986
0
LINE
8
BLACK
6
CONTINUOUS
10
143.6875
20
-52.5249999999999986
11
143.7783869999999808
21
-52.5430789999999988
0
LINE
8
BLACK
6
CONTINUOUS
10
145.5033870000000036
20
-52.5430789999999988
11
145.5804379999999867
21
-52.5945619999999963
0
LINE
8
BLACK
6
CONTINUOUS
10
145.5804379999999867
20
-52.5945619999999963
11
145.6319210000000055
21
-52.6716130000000007
0
LINE
8
BLACK
6
CONTINUOUS
10
145.6319210000000055
20
-52.6716130000000007
11
145.6500000000000057
21
-52.7624999999999957
0
LINE
8
BLACK
6
CONTINUOUS
10
145.6500000000000057
20
-52.7624999999999957
11
145.6500000000000057
21
-53.2374999999999972
0
LINE
8
BLACK
6
CONTINUOUS
10
145.6500000000000057
20
-53.2374999999999972
11
145.6319210000000055
21
-53.3283869999999993
0
LINE
8
BLACK
6
CONTINUOUS
10
145.6319210000000055
20
-53.3283869999999993
11
145.5804379999999867
21
-53.4054379999999966
0
LINE
8
BLACK
6
CONTINUOUS
10
145.5804379999999867
20
-53.4054379999999966
11
145.5033870000000036
21
-53.4569209999999941
0
LINE
8
BLACK
6
CONTINUOUS
10
145.5033870000000036
20
-53.4569209999999941
11
145.4124999999999943
21
-53.4749999999999943
0
LINE
8
BLACK
6
CONTINUOUS
10
145.4124999999999943
20
-53.4749999999999943
11
144.8125
21
-53.4749999999999943
0
LINE
8
BLACK
6
CONTINUOUS
10
144.8125
20
-53.4749999999999943
11
144.7216129999999907
21
-53.4569209999999941
0
LINE
8
BLACK
6
CONTINUOUS
10
144.7216129999999907
20
-53.4569209999999941
11
144.6445620000000076
21
-53.4054379999999966
0
LINE
8
BLACK
6
CONTINUOUS
10
144.6445620000000076
20
-53.4054379999999966
11
144.5930789999999888
21
-53.3283869999999993
0
LINE
8
BLACK
6
CONTINUOUS
10
144.5930789999999888
20
-53.3283869999999993
11
144.5749999999999886
21
-53.2374999999999972
0
LINE
8
BLACK
6
CONTINUOUS
10
144.5749999999999886
20
-53.2374999999999972
11
144.5749999999999886
21
-52.7624999999999957
0
LINE
8
BLACK
6
CONTINUOUS
10
144.5749999999999886
20
-52.7624999999999957
11
144.5930789999999888
21
-52.6716130000000007
0
LINE
8
BLACK
6
CONTINUOUS
10
144.5930789999999888
20
-52.6716130000000007
11
144.6445620000000076
21
-52.5945619999999963
0
LINE
8
BLACK
6
CONTINUOUS
10
144.6445620000000076
20
-52.5945619999999963
11
144.7216129999999907
21
-52.5430789999999988
0
LINE
8
BLACK
6
CONTINUOUS
10
144.7216129999999907
20
-52.5430789999999988
11
144.8125
21
-52.5249999999999986
0
LINE
8
BLACK
6
CONTINUOUS
10
144.8125
20
-52.5249999999999986
11
145.4124999999999943
21
-52.5249999999999986
0
LINE
8
BLACK
6
CONTINUOUS
10
145.4124999999999943
20
-52.5249999999999986
11
145.5033870000000036
21
-52.5430789999999988
0
LINE
8
BLACK
6
CONTINUOUS
10
148.157402999999988
20
-52.6164179999999959
11
148.2060659999999928
21
-52.648933999999997
0
LINE
8
BLACK
6
CONTINUOUS
10
148.2060659999999928
20
-52.648933999999997
11
148.2385819999999796
21
-52.6975969999999947
0
LINE
8
BLACK
6
CONTINUOUS
10
148.2385819999999796
20
-52.6975969999999947
11
148.25
21
-52.7549999999999955
0
LINE
8
BLACK
6
CONTINUOUS
10
148.25
20
-52.7549999999999955
11
148.25
21
-53.0549999999999997
0
LINE
8
BLACK
6
CONTINUOUS
10
148.25
20
-53.0549999999999997
11
148.2385819999999796
21
-53.1124030000000005
0
LINE
8
BLACK
6
CONTINUOUS
10
148.2385819999999796
20
-53.1124030000000005
11
148.2060659999999928
21
-53.1610659999999982
0
LINE
8
BLACK
6
CONTINUOUS
10
148.2060659999999928
20
-53.1610659999999982
11
148.157402999999988
21
-53.1935819999999993
0
LINE
8
BLACK
6
CONTINUOUS
10
148.157402999999988
20
-53.1935819999999993
11
148.0999999999999943
21
-53.2049999999999983
0
LINE
8
BLACK
6
CONTINUOUS
10
148.0999999999999943
20
-53.2049999999999983
11
146.4499999999999886
21
-53.2049999999999983
0
LINE
8
BLACK
6
CONTINUOUS
10
146.4499999999999886
20
-53.2049999999999983
11
146.392596999999995
21
-53.1935819999999993
0
LINE
8
BLACK
6
CONTINUOUS
10
146.392596999999995
20
-53.1935819999999993
11
146.3439339999999902
21
-53.1610659999999982
0
LINE
8
BLACK
6
CONTINUOUS
10
146.3439339999999902
20
-53.1610659999999982
11
146.3114180000000033
21
-53.1124030000000005
0
LINE
8
BLACK
6
CONTINUOUS
10
146.3114180000000033
20
-53.1124030000000005
11
146.2999999999999829
21
-53.0549999999999997
0
LINE
8
BLACK
6
CONTINUOUS
10
146.2999999999999829
20
-53.0549999999999997
11
146.2999999999999829
21
-52.7549999999999955
0
LINE
8
BLACK
6
CONTINUOUS
10
146.2999999999999829
20
-52.7549999999999955
11
146.3114180000000033
21
-52.6975969999999947
0
LINE
8
BLACK
6
CONTINUOUS
10
146.3114180000000033
20
-52.6975969999999947
11
146.3439339999999902
21
-52.648933999999997
0
LINE
8
BLACK
6
CONTINUOUS
10
146.3439339999999902
20
-52.648933999999997
11
146.392596999999995
21
-52.6164179999999959
0
LINE
8
BLACK
6
CONTINUOUS
10
146.392596999999995
20
-52.6164179999999959
11
146.4499999999999886
21
-52.6049999999999969
0
LINE
8
BLACK
6
CONTINUOUS
10
146.4499999999999886
20
-52.6049999999999969
11
148.0999999999999943
21
-52.6049999999999969
0
LINE
8
BLACK
6
CONTINUOUS
10
148.0999999999999943
20
-52.6049999999999969
11
148.157402999999988
21
-52.6164179999999959
0
LINE
8
BLACK
6
CONTINUOUS
10
153.107403000000005
20
-52.6164179999999959
11
153.1560659999999814
21
-52.648933999999997
0
LINE
8
BLACK
6
CONTINUOUS
10
153.1560659999999814
20
-52.648933999999997
11
153.1885819999999967
21
-52.6975969999999947
0
LINE
8
BLACK
6
CONTINUOUS
10
153.1885819999999967
20
-52.6975969999999947
11
153.1999999999999886
21
-52.7549999999999955
0
LINE
8
BLACK
6
CONTINUOUS
10
153.1999999999999886
20
-52.7549999999999955
11
153.1999999999999886
21
-53.0549999999999997
0
LINE
8
BLACK
6
CONTINUOUS
10
153.1999999999999886
20
-53.0549999999999997
11
153.1885819999999967
21
-53.1124030000000005
0
LINE
8
BLACK
6
CONTINUOUS
10
153.1885819999999967
20
-53.1124030000000005
11
153.1560659999999814
21
-53.1610659999999982
0
LINE
8
BLACK
6
CONTINUOUS
10
153.1560659999999814
20
-53.1610659999999982
11
153.107403000000005
21
-53.1935819999999993
0
LINE
8
BLACK
6
CONTINUOUS
10
153.107403000000005
20
-53.1935819999999993
11
153.0499999999999829
21
-53.2049999999999983
0
LINE
8
BLACK
6
CONTINUOUS
10
153.0499999999999829
20
-53.2049999999999983
11
151.4000000000000057
21
-53.2049999999999983
0
LINE
8
BLACK
6
CONTINUOUS
10
151.4000000000000057
20
-53.2049999999999983
11
151.3425969999999836
21
-53.1935819999999993
0
LINE
8
BLACK
6
CONTINUOUS
10
151.3425969999999836
20
-53.1935819999999993
11
151.2939340000000072
21
-53.1610659999999982
0
LINE
8
BLACK
6
CONTINUOUS
10
151.2939340000000072
20
-53.1610659999999982
11
151.2614179999999919
21
-53.1124030000000005
0
LINE
8
BLACK
6
CONTINUOUS
10
151.2614179999999919
20
-53.1124030000000005
11
151.25
21
-53.0549999999999997
0
LINE
8
BLACK
6
CONTINUOUS
10
151.25
20
-53.0549999999999997
11
151.25
21
-52.7549999999999955
0
LINE
8
BLACK
6
CONTINUOUS
10
151.25
20
-52.7549999999999955
11
151.2614179999999919
21
-52.6975969999999947
0
LINE
8
BLACK
6
CONTINUOUS
10
151.2614179999999919
20
-52.6975969999999947
11
151.2939340000000072
21
-52.648933999999997
0
LINE
8
BLACK
6
CONTINUOUS
10
151.2939340000000072
20
-52.648933999999997
11
151.3425969999999836
21
-52.6164179999999959
0
LINE
8
BLACK
6
CONTINUOUS
10
151.3425969999999836
20
-52.6164179999999959
11
151.4000000000000057
21
-52.6049999999999969
0
LINE
8
BLACK
6
CONTINUOUS
10
151.4000000000000057
20
-52.6049999999999969
11
153.0499999999999829
21
-52.6049999999999969
0
LINE
8
BLACK
6
CONTINUOUS
10
153.0499999999999829
20
-52.6049999999999969
11
153.107403000000005
21
-52.6164179999999959
0
LINE
8
BLACK
6
CONTINUOUS
10
158.098670999999996
20
-50.680029999999995
11
158.1797770000000014
21
-50.7342230000000001
0
LINE
8
BLACK
6
CONTINUOUS
10
158.1797770000000014
20
-50.7342230000000001
11
158.2339699999999993
21
-50.8153289999999984
0
LINE
8
BLACK
6
CONTINUOUS
10
158.2339699999999993
20
-50.8153289999999984
11
158.2529999999999859
21
-50.9109999999999943
0
LINE
8
BLACK
6
CONTINUOUS
10
158.2529999999999859
20
-50.9109999999999943
11
158.2529999999999859
21
-52.9109999999999943
0
LINE
8
BLACK
6
CONTINUOUS
10
158.2529999999999859
20
-52.9109999999999943
11
158.2339699999999993
21
-53.0066709999999972
0
LINE
8
BLACK
6
CONTINUOUS
10
158.2339699999999993
20
-53.0066709999999972
11
158.1797770000000014
21
-53.0877769999999956
0
LINE
8
BLACK
6
CONTINUOUS
10
158.1797770000000014
20
-53.0877769999999956
11
158.098670999999996
21
-53.1419700000000006
0
LINE
8
BLACK
6
CONTINUOUS
10
158.098670999999996
20
-53.1419700000000006
11
158.0029999999999859
21
-53.1609999999999943
0
LINE
8
BLACK
6
CONTINUOUS
10
158.0029999999999859
20
-53.1609999999999943
11
156.703000000000003
21
-53.1609999999999943
0
LINE
8
BLACK
6
CONTINUOUS
10
156.703000000000003
20
-53.1609999999999943
11
156.6073289999999929
21
-53.1419700000000006
0
LINE
8
BLACK
6
CONTINUOUS
10
156.6073289999999929
20
-53.1419700000000006
11
156.5262229999999875
21
-53.0877769999999956
0
LINE
8
BLACK
6
CONTINUOUS
10
156.5262229999999875
20
-53.0877769999999956
11
156.4720299999999895
21
-53.0066709999999972
0
LINE
8
BLACK
6
CONTINUOUS
10
156.4720299999999895
20
-53.0066709999999972
11
156.453000000000003
21
-52.9109999999999943
0
LINE
8
BLACK
6
CONTINUOUS
10
156.453000000000003
20
-52.9109999999999943
11
156.453000000000003
21
-50.9109999999999943
0
LINE
8
BLACK
6
CONTINUOUS
10
156.453000000000003
20
-50.9109999999999943
11
156.4720299999999895
21
-50.8153289999999984
0
LINE
8
BLACK
6
CONTINUOUS
10
156.4720299999999895
20
-50.8153289999999984
11
156.5262229999999875
21
-50.7342230000000001
0
LINE
8
BLACK
6
CONTINUOUS
10
156.5262229999999875
20
-50.7342230000000001
11
156.6073289999999929
21
-50.680029999999995
0
LINE
8
BLACK
6
CONTINUOUS
10
156.6073289999999929
20
-50.680029999999995
11
156.703000000000003
21
-50.6609999999999943
0
LINE
8
BLACK
6
CONTINUOUS
10
156.703000000000003
20
-50.6609999999999943
11
158.0029999999999859
21
-50.6609999999999943
0
LINE
8
BLACK
6
CONTINUOUS
10
158.0029999999999859
20
-50.6609999999999943
11
158.098670999999996
21
-50.680029999999995
0
LINE
8
BLACK
6
CONTINUOUS
10
155.0706710000000044
20
-51.9690299999999965
11
155.1517769999999814
21
-52.0232229999999944
0
LINE
8
BLACK
6
CONTINUOUS
10
155.1517769999999814
20
-52.0232229999999944
11
155.2059699999999793
21
-52.1043289999999999
0
LINE
8
BLACK
6
CONTINUOUS
10
155.2059699999999793
20
-52.1043289999999999
11
155.2249999999999943
21
-52.1999999999999957
0
LINE
8
BLACK
6
CONTINUOUS
10
155.2249999999999943
20
-52.1999999999999957
11
155.2249999999999943
21
-52.875
0
LINE
8
BLACK
6
CONTINUOUS
10
155.2249999999999943
20
-52.875
11
155.2059699999999793
21
-52.9706709999999958
0
LINE
8
BLACK
6
CONTINUOUS
10
155.2059699999999793
20
-52.9706709999999958
11
155.1517769999999814
21
-53.0517769999999942
0
LINE
8
BLACK
6
CONTINUOUS
10
155.1517769999999814
20
-53.0517769999999942
11
155.0706710000000044
21
-53.1059699999999992
0
LINE
8
BLACK
6
CONTINUOUS
10
155.0706710000000044
20
-53.1059699999999992
11
154.9749999999999943
21
-53.125
0
LINE
8
BLACK
6
CONTINUOUS
10
154.9749999999999943
20
-53.125
11
154.0250000000000057
21
-53.125
0
LINE
8
BLACK
6
CONTINUOUS
10
154.0250000000000057
20
-53.125
11
153.9293289999999956
21
-53.1059699999999992
0
LINE
8
BLACK
6
CONTINUOUS
10
153.9293289999999956
20
-53.1059699999999992
11
153.8482229999999902
21
-53.0517769999999942
0
LINE
8
BLACK
6
CONTINUOUS
10
153.8482229999999902
20
-53.0517769999999942
11
153.7940299999999922
21
-52.9706709999999958
0
LINE
8
BLACK
6
CONTINUOUS
10
153.7940299999999922
20
-52.9706709999999958
11
153.7750000000000057
21
-52.875
0
LINE
8
BLACK
6
CONTINUOUS
10
153.7750000000000057
20
-52.875
11
153.7750000000000057
21
-52.1999999999999957
0
LINE
8
BLACK
6
CONTINUOUS
10
153.7750000000000057
20
-52.1999999999999957
11
153.7940299999999922
21
-52.1043289999999999
0
LINE
8
BLACK
6
CONTINUOUS
10
153.7940299999999922
20
-52.1043289999999999
11
153.8482229999999902
21
-52.0232229999999944
0
LINE
8
BLACK
6
CONTINUOUS
10
153.8482229999999902
20
-52.0232229999999944
11
153.9293289999999956
21
-51.9690299999999965
0
LINE
8
BLACK
6
CONTINUOUS
10
153.9293289999999956
20
-51.9690299999999965
11
154.0250000000000057
21
-51.9499999999999957
0
LINE
8
BLACK
6
CONTINUOUS
10
154.0250000000000057
20
-51.9499999999999957
11
154.9749999999999943
21
-51.9499999999999957
0
LINE
8
BLACK
6
CONTINUOUS
10
154.9749999999999943
20
-51.9499999999999957
11
155.0706710000000044
21
-51.9690299999999965
0
LINE
8
BLACK
6
CONTINUOUS
10
143.7783869999999808
20
-51.0430789999999988
11
143.8554379999999924
21
-51.0945619999999963
0
LINE
8
BLACK
6
CONTINUOUS
10
143.8554379999999924
20
-51.0945619999999963
11
143.9069209999999828
21
-51.1716130000000007
0
LINE
8
BLACK
6
CONTINUOUS
10
143.9069209999999828
20
-51.1716130000000007
11
143.9249999999999829
21
-51.2624999999999957
0
LINE
8
BLACK
6
CONTINUOUS
10
143.9249999999999829
20
-51.2624999999999957
11
143.9249999999999829
21
-51.7374999999999972
0
LINE
8
BLACK
6
CONTINUOUS
10
143.9249999999999829
20
-51.7374999999999972
11
143.9069209999999828
21
-51.8283869999999993
0
LINE
8
BLACK
6
CONTINUOUS
10
143.9069209999999828
20
-51.8283869999999993
11
143.8554379999999924
21
-51.9054379999999966
0
LINE
8
BLACK
6
CONTINUOUS
10
143.8554379999999924
20
-51.9054379999999966
11
143.7783869999999808
21
-51.9569209999999941
0
LINE
8
BLACK
6
CONTINUOUS
10
143.7783869999999808
20
-51.9569209999999941
11
143.6875
21
-51.9749999999999943
0
LINE
8
BLACK
6
CONTINUOUS
10
143.6875
20
-51.9749999999999943
11
143.0875000000000057
21
-51.9749999999999943
0
LINE
8
BLACK
6
CONTINUOUS
10
143.0875000000000057
20
-51.9749999999999943
11
142.9966129999999964
21
-51.9569209999999941
0
LINE
8
BLACK
6
CONTINUOUS
10
142.9966129999999964
20
-51.9569209999999941
11
142.9195619999999849
21
-51.9054379999999966
0
LINE
8
BLACK
6
CONTINUOUS
10
142.9195619999999849
20
-51.9054379999999966
11
142.8680789999999945
21
-51.8283869999999993
0
LINE
8
BLACK
6
CONTINUOUS
10
142.8680789999999945
20
-51.8283869999999993
11
142.8499999999999943
21
-51.7374999999999972
0
LINE
8
BLACK
6
CONTINUOUS
10
142.8499999999999943
20
-51.7374999999999972
11
142.8499999999999943
21
-51.2624999999999957
0
LINE
8
BLACK
6
CONTINUOUS
10
142.8499999999999943
20
-51.2624999999999957
11
142.8680789999999945
21
-51.1716130000000007
0
LINE
8
BLACK
6
CONTINUOUS
10
142.8680789999999945
20
-51.1716130000000007
11
142.9195619999999849
21
-51.0945619999999963
0
LINE
8
BLACK
6
CONTINUOUS
10
142.9195619999999849
20
-51.0945619999999963
11
142.9966129999999964
21
-51.0430789999999988
0
LINE
8
BLACK
6
CONTINUOUS
10
142.9966129999999964
20
-51.0430789999999988
11
143.0875000000000057
21
-51.0249999999999986
0
LINE
8
BLACK
6
CONTINUOUS
10
143.0875000000000057
20
-51.0249999999999986
11
143.6875
21
-51.0249999999999986
0
LINE
8
BLACK
6
CONTINUOUS
10
143.6875
20
-51.0249999999999986
11
143.7783869999999808
21
-51.0430789999999988
0
LINE
8
BLACK
6
CONTINUOUS
10
145.5033870000000036
20
-51.0430789999999988
11
145.5804379999999867
21
-51.0945619999999963
0
LINE
8
BLACK
6
CONTINUOUS
10
145.5804379999999867
20
-51.0945619999999963
11
145.6319210000000055
21
-51.1716130000000007
0
LINE
8
BLACK
6
CONTINUOUS
10
145.6319210000000055
20
-51.1716130000000007
11
145.6500000000000057
21
-51.2624999999999957
0
LINE
8
BLACK
6
CONTINUOUS
10
145.6500000000000057
20
-51.2624999999999957
11
145.6500000000000057
21
-51.7374999999999972
0
LINE
8
BLACK
6
CONTINUOUS
10
145.6500000000000057
20
-51.7374999999999972
11
145.6319210000000055
21
-51.8283869999999993
0
LINE
8
BLACK
6
CONTINUOUS
10
145.6319210000000055
20
-51.8283869999999993
11
145.5804379999999867
21
-51.9054379999999966
0
LINE
8
BLACK
6
CONTINUOUS
10
145.5804379999999867
20
-51.9054379999999966
11
145.5033870000000036
21
-51.9569209999999941
0
LINE
8
BLACK
6
CONTINUOUS
10
145.5033870000000036
20
-51.9569209999999941
11
145.4124999999999943
21
-51.9749999999999943
0
LINE
8
BLACK
6
CONTINUOUS
10
145.4124999999999943
20
-51.9749999999999943
11
144.8125
21
-51.9749999999999943
0
LINE
8
BLACK
6
CONTINUOUS
10
144.8125
20
-51.9749999999999943
11
144.7216129999999907
21
-51.9569209999999941
0
LINE
8
BLACK
6
CONTINUOUS
10
144.7216129999999907
20
-51.9569209999999941
11
144.6445620000000076
21
-51.9054379999999966
0
LINE
8
BLACK
6
CONTINUOUS
10
144.6445620000000076
20
-51.9054379999999966
11
144.5930789999999888
21
-51.8283869999999993
0
LINE
8
BLACK
6
CONTINUOUS
10
144.5930789999999888
20
-51.8283869999999993
11
144.5749999999999886
21
-51.7374999999999972
0
LINE
8
BLACK
6
CONTINUOUS
10
144.5749999999999886
20
-51.7374999999999972
11
144.5749999999999886
21
-51.2624999999999957
0
LINE
8
BLACK
6
CONTINUOUS
10
144.5749999999999886
20
-51.2624999999999957
11
144.5930789999999888
21
-51.1716130000000007
0
LINE
8
BLACK
6
CONTINUOUS
10
144.5930789999999888
20
-51.1716130000000007
11
144.6445620000000076
21
-51.0945619999999963
0
LINE
8
BLACK
6
CONTINUOUS
10
144.6445620000000076
20
-51.0945619999999963
11
144.7216129999999907
21
-51.0430789999999988
0
LINE
8
BLACK
6
CONTINUOUS
10
144.7216129999999907
20
-51.0430789999999988
11
144.8125
21
-51.0249999999999986
0
LINE
8
BLACK
6
CONTINUOUS
10
144.8125
20
-51.0249999999999986
11
145.4124999999999943
21
-51.0249999999999986
0
LINE
8
BLACK
6
CONTINUOUS
10
145.4124999999999943
20
-51.0249999999999986
11
145.5033870000000036
21
-51.0430789999999988
0
LINE
8
BLACK
6
CONTINUOUS
10
148.157402999999988
20
-51.3464179999999999
11
148.2060659999999928
21
-51.378934000000001
0
LINE
8
BLACK
6
CONTINUOUS
10
148.2060659999999928
20
-51.378934000000001
11
148.2385819999999796
21
-51.4275969999999987
0
LINE
8
BLACK
6
CONTINUOUS
10
148.2385819999999796
20
-51.4275969999999987
11
148.25
21
-51.4849999999999994
0
LINE
8
BLACK
6
CONTINUOUS
10
148.25
20
-51.4849999999999994
11
148.25
21
-51.7849999999999966
0
LINE
8
BLACK
6
CONTINUOUS
10
148.25
20
-51.7849999999999966
11
148.2385819999999796
21
-51.8424029999999973
0
LINE
8
BLACK
6
CONTINUOUS
10
148.2385819999999796
20
-51.8424029999999973
11
148.2060659999999928
21
-51.891065999999995
0
LINE
8
BLACK
6
CONTINUOUS
10
148.2060659999999928
20
-51.891065999999995
11
148.157402999999988
21
-51.9235819999999961
0
LINE
8
BLACK
6
CONTINUOUS
10
148.157402999999988
20
-51.9235819999999961
11
148.0999999999999943
21
-51.9349999999999952
0
LINE
8
BLACK
6
CONTINUOUS
10
148.0999999999999943
20
-51.9349999999999952
11
146.4499999999999886
21
-51.9349999999999952
0
LINE
8
BLACK
6
CONTINUOUS
10
146.4499999999999886
20
-51.9349999999999952
11
146.392596999999995
21
-51.9235819999999961
0
LINE
8
BLACK
6
CONTINUOUS
10
146.392596999999995
20
-51.9235819999999961
11
146.3439339999999902
21
-51.891065999999995
0
LINE
8
BLACK
6
CONTINUOUS
10
146.3439339999999902
20
-51.891065999999995
11
146.3114180000000033
21
-51.8424029999999973
0
LINE
8
BLACK
6
CONTINUOUS
10
146.3114180000000033
20
-51.8424029999999973
11
146.2999999999999829
21
-51.7849999999999966
0
LINE
8
BLACK
6
CONTINUOUS
10
146.2999999999999829
20
-51.7849999999999966
11
146.2999999999999829
21
-51.4849999999999994
0
LINE
8
BLACK
6
CONTINUOUS
10
146.2999999999999829
20
-51.4849999999999994
11
146.3114180000000033
21
-51.4275969999999987
0
LINE
8
BLACK
6
CONTINUOUS
10
146.3114180000000033
20
-51.4275969999999987
11
146.3439339999999902
21
-51.378934000000001
0
LINE
8
BLACK
6
CONTINUOUS
10
146.3439339999999902
20
-51.378934000000001
11
146.392596999999995
21
-51.3464179999999999
0
LINE
8
BLACK
6
CONTINUOUS
10
146.392596999999995
20
-51.3464179999999999
11
146.4499999999999886
21
-51.3350000000000009
0
LINE
8
BLACK
6
CONTINUOUS
10
146.4499999999999886
20
-51.3350000000000009
11
148.0999999999999943
21
-51.3350000000000009
0
LINE
8
BLACK
6
CONTINUOUS
10
148.0999999999999943
20
-51.3350000000000009
11
148.157402999999988
21
-51.3464179999999999
0
LINE
8
BLACK
6
CONTINUOUS
10
153.107403000000005
20
-51.3464179999999999
11
153.1560659999999814
21
-51.378934000000001
0
LINE
8
BLACK
6
CONTINUOUS
10
153.1560659999999814
20
-51.378934000000001
11
153.1885819999999967
21
-51.4275969999999987
0
LINE
8
BLACK
6
CONTINUOUS
10
153.1885819999999967
20
-51.4275969999999987
11
153.1999999999999886
21
-51.4849999999999994
0
LINE
8
BLACK
6
CONTINUOUS
10
153.1999999999999886
20
-51.4849999999999994
11
153.1999999999999886
21
-51.7849999999999966
0
LINE
8
BLACK
6
CONTINUOUS
10
153.1999999999999886
20
-51.7849999999999966
11
153.1885819999999967
21
-51.8424029999999973
0
LINE
8
BLACK
6
CONTINUOUS
10
153.1885819999999967
20
-51.8424029999999973
11
153.1560659999999814
21
-51.891065999999995
0
LINE
8
BLACK
6
CONTINUOUS
10
153.1560659999999814
20
-51.891065999999995
11
153.107403000000005
21
-51.9235819999999961
0
LINE
8
BLACK
6
CONTINUOUS
10
153.107403000000005
20
-51.9235819999999961
11
153.0499999999999829
21
-51.9349999999999952
0
LINE
8
BLACK
6
CONTINUOUS
10
153.0499999999999829
20
-51.9349999999999952
11
151.4000000000000057
21
-51.9349999999999952
0
LINE
8
BLACK
6
CONTINUOUS
10
151.4000000000000057
20
-51.9349999999999952
11
151.3425969999999836
21
-51.9235819999999961
0
LINE
8
BLACK
6
CONTINUOUS
10
151.3425969999999836
20
-51.9235819999999961
11
151.2939340000000072
21
-51.891065999999995
0
LINE
8
BLACK
6
CONTINUOUS
10
151.2939340000000072
20
-51.891065999999995
11
151.2614179999999919
21
-51.8424029999999973
0
LINE
8
BLACK
6
CONTINUOUS
10
151.2614179999999919
20
-51.8424029999999973
11
151.25
21
-51.7849999999999966
0
LINE
8
BLACK
6
CONTINUOUS
10
151.25
20
-51.7849999999999966
11
151.25
21
-51.4849999999999994
0
LINE
8
BLACK
6
CONTINUOUS
10
151.25
20
-51.4849999999999994
11
151.2614179999999919
21
-51.4275969999999987
0
LINE
8
BLACK
6
CONTINUOUS
10
151.2614179999999919
20
-51.4275969999999987
11
151.2939340000000072
21
-51.378934000000001
0
LINE
8
BLACK
6
CONTINUOUS
10
151.2939340000000072
20
-51.378934000000001
11
151.3425969999999836
21
-51.3464179999999999
0
LINE
8
BLACK
6
CONTINUOUS
10
151.3425969999999836
20
-51.3464179999999999
11
151.4000000000000057
21
-51.3350000000000009
0
LINE
8
BLACK
6
CONTINUOUS
10
151.4000000000000057
20
-51.3350000000000009
11
153.0499999999999829
21
-51.3350000000000009
0
LINE
8
BLACK
6
CONTINUOUS
10
153.0499999999999829
20
-51.3350000000000009
11
153.107403000000005
21
-51.3464179999999999
0
LINE
8
BLACK
6
CONTINUOUS
10
155.0706710000000044
20
-49.8940300000000008
11
155.1517769999999814
21
-49.9482229999999987
0
LINE
8
BLACK
6
CONTINUOUS
10
155.1517769999999814
20
-49.9482229999999987
11
155.2059699999999793
21
-50.0293289999999971
0
LINE
8
BLACK
6
CONTINUOUS
10
155.2059699999999793
20
-50.0293289999999971
11
155.2249999999999943
21
-50.125
0
LINE
8
BLACK
6
CONTINUOUS
10
155.2249999999999943
20
-50.125
11
155.2249999999999943
21
-50.7999999999999972
0
LINE
8
BLACK
6
CONTINUOUS
10
155.2249999999999943
20
-50.7999999999999972
11
155.2059699999999793
21
-50.8956710000000001
0
LINE
8
BLACK
6
CONTINUOUS
10
155.2059699999999793
20
-50.8956710000000001
11
155.1517769999999814
21
-50.9767769999999985
0
LINE
8
BLACK
6
CONTINUOUS
10
155.1517769999999814
20
-50.9767769999999985
11
155.0706710000000044
21
-51.0309699999999964
0
LINE
8
BLACK
6
CONTINUOUS
10
155.0706710000000044
20
-51.0309699999999964
11
154.9749999999999943
21
-51.0499999999999972
0
LINE
8
BLACK
6
CONTINUOUS
10
154.9749999999999943
20
-51.0499999999999972
11
154.0250000000000057
21
-51.0499999999999972
0
LINE
8
BLACK
6
CONTINUOUS
10
154.0250000000000057
20
-51.0499999999999972
11
153.9293289999999956
21
-51.0309699999999964
0
LINE
8
BLACK
6
CONTINUOUS
10
153.9293289999999956
20
-51.0309699999999964
11
153.8482229999999902
21
-50.9767769999999985
0
LINE
8
BLACK
6
CONTINUOUS
10
153.8482229999999902
20
-50.9767769999999985
11
153.7940299999999922
21
-50.8956710000000001
0
LINE
8
BLACK
6
CONTINUOUS
10
153.7940299999999922
20
-50.8956710000000001
11
153.7750000000000057
21
-50.7999999999999972
0
LINE
8
BLACK
6
CONTINUOUS
10
153.7750000000000057
20
-50.7999999999999972
11
153.7750000000000057
21
-50.125
0
LINE
8
BLACK
6
CONTINUOUS
10
153.7750000000000057
20
-50.125
11
153.7940299999999922
21
-50.0293289999999971
0
LINE
8
BLACK
6
CONTINUOUS
10
153.7940299999999922
20
-50.0293289999999971
11
153.8482229999999902
21
-49.9482229999999987
0
LINE
8
BLACK
6
CONTINUOUS
10
153.8482229999999902
20
-49.9482229999999987
11
153.9293289999999956
21
-49.8940300000000008
0
LINE
8
BLACK
6
CONTINUOUS
10
153.9293289999999956
20
-49.8940300000000008
11
154.0250000000000057
21
-49.875
0
LINE
8
BLACK
6
CONTINUOUS
10
154.0250000000000057
20
-49.875
11
154.9749999999999943
21
-49.875
0
LINE
8
BLACK
6
CONTINUOUS
10
154.9749999999999943
20
-49.875
11
155.0706710000000044
21
-49.8940300000000008
0
LINE
8
BLACK
6
CONTINUOUS
10
148.157402999999988
20
-50.0764179999999968
11
148.2060659999999928
21
-50.1089339999999979
0
LINE
8
BLACK
6
CONTINUOUS
10
148.2060659999999928
20
-50.1089339999999979
11
148.2385819999999796
21
-50.1575969999999955
0
LINE
8
BLACK
6
CONTINUOUS
10
148.2385819999999796
20
-50.1575969999999955
11
148.25
21
-50.2149999999999963
0
LINE
8
BLACK
6
CONTINUOUS
10
148.25
20
-50.2149999999999963
11
148.25
21
-50.5150000000000006
0
LINE
8
BLACK
6
CONTINUOUS
10
148.25
20
-50.5150000000000006
11
148.2385819999999796
21
-50.5724029999999942
0
LINE
8
BLACK
6
CONTINUOUS
10
148.2385819999999796
20
-50.5724029999999942
11
148.2060659999999928
21
-50.621065999999999
0
LINE
8
BLACK
6
CONTINUOUS
10
148.2060659999999928
20
-50.621065999999999
11
148.157402999999988
21
-50.6535820000000001
0
LINE
8
BLACK
6
CONTINUOUS
10
148.157402999999988
20
-50.6535820000000001
11
148.0999999999999943
21
-50.6649999999999991
0
LINE
8
BLACK
6
CONTINUOUS
10
148.0999999999999943
20
-50.6649999999999991
11
146.4499999999999886
21
-50.6649999999999991
0
LINE
8
BLACK
6
CONTINUOUS
10
146.4499999999999886
20
-50.6649999999999991
11
146.392596999999995
21
-50.6535820000000001
0
LINE
8
BLACK
6
CONTINUOUS
10
146.392596999999995
20
-50.6535820000000001
11
146.3439339999999902
21
-50.621065999999999
0
LINE
8
BLACK
6
CONTINUOUS
10
146.3439339999999902
20
-50.621065999999999
11
146.3114180000000033
21
-50.5724029999999942
0
LINE
8
BLACK
6
CONTINUOUS
10
146.3114180000000033
20
-50.5724029999999942
11
146.2999999999999829
21
-50.5150000000000006
0
LINE
8
BLACK
6
CONTINUOUS
10
146.2999999999999829
20
-50.5150000000000006
11
146.2999999999999829
21
-50.2149999999999963
0
LINE
8
BLACK
6
CONTINUOUS
10
146.2999999999999829
20
-50.2149999999999963
11
146.3114180000000033
21
-50.1575969999999955
0
LINE
8
BLACK
6
CONTINUOUS
10
146.3114180000000033
20
-50.1575969999999955
11
146.3439339999999902
21
-50.1089339999999979
0
LINE
8
BLACK
6
CONTINUOUS
10
146.3439339999999902
20
-50.1089339999999979
11
146.392596999999995
21
-50.0764179999999968
0
LINE
8
BLACK
6
CONTINUOUS
10
146.392596999999995
20
-50.0764179999999968
11
146.4499999999999886
21
-50.0649999999999977
0
LINE
8
BLACK
6
CONTINUOUS
10
146.4499999999999886
20
-50.0649999999999977
11
148.0999999999999943
21
-50.0649999999999977
0
LINE
8
BLACK
6
CONTINUOUS
10
148.0999999999999943
20
-50.0649999999999977
11
148.157402999999988
21
-50.0764179999999968
0
LINE
8
BLACK
6
CONTINUOUS
10
153.107403000000005
20
-50.0764179999999968
11
153.1560659999999814
21
-50.1089339999999979
0
LINE
8
BLACK
6
CONTINUOUS
10
153.1560659999999814
20
-50.1089339999999979
11
153.1885819999999967
21
-50.1575969999999955
0
LINE
8
BLACK
6
CONTINUOUS
10
153.1885819999999967
20
-50.1575969999999955
11
153.1999999999999886
21
-50.2149999999999963
0
LINE
8
BLACK
6
CONTINUOUS
10
153.1999999999999886
20
-50.2149999999999963
11
153.1999999999999886
21
-50.5150000000000006
0
LINE
8
BLACK
6
CONTINUOUS
10
153.1999999999999886
20
-50.5150000000000006
11
153.1885819999999967
21
-50.5724029999999942
0
LINE
8
BLACK
6
CONTINUOUS
10
153.1885819999999967
20
-50.5724029999999942
11
153.1560659999999814
21
-50.621065999999999
0
LINE
8
BLACK
6
CONTINUOUS
10
153.1560659999999814
20
-50.621065999999999
11
153.107403000000005
21
-50.6535820000000001
0
LINE
8
BLACK
6
CONTINUOUS
10
153.107403000000005
20
-50.6535820000000001
11
153.0499999999999829
21
-50.6649999999999991
0
LINE
8
BLACK
6
CONTINUOUS
10
153.0499999999999829
20
-50.6649999999999991
11
151.4000000000000057
21
-50.6649999999999991
0
LINE
8
BLACK
6
CONTINUOUS
10
151.4000000000000057
20
-50.6649999999999991
11
151.3425969999999836
21
-50.6535820000000001
0
LINE
8
BLACK
6
CONTINUOUS
10
151.3425969999999836
20
-50.6535820000000001
11
151.2939340000000072
21
-50.621065999999999
0
LINE
8
BLACK
6
CONTINUOUS
10
151.2939340000000072
20
-50.621065999999999
11
151.2614179999999919
21
-50.5724029999999942
0
LINE
8
BLACK
6
CONTINUOUS
10
151.2614179999999919
20
-50.5724029999999942
11
151.25
21
-50.5150000000000006
0
LINE
8
BLACK
6
CONTINUOUS
10
151.25
20
-50.5150000000000006
11
151.25
21
-50.2149999999999963
0
LINE
8
BLACK
6
CONTINUOUS
10
151.25
20
-50.2149999999999963
11
151.2614179999999919
21
-50.1575969999999955
0
LINE
8
BLACK
6
CONTINUOUS
10
151.2614179999999919
20
-50.1575969999999955
11
151.2939340000000072
21
-50.1089339999999979
0
LINE
8
BLACK
6
CONTINUOUS
10
151.2939340000000072
20
-50.1089339999999979
11
151.3425969999999836
21
-50.0764179999999968
0
LINE
8
BLACK
6
CONTINUOUS
10
151.3425969999999836
20
-50.0764179999999968
11
151.4000000000000057
21
-50.0649999999999977
0
LINE
8
BLACK
6
CONTINUOUS
10
151.4000000000000057
20
-50.0649999999999977
11
153.0499999999999829
21
-50.0649999999999977
0
LINE
8
BLACK
6
CONTINUOUS
10
153.0499999999999829
20
-50.0649999999999977
11
153.107403000000005
21
-50.0764179999999968
0
LINE
8
BLACK
6
CONTINUOUS
10
143.6783869999999865
20
-49.5430789999999988
11
143.7554379999999981
21
-49.5945619999999963
0
LINE
8
BLACK
6
CONTINUOUS
10
143.7554379999999981
20
-49.5945619999999963
11
143.8069209999999885
21
-49.6716130000000007
0
LINE
8
BLACK
6
CONTINUOUS
10
143.8069209999999885
20
-49.6716130000000007
11
143.8249999999999886
21
-49.7624999999999957
0
LINE
8
BLACK
6
CONTINUOUS
10
143.8249999999999886
20
-49.7624999999999957
11
143.8249999999999886
21
-50.2374999999999972
0
LINE
8
BLACK
6
CONTINUOUS
10
143.8249999999999886
20
-50.2374999999999972
11
143.8069209999999885
21
-50.3283869999999993
0
LINE
8
BLACK
6
CONTINUOUS
10
143.8069209999999885
20
-50.3283869999999993
11
143.7554379999999981
21
-50.4054379999999966
0
LINE
8
BLACK
6
CONTINUOUS
10
143.7554379999999981
20
-50.4054379999999966
11
143.6783869999999865
21
-50.4569210000000012
0
LINE
8
BLACK
6
CONTINUOUS
10
143.6783869999999865
20
-50.4569210000000012
11
143.5875000000000057
21
-50.4749999999999943
0
LINE
8
BLACK
6
CONTINUOUS
10
143.5875000000000057
20
-50.4749999999999943
11
143.0875000000000057
21
-50.4749999999999943
0
LINE
8
BLACK
6
CONTINUOUS
10
143.0875000000000057
20
-50.4749999999999943
11
142.9966129999999964
21
-50.4569210000000012
0
LINE
8
BLACK
6
CONTINUOUS
10
142.9966129999999964
20
-50.4569210000000012
11
142.9195619999999849
21
-50.4054379999999966
0
LINE
8
BLACK
6
CONTINUOUS
10
142.9195619999999849
20
-50.4054379999999966
11
142.8680789999999945
21
-50.3283869999999993
0
LINE
8
BLACK
6
CONTINUOUS
10
142.8680789999999945
20
-50.3283869999999993
11
142.8499999999999943
21
-50.2374999999999972
0
LINE
8
BLACK
6
CONTINUOUS
10
142.8499999999999943
20
-50.2374999999999972
11
142.8499999999999943
21
-49.7624999999999957
0
LINE
8
BLACK
6
CONTINUOUS
10
142.8499999999999943
20
-49.7624999999999957
11
142.8680789999999945
21
-49.6716130000000007
0
LINE
8
BLACK
6
CONTINUOUS
10
142.8680789999999945
20
-49.6716130000000007
11
142.9195619999999849
21
-49.5945619999999963
0
LINE
8
BLACK
6
CONTINUOUS
10
142.9195619999999849
20
-49.5945619999999963
11
142.9966129999999964
21
-49.5430789999999988
0
LINE
8
BLACK
6
CONTINUOUS
10
142.9966129999999964
20
-49.5430789999999988
11
143.0875000000000057
21
-49.5249999999999986
0
LINE
8
BLACK
6
CONTINUOUS
10
143.0875000000000057
20
-49.5249999999999986
11
143.5875000000000057
21
-49.5249999999999986
0
LINE
8
BLACK
6
CONTINUOUS
10
143.5875000000000057
20
-49.5249999999999986
11
143.6783869999999865
21
-49.5430789999999988
0
LINE
8
BLACK
6
CONTINUOUS
10
145.5033870000000036
20
-49.5430789999999988
11
145.5804379999999867
21
-49.5945619999999963
0
LINE
8
BLACK
6
CONTINUOUS
10
145.5804379999999867
20
-49.5945619999999963
11
145.6319210000000055
21
-49.6716130000000007
0
LINE
8
BLACK
6
CONTINUOUS
10
145.6319210000000055
20
-49.6716130000000007
11
145.6500000000000057
21
-49.7624999999999957
0
LINE
8
BLACK
6
CONTINUOUS
10
145.6500000000000057
20
-49.7624999999999957
11
145.6500000000000057
21
-50.2374999999999972
0
LINE
8
BLACK
6
CONTINUOUS
10
145.6500000000000057
20
-50.2374999999999972
11
145.6319210000000055
21
-50.3283869999999993
0
LINE
8
BLACK
6
CONTINUOUS
10
145.6319210000000055
20
-50.3283869999999993
11
145.5804379999999867
21
-50.4054379999999966
0
LINE
8
BLACK
6
CONTINUOUS
10
145.5804379999999867
20
-50.4054379999999966
11
145.5033870000000036
21
-50.4569210000000012
0
LINE
8
BLACK
6
CONTINUOUS
10
145.5033870000000036
20
-50.4569210000000012
11
145.4124999999999943
21
-50.4749999999999943
0
LINE
8
BLACK
6
CONTINUOUS
10
145.4124999999999943
20
-50.4749999999999943
11
144.9124999999999943
21
-50.4749999999999943
0
LINE
8
BLACK
6
CONTINUOUS
10
144.9124999999999943
20
-50.4749999999999943
11
144.821612999999985
21
-50.4569210000000012
0
LINE
8
BLACK
6
CONTINUOUS
10
144.821612999999985
20
-50.4569210000000012
11
144.7445620000000019
21
-50.4054379999999966
0
LINE
8
BLACK
6
CONTINUOUS
10
144.7445620000000019
20
-50.4054379999999966
11
144.6930789999999831
21
-50.3283869999999993
0
LINE
8
BLACK
6
CONTINUOUS
10
144.6930789999999831
20
-50.3283869999999993
11
144.6749999999999829
21
-50.2374999999999972
0
LINE
8
BLACK
6
CONTINUOUS
10
144.6749999999999829
20
-50.2374999999999972
11
144.6749999999999829
21
-49.7624999999999957
0
LINE
8
BLACK
6
CONTINUOUS
10
144.6749999999999829
20
-49.7624999999999957
11
144.6930789999999831
21
-49.6716130000000007
0
LINE
8
BLACK
6
CONTINUOUS
10
144.6930789999999831
20
-49.6716130000000007
11
144.7445620000000019
21
-49.5945619999999963
0
LINE
8
BLACK
6
CONTINUOUS
10
144.7445620000000019
20
-49.5945619999999963
11
144.821612999999985
21
-49.5430789999999988
0
LINE
8
BLACK
6
CONTINUOUS
10
144.821612999999985
20
-49.5430789999999988
11
144.9124999999999943
21
-49.5249999999999986
0
LINE
8
BLACK
6
CONTINUOUS
10
144.9124999999999943
20
-49.5249999999999986
11
145.4124999999999943
21
-49.5249999999999986
0
LINE
8
BLACK
6
CONTINUOUS
10
145.4124999999999943
20
-49.5249999999999986
11
145.5033870000000036
21
-49.5430789999999988
0
LINE
8
BLACK
6
CONTINUOUS
10
148.157402999999988
20
-48.8064180000000007
11
148.2060659999999928
21
-48.8389339999999947
0
LINE
8
BLACK
6
CONTINUOUS
10
148.2060659999999928
20
-48.8389339999999947
11
148.2385819999999796
21
-48.8875969999999995
0
LINE
8
BLACK
6
CONTINUOUS
10
148.2385819999999796
20
-48.8875969999999995
11
148.25
21
-48.9450000000000003
0
LINE
8
BLACK
6
CONTINUOUS
10
148.25
20
-48.9450000000000003
11
148.25
21
-49.2449999999999974
0
LINE
8
BLACK
6
CONTINUOUS
10
148.25
20
-49.2449999999999974
11
148.2385819999999796
21
-49.3024029999999982
0
LINE
8
BLACK
6
CONTINUOUS
10
148.2385819999999796
20
-49.3024029999999982
11
148.2060659999999928
21
-49.3510659999999959
0
LINE
8
BLACK
6
CONTINUOUS
10
148.2060659999999928
20
-49.3510659999999959
11
148.157402999999988
21
-49.383581999999997
0
LINE
8
BLACK
6
CONTINUOUS
10
148.157402999999988
20
-49.383581999999997
11
148.0999999999999943
21
-49.394999999999996
0
LINE
8
BLACK
6
CONTINUOUS
10
148.0999999999999943
20
-49.394999999999996
11
146.4499999999999886
21
-49.394999999999996
0
LINE
8
BLACK
6
CONTINUOUS
10
146.4499999999999886
20
-49.394999999999996
11
146.392596999999995
21
-49.383581999999997
0
LINE
8
BLACK
6
CONTINUOUS
10
146.392596999999995
20
-49.383581999999997
11
146.3439339999999902
21
-49.3510659999999959
0
LINE
8
BLACK
6
CONTINUOUS
10
146.3439339999999902
20
-49.3510659999999959
11
146.3114180000000033
21
-49.3024029999999982
0
LINE
8
BLACK
6
CONTINUOUS
10
146.3114180000000033
20
-49.3024029999999982
11
146.2999999999999829
21
-49.2449999999999974
0
LINE
8
BLACK
6
CONTINUOUS
10
146.2999999999999829
20
-49.2449999999999974
11
146.2999999999999829
21
-48.9450000000000003
0
LINE
8
BLACK
6
CONTINUOUS
10
146.2999999999999829
20
-48.9450000000000003
11
146.3114180000000033
21
-48.8875969999999995
0
LINE
8
BLACK
6
CONTINUOUS
10
146.3114180000000033
20
-48.8875969999999995
11
146.3439339999999902
21
-48.8389339999999947
0
LINE
8
BLACK
6
CONTINUOUS
10
146.3439339999999902
20
-48.8389339999999947
11
146.392596999999995
21
-48.8064180000000007
0
LINE
8
BLACK
6
CONTINUOUS
10
146.392596999999995
20
-48.8064180000000007
11
146.4499999999999886
21
-48.7949999999999946
0
LINE
8
BLACK
6
CONTINUOUS
10
146.4499999999999886
20
-48.7949999999999946
11
148.0999999999999943
21
-48.7949999999999946
0
LINE
8
BLACK
6
CONTINUOUS
10
148.0999999999999943
20
-48.7949999999999946
11
148.157402999999988
21
-48.8064180000000007
0
LINE
8
BLACK
6
CONTINUOUS
10
153.107403000000005
20
-48.8064180000000007
11
153.1560659999999814
21
-48.8389339999999947
0
LINE
8
BLACK
6
CONTINUOUS
10
153.1560659999999814
20
-48.8389339999999947
11
153.1885819999999967
21
-48.8875969999999995
0
LINE
8
BLACK
6
CONTINUOUS
10
153.1885819999999967
20
-48.8875969999999995
11
153.1999999999999886
21
-48.9450000000000003
0
LINE
8
BLACK
6
CONTINUOUS
10
153.1999999999999886
20
-48.9450000000000003
11
153.1999999999999886
21
-49.2449999999999974
0
LINE
8
BLACK
6
CONTINUOUS
10
153.1999999999999886
20
-49.2449999999999974
11
153.1885819999999967
21
-49.3024029999999982
0
LINE
8
BLACK
6
CONTINUOUS
10
153.1885819999999967
20
-49.3024029999999982
11
153.1560659999999814
21
-49.3510659999999959
0
LINE
8
BLACK
6
CONTINUOUS
10
153.1560659999999814
20
-49.3510659999999959
11
153.107403000000005
21
-49.383581999999997
0
LINE
8
BLACK
6
CONTINUOUS
10
153.107403000000005
20
-49.383581999999997
11
153.0499999999999829
21
-49.394999999999996
0
LINE
8
BLACK
6
CONTINUOUS
10
153.0499999999999829
20
-49.394999999999996
11
151.4000000000000057
21
-49.394999999999996
0
LINE
8
BLACK
6
CONTINUOUS
10
151.4000000000000057
20
-49.394999999999996
11
151.3425969999999836
21
-49.383581999999997
0
LINE
8
BLACK
6
CONTINUOUS
10
151.3425969999999836
20
-49.383581999999997
11
151.2939340000000072
21
-49.3510659999999959
0
LINE
8
BLACK
6
CONTINUOUS
10
151.2939340000000072
20
-49.3510659999999959
11
151.2614179999999919
21
-49.3024029999999982
0
LINE
8
BLACK
6
CONTINUOUS
10
151.2614179999999919
20
-49.3024029999999982
11
151.25
21
-49.2449999999999974
0
LINE
8
BLACK
6
CONTINUOUS
10
151.25
20
-49.2449999999999974
11
151.25
21
-48.9450000000000003
0
LINE
8
BLACK
6
CONTINUOUS
10
151.25
20
-48.9450000000000003
11
151.2614179999999919
21
-48.8875969999999995
0
LINE
8
BLACK
6
CONTINUOUS
10
151.2614179999999919
20
-48.8875969999999995
11
151.2939340000000072
21
-48.8389339999999947
0
LINE
8
BLACK
6
CONTINUOUS
10
151.2939340000000072
20
-48.8389339999999947
11
151.3425969999999836
21
-48.8064180000000007
0
LINE
8
BLACK
6
CONTINUOUS
10
151.3425969999999836
20
-48.8064180000000007
11
151.4000000000000057
21
-48.7949999999999946
0
LINE
8
BLACK
6
CONTINUOUS
10
151.4000000000000057
20
-48.7949999999999946
11
153.0499999999999829
21
-48.7949999999999946
0
LINE
8
BLACK
6
CONTINUOUS
10
153.0499999999999829
20
-48.7949999999999946
11
153.107403000000005
21
-48.8064180000000007
0
LINE
8
BLACK
6
CONTINUOUS
10
158.098670999999996
20
-46.680029999999995
11
158.1797770000000014
21
-46.7342230000000001
0
LINE
8
BLACK
6
CONTINUOUS
10
158.1797770000000014
20
-46.7342230000000001
11
158.2339699999999993
21
-46.8153289999999984
0
LINE
8
BLACK
6
CONTINUOUS
10
158.2339699999999993
20
-46.8153289999999984
11
158.2529999999999859
21
-46.9110000000000014
0
LINE
8
BLACK
6
CONTINUOUS
10
158.2529999999999859
20
-46.9110000000000014
11
158.2529999999999859
21
-48.9109999999999943
0
LINE
8
BLACK
6
CONTINUOUS
10
158.2529999999999859
20
-48.9109999999999943
11
158.2339699999999993
21
-49.0066709999999972
0
LINE
8
BLACK
6
CONTINUOUS
10
158.2339699999999993
20
-49.0066709999999972
11
158.1797770000000014
21
-49.0877769999999956
0
LINE
8
BLACK
6
CONTINUOUS
10
158.1797770000000014
20
-49.0877769999999956
11
158.098670999999996
21
-49.1419700000000006
0
LINE
8
BLACK
6
CONTINUOUS
10
158.098670999999996
20
-49.1419700000000006
11
158.0029999999999859
21
-49.1609999999999943
0
LINE
8
BLACK
6
CONTINUOUS
10
158.0029999999999859
20
-49.1609999999999943
11
156.703000000000003
21
-49.1609999999999943
0
LINE
8
BLACK
6
CONTINUOUS
10
156.703000000000003
20
-49.1609999999999943
11
156.6073289999999929
21
-49.1419700000000006
0
LINE
8
BLACK
6
CONTINUOUS
10
156.6073289999999929
20
-49.1419700000000006
11
156.5262229999999875
21
-49.0877769999999956
0
LINE
8
BLACK
6
CONTINUOUS
10
156.5262229999999875
20
-49.0877769999999956
11
156.4720299999999895
21
-49.0066709999999972
0
LINE
8
BLACK
6
CONTINUOUS
10
156.4720299999999895
20
-49.0066709999999972
11
156.453000000000003
21
-48.9109999999999943
0
LINE
8
BLACK
6
CONTINUOUS
10
156.453000000000003
20
-48.9109999999999943
11
156.453000000000003
21
-46.9110000000000014
0
LINE
8
BLACK
6
CONTINUOUS
10
156.453000000000003
20
-46.9110000000000014
11
156.4720299999999895
21
-46.8153289999999984
0
LINE
8
BLACK
6
CONTINUOUS
10
156.4720299999999895
20
-46.8153289999999984
11
156.5262229999999875
21
-46.7342230000000001
0
LINE
8
BLACK
6
CONTINUOUS
10
156.5262229999999875
20
-46.7342230000000001
11
156.6073289999999929
21
-46.680029999999995
0
LINE
8
BLACK
6
CONTINUOUS
10
156.6073289999999929
20
-46.680029999999995
11
156.703000000000003
21
-46.6610000000000014
0
LINE
8
BLACK
6
CONTINUOUS
10
156.703000000000003
20
-46.6610000000000014
11
158.0029999999999859
21
-46.6610000000000014
0
LINE
8
BLACK
6
CONTINUOUS
10
158.0029999999999859
20
-46.6610000000000014
11
158.098670999999996
21
-46.680029999999995
0
LINE
8
BLACK
6
CONTINUOUS
10
149.782447999999988
20
-39.1374459999999971
11
150.1941129999999873
21
-39.1948709999999991
0
LINE
8
BLACK
6
CONTINUOUS
10
150.1941129999999873
20
-39.1948709999999991
11
150.5987230000000068
21
-39.290034999999996
0
LINE
8
BLACK
6
CONTINUOUS
10
150.5987230000000068
20
-39.290034999999996
11
150.9928270000000055
21
-39.4221250000000012
0
LINE
8
BLACK
6
CONTINUOUS
10
150.9928270000000055
20
-39.4221250000000012
11
151.3730630000000019
21
-39.5900150000000011
0
LINE
8
BLACK
6
CONTINUOUS
10
151.3730630000000019
20
-39.5900150000000011
11
151.7361850000000061
21
-39.7922730000000016
0
LINE
8
BLACK
6
CONTINUOUS
10
151.7361850000000061
20
-39.7922730000000016
11
152.0790959999999927
21
-40.0271720000000002
0
LINE
8
BLACK
6
CONTINUOUS
10
152.0790959999999927
20
-40.0271720000000002
11
152.3988699999999881
21
-40.2927099999999996
0
LINE
8
BLACK
6
CONTINUOUS
10
152.3988699999999881
20
-40.2927099999999996
11
152.6927799999999991
21
-40.5866199999999964
0
LINE
8
BLACK
6
CONTINUOUS
10
152.6927799999999991
20
-40.5866199999999964
11
152.9583179999999913
21
-40.9063939999999988
0
LINE
8
BLACK
6
CONTINUOUS
10
152.9583179999999913
20
-40.9063939999999988
11
153.1932170000000042
21
-41.2493049999999997
0
LINE
8
BLACK
6
CONTINUOUS
10
153.1932170000000042
20
-41.2493049999999997
11
153.3954750000000047
21
-41.6124269999999967
0
LINE
8
BLACK
6
CONTINUOUS
10
153.3954750000000047
20
-41.6124269999999967
11
153.5633650000000046
21
-41.9926630000000003
0
LINE
8
BLACK
6
CONTINUOUS
10
153.5633650000000046
20
-41.9926630000000003
11
153.6954549999999813
21
-42.386766999999999
0
LINE
8
BLACK
6
CONTINUOUS
10
153.6954549999999813
20
-42.386766999999999
11
153.7906189999999924
21
-42.7913769999999971
0
LINE
8
BLACK
6
CONTINUOUS
10
153.7906189999999924
20
-42.7913769999999971
11
153.8480439999999874
21
-43.2030419999999964
0
LINE
8
BLACK
6
CONTINUOUS
10
153.8480439999999874
20
-43.2030419999999964
11
153.8672399999999811
21
-43.6182499999999962
0
LINE
8
BLACK
6
CONTINUOUS
10
153.8672399999999811
20
-43.6182499999999962
11
153.8480439999999874
21
-44.033457999999996
0
LINE
8
BLACK
6
CONTINUOUS
10
153.8480439999999874
20
-44.033457999999996
11
153.7906189999999924
21
-44.4451229999999953
0
LINE
8
BLACK
6
CONTINUOUS
10
153.7906189999999924
20
-44.4451229999999953
11
153.6954549999999813
21
-44.8497330000000005
0
LINE
8
BLACK
6
CONTINUOUS
10
153.6954549999999813
20
-44.8497330000000005
11
153.5633650000000046
21
-45.2438369999999992
0
LINE
8
BLACK
6
CONTINUOUS
10
153.5633650000000046
20
-45.2438369999999992
11
153.3954750000000047
21
-45.6240729999999957
0
LINE
8
BLACK
6
CONTINUOUS
10
153.3954750000000047
20
-45.6240729999999957
11
153.1932170000000042
21
-45.9871949999999998
0
LINE
8
BLACK
6
CONTINUOUS
10
153.1932170000000042
20
-45.9871949999999998
11
152.9583179999999913
21
-46.3301060000000007
0
LINE
8
BLACK
6
CONTINUOUS
10
152.9583179999999913
20
-46.3301060000000007
11
152.6927799999999991
21
-46.649879999999996
0
LINE
8
BLACK
6
CONTINUOUS
10
152.6927799999999991
20
-46.649879999999996
11
152.3988699999999881
21
-46.9437899999999999
0
LINE
8
BLACK
6
CONTINUOUS
10
152.3988699999999881
20
-46.9437899999999999
11
152.0790959999999927
21
-47.2093279999999993
0
LINE
8
BLACK
6
CONTINUOUS
10
152.0790959999999927
20
-47.2093279999999993
11
151.7361850000000061
21
-47.4442269999999979
0
LINE
8
BLACK
6
CONTINUOUS
10
151.7361850000000061
20
-47.4442269999999979
11
151.3730630000000019
21
-47.6464849999999984
0
LINE
8
BLACK
6
CONTINUOUS
10
151.3730630000000019
20
-47.6464849999999984
11
150.9928270000000055
21
-47.8143749999999983
0
LINE
8
BLACK
6
CONTINUOUS
10
150.9928270000000055
20
-47.8143749999999983
11
150.5987230000000068
21
-47.9464649999999963
0
LINE
8
BLACK
6
CONTINUOUS
10
150.5987230000000068
20
-47.9464649999999963
11
150.1941129999999873
21
-48.0416290000000004
0
LINE
8
BLACK
6
CONTINUOUS
10
150.1941129999999873
20
-48.0416290000000004
11
149.782447999999988
21
-48.0990539999999953
0
LINE
8
BLACK
6
CONTINUOUS
10
149.782447999999988
20
-48.0990539999999953
11
149.3672399999999811
21
-48.1182499999999962
0
LINE
8
BLACK
6
CONTINUOUS
10
149.3672399999999811
20
-48.1182499999999962
11
148.9520320000000027
21
-48.0990539999999953
0
LINE
8
BLACK
6
CONTINUOUS
10
148.9520320000000027
20
-48.0990539999999953
11
148.5403670000000034
21
-48.0416290000000004
0
LINE
8
BLACK
6
CONTINUOUS
10
148.5403670000000034
20
-48.0416290000000004
11
148.1357569999999839
21
-47.9464649999999963
0
LINE
8
BLACK
6
CONTINUOUS
10
148.1357569999999839
20
-47.9464649999999963
11
147.7416529999999852
21
-47.8143749999999983
0
LINE
8
BLACK
6
CONTINUOUS
10
147.7416529999999852
20
-47.8143749999999983
11
147.3614169999999888
21
-47.6464849999999984
0
LINE
8
BLACK
6
CONTINUOUS
10
147.3614169999999888
20
-47.6464849999999984
11
146.9982949999999846
21
-47.4442269999999979
0
LINE
8
BLACK
6
CONTINUOUS
10
146.9982949999999846
20
-47.4442269999999979
11
146.655383999999998
21
-47.2093279999999993
0
LINE
8
BLACK
6
CONTINUOUS
10
146.655383999999998
20
-47.2093279999999993
11
146.3356100000000026
21
-46.9437899999999999
0
LINE
8
BLACK
6
CONTINUOUS
10
146.3356100000000026
20
-46.9437899999999999
11
146.0416999999999916
21
-46.649879999999996
0
LINE
8
BLACK
6
CONTINUOUS
10
146.0416999999999916
20
-46.649879999999996
11
145.7761619999999994
21
-46.3301060000000007
0
LINE
8
BLACK
6
CONTINUOUS
10
145.7761619999999994
20
-46.3301060000000007
11
145.5412629999999865
21
-45.9871949999999998
0
LINE
8
BLACK
6
CONTINUOUS
10
145.5412629999999865
20
-45.9871949999999998
11
145.339004999999986
21
-45.6240729999999957
0
LINE
8
BLACK
6
CONTINUOUS
10
145.339004999999986
20
-45.6240729999999957
11
145.1711149999999861
21
-45.2438369999999992
0
LINE
8
BLACK
6
CONTINUOUS
10
145.1711149999999861
20
-45.2438369999999992
11
145.039024999999981
21
-44.8497330000000005
0
LINE
8
BLACK
6
CONTINUOUS
10
145.039024999999981
20
-44.8497330000000005
11
144.9438609999999983
21
-44.4451229999999953
0
LINE
8
BLACK
6
CONTINUOUS
10
144.9438609999999983
20
-44.4451229999999953
11
144.8864360000000033
21
-44.033457999999996
0
LINE
8
BLACK
6
CONTINUOUS
10
144.8864360000000033
20
-44.033457999999996
11
144.8672399999999811
21
-43.6182499999999962
0
LINE
8
BLACK
6
CONTINUOUS
10
144.8672399999999811
20
-43.6182499999999962
11
144.8864360000000033
21
-43.2030419999999964
0
LINE
8
BLACK
6
CONTINUOUS
10
144.8864360000000033
20
-43.2030419999999964
11
144.9438609999999983
21
-42.7913769999999971
0
LINE
8
BLACK
6
CONTINUOUS
10
144.9438609999999983
20
-42.7913769999999971
11
145.039024999999981
21
-42.386766999999999
0
LINE
8
BLACK
6
CONTINUOUS
10
145.039024999999981
20
-42.386766999999999
11
145.1711149999999861
21
-41.9926630000000003
0
LINE
8
BLACK
6
CONTINUOUS
10
145.1711149999999861
20
-41.9926630000000003
11
145.339004999999986
21
-41.6124269999999967
0
LINE
8
BLACK
6
CONTINUOUS
10
145.339004999999986
20
-41.6124269999999967
11
145.5412629999999865
21
-41.2493049999999997
0
LINE
8
BLACK
6
CONTINUOUS
10
145.5412629999999865
20
-41.2493049999999997
11
145.7761619999999994
21
-40.9063939999999988
0
LINE
8
BLACK
6
CONTINUOUS
10
145.7761619999999994
20
-40.9063939999999988
11
146.0416999999999916
21
-40.5866199999999964
0
LINE
8
BLACK
6
CONTINUOUS
10
146.0416999999999916
20
-40.5866199999999964
11
146.3356100000000026
21
-40.2927099999999996
0
LINE
8
BLACK
6
CONTINUOUS
10
146.3356100000000026
20
-40.2927099999999996
11
146.655383999999998
21
-40.0271720000000002
0
LINE
8
BLACK
6
CONTINUOUS
10
146.655383999999998
20
-40.0271720000000002
11
146.9982949999999846
21
-39.7922730000000016
0
LINE
8
BLACK
6
CONTINUOUS
10
146.9982949999999846
20
-39.7922730000000016
11
147.3614169999999888
21
-39.5900150000000011
0
LINE
8
BLACK
6
CONTINUOUS
10
147.3614169999999888
20
-39.5900150000000011
11
147.7416529999999852
21
-39.4221250000000012
0
LINE
8
BLACK
6
CONTINUOUS
10
147.7416529999999852
20
-39.4221250000000012
11
148.1357569999999839
21
-39.290034999999996
0
LINE
8
BLACK
6
CONTINUOUS
10
148.1357569999999839
20
-39.290034999999996
11
148.5403670000000034
21
-39.1948709999999991
0
LINE
8
BLACK
6
CONTINUOUS
10
148.5403670000000034
20
-39.1948709999999991
11
148.9520320000000027
21
-39.1374459999999971
0
LINE
8
BLACK
6
CONTINUOUS
10
148.9520320000000027
20
-39.1374459999999971
11
149.3672399999999811
21
-39.1182499999999962
0
LINE
8
BLACK
6
CONTINUOUS
10
149.3672399999999811
20
-39.1182499999999962
11
149.782447999999988
21
-39.1374459999999971
0
LINE
8
BLACK
6
CONTINUOUS
10
144.2239999999999895
20
-110.2360019999999992
11
144.2239999999999895
21
-107.695999999999998
0
LINE
8
BLACK
6
CONTINUOUS
10
138.2239999999999895
20
-110.2360019999999992
11
138.2239999999999895
21
-107.695999999999998
0
ARC
8
BLACK
10
149.7159999999999798
20
-107.695999999999998
40
0.508
50
0.00000000
51
180.00000000
0
LINE
8
BLACK
6
CONTINUOUS
10
155.2079999999999984
20
-110.2360019999999992
11
155.2079999999999984
21
-107.695999999999998
0
ARC
8
BLACK
10
167.8951999999999884
20
-108.2038999999999902
40
2.032113002460493
50
-89.99687032
51
-0.00281952
0
ARC
8
BLACK
10
125.584699999999998
20
-99.3550999999999931
40
3.5051411604243556
50
-0.02447015
51
49.78951917
0
LINE
8
BLACK
6
CONTINUOUS
10
137.2079999999999984
20
-110.2360019999999992
11
137.2079999999999984
21
-107.695999999999998
0
ARC
8
BLACK
10
173.4279999999999973
20
-99.2545999999999964
40
3.5006870013163129
50
130.39494890
51
179.99842877
0
LINE
8
BLACK
6
CONTINUOUS
10
141.2239999999999895
20
-110.2360019999999992
11
143.2079999999999984
21
-110.2360019999999992
0
LINE
8
BLACK
6
CONTINUOUS
10
140.2079999999999984
20
-110.2360019999999992
11
140.2079999999999984
21
-107.695999999999998
0
LINE
8
BLACK
6
CONTINUOUS
10
129.0898589999999899
20
-99.3565969999999936
11
129.0898589999999899
21
-108.2039999999999935
0
LINE
8
BLACK
6
CONTINUOUS
10
150.2239999999999895
20
-110.2360019999999992
11
150.2239999999999895
21
-107.695999999999998
0
LINE
8
BLACK
6
CONTINUOUS
10
169.9273129999999981
20
-99.2545039999999972
11
169.9273129999999981
21
-108.2039999999999935
0
ARC
8
BLACK
10
149.4505020000000002
20
-71.0742959999999897
40
33.5
50
0.00000000
51
180.00000000
0
ARC
8
BLACK
10
140.7159999999999798
20
-107.695999999999998
40
0.508
50
0.00000000
51
180.00000000
0
LINE
8
BLACK
6
CONTINUOUS
10
144.2239999999999895
20
-110.2360019999999992
11
146.2079999999999984
21
-110.2360019999999992
0
ARC
8
BLACK
10
143.7159999999999798
20
-107.695999999999998
40
0.508
50
0.00000000
51
180.00000000
0
ARC
8
BLACK
10
137.7159999999999798
20
-107.695999999999998
40
0.508
50
0.00000000
51
180.00000000
0
ARC
8
BLACK
10
131.1218000000000075
20
-108.2040999999999968
40
2.0319020008565865
50
-180.00281976
51
-89.99833631
0
ARC
8
BLACK
10
149.4504799999999989
20
-71.0742800000000017
40
33.500022000003824
50
-49.60704241
51
-0.00002737
0
ARC
8
BLACK
10
149.4505000000000052
20
-71.0742999999999938
40
33.4999958740311001
50
-180.00000684
51
-130.15536454
0
LINE
8
BLACK
6
CONTINUOUS
10
137.2079999999999984
20
-110.2360019999999992
11
131.1218590000000006
21
-110.2360019999999992
0
ARC
8
BLACK
10
155.7159999999999798
20
-107.695999999999998
40
0.508
50
0.00000000
51
180.00000000
0
LINE
8
BLACK
6
CONTINUOUS
10
167.8953109999999924
20
-110.23599999999999
11
156.2239999999999895
21
-110.2360019999999992
0
LINE
8
BLACK
6
CONTINUOUS
10
149.2079999999999984
20
-110.2360019999999992
11
149.2079999999999984
21
-107.695999999999998
0
ARC
8
BLACK
10
146.7159999999999798
20
-107.695999999999998
40
0.508
50
0.00000000
51
180.00000000
0
LINE
8
BLACK
6
CONTINUOUS
10
143.2079999999999984
20
-110.2360019999999992
11
143.2079999999999984
21
-107.695999999999998
0
LINE
8
BLACK
6
CONTINUOUS
10
152.2079999999999984
20
-110.2360019999999992
11
152.2079999999999984
21
-107.695999999999998
0
LINE
8
BLACK
6
CONTINUOUS
10
153.2239999999999895
20
-110.2360019999999992
11
155.2079999999999984
21
-110.2360019999999992
0
LINE
8
BLACK
6
CONTINUOUS
10
147.2239999999999895
20
-110.2360019999999992
11
149.2079999999999984
21
-110.2360019999999992
0
ARC
8
BLACK
10
152.7159999999999798
20
-107.695999999999998
40
0.508
50
0.00000000
51
180.00000000
0
LINE
8
BLACK
6
CONTINUOUS
10
141.2239999999999895
20
-110.2360019999999992
11
141.2239999999999895
21
-107.695999999999998
0
LINE
8
BLACK
6
CONTINUOUS
10
156.2239999999999895
20
-110.2360019999999992
11
156.2239999999999895
21
-107.695999999999998
0
LINE
8
BLACK
6
CONTINUOUS
10
153.2239999999999895
20
-110.2360019999999992
11
153.2239999999999895
21
-107.695999999999998
0
LINE
8
BLACK
6
CONTINUOUS
10
147.2239999999999895
20
-110.2360019999999992
11
147.2239999999999895
21
-107.695999999999998
0
LINE
8
BLACK
6
CONTINUOUS
10
150.2239999999999895
20
-110.2360019999999992
11
152.2079999999999984
21
-110.2360019999999992
0
LINE
8
BLACK
6
CONTINUOUS
10
138.2239999999999895
20
-110.2360019999999992
11
140.2079999999999984
21
-110.2360019999999992
0
LINE
8
BLACK
6
CONTINUOUS
10
146.2079999999999984
20
-110.2360019999999992
11
146.2079999999999984
21
-107.695999999999998
  0
ENDSEC
  0
EOF
