  0
SECTION
  2
HEADER
  9
$ANGBASE
  50
0.0
  9
$ANGDIR
  70
1
  9
$MEASUREMENT
  70
1
  0
ENDSEC
  0
SECTION
  2
TABLES
  0
TABLE
  2
LTYPE
  70
4
  0
LTYPE
  5
40F
  2
CONTINUOUS
  70
0
  3
Solid line
  72
65
  73
0
  40
0.0
  0
LTYPE
  5
410
  2
DASHDOT
 70
0
  3
Dash Dot ____ _ ____ _
 72
65
 73
4
 40
2.0
 49
1.25
 49
-0.25
 49
0.25
 49
-0.25
  0
LTYPE
  5
411
  2
DASHED
 70
0
  3
Dashed __ __ __ __ __
 72
65
 73
2
 40
0.75
 49
0.5
 49
-0.25
  0
LTYPE
  5
43B
  2
DOTTED
 70
0
  3
Dotted .  .  .  .
 72
65
 73
2
 40
0.2
 49
0.0
 49
-0.2
  0
ENDTAB
  0
TABLE
  2
STYLE
  70
4
  0
STYLE
  2
KICAD
  70
0
  40
0
  41
1
  42
1
  50
0
  71
0
  3
isocp.shx
  0
STYLE
  2
KICADB
  70
0
  40
0
  41
1
  42
1
  50
0
  71
0
  3
isocp.shx
  0
STYLE
  2
KICADI
  70
0
  40
0
  41
1
  42
1
  50
15
  71
0
  3
isocp.shx
  0
STYLE
  2
KICADBI
  70
0
  40
0
  41
1
  42
1
  50
15
  71
0
  3
isocp.shx
  0
ENDTAB
  0
TABLE
  2
LAYER
  70
1
  0
LAYER
  2
BLACK
  70
0
  62
7
  6
CONTINUOUS
  0
ENDTAB
  0
ENDSEC
  0
SECTION
  2
ENTITIES
0
LINE
8
BLACK
6
CONTINUOUS
10
159.5999999999999943
20
-108.5459999999999923
11
157.9000000000000057
21
-108.5459999999999923
0
LINE
8
BLACK
6
CONTINUOUS
10
157.9000000000000057
20
-108.5459999999999923
11
157.9000000000000057
21
-106.8459999999999894
0
LINE
8
BLACK
6
CONTINUOUS
10
157.9000000000000057
20
-106.8459999999999894
11
159.5999999999999943
21
-106.8459999999999894
0
LINE
8
BLACK
6
CONTINUOUS
10
159.5999999999999943
20
-106.8459999999999894
11
159.5999999999999943
21
-108.5459999999999923
0
LINE
8
BLACK
6
CONTINUOUS
10
159.7626070000000027
20
-79.2485769999999974
11
159.8741139999999916
21
-79.3053929999999951
0
LINE
8
BLACK
6
CONTINUOUS
10
159.8741139999999916
20
-79.3053929999999951
11
159.9626069999999913
21
-79.3938859999999949
0
LINE
8
BLACK
6
CONTINUOUS
10
159.9626069999999913
20
-79.3938859999999949
11
160.0194229999999891
21
-79.505392999999998
0
LINE
8
BLACK
6
CONTINUOUS
10
160.0194229999999891
20
-79.505392999999998
11
160.0389999999999873
21
-79.6289999999999907
0
LINE
8
BLACK
6
CONTINUOUS
10
160.0389999999999873
20
-79.6289999999999907
11
160.0194229999999891
21
-79.7526069999999976
0
LINE
8
BLACK
6
CONTINUOUS
10
160.0194229999999891
20
-79.7526069999999976
11
159.9626069999999913
21
-79.8641140000000007
0
LINE
8
BLACK
6
CONTINUOUS
10
159.9626069999999913
20
-79.8641140000000007
11
159.8889999999999816
21
-79.9377209999999963
0
LINE
8
BLACK
6
CONTINUOUS
10
159.8889999999999816
20
-79.9377209999999963
11
159.8889999999999816
21
-80.7954459999999983
0
LINE
8
BLACK
6
CONTINUOUS
10
159.8889999999999816
20
-80.7954459999999983
11
165.5927769999999839
21
-86.4992230000000006
0
LINE
8
BLACK
6
CONTINUOUS
10
165.5927769999999839
20
-86.4992230000000006
11
165.6238679999999874
21
-86.5371079999999893
0
LINE
8
BLACK
6
CONTINUOUS
10
165.6238679999999874
20
-86.5371079999999893
11
165.6611969999999872
21
-86.6272280000000023
0
LINE
8
BLACK
6
CONTINUOUS
10
165.6611969999999872
20
-86.6272280000000023
11
165.6611969999999872
21
-86.6272369999999938
0
LINE
8
BLACK
6
CONTINUOUS
10
165.6611969999999872
20
-86.6272369999999938
11
165.6659999999999968
21
-86.6760000000000019
0
LINE
8
BLACK
6
CONTINUOUS
10
165.6659999999999968
20
-86.6760000000000019
11
165.6659999999999968
21
-89.1124459999999914
0
LINE
8
BLACK
6
CONTINUOUS
10
165.6659999999999968
20
-89.1124459999999914
11
168.1327759999999785
21
-91.5792229999999989
0
LINE
8
BLACK
6
CONTINUOUS
10
168.1327759999999785
20
-91.5792229999999989
11
168.1638619999999946
21
-91.6171020000000027
0
LINE
8
BLACK
6
CONTINUOUS
10
168.1638619999999946
20
-91.6171020000000027
11
168.163866999999982
21
-91.6171069999999901
0
LINE
8
BLACK
6
CONTINUOUS
10
168.163866999999982
20
-91.6171069999999901
11
168.2011959999999817
21
-91.7072269999999889
0
LINE
8
BLACK
6
CONTINUOUS
10
168.2011959999999817
20
-91.7072269999999889
11
168.2059999999999889
21
-91.7560000000000002
0
LINE
8
BLACK
6
CONTINUOUS
10
168.2059999999999889
20
-91.7560000000000002
11
168.2059999999999889
21
-101.0300000000000011
0
LINE
8
BLACK
6
CONTINUOUS
10
168.2059999999999889
20
-101.0300000000000011
11
168.2011969999999792
21
-101.0787619999999976
0
LINE
8
BLACK
6
CONTINUOUS
10
168.2011969999999792
20
-101.0787619999999976
11
168.2011969999999792
21
-101.0787720000000007
0
LINE
8
BLACK
6
CONTINUOUS
10
168.2011969999999792
20
-101.0787720000000007
11
168.1638679999999795
21
-101.1688919999999996
0
LINE
8
BLACK
6
CONTINUOUS
10
168.1638679999999795
20
-101.1688919999999996
11
168.1327770000000044
21
-101.2067759999999907
0
LINE
8
BLACK
6
CONTINUOUS
10
168.1327770000000044
20
-101.2067759999999907
11
162.0382439999999917
21
-107.3013089999999892
0
LINE
8
BLACK
6
CONTINUOUS
10
162.0382439999999917
20
-107.3013089999999892
11
162.0665139999999838
21
-107.3502739999999989
0
LINE
8
BLACK
6
CONTINUOUS
10
162.0665139999999838
20
-107.3502739999999989
11
162.1214249999999879
21
-107.5192749999999933
0
LINE
8
BLACK
6
CONTINUOUS
10
162.1214249999999879
20
-107.5192749999999933
11
162.1399999999999864
21
-107.695999999999998
0
LINE
8
BLACK
6
CONTINUOUS
10
162.1399999999999864
20
-107.695999999999998
11
162.1214249999999879
21
-107.8727249999999884
0
LINE
8
BLACK
6
CONTINUOUS
10
162.1214249999999879
20
-107.8727249999999884
11
162.0665139999999838
21
-108.041725999999997
0
LINE
8
BLACK
6
CONTINUOUS
10
162.0665139999999838
20
-108.041725999999997
11
161.9776640000000043
21
-108.1956169999999986
0
LINE
8
BLACK
6
CONTINUOUS
10
161.9776640000000043
20
-108.1956169999999986
11
161.858760999999987
21
-108.3276729999999901
0
LINE
8
BLACK
6
CONTINUOUS
10
161.858760999999987
20
-108.3276729999999901
11
161.7150000000000034
21
-108.4321219999999926
0
LINE
8
BLACK
6
CONTINUOUS
10
161.7150000000000034
20
-108.4321219999999926
11
161.5526639999999929
21
-108.5043979999999948
0
LINE
8
BLACK
6
CONTINUOUS
10
161.5526639999999929
20
-108.5043979999999948
11
161.3788490000000024
21
-108.5413439999999952
0
LINE
8
BLACK
6
CONTINUOUS
10
161.3788490000000024
20
-108.5413439999999952
11
161.2011509999999817
21
-108.5413439999999952
0
LINE
8
BLACK
6
CONTINUOUS
10
161.2011509999999817
20
-108.5413439999999952
11
161.0273359999999911
21
-108.5043979999999948
0
LINE
8
BLACK
6
CONTINUOUS
10
161.0273359999999911
20
-108.5043979999999948
11
160.8649999999999807
21
-108.4321219999999926
0
LINE
8
BLACK
6
CONTINUOUS
10
160.8649999999999807
20
-108.4321219999999926
11
160.7212389999999971
21
-108.3276729999999901
0
LINE
8
BLACK
6
CONTINUOUS
10
160.7212389999999971
20
-108.3276729999999901
11
160.6023359999999798
21
-108.1956169999999986
0
LINE
8
BLACK
6
CONTINUOUS
10
160.6023359999999798
20
-108.1956169999999986
11
160.5134860000000003
21
-108.041725999999997
0
LINE
8
BLACK
6
CONTINUOUS
10
160.5134860000000003
20
-108.041725999999997
11
160.4585749999999962
21
-107.8727249999999884
0
LINE
8
BLACK
6
CONTINUOUS
10
160.4585749999999962
20
-107.8727249999999884
11
160.4399999999999977
21
-107.695999999999998
0
LINE
8
BLACK
6
CONTINUOUS
10
160.4399999999999977
20
-107.695999999999998
11
160.4585749999999962
21
-107.5192749999999933
0
LINE
8
BLACK
6
CONTINUOUS
10
160.4585749999999962
20
-107.5192749999999933
11
160.5134860000000003
21
-107.3502739999999989
0
LINE
8
BLACK
6
CONTINUOUS
10
160.5134860000000003
20
-107.3502739999999989
11
160.6023359999999798
21
-107.1963829999999973
0
LINE
8
BLACK
6
CONTINUOUS
10
160.6023359999999798
20
-107.1963829999999973
11
160.7212389999999971
21
-107.0643269999999916
0
LINE
8
BLACK
6
CONTINUOUS
10
160.7212389999999971
20
-107.0643269999999916
11
160.8649999999999807
21
-106.9598779999999891
0
LINE
8
BLACK
6
CONTINUOUS
10
160.8649999999999807
20
-106.9598779999999891
11
161.0273359999999911
21
-106.8876020000000011
0
LINE
8
BLACK
6
CONTINUOUS
10
161.0273359999999911
20
-106.8876020000000011
11
161.2011509999999817
21
-106.8506560000000007
0
LINE
8
BLACK
6
CONTINUOUS
10
161.2011509999999817
20
-106.8506560000000007
11
161.3788490000000024
21
-106.8506560000000007
0
LINE
8
BLACK
6
CONTINUOUS
10
161.3788490000000024
20
-106.8506560000000007
11
161.5526639999999929
21
-106.8876020000000011
0
LINE
8
BLACK
6
CONTINUOUS
10
161.5526639999999929
20
-106.8876020000000011
11
161.6856389999999806
21
-106.9468059999999952
0
LINE
8
BLACK
6
CONTINUOUS
10
161.6856389999999806
20
-106.9468059999999952
11
167.7059999999999889
21
-100.9264459999999985
0
LINE
8
BLACK
6
CONTINUOUS
10
167.7059999999999889
20
-100.9264459999999985
11
167.7059999999999889
21
-91.8595529999999911
0
LINE
8
BLACK
6
CONTINUOUS
10
167.7059999999999889
20
-91.8595529999999911
11
165.2392229999999813
21
-89.3927769999999953
0
LINE
8
BLACK
6
CONTINUOUS
10
165.2392229999999813
20
-89.3927769999999953
11
165.2081369999999936
21
-89.354896999999994
0
LINE
8
BLACK
6
CONTINUOUS
10
165.2081369999999936
20
-89.354896999999994
11
165.2081330000000037
21
-89.3548929999999899
0
LINE
8
BLACK
6
CONTINUOUS
10
165.2081330000000037
20
-89.3548929999999899
11
165.170804000000004
21
-89.264772999999991
0
LINE
8
BLACK
6
CONTINUOUS
10
165.170804000000004
20
-89.264772999999991
11
165.1659999999999968
21
-89.215999999999994
0
LINE
8
BLACK
6
CONTINUOUS
10
165.1659999999999968
20
-89.215999999999994
11
165.1659999999999968
21
-86.7795539999999903
0
LINE
8
BLACK
6
CONTINUOUS
10
165.1659999999999968
20
-86.7795539999999903
11
159.4622229999999945
21
-81.0757770000000022
0
LINE
8
BLACK
6
CONTINUOUS
10
159.4622229999999945
20
-81.0757770000000022
11
159.4311370000000068
21
-81.037897000000001
0
LINE
8
BLACK
6
CONTINUOUS
10
159.4311370000000068
20
-81.037897000000001
11
159.4311329999999884
21
-81.0378929999999968
0
LINE
8
BLACK
6
CONTINUOUS
10
159.4311329999999884
20
-81.0378929999999968
11
159.3938039999999887
21
-80.947772999999998
0
LINE
8
BLACK
6
CONTINUOUS
10
159.3938039999999887
20
-80.947772999999998
11
159.3889999999999816
21
-80.8990000000000009
0
LINE
8
BLACK
6
CONTINUOUS
10
159.3889999999999816
20
-80.8990000000000009
11
159.3889999999999816
21
-79.9377209999999963
0
LINE
8
BLACK
6
CONTINUOUS
10
159.3889999999999816
20
-79.9377209999999963
11
159.3153930000000003
21
-79.8641140000000007
0
LINE
8
BLACK
6
CONTINUOUS
10
159.3153930000000003
20
-79.8641140000000007
11
159.2585770000000025
21
-79.7526069999999976
0
LINE
8
BLACK
6
CONTINUOUS
10
159.2585770000000025
20
-79.7526069999999976
11
159.2390000000000043
21
-79.6289999999999907
0
LINE
8
BLACK
6
CONTINUOUS
10
159.2390000000000043
20
-79.6289999999999907
11
159.2585770000000025
21
-79.505392999999998
0
LINE
8
BLACK
6
CONTINUOUS
10
159.2585770000000025
20
-79.505392999999998
11
159.3153930000000003
21
-79.3938859999999949
0
LINE
8
BLACK
6
CONTINUOUS
10
159.3153930000000003
20
-79.3938859999999949
11
159.403886
21
-79.3053929999999951
0
LINE
8
BLACK
6
CONTINUOUS
10
159.403886
20
-79.3053929999999951
11
159.5153929999999889
21
-79.2485769999999974
0
LINE
8
BLACK
6
CONTINUOUS
10
159.5153929999999889
20
-79.2485769999999974
11
159.6389999999999816
21
-79.2289999999999992
0
LINE
8
BLACK
6
CONTINUOUS
10
159.6389999999999816
20
-79.2289999999999992
11
159.7626070000000027
21
-79.2485769999999974
0
LINE
8
BLACK
6
CONTINUOUS
10
161.1596069999999941
20
-80.5185769999999934
11
161.271113999999983
21
-80.5753929999999912
0
LINE
8
BLACK
6
CONTINUOUS
10
161.271113999999983
20
-80.5753929999999912
11
161.3596069999999827
21
-80.6638859999999909
0
LINE
8
BLACK
6
CONTINUOUS
10
161.3596069999999827
20
-80.6638859999999909
11
161.4164229999999804
21
-80.775392999999994
0
LINE
8
BLACK
6
CONTINUOUS
10
161.4164229999999804
20
-80.775392999999994
11
161.4359999999999786
21
-80.8990000000000009
0
LINE
8
BLACK
6
CONTINUOUS
10
161.4359999999999786
20
-80.8990000000000009
11
161.4164229999999804
21
-81.0226069999999936
0
LINE
8
BLACK
6
CONTINUOUS
10
161.4164229999999804
20
-81.0226069999999936
11
161.3596069999999827
21
-81.1341139999999967
0
LINE
8
BLACK
6
CONTINUOUS
10
161.3596069999999827
20
-81.1341139999999967
11
161.3016369999999995
21
-81.1920829999999967
0
LINE
8
BLACK
6
CONTINUOUS
10
161.3016369999999995
20
-81.1920829999999967
11
166.292777000000001
21
-86.1832229999999981
0
LINE
8
BLACK
6
CONTINUOUS
10
166.292777000000001
20
-86.1832229999999981
11
166.3238680000000045
21
-86.221108000000001
0
LINE
8
BLACK
6
CONTINUOUS
10
166.3238680000000045
20
-86.221108000000001
11
166.3284109999999885
21
-86.2320769999999897
0
LINE
8
BLACK
6
CONTINUOUS
10
166.3284109999999885
20
-86.2320769999999897
11
166.3611959999999783
21
-86.3112270000000024
0
LINE
8
BLACK
6
CONTINUOUS
10
166.3611959999999783
20
-86.3112270000000024
11
166.3659999999999854
21
-86.3599999999999994
0
LINE
8
BLACK
6
CONTINUOUS
10
166.3659999999999854
20
-86.3599999999999994
11
166.3659999999999854
21
-88.7964459999999889
0
LINE
8
BLACK
6
CONTINUOUS
10
166.3659999999999854
20
-88.7964459999999889
11
168.8327759999999955
21
-91.2632229999999964
0
LINE
8
BLACK
6
CONTINUOUS
10
168.8327759999999955
20
-91.2632229999999964
11
168.8638619999999833
21
-91.3011020000000002
0
LINE
8
BLACK
6
CONTINUOUS
10
168.8638619999999833
20
-91.3011020000000002
11
168.8638669999999991
21
-91.3011070000000018
0
LINE
8
BLACK
6
CONTINUOUS
10
168.8638669999999991
20
-91.3011070000000018
11
168.9011959999999988
21
-91.3912270000000007
0
LINE
8
BLACK
6
CONTINUOUS
10
168.9011959999999988
20
-91.3912270000000007
11
168.9060000000000059
21
-91.4399999999999977
0
LINE
8
BLACK
6
CONTINUOUS
10
168.9060000000000059
20
-91.4399999999999977
11
168.9060000000000059
21
-102.8699999999999903
0
LINE
8
BLACK
6
CONTINUOUS
10
168.9060000000000059
20
-102.8699999999999903
11
168.9011969999999963
21
-102.918762000000001
0
LINE
8
BLACK
6
CONTINUOUS
10
168.9011969999999963
20
-102.918762000000001
11
168.9011969999999963
21
-102.9187719999999899
0
LINE
8
BLACK
6
CONTINUOUS
10
168.9011969999999963
20
-102.9187719999999899
11
168.8638679999999965
21
-103.0088919999999888
0
LINE
8
BLACK
6
CONTINUOUS
10
168.8638679999999965
20
-103.0088919999999888
11
168.832776999999993
21
-103.0467759999999942
0
LINE
8
BLACK
6
CONTINUOUS
10
168.832776999999993
20
-103.0467759999999942
11
164.5782439999999838
21
-107.3013089999999892
0
LINE
8
BLACK
6
CONTINUOUS
10
164.5782439999999838
20
-107.3013089999999892
11
164.6065140000000042
21
-107.3502739999999989
0
LINE
8
BLACK
6
CONTINUOUS
10
164.6065140000000042
20
-107.3502739999999989
11
164.6614249999999799
21
-107.5192749999999933
0
LINE
8
BLACK
6
CONTINUOUS
10
164.6614249999999799
20
-107.5192749999999933
11
164.6799999999999784
21
-107.695999999999998
0
LINE
8
BLACK
6
CONTINUOUS
10
164.6799999999999784
20
-107.695999999999998
11
164.6614249999999799
21
-107.8727249999999884
0
LINE
8
BLACK
6
CONTINUOUS
10
164.6614249999999799
20
-107.8727249999999884
11
164.6065140000000042
21
-108.041725999999997
0
LINE
8
BLACK
6
CONTINUOUS
10
164.6065140000000042
20
-108.041725999999997
11
164.5176639999999963
21
-108.1956169999999986
0
LINE
8
BLACK
6
CONTINUOUS
10
164.5176639999999963
20
-108.1956169999999986
11
164.398760999999979
21
-108.3276729999999901
0
LINE
8
BLACK
6
CONTINUOUS
10
164.398760999999979
20
-108.3276729999999901
11
164.2549999999999955
21
-108.4321219999999926
0
LINE
8
BLACK
6
CONTINUOUS
10
164.2549999999999955
20
-108.4321219999999926
11
164.092663999999985
21
-108.5043979999999948
0
LINE
8
BLACK
6
CONTINUOUS
10
164.092663999999985
20
-108.5043979999999948
11
163.9188489999999945
21
-108.5413439999999952
0
LINE
8
BLACK
6
CONTINUOUS
10
163.9188489999999945
20
-108.5413439999999952
11
163.7411510000000021
21
-108.5413439999999952
0
LINE
8
BLACK
6
CONTINUOUS
10
163.7411510000000021
20
-108.5413439999999952
11
163.5673359999999832
21
-108.5043979999999948
0
LINE
8
BLACK
6
CONTINUOUS
10
163.5673359999999832
20
-108.5043979999999948
11
163.4050000000000011
21
-108.4321219999999926
0
LINE
8
BLACK
6
CONTINUOUS
10
163.4050000000000011
20
-108.4321219999999926
11
163.2612389999999891
21
-108.3276729999999901
0
LINE
8
BLACK
6
CONTINUOUS
10
163.2612389999999891
20
-108.3276729999999901
11
163.1423360000000002
21
-108.1956169999999986
0
LINE
8
BLACK
6
CONTINUOUS
10
163.1423360000000002
20
-108.1956169999999986
11
163.0534859999999924
21
-108.041725999999997
0
LINE
8
BLACK
6
CONTINUOUS
10
163.0534859999999924
20
-108.041725999999997
11
162.9985749999999882
21
-107.8727249999999884
0
LINE
8
BLACK
6
CONTINUOUS
10
162.9985749999999882
20
-107.8727249999999884
11
162.9799999999999898
21
-107.695999999999998
0
LINE
8
BLACK
6
CONTINUOUS
10
162.9799999999999898
20
-107.695999999999998
11
162.9985749999999882
21
-107.5192749999999933
0
LINE
8
BLACK
6
CONTINUOUS
10
162.9985749999999882
20
-107.5192749999999933
11
163.0534859999999924
21
-107.3502739999999989
0
LINE
8
BLACK
6
CONTINUOUS
10
163.0534859999999924
20
-107.3502739999999989
11
163.1423360000000002
21
-107.1963829999999973
0
LINE
8
BLACK
6
CONTINUOUS
10
163.1423360000000002
20
-107.1963829999999973
11
163.2612389999999891
21
-107.0643269999999916
0
LINE
8
BLACK
6
CONTINUOUS
10
163.2612389999999891
20
-107.0643269999999916
11
163.4050000000000011
21
-106.9598779999999891
0
LINE
8
BLACK
6
CONTINUOUS
10
163.4050000000000011
20
-106.9598779999999891
11
163.5673359999999832
21
-106.8876020000000011
0
LINE
8
BLACK
6
CONTINUOUS
10
163.5673359999999832
20
-106.8876020000000011
11
163.7411510000000021
21
-106.8506560000000007
0
LINE
8
BLACK
6
CONTINUOUS
10
163.7411510000000021
20
-106.8506560000000007
11
163.9188489999999945
21
-106.8506560000000007
0
LINE
8
BLACK
6
CONTINUOUS
10
163.9188489999999945
20
-106.8506560000000007
11
164.092663999999985
21
-106.8876020000000011
0
LINE
8
BLACK
6
CONTINUOUS
10
164.092663999999985
20
-106.8876020000000011
11
164.225639000000001
21
-106.9468059999999952
0
LINE
8
BLACK
6
CONTINUOUS
10
164.225639000000001
20
-106.9468059999999952
11
168.4060000000000059
21
-102.766446000000002
0
LINE
8
BLACK
6
CONTINUOUS
10
168.4060000000000059
20
-102.766446000000002
11
168.4060000000000059
21
-91.5435530000000028
0
LINE
8
BLACK
6
CONTINUOUS
10
168.4060000000000059
20
-91.5435530000000028
11
165.9392229999999984
21
-89.0767769999999928
0
LINE
8
BLACK
6
CONTINUOUS
10
165.9392229999999984
20
-89.0767769999999928
11
165.9081369999999822
21
-89.0388969999999915
0
LINE
8
BLACK
6
CONTINUOUS
10
165.9081369999999822
20
-89.0388969999999915
11
165.9081329999999923
21
-89.0388930000000016
0
LINE
8
BLACK
6
CONTINUOUS
10
165.9081329999999923
20
-89.0388930000000016
11
165.8708039999999926
21
-88.9487730000000028
0
LINE
8
BLACK
6
CONTINUOUS
10
165.8708039999999926
20
-88.9487730000000028
11
165.8659999999999854
21
-88.8999999999999915
0
LINE
8
BLACK
6
CONTINUOUS
10
165.8659999999999854
20
-88.8999999999999915
11
165.8659999999999854
21
-86.463554000000002
0
LINE
8
BLACK
6
CONTINUOUS
10
165.8659999999999854
20
-86.463554000000002
11
160.8592229999999859
21
-81.4567770000000024
0
LINE
8
BLACK
6
CONTINUOUS
10
160.8592229999999859
20
-81.4567770000000024
11
160.8281369999999981
21
-81.4188970000000012
0
LINE
8
BLACK
6
CONTINUOUS
10
160.8281369999999981
20
-81.4188970000000012
11
160.8281329999999798
21
-81.4188929999999971
0
LINE
8
BLACK
6
CONTINUOUS
10
160.8281329999999798
20
-81.4188929999999971
11
160.7908039999999801
21
-81.3287729999999982
0
LINE
8
BLACK
6
CONTINUOUS
10
160.7908039999999801
20
-81.3287729999999982
11
160.7860000000000014
21
-81.2800000000000011
0
LINE
8
BLACK
6
CONTINUOUS
10
160.7860000000000014
20
-81.2800000000000011
11
160.7860000000000014
21
-81.2077209999999923
0
LINE
8
BLACK
6
CONTINUOUS
10
160.7860000000000014
20
-81.2077209999999923
11
160.7123929999999916
21
-81.1341139999999967
0
LINE
8
BLACK
6
CONTINUOUS
10
160.7123929999999916
20
-81.1341139999999967
11
160.6555769999999939
21
-81.0226069999999936
0
LINE
8
BLACK
6
CONTINUOUS
10
160.6555769999999939
20
-81.0226069999999936
11
160.6359999999999957
21
-80.8990000000000009
0
LINE
8
BLACK
6
CONTINUOUS
10
160.6359999999999957
20
-80.8990000000000009
11
160.6555769999999939
21
-80.775392999999994
0
LINE
8
BLACK
6
CONTINUOUS
10
160.6555769999999939
20
-80.775392999999994
11
160.7123929999999916
21
-80.6638859999999909
0
LINE
8
BLACK
6
CONTINUOUS
10
160.7123929999999916
20
-80.6638859999999909
11
160.8008859999999913
21
-80.5753929999999912
0
LINE
8
BLACK
6
CONTINUOUS
10
160.8008859999999913
20
-80.5753929999999912
11
160.9123929999999802
21
-80.5185769999999934
0
LINE
8
BLACK
6
CONTINUOUS
10
160.9123929999999802
20
-80.5185769999999934
11
161.0360000000000014
21
-80.4989999999999952
0
LINE
8
BLACK
6
CONTINUOUS
10
161.0360000000000014
20
-80.4989999999999952
11
161.1596069999999941
21
-80.5185769999999934
0
LINE
8
BLACK
6
CONTINUOUS
10
166.6326640000000054
20
-106.8876020000000011
11
166.7949999999999875
21
-106.9598779999999891
0
LINE
8
BLACK
6
CONTINUOUS
10
166.7949999999999875
20
-106.9598779999999891
11
166.9387609999999995
21
-107.0643269999999916
0
LINE
8
BLACK
6
CONTINUOUS
10
166.9387609999999995
20
-107.0643269999999916
11
167.0576639999999884
21
-107.1963829999999973
0
LINE
8
BLACK
6
CONTINUOUS
10
167.0576639999999884
20
-107.1963829999999973
11
167.1465139999999963
21
-107.3502739999999989
0
LINE
8
BLACK
6
CONTINUOUS
10
167.1465139999999963
20
-107.3502739999999989
11
167.2014250000000004
21
-107.5192749999999933
0
LINE
8
BLACK
6
CONTINUOUS
10
167.2014250000000004
20
-107.5192749999999933
11
167.2199999999999989
21
-107.695999999999998
0
LINE
8
BLACK
6
CONTINUOUS
10
167.2199999999999989
20
-107.695999999999998
11
167.2014250000000004
21
-107.8727249999999884
0
LINE
8
BLACK
6
CONTINUOUS
10
167.2014250000000004
20
-107.8727249999999884
11
167.1465139999999963
21
-108.041725999999997
0
LINE
8
BLACK
6
CONTINUOUS
10
167.1465139999999963
20
-108.041725999999997
11
167.0576639999999884
21
-108.1956169999999986
0
LINE
8
BLACK
6
CONTINUOUS
10
167.0576639999999884
20
-108.1956169999999986
11
166.9387609999999995
21
-108.3276729999999901
0
LINE
8
BLACK
6
CONTINUOUS
10
166.9387609999999995
20
-108.3276729999999901
11
166.7949999999999875
21
-108.4321219999999926
0
LINE
8
BLACK
6
CONTINUOUS
10
166.7949999999999875
20
-108.4321219999999926
11
166.6326640000000054
21
-108.5043979999999948
0
LINE
8
BLACK
6
CONTINUOUS
10
166.6326640000000054
20
-108.5043979999999948
11
166.4588489999999865
21
-108.5413439999999952
0
LINE
8
BLACK
6
CONTINUOUS
10
166.4588489999999865
20
-108.5413439999999952
11
166.2811509999999942
21
-108.5413439999999952
0
LINE
8
BLACK
6
CONTINUOUS
10
166.2811509999999942
20
-108.5413439999999952
11
166.1073360000000037
21
-108.5043979999999948
0
LINE
8
BLACK
6
CONTINUOUS
10
166.1073360000000037
20
-108.5043979999999948
11
165.9449999999999932
21
-108.4321219999999926
0
LINE
8
BLACK
6
CONTINUOUS
10
165.9449999999999932
20
-108.4321219999999926
11
165.8012389999999812
21
-108.3276729999999901
0
LINE
8
BLACK
6
CONTINUOUS
10
165.8012389999999812
20
-108.3276729999999901
11
165.6823359999999923
21
-108.1956169999999986
0
LINE
8
BLACK
6
CONTINUOUS
10
165.6823359999999923
20
-108.1956169999999986
11
165.5934859999999844
21
-108.041725999999997
0
LINE
8
BLACK
6
CONTINUOUS
10
165.5934859999999844
20
-108.041725999999997
11
165.5385749999999803
21
-107.8727249999999884
0
LINE
8
BLACK
6
CONTINUOUS
10
165.5385749999999803
20
-107.8727249999999884
11
165.5199999999999818
21
-107.695999999999998
0
LINE
8
BLACK
6
CONTINUOUS
10
165.5199999999999818
20
-107.695999999999998
11
165.5385749999999803
21
-107.5192749999999933
0
LINE
8
BLACK
6
CONTINUOUS
10
165.5385749999999803
20
-107.5192749999999933
11
165.5934859999999844
21
-107.3502739999999989
0
LINE
8
BLACK
6
CONTINUOUS
10
165.5934859999999844
20
-107.3502739999999989
11
165.6823359999999923
21
-107.1963829999999973
0
LINE
8
BLACK
6
CONTINUOUS
10
165.6823359999999923
20
-107.1963829999999973
11
165.8012389999999812
21
-107.0643269999999916
0
LINE
8
BLACK
6
CONTINUOUS
10
165.8012389999999812
20
-107.0643269999999916
11
165.9449999999999932
21
-106.9598779999999891
0
LINE
8
BLACK
6
CONTINUOUS
10
165.9449999999999932
20
-106.9598779999999891
11
166.1073360000000037
21
-106.8876020000000011
0
LINE
8
BLACK
6
CONTINUOUS
10
166.1073360000000037
20
-106.8876020000000011
11
166.2811509999999942
21
-106.8506560000000007
0
LINE
8
BLACK
6
CONTINUOUS
10
166.2811509999999942
20
-106.8506560000000007
11
166.4588489999999865
21
-106.8506560000000007
0
LINE
8
BLACK
6
CONTINUOUS
10
166.4588489999999865
20
-106.8506560000000007
11
166.6326640000000054
21
-106.8876020000000011
0
LINE
8
BLACK
6
CONTINUOUS
10
152.595263999999986
20
-105.9368819999999971
11
152.6176609999999982
21
-105.9461589999999944
0
LINE
8
BLACK
6
CONTINUOUS
10
152.6176609999999982
20
-105.9461589999999944
11
152.6493349999999793
21
-105.9592789999999951
0
LINE
8
BLACK
6
CONTINUOUS
10
152.6493349999999793
20
-105.9592789999999951
11
152.6720660000000009
21
-105.9779339999999905
0
LINE
8
BLACK
6
CONTINUOUS
10
152.6720660000000009
20
-105.9779339999999905
11
153.7590769999999907
21
-107.0649449999999945
0
LINE
8
BLACK
6
CONTINUOUS
10
153.7590769999999907
20
-107.0649449999999945
11
153.8473809999999844
21
-107.0094619999999992
0
LINE
8
BLACK
6
CONTINUOUS
10
153.8473809999999844
20
-107.0094619999999992
11
154.0084389999999814
21
-106.9531049999999937
0
LINE
8
BLACK
6
CONTINUOUS
10
154.0084389999999814
20
-106.9531049999999937
11
154.1779999999999973
21
-106.9339999999999975
0
LINE
8
BLACK
6
CONTINUOUS
10
154.1779999999999973
20
-106.9339999999999975
11
154.3475609999999847
21
-106.9531049999999937
0
LINE
8
BLACK
6
CONTINUOUS
10
154.3475609999999847
20
-106.9531049999999937
11
154.5086189999999817
21
-107.0094619999999992
0
LINE
8
BLACK
6
CONTINUOUS
10
154.5086189999999817
20
-107.0094619999999992
11
154.6530989999999974
21
-107.1002439999999893
0
LINE
8
BLACK
6
CONTINUOUS
10
154.6530989999999974
20
-107.1002439999999893
11
154.7737559999999917
21
-107.2209009999999978
0
LINE
8
BLACK
6
CONTINUOUS
10
154.7737559999999917
20
-107.2209009999999978
11
154.8645379999999818
21
-107.3653809999999993
0
LINE
8
BLACK
6
CONTINUOUS
10
154.8645379999999818
20
-107.3653809999999993
11
154.9208950000000016
21
-107.5264389999999963
0
LINE
8
BLACK
6
CONTINUOUS
10
154.9208950000000016
20
-107.5264389999999963
11
154.9399999999999977
21
-107.695999999999998
0
LINE
8
BLACK
6
CONTINUOUS
10
154.9399999999999977
20
-107.695999999999998
11
154.9208950000000016
21
-107.8655609999999996
0
LINE
8
BLACK
6
CONTINUOUS
10
154.9208950000000016
20
-107.8655609999999996
11
154.8645379999999818
21
-108.0266189999999966
0
LINE
8
BLACK
6
CONTINUOUS
10
154.8645379999999818
20
-108.0266189999999966
11
154.7737559999999917
21
-108.1710989999999981
0
LINE
8
BLACK
6
CONTINUOUS
10
154.7737559999999917
20
-108.1710989999999981
11
154.6530989999999974
21
-108.2917559999999924
0
LINE
8
BLACK
6
CONTINUOUS
10
154.6530989999999974
20
-108.2917559999999924
11
154.5086189999999817
21
-108.3825379999999967
0
LINE
8
BLACK
6
CONTINUOUS
10
154.5086189999999817
20
-108.3825379999999967
11
154.3475609999999847
21
-108.438894999999988
0
LINE
8
BLACK
6
CONTINUOUS
10
154.3475609999999847
20
-108.438894999999988
11
154.1779999999999973
21
-108.4579999999999984
0
LINE
8
BLACK
6
CONTINUOUS
10
154.1779999999999973
20
-108.4579999999999984
11
154.0084389999999814
21
-108.438894999999988
0
LINE
8
BLACK
6
CONTINUOUS
10
154.0084389999999814
20
-108.438894999999988
11
153.8473809999999844
21
-108.3825379999999967
0
LINE
8
BLACK
6
CONTINUOUS
10
153.8473809999999844
20
-108.3825379999999967
11
153.7029009999999971
21
-108.2917559999999924
0
LINE
8
BLACK
6
CONTINUOUS
10
153.7029009999999971
20
-108.2917559999999924
11
153.5822440000000029
21
-108.1710989999999981
0
LINE
8
BLACK
6
CONTINUOUS
10
153.5822440000000029
20
-108.1710989999999981
11
153.4914619999999843
21
-108.0266189999999966
0
LINE
8
BLACK
6
CONTINUOUS
10
153.4914619999999843
20
-108.0266189999999966
11
153.435104999999993
21
-107.8655609999999996
0
LINE
8
BLACK
6
CONTINUOUS
10
153.435104999999993
20
-107.8655609999999996
11
153.4159999999999968
21
-107.695999999999998
0
LINE
8
BLACK
6
CONTINUOUS
10
153.4159999999999968
20
-107.695999999999998
11
153.435104999999993
21
-107.5264389999999963
0
LINE
8
BLACK
6
CONTINUOUS
10
153.435104999999993
20
-107.5264389999999963
11
153.4914619999999843
21
-107.3653809999999993
0
LINE
8
BLACK
6
CONTINUOUS
10
153.4914619999999843
20
-107.3653809999999993
11
153.5469449999999938
21
-107.2770769999999914
0
LINE
8
BLACK
6
CONTINUOUS
10
153.5469449999999938
20
-107.2770769999999914
11
152.5038679999999829
21
-106.2339999999999947
0
LINE
8
BLACK
6
CONTINUOUS
10
152.5038679999999829
20
-106.2339999999999947
11
140.8521319999999832
21
-106.2339999999999947
0
LINE
8
BLACK
6
CONTINUOUS
10
140.8521319999999832
20
-106.2339999999999947
11
139.8090540000000033
21
-107.2770769999999914
0
LINE
8
BLACK
6
CONTINUOUS
10
139.8090540000000033
20
-107.2770769999999914
11
139.8645379999999818
21
-107.3653809999999993
0
LINE
8
BLACK
6
CONTINUOUS
10
139.8645379999999818
20
-107.3653809999999993
11
139.9208950000000016
21
-107.5264389999999963
0
LINE
8
BLACK
6
CONTINUOUS
10
139.9208950000000016
20
-107.5264389999999963
11
139.9399999999999977
21
-107.695999999999998
0
LINE
8
BLACK
6
CONTINUOUS
10
139.9399999999999977
20
-107.695999999999998
11
139.9208950000000016
21
-107.8655609999999996
0
LINE
8
BLACK
6
CONTINUOUS
10
139.9208950000000016
20
-107.8655609999999996
11
139.8645379999999818
21
-108.0266189999999966
0
LINE
8
BLACK
6
CONTINUOUS
10
139.8645379999999818
20
-108.0266189999999966
11
139.7737559999999917
21
-108.1710989999999981
0
LINE
8
BLACK
6
CONTINUOUS
10
139.7737559999999917
20
-108.1710989999999981
11
139.6530989999999974
21
-108.2917559999999924
0
LINE
8
BLACK
6
CONTINUOUS
10
139.6530989999999974
20
-108.2917559999999924
11
139.5086189999999817
21
-108.3825379999999967
0
LINE
8
BLACK
6
CONTINUOUS
10
139.5086189999999817
20
-108.3825379999999967
11
139.3475609999999847
21
-108.438894999999988
0
LINE
8
BLACK
6
CONTINUOUS
10
139.3475609999999847
20
-108.438894999999988
11
139.1779999999999973
21
-108.4579999999999984
0
LINE
8
BLACK
6
CONTINUOUS
10
139.1779999999999973
20
-108.4579999999999984
11
139.0084389999999814
21
-108.438894999999988
0
LINE
8
BLACK
6
CONTINUOUS
10
139.0084389999999814
20
-108.438894999999988
11
138.8473809999999844
21
-108.3825379999999967
0
LINE
8
BLACK
6
CONTINUOUS
10
138.8473809999999844
20
-108.3825379999999967
11
138.7029009999999971
21
-108.2917559999999924
0
LINE
8
BLACK
6
CONTINUOUS
10
138.7029009999999971
20
-108.2917559999999924
11
138.5822440000000029
21
-108.1710989999999981
0
LINE
8
BLACK
6
CONTINUOUS
10
138.5822440000000029
20
-108.1710989999999981
11
138.4914619999999843
21
-108.0266189999999966
0
LINE
8
BLACK
6
CONTINUOUS
10
138.4914619999999843
20
-108.0266189999999966
11
138.435104999999993
21
-107.8655609999999996
0
LINE
8
BLACK
6
CONTINUOUS
10
138.435104999999993
20
-107.8655609999999996
11
138.4159999999999968
21
-107.695999999999998
0
LINE
8
BLACK
6
CONTINUOUS
10
138.4159999999999968
20
-107.695999999999998
11
138.435104999999993
21
-107.5264389999999963
0
LINE
8
BLACK
6
CONTINUOUS
10
138.435104999999993
20
-107.5264389999999963
11
138.4914619999999843
21
-107.3653809999999993
0
LINE
8
BLACK
6
CONTINUOUS
10
138.4914619999999843
20
-107.3653809999999993
11
138.5822440000000029
21
-107.2209009999999978
0
LINE
8
BLACK
6
CONTINUOUS
10
138.5822440000000029
20
-107.2209009999999978
11
138.7029009999999971
21
-107.1002439999999893
0
LINE
8
BLACK
6
CONTINUOUS
10
138.7029009999999971
20
-107.1002439999999893
11
138.8473809999999844
21
-107.0094619999999992
0
LINE
8
BLACK
6
CONTINUOUS
10
138.8473809999999844
20
-107.0094619999999992
11
139.0084389999999814
21
-106.9531049999999937
0
LINE
8
BLACK
6
CONTINUOUS
10
139.0084389999999814
20
-106.9531049999999937
11
139.1779999999999973
21
-106.9339999999999975
0
LINE
8
BLACK
6
CONTINUOUS
10
139.1779999999999973
20
-106.9339999999999975
11
139.3475609999999847
21
-106.9531049999999937
0
LINE
8
BLACK
6
CONTINUOUS
10
139.3475609999999847
20
-106.9531049999999937
11
139.5086189999999817
21
-107.0094619999999992
0
LINE
8
BLACK
6
CONTINUOUS
10
139.5086189999999817
20
-107.0094619999999992
11
139.5969220000000064
21
-107.0649449999999945
0
LINE
8
BLACK
6
CONTINUOUS
10
139.5969220000000064
20
-107.0649449999999945
11
140.6839339999999936
21
-105.9779339999999905
0
LINE
8
BLACK
6
CONTINUOUS
10
140.6839339999999936
20
-105.9779339999999905
11
140.7066639999999893
21
-105.9592789999999951
0
LINE
8
BLACK
6
CONTINUOUS
10
140.7066639999999893
20
-105.9592789999999951
11
140.7448990000000038
21
-105.9434419999999903
0
LINE
8
BLACK
6
CONTINUOUS
10
140.7448990000000038
20
-105.9434419999999903
11
140.7607359999999801
21
-105.9368819999999971
0
LINE
8
BLACK
6
CONTINUOUS
10
140.7607359999999801
20
-105.9368819999999971
11
140.789999999999992
21
-105.9339999999999975
0
LINE
8
BLACK
6
CONTINUOUS
10
140.789999999999992
20
-105.9339999999999975
11
152.5660000000000025
21
-105.9339999999999975
0
LINE
8
BLACK
6
CONTINUOUS
10
152.5660000000000025
20
-105.9339999999999975
11
152.595263999999986
21
-105.9368819999999971
0
LINE
8
BLACK
6
CONTINUOUS
10
150.095263999999986
20
-106.4368819999999971
11
150.1176609999999982
21
-106.4461589999999944
0
LINE
8
BLACK
6
CONTINUOUS
10
150.1176609999999982
20
-106.4461589999999944
11
150.1493349999999793
21
-106.4592789999999951
0
LINE
8
BLACK
6
CONTINUOUS
10
150.1493349999999793
20
-106.4592789999999951
11
150.1720660000000009
21
-106.4779339999999905
0
LINE
8
BLACK
6
CONTINUOUS
10
150.1720660000000009
20
-106.4779339999999905
11
150.7590769999999907
21
-107.0649449999999945
0
LINE
8
BLACK
6
CONTINUOUS
10
150.7590769999999907
20
-107.0649449999999945
11
150.8473809999999844
21
-107.0094619999999992
0
LINE
8
BLACK
6
CONTINUOUS
10
150.8473809999999844
20
-107.0094619999999992
11
151.0084389999999814
21
-106.9531049999999937
0
LINE
8
BLACK
6
CONTINUOUS
10
151.0084389999999814
20
-106.9531049999999937
11
151.1779999999999973
21
-106.9339999999999975
0
LINE
8
BLACK
6
CONTINUOUS
10
151.1779999999999973
20
-106.9339999999999975
11
151.3475609999999847
21
-106.9531049999999937
0
LINE
8
BLACK
6
CONTINUOUS
10
151.3475609999999847
20
-106.9531049999999937
11
151.5086189999999817
21
-107.0094619999999992
0
LINE
8
BLACK
6
CONTINUOUS
10
151.5086189999999817
20
-107.0094619999999992
11
151.6530989999999974
21
-107.1002439999999893
0
LINE
8
BLACK
6
CONTINUOUS
10
151.6530989999999974
20
-107.1002439999999893
11
151.7737559999999917
21
-107.2209009999999978
0
LINE
8
BLACK
6
CONTINUOUS
10
151.7737559999999917
20
-107.2209009999999978
11
151.8645379999999818
21
-107.3653809999999993
0
LINE
8
BLACK
6
CONTINUOUS
10
151.8645379999999818
20
-107.3653809999999993
11
151.9208950000000016
21
-107.5264389999999963
0
LINE
8
BLACK
6
CONTINUOUS
10
151.9208950000000016
20
-107.5264389999999963
11
151.9399999999999977
21
-107.695999999999998
0
LINE
8
BLACK
6
CONTINUOUS
10
151.9399999999999977
20
-107.695999999999998
11
151.9208950000000016
21
-107.8655609999999996
0
LINE
8
BLACK
6
CONTINUOUS
10
151.9208950000000016
20
-107.8655609999999996
11
151.8645379999999818
21
-108.0266189999999966
0
LINE
8
BLACK
6
CONTINUOUS
10
151.8645379999999818
20
-108.0266189999999966
11
151.7737559999999917
21
-108.1710989999999981
0
LINE
8
BLACK
6
CONTINUOUS
10
151.7737559999999917
20
-108.1710989999999981
11
151.6530989999999974
21
-108.2917559999999924
0
LINE
8
BLACK
6
CONTINUOUS
10
151.6530989999999974
20
-108.2917559999999924
11
151.5086189999999817
21
-108.3825379999999967
0
LINE
8
BLACK
6
CONTINUOUS
10
151.5086189999999817
20
-108.3825379999999967
11
151.3475609999999847
21
-108.438894999999988
0
LINE
8
BLACK
6
CONTINUOUS
10
151.3475609999999847
20
-108.438894999999988
11
151.1779999999999973
21
-108.4579999999999984
0
LINE
8
BLACK
6
CONTINUOUS
10
151.1779999999999973
20
-108.4579999999999984
11
151.0084389999999814
21
-108.438894999999988
0
LINE
8
BLACK
6
CONTINUOUS
10
151.0084389999999814
20
-108.438894999999988
11
150.8473809999999844
21
-108.3825379999999967
0
LINE
8
BLACK
6
CONTINUOUS
10
150.8473809999999844
20
-108.3825379999999967
11
150.7029009999999971
21
-108.2917559999999924
0
LINE
8
BLACK
6
CONTINUOUS
10
150.7029009999999971
20
-108.2917559999999924
11
150.5822440000000029
21
-108.1710989999999981
0
LINE
8
BLACK
6
CONTINUOUS
10
150.5822440000000029
20
-108.1710989999999981
11
150.4914619999999843
21
-108.0266189999999966
0
LINE
8
BLACK
6
CONTINUOUS
10
150.4914619999999843
20
-108.0266189999999966
11
150.435104999999993
21
-107.8655609999999996
0
LINE
8
BLACK
6
CONTINUOUS
10
150.435104999999993
20
-107.8655609999999996
11
150.4159999999999968
21
-107.695999999999998
0
LINE
8
BLACK
6
CONTINUOUS
10
150.4159999999999968
20
-107.695999999999998
11
150.435104999999993
21
-107.5264389999999963
0
LINE
8
BLACK
6
CONTINUOUS
10
150.435104999999993
20
-107.5264389999999963
11
150.4914619999999843
21
-107.3653809999999993
0
LINE
8
BLACK
6
CONTINUOUS
10
150.4914619999999843
20
-107.3653809999999993
11
150.5469449999999938
21
-107.2770769999999914
0
LINE
8
BLACK
6
CONTINUOUS
10
150.5469449999999938
20
-107.2770769999999914
11
150.0038679999999829
21
-106.7339999999999947
0
LINE
8
BLACK
6
CONTINUOUS
10
150.0038679999999829
20
-106.7339999999999947
11
143.3521319999999832
21
-106.7339999999999947
0
LINE
8
BLACK
6
CONTINUOUS
10
143.3521319999999832
20
-106.7339999999999947
11
142.8090540000000033
21
-107.2770769999999914
0
LINE
8
BLACK
6
CONTINUOUS
10
142.8090540000000033
20
-107.2770769999999914
11
142.8645379999999818
21
-107.3653809999999993
0
LINE
8
BLACK
6
CONTINUOUS
10
142.8645379999999818
20
-107.3653809999999993
11
142.9208950000000016
21
-107.5264389999999963
0
LINE
8
BLACK
6
CONTINUOUS
10
142.9208950000000016
20
-107.5264389999999963
11
142.9399999999999977
21
-107.695999999999998
0
LINE
8
BLACK
6
CONTINUOUS
10
142.9399999999999977
20
-107.695999999999998
11
142.9208950000000016
21
-107.8655609999999996
0
LINE
8
BLACK
6
CONTINUOUS
10
142.9208950000000016
20
-107.8655609999999996
11
142.8645379999999818
21
-108.0266189999999966
0
LINE
8
BLACK
6
CONTINUOUS
10
142.8645379999999818
20
-108.0266189999999966
11
142.7737559999999917
21
-108.1710989999999981
0
LINE
8
BLACK
6
CONTINUOUS
10
142.7737559999999917
20
-108.1710989999999981
11
142.6530989999999974
21
-108.2917559999999924
0
LINE
8
BLACK
6
CONTINUOUS
10
142.6530989999999974
20
-108.2917559999999924
11
142.5086189999999817
21
-108.3825379999999967
0
LINE
8
BLACK
6
CONTINUOUS
10
142.5086189999999817
20
-108.3825379999999967
11
142.3475609999999847
21
-108.438894999999988
0
LINE
8
BLACK
6
CONTINUOUS
10
142.3475609999999847
20
-108.438894999999988
11
142.1779999999999973
21
-108.4579999999999984
0
LINE
8
BLACK
6
CONTINUOUS
10
142.1779999999999973
20
-108.4579999999999984
11
142.0084389999999814
21
-108.438894999999988
0
LINE
8
BLACK
6
CONTINUOUS
10
142.0084389999999814
20
-108.438894999999988
11
141.8473809999999844
21
-108.3825379999999967
0
LINE
8
BLACK
6
CONTINUOUS
10
141.8473809999999844
20
-108.3825379999999967
11
141.7029009999999971
21
-108.2917559999999924
0
LINE
8
BLACK
6
CONTINUOUS
10
141.7029009999999971
20
-108.2917559999999924
11
141.5822440000000029
21
-108.1710989999999981
0
LINE
8
BLACK
6
CONTINUOUS
10
141.5822440000000029
20
-108.1710989999999981
11
141.4914619999999843
21
-108.0266189999999966
0
LINE
8
BLACK
6
CONTINUOUS
10
141.4914619999999843
20
-108.0266189999999966
11
141.435104999999993
21
-107.8655609999999996
0
LINE
8
BLACK
6
CONTINUOUS
10
141.435104999999993
20
-107.8655609999999996
11
141.4159999999999968
21
-107.695999999999998
0
LINE
8
BLACK
6
CONTINUOUS
10
141.4159999999999968
20
-107.695999999999998
11
141.435104999999993
21
-107.5264389999999963
0
LINE
8
BLACK
6
CONTINUOUS
10
141.435104999999993
20
-107.5264389999999963
11
141.4914619999999843
21
-107.3653809999999993
0
LINE
8
BLACK
6
CONTINUOUS
10
141.4914619999999843
20
-107.3653809999999993
11
141.5822440000000029
21
-107.2209009999999978
0
LINE
8
BLACK
6
CONTINUOUS
10
141.5822440000000029
20
-107.2209009999999978
11
141.7029009999999971
21
-107.1002439999999893
0
LINE
8
BLACK
6
CONTINUOUS
10
141.7029009999999971
20
-107.1002439999999893
11
141.8473809999999844
21
-107.0094619999999992
0
LINE
8
BLACK
6
CONTINUOUS
10
141.8473809999999844
20
-107.0094619999999992
11
142.0084389999999814
21
-106.9531049999999937
0
LINE
8
BLACK
6
CONTINUOUS
10
142.0084389999999814
20
-106.9531049999999937
11
142.1779999999999973
21
-106.9339999999999975
0
LINE
8
BLACK
6
CONTINUOUS
10
142.1779999999999973
20
-106.9339999999999975
11
142.3475609999999847
21
-106.9531049999999937
0
LINE
8
BLACK
6
CONTINUOUS
10
142.3475609999999847
20
-106.9531049999999937
11
142.5086189999999817
21
-107.0094619999999992
0
LINE
8
BLACK
6
CONTINUOUS
10
142.5086189999999817
20
-107.0094619999999992
11
142.5969220000000064
21
-107.0649449999999945
0
LINE
8
BLACK
6
CONTINUOUS
10
142.5969220000000064
20
-107.0649449999999945
11
143.1839339999999936
21
-106.4779339999999905
0
LINE
8
BLACK
6
CONTINUOUS
10
143.1839339999999936
20
-106.4779339999999905
11
143.2066639999999893
21
-106.4592789999999951
0
LINE
8
BLACK
6
CONTINUOUS
10
143.2066639999999893
20
-106.4592789999999951
11
143.2290610000000015
21
-106.4500019999999978
0
LINE
8
BLACK
6
CONTINUOUS
10
143.2290610000000015
20
-106.4500019999999978
11
143.2607359999999801
21
-106.4368819999999971
0
LINE
8
BLACK
6
CONTINUOUS
10
143.2607359999999801
20
-106.4368819999999971
11
143.289999999999992
21
-106.4339999999999975
0
LINE
8
BLACK
6
CONTINUOUS
10
143.289999999999992
20
-106.4339999999999975
11
150.0660000000000025
21
-106.4339999999999975
0
LINE
8
BLACK
6
CONTINUOUS
10
150.0660000000000025
20
-106.4339999999999975
11
150.095263999999986
21
-106.4368819999999971
0
LINE
8
BLACK
6
CONTINUOUS
10
145.3475609999999847
20
-106.9531049999999937
11
145.5086189999999817
21
-107.0094619999999992
0
LINE
8
BLACK
6
CONTINUOUS
10
145.5086189999999817
20
-107.0094619999999992
11
145.6530989999999974
21
-107.1002439999999893
0
LINE
8
BLACK
6
CONTINUOUS
10
145.6530989999999974
20
-107.1002439999999893
11
145.7737559999999917
21
-107.2209009999999978
0
LINE
8
BLACK
6
CONTINUOUS
10
145.7737559999999917
20
-107.2209009999999978
11
145.8645379999999818
21
-107.3653809999999993
0
LINE
8
BLACK
6
CONTINUOUS
10
145.8645379999999818
20
-107.3653809999999993
11
145.9208950000000016
21
-107.5264389999999963
0
LINE
8
BLACK
6
CONTINUOUS
10
145.9208950000000016
20
-107.5264389999999963
11
145.9399999999999977
21
-107.695999999999998
0
LINE
8
BLACK
6
CONTINUOUS
10
145.9399999999999977
20
-107.695999999999998
11
145.9208950000000016
21
-107.8655609999999996
0
LINE
8
BLACK
6
CONTINUOUS
10
145.9208950000000016
20
-107.8655609999999996
11
145.8645379999999818
21
-108.0266189999999966
0
LINE
8
BLACK
6
CONTINUOUS
10
145.8645379999999818
20
-108.0266189999999966
11
145.7737559999999917
21
-108.1710989999999981
0
LINE
8
BLACK
6
CONTINUOUS
10
145.7737559999999917
20
-108.1710989999999981
11
145.6530989999999974
21
-108.2917559999999924
0
LINE
8
BLACK
6
CONTINUOUS
10
145.6530989999999974
20
-108.2917559999999924
11
145.5086189999999817
21
-108.3825379999999967
0
LINE
8
BLACK
6
CONTINUOUS
10
145.5086189999999817
20
-108.3825379999999967
11
145.3475609999999847
21
-108.438894999999988
0
LINE
8
BLACK
6
CONTINUOUS
10
145.3475609999999847
20
-108.438894999999988
11
145.1779999999999973
21
-108.4579999999999984
0
LINE
8
BLACK
6
CONTINUOUS
10
145.1779999999999973
20
-108.4579999999999984
11
145.0084389999999814
21
-108.438894999999988
0
LINE
8
BLACK
6
CONTINUOUS
10
145.0084389999999814
20
-108.438894999999988
11
144.8473809999999844
21
-108.3825379999999967
0
LINE
8
BLACK
6
CONTINUOUS
10
144.8473809999999844
20
-108.3825379999999967
11
144.7029009999999971
21
-108.2917559999999924
0
LINE
8
BLACK
6
CONTINUOUS
10
144.7029009999999971
20
-108.2917559999999924
11
144.5822440000000029
21
-108.1710989999999981
0
LINE
8
BLACK
6
CONTINUOUS
10
144.5822440000000029
20
-108.1710989999999981
11
144.4914619999999843
21
-108.0266189999999966
0
LINE
8
BLACK
6
CONTINUOUS
10
144.4914619999999843
20
-108.0266189999999966
11
144.435104999999993
21
-107.8655609999999996
0
LINE
8
BLACK
6
CONTINUOUS
10
144.435104999999993
20
-107.8655609999999996
11
144.4159999999999968
21
-107.695999999999998
0
LINE
8
BLACK
6
CONTINUOUS
10
144.4159999999999968
20
-107.695999999999998
11
144.435104999999993
21
-107.5264389999999963
0
LINE
8
BLACK
6
CONTINUOUS
10
144.435104999999993
20
-107.5264389999999963
11
144.4914619999999843
21
-107.3653809999999993
0
LINE
8
BLACK
6
CONTINUOUS
10
144.4914619999999843
20
-107.3653809999999993
11
144.5822440000000029
21
-107.2209009999999978
0
LINE
8
BLACK
6
CONTINUOUS
10
144.5822440000000029
20
-107.2209009999999978
11
144.7029009999999971
21
-107.1002439999999893
0
LINE
8
BLACK
6
CONTINUOUS
10
144.7029009999999971
20
-107.1002439999999893
11
144.8473809999999844
21
-107.0094619999999992
0
LINE
8
BLACK
6
CONTINUOUS
10
144.8473809999999844
20
-107.0094619999999992
11
145.0084389999999814
21
-106.9531049999999937
0
LINE
8
BLACK
6
CONTINUOUS
10
145.0084389999999814
20
-106.9531049999999937
11
145.1779999999999973
21
-106.9339999999999975
0
LINE
8
BLACK
6
CONTINUOUS
10
145.1779999999999973
20
-106.9339999999999975
11
145.3475609999999847
21
-106.9531049999999937
0
LINE
8
BLACK
6
CONTINUOUS
10
148.3475609999999847
20
-106.9531049999999937
11
148.5086189999999817
21
-107.0094619999999992
0
LINE
8
BLACK
6
CONTINUOUS
10
148.5086189999999817
20
-107.0094619999999992
11
148.6530989999999974
21
-107.1002439999999893
0
LINE
8
BLACK
6
CONTINUOUS
10
148.6530989999999974
20
-107.1002439999999893
11
148.7737559999999917
21
-107.2209009999999978
0
LINE
8
BLACK
6
CONTINUOUS
10
148.7737559999999917
20
-107.2209009999999978
11
148.8645379999999818
21
-107.3653809999999993
0
LINE
8
BLACK
6
CONTINUOUS
10
148.8645379999999818
20
-107.3653809999999993
11
148.9208950000000016
21
-107.5264389999999963
0
LINE
8
BLACK
6
CONTINUOUS
10
148.9208950000000016
20
-107.5264389999999963
11
148.9399999999999977
21
-107.695999999999998
0
LINE
8
BLACK
6
CONTINUOUS
10
148.9399999999999977
20
-107.695999999999998
11
148.9208950000000016
21
-107.8655609999999996
0
LINE
8
BLACK
6
CONTINUOUS
10
148.9208950000000016
20
-107.8655609999999996
11
148.8645379999999818
21
-108.0266189999999966
0
LINE
8
BLACK
6
CONTINUOUS
10
148.8645379999999818
20
-108.0266189999999966
11
148.7737559999999917
21
-108.1710989999999981
0
LINE
8
BLACK
6
CONTINUOUS
10
148.7737559999999917
20
-108.1710989999999981
11
148.6530989999999974
21
-108.2917559999999924
0
LINE
8
BLACK
6
CONTINUOUS
10
148.6530989999999974
20
-108.2917559999999924
11
148.5086189999999817
21
-108.3825379999999967
0
LINE
8
BLACK
6
CONTINUOUS
10
148.5086189999999817
20
-108.3825379999999967
11
148.3475609999999847
21
-108.438894999999988
0
LINE
8
BLACK
6
CONTINUOUS
10
148.3475609999999847
20
-108.438894999999988
11
148.1779999999999973
21
-108.4579999999999984
0
LINE
8
BLACK
6
CONTINUOUS
10
148.1779999999999973
20
-108.4579999999999984
11
148.0084389999999814
21
-108.438894999999988
0
LINE
8
BLACK
6
CONTINUOUS
10
148.0084389999999814
20
-108.438894999999988
11
147.8473809999999844
21
-108.3825379999999967
0
LINE
8
BLACK
6
CONTINUOUS
10
147.8473809999999844
20
-108.3825379999999967
11
147.7029009999999971
21
-108.2917559999999924
0
LINE
8
BLACK
6
CONTINUOUS
10
147.7029009999999971
20
-108.2917559999999924
11
147.5822440000000029
21
-108.1710989999999981
0
LINE
8
BLACK
6
CONTINUOUS
10
147.5822440000000029
20
-108.1710989999999981
11
147.4914619999999843
21
-108.0266189999999966
0
LINE
8
BLACK
6
CONTINUOUS
10
147.4914619999999843
20
-108.0266189999999966
11
147.435104999999993
21
-107.8655609999999996
0
LINE
8
BLACK
6
CONTINUOUS
10
147.435104999999993
20
-107.8655609999999996
11
147.4159999999999968
21
-107.695999999999998
0
LINE
8
BLACK
6
CONTINUOUS
10
147.4159999999999968
20
-107.695999999999998
11
147.435104999999993
21
-107.5264389999999963
0
LINE
8
BLACK
6
CONTINUOUS
10
147.435104999999993
20
-107.5264389999999963
11
147.4914619999999843
21
-107.3653809999999993
0
LINE
8
BLACK
6
CONTINUOUS
10
147.4914619999999843
20
-107.3653809999999993
11
147.5822440000000029
21
-107.2209009999999978
0
LINE
8
BLACK
6
CONTINUOUS
10
147.5822440000000029
20
-107.2209009999999978
11
147.7029009999999971
21
-107.1002439999999893
0
LINE
8
BLACK
6
CONTINUOUS
10
147.7029009999999971
20
-107.1002439999999893
11
147.8473809999999844
21
-107.0094619999999992
0
LINE
8
BLACK
6
CONTINUOUS
10
147.8473809999999844
20
-107.0094619999999992
11
148.0084389999999814
21
-106.9531049999999937
0
LINE
8
BLACK
6
CONTINUOUS
10
148.0084389999999814
20
-106.9531049999999937
11
148.1779999999999973
21
-106.9339999999999975
0
LINE
8
BLACK
6
CONTINUOUS
10
148.1779999999999973
20
-106.9339999999999975
11
148.3475609999999847
21
-106.9531049999999937
0
LINE
8
BLACK
6
CONTINUOUS
10
138.1236069999999927
20
-103.8695769999999925
11
138.2351139999999816
21
-103.9263929999999903
0
LINE
8
BLACK
6
CONTINUOUS
10
138.2351139999999816
20
-103.9263929999999903
11
138.3236069999999813
21
-104.01488599999999
0
LINE
8
BLACK
6
CONTINUOUS
10
138.3236069999999813
20
-104.01488599999999
11
138.3804230000000075
21
-104.1263929999999931
0
LINE
8
BLACK
6
CONTINUOUS
10
138.3804230000000075
20
-104.1263929999999931
11
138.4000000000000057
21
-104.25
0
LINE
8
BLACK
6
CONTINUOUS
10
138.4000000000000057
20
-104.25
11
138.3804230000000075
21
-104.3736069999999927
0
LINE
8
BLACK
6
CONTINUOUS
10
138.3804230000000075
20
-104.3736069999999927
11
138.3236069999999813
21
-104.4851139999999958
0
LINE
8
BLACK
6
CONTINUOUS
10
138.3236069999999813
20
-104.4851139999999958
11
138.2351139999999816
21
-104.5736069999999955
0
LINE
8
BLACK
6
CONTINUOUS
10
138.2351139999999816
20
-104.5736069999999955
11
138.1236069999999927
21
-104.6304229999999933
0
LINE
8
BLACK
6
CONTINUOUS
10
138.1236069999999927
20
-104.6304229999999933
11
138.
21
-104.6499999999999915
0
LINE
8
BLACK
6
CONTINUOUS
10
138.
20
-104.6499999999999915
11
137.8763930000000073
21
-104.6304229999999933
0
LINE
8
BLACK
6
CONTINUOUS
10
137.8763930000000073
20
-104.6304229999999933
11
137.76488599999999
21
-104.5736069999999955
0
LINE
8
BLACK
6
CONTINUOUS
10
137.76488599999999
20
-104.5736069999999955
11
137.6763929999999903
21
-104.4851139999999958
0
LINE
8
BLACK
6
CONTINUOUS
10
137.6763929999999903
20
-104.4851139999999958
11
137.6195769999999925
21
-104.3736069999999927
0
LINE
8
BLACK
6
CONTINUOUS
10
137.6195769999999925
20
-104.3736069999999927
11
137.5999999999999943
21
-104.25
0
LINE
8
BLACK
6
CONTINUOUS
10
137.5999999999999943
20
-104.25
11
137.6195769999999925
21
-104.1263929999999931
0
LINE
8
BLACK
6
CONTINUOUS
10
137.6195769999999925
20
-104.1263929999999931
11
137.6763929999999903
21
-104.01488599999999
0
LINE
8
BLACK
6
CONTINUOUS
10
137.6763929999999903
20
-104.01488599999999
11
137.76488599999999
21
-103.9263929999999903
0
LINE
8
BLACK
6
CONTINUOUS
10
137.76488599999999
20
-103.9263929999999903
11
137.8763930000000073
21
-103.8695769999999925
0
LINE
8
BLACK
6
CONTINUOUS
10
137.8763930000000073
20
-103.8695769999999925
11
138.
21
-103.8499999999999943
0
LINE
8
BLACK
6
CONTINUOUS
10
138.
20
-103.8499999999999943
11
138.1236069999999927
21
-103.8695769999999925
0
LINE
8
BLACK
6
CONTINUOUS
10
156.4606069999999818
20
-103.3785769999999928
11
156.5721139999999991
21
-103.4353929999999906
0
LINE
8
BLACK
6
CONTINUOUS
10
156.5721139999999991
20
-103.4353929999999906
11
156.6606069999999988
21
-103.5238859999999903
0
LINE
8
BLACK
6
CONTINUOUS
10
156.6606069999999988
20
-103.5238859999999903
11
156.7174229999999966
21
-103.6353929999999934
0
LINE
8
BLACK
6
CONTINUOUS
10
156.7174229999999966
20
-103.6353929999999934
11
156.7369999999999948
21
-103.7590000000000003
0
LINE
8
BLACK
6
CONTINUOUS
10
156.7369999999999948
20
-103.7590000000000003
11
156.7174229999999966
21
-103.882606999999993
0
LINE
8
BLACK
6
CONTINUOUS
10
156.7174229999999966
20
-103.882606999999993
11
156.6606069999999988
21
-103.9941139999999962
0
LINE
8
BLACK
6
CONTINUOUS
10
156.6606069999999988
20
-103.9941139999999962
11
156.5721139999999991
21
-104.0826069999999959
0
LINE
8
BLACK
6
CONTINUOUS
10
156.5721139999999991
20
-104.0826069999999959
11
156.4606069999999818
21
-104.1394229999999936
0
LINE
8
BLACK
6
CONTINUOUS
10
156.4606069999999818
20
-104.1394229999999936
11
156.3369999999999891
21
-104.1589999999999918
0
LINE
8
BLACK
6
CONTINUOUS
10
156.3369999999999891
20
-104.1589999999999918
11
156.2133929999999964
21
-104.1394229999999936
0
LINE
8
BLACK
6
CONTINUOUS
10
156.2133929999999964
20
-104.1394229999999936
11
156.101885999999979
21
-104.0826069999999959
0
LINE
8
BLACK
6
CONTINUOUS
10
156.101885999999979
20
-104.0826069999999959
11
156.0133929999999793
21
-103.9941139999999962
0
LINE
8
BLACK
6
CONTINUOUS
10
156.0133929999999793
20
-103.9941139999999962
11
155.9565769999999816
21
-103.882606999999993
0
LINE
8
BLACK
6
CONTINUOUS
10
155.9565769999999816
20
-103.882606999999993
11
155.9369999999999834
21
-103.7590000000000003
0
LINE
8
BLACK
6
CONTINUOUS
10
155.9369999999999834
20
-103.7590000000000003
11
155.9565769999999816
21
-103.6353929999999934
0
LINE
8
BLACK
6
CONTINUOUS
10
155.9565769999999816
20
-103.6353929999999934
11
156.0133929999999793
21
-103.5238859999999903
0
LINE
8
BLACK
6
CONTINUOUS
10
156.0133929999999793
20
-103.5238859999999903
11
156.101885999999979
21
-103.4353929999999906
0
LINE
8
BLACK
6
CONTINUOUS
10
156.101885999999979
20
-103.4353929999999906
11
156.2133929999999964
21
-103.3785769999999928
0
LINE
8
BLACK
6
CONTINUOUS
10
156.2133929999999964
20
-103.3785769999999928
11
156.3369999999999891
21
-103.3589999999999947
0
LINE
8
BLACK
6
CONTINUOUS
10
156.3369999999999891
20
-103.3589999999999947
11
156.4606069999999818
21
-103.3785769999999928
0
LINE
8
BLACK
6
CONTINUOUS
10
166.4936069999999972
20
-100.7115769999999912
11
166.6051139999999862
21
-100.768392999999989
0
LINE
8
BLACK
6
CONTINUOUS
10
166.6051139999999862
20
-100.768392999999989
11
166.6936069999999859
21
-100.8568859999999887
0
LINE
8
BLACK
6
CONTINUOUS
10
166.6936069999999859
20
-100.8568859999999887
11
166.7504229999999836
21
-100.9683929999999918
0
LINE
8
BLACK
6
CONTINUOUS
10
166.7504229999999836
20
-100.9683929999999918
11
166.7699999999999818
21
-101.0919999999999987
0
LINE
8
BLACK
6
CONTINUOUS
10
166.7699999999999818
20
-101.0919999999999987
11
166.7504229999999836
21
-101.2156069999999914
0
LINE
8
BLACK
6
CONTINUOUS
10
166.7504229999999836
20
-101.2156069999999914
11
166.6936069999999859
21
-101.3271139999999946
0
LINE
8
BLACK
6
CONTINUOUS
10
166.6936069999999859
20
-101.3271139999999946
11
166.6051139999999862
21
-101.4156069999999943
0
LINE
8
BLACK
6
CONTINUOUS
10
166.6051139999999862
20
-101.4156069999999943
11
166.4936069999999972
21
-101.472422999999992
0
LINE
8
BLACK
6
CONTINUOUS
10
166.4936069999999972
20
-101.472422999999992
11
166.3700000000000045
21
-101.4919999999999902
0
LINE
8
BLACK
6
CONTINUOUS
10
166.3700000000000045
20
-101.4919999999999902
11
166.2463929999999834
21
-101.472422999999992
0
LINE
8
BLACK
6
CONTINUOUS
10
166.2463929999999834
20
-101.472422999999992
11
166.1348859999999945
21
-101.4156069999999943
0
LINE
8
BLACK
6
CONTINUOUS
10
166.1348859999999945
20
-101.4156069999999943
11
166.0463929999999948
21
-101.3271139999999946
0
LINE
8
BLACK
6
CONTINUOUS
10
166.0463929999999948
20
-101.3271139999999946
11
165.989576999999997
21
-101.2156069999999914
0
LINE
8
BLACK
6
CONTINUOUS
10
165.989576999999997
20
-101.2156069999999914
11
165.9699999999999989
21
-101.0919999999999987
0
LINE
8
BLACK
6
CONTINUOUS
10
165.9699999999999989
20
-101.0919999999999987
11
165.989576999999997
21
-100.9683929999999918
0
LINE
8
BLACK
6
CONTINUOUS
10
165.989576999999997
20
-100.9683929999999918
11
166.0463929999999948
21
-100.8568859999999887
0
LINE
8
BLACK
6
CONTINUOUS
10
166.0463929999999948
20
-100.8568859999999887
11
166.1348859999999945
21
-100.768392999999989
0
LINE
8
BLACK
6
CONTINUOUS
10
166.1348859999999945
20
-100.768392999999989
11
166.2463929999999834
21
-100.7115769999999912
0
LINE
8
BLACK
6
CONTINUOUS
10
166.2463929999999834
20
-100.7115769999999912
11
166.3700000000000045
21
-100.6919999999999931
0
LINE
8
BLACK
6
CONTINUOUS
10
166.3700000000000045
20
-100.6919999999999931
11
166.4936069999999972
21
-100.7115769999999912
0
LINE
8
BLACK
6
CONTINUOUS
10
164.3346070000000054
20
-99.8225769999999955
11
164.4461139999999943
21
-99.8793929999999932
0
LINE
8
BLACK
6
CONTINUOUS
10
164.4461139999999943
20
-99.8793929999999932
11
164.5346069999999941
21
-99.9678859999999929
0
LINE
8
BLACK
6
CONTINUOUS
10
164.5346069999999941
20
-99.9678859999999929
11
164.5914229999999918
21
-100.0793929999999961
0
LINE
8
BLACK
6
CONTINUOUS
10
164.5914229999999918
20
-100.0793929999999961
11
164.61099999999999
21
-100.2029999999999887
0
LINE
8
BLACK
6
CONTINUOUS
10
164.61099999999999
20
-100.2029999999999887
11
164.5914229999999918
21
-100.3266069999999957
0
LINE
8
BLACK
6
CONTINUOUS
10
164.5914229999999918
20
-100.3266069999999957
11
164.5346069999999941
21
-100.4381139999999988
0
LINE
8
BLACK
6
CONTINUOUS
10
164.5346069999999941
20
-100.4381139999999988
11
164.4461139999999943
21
-100.5266069999999985
0
LINE
8
BLACK
6
CONTINUOUS
10
164.4461139999999943
20
-100.5266069999999985
11
164.3346070000000054
21
-100.5834229999999963
0
LINE
8
BLACK
6
CONTINUOUS
10
164.3346070000000054
20
-100.5834229999999963
11
164.2109999999999843
21
-100.6029999999999944
0
LINE
8
BLACK
6
CONTINUOUS
10
164.2109999999999843
20
-100.6029999999999944
11
164.0873929999999916
21
-100.5834229999999963
0
LINE
8
BLACK
6
CONTINUOUS
10
164.0873929999999916
20
-100.5834229999999963
11
163.9758860000000027
21
-100.5266069999999985
0
LINE
8
BLACK
6
CONTINUOUS
10
163.9758860000000027
20
-100.5266069999999985
11
163.887393000000003
21
-100.4381139999999988
0
LINE
8
BLACK
6
CONTINUOUS
10
163.887393000000003
20
-100.4381139999999988
11
163.8305770000000052
21
-100.3266069999999957
0
LINE
8
BLACK
6
CONTINUOUS
10
163.8305770000000052
20
-100.3266069999999957
11
163.8109999999999786
21
-100.2029999999999887
0
LINE
8
BLACK
6
CONTINUOUS
10
163.8109999999999786
20
-100.2029999999999887
11
163.8305770000000052
21
-100.0793929999999961
0
LINE
8
BLACK
6
CONTINUOUS
10
163.8305770000000052
20
-100.0793929999999961
11
163.887393000000003
21
-99.9678859999999929
0
LINE
8
BLACK
6
CONTINUOUS
10
163.887393000000003
20
-99.9678859999999929
11
163.9758860000000027
21
-99.8793929999999932
0
LINE
8
BLACK
6
CONTINUOUS
10
163.9758860000000027
20
-99.8793929999999932
11
164.0873929999999916
21
-99.8225769999999955
0
LINE
8
BLACK
6
CONTINUOUS
10
164.0873929999999916
20
-99.8225769999999955
11
164.2109999999999843
21
-99.8029999999999973
0
LINE
8
BLACK
6
CONTINUOUS
10
164.2109999999999843
20
-99.8029999999999973
11
164.3346070000000054
21
-99.8225769999999955
0
LINE
8
BLACK
6
CONTINUOUS
10
166.1183359999999993
20
-99.4096609999999998
11
166.2298429999999883
21
-99.4664769999999976
0
LINE
8
BLACK
6
CONTINUOUS
10
166.2298429999999883
20
-99.4664769999999976
11
166.318335999999988
21
-99.5549699999999973
0
LINE
8
BLACK
6
CONTINUOUS
10
166.318335999999988
20
-99.5549699999999973
11
166.3751519999999857
21
-99.6664770000000004
0
LINE
8
BLACK
6
CONTINUOUS
10
166.3751519999999857
20
-99.6664770000000004
11
166.3947289999999839
21
-99.7900839999999931
0
LINE
8
BLACK
6
CONTINUOUS
10
166.3947289999999839
20
-99.7900839999999931
11
166.3751519999999857
21
-99.913691
0
LINE
8
BLACK
6
CONTINUOUS
10
166.3751519999999857
20
-99.913691
11
166.318335999999988
21
-100.025197999999989
0
LINE
8
BLACK
6
CONTINUOUS
10
166.318335999999988
20
-100.025197999999989
11
166.2298429999999883
21
-100.1136909999999887
0
LINE
8
BLACK
6
CONTINUOUS
10
166.2298429999999883
20
-100.1136909999999887
11
166.1183359999999993
21
-100.1705070000000006
0
LINE
8
BLACK
6
CONTINUOUS
10
166.1183359999999993
20
-100.1705070000000006
11
165.9947290000000066
21
-100.1900839999999988
0
LINE
8
BLACK
6
CONTINUOUS
10
165.9947290000000066
20
-100.1900839999999988
11
165.8711219999999855
21
-100.1705070000000006
0
LINE
8
BLACK
6
CONTINUOUS
10
165.8711219999999855
20
-100.1705070000000006
11
165.7596149999999966
21
-100.1136909999999887
0
LINE
8
BLACK
6
CONTINUOUS
10
165.7596149999999966
20
-100.1136909999999887
11
165.6711219999999969
21
-100.025197999999989
0
LINE
8
BLACK
6
CONTINUOUS
10
165.6711219999999969
20
-100.025197999999989
11
165.6143059999999991
21
-99.913691
0
LINE
8
BLACK
6
CONTINUOUS
10
165.6143059999999991
20
-99.913691
11
165.594729000000001
21
-99.7900839999999931
0
LINE
8
BLACK
6
CONTINUOUS
10
165.594729000000001
20
-99.7900839999999931
11
165.6143059999999991
21
-99.6664770000000004
0
LINE
8
BLACK
6
CONTINUOUS
10
165.6143059999999991
20
-99.6664770000000004
11
165.6711219999999969
21
-99.5549699999999973
0
LINE
8
BLACK
6
CONTINUOUS
10
165.6711219999999969
20
-99.5549699999999973
11
165.7596149999999966
21
-99.4664769999999976
0
LINE
8
BLACK
6
CONTINUOUS
10
165.7596149999999966
20
-99.4664769999999976
11
165.8711219999999855
21
-99.4096609999999998
0
LINE
8
BLACK
6
CONTINUOUS
10
165.8711219999999855
20
-99.4096609999999998
11
165.9947290000000066
21
-99.3900840000000017
0
LINE
8
BLACK
6
CONTINUOUS
10
165.9947290000000066
20
-99.3900840000000017
11
166.1183359999999993
21
-99.4096609999999998
0
LINE
8
BLACK
6
CONTINUOUS
10
139.5236069999999984
20
-75.8195769999999953
11
139.6351139999999873
21
-75.8763929999999931
0
LINE
8
BLACK
6
CONTINUOUS
10
139.6351139999999873
20
-75.8763929999999931
11
139.723606999999987
21
-75.9648859999999928
0
LINE
8
BLACK
6
CONTINUOUS
10
139.723606999999987
20
-75.9648859999999928
11
139.7804229999999848
21
-76.0763929999999959
0
LINE
8
BLACK
6
CONTINUOUS
10
139.7804229999999848
20
-76.0763929999999959
11
139.7999999999999829
21
-76.2000000000000028
0
LINE
8
BLACK
6
CONTINUOUS
10
139.7999999999999829
20
-76.2000000000000028
11
139.7804229999999848
21
-76.3236069999999955
0
LINE
8
BLACK
6
CONTINUOUS
10
139.7804229999999848
20
-76.3236069999999955
11
139.723606999999987
21
-76.4351139999999987
0
LINE
8
BLACK
6
CONTINUOUS
10
139.723606999999987
20
-76.4351139999999987
11
139.6351139999999873
21
-76.5236069999999984
0
LINE
8
BLACK
6
CONTINUOUS
10
139.6351139999999873
20
-76.5236069999999984
11
139.5236069999999984
21
-76.5804229999999961
0
LINE
8
BLACK
6
CONTINUOUS
10
139.5236069999999984
20
-76.5804229999999961
11
139.4140909999999849
21
-76.5977680000000021
0
LINE
8
BLACK
6
CONTINUOUS
10
139.4140909999999849
20
-76.5977680000000021
11
139.4140909999999849
21
-80.8945369999999997
0
LINE
8
BLACK
6
CONTINUOUS
10
139.4140909999999849
20
-80.8945369999999997
11
146.7885530000000074
21
-88.2689999999999912
0
LINE
8
BLACK
6
CONTINUOUS
10
146.7885530000000074
20
-88.2689999999999912
11
160.9189999999999827
21
-88.2689999999999912
0
LINE
8
BLACK
6
CONTINUOUS
10
160.9189999999999827
20
-88.2689999999999912
11
160.967772999999994
21
-88.2738039999999984
0
LINE
8
BLACK
6
CONTINUOUS
10
160.967772999999994
20
-88.2738039999999984
11
161.0578929999999787
21
-88.3111329999999981
0
LINE
8
BLACK
6
CONTINUOUS
10
161.0578929999999787
20
-88.3111329999999981
11
161.057896999999997
21
-88.3111370000000022
0
LINE
8
BLACK
6
CONTINUOUS
10
161.057896999999997
20
-88.3111370000000022
11
161.0957769999999982
21
-88.34222299999999
0
LINE
8
BLACK
6
CONTINUOUS
10
161.0957769999999982
20
-88.34222299999999
11
164.4082760000000007
21
-91.65472299999999
0
LINE
8
BLACK
6
CONTINUOUS
10
164.4082760000000007
20
-91.65472299999999
11
164.4393619999999885
21
-91.6926019999999937
0
LINE
8
BLACK
6
CONTINUOUS
10
164.4393619999999885
20
-91.6926019999999937
11
164.4393670000000043
21
-91.6926069999999953
0
LINE
8
BLACK
6
CONTINUOUS
10
164.4393670000000043
20
-91.6926069999999953
11
164.476696000000004
21
-91.7827269999999942
0
LINE
8
BLACK
6
CONTINUOUS
10
164.476696000000004
20
-91.7827269999999942
11
164.4814999999999827
21
-91.8314999999999912
0
LINE
8
BLACK
6
CONTINUOUS
10
164.4814999999999827
20
-91.8314999999999912
11
164.4814999999999827
21
-96.2175000000000011
0
LINE
8
BLACK
6
CONTINUOUS
10
164.4814999999999827
20
-96.2175000000000011
11
164.476696000000004
21
-96.2662720000000007
0
LINE
8
BLACK
6
CONTINUOUS
10
164.476696000000004
20
-96.2662720000000007
11
164.4393680000000018
21
-96.3563919999999996
0
LINE
8
BLACK
6
CONTINUOUS
10
164.4393680000000018
20
-96.3563919999999996
11
164.4082769999999982
21
-96.3942770000000024
0
LINE
8
BLACK
6
CONTINUOUS
10
164.4082769999999982
20
-96.3942770000000024
11
163.6141489999999976
21
-97.1884039999999914
0
LINE
8
BLACK
6
CONTINUOUS
10
163.6141489999999976
20
-97.1884039999999914
11
163.6204999999999927
21
-97.2284999999999968
0
LINE
8
BLACK
6
CONTINUOUS
10
163.6204999999999927
20
-97.2284999999999968
11
163.6009229999999945
21
-97.3521069999999895
0
LINE
8
BLACK
6
CONTINUOUS
10
163.6009229999999945
20
-97.3521069999999895
11
163.5441069999999968
21
-97.4636139999999926
0
LINE
8
BLACK
6
CONTINUOUS
10
163.5441069999999968
20
-97.4636139999999926
11
163.4556139999999971
21
-97.5521069999999924
0
LINE
8
BLACK
6
CONTINUOUS
10
163.4556139999999971
20
-97.5521069999999924
11
163.3441069999999797
21
-97.6089229999999901
0
LINE
8
BLACK
6
CONTINUOUS
10
163.3441069999999797
20
-97.6089229999999901
11
163.220499999999987
21
-97.6285000000000025
0
LINE
8
BLACK
6
CONTINUOUS
10
163.220499999999987
20
-97.6285000000000025
11
163.0968929999999943
21
-97.6089229999999901
0
LINE
8
BLACK
6
CONTINUOUS
10
163.0968929999999943
20
-97.6089229999999901
11
162.9853860000000054
21
-97.5521069999999924
0
LINE
8
BLACK
6
CONTINUOUS
10
162.9853860000000054
20
-97.5521069999999924
11
162.8968930000000057
21
-97.4636139999999926
0
LINE
8
BLACK
6
CONTINUOUS
10
162.8968930000000057
20
-97.4636139999999926
11
162.8400769999999795
21
-97.3521069999999895
0
LINE
8
BLACK
6
CONTINUOUS
10
162.8400769999999795
20
-97.3521069999999895
11
162.8204999999999814
21
-97.2284999999999968
0
LINE
8
BLACK
6
CONTINUOUS
10
162.8204999999999814
20
-97.2284999999999968
11
162.8400769999999795
21
-97.1048929999999899
0
LINE
8
BLACK
6
CONTINUOUS
10
162.8400769999999795
20
-97.1048929999999899
11
162.8968930000000057
21
-96.993386000000001
0
LINE
8
BLACK
6
CONTINUOUS
10
162.8968930000000057
20
-96.993386000000001
11
162.9853860000000054
21
-96.9048930000000013
0
LINE
8
BLACK
6
CONTINUOUS
10
162.9853860000000054
20
-96.9048930000000013
11
163.0968929999999943
21
-96.8480769999999893
0
LINE
8
BLACK
6
CONTINUOUS
10
163.0968929999999943
20
-96.8480769999999893
11
163.220499999999987
21
-96.8284999999999911
0
LINE
8
BLACK
6
CONTINUOUS
10
163.220499999999987
20
-96.8284999999999911
11
163.260594999999995
21
-96.8348499999999888
0
LINE
8
BLACK
6
CONTINUOUS
10
163.260594999999995
20
-96.8348499999999888
11
163.9814999999999827
21
-96.1139459999999985
0
LINE
8
BLACK
6
CONTINUOUS
10
163.9814999999999827
20
-96.1139459999999985
11
163.9814999999999827
21
-91.9350529999999964
0
LINE
8
BLACK
6
CONTINUOUS
10
163.9814999999999827
20
-91.9350529999999964
11
160.8154459999999801
21
-88.7689999999999912
0
LINE
8
BLACK
6
CONTINUOUS
10
160.8154459999999801
20
-88.7689999999999912
11
146.6850000000000023
21
-88.7689999999999912
0
LINE
8
BLACK
6
CONTINUOUS
10
146.6850000000000023
20
-88.7689999999999912
11
146.6362369999999942
21
-88.7641969999999958
0
LINE
8
BLACK
6
CONTINUOUS
10
146.6362369999999942
20
-88.7641969999999958
11
146.6362279999999885
21
-88.7641969999999958
0
LINE
8
BLACK
6
CONTINUOUS
10
146.6362279999999885
20
-88.7641969999999958
11
146.5461080000000038
21
-88.7268679999999961
0
LINE
8
BLACK
6
CONTINUOUS
10
146.5461080000000038
20
-88.7268679999999961
11
146.5082239999999842
21
-88.6957769999999925
0
LINE
8
BLACK
6
CONTINUOUS
10
146.5082239999999842
20
-88.6957769999999925
11
138.9873139999999978
21
-81.1748679999999894
0
LINE
8
BLACK
6
CONTINUOUS
10
138.9873139999999978
20
-81.1748679999999894
11
138.9562279999999816
21
-81.1369880000000023
0
LINE
8
BLACK
6
CONTINUOUS
10
138.9562279999999816
20
-81.1369880000000023
11
138.9562239999999917
21
-81.1369839999999982
0
LINE
8
BLACK
6
CONTINUOUS
10
138.9562239999999917
20
-81.1369839999999982
11
138.918894999999992
21
-81.0468639999999994
0
LINE
8
BLACK
6
CONTINUOUS
10
138.918894999999992
20
-81.0468639999999994
11
138.9140909999999849
21
-80.9980910000000023
0
LINE
8
BLACK
6
CONTINUOUS
10
138.9140909999999849
20
-80.9980910000000023
11
138.9140909999999849
21
-76.4359089999999952
0
LINE
8
BLACK
6
CONTINUOUS
10
138.9140909999999849
20
-76.4359089999999952
11
138.918894999999992
21
-76.3871359999999981
0
LINE
8
BLACK
6
CONTINUOUS
10
138.918894999999992
20
-76.3871359999999981
11
138.9562239999999917
21
-76.2970159999999993
0
LINE
8
BLACK
6
CONTINUOUS
10
138.9562239999999917
20
-76.2970159999999993
11
138.9562279999999816
21
-76.2970109999999977
0
LINE
8
BLACK
6
CONTINUOUS
10
138.9562279999999816
20
-76.2970109999999977
11
138.9873139999999978
21
-76.2591319999999939
0
LINE
8
BLACK
6
CONTINUOUS
10
138.9873139999999978
20
-76.2591319999999939
11
139.0063499999999976
21
-76.2400949999999966
0
LINE
8
BLACK
6
CONTINUOUS
10
139.0063499999999976
20
-76.2400949999999966
11
139.
21
-76.2000000000000028
0
LINE
8
BLACK
6
CONTINUOUS
10
139.
20
-76.2000000000000028
11
139.0195769999999982
21
-76.0763929999999959
0
LINE
8
BLACK
6
CONTINUOUS
10
139.0195769999999982
20
-76.0763929999999959
11
139.0763929999999959
21
-75.9648859999999928
0
LINE
8
BLACK
6
CONTINUOUS
10
139.0763929999999959
20
-75.9648859999999928
11
139.1648859999999956
21
-75.8763929999999931
0
LINE
8
BLACK
6
CONTINUOUS
10
139.1648859999999956
20
-75.8763929999999931
11
139.2763929999999846
21
-75.8195769999999953
0
LINE
8
BLACK
6
CONTINUOUS
10
139.2763929999999846
20
-75.8195769999999953
11
139.4000000000000057
21
-75.7999999999999972
0
LINE
8
BLACK
6
CONTINUOUS
10
139.4000000000000057
20
-75.7999999999999972
11
139.5236069999999984
21
-75.8195769999999953
0
LINE
8
BLACK
6
CONTINUOUS
10
142.1096069999999827
20
-96.6475769999999983
11
142.221114
21
-96.7043929999999961
0
LINE
8
BLACK
6
CONTINUOUS
10
142.221114
20
-96.7043929999999961
11
142.3096069999999997
21
-96.7928859999999958
0
LINE
8
BLACK
6
CONTINUOUS
10
142.3096069999999997
20
-96.7928859999999958
11
142.3664229999999975
21
-96.9043929999999989
0
LINE
8
BLACK
6
CONTINUOUS
10
142.3664229999999975
20
-96.9043929999999989
11
142.3859999999999957
21
-97.0279999999999916
0
LINE
8
BLACK
6
CONTINUOUS
10
142.3859999999999957
20
-97.0279999999999916
11
142.3664229999999975
21
-97.1516069999999985
0
LINE
8
BLACK
6
CONTINUOUS
10
142.3664229999999975
20
-97.1516069999999985
11
142.3096069999999997
21
-97.2631140000000016
0
LINE
8
BLACK
6
CONTINUOUS
10
142.3096069999999997
20
-97.2631140000000016
11
142.221114
21
-97.3516070000000013
0
LINE
8
BLACK
6
CONTINUOUS
10
142.221114
20
-97.3516070000000013
11
142.1096069999999827
21
-97.4084229999999991
0
LINE
8
BLACK
6
CONTINUOUS
10
142.1096069999999827
20
-97.4084229999999991
11
141.98599999999999
21
-97.4279999999999973
0
LINE
8
BLACK
6
CONTINUOUS
10
141.98599999999999
20
-97.4279999999999973
11
141.8623929999999973
21
-97.4084229999999991
0
LINE
8
BLACK
6
CONTINUOUS
10
141.8623929999999973
20
-97.4084229999999991
11
141.75088599999998
21
-97.3516070000000013
0
LINE
8
BLACK
6
CONTINUOUS
10
141.75088599999998
20
-97.3516070000000013
11
141.6623929999999802
21
-97.2631140000000016
0
LINE
8
BLACK
6
CONTINUOUS
10
141.6623929999999802
20
-97.2631140000000016
11
141.6055769999999825
21
-97.1516069999999985
0
LINE
8
BLACK
6
CONTINUOUS
10
141.6055769999999825
20
-97.1516069999999985
11
141.5859999999999843
21
-97.0279999999999916
0
LINE
8
BLACK
6
CONTINUOUS
10
141.5859999999999843
20
-97.0279999999999916
11
141.6055769999999825
21
-96.9043929999999989
0
LINE
8
BLACK
6
CONTINUOUS
10
141.6055769999999825
20
-96.9043929999999989
11
141.6623929999999802
21
-96.7928859999999958
0
LINE
8
BLACK
6
CONTINUOUS
10
141.6623929999999802
20
-96.7928859999999958
11
141.75088599999998
21
-96.7043929999999961
0
LINE
8
BLACK
6
CONTINUOUS
10
141.75088599999998
20
-96.7043929999999961
11
141.8623929999999973
21
-96.6475769999999983
0
LINE
8
BLACK
6
CONTINUOUS
10
141.8623929999999973
20
-96.6475769999999983
11
141.98599999999999
21
-96.6280000000000001
0
LINE
8
BLACK
6
CONTINUOUS
10
141.98599999999999
20
-96.6280000000000001
11
142.1096069999999827
21
-96.6475769999999983
0
LINE
8
BLACK
6
CONTINUOUS
10
165.4776070000000061
20
-94.996577000000002
11
165.589113999999995
21
-95.0533929999999998
0
LINE
8
BLACK
6
CONTINUOUS
10
165.589113999999995
20
-95.0533929999999998
11
165.6776069999999947
21
-95.1418859999999995
0
LINE
8
BLACK
6
CONTINUOUS
10
165.6776069999999947
20
-95.1418859999999995
11
165.7344229999999925
21
-95.2533930000000026
0
LINE
8
BLACK
6
CONTINUOUS
10
165.7344229999999925
20
-95.2533930000000026
11
165.7539999999999907
21
-95.3769999999999953
0
LINE
8
BLACK
6
CONTINUOUS
10
165.7539999999999907
20
-95.3769999999999953
11
165.7344229999999925
21
-95.5006070000000022
0
LINE
8
BLACK
6
CONTINUOUS
10
165.7344229999999925
20
-95.5006070000000022
11
165.6776069999999947
21
-95.6121139999999912
0
LINE
8
BLACK
6
CONTINUOUS
10
165.6776069999999947
20
-95.6121139999999912
11
165.589113999999995
21
-95.7006069999999909
0
LINE
8
BLACK
6
CONTINUOUS
10
165.589113999999995
20
-95.7006069999999909
11
165.4776070000000061
21
-95.7574229999999886
0
LINE
8
BLACK
6
CONTINUOUS
10
165.4776070000000061
20
-95.7574229999999886
11
165.353999999999985
21
-95.777000000000001
0
LINE
8
BLACK
6
CONTINUOUS
10
165.353999999999985
20
-95.777000000000001
11
165.2303929999999923
21
-95.7574229999999886
0
LINE
8
BLACK
6
CONTINUOUS
10
165.2303929999999923
20
-95.7574229999999886
11
165.1188860000000034
21
-95.7006069999999909
0
LINE
8
BLACK
6
CONTINUOUS
10
165.1188860000000034
20
-95.7006069999999909
11
165.0303930000000037
21
-95.6121139999999912
0
LINE
8
BLACK
6
CONTINUOUS
10
165.0303930000000037
20
-95.6121139999999912
11
164.9735770000000059
21
-95.5006070000000022
0
LINE
8
BLACK
6
CONTINUOUS
10
164.9735770000000059
20
-95.5006070000000022
11
164.9539999999999793
21
-95.3769999999999953
0
LINE
8
BLACK
6
CONTINUOUS
10
164.9539999999999793
20
-95.3769999999999953
11
164.9735770000000059
21
-95.2533930000000026
0
LINE
8
BLACK
6
CONTINUOUS
10
164.9735770000000059
20
-95.2533930000000026
11
165.0303930000000037
21
-95.1418859999999995
0
LINE
8
BLACK
6
CONTINUOUS
10
165.0303930000000037
20
-95.1418859999999995
11
165.1188860000000034
21
-95.0533929999999998
0
LINE
8
BLACK
6
CONTINUOUS
10
165.1188860000000034
20
-95.0533929999999998
11
165.2303929999999923
21
-94.996577000000002
0
LINE
8
BLACK
6
CONTINUOUS
10
165.2303929999999923
20
-94.996577000000002
11
165.353999999999985
21
-94.9769999999999897
0
LINE
8
BLACK
6
CONTINUOUS
10
165.353999999999985
20
-94.9769999999999897
11
165.4776070000000061
21
-94.996577000000002
0
LINE
8
BLACK
6
CONTINUOUS
10
128.1236069999999927
20
-93.8695769999999925
11
128.2351139999999816
21
-93.9263929999999903
0
LINE
8
BLACK
6
CONTINUOUS
10
128.2351139999999816
20
-93.9263929999999903
11
128.3236069999999813
21
-94.01488599999999
0
LINE
8
BLACK
6
CONTINUOUS
10
128.3236069999999813
20
-94.01488599999999
11
128.3804230000000075
21
-94.1263929999999931
0
LINE
8
BLACK
6
CONTINUOUS
10
128.3804230000000075
20
-94.1263929999999931
11
128.4000000000000057
21
-94.25
0
LINE
8
BLACK
6
CONTINUOUS
10
128.4000000000000057
20
-94.25
11
128.3804230000000075
21
-94.3736069999999927
0
LINE
8
BLACK
6
CONTINUOUS
10
128.3804230000000075
20
-94.3736069999999927
11
128.3236069999999813
21
-94.4851139999999958
0
LINE
8
BLACK
6
CONTINUOUS
10
128.3236069999999813
20
-94.4851139999999958
11
128.2351139999999816
21
-94.5736069999999955
0
LINE
8
BLACK
6
CONTINUOUS
10
128.2351139999999816
20
-94.5736069999999955
11
128.1236069999999927
21
-94.6304229999999933
0
LINE
8
BLACK
6
CONTINUOUS
10
128.1236069999999927
20
-94.6304229999999933
11
128.
21
-94.6499999999999915
0
LINE
8
BLACK
6
CONTINUOUS
10
128.
20
-94.6499999999999915
11
127.8763929999999931
21
-94.6304229999999933
0
LINE
8
BLACK
6
CONTINUOUS
10
127.8763929999999931
20
-94.6304229999999933
11
127.76488599999999
21
-94.5736069999999955
0
LINE
8
BLACK
6
CONTINUOUS
10
127.76488599999999
20
-94.5736069999999955
11
127.6763929999999903
21
-94.4851139999999958
0
LINE
8
BLACK
6
CONTINUOUS
10
127.6763929999999903
20
-94.4851139999999958
11
127.6195769999999925
21
-94.3736069999999927
0
LINE
8
BLACK
6
CONTINUOUS
10
127.6195769999999925
20
-94.3736069999999927
11
127.5999999999999943
21
-94.25
0
LINE
8
BLACK
6
CONTINUOUS
10
127.5999999999999943
20
-94.25
11
127.6195769999999925
21
-94.1263929999999931
0
LINE
8
BLACK
6
CONTINUOUS
10
127.6195769999999925
20
-94.1263929999999931
11
127.6763929999999903
21
-94.01488599999999
0
LINE
8
BLACK
6
CONTINUOUS
10
127.6763929999999903
20
-94.01488599999999
11
127.76488599999999
21
-93.9263929999999903
0
LINE
8
BLACK
6
CONTINUOUS
10
127.76488599999999
20
-93.9263929999999903
11
127.8763929999999931
21
-93.8695769999999925
0
LINE
8
BLACK
6
CONTINUOUS
10
127.8763929999999931
20
-93.8695769999999925
11
128.
21
-93.8499999999999943
0
LINE
8
BLACK
6
CONTINUOUS
10
128.
20
-93.8499999999999943
11
128.1236069999999927
21
-93.8695769999999925
0
LINE
8
BLACK
6
CONTINUOUS
10
170.973606999999987
20
-93.5995769999999965
11
171.0851140000000044
21
-93.6563929999999942
0
LINE
8
BLACK
6
CONTINUOUS
10
171.0851140000000044
20
-93.6563929999999942
11
171.1736070000000041
21
-93.7448859999999939
0
LINE
8
BLACK
6
CONTINUOUS
10
171.1736070000000041
20
-93.7448859999999939
11
171.2304230000000018
21
-93.8563929999999971
0
LINE
8
BLACK
6
CONTINUOUS
10
171.2304230000000018
20
-93.8563929999999971
11
171.25
21
-93.9799999999999898
0
LINE
8
BLACK
6
CONTINUOUS
10
171.25
20
-93.9799999999999898
11
171.2304230000000018
21
-94.1036069999999967
0
LINE
8
BLACK
6
CONTINUOUS
10
171.2304230000000018
20
-94.1036069999999967
11
171.1736070000000041
21
-94.2151139999999998
0
LINE
8
BLACK
6
CONTINUOUS
10
171.1736070000000041
20
-94.2151139999999998
11
171.0851140000000044
21
-94.3036069999999995
0
LINE
8
BLACK
6
CONTINUOUS
10
171.0851140000000044
20
-94.3036069999999995
11
170.973606999999987
21
-94.3604229999999973
0
LINE
8
BLACK
6
CONTINUOUS
10
170.973606999999987
20
-94.3604229999999973
11
170.8499999999999943
21
-94.3799999999999955
0
LINE
8
BLACK
6
CONTINUOUS
10
170.8499999999999943
20
-94.3799999999999955
11
170.7263930000000016
21
-94.3604229999999973
0
LINE
8
BLACK
6
CONTINUOUS
10
170.7263930000000016
20
-94.3604229999999973
11
170.6148859999999843
21
-94.3036069999999995
0
LINE
8
BLACK
6
CONTINUOUS
10
170.6148859999999843
20
-94.3036069999999995
11
170.5263929999999846
21
-94.2151139999999998
0
LINE
8
BLACK
6
CONTINUOUS
10
170.5263929999999846
20
-94.2151139999999998
11
170.4695769999999868
21
-94.1036069999999967
0
LINE
8
BLACK
6
CONTINUOUS
10
170.4695769999999868
20
-94.1036069999999967
11
170.4499999999999886
21
-93.9799999999999898
0
LINE
8
BLACK
6
CONTINUOUS
10
170.4499999999999886
20
-93.9799999999999898
11
170.4695769999999868
21
-93.8563929999999971
0
LINE
8
BLACK
6
CONTINUOUS
10
170.4695769999999868
20
-93.8563929999999971
11
170.5263929999999846
21
-93.7448859999999939
0
LINE
8
BLACK
6
CONTINUOUS
10
170.5263929999999846
20
-93.7448859999999939
11
170.6148859999999843
21
-93.6563929999999942
0
LINE
8
BLACK
6
CONTINUOUS
10
170.6148859999999843
20
-93.6563929999999942
11
170.7263930000000016
21
-93.5995769999999965
0
LINE
8
BLACK
6
CONTINUOUS
10
170.7263930000000016
20
-93.5995769999999965
11
170.8499999999999943
21
-93.5799999999999983
0
LINE
8
BLACK
6
CONTINUOUS
10
170.8499999999999943
20
-93.5799999999999983
11
170.973606999999987
21
-93.5995769999999965
0
LINE
8
BLACK
6
CONTINUOUS
10
156.8736069999999927
20
-92.8695769999999925
11
156.9851139999999816
21
-92.9263929999999903
0
LINE
8
BLACK
6
CONTINUOUS
10
156.9851139999999816
20
-92.9263929999999903
11
157.0736069999999813
21
-93.01488599999999
0
LINE
8
BLACK
6
CONTINUOUS
10
157.0736069999999813
20
-93.01488599999999
11
157.1304229999999791
21
-93.1263929999999931
0
LINE
8
BLACK
6
CONTINUOUS
10
157.1304229999999791
20
-93.1263929999999931
11
157.1500000000000057
21
-93.25
0
LINE
8
BLACK
6
CONTINUOUS
10
157.1500000000000057
20
-93.25
11
157.1304229999999791
21
-93.3736069999999927
0
LINE
8
BLACK
6
CONTINUOUS
10
157.1304229999999791
20
-93.3736069999999927
11
157.0736069999999813
21
-93.4851139999999958
0
LINE
8
BLACK
6
CONTINUOUS
10
157.0736069999999813
20
-93.4851139999999958
11
156.9851139999999816
21
-93.5736069999999955
0
LINE
8
BLACK
6
CONTINUOUS
10
156.9851139999999816
20
-93.5736069999999955
11
156.8736069999999927
21
-93.6304229999999933
0
LINE
8
BLACK
6
CONTINUOUS
10
156.8736069999999927
20
-93.6304229999999933
11
156.75
21
-93.6499999999999915
0
LINE
8
BLACK
6
CONTINUOUS
10
156.75
20
-93.6499999999999915
11
156.6263929999999789
21
-93.6304229999999933
0
LINE
8
BLACK
6
CONTINUOUS
10
156.6263929999999789
20
-93.6304229999999933
11
156.51488599999999
21
-93.5736069999999955
0
LINE
8
BLACK
6
CONTINUOUS
10
156.51488599999999
20
-93.5736069999999955
11
156.4263929999999903
21
-93.4851139999999958
0
LINE
8
BLACK
6
CONTINUOUS
10
156.4263929999999903
20
-93.4851139999999958
11
156.3695769999999925
21
-93.3736069999999927
0
LINE
8
BLACK
6
CONTINUOUS
10
156.3695769999999925
20
-93.3736069999999927
11
156.3499999999999943
21
-93.25
0
LINE
8
BLACK
6
CONTINUOUS
10
156.3499999999999943
20
-93.25
11
156.3695769999999925
21
-93.1263929999999931
0
LINE
8
BLACK
6
CONTINUOUS
10
156.3695769999999925
20
-93.1263929999999931
11
156.4263929999999903
21
-93.01488599999999
0
LINE
8
BLACK
6
CONTINUOUS
10
156.4263929999999903
20
-93.01488599999999
11
156.51488599999999
21
-92.9263929999999903
0
LINE
8
BLACK
6
CONTINUOUS
10
156.51488599999999
20
-92.9263929999999903
11
156.6263929999999789
21
-92.8695769999999925
0
LINE
8
BLACK
6
CONTINUOUS
10
156.6263929999999789
20
-92.8695769999999925
11
156.75
21
-92.8499999999999943
0
LINE
8
BLACK
6
CONTINUOUS
10
156.75
20
-92.8499999999999943
11
156.8736069999999927
21
-92.8695769999999925
0
LINE
8
BLACK
6
CONTINUOUS
10
165.9856069999999875
20
-91.8215769999999907
11
166.0971140000000048
21
-91.8783930000000026
0
LINE
8
BLACK
6
CONTINUOUS
10
166.0971140000000048
20
-91.8783930000000026
11
166.1856070000000045
21
-91.9668860000000024
0
LINE
8
BLACK
6
CONTINUOUS
10
166.1856070000000045
20
-91.9668860000000024
11
166.2424230000000023
21
-92.0783929999999913
0
LINE
8
BLACK
6
CONTINUOUS
10
166.2424230000000023
20
-92.0783929999999913
11
166.2620000000000005
21
-92.2019999999999982
0
LINE
8
BLACK
6
CONTINUOUS
10
166.2620000000000005
20
-92.2019999999999982
11
166.2424230000000023
21
-92.3256069999999909
0
LINE
8
BLACK
6
CONTINUOUS
10
166.2424230000000023
20
-92.3256069999999909
11
166.1856070000000045
21
-92.437113999999994
0
LINE
8
BLACK
6
CONTINUOUS
10
166.1856070000000045
20
-92.437113999999994
11
166.0971140000000048
21
-92.5256069999999937
0
LINE
8
BLACK
6
CONTINUOUS
10
166.0971140000000048
20
-92.5256069999999937
11
165.9856069999999875
21
-92.5824229999999915
0
LINE
8
BLACK
6
CONTINUOUS
10
165.9856069999999875
20
-92.5824229999999915
11
165.8619999999999948
21
-92.6019999999999897
0
LINE
8
BLACK
6
CONTINUOUS
10
165.8619999999999948
20
-92.6019999999999897
11
165.7383930000000021
21
-92.5824229999999915
0
LINE
8
BLACK
6
CONTINUOUS
10
165.7383930000000021
20
-92.5824229999999915
11
165.6268859999999847
21
-92.5256069999999937
0
LINE
8
BLACK
6
CONTINUOUS
10
165.6268859999999847
20
-92.5256069999999937
11
165.538392999999985
21
-92.437113999999994
0
LINE
8
BLACK
6
CONTINUOUS
10
165.538392999999985
20
-92.437113999999994
11
165.4815769999999873
21
-92.3256069999999909
0
LINE
8
BLACK
6
CONTINUOUS
10
165.4815769999999873
20
-92.3256069999999909
11
165.4619999999999891
21
-92.2019999999999982
0
LINE
8
BLACK
6
CONTINUOUS
10
165.4619999999999891
20
-92.2019999999999982
11
165.4815769999999873
21
-92.0783929999999913
0
LINE
8
BLACK
6
CONTINUOUS
10
165.4815769999999873
20
-92.0783929999999913
11
165.538392999999985
21
-91.9668860000000024
0
LINE
8
BLACK
6
CONTINUOUS
10
165.538392999999985
20
-91.9668860000000024
11
165.6268859999999847
21
-91.8783930000000026
0
LINE
8
BLACK
6
CONTINUOUS
10
165.6268859999999847
20
-91.8783930000000026
11
165.7383930000000021
21
-91.8215769999999907
0
LINE
8
BLACK
6
CONTINUOUS
10
165.7383930000000021
20
-91.8215769999999907
11
165.8619999999999948
21
-91.8019999999999925
0
LINE
8
BLACK
6
CONTINUOUS
10
165.8619999999999948
20
-91.8019999999999925
11
165.9856069999999875
21
-91.8215769999999907
0
LINE
8
BLACK
6
CONTINUOUS
10
131.6956069999999954
20
-91.6915769999999952
11
131.8071139999999843
21
-91.748392999999993
0
LINE
8
BLACK
6
CONTINUOUS
10
131.8071139999999843
20
-91.748392999999993
11
131.8956069999999841
21
-91.8368859999999927
0
LINE
8
BLACK
6
CONTINUOUS
10
131.8956069999999841
20
-91.8368859999999927
11
131.9524229999999818
21
-91.9483929999999958
0
LINE
8
BLACK
6
CONTINUOUS
10
131.9524229999999818
20
-91.9483929999999958
11
131.97199999999998
21
-92.0720000000000027
0
LINE
8
BLACK
6
CONTINUOUS
10
131.97199999999998
20
-92.0720000000000027
11
131.9524229999999818
21
-92.1956069999999954
0
LINE
8
BLACK
6
CONTINUOUS
10
131.9524229999999818
20
-92.1956069999999954
11
131.8956069999999841
21
-92.3071139999999986
0
LINE
8
BLACK
6
CONTINUOUS
10
131.8956069999999841
20
-92.3071139999999986
11
131.8071139999999843
21
-92.3956069999999983
0
LINE
8
BLACK
6
CONTINUOUS
10
131.8071139999999843
20
-92.3956069999999983
11
131.6956069999999954
21
-92.452422999999996
0
LINE
8
BLACK
6
CONTINUOUS
10
131.6956069999999954
20
-92.452422999999996
11
131.5720000000000027
21
-92.4719999999999942
0
LINE
8
BLACK
6
CONTINUOUS
10
131.5720000000000027
20
-92.4719999999999942
11
131.4483929999999816
21
-92.452422999999996
0
LINE
8
BLACK
6
CONTINUOUS
10
131.4483929999999816
20
-92.452422999999996
11
131.3368859999999927
21
-92.3956069999999983
0
LINE
8
BLACK
6
CONTINUOUS
10
131.3368859999999927
20
-92.3956069999999983
11
131.248392999999993
21
-92.3071139999999986
0
LINE
8
BLACK
6
CONTINUOUS
10
131.248392999999993
20
-92.3071139999999986
11
131.1915769999999952
21
-92.1956069999999954
0
LINE
8
BLACK
6
CONTINUOUS
10
131.1915769999999952
20
-92.1956069999999954
11
131.171999999999997
21
-92.0720000000000027
0
LINE
8
BLACK
6
CONTINUOUS
10
131.171999999999997
20
-92.0720000000000027
11
131.1915769999999952
21
-91.9483929999999958
0
LINE
8
BLACK
6
CONTINUOUS
10
131.1915769999999952
20
-91.9483929999999958
11
131.248392999999993
21
-91.8368859999999927
0
LINE
8
BLACK
6
CONTINUOUS
10
131.248392999999993
20
-91.8368859999999927
11
131.3368859999999927
21
-91.748392999999993
0
LINE
8
BLACK
6
CONTINUOUS
10
131.3368859999999927
20
-91.748392999999993
11
131.4483929999999816
21
-91.6915769999999952
0
LINE
8
BLACK
6
CONTINUOUS
10
131.4483929999999816
20
-91.6915769999999952
11
131.5720000000000027
21
-91.671999999999997
0
LINE
8
BLACK
6
CONTINUOUS
10
131.5720000000000027
20
-91.671999999999997
11
131.6956069999999954
21
-91.6915769999999952
0
LINE
8
BLACK
6
CONTINUOUS
10
158.8689999999999998
20
-91.6859999999999928
11
157.8689999999999998
21
-91.6859999999999928
0
LINE
8
BLACK
6
CONTINUOUS
10
157.8689999999999998
20
-91.6859999999999928
11
157.8689999999999998
21
-90.6859999999999928
0
LINE
8
BLACK
6
CONTINUOUS
10
157.8689999999999998
20
-90.6859999999999928
11
158.8689999999999998
21
-90.6859999999999928
0
LINE
8
BLACK
6
CONTINUOUS
10
158.8689999999999998
20
-90.6859999999999928
11
158.8689999999999998
21
-91.6859999999999928
0
LINE
8
BLACK
6
CONTINUOUS
10
159.8467080000000067
20
-90.7311839999999989
11
159.9664300000000026
21
-90.8081249999999898
0
LINE
8
BLACK
6
CONTINUOUS
10
159.9664300000000026
20
-90.8081249999999898
11
160.0596270000000061
21
-90.9156799999999947
0
LINE
8
BLACK
6
CONTINUOUS
10
160.0596270000000061
20
-90.9156799999999947
11
160.1187459999999874
21
-91.0451339999999902
0
LINE
8
BLACK
6
CONTINUOUS
10
160.1187459999999874
20
-91.0451339999999902
11
160.1389999999999816
21
-91.1859999999999928
0
LINE
8
BLACK
6
CONTINUOUS
10
160.1389999999999816
20
-91.1859999999999928
11
160.1187459999999874
21
-91.3268659999999954
0
LINE
8
BLACK
6
CONTINUOUS
10
160.1187459999999874
20
-91.3268659999999954
11
160.0596270000000061
21
-91.456319999999991
0
LINE
8
BLACK
6
CONTINUOUS
10
160.0596270000000061
20
-91.456319999999991
11
159.9664300000000026
21
-91.5638749999999959
0
LINE
8
BLACK
6
CONTINUOUS
10
159.9664300000000026
20
-91.5638749999999959
11
159.8467080000000067
21
-91.6408160000000009
0
LINE
8
BLACK
6
CONTINUOUS
10
159.8467080000000067
20
-91.6408160000000009
11
159.7101569999999811
21
-91.6809109999999947
0
LINE
8
BLACK
6
CONTINUOUS
10
159.7101569999999811
20
-91.6809109999999947
11
159.5678429999999821
21
-91.6809109999999947
0
LINE
8
BLACK
6
CONTINUOUS
10
159.5678429999999821
20
-91.6809109999999947
11
159.4312919999999849
21
-91.6408160000000009
0
LINE
8
BLACK
6
CONTINUOUS
10
159.4312919999999849
20
-91.6408160000000009
11
159.311569999999989
21
-91.5638749999999959
0
LINE
8
BLACK
6
CONTINUOUS
10
159.311569999999989
20
-91.5638749999999959
11
159.2183729999999855
21
-91.456319999999991
0
LINE
8
BLACK
6
CONTINUOUS
10
159.2183729999999855
20
-91.456319999999991
11
159.1592540000000042
21
-91.3268659999999954
0
LINE
8
BLACK
6
CONTINUOUS
10
159.1592540000000042
20
-91.3268659999999954
11
159.1389999999999816
21
-91.1859999999999928
0
LINE
8
BLACK
6
CONTINUOUS
10
159.1389999999999816
20
-91.1859999999999928
11
159.1592540000000042
21
-91.0451339999999902
0
LINE
8
BLACK
6
CONTINUOUS
10
159.1592540000000042
20
-91.0451339999999902
11
159.2183729999999855
21
-90.9156799999999947
0
LINE
8
BLACK
6
CONTINUOUS
10
159.2183729999999855
20
-90.9156799999999947
11
159.311569999999989
21
-90.8081249999999898
0
LINE
8
BLACK
6
CONTINUOUS
10
159.311569999999989
20
-90.8081249999999898
11
159.4312919999999849
21
-90.7311839999999989
0
LINE
8
BLACK
6
CONTINUOUS
10
159.4312919999999849
20
-90.7311839999999989
11
159.5678429999999821
21
-90.691088999999991
0
LINE
8
BLACK
6
CONTINUOUS
10
159.5678429999999821
20
-90.691088999999991
11
159.7101569999999811
21
-90.691088999999991
0
LINE
8
BLACK
6
CONTINUOUS
10
159.7101569999999811
20
-90.691088999999991
11
159.8467080000000067
21
-90.7311839999999989
0
LINE
8
BLACK
6
CONTINUOUS
10
135.5056069999999977
20
-78.8675769999999972
11
135.6171139999999866
21
-78.9243929999999949
0
LINE
8
BLACK
6
CONTINUOUS
10
135.6171139999999866
20
-78.9243929999999949
11
135.7056069999999863
21
-79.0128859999999946
0
LINE
8
BLACK
6
CONTINUOUS
10
135.7056069999999863
20
-79.0128859999999946
11
135.7624229999999841
21
-79.1243929999999978
0
LINE
8
BLACK
6
CONTINUOUS
10
135.7624229999999841
20
-79.1243929999999978
11
135.7819999999999823
21
-79.2479999999999905
0
LINE
8
BLACK
6
CONTINUOUS
10
135.7819999999999823
20
-79.2479999999999905
11
135.7624229999999841
21
-79.3716069999999974
0
LINE
8
BLACK
6
CONTINUOUS
10
135.7624229999999841
20
-79.3716069999999974
11
135.7414059999999836
21
-79.4128520000000009
0
LINE
8
BLACK
6
CONTINUOUS
10
135.7414059999999836
20
-79.4128520000000009
11
145.8675539999999842
21
-89.5390000000000015
0
LINE
8
BLACK
6
CONTINUOUS
10
145.8675539999999842
20
-89.5390000000000015
11
160.2191059999999823
21
-89.5390000000000015
0
LINE
8
BLACK
6
CONTINUOUS
10
160.2191059999999823
20
-89.5390000000000015
11
160.2678789999999935
21
-89.5438039999999944
0
LINE
8
BLACK
6
CONTINUOUS
10
160.2678789999999935
20
-89.5438039999999944
11
160.3579990000000066
21
-89.5811329999999941
0
LINE
8
BLACK
6
CONTINUOUS
10
160.3579990000000066
20
-89.5811329999999941
11
160.3580029999999965
21
-89.5811369999999982
0
LINE
8
BLACK
6
CONTINUOUS
10
160.3580029999999965
20
-89.5811369999999982
11
160.3958829999999978
21
-89.6122230000000002
0
LINE
8
BLACK
6
CONTINUOUS
10
160.3958829999999978
20
-89.6122230000000002
11
161.0857759999999814
21
-90.3021169999999955
0
LINE
8
BLACK
6
CONTINUOUS
10
161.0857759999999814
20
-90.3021169999999955
11
161.1168619999999976
21
-90.3399959999999993
0
LINE
8
BLACK
6
CONTINUOUS
10
161.1168619999999976
20
-90.3399959999999993
11
161.116866999999985
21
-90.3400010000000009
0
LINE
8
BLACK
6
CONTINUOUS
10
161.116866999999985
20
-90.3400010000000009
11
161.1541959999999847
21
-90.4301209999999998
0
LINE
8
BLACK
6
CONTINUOUS
10
161.1541959999999847
20
-90.4301209999999998
11
161.1589999999999918
21
-90.4788939999999968
0
LINE
8
BLACK
6
CONTINUOUS
10
161.1589999999999918
20
-90.4788939999999968
11
161.1589999999999918
21
-90.7583630000000028
0
LINE
8
BLACK
6
CONTINUOUS
10
161.1589999999999918
20
-90.7583630000000028
11
161.2364299999999844
21
-90.8081249999999898
0
LINE
8
BLACK
6
CONTINUOUS
10
161.2364299999999844
20
-90.8081249999999898
11
161.3296269999999879
21
-90.9156799999999947
0
LINE
8
BLACK
6
CONTINUOUS
10
161.3296269999999879
20
-90.9156799999999947
11
161.3887459999999976
21
-91.0451339999999902
0
LINE
8
BLACK
6
CONTINUOUS
10
161.3887459999999976
20
-91.0451339999999902
11
161.4089999999999918
21
-91.1859999999999928
0
LINE
8
BLACK
6
CONTINUOUS
10
161.4089999999999918
20
-91.1859999999999928
11
161.3887459999999976
21
-91.3268659999999954
0
LINE
8
BLACK
6
CONTINUOUS
10
161.3887459999999976
20
-91.3268659999999954
11
161.3296269999999879
21
-91.456319999999991
0
LINE
8
BLACK
6
CONTINUOUS
10
161.3296269999999879
20
-91.456319999999991
11
161.2364299999999844
21
-91.5638749999999959
0
LINE
8
BLACK
6
CONTINUOUS
10
161.2364299999999844
20
-91.5638749999999959
11
161.1167079999999885
21
-91.6408160000000009
0
LINE
8
BLACK
6
CONTINUOUS
10
161.1167079999999885
20
-91.6408160000000009
11
160.9801569999999913
21
-91.6809109999999947
0
LINE
8
BLACK
6
CONTINUOUS
10
160.9801569999999913
20
-91.6809109999999947
11
160.8378429999999923
21
-91.6809109999999947
0
LINE
8
BLACK
6
CONTINUOUS
10
160.8378429999999923
20
-91.6809109999999947
11
160.7012919999999951
21
-91.6408160000000009
0
LINE
8
BLACK
6
CONTINUOUS
10
160.7012919999999951
20
-91.6408160000000009
11
160.5815699999999993
21
-91.5638749999999959
0
LINE
8
BLACK
6
CONTINUOUS
10
160.5815699999999993
20
-91.5638749999999959
11
160.4883729999999957
21
-91.456319999999991
0
LINE
8
BLACK
6
CONTINUOUS
10
160.4883729999999957
20
-91.456319999999991
11
160.429253999999986
21
-91.3268659999999954
0
LINE
8
BLACK
6
CONTINUOUS
10
160.429253999999986
20
-91.3268659999999954
11
160.4089999999999918
21
-91.1859999999999928
0
LINE
8
BLACK
6
CONTINUOUS
10
160.4089999999999918
20
-91.1859999999999928
11
160.429253999999986
21
-91.0451339999999902
0
LINE
8
BLACK
6
CONTINUOUS
10
160.429253999999986
20
-91.0451339999999902
11
160.4883729999999957
21
-90.9156799999999947
0
LINE
8
BLACK
6
CONTINUOUS
10
160.4883729999999957
20
-90.9156799999999947
11
160.5815699999999993
21
-90.8081249999999898
0
LINE
8
BLACK
6
CONTINUOUS
10
160.5815699999999993
20
-90.8081249999999898
11
160.6589999999999918
21
-90.7583630000000028
0
LINE
8
BLACK
6
CONTINUOUS
10
160.6589999999999918
20
-90.7583630000000028
11
160.6589999999999918
21
-90.5824470000000019
0
LINE
8
BLACK
6
CONTINUOUS
10
160.6589999999999918
20
-90.5824470000000019
11
160.1155519999999797
21
-90.0390000000000015
0
LINE
8
BLACK
6
CONTINUOUS
10
160.1155519999999797
20
-90.0390000000000015
11
145.7639999999999816
21
-90.0390000000000015
0
LINE
8
BLACK
6
CONTINUOUS
10
145.7639999999999816
20
-90.0390000000000015
11
145.7152269999999987
21
-90.0341959999999943
0
LINE
8
BLACK
6
CONTINUOUS
10
145.7152269999999987
20
-90.0341959999999943
11
145.6251069999999856
21
-89.9968669999999946
0
LINE
8
BLACK
6
CONTINUOUS
10
145.6251069999999856
20
-89.9968669999999946
11
145.6251019999999983
21
-89.996861999999993
0
LINE
8
BLACK
6
CONTINUOUS
10
145.6251019999999983
20
-89.996861999999993
11
145.5872229999999945
21
-89.9657770000000028
0
LINE
8
BLACK
6
CONTINUOUS
10
145.5872229999999945
20
-89.9657770000000028
11
135.241012999999981
21
-79.6195669999999893
0
LINE
8
BLACK
6
CONTINUOUS
10
135.241012999999981
20
-79.6195669999999893
11
135.146885999999995
21
-79.5716070000000002
0
LINE
8
BLACK
6
CONTINUOUS
10
135.146885999999995
20
-79.5716070000000002
11
135.0583929999999953
21
-79.4831140000000005
0
LINE
8
BLACK
6
CONTINUOUS
10
135.0583929999999953
20
-79.4831140000000005
11
135.0015769999999975
21
-79.3716069999999974
0
LINE
8
BLACK
6
CONTINUOUS
10
135.0015769999999975
20
-79.3716069999999974
11
134.9819999999999993
21
-79.2479999999999905
0
LINE
8
BLACK
6
CONTINUOUS
10
134.9819999999999993
20
-79.2479999999999905
11
135.0015769999999975
21
-79.1243929999999978
0
LINE
8
BLACK
6
CONTINUOUS
10
135.0015769999999975
20
-79.1243929999999978
11
135.0583929999999953
21
-79.0128859999999946
0
LINE
8
BLACK
6
CONTINUOUS
10
135.0583929999999953
20
-79.0128859999999946
11
135.146885999999995
21
-78.9243929999999949
0
LINE
8
BLACK
6
CONTINUOUS
10
135.146885999999995
20
-78.9243929999999949
11
135.2583929999999839
21
-78.8675769999999972
0
LINE
8
BLACK
6
CONTINUOUS
10
135.2583929999999839
20
-78.8675769999999972
11
135.382000000000005
21
-78.847999999999999
0
LINE
8
BLACK
6
CONTINUOUS
10
135.382000000000005
20
-78.847999999999999
11
135.5056069999999977
21
-78.8675769999999972
0
LINE
8
BLACK
6
CONTINUOUS
10
162.3867079999999987
20
-90.7311839999999989
11
162.5064299999999946
21
-90.8081249999999898
0
LINE
8
BLACK
6
CONTINUOUS
10
162.5064299999999946
20
-90.8081249999999898
11
162.5996269999999981
21
-90.9156799999999947
0
LINE
8
BLACK
6
CONTINUOUS
10
162.5996269999999981
20
-90.9156799999999947
11
162.6587459999999794
21
-91.0451339999999902
0
LINE
8
BLACK
6
CONTINUOUS
10
162.6587459999999794
20
-91.0451339999999902
11
162.679000000000002
21
-91.1859999999999928
0
LINE
8
BLACK
6
CONTINUOUS
10
162.679000000000002
20
-91.1859999999999928
11
162.6587459999999794
21
-91.3268659999999954
0
LINE
8
BLACK
6
CONTINUOUS
10
162.6587459999999794
20
-91.3268659999999954
11
162.5996269999999981
21
-91.456319999999991
0
LINE
8
BLACK
6
CONTINUOUS
10
162.5996269999999981
20
-91.456319999999991
11
162.5064299999999946
21
-91.5638749999999959
0
LINE
8
BLACK
6
CONTINUOUS
10
162.5064299999999946
20
-91.5638749999999959
11
162.3867079999999987
21
-91.6408160000000009
0
LINE
8
BLACK
6
CONTINUOUS
10
162.3867079999999987
20
-91.6408160000000009
11
162.2501570000000015
21
-91.6809109999999947
0
LINE
8
BLACK
6
CONTINUOUS
10
162.2501570000000015
20
-91.6809109999999947
11
162.1078430000000026
21
-91.6809109999999947
0
LINE
8
BLACK
6
CONTINUOUS
10
162.1078430000000026
20
-91.6809109999999947
11
161.9712920000000054
21
-91.6408160000000009
0
LINE
8
BLACK
6
CONTINUOUS
10
161.9712920000000054
20
-91.6408160000000009
11
161.8515699999999811
21
-91.5638749999999959
0
LINE
8
BLACK
6
CONTINUOUS
10
161.8515699999999811
20
-91.5638749999999959
11
161.758373000000006
21
-91.456319999999991
0
LINE
8
BLACK
6
CONTINUOUS
10
161.758373000000006
20
-91.456319999999991
11
161.6992539999999963
21
-91.3268659999999954
0
LINE
8
BLACK
6
CONTINUOUS
10
161.6992539999999963
20
-91.3268659999999954
11
161.679000000000002
21
-91.1859999999999928
0
LINE
8
BLACK
6
CONTINUOUS
10
161.679000000000002
20
-91.1859999999999928
11
161.6992539999999963
21
-91.0451339999999902
0
LINE
8
BLACK
6
CONTINUOUS
10
161.6992539999999963
20
-91.0451339999999902
11
161.758373000000006
21
-90.9156799999999947
0
LINE
8
BLACK
6
CONTINUOUS
10
161.758373000000006
20
-90.9156799999999947
11
161.8515699999999811
21
-90.8081249999999898
0
LINE
8
BLACK
6
CONTINUOUS
10
161.8515699999999811
20
-90.8081249999999898
11
161.9712920000000054
21
-90.7311839999999989
0
LINE
8
BLACK
6
CONTINUOUS
10
161.9712920000000054
20
-90.7311839999999989
11
162.1078430000000026
21
-90.691088999999991
0
LINE
8
BLACK
6
CONTINUOUS
10
162.1078430000000026
20
-90.691088999999991
11
162.2501570000000015
21
-90.691088999999991
0
LINE
8
BLACK
6
CONTINUOUS
10
162.2501570000000015
20
-90.691088999999991
11
162.3867079999999987
21
-90.7311839999999989
0
LINE
8
BLACK
6
CONTINUOUS
10
168.9066069999999797
20
-89.2815769999999986
11
169.0181139999999971
21
-89.3383929999999964
0
LINE
8
BLACK
6
CONTINUOUS
10
169.0181139999999971
20
-89.3383929999999964
11
169.1066069999999968
21
-89.4268859999999961
0
LINE
8
BLACK
6
CONTINUOUS
10
169.1066069999999968
20
-89.4268859999999961
11
169.1634229999999945
21
-89.5383929999999992
0
LINE
8
BLACK
6
CONTINUOUS
10
169.1634229999999945
20
-89.5383929999999992
11
169.1829999999999927
21
-89.6619999999999919
0
LINE
8
BLACK
6
CONTINUOUS
10
169.1829999999999927
20
-89.6619999999999919
11
169.1634229999999945
21
-89.7856069999999988
0
LINE
8
BLACK
6
CONTINUOUS
10
169.1634229999999945
20
-89.7856069999999988
11
169.1066069999999968
21
-89.897114000000002
0
LINE
8
BLACK
6
CONTINUOUS
10
169.1066069999999968
20
-89.897114000000002
11
169.0181139999999971
21
-89.9856070000000017
0
LINE
8
BLACK
6
CONTINUOUS
10
169.0181139999999971
20
-89.9856070000000017
11
168.9066069999999797
21
-90.0424229999999994
0
LINE
8
BLACK
6
CONTINUOUS
10
168.9066069999999797
20
-90.0424229999999994
11
168.782999999999987
21
-90.0619999999999976
0
LINE
8
BLACK
6
CONTINUOUS
10
168.782999999999987
20
-90.0619999999999976
11
168.6593929999999943
21
-90.0424229999999994
0
LINE
8
BLACK
6
CONTINUOUS
10
168.6593929999999943
20
-90.0424229999999994
11
168.5478860000000054
21
-89.9856070000000017
0
LINE
8
BLACK
6
CONTINUOUS
10
168.5478860000000054
20
-89.9856070000000017
11
168.4593930000000057
21
-89.897114000000002
0
LINE
8
BLACK
6
CONTINUOUS
10
168.4593930000000057
20
-89.897114000000002
11
168.4025769999999795
21
-89.7856069999999988
0
LINE
8
BLACK
6
CONTINUOUS
10
168.4025769999999795
20
-89.7856069999999988
11
168.3829999999999814
21
-89.6619999999999919
0
LINE
8
BLACK
6
CONTINUOUS
10
168.3829999999999814
20
-89.6619999999999919
11
168.4025769999999795
21
-89.5383929999999992
0
LINE
8
BLACK
6
CONTINUOUS
10
168.4025769999999795
20
-89.5383929999999992
11
168.4593930000000057
21
-89.4268859999999961
0
LINE
8
BLACK
6
CONTINUOUS
10
168.4593930000000057
20
-89.4268859999999961
11
168.5478860000000054
21
-89.3383929999999964
0
LINE
8
BLACK
6
CONTINUOUS
10
168.5478860000000054
20
-89.3383929999999964
11
168.6593929999999943
21
-89.2815769999999986
0
LINE
8
BLACK
6
CONTINUOUS
10
168.6593929999999943
20
-89.2815769999999986
11
168.782999999999987
21
-89.2620000000000005
0
LINE
8
BLACK
6
CONTINUOUS
10
168.782999999999987
20
-89.2620000000000005
11
168.9066069999999797
21
-89.2815769999999986
0
LINE
8
BLACK
6
CONTINUOUS
10
140.2046069999999816
20
-88.6465769999999935
11
140.3161139999999989
21
-88.7033929999999913
0
LINE
8
BLACK
6
CONTINUOUS
10
140.3161139999999989
20
-88.7033929999999913
11
140.4046069999999986
21
-88.791885999999991
0
LINE
8
BLACK
6
CONTINUOUS
10
140.4046069999999986
20
-88.791885999999991
11
140.4614229999999964
21
-88.9033929999999941
0
LINE
8
BLACK
6
CONTINUOUS
10
140.4614229999999964
20
-88.9033929999999941
11
140.4809999999999945
21
-89.027000000000001
0
LINE
8
BLACK
6
CONTINUOUS
10
140.4809999999999945
20
-89.027000000000001
11
140.4614229999999964
21
-89.1506069999999937
0
LINE
8
BLACK
6
CONTINUOUS
10
140.4614229999999964
20
-89.1506069999999937
11
140.4046069999999986
21
-89.2621139999999968
0
LINE
8
BLACK
6
CONTINUOUS
10
140.4046069999999986
20
-89.2621139999999968
11
140.3161139999999989
21
-89.3506069999999966
0
LINE
8
BLACK
6
CONTINUOUS
10
140.3161139999999989
20
-89.3506069999999966
11
140.2046069999999816
21
-89.4074229999999943
0
LINE
8
BLACK
6
CONTINUOUS
10
140.2046069999999816
20
-89.4074229999999943
11
140.0809999999999889
21
-89.4269999999999925
0
LINE
8
BLACK
6
CONTINUOUS
10
140.0809999999999889
20
-89.4269999999999925
11
139.9573929999999962
21
-89.4074229999999943
0
LINE
8
BLACK
6
CONTINUOUS
10
139.9573929999999962
20
-89.4074229999999943
11
139.8458860000000072
21
-89.3506069999999966
0
LINE
8
BLACK
6
CONTINUOUS
10
139.8458860000000072
20
-89.3506069999999966
11
139.7573930000000075
21
-89.2621139999999968
0
LINE
8
BLACK
6
CONTINUOUS
10
139.7573930000000075
20
-89.2621139999999968
11
139.7005769999999814
21
-89.1506069999999937
0
LINE
8
BLACK
6
CONTINUOUS
10
139.7005769999999814
20
-89.1506069999999937
11
139.6809999999999832
21
-89.027000000000001
0
LINE
8
BLACK
6
CONTINUOUS
10
139.6809999999999832
20
-89.027000000000001
11
139.7005769999999814
21
-88.9033929999999941
0
LINE
8
BLACK
6
CONTINUOUS
10
139.7005769999999814
20
-88.9033929999999941
11
139.7573930000000075
21
-88.791885999999991
0
LINE
8
BLACK
6
CONTINUOUS
10
139.7573930000000075
20
-88.791885999999991
11
139.8458860000000072
21
-88.7033929999999913
0
LINE
8
BLACK
6
CONTINUOUS
10
139.8458860000000072
20
-88.7033929999999913
11
139.9573929999999962
21
-88.6465769999999935
0
LINE
8
BLACK
6
CONTINUOUS
10
139.9573929999999962
20
-88.6465769999999935
11
140.0809999999999889
21
-88.6269999999999953
0
LINE
8
BLACK
6
CONTINUOUS
10
140.0809999999999889
20
-88.6269999999999953
11
140.2046069999999816
21
-88.6465769999999935
0
LINE
8
BLACK
6
CONTINUOUS
10
124.9217079999999953
20
-86.7941840000000013
11
125.0414299999999912
21
-86.8711249999999922
0
LINE
8
BLACK
6
CONTINUOUS
10
125.0414299999999912
20
-86.8711249999999922
11
125.1346269999999947
21
-86.9786799999999971
0
LINE
8
BLACK
6
CONTINUOUS
10
125.1346269999999947
20
-86.9786799999999971
11
125.1937459999999902
21
-87.1081339999999926
0
LINE
8
BLACK
6
CONTINUOUS
10
125.1937459999999902
20
-87.1081339999999926
11
125.2139999999999986
21
-87.2489999999999952
0
LINE
8
BLACK
6
CONTINUOUS
10
125.2139999999999986
20
-87.2489999999999952
11
125.1937459999999902
21
-87.3898659999999978
0
LINE
8
BLACK
6
CONTINUOUS
10
125.1937459999999902
20
-87.3898659999999978
11
125.1346269999999947
21
-87.5193199999999933
0
LINE
8
BLACK
6
CONTINUOUS
10
125.1346269999999947
20
-87.5193199999999933
11
125.0414299999999912
21
-87.6268749999999983
0
LINE
8
BLACK
6
CONTINUOUS
10
125.0414299999999912
20
-87.6268749999999983
11
124.9217079999999953
21
-87.7038159999999891
0
LINE
8
BLACK
6
CONTINUOUS
10
124.9217079999999953
20
-87.7038159999999891
11
124.7851569999999981
21
-87.7439109999999971
0
LINE
8
BLACK
6
CONTINUOUS
10
124.7851569999999981
20
-87.7439109999999971
11
124.6428429999999992
21
-87.7439109999999971
0
LINE
8
BLACK
6
CONTINUOUS
10
124.6428429999999992
20
-87.7439109999999971
11
124.5062919999999878
21
-87.7038159999999891
0
LINE
8
BLACK
6
CONTINUOUS
10
124.5062919999999878
20
-87.7038159999999891
11
124.3865699999999919
21
-87.6268749999999983
0
LINE
8
BLACK
6
CONTINUOUS
10
124.3865699999999919
20
-87.6268749999999983
11
124.2933729999999883
21
-87.5193199999999933
0
LINE
8
BLACK
6
CONTINUOUS
10
124.2933729999999883
20
-87.5193199999999933
11
124.2342539999999929
21
-87.3898659999999978
0
LINE
8
BLACK
6
CONTINUOUS
10
124.2342539999999929
20
-87.3898659999999978
11
124.2139999999999986
21
-87.2489999999999952
0
LINE
8
BLACK
6
CONTINUOUS
10
124.2139999999999986
20
-87.2489999999999952
11
124.2342539999999929
21
-87.1081339999999926
0
LINE
8
BLACK
6
CONTINUOUS
10
124.2342539999999929
20
-87.1081339999999926
11
124.2933729999999883
21
-86.9786799999999971
0
LINE
8
BLACK
6
CONTINUOUS
10
124.2933729999999883
20
-86.9786799999999971
11
124.3865699999999919
21
-86.8711249999999922
0
LINE
8
BLACK
6
CONTINUOUS
10
124.3865699999999919
20
-86.8711249999999922
11
124.5062919999999878
21
-86.7941840000000013
0
LINE
8
BLACK
6
CONTINUOUS
10
124.5062919999999878
20
-86.7941840000000013
11
124.6428429999999992
21
-86.7540889999999933
0
LINE
8
BLACK
6
CONTINUOUS
10
124.6428429999999992
20
-86.7540889999999933
11
124.7851569999999981
21
-86.7540889999999933
0
LINE
8
BLACK
6
CONTINUOUS
10
124.7851569999999981
20
-86.7540889999999933
11
124.9217079999999953
21
-86.7941840000000013
0
LINE
8
BLACK
6
CONTINUOUS
10
174.5947079999999971
20
-86.7941840000000013
11
174.714429999999993
21
-86.8711249999999922
0
LINE
8
BLACK
6
CONTINUOUS
10
174.714429999999993
20
-86.8711249999999922
11
174.8076269999999965
21
-86.9786799999999971
0
LINE
8
BLACK
6
CONTINUOUS
10
174.8076269999999965
20
-86.9786799999999971
11
174.8667460000000062
21
-87.1081339999999926
0
LINE
8
BLACK
6
CONTINUOUS
10
174.8667460000000062
20
-87.1081339999999926
11
174.8870000000000005
21
-87.2489999999999952
0
LINE
8
BLACK
6
CONTINUOUS
10
174.8870000000000005
20
-87.2489999999999952
11
174.8667460000000062
21
-87.3898659999999978
0
LINE
8
BLACK
6
CONTINUOUS
10
174.8667460000000062
20
-87.3898659999999978
11
174.8076269999999965
21
-87.5193199999999933
0
LINE
8
BLACK
6
CONTINUOUS
10
174.8076269999999965
20
-87.5193199999999933
11
174.714429999999993
21
-87.6268749999999983
0
LINE
8
BLACK
6
CONTINUOUS
10
174.714429999999993
20
-87.6268749999999983
11
174.5947079999999971
21
-87.7038159999999891
0
LINE
8
BLACK
6
CONTINUOUS
10
174.5947079999999971
20
-87.7038159999999891
11
174.4581569999999999
21
-87.7439109999999971
0
LINE
8
BLACK
6
CONTINUOUS
10
174.4581569999999999
20
-87.7439109999999971
11
174.315843000000001
21
-87.7439109999999971
0
LINE
8
BLACK
6
CONTINUOUS
10
174.315843000000001
20
-87.7439109999999971
11
174.1792920000000038
21
-87.7038159999999891
0
LINE
8
BLACK
6
CONTINUOUS
10
174.1792920000000038
20
-87.7038159999999891
11
174.0595699999999795
21
-87.6268749999999983
0
LINE
8
BLACK
6
CONTINUOUS
10
174.0595699999999795
20
-87.6268749999999983
11
173.9663730000000044
21
-87.5193199999999933
0
LINE
8
BLACK
6
CONTINUOUS
10
173.9663730000000044
20
-87.5193199999999933
11
173.9072539999999947
21
-87.3898659999999978
0
LINE
8
BLACK
6
CONTINUOUS
10
173.9072539999999947
20
-87.3898659999999978
11
173.8870000000000005
21
-87.2489999999999952
0
LINE
8
BLACK
6
CONTINUOUS
10
173.8870000000000005
20
-87.2489999999999952
11
173.9072539999999947
21
-87.1081339999999926
0
LINE
8
BLACK
6
CONTINUOUS
10
173.9072539999999947
20
-87.1081339999999926
11
173.9663730000000044
21
-86.9786799999999971
0
LINE
8
BLACK
6
CONTINUOUS
10
173.9663730000000044
20
-86.9786799999999971
11
174.0595699999999795
21
-86.8711249999999922
0
LINE
8
BLACK
6
CONTINUOUS
10
174.0595699999999795
20
-86.8711249999999922
11
174.1792920000000038
21
-86.7941840000000013
0
LINE
8
BLACK
6
CONTINUOUS
10
174.1792920000000038
20
-86.7941840000000013
11
174.315843000000001
21
-86.7540889999999933
0
LINE
8
BLACK
6
CONTINUOUS
10
174.315843000000001
20
-86.7540889999999933
11
174.4581569999999999
21
-86.7540889999999933
0
LINE
8
BLACK
6
CONTINUOUS
10
174.4581569999999999
20
-86.7540889999999933
11
174.5947079999999971
21
-86.7941840000000013
0
LINE
8
BLACK
6
CONTINUOUS
10
131.7292929999999842
20
-86.5218079999999929
11
131.8408000000000015
21
-86.5786239999999907
0
LINE
8
BLACK
6
CONTINUOUS
10
131.8408000000000015
20
-86.5786239999999907
11
131.9292930000000013
21
-86.6671169999999904
0
LINE
8
BLACK
6
CONTINUOUS
10
131.9292930000000013
20
-86.6671169999999904
11
131.986108999999999
21
-86.7786239999999935
0
LINE
8
BLACK
6
CONTINUOUS
10
131.986108999999999
20
-86.7786239999999935
11
132.0056859999999972
21
-86.9022310000000004
0
LINE
8
BLACK
6
CONTINUOUS
10
132.0056859999999972
20
-86.9022310000000004
11
131.986108999999999
21
-87.0258379999999931
0
LINE
8
BLACK
6
CONTINUOUS
10
131.986108999999999
20
-87.0258379999999931
11
131.9292930000000013
21
-87.1373449999999963
0
LINE
8
BLACK
6
CONTINUOUS
10
131.9292930000000013
20
-87.1373449999999963
11
131.8408000000000015
21
-87.225837999999996
0
LINE
8
BLACK
6
CONTINUOUS
10
131.8408000000000015
20
-87.225837999999996
11
131.7292929999999842
21
-87.2826539999999937
0
LINE
8
BLACK
6
CONTINUOUS
10
131.7292929999999842
20
-87.2826539999999937
11
131.6056859999999915
21
-87.3022309999999919
0
LINE
8
BLACK
6
CONTINUOUS
10
131.6056859999999915
20
-87.3022309999999919
11
131.4820789999999988
21
-87.2826539999999937
0
LINE
8
BLACK
6
CONTINUOUS
10
131.4820789999999988
20
-87.2826539999999937
11
131.3705719999999815
21
-87.225837999999996
0
LINE
8
BLACK
6
CONTINUOUS
10
131.3705719999999815
20
-87.225837999999996
11
131.2820789999999818
21
-87.1373449999999963
0
LINE
8
BLACK
6
CONTINUOUS
10
131.2820789999999818
20
-87.1373449999999963
11
131.225262999999984
21
-87.0258379999999931
0
LINE
8
BLACK
6
CONTINUOUS
10
131.225262999999984
20
-87.0258379999999931
11
131.2056859999999858
21
-86.9022310000000004
0
LINE
8
BLACK
6
CONTINUOUS
10
131.2056859999999858
20
-86.9022310000000004
11
131.225262999999984
21
-86.7786239999999935
0
LINE
8
BLACK
6
CONTINUOUS
10
131.225262999999984
20
-86.7786239999999935
11
131.2820789999999818
21
-86.6671169999999904
0
LINE
8
BLACK
6
CONTINUOUS
10
131.2820789999999818
20
-86.6671169999999904
11
131.3705719999999815
21
-86.5786239999999907
0
LINE
8
BLACK
6
CONTINUOUS
10
131.3705719999999815
20
-86.5786239999999907
11
131.4820789999999988
21
-86.5218079999999929
0
LINE
8
BLACK
6
CONTINUOUS
10
131.4820789999999988
20
-86.5218079999999929
11
131.6056859999999915
21
-86.5022309999999948
0
LINE
8
BLACK
6
CONTINUOUS
10
131.6056859999999915
20
-86.5022309999999948
11
131.7292929999999842
21
-86.5218079999999929
0
LINE
8
BLACK
6
CONTINUOUS
10
156.0111069999999813
20
-86.2320769999999897
11
156.1226139999999987
21
-86.2888930000000016
0
LINE
8
BLACK
6
CONTINUOUS
10
156.1226139999999987
20
-86.2888930000000016
11
156.2111069999999984
21
-86.3773860000000013
0
LINE
8
BLACK
6
CONTINUOUS
10
156.2111069999999984
20
-86.3773860000000013
11
156.2679229999999961
21
-86.4888929999999903
0
LINE
8
BLACK
6
CONTINUOUS
10
156.2679229999999961
20
-86.4888929999999903
11
156.2874999999999943
21
-86.6124999999999972
0
LINE
8
BLACK
6
CONTINUOUS
10
156.2874999999999943
20
-86.6124999999999972
11
156.2679229999999961
21
-86.7361069999999899
0
LINE
8
BLACK
6
CONTINUOUS
10
156.2679229999999961
20
-86.7361069999999899
11
156.2111069999999984
21
-86.847613999999993
0
LINE
8
BLACK
6
CONTINUOUS
10
156.2111069999999984
20
-86.847613999999993
11
156.1226139999999987
21
-86.9361069999999927
0
LINE
8
BLACK
6
CONTINUOUS
10
156.1226139999999987
20
-86.9361069999999927
11
156.0111069999999813
21
-86.9929229999999905
0
LINE
8
BLACK
6
CONTINUOUS
10
156.0111069999999813
20
-86.9929229999999905
11
155.8874999999999886
21
-87.0125000000000028
0
LINE
8
BLACK
6
CONTINUOUS
10
155.8874999999999886
20
-87.0125000000000028
11
155.7638929999999959
21
-86.9929229999999905
0
LINE
8
BLACK
6
CONTINUOUS
10
155.7638929999999959
20
-86.9929229999999905
11
155.652386000000007
21
-86.9361069999999927
0
LINE
8
BLACK
6
CONTINUOUS
10
155.652386000000007
20
-86.9361069999999927
11
155.5638929999999789
21
-86.847613999999993
0
LINE
8
BLACK
6
CONTINUOUS
10
155.5638929999999789
20
-86.847613999999993
11
155.5070769999999811
21
-86.7361069999999899
0
LINE
8
BLACK
6
CONTINUOUS
10
155.5070769999999811
20
-86.7361069999999899
11
155.4874999999999829
21
-86.6124999999999972
0
LINE
8
BLACK
6
CONTINUOUS
10
155.4874999999999829
20
-86.6124999999999972
11
155.5070769999999811
21
-86.4888929999999903
0
LINE
8
BLACK
6
CONTINUOUS
10
155.5070769999999811
20
-86.4888929999999903
11
155.5638929999999789
21
-86.3773860000000013
0
LINE
8
BLACK
6
CONTINUOUS
10
155.5638929999999789
20
-86.3773860000000013
11
155.652386000000007
21
-86.2888930000000016
0
LINE
8
BLACK
6
CONTINUOUS
10
155.652386000000007
20
-86.2888930000000016
11
155.7638929999999959
21
-86.2320769999999897
0
LINE
8
BLACK
6
CONTINUOUS
10
155.7638929999999959
20
-86.2320769999999897
11
155.8874999999999886
21
-86.2124999999999915
0
LINE
8
BLACK
6
CONTINUOUS
10
155.8874999999999886
20
-86.2124999999999915
11
156.0111069999999813
21
-86.2320769999999897
0
LINE
8
BLACK
6
CONTINUOUS
10
125.2139999999999986
20
-86.4789999999999992
11
124.2139999999999986
21
-86.4789999999999992
0
LINE
8
BLACK
6
CONTINUOUS
10
124.2139999999999986
20
-86.4789999999999992
11
124.2139999999999986
21
-85.4789999999999992
0
LINE
8
BLACK
6
CONTINUOUS
10
124.2139999999999986
20
-85.4789999999999992
11
125.2139999999999986
21
-85.4789999999999992
0
LINE
8
BLACK
6
CONTINUOUS
10
125.2139999999999986
20
-85.4789999999999992
11
125.2139999999999986
21
-86.4789999999999992
0
LINE
8
BLACK
6
CONTINUOUS
10
174.8870000000000005
20
-86.4789999999999992
11
173.8870000000000005
21
-86.4789999999999992
0
LINE
8
BLACK
6
CONTINUOUS
10
173.8870000000000005
20
-86.4789999999999992
11
173.8870000000000005
21
-85.4789999999999992
0
LINE
8
BLACK
6
CONTINUOUS
10
173.8870000000000005
20
-85.4789999999999992
11
174.8870000000000005
21
-85.4789999999999992
0
LINE
8
BLACK
6
CONTINUOUS
10
174.8870000000000005
20
-85.4789999999999992
11
174.8870000000000005
21
-86.4789999999999992
0
LINE
8
BLACK
6
CONTINUOUS
10
155.9861070000000041
20
-84.5070769999999953
11
156.097613999999993
21
-84.5638929999999931
0
LINE
8
BLACK
6
CONTINUOUS
10
156.097613999999993
20
-84.5638929999999931
11
156.1861069999999927
21
-84.6523859999999928
0
LINE
8
BLACK
6
CONTINUOUS
10
156.1861069999999927
20
-84.6523859999999928
11
156.2429229999999905
21
-84.7638929999999959
0
LINE
8
BLACK
6
CONTINUOUS
10
156.2429229999999905
20
-84.7638929999999959
11
156.2624999999999886
21
-84.8875000000000028
0
LINE
8
BLACK
6
CONTINUOUS
10
156.2624999999999886
20
-84.8875000000000028
11
156.2429229999999905
21
-85.0111069999999955
0
LINE
8
BLACK
6
CONTINUOUS
10
156.2429229999999905
20
-85.0111069999999955
11
156.1861069999999927
21
-85.1226139999999987
0
LINE
8
BLACK
6
CONTINUOUS
10
156.1861069999999927
20
-85.1226139999999987
11
156.097613999999993
21
-85.2111069999999984
0
LINE
8
BLACK
6
CONTINUOUS
10
156.097613999999993
20
-85.2111069999999984
11
155.9861070000000041
21
-85.2679229999999961
0
LINE
8
BLACK
6
CONTINUOUS
10
155.9861070000000041
20
-85.2679229999999961
11
155.8624999999999829
21
-85.2874999999999943
0
LINE
8
BLACK
6
CONTINUOUS
10
155.8624999999999829
20
-85.2874999999999943
11
155.7388929999999903
21
-85.2679229999999961
0
LINE
8
BLACK
6
CONTINUOUS
10
155.7388929999999903
20
-85.2679229999999961
11
155.6273860000000013
21
-85.2111069999999984
0
LINE
8
BLACK
6
CONTINUOUS
10
155.6273860000000013
20
-85.2111069999999984
11
155.5388930000000016
21
-85.1226139999999987
0
LINE
8
BLACK
6
CONTINUOUS
10
155.5388930000000016
20
-85.1226139999999987
11
155.4820770000000039
21
-85.0111069999999955
0
LINE
8
BLACK
6
CONTINUOUS
10
155.4820770000000039
20
-85.0111069999999955
11
155.4625000000000057
21
-84.8875000000000028
0
LINE
8
BLACK
6
CONTINUOUS
10
155.4625000000000057
20
-84.8875000000000028
11
155.4820770000000039
21
-84.7638929999999959
0
LINE
8
BLACK
6
CONTINUOUS
10
155.4820770000000039
20
-84.7638929999999959
11
155.5388930000000016
21
-84.6523859999999928
0
LINE
8
BLACK
6
CONTINUOUS
10
155.5388930000000016
20
-84.6523859999999928
11
155.6273860000000013
21
-84.5638929999999931
0
LINE
8
BLACK
6
CONTINUOUS
10
155.6273860000000013
20
-84.5638929999999931
11
155.7388929999999903
21
-84.5070769999999953
0
LINE
8
BLACK
6
CONTINUOUS
10
155.7388929999999903
20
-84.5070769999999953
11
155.8624999999999829
21
-84.4874999999999972
0
LINE
8
BLACK
6
CONTINUOUS
10
155.8624999999999829
20
-84.4874999999999972
11
155.9861070000000041
21
-84.5070769999999953
0
LINE
8
BLACK
6
CONTINUOUS
10
158.3006069999999852
20
-82.8695769999999925
11
158.4121140000000025
21
-82.9263929999999903
0
LINE
8
BLACK
6
CONTINUOUS
10
158.4121140000000025
20
-82.9263929999999903
11
158.5006070000000022
21
-83.01488599999999
0
LINE
8
BLACK
6
CONTINUOUS
10
158.5006070000000022
20
-83.01488599999999
11
158.557423
21
-83.1263929999999931
0
LINE
8
BLACK
6
CONTINUOUS
10
158.557423
20
-83.1263929999999931
11
158.5769999999999982
21
-83.25
0
LINE
8
BLACK
6
CONTINUOUS
10
158.5769999999999982
20
-83.25
11
158.557423
21
-83.3736069999999927
0
LINE
8
BLACK
6
CONTINUOUS
10
158.557423
20
-83.3736069999999927
11
158.5006070000000022
21
-83.4851139999999958
0
LINE
8
BLACK
6
CONTINUOUS
10
158.5006070000000022
20
-83.4851139999999958
11
158.4121140000000025
21
-83.5736069999999955
0
LINE
8
BLACK
6
CONTINUOUS
10
158.4121140000000025
20
-83.5736069999999955
11
158.3006069999999852
21
-83.6304229999999933
0
LINE
8
BLACK
6
CONTINUOUS
10
158.3006069999999852
20
-83.6304229999999933
11
158.1769999999999925
21
-83.6499999999999915
0
LINE
8
BLACK
6
CONTINUOUS
10
158.1769999999999925
20
-83.6499999999999915
11
158.0533929999999998
21
-83.6304229999999933
0
LINE
8
BLACK
6
CONTINUOUS
10
158.0533929999999998
20
-83.6304229999999933
11
157.9418859999999825
21
-83.5736069999999955
0
LINE
8
BLACK
6
CONTINUOUS
10
157.9418859999999825
20
-83.5736069999999955
11
157.8533929999999827
21
-83.4851139999999958
0
LINE
8
BLACK
6
CONTINUOUS
10
157.8533929999999827
20
-83.4851139999999958
11
157.796576999999985
21
-83.3736069999999927
0
LINE
8
BLACK
6
CONTINUOUS
10
157.796576999999985
20
-83.3736069999999927
11
157.7769999999999868
21
-83.25
0
LINE
8
BLACK
6
CONTINUOUS
10
157.7769999999999868
20
-83.25
11
157.796576999999985
21
-83.1263929999999931
0
LINE
8
BLACK
6
CONTINUOUS
10
157.796576999999985
20
-83.1263929999999931
11
157.8533929999999827
21
-83.01488599999999
0
LINE
8
BLACK
6
CONTINUOUS
10
157.8533929999999827
20
-83.01488599999999
11
157.9418859999999825
21
-82.9263929999999903
0
LINE
8
BLACK
6
CONTINUOUS
10
157.9418859999999825
20
-82.9263929999999903
11
158.0533929999999998
21
-82.8695769999999925
0
LINE
8
BLACK
6
CONTINUOUS
10
158.0533929999999998
20
-82.8695769999999925
11
158.1769999999999925
21
-82.8499999999999943
0
LINE
8
BLACK
6
CONTINUOUS
10
158.1769999999999925
20
-82.8499999999999943
11
158.3006069999999852
21
-82.8695769999999925
0
LINE
8
BLACK
6
CONTINUOUS
10
168.0331070000000011
20
-82.7100769999999983
11
168.14461399999999
21
-82.7668929999999961
0
LINE
8
BLACK
6
CONTINUOUS
10
168.14461399999999
20
-82.7668929999999961
11
168.2331069999999897
21
-82.8553859999999958
0
LINE
8
BLACK
6
CONTINUOUS
10
168.2331069999999897
20
-82.8553859999999958
11
168.2899229999999875
21
-82.9668929999999989
0
LINE
8
BLACK
6
CONTINUOUS
10
168.2899229999999875
20
-82.9668929999999989
11
168.3094999999999857
21
-83.0904999999999916
0
LINE
8
BLACK
6
CONTINUOUS
10
168.3094999999999857
20
-83.0904999999999916
11
168.2899229999999875
21
-83.2141069999999985
0
LINE
8
BLACK
6
CONTINUOUS
10
168.2899229999999875
20
-83.2141069999999985
11
168.2331069999999897
21
-83.3256140000000016
0
LINE
8
BLACK
6
CONTINUOUS
10
168.2331069999999897
20
-83.3256140000000016
11
168.14461399999999
21
-83.4141070000000013
0
LINE
8
BLACK
6
CONTINUOUS
10
168.14461399999999
20
-83.4141070000000013
11
168.0331070000000011
21
-83.4709229999999991
0
LINE
8
BLACK
6
CONTINUOUS
10
168.0331070000000011
20
-83.4709229999999991
11
167.90949999999998
21
-83.4904999999999973
0
LINE
8
BLACK
6
CONTINUOUS
10
167.90949999999998
20
-83.4904999999999973
11
167.7858929999999873
21
-83.4709229999999991
0
LINE
8
BLACK
6
CONTINUOUS
10
167.7858929999999873
20
-83.4709229999999991
11
167.6743859999999984
21
-83.4141070000000013
0
LINE
8
BLACK
6
CONTINUOUS
10
167.6743859999999984
20
-83.4141070000000013
11
167.5858929999999987
21
-83.3256140000000016
0
LINE
8
BLACK
6
CONTINUOUS
10
167.5858929999999987
20
-83.3256140000000016
11
167.5290770000000009
21
-83.2141069999999985
0
LINE
8
BLACK
6
CONTINUOUS
10
167.5290770000000009
20
-83.2141069999999985
11
167.5095000000000027
21
-83.0904999999999916
0
LINE
8
BLACK
6
CONTINUOUS
10
167.5095000000000027
20
-83.0904999999999916
11
167.5290770000000009
21
-82.9668929999999989
0
LINE
8
BLACK
6
CONTINUOUS
10
167.5290770000000009
20
-82.9668929999999989
11
167.5858929999999987
21
-82.8553859999999958
0
LINE
8
BLACK
6
CONTINUOUS
10
167.5858929999999987
20
-82.8553859999999958
11
167.6743859999999984
21
-82.7668929999999961
0
LINE
8
BLACK
6
CONTINUOUS
10
167.6743859999999984
20
-82.7668929999999961
11
167.7858929999999873
21
-82.7100769999999983
0
LINE
8
BLACK
6
CONTINUOUS
10
167.7858929999999873
20
-82.7100769999999983
11
167.90949999999998
21
-82.6905000000000001
0
LINE
8
BLACK
6
CONTINUOUS
10
167.90949999999998
20
-82.6905000000000001
11
168.0331070000000011
21
-82.7100769999999983
0
LINE
8
BLACK
6
CONTINUOUS
10
163.5386479999999949
20
-82.0765359999999902
11
163.6501549999999838
21
-82.1333520000000021
0
LINE
8
BLACK
6
CONTINUOUS
10
163.6501549999999838
20
-82.1333520000000021
11
163.7386479999999835
21
-82.2218450000000018
0
LINE
8
BLACK
6
CONTINUOUS
10
163.7386479999999835
20
-82.2218450000000018
11
163.7954639999999813
21
-82.3333519999999908
0
LINE
8
BLACK
6
CONTINUOUS
10
163.7954639999999813
20
-82.3333519999999908
11
163.8150409999999795
21
-82.4569589999999977
0
LINE
8
BLACK
6
CONTINUOUS
10
163.8150409999999795
20
-82.4569589999999977
11
163.7954639999999813
21
-82.5805659999999904
0
LINE
8
BLACK
6
CONTINUOUS
10
163.7954639999999813
20
-82.5805659999999904
11
163.7386479999999835
21
-82.6920729999999935
0
LINE
8
BLACK
6
CONTINUOUS
10
163.7386479999999835
20
-82.6920729999999935
11
163.6501549999999838
21
-82.7805659999999932
0
LINE
8
BLACK
6
CONTINUOUS
10
163.6501549999999838
20
-82.7805659999999932
11
163.5386479999999949
21
-82.837381999999991
0
LINE
8
BLACK
6
CONTINUOUS
10
163.5386479999999949
20
-82.837381999999991
11
163.4150410000000022
21
-82.8569589999999891
0
LINE
8
BLACK
6
CONTINUOUS
10
163.4150410000000022
20
-82.8569589999999891
11
163.2914339999999811
21
-82.837381999999991
0
LINE
8
BLACK
6
CONTINUOUS
10
163.2914339999999811
20
-82.837381999999991
11
163.1799269999999922
21
-82.7805659999999932
0
LINE
8
BLACK
6
CONTINUOUS
10
163.1799269999999922
20
-82.7805659999999932
11
163.0914339999999925
21
-82.6920729999999935
0
LINE
8
BLACK
6
CONTINUOUS
10
163.0914339999999925
20
-82.6920729999999935
11
163.0346179999999947
21
-82.5805659999999904
0
LINE
8
BLACK
6
CONTINUOUS
10
163.0346179999999947
20
-82.5805659999999904
11
163.0150409999999965
21
-82.4569589999999977
0
LINE
8
BLACK
6
CONTINUOUS
10
163.0150409999999965
20
-82.4569589999999977
11
163.0346179999999947
21
-82.3333519999999908
0
LINE
8
BLACK
6
CONTINUOUS
10
163.0346179999999947
20
-82.3333519999999908
11
163.0914339999999925
21
-82.2218450000000018
0
LINE
8
BLACK
6
CONTINUOUS
10
163.0914339999999925
20
-82.2218450000000018
11
163.1799269999999922
21
-82.1333520000000021
0
LINE
8
BLACK
6
CONTINUOUS
10
163.1799269999999922
20
-82.1333520000000021
11
163.2914339999999811
21
-82.0765359999999902
0
LINE
8
BLACK
6
CONTINUOUS
10
163.2914339999999811
20
-82.0765359999999902
11
163.4150410000000022
21
-82.056958999999992
0
LINE
8
BLACK
6
CONTINUOUS
10
163.4150410000000022
20
-82.056958999999992
11
163.5386479999999949
21
-82.0765359999999902
0
LINE
8
BLACK
6
CONTINUOUS
10
154.8096069999999997
20
-80.645577000000003
11
154.9211139999999887
21
-80.7023930000000007
0
LINE
8
BLACK
6
CONTINUOUS
10
154.9211139999999887
20
-80.7023930000000007
11
155.0096069999999884
21
-80.7908860000000004
0
LINE
8
BLACK
6
CONTINUOUS
10
155.0096069999999884
20
-80.7908860000000004
11
155.0664229999999861
21
-80.9023929999999893
0
LINE
8
BLACK
6
CONTINUOUS
10
155.0664229999999861
20
-80.9023929999999893
11
155.0859999999999843
21
-81.0259999999999962
0
LINE
8
BLACK
6
CONTINUOUS
10
155.0859999999999843
20
-81.0259999999999962
11
155.0664229999999861
21
-81.1496070000000032
0
LINE
8
BLACK
6
CONTINUOUS
10
155.0664229999999861
20
-81.1496070000000032
11
155.0096069999999884
21
-81.2611139999999921
0
LINE
8
BLACK
6
CONTINUOUS
10
155.0096069999999884
20
-81.2611139999999921
11
154.9211139999999887
21
-81.3496069999999918
0
LINE
8
BLACK
6
CONTINUOUS
10
154.9211139999999887
20
-81.3496069999999918
11
154.8096069999999997
21
-81.4064229999999895
0
LINE
8
BLACK
6
CONTINUOUS
10
154.8096069999999997
20
-81.4064229999999895
11
154.686000000000007
21
-81.4260000000000019
0
LINE
8
BLACK
6
CONTINUOUS
10
154.686000000000007
20
-81.4260000000000019
11
154.5623929999999859
21
-81.4064229999999895
0
LINE
8
BLACK
6
CONTINUOUS
10
154.5623929999999859
20
-81.4064229999999895
11
154.450885999999997
21
-81.3496069999999918
0
LINE
8
BLACK
6
CONTINUOUS
10
154.450885999999997
20
-81.3496069999999918
11
154.3623929999999973
21
-81.2611139999999921
0
LINE
8
BLACK
6
CONTINUOUS
10
154.3623929999999973
20
-81.2611139999999921
11
154.3055769999999995
21
-81.1496070000000032
0
LINE
8
BLACK
6
CONTINUOUS
10
154.3055769999999995
20
-81.1496070000000032
11
154.2860000000000014
21
-81.0259999999999962
0
LINE
8
BLACK
6
CONTINUOUS
10
154.2860000000000014
20
-81.0259999999999962
11
154.3055769999999995
21
-80.9023929999999893
0
LINE
8
BLACK
6
CONTINUOUS
10
154.3055769999999995
20
-80.9023929999999893
11
154.3623929999999973
21
-80.7908860000000004
0
LINE
8
BLACK
6
CONTINUOUS
10
154.3623929999999973
20
-80.7908860000000004
11
154.450885999999997
21
-80.7023930000000007
0
LINE
8
BLACK
6
CONTINUOUS
10
154.450885999999997
20
-80.7023930000000007
11
154.5623929999999859
21
-80.645577000000003
0
LINE
8
BLACK
6
CONTINUOUS
10
154.5623929999999859
20
-80.645577000000003
11
154.686000000000007
21
-80.6259999999999906
0
LINE
8
BLACK
6
CONTINUOUS
10
154.686000000000007
20
-80.6259999999999906
11
154.8096069999999997
21
-80.645577000000003
0
LINE
8
BLACK
6
CONTINUOUS
10
155.8256069999999909
20
-78.8675769999999972
11
155.9371139999999798
21
-78.9243929999999949
0
LINE
8
BLACK
6
CONTINUOUS
10
155.9371139999999798
20
-78.9243929999999949
11
156.0256069999999795
21
-79.0128859999999946
0
LINE
8
BLACK
6
CONTINUOUS
10
156.0256069999999795
20
-79.0128859999999946
11
156.0824230000000057
21
-79.1243929999999978
0
LINE
8
BLACK
6
CONTINUOUS
10
156.0824230000000057
20
-79.1243929999999978
11
156.1020000000000039
21
-79.2479999999999905
0
LINE
8
BLACK
6
CONTINUOUS
10
156.1020000000000039
20
-79.2479999999999905
11
156.0824230000000057
21
-79.3716069999999974
0
LINE
8
BLACK
6
CONTINUOUS
10
156.0824230000000057
20
-79.3716069999999974
11
156.0256069999999795
21
-79.4831140000000005
0
LINE
8
BLACK
6
CONTINUOUS
10
156.0256069999999795
20
-79.4831140000000005
11
155.9371139999999798
21
-79.5716070000000002
0
LINE
8
BLACK
6
CONTINUOUS
10
155.9371139999999798
20
-79.5716070000000002
11
155.8256069999999909
21
-79.628422999999998
0
LINE
8
BLACK
6
CONTINUOUS
10
155.8256069999999909
20
-79.628422999999998
11
155.7019999999999982
21
-79.6479999999999961
0
LINE
8
BLACK
6
CONTINUOUS
10
155.7019999999999982
20
-79.6479999999999961
11
155.5783930000000055
21
-79.628422999999998
0
LINE
8
BLACK
6
CONTINUOUS
10
155.5783930000000055
20
-79.628422999999998
11
155.4668859999999881
21
-79.5716070000000002
0
LINE
8
BLACK
6
CONTINUOUS
10
155.4668859999999881
20
-79.5716070000000002
11
155.3783929999999884
21
-79.4831140000000005
0
LINE
8
BLACK
6
CONTINUOUS
10
155.3783929999999884
20
-79.4831140000000005
11
155.3215769999999907
21
-79.3716069999999974
0
LINE
8
BLACK
6
CONTINUOUS
10
155.3215769999999907
20
-79.3716069999999974
11
155.3019999999999925
21
-79.2479999999999905
0
LINE
8
BLACK
6
CONTINUOUS
10
155.3019999999999925
20
-79.2479999999999905
11
155.3215769999999907
21
-79.1243929999999978
0
LINE
8
BLACK
6
CONTINUOUS
10
155.3215769999999907
20
-79.1243929999999978
11
155.3783929999999884
21
-79.0128859999999946
0
LINE
8
BLACK
6
CONTINUOUS
10
155.3783929999999884
20
-79.0128859999999946
11
155.4668859999999881
21
-78.9243929999999949
0
LINE
8
BLACK
6
CONTINUOUS
10
155.4668859999999881
20
-78.9243929999999949
11
155.5783930000000055
21
-78.8675769999999972
0
LINE
8
BLACK
6
CONTINUOUS
10
155.5783930000000055
20
-78.8675769999999972
11
155.7019999999999982
21
-78.847999999999999
0
LINE
8
BLACK
6
CONTINUOUS
10
155.7019999999999982
20
-78.847999999999999
11
155.8256069999999909
21
-78.8675769999999972
0
LINE
8
BLACK
6
CONTINUOUS
10
126.3736069999999927
20
-78.6195769999999925
11
126.4851139999999958
21
-78.6763929999999903
0
LINE
8
BLACK
6
CONTINUOUS
10
126.4851139999999958
20
-78.6763929999999903
11
126.5736069999999955
21
-78.76488599999999
0
LINE
8
BLACK
6
CONTINUOUS
10
126.5736069999999955
20
-78.76488599999999
11
126.6304229999999933
21
-78.8763929999999931
0
LINE
8
BLACK
6
CONTINUOUS
10
126.6304229999999933
20
-78.8763929999999931
11
126.6499999999999915
21
-79.
0
LINE
8
BLACK
6
CONTINUOUS
10
126.6499999999999915
20
-79.
11
126.6304229999999933
21
-79.1236069999999927
0
LINE
8
BLACK
6
CONTINUOUS
10
126.6304229999999933
20
-79.1236069999999927
11
126.5736069999999955
21
-79.2351139999999958
0
LINE
8
BLACK
6
CONTINUOUS
10
126.5736069999999955
20
-79.2351139999999958
11
126.4851139999999958
21
-79.3236069999999955
0
LINE
8
BLACK
6
CONTINUOUS
10
126.4851139999999958
20
-79.3236069999999955
11
126.3736069999999927
21
-79.3804229999999933
0
LINE
8
BLACK
6
CONTINUOUS
10
126.3736069999999927
20
-79.3804229999999933
11
126.25
21
-79.3999999999999915
0
LINE
8
BLACK
6
CONTINUOUS
10
126.25
20
-79.3999999999999915
11
126.1263929999999931
21
-79.3804229999999933
0
LINE
8
BLACK
6
CONTINUOUS
10
126.1263929999999931
20
-79.3804229999999933
11
126.01488599999999
21
-79.3236069999999955
0
LINE
8
BLACK
6
CONTINUOUS
10
126.01488599999999
20
-79.3236069999999955
11
125.9263929999999903
21
-79.2351139999999958
0
LINE
8
BLACK
6
CONTINUOUS
10
125.9263929999999903
20
-79.2351139999999958
11
125.8695769999999925
21
-79.1236069999999927
0
LINE
8
BLACK
6
CONTINUOUS
10
125.8695769999999925
20
-79.1236069999999927
11
125.8499999999999943
21
-79.
0
LINE
8
BLACK
6
CONTINUOUS
10
125.8499999999999943
20
-79.
11
125.8695769999999925
21
-78.8763929999999931
0
LINE
8
BLACK
6
CONTINUOUS
10
125.8695769999999925
20
-78.8763929999999931
11
125.9263929999999903
21
-78.76488599999999
0
LINE
8
BLACK
6
CONTINUOUS
10
125.9263929999999903
20
-78.76488599999999
11
126.01488599999999
21
-78.6763929999999903
0
LINE
8
BLACK
6
CONTINUOUS
10
126.01488599999999
20
-78.6763929999999903
11
126.1263929999999931
21
-78.6195769999999925
0
LINE
8
BLACK
6
CONTINUOUS
10
126.1263929999999931
20
-78.6195769999999925
11
126.25
21
-78.5999999999999943
0
LINE
8
BLACK
6
CONTINUOUS
10
126.25
20
-78.5999999999999943
11
126.3736069999999927
21
-78.6195769999999925
0
LINE
8
BLACK
6
CONTINUOUS
10
172.9315579999999954
20
-78.3267840000000035
11
173.0430649999999844
21
-78.3836000000000013
0
LINE
8
BLACK
6
CONTINUOUS
10
173.0430649999999844
20
-78.3836000000000013
11
173.1315579999999841
21
-78.472093000000001
0
LINE
8
BLACK
6
CONTINUOUS
10
173.1315579999999841
20
-78.472093000000001
11
173.1883739999999818
21
-78.5835999999999899
0
LINE
8
BLACK
6
CONTINUOUS
10
173.1883739999999818
20
-78.5835999999999899
11
173.20795099999998
21
-78.7072069999999968
0
LINE
8
BLACK
6
CONTINUOUS
10
173.20795099999998
20
-78.7072069999999968
11
173.1883739999999818
21
-78.8308139999999895
0
LINE
8
BLACK
6
CONTINUOUS
10
173.1883739999999818
20
-78.8308139999999895
11
173.1315579999999841
21
-78.9423209999999926
0
LINE
8
BLACK
6
CONTINUOUS
10
173.1315579999999841
20
-78.9423209999999926
11
173.0430649999999844
21
-79.0308139999999923
0
LINE
8
BLACK
6
CONTINUOUS
10
173.0430649999999844
20
-79.0308139999999923
11
172.9315579999999954
21
-79.0876299999999901
0
LINE
8
BLACK
6
CONTINUOUS
10
172.9315579999999954
20
-79.0876299999999901
11
172.8079510000000028
21
-79.1072070000000025
0
LINE
8
BLACK
6
CONTINUOUS
10
172.8079510000000028
20
-79.1072070000000025
11
172.6843439999999816
21
-79.0876299999999901
0
LINE
8
BLACK
6
CONTINUOUS
10
172.6843439999999816
20
-79.0876299999999901
11
172.5728369999999927
21
-79.0308139999999923
0
LINE
8
BLACK
6
CONTINUOUS
10
172.5728369999999927
20
-79.0308139999999923
11
172.484343999999993
21
-78.9423209999999926
0
LINE
8
BLACK
6
CONTINUOUS
10
172.484343999999993
20
-78.9423209999999926
11
172.4275279999999952
21
-78.8308139999999895
0
LINE
8
BLACK
6
CONTINUOUS
10
172.4275279999999952
20
-78.8308139999999895
11
172.4079509999999971
21
-78.7072069999999968
0
LINE
8
BLACK
6
CONTINUOUS
10
172.4079509999999971
20
-78.7072069999999968
11
172.4275279999999952
21
-78.5835999999999899
0
LINE
8
BLACK
6
CONTINUOUS
10
172.4275279999999952
20
-78.5835999999999899
11
172.484343999999993
21
-78.472093000000001
0
LINE
8
BLACK
6
CONTINUOUS
10
172.484343999999993
20
-78.472093000000001
11
172.5728369999999927
21
-78.3836000000000013
0
LINE
8
BLACK
6
CONTINUOUS
10
172.5728369999999927
20
-78.3836000000000013
11
172.6843439999999816
21
-78.3267840000000035
0
LINE
8
BLACK
6
CONTINUOUS
10
172.6843439999999816
20
-78.3267840000000035
11
172.8079510000000028
21
-78.3072069999999911
0
LINE
8
BLACK
6
CONTINUOUS
10
172.8079510000000028
20
-78.3072069999999911
11
172.9315579999999954
21
-78.3267840000000035
0
LINE
8
BLACK
6
CONTINUOUS
10
141.3476069999999822
20
-78.1055769999999967
11
141.4591139999999996
21
-78.1623929999999945
0
LINE
8
BLACK
6
CONTINUOUS
10
141.4591139999999996
20
-78.1623929999999945
11
141.5476069999999993
21
-78.2508859999999942
0
LINE
8
BLACK
6
CONTINUOUS
10
141.5476069999999993
20
-78.2508859999999942
11
141.604422999999997
21
-78.3623929999999973
0
LINE
8
BLACK
6
CONTINUOUS
10
141.604422999999997
20
-78.3623929999999973
11
141.6239999999999952
21
-78.48599999999999
0
LINE
8
BLACK
6
CONTINUOUS
10
141.6239999999999952
20
-78.48599999999999
11
141.604422999999997
21
-78.6096069999999969
0
LINE
8
BLACK
6
CONTINUOUS
10
141.604422999999997
20
-78.6096069999999969
11
141.5476069999999993
21
-78.721114
0
LINE
8
BLACK
6
CONTINUOUS
10
141.5476069999999993
20
-78.721114
11
141.4591139999999996
21
-78.8096069999999997
0
LINE
8
BLACK
6
CONTINUOUS
10
141.4591139999999996
20
-78.8096069999999997
11
141.3476069999999822
21
-78.8664229999999975
0
LINE
8
BLACK
6
CONTINUOUS
10
141.3476069999999822
20
-78.8664229999999975
11
141.2239999999999895
21
-78.8859999999999957
0
LINE
8
BLACK
6
CONTINUOUS
10
141.2239999999999895
20
-78.8859999999999957
11
141.1003929999999968
21
-78.8664229999999975
0
LINE
8
BLACK
6
CONTINUOUS
10
141.1003929999999968
20
-78.8664229999999975
11
140.9888859999999795
21
-78.8096069999999997
0
LINE
8
BLACK
6
CONTINUOUS
10
140.9888859999999795
20
-78.8096069999999997
11
140.9003929999999798
21
-78.721114
0
LINE
8
BLACK
6
CONTINUOUS
10
140.9003929999999798
20
-78.721114
11
140.843576999999982
21
-78.6096069999999969
0
LINE
8
BLACK
6
CONTINUOUS
10
140.843576999999982
20
-78.6096069999999969
11
140.8239999999999839
21
-78.48599999999999
0
LINE
8
BLACK
6
CONTINUOUS
10
140.8239999999999839
20
-78.48599999999999
11
140.843576999999982
21
-78.3623929999999973
0
LINE
8
BLACK
6
CONTINUOUS
10
140.843576999999982
20
-78.3623929999999973
11
140.9003929999999798
21
-78.2508859999999942
0
LINE
8
BLACK
6
CONTINUOUS
10
140.9003929999999798
20
-78.2508859999999942
11
140.9888859999999795
21
-78.1623929999999945
0
LINE
8
BLACK
6
CONTINUOUS
10
140.9888859999999795
20
-78.1623929999999945
11
141.1003929999999968
21
-78.1055769999999967
0
LINE
8
BLACK
6
CONTINUOUS
10
141.1003929999999968
20
-78.1055769999999967
11
141.2239999999999895
21
-78.0859999999999985
0
LINE
8
BLACK
6
CONTINUOUS
10
141.2239999999999895
20
-78.0859999999999985
11
141.3476069999999822
21
-78.1055769999999967
0
LINE
8
BLACK
6
CONTINUOUS
10
125.9686069999999916
20
-77.6195769999999925
11
126.0801139999999947
21
-77.6763929999999903
0
LINE
8
BLACK
6
CONTINUOUS
10
126.0801139999999947
20
-77.6763929999999903
11
126.1686069999999944
21
-77.76488599999999
0
LINE
8
BLACK
6
CONTINUOUS
10
126.1686069999999944
20
-77.76488599999999
11
126.2254229999999922
21
-77.8763929999999931
0
LINE
8
BLACK
6
CONTINUOUS
10
126.2254229999999922
20
-77.8763929999999931
11
126.2449999999999903
21
-78.
0
LINE
8
BLACK
6
CONTINUOUS
10
126.2449999999999903
20
-78.
11
126.2254229999999922
21
-78.1236069999999927
0
LINE
8
BLACK
6
CONTINUOUS
10
126.2254229999999922
20
-78.1236069999999927
11
126.1686069999999944
21
-78.2351139999999958
0
LINE
8
BLACK
6
CONTINUOUS
10
126.1686069999999944
20
-78.2351139999999958
11
126.0801139999999947
21
-78.3236069999999955
0
LINE
8
BLACK
6
CONTINUOUS
10
126.0801139999999947
20
-78.3236069999999955
11
125.9686069999999916
21
-78.3804229999999933
0
LINE
8
BLACK
6
CONTINUOUS
10
125.9686069999999916
20
-78.3804229999999933
11
125.8449999999999989
21
-78.3999999999999915
0
LINE
8
BLACK
6
CONTINUOUS
10
125.8449999999999989
20
-78.3999999999999915
11
125.721392999999992
21
-78.3804229999999933
0
LINE
8
BLACK
6
CONTINUOUS
10
125.721392999999992
20
-78.3804229999999933
11
125.6098859999999888
21
-78.3236069999999955
0
LINE
8
BLACK
6
CONTINUOUS
10
125.6098859999999888
20
-78.3236069999999955
11
125.5213929999999891
21
-78.2351139999999958
0
LINE
8
BLACK
6
CONTINUOUS
10
125.5213929999999891
20
-78.2351139999999958
11
125.4645769999999914
21
-78.1236069999999927
0
LINE
8
BLACK
6
CONTINUOUS
10
125.4645769999999914
20
-78.1236069999999927
11
125.4449999999999932
21
-78.
0
LINE
8
BLACK
6
CONTINUOUS
10
125.4449999999999932
20
-78.
11
125.4645769999999914
21
-77.8763929999999931
0
LINE
8
BLACK
6
CONTINUOUS
10
125.4645769999999914
20
-77.8763929999999931
11
125.5213929999999891
21
-77.76488599999999
0
LINE
8
BLACK
6
CONTINUOUS
10
125.5213929999999891
20
-77.76488599999999
11
125.6098859999999888
21
-77.6763929999999903
0
LINE
8
BLACK
6
CONTINUOUS
10
125.6098859999999888
20
-77.6763929999999903
11
125.721392999999992
21
-77.6195769999999925
0
LINE
8
BLACK
6
CONTINUOUS
10
125.721392999999992
20
-77.6195769999999925
11
125.8449999999999989
21
-77.5999999999999943
0
LINE
8
BLACK
6
CONTINUOUS
10
125.8449999999999989
20
-77.5999999999999943
11
125.9686069999999916
21
-77.6195769999999925
0
LINE
8
BLACK
6
CONTINUOUS
10
169.6236069999999927
20
-65.6195769999999925
11
169.7351139999999816
21
-65.6763929999999903
0
LINE
8
BLACK
6
CONTINUOUS
10
169.7351139999999816
20
-65.6763929999999903
11
169.8236069999999813
21
-65.76488599999999
0
LINE
8
BLACK
6
CONTINUOUS
10
169.8236069999999813
20
-65.76488599999999
11
169.8804229999999791
21
-65.8763929999999931
0
LINE
8
BLACK
6
CONTINUOUS
10
169.8804229999999791
20
-65.8763929999999931
11
169.9000000000000057
21
-66.
0
LINE
8
BLACK
6
CONTINUOUS
10
169.9000000000000057
20
-66.
11
169.8804229999999791
21
-66.1236069999999927
0
LINE
8
BLACK
6
CONTINUOUS
10
169.8804229999999791
20
-66.1236069999999927
11
169.8236069999999813
21
-66.2351139999999958
0
LINE
8
BLACK
6
CONTINUOUS
10
169.8236069999999813
20
-66.2351139999999958
11
169.7351139999999816
21
-66.3236069999999955
0
LINE
8
BLACK
6
CONTINUOUS
10
169.7351139999999816
20
-66.3236069999999955
11
169.6236069999999927
21
-66.3804229999999933
0
LINE
8
BLACK
6
CONTINUOUS
10
169.6236069999999927
20
-66.3804229999999933
11
169.5
21
-66.3999999999999915
0
LINE
8
BLACK
6
CONTINUOUS
10
169.5
20
-66.3999999999999915
11
169.4599039999999945
21
-66.3936489999999964
0
LINE
8
BLACK
6
CONTINUOUS
10
169.4599039999999945
20
-66.3936489999999964
11
157.5717769999999973
21
-78.2817769999999911
0
LINE
8
BLACK
6
CONTINUOUS
10
157.5717769999999973
20
-78.2817769999999911
11
157.5338969999999961
21
-78.3128619999999955
0
LINE
8
BLACK
6
CONTINUOUS
10
157.5338969999999961
20
-78.3128619999999955
11
157.5338930000000062
21
-78.3128669999999971
0
LINE
8
BLACK
6
CONTINUOUS
10
157.5338930000000062
20
-78.3128669999999971
11
157.4437729999999931
21
-78.3501959999999968
0
LINE
8
BLACK
6
CONTINUOUS
10
157.4437729999999931
20
-78.3501959999999968
11
157.3949999999999818
21
-78.3549999999999898
0
LINE
8
BLACK
6
CONTINUOUS
10
157.3949999999999818
20
-78.3549999999999898
11
144.6529999999999916
21
-78.3549999999999898
0
LINE
8
BLACK
6
CONTINUOUS
10
144.6529999999999916
20
-78.3549999999999898
11
144.6042269999999803
21
-78.3501959999999968
0
LINE
8
BLACK
6
CONTINUOUS
10
144.6042269999999803
20
-78.3501959999999968
11
144.5141069999999957
21
-78.3128669999999971
0
LINE
8
BLACK
6
CONTINUOUS
10
144.5141069999999957
20
-78.3128669999999971
11
144.5141019999999799
21
-78.3128619999999955
0
LINE
8
BLACK
6
CONTINUOUS
10
144.5141019999999799
20
-78.3128619999999955
11
144.4762230000000045
21
-78.2817769999999911
0
LINE
8
BLACK
6
CONTINUOUS
10
144.4762230000000045
20
-78.2817769999999911
11
138.9012929999999812
21
-72.7068469999999962
0
LINE
8
BLACK
6
CONTINUOUS
10
138.9012929999999812
20
-72.7068469999999962
11
138.8924399999999935
21
-72.7082499999999925
0
LINE
8
BLACK
6
CONTINUOUS
10
138.8924399999999935
20
-72.7082499999999925
11
138.7688330000000008
21
-72.6886729999999943
0
LINE
8
BLACK
6
CONTINUOUS
10
138.7688330000000008
20
-72.6886729999999943
11
138.6573259999999834
21
-72.6318569999999966
0
LINE
8
BLACK
6
CONTINUOUS
10
138.6573259999999834
20
-72.6318569999999966
11
138.5688329999999837
21
-72.5433639999999968
0
LINE
8
BLACK
6
CONTINUOUS
10
138.5688329999999837
20
-72.5433639999999968
11
138.512016999999986
21
-72.4318569999999937
0
LINE
8
BLACK
6
CONTINUOUS
10
138.512016999999986
20
-72.4318569999999937
11
138.4924399999999878
21
-72.308250000000001
0
LINE
8
BLACK
6
CONTINUOUS
10
138.4924399999999878
20
-72.308250000000001
11
138.512016999999986
21
-72.1846429999999941
0
LINE
8
BLACK
6
CONTINUOUS
10
138.512016999999986
20
-72.1846429999999941
11
138.5688329999999837
21
-72.073135999999991
0
LINE
8
BLACK
6
CONTINUOUS
10
138.5688329999999837
20
-72.073135999999991
11
138.6573259999999834
21
-71.9846429999999913
0
LINE
8
BLACK
6
CONTINUOUS
10
138.6573259999999834
20
-71.9846429999999913
11
138.7688330000000008
21
-71.9278269999999935
0
LINE
8
BLACK
6
CONTINUOUS
10
138.7688330000000008
20
-71.9278269999999935
11
138.8924399999999935
21
-71.9082499999999953
0
LINE
8
BLACK
6
CONTINUOUS
10
138.8924399999999935
20
-71.9082499999999953
11
139.0160469999999862
21
-71.9278269999999935
0
LINE
8
BLACK
6
CONTINUOUS
10
139.0160469999999862
20
-71.9278269999999935
11
139.1275540000000035
21
-71.9846429999999913
0
LINE
8
BLACK
6
CONTINUOUS
10
139.1275540000000035
20
-71.9846429999999913
11
139.2160470000000032
21
-72.073135999999991
0
LINE
8
BLACK
6
CONTINUOUS
10
139.2160470000000032
20
-72.073135999999991
11
139.272863000000001
21
-72.1846429999999941
0
LINE
8
BLACK
6
CONTINUOUS
10
139.272863000000001
20
-72.1846429999999941
11
139.2924399999999991
21
-72.308250000000001
0
LINE
8
BLACK
6
CONTINUOUS
10
139.2924399999999991
20
-72.308250000000001
11
139.281140999999991
21
-72.3795870000000008
0
LINE
8
BLACK
6
CONTINUOUS
10
139.281140999999991
20
-72.3795870000000008
11
144.7565539999999942
21
-77.8549999999999898
0
LINE
8
BLACK
6
CONTINUOUS
10
144.7565539999999942
20
-77.8549999999999898
11
157.2914459999999792
21
-77.8549999999999898
0
LINE
8
BLACK
6
CONTINUOUS
10
157.2914459999999792
20
-77.8549999999999898
11
169.106349999999992
21
-66.0400949999999938
0
LINE
8
BLACK
6
CONTINUOUS
10
169.106349999999992
20
-66.0400949999999938
11
169.0999999999999943
21
-66.
0
LINE
8
BLACK
6
CONTINUOUS
10
169.0999999999999943
20
-66.
11
169.1195769999999925
21
-65.8763929999999931
0
LINE
8
BLACK
6
CONTINUOUS
10
169.1195769999999925
20
-65.8763929999999931
11
169.1763929999999903
21
-65.76488599999999
0
LINE
8
BLACK
6
CONTINUOUS
10
169.1763929999999903
20
-65.76488599999999
11
169.26488599999999
21
-65.6763929999999903
0
LINE
8
BLACK
6
CONTINUOUS
10
169.26488599999999
20
-65.6763929999999903
11
169.3763929999999789
21
-65.6195769999999925
0
LINE
8
BLACK
6
CONTINUOUS
10
169.3763929999999789
20
-65.6195769999999925
11
169.5
21
-65.5999999999999943
0
LINE
8
BLACK
6
CONTINUOUS
10
169.5
20
-65.5999999999999943
11
169.6236069999999927
21
-65.6195769999999925
0
LINE
8
BLACK
6
CONTINUOUS
10
120.3497079999999926
20
-77.396183999999991
11
120.4694299999999885
21
-77.473124999999996
0
LINE
8
BLACK
6
CONTINUOUS
10
120.4694299999999885
20
-77.473124999999996
11
120.562626999999992
21
-77.580680000000001
0
LINE
8
BLACK
6
CONTINUOUS
10
120.562626999999992
20
-77.580680000000001
11
120.6217459999999875
21
-77.7101339999999965
0
LINE
8
BLACK
6
CONTINUOUS
10
120.6217459999999875
20
-77.7101339999999965
11
120.6419999999999959
21
-77.8509999999999991
0
LINE
8
BLACK
6
CONTINUOUS
10
120.6419999999999959
20
-77.8509999999999991
11
120.6217459999999875
21
-77.9918660000000017
0
LINE
8
BLACK
6
CONTINUOUS
10
120.6217459999999875
20
-77.9918660000000017
11
120.562626999999992
21
-78.1213199999999972
0
LINE
8
BLACK
6
CONTINUOUS
10
120.562626999999992
20
-78.1213199999999972
11
120.4694299999999885
21
-78.2288750000000022
0
LINE
8
BLACK
6
CONTINUOUS
10
120.4694299999999885
20
-78.2288750000000022
11
120.3497079999999926
21
-78.305815999999993
0
LINE
8
BLACK
6
CONTINUOUS
10
120.3497079999999926
20
-78.305815999999993
11
120.2131569999999954
21
-78.345911000000001
0
LINE
8
BLACK
6
CONTINUOUS
10
120.2131569999999954
20
-78.345911000000001
11
120.0708429999999964
21
-78.345911000000001
0
LINE
8
BLACK
6
CONTINUOUS
10
120.0708429999999964
20
-78.345911000000001
11
119.9342919999999992
21
-78.305815999999993
0
LINE
8
BLACK
6
CONTINUOUS
10
119.9342919999999992
20
-78.305815999999993
11
119.8145699999999891
21
-78.2288750000000022
0
LINE
8
BLACK
6
CONTINUOUS
10
119.8145699999999891
20
-78.2288750000000022
11
119.7213729999999998
21
-78.1213199999999972
0
LINE
8
BLACK
6
CONTINUOUS
10
119.7213729999999998
20
-78.1213199999999972
11
119.6622539999999901
21
-77.9918660000000017
0
LINE
8
BLACK
6
CONTINUOUS
10
119.6622539999999901
20
-77.9918660000000017
11
119.6419999999999959
21
-77.8509999999999991
0
LINE
8
BLACK
6
CONTINUOUS
10
119.6419999999999959
20
-77.8509999999999991
11
119.6622539999999901
21
-77.7101339999999965
0
LINE
8
BLACK
6
CONTINUOUS
10
119.6622539999999901
20
-77.7101339999999965
11
119.7213729999999998
21
-77.580680000000001
0
LINE
8
BLACK
6
CONTINUOUS
10
119.7213729999999998
20
-77.580680000000001
11
119.8145699999999891
21
-77.473124999999996
0
LINE
8
BLACK
6
CONTINUOUS
10
119.8145699999999891
20
-77.473124999999996
11
119.9342919999999992
21
-77.396183999999991
0
LINE
8
BLACK
6
CONTINUOUS
10
119.9342919999999992
20
-77.396183999999991
11
120.0708429999999964
21
-77.3560889999999972
0
LINE
8
BLACK
6
CONTINUOUS
10
120.0708429999999964
20
-77.3560889999999972
11
120.2131569999999954
21
-77.3560889999999972
0
LINE
8
BLACK
6
CONTINUOUS
10
120.2131569999999954
20
-77.3560889999999972
11
120.3497079999999926
21
-77.396183999999991
0
LINE
8
BLACK
6
CONTINUOUS
10
179.1037079999999833
20
-77.396183999999991
11
179.2234299999999791
21
-77.473124999999996
0
LINE
8
BLACK
6
CONTINUOUS
10
179.2234299999999791
20
-77.473124999999996
11
179.3166269999999827
21
-77.580680000000001
0
LINE
8
BLACK
6
CONTINUOUS
10
179.3166269999999827
20
-77.580680000000001
11
179.3757459999999924
21
-77.7101339999999965
0
LINE
8
BLACK
6
CONTINUOUS
10
179.3757459999999924
20
-77.7101339999999965
11
179.3959999999999866
21
-77.8509999999999991
0
LINE
8
BLACK
6
CONTINUOUS
10
179.3959999999999866
20
-77.8509999999999991
11
179.3757459999999924
21
-77.9918660000000017
0
LINE
8
BLACK
6
CONTINUOUS
10
179.3757459999999924
20
-77.9918660000000017
11
179.3166269999999827
21
-78.1213199999999972
0
LINE
8
BLACK
6
CONTINUOUS
10
179.3166269999999827
20
-78.1213199999999972
11
179.2234299999999791
21
-78.2288750000000022
0
LINE
8
BLACK
6
CONTINUOUS
10
179.2234299999999791
20
-78.2288750000000022
11
179.1037079999999833
21
-78.305815999999993
0
LINE
8
BLACK
6
CONTINUOUS
10
179.1037079999999833
20
-78.305815999999993
11
178.9671569999999861
21
-78.345911000000001
0
LINE
8
BLACK
6
CONTINUOUS
10
178.9671569999999861
20
-78.345911000000001
11
178.8248429999999871
21
-78.345911000000001
0
LINE
8
BLACK
6
CONTINUOUS
10
178.8248429999999871
20
-78.345911000000001
11
178.6882919999999899
21
-78.305815999999993
0
LINE
8
BLACK
6
CONTINUOUS
10
178.6882919999999899
20
-78.305815999999993
11
178.568569999999994
21
-78.2288750000000022
0
LINE
8
BLACK
6
CONTINUOUS
10
178.568569999999994
20
-78.2288750000000022
11
178.4753729999999905
21
-78.1213199999999972
0
LINE
8
BLACK
6
CONTINUOUS
10
178.4753729999999905
20
-78.1213199999999972
11
178.4162539999999808
21
-77.9918660000000017
0
LINE
8
BLACK
6
CONTINUOUS
10
178.4162539999999808
20
-77.9918660000000017
11
178.3959999999999866
21
-77.8509999999999991
0
LINE
8
BLACK
6
CONTINUOUS
10
178.3959999999999866
20
-77.8509999999999991
11
178.4162539999999808
21
-77.7101339999999965
0
LINE
8
BLACK
6
CONTINUOUS
10
178.4162539999999808
20
-77.7101339999999965
11
178.4753729999999905
21
-77.580680000000001
0
LINE
8
BLACK
6
CONTINUOUS
10
178.4753729999999905
20
-77.580680000000001
11
178.568569999999994
21
-77.473124999999996
0
LINE
8
BLACK
6
CONTINUOUS
10
178.568569999999994
20
-77.473124999999996
11
178.6882919999999899
21
-77.396183999999991
0
LINE
8
BLACK
6
CONTINUOUS
10
178.6882919999999899
20
-77.396183999999991
11
178.8248429999999871
21
-77.3560889999999972
0
LINE
8
BLACK
6
CONTINUOUS
10
178.8248429999999871
20
-77.3560889999999972
11
178.9671569999999861
21
-77.3560889999999972
0
LINE
8
BLACK
6
CONTINUOUS
10
178.9671569999999861
20
-77.3560889999999972
11
179.1037079999999833
21
-77.396183999999991
0
LINE
8
BLACK
6
CONTINUOUS
10
173.3736069999999927
20
-77.3695769999999925
11
173.4851139999999816
21
-77.4263929999999903
0
LINE
8
BLACK
6
CONTINUOUS
10
173.4851139999999816
20
-77.4263929999999903
11
173.5736069999999813
21
-77.51488599999999
0
LINE
8
BLACK
6
CONTINUOUS
10
173.5736069999999813
20
-77.51488599999999
11
173.6304229999999791
21
-77.6263929999999931
0
LINE
8
BLACK
6
CONTINUOUS
10
173.6304229999999791
20
-77.6263929999999931
11
173.6500000000000057
21
-77.75
0
LINE
8
BLACK
6
CONTINUOUS
10
173.6500000000000057
20
-77.75
11
173.6304229999999791
21
-77.8736069999999927
0
LINE
8
BLACK
6
CONTINUOUS
10
173.6304229999999791
20
-77.8736069999999927
11
173.5736069999999813
21
-77.9851139999999958
0
LINE
8
BLACK
6
CONTINUOUS
10
173.5736069999999813
20
-77.9851139999999958
11
173.4851139999999816
21
-78.0736069999999955
0
LINE
8
BLACK
6
CONTINUOUS
10
173.4851139999999816
20
-78.0736069999999955
11
173.3736069999999927
21
-78.1304229999999933
0
LINE
8
BLACK
6
CONTINUOUS
10
173.3736069999999927
20
-78.1304229999999933
11
173.25
21
-78.1499999999999915
0
LINE
8
BLACK
6
CONTINUOUS
10
173.25
20
-78.1499999999999915
11
173.1263929999999789
21
-78.1304229999999933
0
LINE
8
BLACK
6
CONTINUOUS
10
173.1263929999999789
20
-78.1304229999999933
11
173.01488599999999
21
-78.0736069999999955
0
LINE
8
BLACK
6
CONTINUOUS
10
173.01488599999999
20
-78.0736069999999955
11
172.9263929999999903
21
-77.9851139999999958
0
LINE
8
BLACK
6
CONTINUOUS
10
172.9263929999999903
20
-77.9851139999999958
11
172.8695769999999925
21
-77.8736069999999927
0
LINE
8
BLACK
6
CONTINUOUS
10
172.8695769999999925
20
-77.8736069999999927
11
172.8499999999999943
21
-77.75
0
LINE
8
BLACK
6
CONTINUOUS
10
172.8499999999999943
20
-77.75
11
172.8695769999999925
21
-77.6263929999999931
0
LINE
8
BLACK
6
CONTINUOUS
10
172.8695769999999925
20
-77.6263929999999931
11
172.9263929999999903
21
-77.51488599999999
0
LINE
8
BLACK
6
CONTINUOUS
10
172.9263929999999903
20
-77.51488599999999
11
173.01488599999999
21
-77.4263929999999903
0
LINE
8
BLACK
6
CONTINUOUS
10
173.01488599999999
20
-77.4263929999999903
11
173.1263929999999789
21
-77.3695769999999925
0
LINE
8
BLACK
6
CONTINUOUS
10
173.1263929999999789
20
-77.3695769999999925
11
173.25
21
-77.3499999999999943
0
LINE
8
BLACK
6
CONTINUOUS
10
173.25
20
-77.3499999999999943
11
173.3736069999999927
21
-77.3695769999999925
0
LINE
8
BLACK
6
CONTINUOUS
10
133.8546069999999872
20
-77.0895769999999914
11
133.9661140000000046
21
-77.1463930000000033
0
LINE
8
BLACK
6
CONTINUOUS
10
133.9661140000000046
20
-77.1463930000000033
11
134.0546070000000043
21
-77.234886000000003
0
LINE
8
BLACK
6
CONTINUOUS
10
134.0546070000000043
20
-77.234886000000003
11
134.111423000000002
21
-77.346392999999992
0
LINE
8
BLACK
6
CONTINUOUS
10
134.111423000000002
20
-77.346392999999992
11
134.1310000000000002
21
-77.4699999999999989
0
LINE
8
BLACK
6
CONTINUOUS
10
134.1310000000000002
20
-77.4699999999999989
11
134.111423000000002
21
-77.5936069999999916
0
LINE
8
BLACK
6
CONTINUOUS
10
134.111423000000002
20
-77.5936069999999916
11
134.0546070000000043
21
-77.7051139999999947
0
LINE
8
BLACK
6
CONTINUOUS
10
134.0546070000000043
20
-77.7051139999999947
11
133.9661140000000046
21
-77.7936069999999944
0
LINE
8
BLACK
6
CONTINUOUS
10
133.9661140000000046
20
-77.7936069999999944
11
133.8546069999999872
21
-77.8504229999999922
0
LINE
8
BLACK
6
CONTINUOUS
10
133.8546069999999872
20
-77.8504229999999922
11
133.7309999999999945
21
-77.8699999999999903
0
LINE
8
BLACK
6
CONTINUOUS
10
133.7309999999999945
20
-77.8699999999999903
11
133.6073930000000018
21
-77.8504229999999922
0
LINE
8
BLACK
6
CONTINUOUS
10
133.6073930000000018
20
-77.8504229999999922
11
133.4958859999999845
21
-77.7936069999999944
0
LINE
8
BLACK
6
CONTINUOUS
10
133.4958859999999845
20
-77.7936069999999944
11
133.4073929999999848
21
-77.7051139999999947
0
LINE
8
BLACK
6
CONTINUOUS
10
133.4073929999999848
20
-77.7051139999999947
11
133.350576999999987
21
-77.5936069999999916
0
LINE
8
BLACK
6
CONTINUOUS
10
133.350576999999987
20
-77.5936069999999916
11
133.3309999999999889
21
-77.4699999999999989
0
LINE
8
BLACK
6
CONTINUOUS
10
133.3309999999999889
20
-77.4699999999999989
11
133.350576999999987
21
-77.346392999999992
0
LINE
8
BLACK
6
CONTINUOUS
10
133.350576999999987
20
-77.346392999999992
11
133.4073929999999848
21
-77.234886000000003
0
LINE
8
BLACK
6
CONTINUOUS
10
133.4073929999999848
20
-77.234886000000003
11
133.4958859999999845
21
-77.1463930000000033
0
LINE
8
BLACK
6
CONTINUOUS
10
133.4958859999999845
20
-77.1463930000000033
11
133.6073930000000018
21
-77.0895769999999914
0
LINE
8
BLACK
6
CONTINUOUS
10
133.6073930000000018
20
-77.0895769999999914
11
133.7309999999999945
21
-77.0699999999999932
0
LINE
8
BLACK
6
CONTINUOUS
10
133.7309999999999945
20
-77.0699999999999932
11
133.8546069999999872
21
-77.0895769999999914
0
LINE
8
BLACK
6
CONTINUOUS
10
171.0237730000000056
20
-64.9048039999999986
11
171.1138929999999903
21
-64.9421329999999983
0
LINE
8
BLACK
6
CONTINUOUS
10
171.1138929999999903
20
-64.9421329999999983
11
171.1138969999999802
21
-64.9421370000000024
0
LINE
8
BLACK
6
CONTINUOUS
10
171.1138969999999802
20
-64.9421370000000024
11
171.1517769999999814
21
-64.9732229999999902
0
LINE
8
BLACK
6
CONTINUOUS
10
171.1517769999999814
20
-64.9732229999999902
11
173.3724029999999914
21
-67.1938499999999976
0
LINE
8
BLACK
6
CONTINUOUS
10
173.3724029999999914
20
-67.1938499999999976
11
173.4124999999999943
21
-67.1875
0
LINE
8
BLACK
6
CONTINUOUS
10
173.4124999999999943
20
-67.1875
11
173.536106999999987
21
-67.2070769999999982
0
LINE
8
BLACK
6
CONTINUOUS
10
173.536106999999987
20
-67.2070769999999982
11
173.6476140000000044
21
-67.2638929999999959
0
LINE
8
BLACK
6
CONTINUOUS
10
173.6476140000000044
20
-67.2638929999999959
11
173.7361070000000041
21
-67.3523859999999956
0
LINE
8
BLACK
6
CONTINUOUS
10
173.7361070000000041
20
-67.3523859999999956
11
173.7929230000000018
21
-67.4638929999999988
0
LINE
8
BLACK
6
CONTINUOUS
10
173.7929230000000018
20
-67.4638929999999988
11
173.8125
21
-67.5874999999999915
0
LINE
8
BLACK
6
CONTINUOUS
10
173.8125
20
-67.5874999999999915
11
173.7929230000000018
21
-67.7111069999999984
0
LINE
8
BLACK
6
CONTINUOUS
10
173.7929230000000018
20
-67.7111069999999984
11
173.7361070000000041
21
-67.8226140000000015
0
LINE
8
BLACK
6
CONTINUOUS
10
173.7361070000000041
20
-67.8226140000000015
11
173.6476140000000044
21
-67.9111070000000012
0
LINE
8
BLACK
6
CONTINUOUS
10
173.6476140000000044
20
-67.9111070000000012
11
173.536106999999987
21
-67.967922999999999
0
LINE
8
BLACK
6
CONTINUOUS
10
173.536106999999987
20
-67.967922999999999
11
173.4124999999999943
21
-67.9874999999999972
0
LINE
8
BLACK
6
CONTINUOUS
10
173.4124999999999943
20
-67.9874999999999972
11
173.2888930000000016
21
-67.967922999999999
0
LINE
8
BLACK
6
CONTINUOUS
10
173.2888930000000016
20
-67.967922999999999
11
173.1773859999999843
21
-67.9111070000000012
0
LINE
8
BLACK
6
CONTINUOUS
10
173.1773859999999843
20
-67.9111070000000012
11
173.0888929999999846
21
-67.8226140000000015
0
LINE
8
BLACK
6
CONTINUOUS
10
173.0888929999999846
20
-67.8226140000000015
11
173.0320769999999868
21
-67.7111069999999984
0
LINE
8
BLACK
6
CONTINUOUS
10
173.0320769999999868
20
-67.7111069999999984
11
173.0124999999999886
21
-67.5874999999999915
0
LINE
8
BLACK
6
CONTINUOUS
10
173.0124999999999886
20
-67.5874999999999915
11
173.0188499999999863
21
-67.5474030000000027
0
LINE
8
BLACK
6
CONTINUOUS
10
173.0188499999999863
20
-67.5474030000000027
11
170.8714459999999917
21
-65.3999999999999915
0
LINE
8
BLACK
6
CONTINUOUS
10
170.8714459999999917
20
-65.3999999999999915
11
169.014554000000004
21
-65.3999999999999915
0
LINE
8
BLACK
6
CONTINUOUS
10
169.014554000000004
20
-65.3999999999999915
11
165.3877769999999998
21
-69.0267769999999956
0
LINE
8
BLACK
6
CONTINUOUS
10
165.3877769999999998
20
-69.0267769999999956
11
165.3498969999999986
21
-69.0578620000000001
0
LINE
8
BLACK
6
CONTINUOUS
10
165.3498969999999986
20
-69.0578620000000001
11
165.3498929999999802
21
-69.0578670000000017
0
LINE
8
BLACK
6
CONTINUOUS
10
165.3498929999999802
20
-69.0578670000000017
11
165.2597729999999956
21
-69.0951960000000014
0
LINE
8
BLACK
6
CONTINUOUS
10
165.2597729999999956
20
-69.0951960000000014
11
165.2109999999999843
21
-69.0999999999999943
0
LINE
8
BLACK
6
CONTINUOUS
10
165.2109999999999843
20
-69.0999999999999943
11
163.7905529999999885
21
-69.0999999999999943
0
LINE
8
BLACK
6
CONTINUOUS
10
163.7905529999999885
20
-69.0999999999999943
11
155.497776999999985
21
-77.3927769999999953
0
LINE
8
BLACK
6
CONTINUOUS
10
155.497776999999985
20
-77.3927769999999953
11
155.4598969999999838
21
-77.4238619999999997
0
LINE
8
BLACK
6
CONTINUOUS
10
155.4598969999999838
20
-77.4238619999999997
11
155.4598929999999939
21
-77.4238670000000013
0
LINE
8
BLACK
6
CONTINUOUS
10
155.4598929999999939
20
-77.4238670000000013
11
155.3697729999999808
21
-77.461196000000001
0
LINE
8
BLACK
6
CONTINUOUS
10
155.3697729999999808
20
-77.461196000000001
11
155.320999999999998
21
-77.465999999999994
0
LINE
8
BLACK
6
CONTINUOUS
10
155.320999999999998
20
-77.465999999999994
11
145.0022720000000049
21
-77.465999999999994
0
LINE
8
BLACK
6
CONTINUOUS
10
145.0022720000000049
20
-77.465999999999994
11
144.9534989999999937
21
-77.461196000000001
0
LINE
8
BLACK
6
CONTINUOUS
10
144.9534989999999937
20
-77.461196000000001
11
144.9161709999999914
21
-77.4457340000000016
0
LINE
8
BLACK
6
CONTINUOUS
10
144.9161709999999914
20
-77.4457340000000016
11
144.8633800000000065
21
-77.4238679999999988
0
LINE
8
BLACK
6
CONTINUOUS
10
144.8633800000000065
20
-77.4238679999999988
11
144.8254949999999894
21
-77.3927769999999953
0
LINE
8
BLACK
6
CONTINUOUS
10
144.8254949999999894
20
-77.3927769999999953
11
139.6502229999999827
21
-72.2175050000000027
0
LINE
8
BLACK
6
CONTINUOUS
10
139.6502229999999827
20
-72.2175050000000027
11
139.6191369999999949
21
-72.1796250000000015
0
LINE
8
BLACK
6
CONTINUOUS
10
139.6191369999999949
20
-72.1796250000000015
11
139.619133000000005
21
-72.1796209999999974
0
LINE
8
BLACK
6
CONTINUOUS
10
139.619133000000005
20
-72.1796209999999974
11
139.5818040000000053
21
-72.0895009999999985
0
LINE
8
BLACK
6
CONTINUOUS
10
139.5818040000000053
20
-72.0895009999999985
11
139.5769999999999982
21
-72.0407280000000014
0
LINE
8
BLACK
6
CONTINUOUS
10
139.5769999999999982
20
-72.0407280000000014
11
139.5769999999999982
21
-71.6827210000000008
0
LINE
8
BLACK
6
CONTINUOUS
10
139.5769999999999982
20
-71.6827210000000008
11
139.5033929999999884
21
-71.6091139999999911
0
LINE
8
BLACK
6
CONTINUOUS
10
139.5033929999999884
20
-71.6091139999999911
11
139.4465769999999907
21
-71.4976070000000021
0
LINE
8
BLACK
6
CONTINUOUS
10
139.4465769999999907
20
-71.4976070000000021
11
139.4269999999999925
21
-71.3739999999999952
0
LINE
8
BLACK
6
CONTINUOUS
10
139.4269999999999925
20
-71.3739999999999952
11
139.4465769999999907
21
-71.2503930000000025
0
LINE
8
BLACK
6
CONTINUOUS
10
139.4465769999999907
20
-71.2503930000000025
11
139.5033929999999884
21
-71.1388859999999994
0
LINE
8
BLACK
6
CONTINUOUS
10
139.5033929999999884
20
-71.1388859999999994
11
139.5918859999999881
21
-71.0503929999999997
0
LINE
8
BLACK
6
CONTINUOUS
10
139.5918859999999881
20
-71.0503929999999997
11
139.7033930000000055
21
-70.9935770000000019
0
LINE
8
BLACK
6
CONTINUOUS
10
139.7033930000000055
20
-70.9935770000000019
11
139.8269999999999982
21
-70.9740000000000038
0
LINE
8
BLACK
6
CONTINUOUS
10
139.8269999999999982
20
-70.9740000000000038
11
139.9506069999999909
21
-70.9935770000000019
0
LINE
8
BLACK
6
CONTINUOUS
10
139.9506069999999909
20
-70.9935770000000019
11
140.0621139999999798
21
-71.0503929999999997
0
LINE
8
BLACK
6
CONTINUOUS
10
140.0621139999999798
20
-71.0503929999999997
11
140.1506069999999795
21
-71.1388859999999994
0
LINE
8
BLACK
6
CONTINUOUS
10
140.1506069999999795
20
-71.1388859999999994
11
140.2074230000000057
21
-71.2503930000000025
0
LINE
8
BLACK
6
CONTINUOUS
10
140.2074230000000057
20
-71.2503930000000025
11
140.2270000000000039
21
-71.3739999999999952
0
LINE
8
BLACK
6
CONTINUOUS
10
140.2270000000000039
20
-71.3739999999999952
11
140.2074230000000057
21
-71.4976070000000021
0
LINE
8
BLACK
6
CONTINUOUS
10
140.2074230000000057
20
-71.4976070000000021
11
140.1506069999999795
21
-71.6091139999999911
0
LINE
8
BLACK
6
CONTINUOUS
10
140.1506069999999795
20
-71.6091139999999911
11
140.0769999999999982
21
-71.6827210000000008
0
LINE
8
BLACK
6
CONTINUOUS
10
140.0769999999999982
20
-71.6827210000000008
11
140.0769999999999982
21
-71.9371739999999988
0
LINE
8
BLACK
6
CONTINUOUS
10
140.0769999999999982
20
-71.9371739999999988
11
145.1058260000000075
21
-76.965999999999994
0
LINE
8
BLACK
6
CONTINUOUS
10
145.1058260000000075
20
-76.965999999999994
11
155.2174459999999954
21
-76.965999999999994
0
LINE
8
BLACK
6
CONTINUOUS
10
155.2174459999999954
20
-76.965999999999994
11
163.5102239999999938
21
-68.673222999999993
0
LINE
8
BLACK
6
CONTINUOUS
10
163.5102239999999938
20
-68.673222999999993
11
163.5481079999999849
21
-68.6421320000000037
0
LINE
8
BLACK
6
CONTINUOUS
10
163.5481079999999849
20
-68.6421320000000037
11
163.638227999999998
21
-68.604803000000004
0
LINE
8
BLACK
6
CONTINUOUS
10
163.638227999999998
20
-68.604803000000004
11
163.6382370000000037
21
-68.604803000000004
0
LINE
8
BLACK
6
CONTINUOUS
10
163.6382370000000037
20
-68.604803000000004
11
163.6869999999999834
21
-68.5999999999999943
0
LINE
8
BLACK
6
CONTINUOUS
10
163.6869999999999834
20
-68.5999999999999943
11
165.1074459999999817
21
-68.5999999999999943
0
LINE
8
BLACK
6
CONTINUOUS
10
165.1074459999999817
20
-68.5999999999999943
11
168.7342229999999859
21
-64.9732229999999902
0
LINE
8
BLACK
6
CONTINUOUS
10
168.7342229999999859
20
-64.9732229999999902
11
168.7721019999999896
21
-64.9421370000000024
0
LINE
8
BLACK
6
CONTINUOUS
10
168.7721019999999896
20
-64.9421370000000024
11
168.7721070000000054
21
-64.9421329999999983
0
LINE
8
BLACK
6
CONTINUOUS
10
168.7721070000000054
20
-64.9421329999999983
11
168.8622269999999901
21
-64.9048039999999986
0
LINE
8
BLACK
6
CONTINUOUS
10
168.8622269999999901
20
-64.9048039999999986
11
168.9110000000000014
21
-64.8999999999999915
0
LINE
8
BLACK
6
CONTINUOUS
10
168.9110000000000014
20
-64.8999999999999915
11
170.9749999999999943
21
-64.8999999999999915
0
LINE
8
BLACK
6
CONTINUOUS
10
170.9749999999999943
20
-64.8999999999999915
11
171.0237730000000056
21
-64.9048039999999986
0
LINE
8
BLACK
6
CONTINUOUS
10
140.1376980000000003
20
-76.6100349999999963
11
140.2492049999999892
21
-76.6668509999999941
0
LINE
8
BLACK
6
CONTINUOUS
10
140.2492049999999892
20
-76.6668509999999941
11
140.337697999999989
21
-76.7553439999999938
0
LINE
8
BLACK
6
CONTINUOUS
10
140.337697999999989
20
-76.7553439999999938
11
140.3945139999999867
21
-76.8668509999999969
0
LINE
8
BLACK
6
CONTINUOUS
10
140.3945139999999867
20
-76.8668509999999969
11
140.4140909999999849
21
-76.9904579999999896
0
LINE
8
BLACK
6
CONTINUOUS
10
140.4140909999999849
20
-76.9904579999999896
11
140.3945139999999867
21
-77.1140649999999965
0
LINE
8
BLACK
6
CONTINUOUS
10
140.3945139999999867
20
-77.1140649999999965
11
140.337697999999989
21
-77.2255719999999997
0
LINE
8
BLACK
6
CONTINUOUS
10
140.337697999999989
20
-77.2255719999999997
11
140.2492049999999892
21
-77.3140649999999994
0
LINE
8
BLACK
6
CONTINUOUS
10
140.2492049999999892
20
-77.3140649999999994
11
140.1376980000000003
21
-77.3708809999999971
0
LINE
8
BLACK
6
CONTINUOUS
10
140.1376980000000003
20
-77.3708809999999971
11
140.0140910000000076
21
-77.3904579999999953
0
LINE
8
BLACK
6
CONTINUOUS
10
140.0140910000000076
20
-77.3904579999999953
11
139.8904839999999865
21
-77.3708809999999971
0
LINE
8
BLACK
6
CONTINUOUS
10
139.8904839999999865
20
-77.3708809999999971
11
139.7789769999999976
21
-77.3140649999999994
0
LINE
8
BLACK
6
CONTINUOUS
10
139.7789769999999976
20
-77.3140649999999994
11
139.6904839999999979
21
-77.2255719999999997
0
LINE
8
BLACK
6
CONTINUOUS
10
139.6904839999999979
20
-77.2255719999999997
11
139.6336680000000001
21
-77.1140649999999965
0
LINE
8
BLACK
6
CONTINUOUS
10
139.6336680000000001
20
-77.1140649999999965
11
139.6140910000000019
21
-76.9904579999999896
0
LINE
8
BLACK
6
CONTINUOUS
10
139.6140910000000019
20
-76.9904579999999896
11
139.6336680000000001
21
-76.8668509999999969
0
LINE
8
BLACK
6
CONTINUOUS
10
139.6336680000000001
20
-76.8668509999999969
11
139.6904839999999979
21
-76.7553439999999938
0
LINE
8
BLACK
6
CONTINUOUS
10
139.6904839999999979
20
-76.7553439999999938
11
139.7789769999999976
21
-76.6668509999999941
0
LINE
8
BLACK
6
CONTINUOUS
10
139.7789769999999976
20
-76.6668509999999941
11
139.8904839999999865
21
-76.6100349999999963
0
LINE
8
BLACK
6
CONTINUOUS
10
139.8904839999999865
20
-76.6100349999999963
11
140.0140910000000076
21
-76.5904579999999982
0
LINE
8
BLACK
6
CONTINUOUS
10
140.0140910000000076
20
-76.5904579999999982
11
140.1376980000000003
21
-76.6100349999999963
0
LINE
8
BLACK
6
CONTINUOUS
10
120.3497079999999926
20
-76.126183999999995
11
120.4694299999999885
21
-76.203125
0
LINE
8
BLACK
6
CONTINUOUS
10
120.4694299999999885
20
-76.203125
11
120.562626999999992
21
-76.3106799999999907
0
LINE
8
BLACK
6
CONTINUOUS
10
120.562626999999992
20
-76.3106799999999907
11
120.6217459999999875
21
-76.4401340000000005
0
LINE
8
BLACK
6
CONTINUOUS
10
120.6217459999999875
20
-76.4401340000000005
11
120.6419999999999959
21
-76.5810000000000031
0
LINE
8
BLACK
6
CONTINUOUS
10
120.6419999999999959
20
-76.5810000000000031
11
120.6217459999999875
21
-76.7218659999999915
0
LINE
8
BLACK
6
CONTINUOUS
10
120.6217459999999875
20
-76.7218659999999915
11
120.562626999999992
21
-76.8513200000000012
0
LINE
8
BLACK
6
CONTINUOUS
10
120.562626999999992
20
-76.8513200000000012
11
120.4694299999999885
21
-76.9588749999999919
0
LINE
8
BLACK
6
CONTINUOUS
10
120.4694299999999885
20
-76.9588749999999919
11
120.3497079999999926
21
-77.035815999999997
0
LINE
8
BLACK
6
CONTINUOUS
10
120.3497079999999926
20
-77.035815999999997
11
120.2131569999999954
21
-77.0759109999999907
0
LINE
8
BLACK
6
CONTINUOUS
10
120.2131569999999954
20
-77.0759109999999907
11
120.0708429999999964
21
-77.0759109999999907
0
LINE
8
BLACK
6
CONTINUOUS
10
120.0708429999999964
20
-77.0759109999999907
11
119.9342919999999992
21
-77.035815999999997
0
LINE
8
BLACK
6
CONTINUOUS
10
119.9342919999999992
20
-77.035815999999997
11
119.8145699999999891
21
-76.9588749999999919
0
LINE
8
BLACK
6
CONTINUOUS
10
119.8145699999999891
20
-76.9588749999999919
11
119.7213729999999998
21
-76.8513200000000012
0
LINE
8
BLACK
6
CONTINUOUS
10
119.7213729999999998
20
-76.8513200000000012
11
119.6622539999999901
21
-76.7218659999999915
0
LINE
8
BLACK
6
CONTINUOUS
10
119.6622539999999901
20
-76.7218659999999915
11
119.6419999999999959
21
-76.5810000000000031
0
LINE
8
BLACK
6
CONTINUOUS
10
119.6419999999999959
20
-76.5810000000000031
11
119.6622539999999901
21
-76.4401340000000005
0
LINE
8
BLACK
6
CONTINUOUS
10
119.6622539999999901
20
-76.4401340000000005
11
119.7213729999999998
21
-76.3106799999999907
0
LINE
8
BLACK
6
CONTINUOUS
10
119.7213729999999998
20
-76.3106799999999907
11
119.8145699999999891
21
-76.203125
0
LINE
8
BLACK
6
CONTINUOUS
10
119.8145699999999891
20
-76.203125
11
119.9342919999999992
21
-76.126183999999995
0
LINE
8
BLACK
6
CONTINUOUS
10
119.9342919999999992
20
-76.126183999999995
11
120.0708429999999964
21
-76.0860890000000012
0
LINE
8
BLACK
6
CONTINUOUS
10
120.0708429999999964
20
-76.0860890000000012
11
120.2131569999999954
21
-76.0860890000000012
0
LINE
8
BLACK
6
CONTINUOUS
10
120.2131569999999954
20
-76.0860890000000012
11
120.3497079999999926
21
-76.126183999999995
0
LINE
8
BLACK
6
CONTINUOUS
10
179.1037079999999833
20
-76.126183999999995
11
179.2234299999999791
21
-76.203125
0
LINE
8
BLACK
6
CONTINUOUS
10
179.2234299999999791
20
-76.203125
11
179.3166269999999827
21
-76.3106799999999907
0
LINE
8
BLACK
6
CONTINUOUS
10
179.3166269999999827
20
-76.3106799999999907
11
179.3757459999999924
21
-76.4401340000000005
0
LINE
8
BLACK
6
CONTINUOUS
10
179.3757459999999924
20
-76.4401340000000005
11
179.3959999999999866
21
-76.5810000000000031
0
LINE
8
BLACK
6
CONTINUOUS
10
179.3959999999999866
20
-76.5810000000000031
11
179.3757459999999924
21
-76.7218659999999915
0
LINE
8
BLACK
6
CONTINUOUS
10
179.3757459999999924
20
-76.7218659999999915
11
179.3166269999999827
21
-76.8513200000000012
0
LINE
8
BLACK
6
CONTINUOUS
10
179.3166269999999827
20
-76.8513200000000012
11
179.2234299999999791
21
-76.9588749999999919
0
LINE
8
BLACK
6
CONTINUOUS
10
179.2234299999999791
20
-76.9588749999999919
11
179.1037079999999833
21
-77.035815999999997
0
LINE
8
BLACK
6
CONTINUOUS
10
179.1037079999999833
20
-77.035815999999997
11
178.9671569999999861
21
-77.0759109999999907
0
LINE
8
BLACK
6
CONTINUOUS
10
178.9671569999999861
20
-77.0759109999999907
11
178.8248429999999871
21
-77.0759109999999907
0
LINE
8
BLACK
6
CONTINUOUS
10
178.8248429999999871
20
-77.0759109999999907
11
178.6882919999999899
21
-77.035815999999997
0
LINE
8
BLACK
6
CONTINUOUS
10
178.6882919999999899
20
-77.035815999999997
11
178.568569999999994
21
-76.9588749999999919
0
LINE
8
BLACK
6
CONTINUOUS
10
178.568569999999994
20
-76.9588749999999919
11
178.4753729999999905
21
-76.8513200000000012
0
LINE
8
BLACK
6
CONTINUOUS
10
178.4753729999999905
20
-76.8513200000000012
11
178.4162539999999808
21
-76.7218659999999915
0
LINE
8
BLACK
6
CONTINUOUS
10
178.4162539999999808
20
-76.7218659999999915
11
178.3959999999999866
21
-76.5810000000000031
0
LINE
8
BLACK
6
CONTINUOUS
10
178.3959999999999866
20
-76.5810000000000031
11
178.4162539999999808
21
-76.4401340000000005
0
LINE
8
BLACK
6
CONTINUOUS
10
178.4162539999999808
20
-76.4401340000000005
11
178.4753729999999905
21
-76.3106799999999907
0
LINE
8
BLACK
6
CONTINUOUS
10
178.4753729999999905
20
-76.3106799999999907
11
178.568569999999994
21
-76.203125
0
LINE
8
BLACK
6
CONTINUOUS
10
178.568569999999994
20
-76.203125
11
178.6882919999999899
21
-76.126183999999995
0
LINE
8
BLACK
6
CONTINUOUS
10
178.6882919999999899
20
-76.126183999999995
11
178.8248429999999871
21
-76.0860890000000012
0
LINE
8
BLACK
6
CONTINUOUS
10
178.8248429999999871
20
-76.0860890000000012
11
178.9671569999999861
21
-76.0860890000000012
0
LINE
8
BLACK
6
CONTINUOUS
10
178.9671569999999861
20
-76.0860890000000012
11
179.1037079999999833
21
-76.126183999999995
0
LINE
8
BLACK
6
CONTINUOUS
10
163.9886070000000018
20
-76.0045769999999976
11
164.1001139999999907
21
-76.0613929999999954
0
LINE
8
BLACK
6
CONTINUOUS
10
164.1001139999999907
20
-76.0613929999999954
11
164.1886069999999904
21
-76.1498859999999951
0
LINE
8
BLACK
6
CONTINUOUS
10
164.1886069999999904
20
-76.1498859999999951
11
164.2454229999999882
21
-76.2613929999999982
0
LINE
8
BLACK
6
CONTINUOUS
10
164.2454229999999882
20
-76.2613929999999982
11
164.2649999999999864
21
-76.3849999999999909
0
LINE
8
BLACK
6
CONTINUOUS
10
164.2649999999999864
20
-76.3849999999999909
11
164.2454229999999882
21
-76.5086069999999978
0
LINE
8
BLACK
6
CONTINUOUS
10
164.2454229999999882
20
-76.5086069999999978
11
164.1886069999999904
21
-76.6201140000000009
0
LINE
8
BLACK
6
CONTINUOUS
10
164.1886069999999904
20
-76.6201140000000009
11
164.1001139999999907
21
-76.7086070000000007
0
LINE
8
BLACK
6
CONTINUOUS
10
164.1001139999999907
20
-76.7086070000000007
11
163.9886070000000018
21
-76.7654229999999984
0
LINE
8
BLACK
6
CONTINUOUS
10
163.9886070000000018
20
-76.7654229999999984
11
163.8649999999999807
21
-76.7849999999999966
0
LINE
8
BLACK
6
CONTINUOUS
10
163.8649999999999807
20
-76.7849999999999966
11
163.741392999999988
21
-76.7654229999999984
0
LINE
8
BLACK
6
CONTINUOUS
10
163.741392999999988
20
-76.7654229999999984
11
163.6298859999999991
21
-76.7086070000000007
0
LINE
8
BLACK
6
CONTINUOUS
10
163.6298859999999991
20
-76.7086070000000007
11
163.5413929999999993
21
-76.6201140000000009
0
LINE
8
BLACK
6
CONTINUOUS
10
163.5413929999999993
20
-76.6201140000000009
11
163.4845770000000016
21
-76.5086069999999978
0
LINE
8
BLACK
6
CONTINUOUS
10
163.4845770000000016
20
-76.5086069999999978
11
163.4650000000000034
21
-76.3849999999999909
0
LINE
8
BLACK
6
CONTINUOUS
10
163.4650000000000034
20
-76.3849999999999909
11
163.4845770000000016
21
-76.2613929999999982
0
LINE
8
BLACK
6
CONTINUOUS
10
163.4845770000000016
20
-76.2613929999999982
11
163.5413929999999993
21
-76.1498859999999951
0
LINE
8
BLACK
6
CONTINUOUS
10
163.5413929999999993
20
-76.1498859999999951
11
163.6298859999999991
21
-76.0613929999999954
0
LINE
8
BLACK
6
CONTINUOUS
10
163.6298859999999991
20
-76.0613929999999954
11
163.741392999999988
21
-76.0045769999999976
0
LINE
8
BLACK
6
CONTINUOUS
10
163.741392999999988
20
-76.0045769999999976
11
163.8649999999999807
21
-75.9849999999999994
0
LINE
8
BLACK
6
CONTINUOUS
10
163.8649999999999807
20
-75.9849999999999994
11
163.9886070000000018
21
-76.0045769999999976
0
LINE
8
BLACK
6
CONTINUOUS
10
132.2111069999999984
20
-67.2070769999999982
11
132.3226139999999873
21
-67.2638929999999959
0
LINE
8
BLACK
6
CONTINUOUS
10
132.3226139999999873
20
-67.2638929999999959
11
132.411106999999987
21
-67.3523859999999956
0
LINE
8
BLACK
6
CONTINUOUS
10
132.411106999999987
20
-67.3523859999999956
11
132.4679229999999848
21
-67.4638929999999988
0
LINE
8
BLACK
6
CONTINUOUS
10
132.4679229999999848
20
-67.4638929999999988
11
132.4874999999999829
21
-67.5874999999999915
0
LINE
8
BLACK
6
CONTINUOUS
10
132.4874999999999829
20
-67.5874999999999915
11
132.4679229999999848
21
-67.7111069999999984
0
LINE
8
BLACK
6
CONTINUOUS
10
132.4679229999999848
20
-67.7111069999999984
11
132.411106999999987
21
-67.8226140000000015
0
LINE
8
BLACK
6
CONTINUOUS
10
132.411106999999987
20
-67.8226140000000015
11
132.3375000000000057
21
-67.896220999999997
0
LINE
8
BLACK
6
CONTINUOUS
10
132.3375000000000057
20
-67.896220999999997
11
132.3375000000000057
21
-71.7710799999999978
0
LINE
8
BLACK
6
CONTINUOUS
10
132.3375000000000057
20
-71.7710799999999978
11
132.3326959999999985
21
-71.8198529999999948
0
LINE
8
BLACK
6
CONTINUOUS
10
132.3326959999999985
20
-71.8198529999999948
11
132.330331000000001
21
-71.8255619999999908
0
LINE
8
BLACK
6
CONTINUOUS
10
132.330331000000001
20
-71.8255619999999908
11
132.330331000000001
21
-73.6837769999999921
0
LINE
8
BLACK
6
CONTINUOUS
10
132.330331000000001
20
-73.6837769999999921
11
134.1493380000000002
21
-75.5027850000000029
0
LINE
8
BLACK
6
CONTINUOUS
10
134.1493380000000002
20
-75.5027850000000029
11
138.1968499999999835
21
-75.5027850000000029
0
LINE
8
BLACK
6
CONTINUOUS
10
138.1968499999999835
20
-75.5027850000000029
11
138.2704569999999933
21
-75.4291779999999932
0
LINE
8
BLACK
6
CONTINUOUS
10
138.2704569999999933
20
-75.4291779999999932
11
138.3819639999999822
21
-75.3723619999999954
0
LINE
8
BLACK
6
CONTINUOUS
10
138.3819639999999822
20
-75.3723619999999954
11
138.5055710000000033
21
-75.3527849999999972
0
LINE
8
BLACK
6
CONTINUOUS
10
138.5055710000000033
20
-75.3527849999999972
11
138.629177999999996
21
-75.3723619999999954
0
LINE
8
BLACK
6
CONTINUOUS
10
138.629177999999996
20
-75.3723619999999954
11
138.7406849999999849
21
-75.4291779999999932
0
LINE
8
BLACK
6
CONTINUOUS
10
138.7406849999999849
20
-75.4291779999999932
11
138.8291779999999846
21
-75.5176709999999929
0
LINE
8
BLACK
6
CONTINUOUS
10
138.8291779999999846
20
-75.5176709999999929
11
138.8859939999999824
21
-75.629177999999996
0
LINE
8
BLACK
6
CONTINUOUS
10
138.8859939999999824
20
-75.629177999999996
11
138.9055709999999806
21
-75.7527850000000029
0
LINE
8
BLACK
6
CONTINUOUS
10
138.9055709999999806
20
-75.7527850000000029
11
138.8859939999999824
21
-75.8763919999999956
0
LINE
8
BLACK
6
CONTINUOUS
10
138.8859939999999824
20
-75.8763919999999956
11
138.8291779999999846
21
-75.9878989999999988
0
LINE
8
BLACK
6
CONTINUOUS
10
138.8291779999999846
20
-75.9878989999999988
11
138.7406849999999849
21
-76.0763919999999985
0
LINE
8
BLACK
6
CONTINUOUS
10
138.7406849999999849
20
-76.0763919999999985
11
138.629177999999996
21
-76.1332079999999962
0
LINE
8
BLACK
6
CONTINUOUS
10
138.629177999999996
20
-76.1332079999999962
11
138.5055710000000033
21
-76.1527849999999944
0
LINE
8
BLACK
6
CONTINUOUS
10
138.5055710000000033
20
-76.1527849999999944
11
138.3819639999999822
21
-76.1332079999999962
0
LINE
8
BLACK
6
CONTINUOUS
10
138.3819639999999822
20
-76.1332079999999962
11
138.2704569999999933
21
-76.0763919999999985
0
LINE
8
BLACK
6
CONTINUOUS
10
138.2704569999999933
20
-76.0763919999999985
11
138.1968499999999835
21
-76.0027850000000029
0
LINE
8
BLACK
6
CONTINUOUS
10
138.1968499999999835
20
-76.0027850000000029
11
134.0457849999999951
21
-76.0027850000000029
0
LINE
8
BLACK
6
CONTINUOUS
10
134.0457849999999951
20
-76.0027850000000029
11
133.997021999999987
21
-75.9979819999999933
0
LINE
8
BLACK
6
CONTINUOUS
10
133.997021999999987
20
-75.9979819999999933
11
133.9970129999999813
21
-75.9979819999999933
0
LINE
8
BLACK
6
CONTINUOUS
10
133.9970129999999813
20
-75.9979819999999933
11
133.9068929999999966
21
-75.9606529999999935
0
LINE
8
BLACK
6
CONTINUOUS
10
133.9068929999999966
20
-75.9606529999999935
11
133.8690090000000055
21
-75.92956199999999
0
LINE
8
BLACK
6
CONTINUOUS
10
133.8690090000000055
20
-75.92956199999999
11
131.9035539999999855
21
-73.964107999999996
0
LINE
8
BLACK
6
CONTINUOUS
10
131.9035539999999855
20
-73.964107999999996
11
131.8724679999999978
21
-73.9262279999999947
0
LINE
8
BLACK
6
CONTINUOUS
10
131.8724679999999978
20
-73.9262279999999947
11
131.8724640000000079
21
-73.9262239999999906
0
LINE
8
BLACK
6
CONTINUOUS
10
131.8724640000000079
20
-73.9262239999999906
11
131.8351350000000082
21
-73.8361039999999917
0
LINE
8
BLACK
6
CONTINUOUS
10
131.8351350000000082
20
-73.8361039999999917
11
131.830331000000001
21
-73.7873309999999947
0
LINE
8
BLACK
6
CONTINUOUS
10
131.830331000000001
20
-73.7873309999999947
11
131.830331000000001
21
-71.7782490000000024
0
LINE
8
BLACK
6
CONTINUOUS
10
131.830331000000001
20
-71.7782490000000024
11
131.8351350000000082
21
-71.7294759999999911
0
LINE
8
BLACK
6
CONTINUOUS
10
131.8351350000000082
20
-71.7294759999999911
11
131.8375000000000057
21
-71.7237659999999977
0
LINE
8
BLACK
6
CONTINUOUS
10
131.8375000000000057
20
-71.7237659999999977
11
131.8375000000000057
21
-67.896220999999997
0
LINE
8
BLACK
6
CONTINUOUS
10
131.8375000000000057
20
-67.896220999999997
11
131.7638929999999959
21
-67.8226140000000015
0
LINE
8
BLACK
6
CONTINUOUS
10
131.7638929999999959
20
-67.8226140000000015
11
131.7070769999999982
21
-67.7111069999999984
0
LINE
8
BLACK
6
CONTINUOUS
10
131.7070769999999982
20
-67.7111069999999984
11
131.6875
21
-67.5874999999999915
0
LINE
8
BLACK
6
CONTINUOUS
10
131.6875
20
-67.5874999999999915
11
131.7070769999999982
21
-67.4638929999999988
0
LINE
8
BLACK
6
CONTINUOUS
10
131.7070769999999982
20
-67.4638929999999988
11
131.7638929999999959
21
-67.3523859999999956
0
LINE
8
BLACK
6
CONTINUOUS
10
131.7638929999999959
20
-67.3523859999999956
11
131.8523859999999956
21
-67.2638929999999959
0
LINE
8
BLACK
6
CONTINUOUS
10
131.8523859999999956
20
-67.2638929999999959
11
131.9638929999999846
21
-67.2070769999999982
0
LINE
8
BLACK
6
CONTINUOUS
10
131.9638929999999846
20
-67.2070769999999982
11
132.0875000000000057
21
-67.1875
0
LINE
8
BLACK
6
CONTINUOUS
10
132.0875000000000057
20
-67.1875
11
132.2111069999999984
21
-67.2070769999999982
0
LINE
8
BLACK
6
CONTINUOUS
10
120.3497079999999926
20
-74.8561839999999989
11
120.4694299999999885
21
-74.9331249999999898
0
LINE
8
BLACK
6
CONTINUOUS
10
120.4694299999999885
20
-74.9331249999999898
11
120.562626999999992
21
-75.0406799999999947
0
LINE
8
BLACK
6
CONTINUOUS
10
120.562626999999992
20
-75.0406799999999947
11
120.6217459999999875
21
-75.1701339999999902
0
LINE
8
BLACK
6
CONTINUOUS
10
120.6217459999999875
20
-75.1701339999999902
11
120.6419999999999959
21
-75.3109999999999928
0
LINE
8
BLACK
6
CONTINUOUS
10
120.6419999999999959
20
-75.3109999999999928
11
120.6217459999999875
21
-75.4518659999999954
0
LINE
8
BLACK
6
CONTINUOUS
10
120.6217459999999875
20
-75.4518659999999954
11
120.562626999999992
21
-75.581319999999991
0
LINE
8
BLACK
6
CONTINUOUS
10
120.562626999999992
20
-75.581319999999991
11
120.4694299999999885
21
-75.6888749999999959
0
LINE
8
BLACK
6
CONTINUOUS
10
120.4694299999999885
20
-75.6888749999999959
11
120.3497079999999926
21
-75.7658160000000009
0
LINE
8
BLACK
6
CONTINUOUS
10
120.3497079999999926
20
-75.7658160000000009
11
120.2131569999999954
21
-75.8059109999999947
0
LINE
8
BLACK
6
CONTINUOUS
10
120.2131569999999954
20
-75.8059109999999947
11
120.0708429999999964
21
-75.8059109999999947
0
LINE
8
BLACK
6
CONTINUOUS
10
120.0708429999999964
20
-75.8059109999999947
11
119.9342919999999992
21
-75.7658160000000009
0
LINE
8
BLACK
6
CONTINUOUS
10
119.9342919999999992
20
-75.7658160000000009
11
119.8145699999999891
21
-75.6888749999999959
0
LINE
8
BLACK
6
CONTINUOUS
10
119.8145699999999891
20
-75.6888749999999959
11
119.7213729999999998
21
-75.581319999999991
0
LINE
8
BLACK
6
CONTINUOUS
10
119.7213729999999998
20
-75.581319999999991
11
119.6622539999999901
21
-75.4518659999999954
0
LINE
8
BLACK
6
CONTINUOUS
10
119.6622539999999901
20
-75.4518659999999954
11
119.6419999999999959
21
-75.3109999999999928
0
LINE
8
BLACK
6
CONTINUOUS
10
119.6419999999999959
20
-75.3109999999999928
11
119.6622539999999901
21
-75.1701339999999902
0
LINE
8
BLACK
6
CONTINUOUS
10
119.6622539999999901
20
-75.1701339999999902
11
119.7213729999999998
21
-75.0406799999999947
0
LINE
8
BLACK
6
CONTINUOUS
10
119.7213729999999998
20
-75.0406799999999947
11
119.8145699999999891
21
-74.9331249999999898
0
LINE
8
BLACK
6
CONTINUOUS
10
119.8145699999999891
20
-74.9331249999999898
11
119.9342919999999992
21
-74.8561839999999989
0
LINE
8
BLACK
6
CONTINUOUS
10
119.9342919999999992
20
-74.8561839999999989
11
120.0708429999999964
21
-74.816088999999991
0
LINE
8
BLACK
6
CONTINUOUS
10
120.0708429999999964
20
-74.816088999999991
11
120.2131569999999954
21
-74.816088999999991
0
LINE
8
BLACK
6
CONTINUOUS
10
120.2131569999999954
20
-74.816088999999991
11
120.3497079999999926
21
-74.8561839999999989
0
LINE
8
BLACK
6
CONTINUOUS
10
179.1037079999999833
20
-74.8561839999999989
11
179.2234299999999791
21
-74.9331249999999898
0
LINE
8
BLACK
6
CONTINUOUS
10
179.2234299999999791
20
-74.9331249999999898
11
179.3166269999999827
21
-75.0406799999999947
0
LINE
8
BLACK
6
CONTINUOUS
10
179.3166269999999827
20
-75.0406799999999947
11
179.3757459999999924
21
-75.1701339999999902
0
LINE
8
BLACK
6
CONTINUOUS
10
179.3757459999999924
20
-75.1701339999999902
11
179.3959999999999866
21
-75.3109999999999928
0
LINE
8
BLACK
6
CONTINUOUS
10
179.3959999999999866
20
-75.3109999999999928
11
179.3757459999999924
21
-75.4518659999999954
0
LINE
8
BLACK
6
CONTINUOUS
10
179.3757459999999924
20
-75.4518659999999954
11
179.3166269999999827
21
-75.581319999999991
0
LINE
8
BLACK
6
CONTINUOUS
10
179.3166269999999827
20
-75.581319999999991
11
179.2234299999999791
21
-75.6888749999999959
0
LINE
8
BLACK
6
CONTINUOUS
10
179.2234299999999791
20
-75.6888749999999959
11
179.1037079999999833
21
-75.7658160000000009
0
LINE
8
BLACK
6
CONTINUOUS
10
179.1037079999999833
20
-75.7658160000000009
11
178.9671569999999861
21
-75.8059109999999947
0
LINE
8
BLACK
6
CONTINUOUS
10
178.9671569999999861
20
-75.8059109999999947
11
178.8248429999999871
21
-75.8059109999999947
0
LINE
8
BLACK
6
CONTINUOUS
10
178.8248429999999871
20
-75.8059109999999947
11
178.6882919999999899
21
-75.7658160000000009
0
LINE
8
BLACK
6
CONTINUOUS
10
178.6882919999999899
20
-75.7658160000000009
11
178.568569999999994
21
-75.6888749999999959
0
LINE
8
BLACK
6
CONTINUOUS
10
178.568569999999994
20
-75.6888749999999959
11
178.4753729999999905
21
-75.581319999999991
0
LINE
8
BLACK
6
CONTINUOUS
10
178.4753729999999905
20
-75.581319999999991
11
178.4162539999999808
21
-75.4518659999999954
0
LINE
8
BLACK
6
CONTINUOUS
10
178.4162539999999808
20
-75.4518659999999954
11
178.3959999999999866
21
-75.3109999999999928
0
LINE
8
BLACK
6
CONTINUOUS
10
178.3959999999999866
20
-75.3109999999999928
11
178.4162539999999808
21
-75.1701339999999902
0
LINE
8
BLACK
6
CONTINUOUS
10
178.4162539999999808
20
-75.1701339999999902
11
178.4753729999999905
21
-75.0406799999999947
0
LINE
8
BLACK
6
CONTINUOUS
10
178.4753729999999905
20
-75.0406799999999947
11
178.568569999999994
21
-74.9331249999999898
0
LINE
8
BLACK
6
CONTINUOUS
10
178.568569999999994
20
-74.9331249999999898
11
178.6882919999999899
21
-74.8561839999999989
0
LINE
8
BLACK
6
CONTINUOUS
10
178.6882919999999899
20
-74.8561839999999989
11
178.8248429999999871
21
-74.816088999999991
0
LINE
8
BLACK
6
CONTINUOUS
10
178.8248429999999871
20
-74.816088999999991
11
178.9671569999999861
21
-74.816088999999991
0
LINE
8
BLACK
6
CONTINUOUS
10
178.9671569999999861
20
-74.816088999999991
11
179.1037079999999833
21
-74.8561839999999989
0
LINE
8
BLACK
6
CONTINUOUS
10
168.2611069999999813
20
-74.9820769999999897
11
168.3726139999999987
21
-75.0388930000000016
0
LINE
8
BLACK
6
CONTINUOUS
10
168.3726139999999987
20
-75.0388930000000016
11
168.4611069999999984
21
-75.1273860000000013
0
LINE
8
BLACK
6
CONTINUOUS
10
168.4611069999999984
20
-75.1273860000000013
11
168.5179229999999961
21
-75.2388929999999903
0
LINE
8
BLACK
6
CONTINUOUS
10
168.5179229999999961
20
-75.2388929999999903
11
168.5374999999999943
21
-75.3624999999999972
0
LINE
8
BLACK
6
CONTINUOUS
10
168.5374999999999943
20
-75.3624999999999972
11
168.5179229999999961
21
-75.4861069999999899
0
LINE
8
BLACK
6
CONTINUOUS
10
168.5179229999999961
20
-75.4861069999999899
11
168.4611069999999984
21
-75.597613999999993
0
LINE
8
BLACK
6
CONTINUOUS
10
168.4611069999999984
20
-75.597613999999993
11
168.3726139999999987
21
-75.6861069999999927
0
LINE
8
BLACK
6
CONTINUOUS
10
168.3726139999999987
20
-75.6861069999999927
11
168.2611069999999813
21
-75.7429229999999905
0
LINE
8
BLACK
6
CONTINUOUS
10
168.2611069999999813
20
-75.7429229999999905
11
168.1374999999999886
21
-75.7625000000000028
0
LINE
8
BLACK
6
CONTINUOUS
10
168.1374999999999886
20
-75.7625000000000028
11
168.0138929999999959
21
-75.7429229999999905
0
LINE
8
BLACK
6
CONTINUOUS
10
168.0138929999999959
20
-75.7429229999999905
11
167.9023859999999786
21
-75.6861069999999927
0
LINE
8
BLACK
6
CONTINUOUS
10
167.9023859999999786
20
-75.6861069999999927
11
167.8138929999999789
21
-75.597613999999993
0
LINE
8
BLACK
6
CONTINUOUS
10
167.8138929999999789
20
-75.597613999999993
11
167.7570769999999811
21
-75.4861069999999899
0
LINE
8
BLACK
6
CONTINUOUS
10
167.7570769999999811
20
-75.4861069999999899
11
167.7374999999999829
21
-75.3624999999999972
0
LINE
8
BLACK
6
CONTINUOUS
10
167.7374999999999829
20
-75.3624999999999972
11
167.7570769999999811
21
-75.2388929999999903
0
LINE
8
BLACK
6
CONTINUOUS
10
167.7570769999999811
20
-75.2388929999999903
11
167.8138929999999789
21
-75.1273860000000013
0
LINE
8
BLACK
6
CONTINUOUS
10
167.8138929999999789
20
-75.1273860000000013
11
167.9023859999999786
21
-75.0388930000000016
0
LINE
8
BLACK
6
CONTINUOUS
10
167.9023859999999786
20
-75.0388930000000016
11
168.0138929999999959
21
-74.9820769999999897
0
LINE
8
BLACK
6
CONTINUOUS
10
168.0138929999999959
20
-74.9820769999999897
11
168.1374999999999886
21
-74.9624999999999915
0
LINE
8
BLACK
6
CONTINUOUS
10
168.1374999999999886
20
-74.9624999999999915
11
168.2611069999999813
21
-74.9820769999999897
0
LINE
8
BLACK
6
CONTINUOUS
10
158.7489300000000014
20
-74.9073309999999992
11
158.8604369999999903
21
-74.964146999999997
0
LINE
8
BLACK
6
CONTINUOUS
10
158.8604369999999903
20
-74.964146999999997
11
158.9489299999999901
21
-75.0526399999999967
0
LINE
8
BLACK
6
CONTINUOUS
10
158.9489299999999901
20
-75.0526399999999967
11
159.0057459999999878
21
-75.1641469999999998
0
LINE
8
BLACK
6
CONTINUOUS
10
159.0057459999999878
20
-75.1641469999999998
11
159.025322999999986
21
-75.2877539999999925
0
LINE
8
BLACK
6
CONTINUOUS
10
159.025322999999986
20
-75.2877539999999925
11
159.0057459999999878
21
-75.4113609999999994
0
LINE
8
BLACK
6
CONTINUOUS
10
159.0057459999999878
20
-75.4113609999999994
11
158.9489299999999901
21
-75.5228680000000026
0
LINE
8
BLACK
6
CONTINUOUS
10
158.9489299999999901
20
-75.5228680000000026
11
158.8604369999999903
21
-75.6113610000000023
0
LINE
8
BLACK
6
CONTINUOUS
10
158.8604369999999903
20
-75.6113610000000023
11
158.7489300000000014
21
-75.668177
0
LINE
8
BLACK
6
CONTINUOUS
10
158.7489300000000014
20
-75.668177
11
158.6253229999999803
21
-75.6877539999999982
0
LINE
8
BLACK
6
CONTINUOUS
10
158.6253229999999803
20
-75.6877539999999982
11
158.5017159999999876
21
-75.668177
0
LINE
8
BLACK
6
CONTINUOUS
10
158.5017159999999876
20
-75.668177
11
158.3902089999999987
21
-75.6113610000000023
0
LINE
8
BLACK
6
CONTINUOUS
10
158.3902089999999987
20
-75.6113610000000023
11
158.301715999999999
21
-75.5228680000000026
0
LINE
8
BLACK
6
CONTINUOUS
10
158.301715999999999
20
-75.5228680000000026
11
158.2449000000000012
21
-75.4113609999999994
0
LINE
8
BLACK
6
CONTINUOUS
10
158.2449000000000012
20
-75.4113609999999994
11
158.225323000000003
21
-75.2877539999999925
0
LINE
8
BLACK
6
CONTINUOUS
10
158.225323000000003
20
-75.2877539999999925
11
158.2449000000000012
21
-75.1641469999999998
0
LINE
8
BLACK
6
CONTINUOUS
10
158.2449000000000012
20
-75.1641469999999998
11
158.301715999999999
21
-75.0526399999999967
0
LINE
8
BLACK
6
CONTINUOUS
10
158.301715999999999
20
-75.0526399999999967
11
158.3902089999999987
21
-74.964146999999997
0
LINE
8
BLACK
6
CONTINUOUS
10
158.3902089999999987
20
-74.964146999999997
11
158.5017159999999876
21
-74.9073309999999992
0
LINE
8
BLACK
6
CONTINUOUS
10
158.5017159999999876
20
-74.9073309999999992
11
158.6253229999999803
21
-74.887754000000001
0
LINE
8
BLACK
6
CONTINUOUS
10
158.6253229999999803
20
-74.887754000000001
11
158.7489300000000014
21
-74.9073309999999992
0
LINE
8
BLACK
6
CONTINUOUS
10
175.3736069999999927
20
-74.8695769999999925
11
175.4851139999999816
21
-74.9263929999999903
0
LINE
8
BLACK
6
CONTINUOUS
10
175.4851139999999816
20
-74.9263929999999903
11
175.5736069999999813
21
-75.01488599999999
0
LINE
8
BLACK
6
CONTINUOUS
10
175.5736069999999813
20
-75.01488599999999
11
175.6304229999999791
21
-75.1263929999999931
0
LINE
8
BLACK
6
CONTINUOUS
10
175.6304229999999791
20
-75.1263929999999931
11
175.6500000000000057
21
-75.25
0
LINE
8
BLACK
6
CONTINUOUS
10
175.6500000000000057
20
-75.25
11
175.6304229999999791
21
-75.3736069999999927
0
LINE
8
BLACK
6
CONTINUOUS
10
175.6304229999999791
20
-75.3736069999999927
11
175.5736069999999813
21
-75.4851139999999958
0
LINE
8
BLACK
6
CONTINUOUS
10
175.5736069999999813
20
-75.4851139999999958
11
175.4851139999999816
21
-75.5736069999999955
0
LINE
8
BLACK
6
CONTINUOUS
10
175.4851139999999816
20
-75.5736069999999955
11
175.3736069999999927
21
-75.6304229999999933
0
LINE
8
BLACK
6
CONTINUOUS
10
175.3736069999999927
20
-75.6304229999999933
11
175.25
21
-75.6499999999999915
0
LINE
8
BLACK
6
CONTINUOUS
10
175.25
20
-75.6499999999999915
11
175.1263929999999789
21
-75.6304229999999933
0
LINE
8
BLACK
6
CONTINUOUS
10
175.1263929999999789
20
-75.6304229999999933
11
175.01488599999999
21
-75.5736069999999955
0
LINE
8
BLACK
6
CONTINUOUS
10
175.01488599999999
20
-75.5736069999999955
11
174.9263929999999903
21
-75.4851139999999958
0
LINE
8
BLACK
6
CONTINUOUS
10
174.9263929999999903
20
-75.4851139999999958
11
174.8695769999999925
21
-75.3736069999999927
0
LINE
8
BLACK
6
CONTINUOUS
10
174.8695769999999925
20
-75.3736069999999927
11
174.8499999999999943
21
-75.25
0
LINE
8
BLACK
6
CONTINUOUS
10
174.8499999999999943
20
-75.25
11
174.8695769999999925
21
-75.1263929999999931
0
LINE
8
BLACK
6
CONTINUOUS
10
174.8695769999999925
20
-75.1263929999999931
11
174.9263929999999903
21
-75.01488599999999
0
LINE
8
BLACK
6
CONTINUOUS
10
174.9263929999999903
20
-75.01488599999999
11
175.01488599999999
21
-74.9263929999999903
0
LINE
8
BLACK
6
CONTINUOUS
10
175.01488599999999
20
-74.9263929999999903
11
175.1263929999999789
21
-74.8695769999999925
0
LINE
8
BLACK
6
CONTINUOUS
10
175.1263929999999789
20
-74.8695769999999925
11
175.25
21
-74.8499999999999943
0
LINE
8
BLACK
6
CONTINUOUS
10
175.25
20
-74.8499999999999943
11
175.3736069999999927
21
-74.8695769999999925
0
LINE
8
BLACK
6
CONTINUOUS
10
132.4883549999999843
20
-66.4923039999999901
11
132.5784749999999974
21
-66.529633000000004
0
LINE
8
BLACK
6
CONTINUOUS
10
132.5784749999999974
20
-66.529633000000004
11
132.5784789999999873
21
-66.5296369999999939
0
LINE
8
BLACK
6
CONTINUOUS
10
132.5784789999999873
20
-66.5296369999999939
11
132.6163589999999886
21
-66.5607229999999959
0
LINE
8
BLACK
6
CONTINUOUS
10
132.6163589999999886
20
-66.5607229999999959
11
133.1267770000000041
21
-67.0711409999999972
0
LINE
8
BLACK
6
CONTINUOUS
10
133.1267770000000041
20
-67.0711409999999972
11
133.1578619999999944
21
-67.109020000000001
0
LINE
8
BLACK
6
CONTINUOUS
10
133.1578619999999944
20
-67.109020000000001
11
133.1578669999999818
21
-67.1090250000000026
0
LINE
8
BLACK
6
CONTINUOUS
10
133.1578669999999818
20
-67.1090250000000026
11
133.1951959999999815
21
-67.1991450000000015
0
LINE
8
BLACK
6
CONTINUOUS
10
133.1951959999999815
20
-67.1991450000000015
11
133.1999999999999886
21
-67.2479179999999985
0
LINE
8
BLACK
6
CONTINUOUS
10
133.1999999999999886
20
-67.2479179999999985
11
133.1999999999999886
21
-70.8443639999999988
0
LINE
8
BLACK
6
CONTINUOUS
10
133.1999999999999886
20
-70.8443639999999988
11
133.9571070000000077
21
-71.6014720000000011
0
LINE
8
BLACK
6
CONTINUOUS
10
133.9571070000000077
20
-71.6014720000000011
11
133.9881929999999954
21
-71.6393509999999907
0
LINE
8
BLACK
6
CONTINUOUS
10
133.9881929999999954
20
-71.6393509999999907
11
133.9881979999999828
21
-71.6393559999999923
0
LINE
8
BLACK
6
CONTINUOUS
10
133.9881979999999828
20
-71.6393559999999923
11
134.0255269999999825
21
-71.7294759999999911
0
LINE
8
BLACK
6
CONTINUOUS
10
134.0255269999999825
20
-71.7294759999999911
11
134.0303309999999897
21
-71.7782490000000024
0
LINE
8
BLACK
6
CONTINUOUS
10
134.0303309999999897
20
-71.7782490000000024
11
134.0303309999999897
21
-73.859776999999994
0
LINE
8
BLACK
6
CONTINUOUS
10
134.0303309999999897
20
-73.859776999999994
11
134.6794189999999958
21
-74.5088650000000001
0
LINE
8
BLACK
6
CONTINUOUS
10
134.6794189999999958
20
-74.5088650000000001
11
138.086720999999983
21
-74.5088650000000001
0
LINE
8
BLACK
6
CONTINUOUS
10
138.086720999999983
20
-74.5088650000000001
11
138.1603279999999927
21
-74.4352579999999904
0
LINE
8
BLACK
6
CONTINUOUS
10
138.1603279999999927
20
-74.4352579999999904
11
138.2718349999999816
21
-74.3784419999999926
0
LINE
8
BLACK
6
CONTINUOUS
10
138.2718349999999816
20
-74.3784419999999926
11
138.3954420000000027
21
-74.3588649999999944
0
LINE
8
BLACK
6
CONTINUOUS
10
138.3954420000000027
20
-74.3588649999999944
11
138.5190489999999954
21
-74.3784419999999926
0
LINE
8
BLACK
6
CONTINUOUS
10
138.5190489999999954
20
-74.3784419999999926
11
138.6305559999999844
21
-74.4352579999999904
0
LINE
8
BLACK
6
CONTINUOUS
10
138.6305559999999844
20
-74.4352579999999904
11
138.7190489999999841
21
-74.5237509999999901
0
LINE
8
BLACK
6
CONTINUOUS
10
138.7190489999999841
20
-74.5237509999999901
11
138.7758649999999818
21
-74.6352579999999932
0
LINE
8
BLACK
6
CONTINUOUS
10
138.7758649999999818
20
-74.6352579999999932
11
138.79544199999998
21
-74.7588650000000001
0
LINE
8
BLACK
6
CONTINUOUS
10
138.79544199999998
20
-74.7588650000000001
11
138.7758649999999818
21
-74.8824719999999928
0
LINE
8
BLACK
6
CONTINUOUS
10
138.7758649999999818
20
-74.8824719999999928
11
138.7190489999999841
21
-74.9939789999999959
0
LINE
8
BLACK
6
CONTINUOUS
10
138.7190489999999841
20
-74.9939789999999959
11
138.6305559999999844
21
-75.0824719999999957
0
LINE
8
BLACK
6
CONTINUOUS
10
138.6305559999999844
20
-75.0824719999999957
11
138.5190489999999954
21
-75.1392879999999934
0
LINE
8
BLACK
6
CONTINUOUS
10
138.5190489999999954
20
-75.1392879999999934
11
138.3954420000000027
21
-75.1588649999999916
0
LINE
8
BLACK
6
CONTINUOUS
10
138.3954420000000027
20
-75.1588649999999916
11
138.2718349999999816
21
-75.1392879999999934
0
LINE
8
BLACK
6
CONTINUOUS
10
138.2718349999999816
20
-75.1392879999999934
11
138.1603279999999927
21
-75.0824719999999957
0
LINE
8
BLACK
6
CONTINUOUS
10
138.1603279999999927
20
-75.0824719999999957
11
138.086720999999983
21
-75.0088650000000001
0
LINE
8
BLACK
6
CONTINUOUS
10
138.086720999999983
20
-75.0088650000000001
11
134.5758649999999932
21
-75.0088650000000001
0
LINE
8
BLACK
6
CONTINUOUS
10
134.5758649999999932
20
-75.0088650000000001
11
134.5270919999999819
21
-75.004060999999993
0
LINE
8
BLACK
6
CONTINUOUS
10
134.5270919999999819
20
-75.004060999999993
11
134.4369719999999973
21
-74.9667319999999933
0
LINE
8
BLACK
6
CONTINUOUS
10
134.4369719999999973
20
-74.9667319999999933
11
134.4369669999999815
21
-74.9667269999999917
0
LINE
8
BLACK
6
CONTINUOUS
10
134.4369669999999815
20
-74.9667269999999917
11
134.3990880000000061
21
-74.9356420000000014
0
LINE
8
BLACK
6
CONTINUOUS
10
134.3990880000000061
20
-74.9356420000000014
11
133.6035540000000026
21
-74.1401079999999979
0
LINE
8
BLACK
6
CONTINUOUS
10
133.6035540000000026
20
-74.1401079999999979
11
133.5724679999999864
21
-74.1022279999999967
0
LINE
8
BLACK
6
CONTINUOUS
10
133.5724679999999864
20
-74.1022279999999967
11
133.5724639999999965
21
-74.1022239999999925
0
LINE
8
BLACK
6
CONTINUOUS
10
133.5724639999999965
20
-74.1022239999999925
11
133.5351349999999968
21
-74.0121039999999937
0
LINE
8
BLACK
6
CONTINUOUS
10
133.5351349999999968
20
-74.0121039999999937
11
133.5303309999999897
21
-73.9633309999999966
0
LINE
8
BLACK
6
CONTINUOUS
10
133.5303309999999897
20
-73.9633309999999966
11
133.5303309999999897
21
-71.8818019999999933
0
LINE
8
BLACK
6
CONTINUOUS
10
133.5303309999999897
20
-71.8818019999999933
11
132.7732230000000015
21
-71.1246950000000027
0
LINE
8
BLACK
6
CONTINUOUS
10
132.7732230000000015
20
-71.1246950000000027
11
132.7421369999999854
21
-71.0868150000000014
0
LINE
8
BLACK
6
CONTINUOUS
10
132.7421369999999854
20
-71.0868150000000014
11
132.7421329999999955
21
-71.0868109999999973
0
LINE
8
BLACK
6
CONTINUOUS
10
132.7421329999999955
20
-71.0868109999999973
11
132.7048039999999958
21
-70.9966909999999984
0
LINE
8
BLACK
6
CONTINUOUS
10
132.7048039999999958
20
-70.9966909999999984
11
132.6999999999999886
21
-70.9479180000000014
0
LINE
8
BLACK
6
CONTINUOUS
10
132.6999999999999886
20
-70.9479180000000014
11
132.6999999999999886
21
-67.3514720000000011
0
LINE
8
BLACK
6
CONTINUOUS
10
132.6999999999999886
20
-67.3514720000000011
11
132.3360279999999989
21
-66.9874999999999972
0
LINE
8
BLACK
6
CONTINUOUS
10
132.3360279999999989
20
-66.9874999999999972
11
131.8389709999999866
21
-66.9874999999999972
0
LINE
8
BLACK
6
CONTINUOUS
10
131.8389709999999866
20
-66.9874999999999972
11
131.0621950000000027
21
-67.7642769999999928
0
LINE
8
BLACK
6
CONTINUOUS
10
131.0621950000000027
20
-67.7642769999999928
11
131.0243150000000014
21
-67.7953619999999972
0
LINE
8
BLACK
6
CONTINUOUS
10
131.0243150000000014
20
-67.7953619999999972
11
131.0243109999999831
21
-67.7953669999999988
0
LINE
8
BLACK
6
CONTINUOUS
10
131.0243109999999831
20
-67.7953669999999988
11
130.9341909999999984
21
-67.8326959999999985
0
LINE
8
BLACK
6
CONTINUOUS
10
130.9341909999999984
20
-67.8326959999999985
11
130.8854179999999872
21
-67.8374999999999915
0
LINE
8
BLACK
6
CONTINUOUS
10
130.8854179999999872
20
-67.8374999999999915
11
126.2212209999999999
21
-67.8374999999999915
0
LINE
8
BLACK
6
CONTINUOUS
10
126.2212209999999999
20
-67.8374999999999915
11
126.1476139999999901
21
-67.9111070000000012
0
LINE
8
BLACK
6
CONTINUOUS
10
126.1476139999999901
20
-67.9111070000000012
11
126.0361070000000012
21
-67.967922999999999
0
LINE
8
BLACK
6
CONTINUOUS
10
126.0361070000000012
20
-67.967922999999999
11
125.9124999999999943
21
-67.9874999999999972
0
LINE
8
BLACK
6
CONTINUOUS
10
125.9124999999999943
20
-67.9874999999999972
11
125.7888929999999874
21
-67.967922999999999
0
LINE
8
BLACK
6
CONTINUOUS
10
125.7888929999999874
20
-67.967922999999999
11
125.6773859999999985
21
-67.9111070000000012
0
LINE
8
BLACK
6
CONTINUOUS
10
125.6773859999999985
20
-67.9111070000000012
11
125.5888929999999988
21
-67.8226140000000015
0
LINE
8
BLACK
6
CONTINUOUS
10
125.5888929999999988
20
-67.8226140000000015
11
125.532077000000001
21
-67.7111069999999984
0
LINE
8
BLACK
6
CONTINUOUS
10
125.532077000000001
20
-67.7111069999999984
11
125.5124999999999886
21
-67.5874999999999915
0
LINE
8
BLACK
6
CONTINUOUS
10
125.5124999999999886
20
-67.5874999999999915
11
125.532077000000001
21
-67.4638929999999988
0
LINE
8
BLACK
6
CONTINUOUS
10
125.532077000000001
20
-67.4638929999999988
11
125.5888929999999988
21
-67.3523859999999956
0
LINE
8
BLACK
6
CONTINUOUS
10
125.5888929999999988
20
-67.3523859999999956
11
125.6773859999999985
21
-67.2638929999999959
0
LINE
8
BLACK
6
CONTINUOUS
10
125.6773859999999985
20
-67.2638929999999959
11
125.7888929999999874
21
-67.2070769999999982
0
LINE
8
BLACK
6
CONTINUOUS
10
125.7888929999999874
20
-67.2070769999999982
11
125.9124999999999943
21
-67.1875
0
LINE
8
BLACK
6
CONTINUOUS
10
125.9124999999999943
20
-67.1875
11
126.0361070000000012
21
-67.2070769999999982
0
LINE
8
BLACK
6
CONTINUOUS
10
126.0361070000000012
20
-67.2070769999999982
11
126.1476139999999901
21
-67.2638929999999959
0
LINE
8
BLACK
6
CONTINUOUS
10
126.1476139999999901
20
-67.2638929999999959
11
126.2212209999999999
21
-67.3374999999999915
0
LINE
8
BLACK
6
CONTINUOUS
10
126.2212209999999999
20
-67.3374999999999915
11
130.7818639999999846
21
-67.3374999999999915
0
LINE
8
BLACK
6
CONTINUOUS
10
130.7818639999999846
20
-67.3374999999999915
11
131.5586419999999919
21
-66.5607229999999959
0
LINE
8
BLACK
6
CONTINUOUS
10
131.5586419999999919
20
-66.5607229999999959
11
131.596525999999983
21
-66.5296319999999923
0
LINE
8
BLACK
6
CONTINUOUS
10
131.596525999999983
20
-66.5296319999999923
11
131.6866459999999961
21
-66.4923029999999926
0
LINE
8
BLACK
6
CONTINUOUS
10
131.6866459999999961
20
-66.4923029999999926
11
131.6866550000000018
21
-66.4923029999999926
0
LINE
8
BLACK
6
CONTINUOUS
10
131.6866550000000018
20
-66.4923029999999926
11
131.7354179999999815
21
-66.4874999999999972
0
LINE
8
BLACK
6
CONTINUOUS
10
131.7354179999999815
20
-66.4874999999999972
11
132.4395820000000015
21
-66.4874999999999972
0
LINE
8
BLACK
6
CONTINUOUS
10
132.4395820000000015
20
-66.4874999999999972
11
132.4883549999999843
21
-66.4923039999999901
0
LINE
8
BLACK
6
CONTINUOUS
10
120.3497079999999926
20
-73.5861840000000029
11
120.4694299999999885
21
-73.6631249999999937
0
LINE
8
BLACK
6
CONTINUOUS
10
120.4694299999999885
20
-73.6631249999999937
11
120.562626999999992
21
-73.7706799999999987
0
LINE
8
BLACK
6
CONTINUOUS
10
120.562626999999992
20
-73.7706799999999987
11
120.6217459999999875
21
-73.9001339999999942
0
LINE
8
BLACK
6
CONTINUOUS
10
120.6217459999999875
20
-73.9001339999999942
11
120.6419999999999959
21
-74.0409999999999968
0
LINE
8
BLACK
6
CONTINUOUS
10
120.6419999999999959
20
-74.0409999999999968
11
120.6217459999999875
21
-74.1818659999999994
0
LINE
8
BLACK
6
CONTINUOUS
10
120.6217459999999875
20
-74.1818659999999994
11
120.562626999999992
21
-74.3113199999999949
0
LINE
8
BLACK
6
CONTINUOUS
10
120.562626999999992
20
-74.3113199999999949
11
120.4694299999999885
21
-74.4188749999999999
0
LINE
8
BLACK
6
CONTINUOUS
10
120.4694299999999885
20
-74.4188749999999999
11
120.3497079999999926
21
-74.4958159999999907
0
LINE
8
BLACK
6
CONTINUOUS
10
120.3497079999999926
20
-74.4958159999999907
11
120.2131569999999954
21
-74.5359109999999987
0
LINE
8
BLACK
6
CONTINUOUS
10
120.2131569999999954
20
-74.5359109999999987
11
120.0708429999999964
21
-74.5359109999999987
0
LINE
8
BLACK
6
CONTINUOUS
10
120.0708429999999964
20
-74.5359109999999987
11
119.9342919999999992
21
-74.4958159999999907
0
LINE
8
BLACK
6
CONTINUOUS
10
119.9342919999999992
20
-74.4958159999999907
11
119.8145699999999891
21
-74.4188749999999999
0
LINE
8
BLACK
6
CONTINUOUS
10
119.8145699999999891
20
-74.4188749999999999
11
119.7213729999999998
21
-74.3113199999999949
0
LINE
8
BLACK
6
CONTINUOUS
10
119.7213729999999998
20
-74.3113199999999949
11
119.6622539999999901
21
-74.1818659999999994
0
LINE
8
BLACK
6
CONTINUOUS
10
119.6622539999999901
20
-74.1818659999999994
11
119.6419999999999959
21
-74.0409999999999968
0
LINE
8
BLACK
6
CONTINUOUS
10
119.6419999999999959
20
-74.0409999999999968
11
119.6622539999999901
21
-73.9001339999999942
0
LINE
8
BLACK
6
CONTINUOUS
10
119.6622539999999901
20
-73.9001339999999942
11
119.7213729999999998
21
-73.7706799999999987
0
LINE
8
BLACK
6
CONTINUOUS
10
119.7213729999999998
20
-73.7706799999999987
11
119.8145699999999891
21
-73.6631249999999937
0
LINE
8
BLACK
6
CONTINUOUS
10
119.8145699999999891
20
-73.6631249999999937
11
119.9342919999999992
21
-73.5861840000000029
0
LINE
8
BLACK
6
CONTINUOUS
10
119.9342919999999992
20
-73.5861840000000029
11
120.0708429999999964
21
-73.5460889999999949
0
LINE
8
BLACK
6
CONTINUOUS
10
120.0708429999999964
20
-73.5460889999999949
11
120.2131569999999954
21
-73.5460889999999949
0
LINE
8
BLACK
6
CONTINUOUS
10
120.2131569999999954
20
-73.5460889999999949
11
120.3497079999999926
21
-73.5861840000000029
0
LINE
8
BLACK
6
CONTINUOUS
10
179.1037079999999833
20
-73.5861840000000029
11
179.2234299999999791
21
-73.6631249999999937
0
LINE
8
BLACK
6
CONTINUOUS
10
179.2234299999999791
20
-73.6631249999999937
11
179.3166269999999827
21
-73.7706799999999987
0
LINE
8
BLACK
6
CONTINUOUS
10
179.3166269999999827
20
-73.7706799999999987
11
179.3757459999999924
21
-73.9001339999999942
0
LINE
8
BLACK
6
CONTINUOUS
10
179.3757459999999924
20
-73.9001339999999942
11
179.3959999999999866
21
-74.0409999999999968
0
LINE
8
BLACK
6
CONTINUOUS
10
179.3959999999999866
20
-74.0409999999999968
11
179.3757459999999924
21
-74.1818659999999994
0
LINE
8
BLACK
6
CONTINUOUS
10
179.3757459999999924
20
-74.1818659999999994
11
179.3166269999999827
21
-74.3113199999999949
0
LINE
8
BLACK
6
CONTINUOUS
10
179.3166269999999827
20
-74.3113199999999949
11
179.2234299999999791
21
-74.4188749999999999
0
LINE
8
BLACK
6
CONTINUOUS
10
179.2234299999999791
20
-74.4188749999999999
11
179.1037079999999833
21
-74.4958159999999907
0
LINE
8
BLACK
6
CONTINUOUS
10
179.1037079999999833
20
-74.4958159999999907
11
178.9671569999999861
21
-74.5359109999999987
0
LINE
8
BLACK
6
CONTINUOUS
10
178.9671569999999861
20
-74.5359109999999987
11
178.8248429999999871
21
-74.5359109999999987
0
LINE
8
BLACK
6
CONTINUOUS
10
178.8248429999999871
20
-74.5359109999999987
11
178.6882919999999899
21
-74.4958159999999907
0
LINE
8
BLACK
6
CONTINUOUS
10
178.6882919999999899
20
-74.4958159999999907
11
178.568569999999994
21
-74.4188749999999999
0
LINE
8
BLACK
6
CONTINUOUS
10
178.568569999999994
20
-74.4188749999999999
11
178.4753729999999905
21
-74.3113199999999949
0
LINE
8
BLACK
6
CONTINUOUS
10
178.4753729999999905
20
-74.3113199999999949
11
178.4162539999999808
21
-74.1818659999999994
0
LINE
8
BLACK
6
CONTINUOUS
10
178.4162539999999808
20
-74.1818659999999994
11
178.3959999999999866
21
-74.0409999999999968
0
LINE
8
BLACK
6
CONTINUOUS
10
178.3959999999999866
20
-74.0409999999999968
11
178.4162539999999808
21
-73.9001339999999942
0
LINE
8
BLACK
6
CONTINUOUS
10
178.4162539999999808
20
-73.9001339999999942
11
178.4753729999999905
21
-73.7706799999999987
0
LINE
8
BLACK
6
CONTINUOUS
10
178.4753729999999905
20
-73.7706799999999987
11
178.568569999999994
21
-73.6631249999999937
0
LINE
8
BLACK
6
CONTINUOUS
10
178.568569999999994
20
-73.6631249999999937
11
178.6882919999999899
21
-73.5861840000000029
0
LINE
8
BLACK
6
CONTINUOUS
10
178.6882919999999899
20
-73.5861840000000029
11
178.8248429999999871
21
-73.5460889999999949
0
LINE
8
BLACK
6
CONTINUOUS
10
178.8248429999999871
20
-73.5460889999999949
11
178.9671569999999861
21
-73.5460889999999949
0
LINE
8
BLACK
6
CONTINUOUS
10
178.9671569999999861
20
-73.5460889999999949
11
179.1037079999999833
21
-73.5861840000000029
0
LINE
8
BLACK
6
CONTINUOUS
10
130.1861069999999927
20
-73.5570769999999925
11
130.2976139999999816
21
-73.6138929999999903
0
LINE
8
BLACK
6
CONTINUOUS
10
130.2976139999999816
20
-73.6138929999999903
11
130.3861069999999813
21
-73.70238599999999
0
LINE
8
BLACK
6
CONTINUOUS
10
130.3861069999999813
20
-73.70238599999999
11
130.4429230000000075
21
-73.8138929999999931
0
LINE
8
BLACK
6
CONTINUOUS
10
130.4429230000000075
20
-73.8138929999999931
11
130.4625000000000057
21
-73.9375
0
LINE
8
BLACK
6
CONTINUOUS
10
130.4625000000000057
20
-73.9375
11
130.4429230000000075
21
-74.0611069999999927
0
LINE
8
BLACK
6
CONTINUOUS
10
130.4429230000000075
20
-74.0611069999999927
11
130.3861069999999813
21
-74.1726139999999958
0
LINE
8
BLACK
6
CONTINUOUS
10
130.3861069999999813
20
-74.1726139999999958
11
130.2976139999999816
21
-74.2611069999999955
0
LINE
8
BLACK
6
CONTINUOUS
10
130.2976139999999816
20
-74.2611069999999955
11
130.1861069999999927
21
-74.3179229999999933
0
LINE
8
BLACK
6
CONTINUOUS
10
130.1861069999999927
20
-74.3179229999999933
11
130.0625
21
-74.3374999999999915
0
LINE
8
BLACK
6
CONTINUOUS
10
130.0625
20
-74.3374999999999915
11
129.9388930000000073
21
-74.3179229999999933
0
LINE
8
BLACK
6
CONTINUOUS
10
129.9388930000000073
20
-74.3179229999999933
11
129.82738599999999
21
-74.2611069999999955
0
LINE
8
BLACK
6
CONTINUOUS
10
129.82738599999999
20
-74.2611069999999955
11
129.7388929999999903
21
-74.1726139999999958
0
LINE
8
BLACK
6
CONTINUOUS
10
129.7388929999999903
20
-74.1726139999999958
11
129.6820769999999925
21
-74.0611069999999927
0
LINE
8
BLACK
6
CONTINUOUS
10
129.6820769999999925
20
-74.0611069999999927
11
129.6624999999999943
21
-73.9375
0
LINE
8
BLACK
6
CONTINUOUS
10
129.6624999999999943
20
-73.9375
11
129.6820769999999925
21
-73.8138929999999931
0
LINE
8
BLACK
6
CONTINUOUS
10
129.6820769999999925
20
-73.8138929999999931
11
129.7388929999999903
21
-73.70238599999999
0
LINE
8
BLACK
6
CONTINUOUS
10
129.7388929999999903
20
-73.70238599999999
11
129.82738599999999
21
-73.6138929999999903
0
LINE
8
BLACK
6
CONTINUOUS
10
129.82738599999999
20
-73.6138929999999903
11
129.9388930000000073
21
-73.5570769999999925
0
LINE
8
BLACK
6
CONTINUOUS
10
129.9388930000000073
20
-73.5570769999999925
11
130.0625
21
-73.5374999999999943
0
LINE
8
BLACK
6
CONTINUOUS
10
130.0625
20
-73.5374999999999943
11
130.1861069999999927
21
-73.5570769999999925
0
LINE
8
BLACK
6
CONTINUOUS
10
128.8236069999999813
20
-73.5195769999999982
11
128.9351139999999987
21
-73.5763929999999959
0
LINE
8
BLACK
6
CONTINUOUS
10
128.9351139999999987
20
-73.5763929999999959
11
129.0236069999999984
21
-73.6648859999999956
0
LINE
8
BLACK
6
CONTINUOUS
10
129.0236069999999984
20
-73.6648859999999956
11
129.0804229999999961
21
-73.7763929999999988
0
LINE
8
BLACK
6
CONTINUOUS
10
129.0804229999999961
20
-73.7763929999999988
11
129.0999999999999943
21
-73.8999999999999915
0
LINE
8
BLACK
6
CONTINUOUS
10
129.0999999999999943
20
-73.8999999999999915
11
129.0804229999999961
21
-74.0236069999999984
0
LINE
8
BLACK
6
CONTINUOUS
10
129.0804229999999961
20
-74.0236069999999984
11
129.0236069999999984
21
-74.1351140000000015
0
LINE
8
BLACK
6
CONTINUOUS
10
129.0236069999999984
20
-74.1351140000000015
11
128.9351139999999987
21
-74.2236070000000012
0
LINE
8
BLACK
6
CONTINUOUS
10
128.9351139999999987
20
-74.2236070000000012
11
128.8236069999999813
21
-74.280422999999999
0
LINE
8
BLACK
6
CONTINUOUS
10
128.8236069999999813
20
-74.280422999999999
11
128.6999999999999886
21
-74.2999999999999972
0
LINE
8
BLACK
6
CONTINUOUS
10
128.6999999999999886
20
-74.2999999999999972
11
128.5763929999999959
21
-74.280422999999999
0
LINE
8
BLACK
6
CONTINUOUS
10
128.5763929999999959
20
-74.280422999999999
11
128.464886000000007
21
-74.2236070000000012
0
LINE
8
BLACK
6
CONTINUOUS
10
128.464886000000007
20
-74.2236070000000012
11
128.3763930000000073
21
-74.1351140000000015
0
LINE
8
BLACK
6
CONTINUOUS
10
128.3763930000000073
20
-74.1351140000000015
11
128.3195769999999811
21
-74.0236069999999984
0
LINE
8
BLACK
6
CONTINUOUS
10
128.3195769999999811
20
-74.0236069999999984
11
128.2999999999999829
21
-73.8999999999999915
0
LINE
8
BLACK
6
CONTINUOUS
10
128.2999999999999829
20
-73.8999999999999915
11
128.3195769999999811
21
-73.7763929999999988
0
LINE
8
BLACK
6
CONTINUOUS
10
128.3195769999999811
20
-73.7763929999999988
11
128.3763930000000073
21
-73.6648859999999956
0
LINE
8
BLACK
6
CONTINUOUS
10
128.3763930000000073
20
-73.6648859999999956
11
128.464886000000007
21
-73.5763929999999959
0
LINE
8
BLACK
6
CONTINUOUS
10
128.464886000000007
20
-73.5763929999999959
11
128.5763929999999959
21
-73.5195769999999982
0
LINE
8
BLACK
6
CONTINUOUS
10
128.5763929999999959
20
-73.5195769999999982
11
128.6999999999999886
21
-73.5
0
LINE
8
BLACK
6
CONTINUOUS
10
128.6999999999999886
20
-73.5
11
128.8236069999999813
21
-73.5195769999999982
0
LINE
8
BLACK
6
CONTINUOUS
10
141.8736069999999927
20
-52.6195769999999996
11
141.9851139999999816
21
-52.6763929999999974
0
LINE
8
BLACK
6
CONTINUOUS
10
141.9851139999999816
20
-52.6763929999999974
11
142.0736069999999813
21
-52.7648859999999971
0
LINE
8
BLACK
6
CONTINUOUS
10
142.0736069999999813
20
-52.7648859999999971
11
142.1304230000000075
21
-52.8763930000000002
0
LINE
8
BLACK
6
CONTINUOUS
10
142.1304230000000075
20
-52.8763930000000002
11
142.1500000000000057
21
-53.
0
LINE
8
BLACK
6
CONTINUOUS
10
142.1500000000000057
20
-53.
11
142.1304230000000075
21
-53.1236069999999998
0
LINE
8
BLACK
6
CONTINUOUS
10
142.1304230000000075
20
-53.1236069999999998
11
142.0736069999999813
21
-53.2351139999999958
0
LINE
8
BLACK
6
CONTINUOUS
10
142.0736069999999813
20
-53.2351139999999958
11
141.9851139999999816
21
-53.3236069999999955
0
LINE
8
BLACK
6
CONTINUOUS
10
141.9851139999999816
20
-53.3236069999999955
11
141.8736069999999927
21
-53.3804230000000004
0
LINE
8
BLACK
6
CONTINUOUS
10
141.8736069999999927
20
-53.3804230000000004
11
141.75
21
-53.3999999999999986
0
LINE
8
BLACK
6
CONTINUOUS
10
141.75
20
-53.3999999999999986
11
141.7099029999999971
21
-53.3936489999999964
0
LINE
8
BLACK
6
CONTINUOUS
10
141.7099029999999971
20
-53.3936489999999964
11
140.0769999999999982
21
-55.0265529999999998
0
LINE
8
BLACK
6
CONTINUOUS
10
140.0769999999999982
20
-55.0265529999999998
11
140.0769999999999982
21
-62.8649999999999949
0
LINE
8
BLACK
6
CONTINUOUS
10
140.0769999999999982
20
-62.8649999999999949
11
140.0721969999999885
21
-62.9137619999999984
0
LINE
8
BLACK
6
CONTINUOUS
10
140.0721969999999885
20
-62.9137619999999984
11
140.0721969999999885
21
-62.9137719999999945
0
LINE
8
BLACK
6
CONTINUOUS
10
140.0721969999999885
20
-62.9137719999999945
11
140.0348679999999888
21
-63.0038920000000005
0
LINE
8
BLACK
6
CONTINUOUS
10
140.0348679999999888
20
-63.0038920000000005
11
140.0037769999999853
21
-63.0417759999999987
0
LINE
8
BLACK
6
CONTINUOUS
10
140.0037769999999853
20
-63.0417759999999987
11
139.0999999999999943
21
-63.9455529999999968
0
LINE
8
BLACK
6
CONTINUOUS
10
139.0999999999999943
20
-63.9455529999999968
11
139.0999999999999943
21
-67.652000000000001
0
LINE
8
BLACK
6
CONTINUOUS
10
139.0999999999999943
20
-67.652000000000001
11
139.0951959999999872
21
-67.7007729999999981
0
LINE
8
BLACK
6
CONTINUOUS
10
139.0951959999999872
20
-67.7007729999999981
11
139.0578669999999875
21
-67.790892999999997
0
LINE
8
BLACK
6
CONTINUOUS
10
139.0578669999999875
20
-67.790892999999997
11
139.0578620000000001
21
-67.7908970000000011
0
LINE
8
BLACK
6
CONTINUOUS
10
139.0578620000000001
20
-67.7908970000000011
11
139.0267769999999814
21
-67.8287770000000023
0
LINE
8
BLACK
6
CONTINUOUS
10
139.0267769999999814
20
-67.8287770000000023
11
136.
21
-70.8555539999999979
0
LINE
8
BLACK
6
CONTINUOUS
10
136.
20
-70.8555539999999979
11
136.
21
-72.8485280000000017
0
LINE
8
BLACK
6
CONTINUOUS
10
136.
20
-72.8485280000000017
11
136.7735169999999982
21
-73.622045
0
LINE
8
BLACK
6
CONTINUOUS
10
136.7735169999999982
20
-73.622045
11
137.6246019999999817
21
-73.622045
0
LINE
8
BLACK
6
CONTINUOUS
10
137.6246019999999817
20
-73.622045
11
137.6982089999999914
21
-73.5484379999999902
0
LINE
8
BLACK
6
CONTINUOUS
10
137.6982089999999914
20
-73.5484379999999902
11
137.8097159999999803
21
-73.4916219999999925
0
LINE
8
BLACK
6
CONTINUOUS
10
137.8097159999999803
20
-73.4916219999999925
11
137.9333230000000015
21
-73.4720449999999943
0
LINE
8
BLACK
6
CONTINUOUS
10
137.9333230000000015
20
-73.4720449999999943
11
138.0569299999999942
21
-73.4916219999999925
0
LINE
8
BLACK
6
CONTINUOUS
10
138.0569299999999942
20
-73.4916219999999925
11
138.1684369999999831
21
-73.5484379999999902
0
LINE
8
BLACK
6
CONTINUOUS
10
138.1684369999999831
20
-73.5484379999999902
11
138.2569299999999828
21
-73.6369309999999899
0
LINE
8
BLACK
6
CONTINUOUS
10
138.2569299999999828
20
-73.6369309999999899
11
138.3137459999999805
21
-73.7484379999999931
0
LINE
8
BLACK
6
CONTINUOUS
10
138.3137459999999805
20
-73.7484379999999931
11
138.3333230000000071
21
-73.872045
0
LINE
8
BLACK
6
CONTINUOUS
10
138.3333230000000071
20
-73.872045
11
138.3137459999999805
21
-73.9956519999999927
0
LINE
8
BLACK
6
CONTINUOUS
10
138.3137459999999805
20
-73.9956519999999927
11
138.2569299999999828
21
-74.1071589999999958
0
LINE
8
BLACK
6
CONTINUOUS
10
138.2569299999999828
20
-74.1071589999999958
11
138.1684369999999831
21
-74.1956519999999955
0
LINE
8
BLACK
6
CONTINUOUS
10
138.1684369999999831
20
-74.1956519999999955
11
138.0569299999999942
21
-74.2524679999999933
0
LINE
8
BLACK
6
CONTINUOUS
10
138.0569299999999942
20
-74.2524679999999933
11
137.9333230000000015
21
-74.2720449999999914
0
LINE
8
BLACK
6
CONTINUOUS
10
137.9333230000000015
20
-74.2720449999999914
11
137.8097159999999803
21
-74.2524679999999933
0
LINE
8
BLACK
6
CONTINUOUS
10
137.8097159999999803
20
-74.2524679999999933
11
137.6982089999999914
21
-74.1956519999999955
0
LINE
8
BLACK
6
CONTINUOUS
10
137.6982089999999914
20
-74.1956519999999955
11
137.6246019999999817
21
-74.122045
0
LINE
8
BLACK
6
CONTINUOUS
10
137.6246019999999817
20
-74.122045
11
136.6699629999999956
21
-74.122045
0
LINE
8
BLACK
6
CONTINUOUS
10
136.6699629999999956
20
-74.122045
11
136.6211899999999844
21
-74.1172409999999928
0
LINE
8
BLACK
6
CONTINUOUS
10
136.6211899999999844
20
-74.1172409999999928
11
136.5310699999999997
21
-74.0799119999999931
0
LINE
8
BLACK
6
CONTINUOUS
10
136.5310699999999997
20
-74.0799119999999931
11
136.5310649999999839
21
-74.0799069999999915
0
LINE
8
BLACK
6
CONTINUOUS
10
136.5310649999999839
20
-74.0799069999999915
11
136.4931859999999801
21
-74.0488220000000013
0
LINE
8
BLACK
6
CONTINUOUS
10
136.4931859999999801
20
-74.0488220000000013
11
135.5732229999999845
21
-73.1288589999999914
0
LINE
8
BLACK
6
CONTINUOUS
10
135.5732229999999845
20
-73.1288589999999914
11
135.5421369999999968
21
-73.0909789999999902
0
LINE
8
BLACK
6
CONTINUOUS
10
135.5421369999999968
20
-73.0909789999999902
11
135.5421330000000069
21
-73.0909750000000003
0
LINE
8
BLACK
6
CONTINUOUS
10
135.5421330000000069
20
-73.0909750000000003
11
135.5048040000000071
21
-73.0008550000000014
0
LINE
8
BLACK
6
CONTINUOUS
10
135.5048040000000071
20
-73.0008550000000014
11
135.5
21
-72.9520819999999901
0
LINE
8
BLACK
6
CONTINUOUS
10
135.5
20
-72.9520819999999901
11
135.5
21
-70.7519999999999953
0
LINE
8
BLACK
6
CONTINUOUS
10
135.5
20
-70.7519999999999953
11
135.5048040000000071
21
-70.7032269999999983
0
LINE
8
BLACK
6
CONTINUOUS
10
135.5048040000000071
20
-70.7032269999999983
11
135.5421330000000069
21
-70.6131069999999994
0
LINE
8
BLACK
6
CONTINUOUS
10
135.5421330000000069
20
-70.6131069999999994
11
135.5421369999999968
21
-70.6131019999999978
0
LINE
8
BLACK
6
CONTINUOUS
10
135.5421369999999968
20
-70.6131019999999978
11
135.5732229999999845
21
-70.575222999999994
0
LINE
8
BLACK
6
CONTINUOUS
10
135.5732229999999845
20
-70.575222999999994
11
138.5999999999999943
21
-67.5484459999999984
0
LINE
8
BLACK
6
CONTINUOUS
10
138.5999999999999943
20
-67.5484459999999984
11
138.5999999999999943
21
-63.8419999999999987
0
LINE
8
BLACK
6
CONTINUOUS
10
138.5999999999999943
20
-63.8419999999999987
11
138.6048040000000015
21
-63.7932269999999946
0
LINE
8
BLACK
6
CONTINUOUS
10
138.6048040000000015
20
-63.7932269999999946
11
138.6421330000000012
21
-63.7031069999999957
0
LINE
8
BLACK
6
CONTINUOUS
10
138.6421330000000012
20
-63.7031069999999957
11
138.6421369999999911
21
-63.7031019999999941
0
LINE
8
BLACK
6
CONTINUOUS
10
138.6421369999999911
20
-63.7031019999999941
11
138.6732230000000072
21
-63.6652229999999975
0
LINE
8
BLACK
6
CONTINUOUS
10
138.6732230000000072
20
-63.6652229999999975
11
139.5769999999999982
21
-62.7614459999999994
0
LINE
8
BLACK
6
CONTINUOUS
10
139.5769999999999982
20
-62.7614459999999994
11
139.5769999999999982
21
-54.9229999999999947
0
LINE
8
BLACK
6
CONTINUOUS
10
139.5769999999999982
20
-54.9229999999999947
11
139.5818040000000053
21
-54.8742269999999976
0
LINE
8
BLACK
6
CONTINUOUS
10
139.5818040000000053
20
-54.8742269999999976
11
139.619133000000005
21
-54.7841069999999988
0
LINE
8
BLACK
6
CONTINUOUS
10
139.619133000000005
20
-54.7841069999999988
11
139.6191369999999949
21
-54.7841019999999972
0
LINE
8
BLACK
6
CONTINUOUS
10
139.6191369999999949
20
-54.7841019999999972
11
139.6502229999999827
21
-54.7462230000000005
0
LINE
8
BLACK
6
CONTINUOUS
10
139.6502229999999827
20
-54.7462230000000005
11
141.356349999999992
21
-53.0400959999999984
0
LINE
8
BLACK
6
CONTINUOUS
10
141.356349999999992
20
-53.0400959999999984
11
141.3499999999999943
21
-53.
0
LINE
8
BLACK
6
CONTINUOUS
10
141.3499999999999943
20
-53.
11
141.3695769999999925
21
-52.8763930000000002
0
LINE
8
BLACK
6
CONTINUOUS
10
141.3695769999999925
20
-52.8763930000000002
11
141.4263929999999903
21
-52.7648859999999971
0
LINE
8
BLACK
6
CONTINUOUS
10
141.4263929999999903
20
-52.7648859999999971
11
141.51488599999999
21
-52.6763929999999974
0
LINE
8
BLACK
6
CONTINUOUS
10
141.51488599999999
20
-52.6763929999999974
11
141.6263930000000073
21
-52.6195769999999996
0
LINE
8
BLACK
6
CONTINUOUS
10
141.6263930000000073
20
-52.6195769999999996
11
141.75
21
-52.5999999999999943
0
LINE
8
BLACK
6
CONTINUOUS
10
141.75
20
-52.5999999999999943
11
141.8736069999999927
21
-52.6195769999999996
0
LINE
8
BLACK
6
CONTINUOUS
10
168.2611069999999813
20
-73.2570769999999953
11
168.3726139999999987
21
-73.3138929999999931
0
LINE
8
BLACK
6
CONTINUOUS
10
168.3726139999999987
20
-73.3138929999999931
11
168.4611069999999984
21
-73.4023859999999928
0
LINE
8
BLACK
6
CONTINUOUS
10
168.4611069999999984
20
-73.4023859999999928
11
168.5179229999999961
21
-73.5138929999999959
0
LINE
8
BLACK
6
CONTINUOUS
10
168.5179229999999961
20
-73.5138929999999959
11
168.5374999999999943
21
-73.6375000000000028
0
LINE
8
BLACK
6
CONTINUOUS
10
168.5374999999999943
20
-73.6375000000000028
11
168.5179229999999961
21
-73.7611069999999955
0
LINE
8
BLACK
6
CONTINUOUS
10
168.5179229999999961
20
-73.7611069999999955
11
168.4611069999999984
21
-73.8726139999999987
0
LINE
8
BLACK
6
CONTINUOUS
10
168.4611069999999984
20
-73.8726139999999987
11
168.3726139999999987
21
-73.9611069999999984
0
LINE
8
BLACK
6
CONTINUOUS
10
168.3726139999999987
20
-73.9611069999999984
11
168.2611069999999813
21
-74.0179229999999961
0
LINE
8
BLACK
6
CONTINUOUS
10
168.2611069999999813
20
-74.0179229999999961
11
168.1374999999999886
21
-74.0374999999999943
0
LINE
8
BLACK
6
CONTINUOUS
10
168.1374999999999886
20
-74.0374999999999943
11
168.0138929999999959
21
-74.0179229999999961
0
LINE
8
BLACK
6
CONTINUOUS
10
168.0138929999999959
20
-74.0179229999999961
11
167.9023859999999786
21
-73.9611069999999984
0
LINE
8
BLACK
6
CONTINUOUS
10
167.9023859999999786
20
-73.9611069999999984
11
167.8138929999999789
21
-73.8726139999999987
0
LINE
8
BLACK
6
CONTINUOUS
10
167.8138929999999789
20
-73.8726139999999987
11
167.7570769999999811
21
-73.7611069999999955
0
LINE
8
BLACK
6
CONTINUOUS
10
167.7570769999999811
20
-73.7611069999999955
11
167.7374999999999829
21
-73.6375000000000028
0
LINE
8
BLACK
6
CONTINUOUS
10
167.7374999999999829
20
-73.6375000000000028
11
167.7570769999999811
21
-73.5138929999999959
0
LINE
8
BLACK
6
CONTINUOUS
10
167.7570769999999811
20
-73.5138929999999959
11
167.8138929999999789
21
-73.4023859999999928
0
LINE
8
BLACK
6
CONTINUOUS
10
167.8138929999999789
20
-73.4023859999999928
11
167.9023859999999786
21
-73.3138929999999931
0
LINE
8
BLACK
6
CONTINUOUS
10
167.9023859999999786
20
-73.3138929999999931
11
168.0138929999999959
21
-73.2570769999999953
0
LINE
8
BLACK
6
CONTINUOUS
10
168.0138929999999959
20
-73.2570769999999953
11
168.1374999999999886
21
-73.2374999999999972
0
LINE
8
BLACK
6
CONTINUOUS
10
168.1374999999999886
20
-73.2374999999999972
11
168.2611069999999813
21
-73.2570769999999953
0
LINE
8
BLACK
6
CONTINUOUS
10
170.0929739999999981
20
-73.2115029999999933
11
170.204480999999987
21
-73.2683189999999911
0
LINE
8
BLACK
6
CONTINUOUS
10
170.204480999999987
20
-73.2683189999999911
11
170.2929739999999867
21
-73.3568119999999908
0
LINE
8
BLACK
6
CONTINUOUS
10
170.2929739999999867
20
-73.3568119999999908
11
170.3497899999999845
21
-73.4683189999999939
0
LINE
8
BLACK
6
CONTINUOUS
10
170.3497899999999845
20
-73.4683189999999939
11
170.3693669999999827
21
-73.5919260000000008
0
LINE
8
BLACK
6
CONTINUOUS
10
170.3693669999999827
20
-73.5919260000000008
11
170.3497899999999845
21
-73.7155329999999935
0
LINE
8
BLACK
6
CONTINUOUS
10
170.3497899999999845
20
-73.7155329999999935
11
170.2929739999999867
21
-73.8270399999999967
0
LINE
8
BLACK
6
CONTINUOUS
10
170.2929739999999867
20
-73.8270399999999967
11
170.204480999999987
21
-73.9155329999999964
0
LINE
8
BLACK
6
CONTINUOUS
10
170.204480999999987
20
-73.9155329999999964
11
170.0929739999999981
21
-73.9723489999999941
0
LINE
8
BLACK
6
CONTINUOUS
10
170.0929739999999981
20
-73.9723489999999941
11
169.9693670000000054
21
-73.9919259999999923
0
LINE
8
BLACK
6
CONTINUOUS
10
169.9693670000000054
20
-73.9919259999999923
11
169.8457599999999843
21
-73.9723489999999941
0
LINE
8
BLACK
6
CONTINUOUS
10
169.8457599999999843
20
-73.9723489999999941
11
169.7342529999999954
21
-73.9155329999999964
0
LINE
8
BLACK
6
CONTINUOUS
10
169.7342529999999954
20
-73.9155329999999964
11
169.6457599999999957
21
-73.8270399999999967
0
LINE
8
BLACK
6
CONTINUOUS
10
169.6457599999999957
20
-73.8270399999999967
11
169.5889439999999979
21
-73.7155329999999935
0
LINE
8
BLACK
6
CONTINUOUS
10
169.5889439999999979
20
-73.7155329999999935
11
169.5693669999999997
21
-73.5919260000000008
0
LINE
8
BLACK
6
CONTINUOUS
10
169.5693669999999997
20
-73.5919260000000008
11
169.5889439999999979
21
-73.4683189999999939
0
LINE
8
BLACK
6
CONTINUOUS
10
169.5889439999999979
20
-73.4683189999999939
11
169.6457599999999957
21
-73.3568119999999908
0
LINE
8
BLACK
6
CONTINUOUS
10
169.6457599999999957
20
-73.3568119999999908
11
169.7342529999999954
21
-73.2683189999999911
0
LINE
8
BLACK
6
CONTINUOUS
10
169.7342529999999954
20
-73.2683189999999911
11
169.8457599999999843
21
-73.2115029999999933
0
LINE
8
BLACK
6
CONTINUOUS
10
169.8457599999999843
20
-73.2115029999999933
11
169.9693670000000054
21
-73.1919259999999952
0
LINE
8
BLACK
6
CONTINUOUS
10
169.9693670000000054
20
-73.1919259999999952
11
170.0929739999999981
21
-73.2115029999999933
0
LINE
8
BLACK
6
CONTINUOUS
10
127.2386069999999876
20
-72.6195769999999925
11
127.3501139999999907
21
-72.6763929999999903
0
LINE
8
BLACK
6
CONTINUOUS
10
127.3501139999999907
20
-72.6763929999999903
11
127.4386069999999904
21
-72.76488599999999
0
LINE
8
BLACK
6
CONTINUOUS
10
127.4386069999999904
20
-72.76488599999999
11
127.4954229999999882
21
-72.8763929999999931
0
LINE
8
BLACK
6
CONTINUOUS
10
127.4954229999999882
20
-72.8763929999999931
11
127.5150000000000006
21
-73.
0
LINE
8
BLACK
6
CONTINUOUS
10
127.5150000000000006
20
-73.
11
127.4954229999999882
21
-73.1236069999999927
0
LINE
8
BLACK
6
CONTINUOUS
10
127.4954229999999882
20
-73.1236069999999927
11
127.4386069999999904
21
-73.2351139999999958
0
LINE
8
BLACK
6
CONTINUOUS
10
127.4386069999999904
20
-73.2351139999999958
11
127.3501139999999907
21
-73.3236069999999955
0
LINE
8
BLACK
6
CONTINUOUS
10
127.3501139999999907
20
-73.3236069999999955
11
127.2386069999999876
21
-73.3804229999999933
0
LINE
8
BLACK
6
CONTINUOUS
10
127.2386069999999876
20
-73.3804229999999933
11
127.1149999999999949
21
-73.3999999999999915
0
LINE
8
BLACK
6
CONTINUOUS
10
127.1149999999999949
20
-73.3999999999999915
11
126.991392999999988
21
-73.3804229999999933
0
LINE
8
BLACK
6
CONTINUOUS
10
126.991392999999988
20
-73.3804229999999933
11
126.8798859999999991
21
-73.3236069999999955
0
LINE
8
BLACK
6
CONTINUOUS
10
126.8798859999999991
20
-73.3236069999999955
11
126.7913929999999993
21
-73.2351139999999958
0
LINE
8
BLACK
6
CONTINUOUS
10
126.7913929999999993
20
-73.2351139999999958
11
126.7345769999999874
21
-73.1236069999999927
0
LINE
8
BLACK
6
CONTINUOUS
10
126.7345769999999874
20
-73.1236069999999927
11
126.7149999999999892
21
-73.
0
LINE
8
BLACK
6
CONTINUOUS
10
126.7149999999999892
20
-73.
11
126.7345769999999874
21
-72.8763929999999931
0
LINE
8
BLACK
6
CONTINUOUS
10
126.7345769999999874
20
-72.8763929999999931
11
126.7913929999999993
21
-72.76488599999999
0
LINE
8
BLACK
6
CONTINUOUS
10
126.7913929999999993
20
-72.76488599999999
11
126.8798859999999991
21
-72.6763929999999903
0
LINE
8
BLACK
6
CONTINUOUS
10
126.8798859999999991
20
-72.6763929999999903
11
126.991392999999988
21
-72.6195769999999925
0
LINE
8
BLACK
6
CONTINUOUS
10
126.991392999999988
20
-72.6195769999999925
11
127.1149999999999949
21
-72.5999999999999943
0
LINE
8
BLACK
6
CONTINUOUS
10
127.1149999999999949
20
-72.5999999999999943
11
127.2386069999999876
21
-72.6195769999999925
0
LINE
8
BLACK
6
CONTINUOUS
10
147.9516069999999957
20
-72.5175770000000028
11
148.0631139999999846
21
-72.5743930000000006
0
LINE
8
BLACK
6
CONTINUOUS
10
148.0631139999999846
20
-72.5743930000000006
11
148.1516069999999843
21
-72.6628860000000003
0
LINE
8
BLACK
6
CONTINUOUS
10
148.1516069999999843
20
-72.6628860000000003
11
148.208422999999982
21
-72.7743930000000034
0
LINE
8
BLACK
6
CONTINUOUS
10
148.208422999999982
20
-72.7743930000000034
11
148.2279999999999802
21
-72.8979999999999961
0
LINE
8
BLACK
6
CONTINUOUS
10
148.2279999999999802
20
-72.8979999999999961
11
148.208422999999982
21
-73.021607000000003
0
LINE
8
BLACK
6
CONTINUOUS
10
148.208422999999982
20
-73.021607000000003
11
148.1516069999999843
21
-73.133113999999992
0
LINE
8
BLACK
6
CONTINUOUS
10
148.1516069999999843
20
-73.133113999999992
11
148.0631139999999846
21
-73.2216069999999917
0
LINE
8
BLACK
6
CONTINUOUS
10
148.0631139999999846
20
-73.2216069999999917
11
147.9516069999999957
21
-73.2784230000000036
0
LINE
8
BLACK
6
CONTINUOUS
10
147.9516069999999957
20
-73.2784230000000036
11
147.828000000000003
21
-73.2980000000000018
0
LINE
8
BLACK
6
CONTINUOUS
10
147.828000000000003
20
-73.2980000000000018
11
147.7043929999999818
21
-73.2784230000000036
0
LINE
8
BLACK
6
CONTINUOUS
10
147.7043929999999818
20
-73.2784230000000036
11
147.5928859999999929
21
-73.2216069999999917
0
LINE
8
BLACK
6
CONTINUOUS
10
147.5928859999999929
20
-73.2216069999999917
11
147.5043929999999932
21
-73.133113999999992
0
LINE
8
BLACK
6
CONTINUOUS
10
147.5043929999999932
20
-73.133113999999992
11
147.4475769999999955
21
-73.021607000000003
0
LINE
8
BLACK
6
CONTINUOUS
10
147.4475769999999955
20
-73.021607000000003
11
147.4279999999999973
21
-72.8979999999999961
0
LINE
8
BLACK
6
CONTINUOUS
10
147.4279999999999973
20
-72.8979999999999961
11
147.4475769999999955
21
-72.7743930000000034
0
LINE
8
BLACK
6
CONTINUOUS
10
147.4475769999999955
20
-72.7743930000000034
11
147.5043929999999932
21
-72.6628860000000003
0
LINE
8
BLACK
6
CONTINUOUS
10
147.5043929999999932
20
-72.6628860000000003
11
147.5928859999999929
21
-72.5743930000000006
0
LINE
8
BLACK
6
CONTINUOUS
10
147.5928859999999929
20
-72.5743930000000006
11
147.7043929999999818
21
-72.5175770000000028
0
LINE
8
BLACK
6
CONTINUOUS
10
147.7043929999999818
20
-72.5175770000000028
11
147.828000000000003
21
-72.4979999999999905
0
LINE
8
BLACK
6
CONTINUOUS
10
147.828000000000003
20
-72.4979999999999905
11
147.9516069999999957
21
-72.5175770000000028
0
LINE
8
BLACK
6
CONTINUOUS
10
149.2216070000000059
20
-72.5175770000000028
11
149.3331139999999948
21
-72.5743930000000006
0
LINE
8
BLACK
6
CONTINUOUS
10
149.3331139999999948
20
-72.5743930000000006
11
149.4216069999999945
21
-72.6628860000000003
0
LINE
8
BLACK
6
CONTINUOUS
10
149.4216069999999945
20
-72.6628860000000003
11
149.4784229999999923
21
-72.7743930000000034
0
LINE
8
BLACK
6
CONTINUOUS
10
149.4784229999999923
20
-72.7743930000000034
11
149.4979999999999905
21
-72.8979999999999961
0
LINE
8
BLACK
6
CONTINUOUS
10
149.4979999999999905
20
-72.8979999999999961
11
149.4784229999999923
21
-73.021607000000003
0
LINE
8
BLACK
6
CONTINUOUS
10
149.4784229999999923
20
-73.021607000000003
11
149.4216069999999945
21
-73.133113999999992
0
LINE
8
BLACK
6
CONTINUOUS
10
149.4216069999999945
20
-73.133113999999992
11
149.3331139999999948
21
-73.2216069999999917
0
LINE
8
BLACK
6
CONTINUOUS
10
149.3331139999999948
20
-73.2216069999999917
11
149.2216070000000059
21
-73.2784230000000036
0
LINE
8
BLACK
6
CONTINUOUS
10
149.2216070000000059
20
-73.2784230000000036
11
149.0979999999999848
21
-73.2980000000000018
0
LINE
8
BLACK
6
CONTINUOUS
10
149.0979999999999848
20
-73.2980000000000018
11
148.9743929999999921
21
-73.2784230000000036
0
LINE
8
BLACK
6
CONTINUOUS
10
148.9743929999999921
20
-73.2784230000000036
11
148.8628860000000032
21
-73.2216069999999917
0
LINE
8
BLACK
6
CONTINUOUS
10
148.8628860000000032
20
-73.2216069999999917
11
148.7743930000000034
21
-73.133113999999992
0
LINE
8
BLACK
6
CONTINUOUS
10
148.7743930000000034
20
-73.133113999999992
11
148.7175770000000057
21
-73.021607000000003
0
LINE
8
BLACK
6
CONTINUOUS
10
148.7175770000000057
20
-73.021607000000003
11
148.6979999999999791
21
-72.8979999999999961
0
LINE
8
BLACK
6
CONTINUOUS
10
148.6979999999999791
20
-72.8979999999999961
11
148.7175770000000057
21
-72.7743930000000034
0
LINE
8
BLACK
6
CONTINUOUS
10
148.7175770000000057
20
-72.7743930000000034
11
148.7743930000000034
21
-72.6628860000000003
0
LINE
8
BLACK
6
CONTINUOUS
10
148.7743930000000034
20
-72.6628860000000003
11
148.8628860000000032
21
-72.5743930000000006
0
LINE
8
BLACK
6
CONTINUOUS
10
148.8628860000000032
20
-72.5743930000000006
11
148.9743929999999921
21
-72.5175770000000028
0
LINE
8
BLACK
6
CONTINUOUS
10
148.9743929999999921
20
-72.5175770000000028
11
149.0979999999999848
21
-72.4979999999999905
0
LINE
8
BLACK
6
CONTINUOUS
10
149.0979999999999848
20
-72.4979999999999905
11
149.2216070000000059
21
-72.5175770000000028
0
LINE
8
BLACK
6
CONTINUOUS
10
150.4916069999999877
20
-72.5175770000000028
11
150.603114000000005
21
-72.5743930000000006
0
LINE
8
BLACK
6
CONTINUOUS
10
150.603114000000005
20
-72.5743930000000006
11
150.6916070000000047
21
-72.6628860000000003
0
LINE
8
BLACK
6
CONTINUOUS
10
150.6916070000000047
20
-72.6628860000000003
11
150.7484230000000025
21
-72.7743930000000034
0
LINE
8
BLACK
6
CONTINUOUS
10
150.7484230000000025
20
-72.7743930000000034
11
150.7680000000000007
21
-72.8979999999999961
0
LINE
8
BLACK
6
CONTINUOUS
10
150.7680000000000007
20
-72.8979999999999961
11
150.7484230000000025
21
-73.021607000000003
0
LINE
8
BLACK
6
CONTINUOUS
10
150.7484230000000025
20
-73.021607000000003
11
150.6916070000000047
21
-73.133113999999992
0
LINE
8
BLACK
6
CONTINUOUS
10
150.6916070000000047
20
-73.133113999999992
11
150.603114000000005
21
-73.2216069999999917
0
LINE
8
BLACK
6
CONTINUOUS
10
150.603114000000005
20
-73.2216069999999917
11
150.4916069999999877
21
-73.2784230000000036
0
LINE
8
BLACK
6
CONTINUOUS
10
150.4916069999999877
20
-73.2784230000000036
11
150.367999999999995
21
-73.2980000000000018
0
LINE
8
BLACK
6
CONTINUOUS
10
150.367999999999995
20
-73.2980000000000018
11
150.2443930000000023
21
-73.2784230000000036
0
LINE
8
BLACK
6
CONTINUOUS
10
150.2443930000000023
20
-73.2784230000000036
11
150.132885999999985
21
-73.2216069999999917
0
LINE
8
BLACK
6
CONTINUOUS
10
150.132885999999985
20
-73.2216069999999917
11
150.0443929999999852
21
-73.133113999999992
0
LINE
8
BLACK
6
CONTINUOUS
10
150.0443929999999852
20
-73.133113999999992
11
149.9875769999999875
21
-73.021607000000003
0
LINE
8
BLACK
6
CONTINUOUS
10
149.9875769999999875
20
-73.021607000000003
11
149.9679999999999893
21
-72.8979999999999961
0
LINE
8
BLACK
6
CONTINUOUS
10
149.9679999999999893
20
-72.8979999999999961
11
149.9875769999999875
21
-72.7743930000000034
0
LINE
8
BLACK
6
CONTINUOUS
10
149.9875769999999875
20
-72.7743930000000034
11
150.0443929999999852
21
-72.6628860000000003
0
LINE
8
BLACK
6
CONTINUOUS
10
150.0443929999999852
20
-72.6628860000000003
11
150.132885999999985
21
-72.5743930000000006
0
LINE
8
BLACK
6
CONTINUOUS
10
150.132885999999985
20
-72.5743930000000006
11
150.2443930000000023
21
-72.5175770000000028
0
LINE
8
BLACK
6
CONTINUOUS
10
150.2443930000000023
20
-72.5175770000000028
11
150.367999999999995
21
-72.4979999999999905
0
LINE
8
BLACK
6
CONTINUOUS
10
150.367999999999995
20
-72.4979999999999905
11
150.4916069999999877
21
-72.5175770000000028
0
LINE
8
BLACK
6
CONTINUOUS
10
172.2586069999999836
20
-72.5045769999999976
11
172.3701140000000009
21
-72.5613929999999954
0
LINE
8
BLACK
6
CONTINUOUS
10
172.3701140000000009
20
-72.5613929999999954
11
172.4586070000000007
21
-72.6498859999999951
0
LINE
8
BLACK
6
CONTINUOUS
10
172.4586070000000007
20
-72.6498859999999951
11
172.5154229999999984
21
-72.7613929999999982
0
LINE
8
BLACK
6
CONTINUOUS
10
172.5154229999999984
20
-72.7613929999999982
11
172.5349999999999966
21
-72.8849999999999909
0
LINE
8
BLACK
6
CONTINUOUS
10
172.5349999999999966
20
-72.8849999999999909
11
172.5154229999999984
21
-73.0086069999999978
0
LINE
8
BLACK
6
CONTINUOUS
10
172.5154229999999984
20
-73.0086069999999978
11
172.4586070000000007
21
-73.1201140000000009
0
LINE
8
BLACK
6
CONTINUOUS
10
172.4586070000000007
20
-73.1201140000000009
11
172.3701140000000009
21
-73.2086070000000007
0
LINE
8
BLACK
6
CONTINUOUS
10
172.3701140000000009
20
-73.2086070000000007
11
172.2586069999999836
21
-73.2654229999999984
0
LINE
8
BLACK
6
CONTINUOUS
10
172.2586069999999836
20
-73.2654229999999984
11
172.1349999999999909
21
-73.2849999999999966
0
LINE
8
BLACK
6
CONTINUOUS
10
172.1349999999999909
20
-73.2849999999999966
11
172.0113929999999982
21
-73.2654229999999984
0
LINE
8
BLACK
6
CONTINUOUS
10
172.0113929999999982
20
-73.2654229999999984
11
171.8998859999999809
21
-73.2086070000000007
0
LINE
8
BLACK
6
CONTINUOUS
10
171.8998859999999809
20
-73.2086070000000007
11
171.8113929999999812
21
-73.1201140000000009
0
LINE
8
BLACK
6
CONTINUOUS
10
171.8113929999999812
20
-73.1201140000000009
11
171.7545769999999834
21
-73.0086069999999978
0
LINE
8
BLACK
6
CONTINUOUS
10
171.7545769999999834
20
-73.0086069999999978
11
171.7349999999999852
21
-72.8849999999999909
0
LINE
8
BLACK
6
CONTINUOUS
10
171.7349999999999852
20
-72.8849999999999909
11
171.7545769999999834
21
-72.7613929999999982
0
LINE
8
BLACK
6
CONTINUOUS
10
171.7545769999999834
20
-72.7613929999999982
11
171.8113929999999812
21
-72.6498859999999951
0
LINE
8
BLACK
6
CONTINUOUS
10
171.8113929999999812
20
-72.6498859999999951
11
171.8998859999999809
21
-72.5613929999999954
0
LINE
8
BLACK
6
CONTINUOUS
10
171.8998859999999809
20
-72.5613929999999954
11
172.0113929999999982
21
-72.5045769999999976
0
LINE
8
BLACK
6
CONTINUOUS
10
172.0113929999999982
20
-72.5045769999999976
11
172.1349999999999909
21
-72.4849999999999994
0
LINE
8
BLACK
6
CONTINUOUS
10
172.1349999999999909
20
-72.4849999999999994
11
172.2586069999999836
21
-72.5045769999999976
0
LINE
8
BLACK
6
CONTINUOUS
10
120.3497079999999926
20
-72.3161839999999927
11
120.4694299999999885
21
-72.3931249999999977
0
LINE
8
BLACK
6
CONTINUOUS
10
120.4694299999999885
20
-72.3931249999999977
11
120.562626999999992
21
-72.5006800000000027
0
LINE
8
BLACK
6
CONTINUOUS
10
120.562626999999992
20
-72.5006800000000027
11
120.6217459999999875
21
-72.6301339999999982
0
LINE
8
BLACK
6
CONTINUOUS
10
120.6217459999999875
20
-72.6301339999999982
11
120.6419999999999959
21
-72.7710000000000008
0
LINE
8
BLACK
6
CONTINUOUS
10
120.6419999999999959
20
-72.7710000000000008
11
120.6217459999999875
21
-72.9118660000000034
0
LINE
8
BLACK
6
CONTINUOUS
10
120.6217459999999875
20
-72.9118660000000034
11
120.562626999999992
21
-73.0413199999999989
0
LINE
8
BLACK
6
CONTINUOUS
10
120.562626999999992
20
-73.0413199999999989
11
120.4694299999999885
21
-73.1488749999999897
0
LINE
8
BLACK
6
CONTINUOUS
10
120.4694299999999885
20
-73.1488749999999897
11
120.3497079999999926
21
-73.2258159999999947
0
LINE
8
BLACK
6
CONTINUOUS
10
120.3497079999999926
20
-73.2258159999999947
11
120.2131569999999954
21
-73.2659110000000027
0
LINE
8
BLACK
6
CONTINUOUS
10
120.2131569999999954
20
-73.2659110000000027
11
120.0708429999999964
21
-73.2659110000000027
0
LINE
8
BLACK
6
CONTINUOUS
10
120.0708429999999964
20
-73.2659110000000027
11
119.9342919999999992
21
-73.2258159999999947
0
LINE
8
BLACK
6
CONTINUOUS
10
119.9342919999999992
20
-73.2258159999999947
11
119.8145699999999891
21
-73.1488749999999897
0
LINE
8
BLACK
6
CONTINUOUS
10
119.8145699999999891
20
-73.1488749999999897
11
119.7213729999999998
21
-73.0413199999999989
0
LINE
8
BLACK
6
CONTINUOUS
10
119.7213729999999998
20
-73.0413199999999989
11
119.6622539999999901
21
-72.9118660000000034
0
LINE
8
BLACK
6
CONTINUOUS
10
119.6622539999999901
20
-72.9118660000000034
11
119.6419999999999959
21
-72.7710000000000008
0
LINE
8
BLACK
6
CONTINUOUS
10
119.6419999999999959
20
-72.7710000000000008
11
119.6622539999999901
21
-72.6301339999999982
0
LINE
8
BLACK
6
CONTINUOUS
10
119.6622539999999901
20
-72.6301339999999982
11
119.7213729999999998
21
-72.5006800000000027
0
LINE
8
BLACK
6
CONTINUOUS
10
119.7213729999999998
20
-72.5006800000000027
11
119.8145699999999891
21
-72.3931249999999977
0
LINE
8
BLACK
6
CONTINUOUS
10
119.8145699999999891
20
-72.3931249999999977
11
119.9342919999999992
21
-72.3161839999999927
0
LINE
8
BLACK
6
CONTINUOUS
10
119.9342919999999992
20
-72.3161839999999927
11
120.0708429999999964
21
-72.2760889999999989
0
LINE
8
BLACK
6
CONTINUOUS
10
120.0708429999999964
20
-72.2760889999999989
11
120.2131569999999954
21
-72.2760889999999989
0
LINE
8
BLACK
6
CONTINUOUS
10
120.2131569999999954
20
-72.2760889999999989
11
120.3497079999999926
21
-72.3161839999999927
0
LINE
8
BLACK
6
CONTINUOUS
10
179.1037079999999833
20
-72.3161839999999927
11
179.2234299999999791
21
-72.3931249999999977
0
LINE
8
BLACK
6
CONTINUOUS
10
179.2234299999999791
20
-72.3931249999999977
11
179.3166269999999827
21
-72.5006800000000027
0
LINE
8
BLACK
6
CONTINUOUS
10
179.3166269999999827
20
-72.5006800000000027
11
179.3757459999999924
21
-72.6301339999999982
0
LINE
8
BLACK
6
CONTINUOUS
10
179.3757459999999924
20
-72.6301339999999982
11
179.3959999999999866
21
-72.7710000000000008
0
LINE
8
BLACK
6
CONTINUOUS
10
179.3959999999999866
20
-72.7710000000000008
11
179.3757459999999924
21
-72.9118660000000034
0
LINE
8
BLACK
6
CONTINUOUS
10
179.3757459999999924
20
-72.9118660000000034
11
179.3166269999999827
21
-73.0413199999999989
0
LINE
8
BLACK
6
CONTINUOUS
10
179.3166269999999827
20
-73.0413199999999989
11
179.2234299999999791
21
-73.1488749999999897
0
LINE
8
BLACK
6
CONTINUOUS
10
179.2234299999999791
20
-73.1488749999999897
11
179.1037079999999833
21
-73.2258159999999947
0
LINE
8
BLACK
6
CONTINUOUS
10
179.1037079999999833
20
-73.2258159999999947
11
178.9671569999999861
21
-73.2659110000000027
0
LINE
8
BLACK
6
CONTINUOUS
10
178.9671569999999861
20
-73.2659110000000027
11
178.8248429999999871
21
-73.2659110000000027
0
LINE
8
BLACK
6
CONTINUOUS
10
178.8248429999999871
20
-73.2659110000000027
11
178.6882919999999899
21
-73.2258159999999947
0
LINE
8
BLACK
6
CONTINUOUS
10
178.6882919999999899
20
-73.2258159999999947
11
178.568569999999994
21
-73.1488749999999897
0
LINE
8
BLACK
6
CONTINUOUS
10
178.568569999999994
20
-73.1488749999999897
11
178.4753729999999905
21
-73.0413199999999989
0
LINE
8
BLACK
6
CONTINUOUS
10
178.4753729999999905
20
-73.0413199999999989
11
178.4162539999999808
21
-72.9118660000000034
0
LINE
8
BLACK
6
CONTINUOUS
10
178.4162539999999808
20
-72.9118660000000034
11
178.3959999999999866
21
-72.7710000000000008
0
LINE
8
BLACK
6
CONTINUOUS
10
178.3959999999999866
20
-72.7710000000000008
11
178.4162539999999808
21
-72.6301339999999982
0
LINE
8
BLACK
6
CONTINUOUS
10
178.4162539999999808
20
-72.6301339999999982
11
178.4753729999999905
21
-72.5006800000000027
0
LINE
8
BLACK
6
CONTINUOUS
10
178.4753729999999905
20
-72.5006800000000027
11
178.568569999999994
21
-72.3931249999999977
0
LINE
8
BLACK
6
CONTINUOUS
10
178.568569999999994
20
-72.3931249999999977
11
178.6882919999999899
21
-72.3161839999999927
0
LINE
8
BLACK
6
CONTINUOUS
10
178.6882919999999899
20
-72.3161839999999927
11
178.8248429999999871
21
-72.2760889999999989
0
LINE
8
BLACK
6
CONTINUOUS
10
178.8248429999999871
20
-72.2760889999999989
11
178.9671569999999861
21
-72.2760889999999989
0
LINE
8
BLACK
6
CONTINUOUS
10
178.9671569999999861
20
-72.2760889999999989
11
179.1037079999999833
21
-72.3161839999999927
0
LINE
8
BLACK
6
CONTINUOUS
10
142.3736069999999927
20
-49.6195769999999996
11
142.4851139999999816
21
-49.6763929999999974
0
LINE
8
BLACK
6
CONTINUOUS
10
142.4851139999999816
20
-49.6763929999999974
11
142.5736069999999813
21
-49.7648859999999971
0
LINE
8
BLACK
6
CONTINUOUS
10
142.5736069999999813
20
-49.7648859999999971
11
142.6304230000000075
21
-49.8763930000000002
0
LINE
8
BLACK
6
CONTINUOUS
10
142.6304230000000075
20
-49.8763930000000002
11
142.6500000000000057
21
-50.
0
LINE
8
BLACK
6
CONTINUOUS
10
142.6500000000000057
20
-50.
11
142.6436489999999822
21
-50.0400950000000009
0
LINE
8
BLACK
6
CONTINUOUS
10
142.6436489999999822
20
-50.0400950000000009
11
143.2767769999999814
21
-50.6732239999999976
0
LINE
8
BLACK
6
CONTINUOUS
10
143.2767769999999814
20
-50.6732239999999976
11
143.3078679999999849
21
-50.7111079999999959
0
LINE
8
BLACK
6
CONTINUOUS
10
143.3078679999999849
20
-50.7111079999999959
11
143.3451969999999847
21
-50.8012279999999947
0
LINE
8
BLACK
6
CONTINUOUS
10
143.3451969999999847
20
-50.8012279999999947
11
143.3451969999999847
21
-50.8012370000000004
0
LINE
8
BLACK
6
CONTINUOUS
10
143.3451969999999847
20
-50.8012370000000004
11
143.3499999999999943
21
-50.8499999999999943
0
LINE
8
BLACK
6
CONTINUOUS
10
143.3499999999999943
20
-50.8499999999999943
11
143.3499999999999943
21
-52.9879999999999995
0
LINE
8
BLACK
6
CONTINUOUS
10
143.3499999999999943
20
-52.9879999999999995
11
143.3451959999999872
21
-53.0367729999999966
0
LINE
8
BLACK
6
CONTINUOUS
10
143.3451959999999872
20
-53.0367729999999966
11
143.3078669999999875
21
-53.1268929999999955
0
LINE
8
BLACK
6
CONTINUOUS
10
143.3078669999999875
20
-53.1268929999999955
11
143.3078620000000001
21
-53.1268969999999996
0
LINE
8
BLACK
6
CONTINUOUS
10
143.3078620000000001
20
-53.1268969999999996
11
143.2767769999999814
21
-53.1647770000000008
0
LINE
8
BLACK
6
CONTINUOUS
10
143.2767769999999814
20
-53.1647770000000008
11
140.8389999999999986
21
-55.6025539999999978
0
LINE
8
BLACK
6
CONTINUOUS
10
140.8389999999999986
20
-55.6025539999999978
11
140.8389999999999986
21
-67.0559999999999974
0
LINE
8
BLACK
6
CONTINUOUS
10
140.8389999999999986
20
-67.0559999999999974
11
140.8341959999999915
21
-67.1047729999999945
0
LINE
8
BLACK
6
CONTINUOUS
10
140.8341959999999915
20
-67.1047729999999945
11
140.8324340000000063
21
-67.1090260000000001
0
LINE
8
BLACK
6
CONTINUOUS
10
140.8324340000000063
20
-67.1090260000000001
11
140.7968679999999893
21
-67.1948919999999958
0
LINE
8
BLACK
6
CONTINUOUS
10
140.7968679999999893
20
-67.1948919999999958
11
140.7657769999999857
21
-67.2327769999999987
0
LINE
8
BLACK
6
CONTINUOUS
10
140.7657769999999857
20
-67.2327769999999987
11
137.9180000000000064
21
-70.0805539999999922
0
LINE
8
BLACK
6
CONTINUOUS
10
137.9180000000000064
20
-70.0805539999999922
11
137.9180000000000064
21
-72.3644460000000009
0
LINE
8
BLACK
6
CONTINUOUS
10
137.9180000000000064
20
-72.3644460000000009
11
137.9599039999999945
21
-72.4063500000000033
0
LINE
8
BLACK
6
CONTINUOUS
10
137.9599039999999945
20
-72.4063500000000033
11
138.
21
-72.3999999999999915
0
LINE
8
BLACK
6
CONTINUOUS
10
138.
20
-72.3999999999999915
11
138.1236069999999927
21
-72.4195769999999897
0
LINE
8
BLACK
6
CONTINUOUS
10
138.1236069999999927
20
-72.4195769999999897
11
138.2351139999999816
21
-72.4763930000000016
0
LINE
8
BLACK
6
CONTINUOUS
10
138.2351139999999816
20
-72.4763930000000016
11
138.3236069999999813
21
-72.5648860000000013
0
LINE
8
BLACK
6
CONTINUOUS
10
138.3236069999999813
20
-72.5648860000000013
11
138.3804230000000075
21
-72.6763929999999903
0
LINE
8
BLACK
6
CONTINUOUS
10
138.3804230000000075
20
-72.6763929999999903
11
138.4000000000000057
21
-72.7999999999999972
0
LINE
8
BLACK
6
CONTINUOUS
10
138.4000000000000057
20
-72.7999999999999972
11
138.3804230000000075
21
-72.9236069999999899
0
LINE
8
BLACK
6
CONTINUOUS
10
138.3804230000000075
20
-72.9236069999999899
11
138.3236069999999813
21
-73.035113999999993
0
LINE
8
BLACK
6
CONTINUOUS
10
138.3236069999999813
20
-73.035113999999993
11
138.2351139999999816
21
-73.1236069999999927
0
LINE
8
BLACK
6
CONTINUOUS
10
138.2351139999999816
20
-73.1236069999999927
11
138.1236069999999927
21
-73.1804229999999905
0
LINE
8
BLACK
6
CONTINUOUS
10
138.1236069999999927
20
-73.1804229999999905
11
138.
21
-73.2000000000000028
0
LINE
8
BLACK
6
CONTINUOUS
10
138.
20
-73.2000000000000028
11
137.8763930000000073
21
-73.1804229999999905
0
LINE
8
BLACK
6
CONTINUOUS
10
137.8763930000000073
20
-73.1804229999999905
11
137.76488599999999
21
-73.1236069999999927
0
LINE
8
BLACK
6
CONTINUOUS
10
137.76488599999999
20
-73.1236069999999927
11
137.6763929999999903
21
-73.035113999999993
0
LINE
8
BLACK
6
CONTINUOUS
10
137.6763929999999903
20
-73.035113999999993
11
137.6195769999999925
21
-72.9236069999999899
0
LINE
8
BLACK
6
CONTINUOUS
10
137.6195769999999925
20
-72.9236069999999899
11
137.5999999999999943
21
-72.7999999999999972
0
LINE
8
BLACK
6
CONTINUOUS
10
137.5999999999999943
20
-72.7999999999999972
11
137.606349999999992
21
-72.7599039999999917
0
LINE
8
BLACK
6
CONTINUOUS
10
137.606349999999992
20
-72.7599039999999917
11
137.4912229999999909
21
-72.6447769999999906
0
LINE
8
BLACK
6
CONTINUOUS
10
137.4912229999999909
20
-72.6447769999999906
11
137.4601370000000031
21
-72.6068970000000036
0
LINE
8
BLACK
6
CONTINUOUS
10
137.4601370000000031
20
-72.6068970000000036
11
137.4601329999999848
21
-72.6068929999999995
0
LINE
8
BLACK
6
CONTINUOUS
10
137.4601329999999848
20
-72.6068929999999995
11
137.4228039999999851
21
-72.5167730000000006
0
LINE
8
BLACK
6
CONTINUOUS
10
137.4228039999999851
20
-72.5167730000000006
11
137.4180000000000064
21
-72.4680000000000035
0
LINE
8
BLACK
6
CONTINUOUS
10
137.4180000000000064
20
-72.4680000000000035
11
137.4180000000000064
21
-69.9770000000000039
0
LINE
8
BLACK
6
CONTINUOUS
10
137.4180000000000064
20
-69.9770000000000039
11
137.4228039999999851
21
-69.9282269999999926
0
LINE
8
BLACK
6
CONTINUOUS
10
137.4228039999999851
20
-69.9282269999999926
11
137.4601329999999848
21
-69.8381069999999937
0
LINE
8
BLACK
6
CONTINUOUS
10
137.4601329999999848
20
-69.8381069999999937
11
137.4601370000000031
21
-69.8381019999999921
0
LINE
8
BLACK
6
CONTINUOUS
10
137.4601370000000031
20
-69.8381019999999921
11
137.4912229999999909
21
-69.8002230000000026
0
LINE
8
BLACK
6
CONTINUOUS
10
137.4912229999999909
20
-69.8002230000000026
11
140.3389999999999986
21
-66.9524459999999948
0
LINE
8
BLACK
6
CONTINUOUS
10
140.3389999999999986
20
-66.9524459999999948
11
140.3389999999999986
21
-55.4989999999999952
0
LINE
8
BLACK
6
CONTINUOUS
10
140.3389999999999986
20
-55.4989999999999952
11
140.3438040000000058
21
-55.4502269999999982
0
LINE
8
BLACK
6
CONTINUOUS
10
140.3438040000000058
20
-55.4502269999999982
11
140.3811330000000055
21
-55.3601069999999993
0
LINE
8
BLACK
6
CONTINUOUS
10
140.3811330000000055
20
-55.3601069999999993
11
140.3811369999999954
21
-55.3601019999999977
0
LINE
8
BLACK
6
CONTINUOUS
10
140.3811369999999954
20
-55.3601019999999977
11
140.4122229999999831
21
-55.322223000000001
0
LINE
8
BLACK
6
CONTINUOUS
10
140.4122229999999831
20
-55.322223000000001
11
142.8499999999999943
21
-52.884445999999997
0
LINE
8
BLACK
6
CONTINUOUS
10
142.8499999999999943
20
-52.884445999999997
11
142.8499999999999943
21
-50.9535529999999994
0
LINE
8
BLACK
6
CONTINUOUS
10
142.8499999999999943
20
-50.9535529999999994
11
142.2900949999999796
21
-50.3936489999999964
0
LINE
8
BLACK
6
CONTINUOUS
10
142.2900949999999796
20
-50.3936489999999964
11
142.25
21
-50.3999999999999986
0
LINE
8
BLACK
6
CONTINUOUS
10
142.25
20
-50.3999999999999986
11
142.1263930000000073
21
-50.3804230000000004
0
LINE
8
BLACK
6
CONTINUOUS
10
142.1263930000000073
20
-50.3804230000000004
11
142.01488599999999
21
-50.3236069999999955
0
LINE
8
BLACK
6
CONTINUOUS
10
142.01488599999999
20
-50.3236069999999955
11
141.9263929999999903
21
-50.2351139999999958
0
LINE
8
BLACK
6
CONTINUOUS
10
141.9263929999999903
20
-50.2351139999999958
11
141.8695769999999925
21
-50.1236069999999998
0
LINE
8
BLACK
6
CONTINUOUS
10
141.8695769999999925
20
-50.1236069999999998
11
141.8499999999999943
21
-50.
0
LINE
8
BLACK
6
CONTINUOUS
10
141.8499999999999943
20
-50.
11
141.8695769999999925
21
-49.8763930000000002
0
LINE
8
BLACK
6
CONTINUOUS
10
141.8695769999999925
20
-49.8763930000000002
11
141.9263929999999903
21
-49.7648859999999971
0
LINE
8
BLACK
6
CONTINUOUS
10
141.9263929999999903
20
-49.7648859999999971
11
142.01488599999999
21
-49.6763929999999974
0
LINE
8
BLACK
6
CONTINUOUS
10
142.01488599999999
20
-49.6763929999999974
11
142.1263930000000073
21
-49.6195769999999996
0
LINE
8
BLACK
6
CONTINUOUS
10
142.1263930000000073
20
-49.6195769999999996
11
142.25
21
-49.5999999999999943
0
LINE
8
BLACK
6
CONTINUOUS
10
142.25
20
-49.5999999999999943
11
142.3736069999999927
21
-49.6195769999999996
0
LINE
8
BLACK
6
CONTINUOUS
10
136.723606999999987
20
-72.219577000000001
11
136.8351140000000044
21
-72.2763929999999988
0
LINE
8
BLACK
6
CONTINUOUS
10
136.8351140000000044
20
-72.2763929999999988
11
136.9236070000000041
21
-72.3648859999999985
0
LINE
8
BLACK
6
CONTINUOUS
10
136.9236070000000041
20
-72.3648859999999985
11
136.9804230000000018
21
-72.4763930000000016
0
LINE
8
BLACK
6
CONTINUOUS
10
136.9804230000000018
20
-72.4763930000000016
11
137.
21
-72.5999999999999943
0
LINE
8
BLACK
6
CONTINUOUS
10
137.
20
-72.5999999999999943
11
136.9804230000000018
21
-72.7236070000000012
0
LINE
8
BLACK
6
CONTINUOUS
10
136.9804230000000018
20
-72.7236070000000012
11
136.9236070000000041
21
-72.8351139999999901
0
LINE
8
BLACK
6
CONTINUOUS
10
136.9236070000000041
20
-72.8351139999999901
11
136.8351140000000044
21
-72.9236069999999899
0
LINE
8
BLACK
6
CONTINUOUS
10
136.8351140000000044
20
-72.9236069999999899
11
136.723606999999987
21
-72.9804230000000018
0
LINE
8
BLACK
6
CONTINUOUS
10
136.723606999999987
20
-72.9804230000000018
11
136.5999999999999943
21
-73.
0
LINE
8
BLACK
6
CONTINUOUS
10
136.5999999999999943
20
-73.
11
136.4763930000000016
21
-72.9804230000000018
0
LINE
8
BLACK
6
CONTINUOUS
10
136.4763930000000016
20
-72.9804230000000018
11
136.3648859999999843
21
-72.9236069999999899
0
LINE
8
BLACK
6
CONTINUOUS
10
136.3648859999999843
20
-72.9236069999999899
11
136.2763929999999846
21
-72.8351139999999901
0
LINE
8
BLACK
6
CONTINUOUS
10
136.2763929999999846
20
-72.8351139999999901
11
136.2195769999999868
21
-72.7236070000000012
0
LINE
8
BLACK
6
CONTINUOUS
10
136.2195769999999868
20
-72.7236070000000012
11
136.1999999999999886
21
-72.5999999999999943
0
LINE
8
BLACK
6
CONTINUOUS
10
136.1999999999999886
20
-72.5999999999999943
11
136.2195769999999868
21
-72.4763930000000016
0
LINE
8
BLACK
6
CONTINUOUS
10
136.2195769999999868
20
-72.4763930000000016
11
136.2763929999999846
21
-72.3648859999999985
0
LINE
8
BLACK
6
CONTINUOUS
10
136.2763929999999846
20
-72.3648859999999985
11
136.3648859999999843
21
-72.2763929999999988
0
LINE
8
BLACK
6
CONTINUOUS
10
136.3648859999999843
20
-72.2763929999999988
11
136.4763930000000016
21
-72.219577000000001
0
LINE
8
BLACK
6
CONTINUOUS
10
136.4763930000000016
20
-72.219577000000001
11
136.5999999999999943
21
-72.2000000000000028
0
LINE
8
BLACK
6
CONTINUOUS
10
136.5999999999999943
20
-72.2000000000000028
11
136.723606999999987
21
-72.219577000000001
0
LINE
8
BLACK
6
CONTINUOUS
10
133.0539379999999881
20
-71.7499079999999907
11
133.1654450000000054
21
-71.8067240000000027
0
LINE
8
BLACK
6
CONTINUOUS
10
133.1654450000000054
20
-71.8067240000000027
11
133.2539380000000051
21
-71.8952170000000024
0
LINE
8
BLACK
6
CONTINUOUS
10
133.2539380000000051
20
-71.8952170000000024
11
133.3107540000000029
21
-72.0067239999999913
0
LINE
8
BLACK
6
CONTINUOUS
10
133.3107540000000029
20
-72.0067239999999913
11
133.330331000000001
21
-72.1303309999999982
0
LINE
8
BLACK
6
CONTINUOUS
10
133.330331000000001
20
-72.1303309999999982
11
133.3107540000000029
21
-72.2539379999999909
0
LINE
8
BLACK
6
CONTINUOUS
10
133.3107540000000029
20
-72.2539379999999909
11
133.2539380000000051
21
-72.365444999999994
0
LINE
8
BLACK
6
CONTINUOUS
10
133.2539380000000051
20
-72.365444999999994
11
133.1654450000000054
21
-72.4539379999999937
0
LINE
8
BLACK
6
CONTINUOUS
10
133.1654450000000054
20
-72.4539379999999937
11
133.0539379999999881
21
-72.5107539999999915
0
LINE
8
BLACK
6
CONTINUOUS
10
133.0539379999999881
20
-72.5107539999999915
11
132.9303309999999954
21
-72.5303309999999897
0
LINE
8
BLACK
6
CONTINUOUS
10
132.9303309999999954
20
-72.5303309999999897
11
132.8067240000000027
21
-72.5107539999999915
0
LINE
8
BLACK
6
CONTINUOUS
10
132.8067240000000027
20
-72.5107539999999915
11
132.6952169999999853
21
-72.4539379999999937
0
LINE
8
BLACK
6
CONTINUOUS
10
132.6952169999999853
20
-72.4539379999999937
11
132.6067239999999856
21
-72.365444999999994
0
LINE
8
BLACK
6
CONTINUOUS
10
132.6067239999999856
20
-72.365444999999994
11
132.5499079999999879
21
-72.2539379999999909
0
LINE
8
BLACK
6
CONTINUOUS
10
132.5499079999999879
20
-72.2539379999999909
11
132.5303309999999897
21
-72.1303309999999982
0
LINE
8
BLACK
6
CONTINUOUS
10
132.5303309999999897
20
-72.1303309999999982
11
132.5499079999999879
21
-72.0067239999999913
0
LINE
8
BLACK
6
CONTINUOUS
10
132.5499079999999879
20
-72.0067239999999913
11
132.6067239999999856
21
-71.8952170000000024
0
LINE
8
BLACK
6
CONTINUOUS
10
132.6067239999999856
20
-71.8952170000000024
11
132.6952169999999853
21
-71.8067240000000027
0
LINE
8
BLACK
6
CONTINUOUS
10
132.6952169999999853
20
-71.8067240000000027
11
132.8067240000000027
21
-71.7499079999999907
0
LINE
8
BLACK
6
CONTINUOUS
10
132.8067240000000027
20
-71.7499079999999907
11
132.9303309999999954
21
-71.7303309999999925
0
LINE
8
BLACK
6
CONTINUOUS
10
132.9303309999999954
20
-71.7303309999999925
11
133.0539379999999881
21
-71.7499079999999907
0
LINE
8
BLACK
6
CONTINUOUS
10
167.7636069999999791
20
-71.5015769999999975
11
167.8751139999999964
21
-71.5583929999999953
0
LINE
8
BLACK
6
CONTINUOUS
10
167.8751139999999964
20
-71.5583929999999953
11
167.9636069999999961
21
-71.646885999999995
0
LINE
8
BLACK
6
CONTINUOUS
10
167.9636069999999961
20
-71.646885999999995
11
168.0204229999999939
21
-71.7583929999999981
0
LINE
8
BLACK
6
CONTINUOUS
10
168.0204229999999939
20
-71.7583929999999981
11
168.039999999999992
21
-71.8819999999999908
0
LINE
8
BLACK
6
CONTINUOUS
10
168.039999999999992
20
-71.8819999999999908
11
168.0204229999999939
21
-72.0056069999999977
0
LINE
8
BLACK
6
CONTINUOUS
10
168.0204229999999939
20
-72.0056069999999977
11
167.9636069999999961
21
-72.1171140000000008
0
LINE
8
BLACK
6
CONTINUOUS
10
167.9636069999999961
20
-72.1171140000000008
11
167.8751139999999964
21
-72.2056070000000005
0
LINE
8
BLACK
6
CONTINUOUS
10
167.8751139999999964
20
-72.2056070000000005
11
167.7636069999999791
21
-72.2624229999999983
0
LINE
8
BLACK
6
CONTINUOUS
10
167.7636069999999791
20
-72.2624229999999983
11
167.6399999999999864
21
-72.2819999999999965
0
LINE
8
BLACK
6
CONTINUOUS
10
167.6399999999999864
20
-72.2819999999999965
11
167.5163929999999937
21
-72.2624229999999983
0
LINE
8
BLACK
6
CONTINUOUS
10
167.5163929999999937
20
-72.2624229999999983
11
167.4048860000000047
21
-72.2056070000000005
0
LINE
8
BLACK
6
CONTINUOUS
10
167.4048860000000047
20
-72.2056070000000005
11
167.316393000000005
21
-72.1171140000000008
0
LINE
8
BLACK
6
CONTINUOUS
10
167.316393000000005
20
-72.1171140000000008
11
167.2595769999999789
21
-72.0056069999999977
0
LINE
8
BLACK
6
CONTINUOUS
10
167.2595769999999789
20
-72.0056069999999977
11
167.2399999999999807
21
-71.8819999999999908
0
LINE
8
BLACK
6
CONTINUOUS
10
167.2399999999999807
20
-71.8819999999999908
11
167.2595769999999789
21
-71.7583929999999981
0
LINE
8
BLACK
6
CONTINUOUS
10
167.2595769999999789
20
-71.7583929999999981
11
167.316393000000005
21
-71.646885999999995
0
LINE
8
BLACK
6
CONTINUOUS
10
167.316393000000005
20
-71.646885999999995
11
167.4048860000000047
21
-71.5583929999999953
0
LINE
8
BLACK
6
CONTINUOUS
10
167.4048860000000047
20
-71.5583929999999953
11
167.5163929999999937
21
-71.5015769999999975
0
LINE
8
BLACK
6
CONTINUOUS
10
167.5163929999999937
20
-71.5015769999999975
11
167.6399999999999864
21
-71.4819999999999993
0
LINE
8
BLACK
6
CONTINUOUS
10
167.6399999999999864
20
-71.4819999999999993
11
167.7636069999999791
21
-71.5015769999999975
0
LINE
8
BLACK
6
CONTINUOUS
10
147.9516069999999957
20
-71.2475769999999926
11
148.0631139999999846
21
-71.3043929999999904
0
LINE
8
BLACK
6
CONTINUOUS
10
148.0631139999999846
20
-71.3043929999999904
11
148.1516069999999843
21
-71.3928859999999901
0
LINE
8
BLACK
6
CONTINUOUS
10
148.1516069999999843
20
-71.3928859999999901
11
148.208422999999982
21
-71.5043929999999932
0
LINE
8
BLACK
6
CONTINUOUS
10
148.208422999999982
20
-71.5043929999999932
11
148.2279999999999802
21
-71.6280000000000001
0
LINE
8
BLACK
6
CONTINUOUS
10
148.2279999999999802
20
-71.6280000000000001
11
148.208422999999982
21
-71.7516069999999928
0
LINE
8
BLACK
6
CONTINUOUS
10
148.208422999999982
20
-71.7516069999999928
11
148.1516069999999843
21
-71.8631139999999959
0
LINE
8
BLACK
6
CONTINUOUS
10
148.1516069999999843
20
-71.8631139999999959
11
148.0631139999999846
21
-71.9516069999999957
0
LINE
8
BLACK
6
CONTINUOUS
10
148.0631139999999846
20
-71.9516069999999957
11
147.9516069999999957
21
-72.0084229999999934
0
LINE
8
BLACK
6
CONTINUOUS
10
147.9516069999999957
20
-72.0084229999999934
11
147.828000000000003
21
-72.0279999999999916
0
LINE
8
BLACK
6
CONTINUOUS
10
147.828000000000003
20
-72.0279999999999916
11
147.7043929999999818
21
-72.0084229999999934
0
LINE
8
BLACK
6
CONTINUOUS
10
147.7043929999999818
20
-72.0084229999999934
11
147.5928859999999929
21
-71.9516069999999957
0
LINE
8
BLACK
6
CONTINUOUS
10
147.5928859999999929
20
-71.9516069999999957
11
147.5043929999999932
21
-71.8631139999999959
0
LINE
8
BLACK
6
CONTINUOUS
10
147.5043929999999932
20
-71.8631139999999959
11
147.4475769999999955
21
-71.7516069999999928
0
LINE
8
BLACK
6
CONTINUOUS
10
147.4475769999999955
20
-71.7516069999999928
11
147.4279999999999973
21
-71.6280000000000001
0
LINE
8
BLACK
6
CONTINUOUS
10
147.4279999999999973
20
-71.6280000000000001
11
147.4475769999999955
21
-71.5043929999999932
0
LINE
8
BLACK
6
CONTINUOUS
10
147.4475769999999955
20
-71.5043929999999932
11
147.5043929999999932
21
-71.3928859999999901
0
LINE
8
BLACK
6
CONTINUOUS
10
147.5043929999999932
20
-71.3928859999999901
11
147.5928859999999929
21
-71.3043929999999904
0
LINE
8
BLACK
6
CONTINUOUS
10
147.5928859999999929
20
-71.3043929999999904
11
147.7043929999999818
21
-71.2475769999999926
0
LINE
8
BLACK
6
CONTINUOUS
10
147.7043929999999818
20
-71.2475769999999926
11
147.828000000000003
21
-71.2279999999999944
0
LINE
8
BLACK
6
CONTINUOUS
10
147.828000000000003
20
-71.2279999999999944
11
147.9516069999999957
21
-71.2475769999999926
0
LINE
8
BLACK
6
CONTINUOUS
10
149.2216070000000059
20
-71.2475769999999926
11
149.3331139999999948
21
-71.3043929999999904
0
LINE
8
BLACK
6
CONTINUOUS
10
149.3331139999999948
20
-71.3043929999999904
11
149.4216069999999945
21
-71.3928859999999901
0
LINE
8
BLACK
6
CONTINUOUS
10
149.4216069999999945
20
-71.3928859999999901
11
149.4784229999999923
21
-71.5043929999999932
0
LINE
8
BLACK
6
CONTINUOUS
10
149.4784229999999923
20
-71.5043929999999932
11
149.4979999999999905
21
-71.6280000000000001
0
LINE
8
BLACK
6
CONTINUOUS
10
149.4979999999999905
20
-71.6280000000000001
11
149.4784229999999923
21
-71.7516069999999928
0
LINE
8
BLACK
6
CONTINUOUS
10
149.4784229999999923
20
-71.7516069999999928
11
149.4216069999999945
21
-71.8631139999999959
0
LINE
8
BLACK
6
CONTINUOUS
10
149.4216069999999945
20
-71.8631139999999959
11
149.3331139999999948
21
-71.9516069999999957
0
LINE
8
BLACK
6
CONTINUOUS
10
149.3331139999999948
20
-71.9516069999999957
11
149.2216070000000059
21
-72.0084229999999934
0
LINE
8
BLACK
6
CONTINUOUS
10
149.2216070000000059
20
-72.0084229999999934
11
149.0979999999999848
21
-72.0279999999999916
0
LINE
8
BLACK
6
CONTINUOUS
10
149.0979999999999848
20
-72.0279999999999916
11
148.9743929999999921
21
-72.0084229999999934
0
LINE
8
BLACK
6
CONTINUOUS
10
148.9743929999999921
20
-72.0084229999999934
11
148.8628860000000032
21
-71.9516069999999957
0
LINE
8
BLACK
6
CONTINUOUS
10
148.8628860000000032
20
-71.9516069999999957
11
148.7743930000000034
21
-71.8631139999999959
0
LINE
8
BLACK
6
CONTINUOUS
10
148.7743930000000034
20
-71.8631139999999959
11
148.7175770000000057
21
-71.7516069999999928
0
LINE
8
BLACK
6
CONTINUOUS
10
148.7175770000000057
20
-71.7516069999999928
11
148.6979999999999791
21
-71.6280000000000001
0
LINE
8
BLACK
6
CONTINUOUS
10
148.6979999999999791
20
-71.6280000000000001
11
148.7175770000000057
21
-71.5043929999999932
0
LINE
8
BLACK
6
CONTINUOUS
10
148.7175770000000057
20
-71.5043929999999932
11
148.7743930000000034
21
-71.3928859999999901
0
LINE
8
BLACK
6
CONTINUOUS
10
148.7743930000000034
20
-71.3928859999999901
11
148.8628860000000032
21
-71.3043929999999904
0
LINE
8
BLACK
6
CONTINUOUS
10
148.8628860000000032
20
-71.3043929999999904
11
148.9743929999999921
21
-71.2475769999999926
0
LINE
8
BLACK
6
CONTINUOUS
10
148.9743929999999921
20
-71.2475769999999926
11
149.0979999999999848
21
-71.2279999999999944
0
LINE
8
BLACK
6
CONTINUOUS
10
149.0979999999999848
20
-71.2279999999999944
11
149.2216070000000059
21
-71.2475769999999926
0
LINE
8
BLACK
6
CONTINUOUS
10
150.4916069999999877
20
-71.2475769999999926
11
150.603114000000005
21
-71.3043929999999904
0
LINE
8
BLACK
6
CONTINUOUS
10
150.603114000000005
20
-71.3043929999999904
11
150.6916070000000047
21
-71.3928859999999901
0
LINE
8
BLACK
6
CONTINUOUS
10
150.6916070000000047
20
-71.3928859999999901
11
150.7484230000000025
21
-71.5043929999999932
0
LINE
8
BLACK
6
CONTINUOUS
10
150.7484230000000025
20
-71.5043929999999932
11
150.7680000000000007
21
-71.6280000000000001
0
LINE
8
BLACK
6
CONTINUOUS
10
150.7680000000000007
20
-71.6280000000000001
11
150.7484230000000025
21
-71.7516069999999928
0
LINE
8
BLACK
6
CONTINUOUS
10
150.7484230000000025
20
-71.7516069999999928
11
150.6916070000000047
21
-71.8631139999999959
0
LINE
8
BLACK
6
CONTINUOUS
10
150.6916070000000047
20
-71.8631139999999959
11
150.603114000000005
21
-71.9516069999999957
0
LINE
8
BLACK
6
CONTINUOUS
10
150.603114000000005
20
-71.9516069999999957
11
150.4916069999999877
21
-72.0084229999999934
0
LINE
8
BLACK
6
CONTINUOUS
10
150.4916069999999877
20
-72.0084229999999934
11
150.367999999999995
21
-72.0279999999999916
0
LINE
8
BLACK
6
CONTINUOUS
10
150.367999999999995
20
-72.0279999999999916
11
150.2443930000000023
21
-72.0084229999999934
0
LINE
8
BLACK
6
CONTINUOUS
10
150.2443930000000023
20
-72.0084229999999934
11
150.132885999999985
21
-71.9516069999999957
0
LINE
8
BLACK
6
CONTINUOUS
10
150.132885999999985
20
-71.9516069999999957
11
150.0443929999999852
21
-71.8631139999999959
0
LINE
8
BLACK
6
CONTINUOUS
10
150.0443929999999852
20
-71.8631139999999959
11
149.9875769999999875
21
-71.7516069999999928
0
LINE
8
BLACK
6
CONTINUOUS
10
149.9875769999999875
20
-71.7516069999999928
11
149.9679999999999893
21
-71.6280000000000001
0
LINE
8
BLACK
6
CONTINUOUS
10
149.9679999999999893
20
-71.6280000000000001
11
149.9875769999999875
21
-71.5043929999999932
0
LINE
8
BLACK
6
CONTINUOUS
10
149.9875769999999875
20
-71.5043929999999932
11
150.0443929999999852
21
-71.3928859999999901
0
LINE
8
BLACK
6
CONTINUOUS
10
150.0443929999999852
20
-71.3928859999999901
11
150.132885999999985
21
-71.3043929999999904
0
LINE
8
BLACK
6
CONTINUOUS
10
150.132885999999985
20
-71.3043929999999904
11
150.2443930000000023
21
-71.2475769999999926
0
LINE
8
BLACK
6
CONTINUOUS
10
150.2443930000000023
20
-71.2475769999999926
11
150.367999999999995
21
-71.2279999999999944
0
LINE
8
BLACK
6
CONTINUOUS
10
150.367999999999995
20
-71.2279999999999944
11
150.4916069999999877
21
-71.2475769999999926
0
LINE
8
BLACK
6
CONTINUOUS
10
120.3497079999999926
20
-71.0461839999999967
11
120.4694299999999885
21
-71.1231250000000017
0
LINE
8
BLACK
6
CONTINUOUS
10
120.4694299999999885
20
-71.1231250000000017
11
120.562626999999992
21
-71.2306799999999924
0
LINE
8
BLACK
6
CONTINUOUS
10
120.562626999999992
20
-71.2306799999999924
11
120.6217459999999875
21
-71.3601340000000022
0
LINE
8
BLACK
6
CONTINUOUS
10
120.6217459999999875
20
-71.3601340000000022
11
120.6419999999999959
21
-71.5009999999999906
0
LINE
8
BLACK
6
CONTINUOUS
10
120.6419999999999959
20
-71.5009999999999906
11
120.6217459999999875
21
-71.6418659999999932
0
LINE
8
BLACK
6
CONTINUOUS
10
120.6217459999999875
20
-71.6418659999999932
11
120.562626999999992
21
-71.7713200000000029
0
LINE
8
BLACK
6
CONTINUOUS
10
120.562626999999992
20
-71.7713200000000029
11
120.4694299999999885
21
-71.8788749999999936
0
LINE
8
BLACK
6
CONTINUOUS
10
120.4694299999999885
20
-71.8788749999999936
11
120.3497079999999926
21
-71.9558159999999987
0
LINE
8
BLACK
6
CONTINUOUS
10
120.3497079999999926
20
-71.9558159999999987
11
120.2131569999999954
21
-71.9959109999999924
0
LINE
8
BLACK
6
CONTINUOUS
10
120.2131569999999954
20
-71.9959109999999924
11
120.0708429999999964
21
-71.9959109999999924
0
LINE
8
BLACK
6
CONTINUOUS
10
120.0708429999999964
20
-71.9959109999999924
11
119.9342919999999992
21
-71.9558159999999987
0
LINE
8
BLACK
6
CONTINUOUS
10
119.9342919999999992
20
-71.9558159999999987
11
119.8145699999999891
21
-71.8788749999999936
0
LINE
8
BLACK
6
CONTINUOUS
10
119.8145699999999891
20
-71.8788749999999936
11
119.7213729999999998
21
-71.7713200000000029
0
LINE
8
BLACK
6
CONTINUOUS
10
119.7213729999999998
20
-71.7713200000000029
11
119.6622539999999901
21
-71.6418659999999932
0
LINE
8
BLACK
6
CONTINUOUS
10
119.6622539999999901
20
-71.6418659999999932
11
119.6419999999999959
21
-71.5009999999999906
0
LINE
8
BLACK
6
CONTINUOUS
10
119.6419999999999959
20
-71.5009999999999906
11
119.6622539999999901
21
-71.3601340000000022
0
LINE
8
BLACK
6
CONTINUOUS
10
119.6622539999999901
20
-71.3601340000000022
11
119.7213729999999998
21
-71.2306799999999924
0
LINE
8
BLACK
6
CONTINUOUS
10
119.7213729999999998
20
-71.2306799999999924
11
119.8145699999999891
21
-71.1231250000000017
0
LINE
8
BLACK
6
CONTINUOUS
10
119.8145699999999891
20
-71.1231250000000017
11
119.9342919999999992
21
-71.0461839999999967
0
LINE
8
BLACK
6
CONTINUOUS
10
119.9342919999999992
20
-71.0461839999999967
11
120.0708429999999964
21
-71.0060890000000029
0
LINE
8
BLACK
6
CONTINUOUS
10
120.0708429999999964
20
-71.0060890000000029
11
120.2131569999999954
21
-71.0060890000000029
0
LINE
8
BLACK
6
CONTINUOUS
10
120.2131569999999954
20
-71.0060890000000029
11
120.3497079999999926
21
-71.0461839999999967
0
LINE
8
BLACK
6
CONTINUOUS
10
179.1037079999999833
20
-71.0461839999999967
11
179.2234299999999791
21
-71.1231250000000017
0
LINE
8
BLACK
6
CONTINUOUS
10
179.2234299999999791
20
-71.1231250000000017
11
179.3166269999999827
21
-71.2306799999999924
0
LINE
8
BLACK
6
CONTINUOUS
10
179.3166269999999827
20
-71.2306799999999924
11
179.3757459999999924
21
-71.3601340000000022
0
LINE
8
BLACK
6
CONTINUOUS
10
179.3757459999999924
20
-71.3601340000000022
11
179.3959999999999866
21
-71.5009999999999906
0
LINE
8
BLACK
6
CONTINUOUS
10
179.3959999999999866
20
-71.5009999999999906
11
179.3757459999999924
21
-71.6418659999999932
0
LINE
8
BLACK
6
CONTINUOUS
10
179.3757459999999924
20
-71.6418659999999932
11
179.3166269999999827
21
-71.7713200000000029
0
LINE
8
BLACK
6
CONTINUOUS
10
179.3166269999999827
20
-71.7713200000000029
11
179.2234299999999791
21
-71.8788749999999936
0
LINE
8
BLACK
6
CONTINUOUS
10
179.2234299999999791
20
-71.8788749999999936
11
179.1037079999999833
21
-71.9558159999999987
0
LINE
8
BLACK
6
CONTINUOUS
10
179.1037079999999833
20
-71.9558159999999987
11
178.9671569999999861
21
-71.9959109999999924
0
LINE
8
BLACK
6
CONTINUOUS
10
178.9671569999999861
20
-71.9959109999999924
11
178.8248429999999871
21
-71.9959109999999924
0
LINE
8
BLACK
6
CONTINUOUS
10
178.8248429999999871
20
-71.9959109999999924
11
178.6882919999999899
21
-71.9558159999999987
0
LINE
8
BLACK
6
CONTINUOUS
10
178.6882919999999899
20
-71.9558159999999987
11
178.568569999999994
21
-71.8788749999999936
0
LINE
8
BLACK
6
CONTINUOUS
10
178.568569999999994
20
-71.8788749999999936
11
178.4753729999999905
21
-71.7713200000000029
0
LINE
8
BLACK
6
CONTINUOUS
10
178.4753729999999905
20
-71.7713200000000029
11
178.4162539999999808
21
-71.6418659999999932
0
LINE
8
BLACK
6
CONTINUOUS
10
178.4162539999999808
20
-71.6418659999999932
11
178.3959999999999866
21
-71.5009999999999906
0
LINE
8
BLACK
6
CONTINUOUS
10
178.3959999999999866
20
-71.5009999999999906
11
178.4162539999999808
21
-71.3601340000000022
0
LINE
8
BLACK
6
CONTINUOUS
10
178.4162539999999808
20
-71.3601340000000022
11
178.4753729999999905
21
-71.2306799999999924
0
LINE
8
BLACK
6
CONTINUOUS
10
178.4753729999999905
20
-71.2306799999999924
11
178.568569999999994
21
-71.1231250000000017
0
LINE
8
BLACK
6
CONTINUOUS
10
178.568569999999994
20
-71.1231250000000017
11
178.6882919999999899
21
-71.0461839999999967
0
LINE
8
BLACK
6
CONTINUOUS
10
178.6882919999999899
20
-71.0461839999999967
11
178.8248429999999871
21
-71.0060890000000029
0
LINE
8
BLACK
6
CONTINUOUS
10
178.8248429999999871
20
-71.0060890000000029
11
178.9671569999999861
21
-71.0060890000000029
0
LINE
8
BLACK
6
CONTINUOUS
10
178.9671569999999861
20
-71.0060890000000029
11
179.1037079999999833
21
-71.0461839999999967
0
LINE
8
BLACK
6
CONTINUOUS
10
174.3736069999999927
20
-71.1195769999999925
11
174.4851139999999816
21
-71.1763929999999903
0
LINE
8
BLACK
6
CONTINUOUS
10
174.4851139999999816
20
-71.1763929999999903
11
174.5736069999999813
21
-71.26488599999999
0
LINE
8
BLACK
6
CONTINUOUS
10
174.5736069999999813
20
-71.26488599999999
11
174.6304229999999791
21
-71.3763929999999931
0
LINE
8
BLACK
6
CONTINUOUS
10
174.6304229999999791
20
-71.3763929999999931
11
174.6500000000000057
21
-71.5
0
LINE
8
BLACK
6
CONTINUOUS
10
174.6500000000000057
20
-71.5
11
174.6304229999999791
21
-71.6236069999999927
0
LINE
8
BLACK
6
CONTINUOUS
10
174.6304229999999791
20
-71.6236069999999927
11
174.5736069999999813
21
-71.7351139999999958
0
LINE
8
BLACK
6
CONTINUOUS
10
174.5736069999999813
20
-71.7351139999999958
11
174.4851139999999816
21
-71.8236069999999955
0
LINE
8
BLACK
6
CONTINUOUS
10
174.4851139999999816
20
-71.8236069999999955
11
174.3736069999999927
21
-71.8804229999999933
0
LINE
8
BLACK
6
CONTINUOUS
10
174.3736069999999927
20
-71.8804229999999933
11
174.25
21
-71.8999999999999915
0
LINE
8
BLACK
6
CONTINUOUS
10
174.25
20
-71.8999999999999915
11
174.1263929999999789
21
-71.8804229999999933
0
LINE
8
BLACK
6
CONTINUOUS
10
174.1263929999999789
20
-71.8804229999999933
11
174.01488599999999
21
-71.8236069999999955
0
LINE
8
BLACK
6
CONTINUOUS
10
174.01488599999999
20
-71.8236069999999955
11
173.9263929999999903
21
-71.7351139999999958
0
LINE
8
BLACK
6
CONTINUOUS
10
173.9263929999999903
20
-71.7351139999999958
11
173.8695769999999925
21
-71.6236069999999927
0
LINE
8
BLACK
6
CONTINUOUS
10
173.8695769999999925
20
-71.6236069999999927
11
173.8499999999999943
21
-71.5
0
LINE
8
BLACK
6
CONTINUOUS
10
173.8499999999999943
20
-71.5
11
173.8695769999999925
21
-71.3763929999999931
0
LINE
8
BLACK
6
CONTINUOUS
10
173.8695769999999925
20
-71.3763929999999931
11
173.9263929999999903
21
-71.26488599999999
0
LINE
8
BLACK
6
CONTINUOUS
10
173.9263929999999903
20
-71.26488599999999
11
174.01488599999999
21
-71.1763929999999903
0
LINE
8
BLACK
6
CONTINUOUS
10
174.01488599999999
20
-71.1763929999999903
11
174.1263929999999789
21
-71.1195769999999925
0
LINE
8
BLACK
6
CONTINUOUS
10
174.1263929999999789
20
-71.1195769999999925
11
174.25
21
-71.0999999999999943
0
LINE
8
BLACK
6
CONTINUOUS
10
174.25
20
-71.0999999999999943
11
174.3736069999999927
21
-71.1195769999999925
0
LINE
8
BLACK
6
CONTINUOUS
10
163.3236069999999813
20
-70.4195770000000039
11
163.4351139999999987
21
-70.4763930000000016
0
LINE
8
BLACK
6
CONTINUOUS
10
163.4351139999999987
20
-70.4763930000000016
11
163.5236069999999984
21
-70.5648860000000013
0
LINE
8
BLACK
6
CONTINUOUS
10
163.5236069999999984
20
-70.5648860000000013
11
163.5804229999999961
21
-70.6763929999999903
0
LINE
8
BLACK
6
CONTINUOUS
10
163.5804229999999961
20
-70.6763929999999903
11
163.5999999999999943
21
-70.7999999999999972
0
LINE
8
BLACK
6
CONTINUOUS
10
163.5999999999999943
20
-70.7999999999999972
11
163.5804229999999961
21
-70.9236069999999899
0
LINE
8
BLACK
6
CONTINUOUS
10
163.5804229999999961
20
-70.9236069999999899
11
163.5236069999999984
21
-71.035113999999993
0
LINE
8
BLACK
6
CONTINUOUS
10
163.5236069999999984
20
-71.035113999999993
11
163.4351139999999987
21
-71.1236069999999927
0
LINE
8
BLACK
6
CONTINUOUS
10
163.4351139999999987
20
-71.1236069999999927
11
163.3236069999999813
21
-71.1804229999999905
0
LINE
8
BLACK
6
CONTINUOUS
10
163.3236069999999813
20
-71.1804229999999905
11
163.1999999999999886
21
-71.2000000000000028
0
LINE
8
BLACK
6
CONTINUOUS
10
163.1999999999999886
20
-71.2000000000000028
11
163.0763929999999959
21
-71.1804229999999905
0
LINE
8
BLACK
6
CONTINUOUS
10
163.0763929999999959
20
-71.1804229999999905
11
162.9648859999999786
21
-71.1236069999999927
0
LINE
8
BLACK
6
CONTINUOUS
10
162.9648859999999786
20
-71.1236069999999927
11
162.8763929999999789
21
-71.035113999999993
0
LINE
8
BLACK
6
CONTINUOUS
10
162.8763929999999789
20
-71.035113999999993
11
162.8195769999999811
21
-70.9236069999999899
0
LINE
8
BLACK
6
CONTINUOUS
10
162.8195769999999811
20
-70.9236069999999899
11
162.7999999999999829
21
-70.7999999999999972
0
LINE
8
BLACK
6
CONTINUOUS
10
162.7999999999999829
20
-70.7999999999999972
11
162.8195769999999811
21
-70.6763929999999903
0
LINE
8
BLACK
6
CONTINUOUS
10
162.8195769999999811
20
-70.6763929999999903
11
162.8763929999999789
21
-70.5648860000000013
0
LINE
8
BLACK
6
CONTINUOUS
10
162.8763929999999789
20
-70.5648860000000013
11
162.9648859999999786
21
-70.4763930000000016
0
LINE
8
BLACK
6
CONTINUOUS
10
162.9648859999999786
20
-70.4763930000000016
11
163.0763929999999959
21
-70.4195770000000039
0
LINE
8
BLACK
6
CONTINUOUS
10
163.0763929999999959
20
-70.4195770000000039
11
163.1999999999999886
21
-70.3999999999999915
0
LINE
8
BLACK
6
CONTINUOUS
10
163.1999999999999886
20
-70.3999999999999915
11
163.3236069999999813
21
-70.4195770000000039
0
LINE
8
BLACK
6
CONTINUOUS
10
139.315607
20
-69.9775769999999966
11
139.4271139999999889
21
-70.0343929999999943
0
LINE
8
BLACK
6
CONTINUOUS
10
139.4271139999999889
20
-70.0343929999999943
11
139.5156069999999886
21
-70.1228859999999941
0
LINE
8
BLACK
6
CONTINUOUS
10
139.5156069999999886
20
-70.1228859999999941
11
139.5724229999999864
21
-70.2343929999999972
0
LINE
8
BLACK
6
CONTINUOUS
10
139.5724229999999864
20
-70.2343929999999972
11
139.5919999999999845
21
-70.3579999999999899
0
LINE
8
BLACK
6
CONTINUOUS
10
139.5919999999999845
20
-70.3579999999999899
11
139.5724229999999864
21
-70.4816069999999968
0
LINE
8
BLACK
6
CONTINUOUS
10
139.5724229999999864
20
-70.4816069999999968
11
139.5156069999999886
21
-70.5931139999999999
0
LINE
8
BLACK
6
CONTINUOUS
10
139.5156069999999886
20
-70.5931139999999999
11
139.4271139999999889
21
-70.6816069999999996
0
LINE
8
BLACK
6
CONTINUOUS
10
139.4271139999999889
20
-70.6816069999999996
11
139.315607
21
-70.7384229999999974
0
LINE
8
BLACK
6
CONTINUOUS
10
139.315607
20
-70.7384229999999974
11
139.1920000000000073
21
-70.7579999999999956
0
LINE
8
BLACK
6
CONTINUOUS
10
139.1920000000000073
20
-70.7579999999999956
11
139.0683929999999862
21
-70.7384229999999974
0
LINE
8
BLACK
6
CONTINUOUS
10
139.0683929999999862
20
-70.7384229999999974
11
138.9568859999999972
21
-70.6816069999999996
0
LINE
8
BLACK
6
CONTINUOUS
10
138.9568859999999972
20
-70.6816069999999996
11
138.8683929999999975
21
-70.5931139999999999
0
LINE
8
BLACK
6
CONTINUOUS
10
138.8683929999999975
20
-70.5931139999999999
11
138.8115769999999998
21
-70.4816069999999968
0
LINE
8
BLACK
6
CONTINUOUS
10
138.8115769999999998
20
-70.4816069999999968
11
138.7920000000000016
21
-70.3579999999999899
0
LINE
8
BLACK
6
CONTINUOUS
10
138.7920000000000016
20
-70.3579999999999899
11
138.8115769999999998
21
-70.2343929999999972
0
LINE
8
BLACK
6
CONTINUOUS
10
138.8115769999999998
20
-70.2343929999999972
11
138.8683929999999975
21
-70.1228859999999941
0
LINE
8
BLACK
6
CONTINUOUS
10
138.8683929999999975
20
-70.1228859999999941
11
138.9568859999999972
21
-70.0343929999999943
0
LINE
8
BLACK
6
CONTINUOUS
10
138.9568859999999972
20
-70.0343929999999943
11
139.0683929999999862
21
-69.9775769999999966
0
LINE
8
BLACK
6
CONTINUOUS
10
139.0683929999999862
20
-69.9775769999999966
11
139.1920000000000073
21
-69.9579999999999984
0
LINE
8
BLACK
6
CONTINUOUS
10
139.1920000000000073
20
-69.9579999999999984
11
139.315607
21
-69.9775769999999966
0
LINE
8
BLACK
6
CONTINUOUS
10
147.9516069999999957
20
-69.9775769999999966
11
148.0631139999999846
21
-70.0343929999999943
0
LINE
8
BLACK
6
CONTINUOUS
10
148.0631139999999846
20
-70.0343929999999943
11
148.1516069999999843
21
-70.1228859999999941
0
LINE
8
BLACK
6
CONTINUOUS
10
148.1516069999999843
20
-70.1228859999999941
11
148.208422999999982
21
-70.2343929999999972
0
LINE
8
BLACK
6
CONTINUOUS
10
148.208422999999982
20
-70.2343929999999972
11
148.2279999999999802
21
-70.3579999999999899
0
LINE
8
BLACK
6
CONTINUOUS
10
148.2279999999999802
20
-70.3579999999999899
11
148.208422999999982
21
-70.4816069999999968
0
LINE
8
BLACK
6
CONTINUOUS
10
148.208422999999982
20
-70.4816069999999968
11
148.1516069999999843
21
-70.5931139999999999
0
LINE
8
BLACK
6
CONTINUOUS
10
148.1516069999999843
20
-70.5931139999999999
11
148.0631139999999846
21
-70.6816069999999996
0
LINE
8
BLACK
6
CONTINUOUS
10
148.0631139999999846
20
-70.6816069999999996
11
147.9516069999999957
21
-70.7384229999999974
0
LINE
8
BLACK
6
CONTINUOUS
10
147.9516069999999957
20
-70.7384229999999974
11
147.828000000000003
21
-70.7579999999999956
0
LINE
8
BLACK
6
CONTINUOUS
10
147.828000000000003
20
-70.7579999999999956
11
147.7043929999999818
21
-70.7384229999999974
0
LINE
8
BLACK
6
CONTINUOUS
10
147.7043929999999818
20
-70.7384229999999974
11
147.5928859999999929
21
-70.6816069999999996
0
LINE
8
BLACK
6
CONTINUOUS
10
147.5928859999999929
20
-70.6816069999999996
11
147.5043929999999932
21
-70.5931139999999999
0
LINE
8
BLACK
6
CONTINUOUS
10
147.5043929999999932
20
-70.5931139999999999
11
147.4475769999999955
21
-70.4816069999999968
0
LINE
8
BLACK
6
CONTINUOUS
10
147.4475769999999955
20
-70.4816069999999968
11
147.4279999999999973
21
-70.3579999999999899
0
LINE
8
BLACK
6
CONTINUOUS
10
147.4279999999999973
20
-70.3579999999999899
11
147.4475769999999955
21
-70.2343929999999972
0
LINE
8
BLACK
6
CONTINUOUS
10
147.4475769999999955
20
-70.2343929999999972
11
147.5043929999999932
21
-70.1228859999999941
0
LINE
8
BLACK
6
CONTINUOUS
10
147.5043929999999932
20
-70.1228859999999941
11
147.5928859999999929
21
-70.0343929999999943
0
LINE
8
BLACK
6
CONTINUOUS
10
147.5928859999999929
20
-70.0343929999999943
11
147.7043929999999818
21
-69.9775769999999966
0
LINE
8
BLACK
6
CONTINUOUS
10
147.7043929999999818
20
-69.9775769999999966
11
147.828000000000003
21
-69.9579999999999984
0
LINE
8
BLACK
6
CONTINUOUS
10
147.828000000000003
20
-69.9579999999999984
11
147.9516069999999957
21
-69.9775769999999966
0
LINE
8
BLACK
6
CONTINUOUS
10
149.2216070000000059
20
-69.9775769999999966
11
149.3331139999999948
21
-70.0343929999999943
0
LINE
8
BLACK
6
CONTINUOUS
10
149.3331139999999948
20
-70.0343929999999943
11
149.4216069999999945
21
-70.1228859999999941
0
LINE
8
BLACK
6
CONTINUOUS
10
149.4216069999999945
20
-70.1228859999999941
11
149.4784229999999923
21
-70.2343929999999972
0
LINE
8
BLACK
6
CONTINUOUS
10
149.4784229999999923
20
-70.2343929999999972
11
149.4979999999999905
21
-70.3579999999999899
0
LINE
8
BLACK
6
CONTINUOUS
10
149.4979999999999905
20
-70.3579999999999899
11
149.4784229999999923
21
-70.4816069999999968
0
LINE
8
BLACK
6
CONTINUOUS
10
149.4784229999999923
20
-70.4816069999999968
11
149.4216069999999945
21
-70.5931139999999999
0
LINE
8
BLACK
6
CONTINUOUS
10
149.4216069999999945
20
-70.5931139999999999
11
149.3331139999999948
21
-70.6816069999999996
0
LINE
8
BLACK
6
CONTINUOUS
10
149.3331139999999948
20
-70.6816069999999996
11
149.2216070000000059
21
-70.7384229999999974
0
LINE
8
BLACK
6
CONTINUOUS
10
149.2216070000000059
20
-70.7384229999999974
11
149.0979999999999848
21
-70.7579999999999956
0
LINE
8
BLACK
6
CONTINUOUS
10
149.0979999999999848
20
-70.7579999999999956
11
148.9743929999999921
21
-70.7384229999999974
0
LINE
8
BLACK
6
CONTINUOUS
10
148.9743929999999921
20
-70.7384229999999974
11
148.8628860000000032
21
-70.6816069999999996
0
LINE
8
BLACK
6
CONTINUOUS
10
148.8628860000000032
20
-70.6816069999999996
11
148.7743930000000034
21
-70.5931139999999999
0
LINE
8
BLACK
6
CONTINUOUS
10
148.7743930000000034
20
-70.5931139999999999
11
148.7175770000000057
21
-70.4816069999999968
0
LINE
8
BLACK
6
CONTINUOUS
10
148.7175770000000057
20
-70.4816069999999968
11
148.6979999999999791
21
-70.3579999999999899
0
LINE
8
BLACK
6
CONTINUOUS
10
148.6979999999999791
20
-70.3579999999999899
11
148.7175770000000057
21
-70.2343929999999972
0
LINE
8
BLACK
6
CONTINUOUS
10
148.7175770000000057
20
-70.2343929999999972
11
148.7743930000000034
21
-70.1228859999999941
0
LINE
8
BLACK
6
CONTINUOUS
10
148.7743930000000034
20
-70.1228859999999941
11
148.8628860000000032
21
-70.0343929999999943
0
LINE
8
BLACK
6
CONTINUOUS
10
148.8628860000000032
20
-70.0343929999999943
11
148.9743929999999921
21
-69.9775769999999966
0
LINE
8
BLACK
6
CONTINUOUS
10
148.9743929999999921
20
-69.9775769999999966
11
149.0979999999999848
21
-69.9579999999999984
0
LINE
8
BLACK
6
CONTINUOUS
10
149.0979999999999848
20
-69.9579999999999984
11
149.2216070000000059
21
-69.9775769999999966
0
LINE
8
BLACK
6
CONTINUOUS
10
150.4916069999999877
20
-69.9775769999999966
11
150.603114000000005
21
-70.0343929999999943
0
LINE
8
BLACK
6
CONTINUOUS
10
150.603114000000005
20
-70.0343929999999943
11
150.6916070000000047
21
-70.1228859999999941
0
LINE
8
BLACK
6
CONTINUOUS
10
150.6916070000000047
20
-70.1228859999999941
11
150.7484230000000025
21
-70.2343929999999972
0
LINE
8
BLACK
6
CONTINUOUS
10
150.7484230000000025
20
-70.2343929999999972
11
150.7680000000000007
21
-70.3579999999999899
0
LINE
8
BLACK
6
CONTINUOUS
10
150.7680000000000007
20
-70.3579999999999899
11
150.7484230000000025
21
-70.4816069999999968
0
LINE
8
BLACK
6
CONTINUOUS
10
150.7484230000000025
20
-70.4816069999999968
11
150.6916070000000047
21
-70.5931139999999999
0
LINE
8
BLACK
6
CONTINUOUS
10
150.6916070000000047
20
-70.5931139999999999
11
150.603114000000005
21
-70.6816069999999996
0
LINE
8
BLACK
6
CONTINUOUS
10
150.603114000000005
20
-70.6816069999999996
11
150.4916069999999877
21
-70.7384229999999974
0
LINE
8
BLACK
6
CONTINUOUS
10
150.4916069999999877
20
-70.7384229999999974
11
150.367999999999995
21
-70.7579999999999956
0
LINE
8
BLACK
6
CONTINUOUS
10
150.367999999999995
20
-70.7579999999999956
11
150.2443930000000023
21
-70.7384229999999974
0
LINE
8
BLACK
6
CONTINUOUS
10
150.2443930000000023
20
-70.7384229999999974
11
150.132885999999985
21
-70.6816069999999996
0
LINE
8
BLACK
6
CONTINUOUS
10
150.132885999999985
20
-70.6816069999999996
11
150.0443929999999852
21
-70.5931139999999999
0
LINE
8
BLACK
6
CONTINUOUS
10
150.0443929999999852
20
-70.5931139999999999
11
149.9875769999999875
21
-70.4816069999999968
0
LINE
8
BLACK
6
CONTINUOUS
10
149.9875769999999875
20
-70.4816069999999968
11
149.9679999999999893
21
-70.3579999999999899
0
LINE
8
BLACK
6
CONTINUOUS
10
149.9679999999999893
20
-70.3579999999999899
11
149.9875769999999875
21
-70.2343929999999972
0
LINE
8
BLACK
6
CONTINUOUS
10
149.9875769999999875
20
-70.2343929999999972
11
150.0443929999999852
21
-70.1228859999999941
0
LINE
8
BLACK
6
CONTINUOUS
10
150.0443929999999852
20
-70.1228859999999941
11
150.132885999999985
21
-70.0343929999999943
0
LINE
8
BLACK
6
CONTINUOUS
10
150.132885999999985
20
-70.0343929999999943
11
150.2443930000000023
21
-69.9775769999999966
0
LINE
8
BLACK
6
CONTINUOUS
10
150.2443930000000023
20
-69.9775769999999966
11
150.367999999999995
21
-69.9579999999999984
0
LINE
8
BLACK
6
CONTINUOUS
10
150.367999999999995
20
-69.9579999999999984
11
150.4916069999999877
21
-69.9775769999999966
0
LINE
8
BLACK
6
CONTINUOUS
10
120.3497079999999926
20
-69.7761840000000007
11
120.4694299999999885
21
-69.8531249999999915
0
LINE
8
BLACK
6
CONTINUOUS
10
120.4694299999999885
20
-69.8531249999999915
11
120.562626999999992
21
-69.9606799999999964
0
LINE
8
BLACK
6
CONTINUOUS
10
120.562626999999992
20
-69.9606799999999964
11
120.6217459999999875
21
-70.0901339999999919
0
LINE
8
BLACK
6
CONTINUOUS
10
120.6217459999999875
20
-70.0901339999999919
11
120.6419999999999959
21
-70.2309999999999945
0
LINE
8
BLACK
6
CONTINUOUS
10
120.6419999999999959
20
-70.2309999999999945
11
120.6217459999999875
21
-70.3718659999999971
0
LINE
8
BLACK
6
CONTINUOUS
10
120.6217459999999875
20
-70.3718659999999971
11
120.562626999999992
21
-70.5013199999999927
0
LINE
8
BLACK
6
CONTINUOUS
10
120.562626999999992
20
-70.5013199999999927
11
120.4694299999999885
21
-70.6088749999999976
0
LINE
8
BLACK
6
CONTINUOUS
10
120.4694299999999885
20
-70.6088749999999976
11
120.3497079999999926
21
-70.6858160000000026
0
LINE
8
BLACK
6
CONTINUOUS
10
120.3497079999999926
20
-70.6858160000000026
11
120.2131569999999954
21
-70.7259109999999964
0
LINE
8
BLACK
6
CONTINUOUS
10
120.2131569999999954
20
-70.7259109999999964
11
120.0708429999999964
21
-70.7259109999999964
0
LINE
8
BLACK
6
CONTINUOUS
10
120.0708429999999964
20
-70.7259109999999964
11
119.9342919999999992
21
-70.6858160000000026
0
LINE
8
BLACK
6
CONTINUOUS
10
119.9342919999999992
20
-70.6858160000000026
11
119.8145699999999891
21
-70.6088749999999976
0
LINE
8
BLACK
6
CONTINUOUS
10
119.8145699999999891
20
-70.6088749999999976
11
119.7213729999999998
21
-70.5013199999999927
0
LINE
8
BLACK
6
CONTINUOUS
10
119.7213729999999998
20
-70.5013199999999927
11
119.6622539999999901
21
-70.3718659999999971
0
LINE
8
BLACK
6
CONTINUOUS
10
119.6622539999999901
20
-70.3718659999999971
11
119.6419999999999959
21
-70.2309999999999945
0
LINE
8
BLACK
6
CONTINUOUS
10
119.6419999999999959
20
-70.2309999999999945
11
119.6622539999999901
21
-70.0901339999999919
0
LINE
8
BLACK
6
CONTINUOUS
10
119.6622539999999901
20
-70.0901339999999919
11
119.7213729999999998
21
-69.9606799999999964
0
LINE
8
BLACK
6
CONTINUOUS
10
119.7213729999999998
20
-69.9606799999999964
11
119.8145699999999891
21
-69.8531249999999915
0
LINE
8
BLACK
6
CONTINUOUS
10
119.8145699999999891
20
-69.8531249999999915
11
119.9342919999999992
21
-69.7761840000000007
0
LINE
8
BLACK
6
CONTINUOUS
10
119.9342919999999992
20
-69.7761840000000007
11
120.0708429999999964
21
-69.7360889999999927
0
LINE
8
BLACK
6
CONTINUOUS
10
120.0708429999999964
20
-69.7360889999999927
11
120.2131569999999954
21
-69.7360889999999927
0
LINE
8
BLACK
6
CONTINUOUS
10
120.2131569999999954
20
-69.7360889999999927
11
120.3497079999999926
21
-69.7761840000000007
0
LINE
8
BLACK
6
CONTINUOUS
10
179.1037079999999833
20
-69.7761840000000007
11
179.2234299999999791
21
-69.8531249999999915
0
LINE
8
BLACK
6
CONTINUOUS
10
179.2234299999999791
20
-69.8531249999999915
11
179.3166269999999827
21
-69.9606799999999964
0
LINE
8
BLACK
6
CONTINUOUS
10
179.3166269999999827
20
-69.9606799999999964
11
179.3757459999999924
21
-70.0901339999999919
0
LINE
8
BLACK
6
CONTINUOUS
10
179.3757459999999924
20
-70.0901339999999919
11
179.3959999999999866
21
-70.2309999999999945
0
LINE
8
BLACK
6
CONTINUOUS
10
179.3959999999999866
20
-70.2309999999999945
11
179.3757459999999924
21
-70.3718659999999971
0
LINE
8
BLACK
6
CONTINUOUS
10
179.3757459999999924
20
-70.3718659999999971
11
179.3166269999999827
21
-70.5013199999999927
0
LINE
8
BLACK
6
CONTINUOUS
10
179.3166269999999827
20
-70.5013199999999927
11
179.2234299999999791
21
-70.6088749999999976
0
LINE
8
BLACK
6
CONTINUOUS
10
179.2234299999999791
20
-70.6088749999999976
11
179.1037079999999833
21
-70.6858160000000026
0
LINE
8
BLACK
6
CONTINUOUS
10
179.1037079999999833
20
-70.6858160000000026
11
178.9671569999999861
21
-70.7259109999999964
0
LINE
8
BLACK
6
CONTINUOUS
10
178.9671569999999861
20
-70.7259109999999964
11
178.8248429999999871
21
-70.7259109999999964
0
LINE
8
BLACK
6
CONTINUOUS
10
178.8248429999999871
20
-70.7259109999999964
11
178.6882919999999899
21
-70.6858160000000026
0
LINE
8
BLACK
6
CONTINUOUS
10
178.6882919999999899
20
-70.6858160000000026
11
178.568569999999994
21
-70.6088749999999976
0
LINE
8
BLACK
6
CONTINUOUS
10
178.568569999999994
20
-70.6088749999999976
11
178.4753729999999905
21
-70.5013199999999927
0
LINE
8
BLACK
6
CONTINUOUS
10
178.4753729999999905
20
-70.5013199999999927
11
178.4162539999999808
21
-70.3718659999999971
0
LINE
8
BLACK
6
CONTINUOUS
10
178.4162539999999808
20
-70.3718659999999971
11
178.3959999999999866
21
-70.2309999999999945
0
LINE
8
BLACK
6
CONTINUOUS
10
178.3959999999999866
20
-70.2309999999999945
11
178.4162539999999808
21
-70.0901339999999919
0
LINE
8
BLACK
6
CONTINUOUS
10
178.4162539999999808
20
-70.0901339999999919
11
178.4753729999999905
21
-69.9606799999999964
0
LINE
8
BLACK
6
CONTINUOUS
10
178.4753729999999905
20
-69.9606799999999964
11
178.568569999999994
21
-69.8531249999999915
0
LINE
8
BLACK
6
CONTINUOUS
10
178.568569999999994
20
-69.8531249999999915
11
178.6882919999999899
21
-69.7761840000000007
0
LINE
8
BLACK
6
CONTINUOUS
10
178.6882919999999899
20
-69.7761840000000007
11
178.8248429999999871
21
-69.7360889999999927
0
LINE
8
BLACK
6
CONTINUOUS
10
178.8248429999999871
20
-69.7360889999999927
11
178.9671569999999861
21
-69.7360889999999927
0
LINE
8
BLACK
6
CONTINUOUS
10
178.9671569999999861
20
-69.7360889999999927
11
179.1037079999999833
21
-69.7761840000000007
0
LINE
8
BLACK
6
CONTINUOUS
10
173.710205000000002
20
-69.367843999999991
11
173.8217119999999909
21
-69.4246600000000029
0
LINE
8
BLACK
6
CONTINUOUS
10
173.8217119999999909
20
-69.4246600000000029
11
173.9102049999999906
21
-69.5131530000000026
0
LINE
8
BLACK
6
CONTINUOUS
10
173.9102049999999906
20
-69.5131530000000026
11
173.9670209999999884
21
-69.6246599999999916
0
LINE
8
BLACK
6
CONTINUOUS
10
173.9670209999999884
20
-69.6246599999999916
11
173.9865979999999865
21
-69.7482669999999985
0
LINE
8
BLACK
6
CONTINUOUS
10
173.9865979999999865
20
-69.7482669999999985
11
173.9670209999999884
21
-69.8718739999999912
0
LINE
8
BLACK
6
CONTINUOUS
10
173.9670209999999884
20
-69.8718739999999912
11
173.9102049999999906
21
-69.9833809999999943
0
LINE
8
BLACK
6
CONTINUOUS
10
173.9102049999999906
20
-69.9833809999999943
11
173.8217119999999909
21
-70.071873999999994
0
LINE
8
BLACK
6
CONTINUOUS
10
173.8217119999999909
20
-70.071873999999994
11
173.710205000000002
21
-70.1286899999999918
0
LINE
8
BLACK
6
CONTINUOUS
10
173.710205000000002
20
-70.1286899999999918
11
173.5865979999999809
21
-70.1482669999999899
0
LINE
8
BLACK
6
CONTINUOUS
10
173.5865979999999809
20
-70.1482669999999899
11
173.4629909999999882
21
-70.1286899999999918
0
LINE
8
BLACK
6
CONTINUOUS
10
173.4629909999999882
20
-70.1286899999999918
11
173.3514839999999992
21
-70.071873999999994
0
LINE
8
BLACK
6
CONTINUOUS
10
173.3514839999999992
20
-70.071873999999994
11
173.2629909999999995
21
-69.9833809999999943
0
LINE
8
BLACK
6
CONTINUOUS
10
173.2629909999999995
20
-69.9833809999999943
11
173.2061750000000018
21
-69.8718739999999912
0
LINE
8
BLACK
6
CONTINUOUS
10
173.2061750000000018
20
-69.8718739999999912
11
173.1865980000000036
21
-69.7482669999999985
0
LINE
8
BLACK
6
CONTINUOUS
10
173.1865980000000036
20
-69.7482669999999985
11
173.2061750000000018
21
-69.6246599999999916
0
LINE
8
BLACK
6
CONTINUOUS
10
173.2061750000000018
20
-69.6246599999999916
11
173.2629909999999995
21
-69.5131530000000026
0
LINE
8
BLACK
6
CONTINUOUS
10
173.2629909999999995
20
-69.5131530000000026
11
173.3514839999999992
21
-69.4246600000000029
0
LINE
8
BLACK
6
CONTINUOUS
10
173.3514839999999992
20
-69.4246600000000029
11
173.4629909999999882
21
-69.367843999999991
0
LINE
8
BLACK
6
CONTINUOUS
10
173.4629909999999882
20
-69.367843999999991
11
173.5865979999999809
21
-69.3482669999999928
0
LINE
8
BLACK
6
CONTINUOUS
10
173.5865979999999809
20
-69.3482669999999928
11
173.710205000000002
21
-69.367843999999991
0
LINE
8
BLACK
6
CONTINUOUS
10
133.9236070000000041
20
-69.219577000000001
11
134.035113999999993
21
-69.2763929999999988
0
LINE
8
BLACK
6
CONTINUOUS
10
134.035113999999993
20
-69.2763929999999988
11
134.1236069999999927
21
-69.3648859999999985
0
LINE
8
BLACK
6
CONTINUOUS
10
134.1236069999999927
20
-69.3648859999999985
11
134.1804229999999905
21
-69.4763930000000016
0
LINE
8
BLACK
6
CONTINUOUS
10
134.1804229999999905
20
-69.4763930000000016
11
134.1999999999999886
21
-69.5999999999999943
0
LINE
8
BLACK
6
CONTINUOUS
10
134.1999999999999886
20
-69.5999999999999943
11
134.1804229999999905
21
-69.7236070000000012
0
LINE
8
BLACK
6
CONTINUOUS
10
134.1804229999999905
20
-69.7236070000000012
11
134.1236069999999927
21
-69.8351139999999901
0
LINE
8
BLACK
6
CONTINUOUS
10
134.1236069999999927
20
-69.8351139999999901
11
134.035113999999993
21
-69.9236069999999899
0
LINE
8
BLACK
6
CONTINUOUS
10
134.035113999999993
20
-69.9236069999999899
11
133.9236070000000041
21
-69.9804230000000018
0
LINE
8
BLACK
6
CONTINUOUS
10
133.9236070000000041
20
-69.9804230000000018
11
133.7999999999999829
21
-70.
0
LINE
8
BLACK
6
CONTINUOUS
10
133.7999999999999829
20
-70.
11
133.6763929999999903
21
-69.9804230000000018
0
LINE
8
BLACK
6
CONTINUOUS
10
133.6763929999999903
20
-69.9804230000000018
11
133.5648860000000013
21
-69.9236069999999899
0
LINE
8
BLACK
6
CONTINUOUS
10
133.5648860000000013
20
-69.9236069999999899
11
133.4763930000000016
21
-69.8351139999999901
0
LINE
8
BLACK
6
CONTINUOUS
10
133.4763930000000016
20
-69.8351139999999901
11
133.4195770000000039
21
-69.7236070000000012
0
LINE
8
BLACK
6
CONTINUOUS
10
133.4195770000000039
20
-69.7236070000000012
11
133.4000000000000057
21
-69.5999999999999943
0
LINE
8
BLACK
6
CONTINUOUS
10
133.4000000000000057
20
-69.5999999999999943
11
133.4195770000000039
21
-69.4763930000000016
0
LINE
8
BLACK
6
CONTINUOUS
10
133.4195770000000039
20
-69.4763930000000016
11
133.4763930000000016
21
-69.3648859999999985
0
LINE
8
BLACK
6
CONTINUOUS
10
133.4763930000000016
20
-69.3648859999999985
11
133.5648860000000013
21
-69.2763929999999988
0
LINE
8
BLACK
6
CONTINUOUS
10
133.5648860000000013
20
-69.2763929999999988
11
133.6763929999999903
21
-69.219577000000001
0
LINE
8
BLACK
6
CONTINUOUS
10
133.6763929999999903
20
-69.219577000000001
11
133.7999999999999829
21
-69.2000000000000028
0
LINE
8
BLACK
6
CONTINUOUS
10
133.7999999999999829
20
-69.2000000000000028
11
133.9236070000000041
21
-69.219577000000001
0
LINE
8
BLACK
6
CONTINUOUS
10
120.3497079999999926
20
-68.5061839999999904
11
120.4694299999999885
21
-68.5831249999999955
0
LINE
8
BLACK
6
CONTINUOUS
10
120.4694299999999885
20
-68.5831249999999955
11
120.562626999999992
21
-68.6906800000000004
0
LINE
8
BLACK
6
CONTINUOUS
10
120.562626999999992
20
-68.6906800000000004
11
120.6217459999999875
21
-68.8201339999999959
0
LINE
8
BLACK
6
CONTINUOUS
10
120.6217459999999875
20
-68.8201339999999959
11
120.6419999999999959
21
-68.9609999999999985
0
LINE
8
BLACK
6
CONTINUOUS
10
120.6419999999999959
20
-68.9609999999999985
11
120.6217459999999875
21
-69.1018660000000011
0
LINE
8
BLACK
6
CONTINUOUS
10
120.6217459999999875
20
-69.1018660000000011
11
120.562626999999992
21
-69.2313199999999966
0
LINE
8
BLACK
6
CONTINUOUS
10
120.562626999999992
20
-69.2313199999999966
11
120.4694299999999885
21
-69.3388750000000016
0
LINE
8
BLACK
6
CONTINUOUS
10
120.4694299999999885
20
-69.3388750000000016
11
120.3497079999999926
21
-69.4158159999999924
0
LINE
8
BLACK
6
CONTINUOUS
10
120.3497079999999926
20
-69.4158159999999924
11
120.2131569999999954
21
-69.4559110000000004
0
LINE
8
BLACK
6
CONTINUOUS
10
120.2131569999999954
20
-69.4559110000000004
11
120.0708429999999964
21
-69.4559110000000004
0
LINE
8
BLACK
6
CONTINUOUS
10
120.0708429999999964
20
-69.4559110000000004
11
119.9342919999999992
21
-69.4158159999999924
0
LINE
8
BLACK
6
CONTINUOUS
10
119.9342919999999992
20
-69.4158159999999924
11
119.8145699999999891
21
-69.3388750000000016
0
LINE
8
BLACK
6
CONTINUOUS
10
119.8145699999999891
20
-69.3388750000000016
11
119.7213729999999998
21
-69.2313199999999966
0
LINE
8
BLACK
6
CONTINUOUS
10
119.7213729999999998
20
-69.2313199999999966
11
119.6622539999999901
21
-69.1018660000000011
0
LINE
8
BLACK
6
CONTINUOUS
10
119.6622539999999901
20
-69.1018660000000011
11
119.6419999999999959
21
-68.9609999999999985
0
LINE
8
BLACK
6
CONTINUOUS
10
119.6419999999999959
20
-68.9609999999999985
11
119.6622539999999901
21
-68.8201339999999959
0
LINE
8
BLACK
6
CONTINUOUS
10
119.6622539999999901
20
-68.8201339999999959
11
119.7213729999999998
21
-68.6906800000000004
0
LINE
8
BLACK
6
CONTINUOUS
10
119.7213729999999998
20
-68.6906800000000004
11
119.8145699999999891
21
-68.5831249999999955
0
LINE
8
BLACK
6
CONTINUOUS
10
119.8145699999999891
20
-68.5831249999999955
11
119.9342919999999992
21
-68.5061839999999904
0
LINE
8
BLACK
6
CONTINUOUS
10
119.9342919999999992
20
-68.5061839999999904
11
120.0708429999999964
21
-68.4660889999999966
0
LINE
8
BLACK
6
CONTINUOUS
10
120.0708429999999964
20
-68.4660889999999966
11
120.2131569999999954
21
-68.4660889999999966
0
LINE
8
BLACK
6
CONTINUOUS
10
120.2131569999999954
20
-68.4660889999999966
11
120.3497079999999926
21
-68.5061839999999904
0
LINE
8
BLACK
6
CONTINUOUS
10
179.1037079999999833
20
-68.5061839999999904
11
179.2234299999999791
21
-68.5831249999999955
0
LINE
8
BLACK
6
CONTINUOUS
10
179.2234299999999791
20
-68.5831249999999955
11
179.3166269999999827
21
-68.6906800000000004
0
LINE
8
BLACK
6
CONTINUOUS
10
179.3166269999999827
20
-68.6906800000000004
11
179.3757459999999924
21
-68.8201339999999959
0
LINE
8
BLACK
6
CONTINUOUS
10
179.3757459999999924
20
-68.8201339999999959
11
179.3959999999999866
21
-68.9609999999999985
0
LINE
8
BLACK
6
CONTINUOUS
10
179.3959999999999866
20
-68.9609999999999985
11
179.3757459999999924
21
-69.1018660000000011
0
LINE
8
BLACK
6
CONTINUOUS
10
179.3757459999999924
20
-69.1018660000000011
11
179.3166269999999827
21
-69.2313199999999966
0
LINE
8
BLACK
6
CONTINUOUS
10
179.3166269999999827
20
-69.2313199999999966
11
179.2234299999999791
21
-69.3388750000000016
0
LINE
8
BLACK
6
CONTINUOUS
10
179.2234299999999791
20
-69.3388750000000016
11
179.1037079999999833
21
-69.4158159999999924
0
LINE
8
BLACK
6
CONTINUOUS
10
179.1037079999999833
20
-69.4158159999999924
11
178.9671569999999861
21
-69.4559110000000004
0
LINE
8
BLACK
6
CONTINUOUS
10
178.9671569999999861
20
-69.4559110000000004
11
178.8248429999999871
21
-69.4559110000000004
0
LINE
8
BLACK
6
CONTINUOUS
10
178.8248429999999871
20
-69.4559110000000004
11
178.6882919999999899
21
-69.4158159999999924
0
LINE
8
BLACK
6
CONTINUOUS
10
178.6882919999999899
20
-69.4158159999999924
11
178.568569999999994
21
-69.3388750000000016
0
LINE
8
BLACK
6
CONTINUOUS
10
178.568569999999994
20
-69.3388750000000016
11
178.4753729999999905
21
-69.2313199999999966
0
LINE
8
BLACK
6
CONTINUOUS
10
178.4753729999999905
20
-69.2313199999999966
11
178.4162539999999808
21
-69.1018660000000011
0
LINE
8
BLACK
6
CONTINUOUS
10
178.4162539999999808
20
-69.1018660000000011
11
178.3959999999999866
21
-68.9609999999999985
0
LINE
8
BLACK
6
CONTINUOUS
10
178.3959999999999866
20
-68.9609999999999985
11
178.4162539999999808
21
-68.8201339999999959
0
LINE
8
BLACK
6
CONTINUOUS
10
178.4162539999999808
20
-68.8201339999999959
11
178.4753729999999905
21
-68.6906800000000004
0
LINE
8
BLACK
6
CONTINUOUS
10
178.4753729999999905
20
-68.6906800000000004
11
178.568569999999994
21
-68.5831249999999955
0
LINE
8
BLACK
6
CONTINUOUS
10
178.568569999999994
20
-68.5831249999999955
11
178.6882919999999899
21
-68.5061839999999904
0
LINE
8
BLACK
6
CONTINUOUS
10
178.6882919999999899
20
-68.5061839999999904
11
178.8248429999999871
21
-68.4660889999999966
0
LINE
8
BLACK
6
CONTINUOUS
10
178.8248429999999871
20
-68.4660889999999966
11
178.9671569999999861
21
-68.4660889999999966
0
LINE
8
BLACK
6
CONTINUOUS
10
178.9671569999999861
20
-68.4660889999999966
11
179.1037079999999833
21
-68.5061839999999904
0
LINE
8
BLACK
6
CONTINUOUS
10
145.3736069999999927
20
-48.3695769999999996
11
145.4851139999999816
21
-48.4263929999999974
0
LINE
8
BLACK
6
CONTINUOUS
10
145.4851139999999816
20
-48.4263929999999974
11
145.5736069999999813
21
-48.5148859999999971
0
LINE
8
BLACK
6
CONTINUOUS
10
145.5736069999999813
20
-48.5148859999999971
11
145.6304230000000075
21
-48.6263930000000002
0
LINE
8
BLACK
6
CONTINUOUS
10
145.6304230000000075
20
-48.6263930000000002
11
145.6500000000000057
21
-48.75
0
LINE
8
BLACK
6
CONTINUOUS
10
145.6500000000000057
20
-48.75
11
145.6304230000000075
21
-48.8736069999999998
0
LINE
8
BLACK
6
CONTINUOUS
10
145.6304230000000075
20
-48.8736069999999998
11
145.5736069999999813
21
-48.9851139999999958
0
LINE
8
BLACK
6
CONTINUOUS
10
145.5736069999999813
20
-48.9851139999999958
11
145.4851139999999816
21
-49.0736069999999955
0
LINE
8
BLACK
6
CONTINUOUS
10
145.4851139999999816
20
-49.0736069999999955
11
145.3736069999999927
21
-49.1304230000000004
0
LINE
8
BLACK
6
CONTINUOUS
10
145.3736069999999927
20
-49.1304230000000004
11
145.25
21
-49.1499999999999986
0
LINE
8
BLACK
6
CONTINUOUS
10
145.25
20
-49.1499999999999986
11
145.1263930000000073
21
-49.1304230000000004
0
LINE
8
BLACK
6
CONTINUOUS
10
145.1263930000000073
20
-49.1304230000000004
11
145.01488599999999
21
-49.0736069999999955
0
LINE
8
BLACK
6
CONTINUOUS
10
145.01488599999999
20
-49.0736069999999955
11
144.9412789999999802
21
-49.
0
LINE
8
BLACK
6
CONTINUOUS
10
144.9412789999999802
20
-49.
11
129.3535530000000051
21
-49.
0
LINE
8
BLACK
6
CONTINUOUS
10
129.3535530000000051
20
-49.
11
122.
21
-56.353552999999998
0
LINE
8
BLACK
6
CONTINUOUS
10
122.
20
-56.353552999999998
11
122.
21
-59.8964459999999974
0
LINE
8
BLACK
6
CONTINUOUS
10
122.
20
-59.8964459999999974
11
125.1767770000000013
21
-63.0732229999999987
0
LINE
8
BLACK
6
CONTINUOUS
10
125.1767770000000013
20
-63.0732229999999987
11
125.2078619999999916
21
-63.1111019999999954
0
LINE
8
BLACK
6
CONTINUOUS
10
125.2078619999999916
20
-63.1111019999999954
11
125.2078669999999931
21
-63.111106999999997
0
LINE
8
BLACK
6
CONTINUOUS
10
125.2078669999999931
20
-63.111106999999997
11
125.2451959999999929
21
-63.2012269999999958
0
LINE
8
BLACK
6
CONTINUOUS
10
125.2451959999999929
20
-63.2012269999999958
11
125.25
21
-63.25
0
LINE
8
BLACK
6
CONTINUOUS
10
125.25
20
-63.25
11
125.25
21
-68.75
0
LINE
8
BLACK
6
CONTINUOUS
10
125.25
20
-68.75
11
125.2451959999999929
21
-68.7987729999999971
0
LINE
8
BLACK
6
CONTINUOUS
10
125.2451959999999929
20
-68.7987729999999971
11
125.2078669999999931
21
-68.8888929999999959
0
LINE
8
BLACK
6
CONTINUOUS
10
125.2078669999999931
20
-68.8888929999999959
11
125.2078619999999916
21
-68.888897
0
LINE
8
BLACK
6
CONTINUOUS
10
125.2078619999999916
20
-68.888897
11
125.1767759999999896
21
-68.9267770000000013
0
LINE
8
BLACK
6
CONTINUOUS
10
125.1767759999999896
20
-68.9267770000000013
11
125.1436489999999964
21
-68.9599029999999971
0
LINE
8
BLACK
6
CONTINUOUS
10
125.1436489999999964
20
-68.9599029999999971
11
125.1499999999999915
21
-69.
0
LINE
8
BLACK
6
CONTINUOUS
10
125.1499999999999915
20
-69.
11
125.1304229999999933
21
-69.1236069999999927
0
LINE
8
BLACK
6
CONTINUOUS
10
125.1304229999999933
20
-69.1236069999999927
11
125.0736069999999955
21
-69.2351139999999958
0
LINE
8
BLACK
6
CONTINUOUS
10
125.0736069999999955
20
-69.2351139999999958
11
124.9851139999999958
21
-69.3236069999999955
0
LINE
8
BLACK
6
CONTINUOUS
10
124.9851139999999958
20
-69.3236069999999955
11
124.8736069999999927
21
-69.3804229999999933
0
LINE
8
BLACK
6
CONTINUOUS
10
124.8736069999999927
20
-69.3804229999999933
11
124.75
21
-69.3999999999999915
0
LINE
8
BLACK
6
CONTINUOUS
10
124.75
20
-69.3999999999999915
11
124.6263929999999931
21
-69.3804229999999933
0
LINE
8
BLACK
6
CONTINUOUS
10
124.6263929999999931
20
-69.3804229999999933
11
124.51488599999999
21
-69.3236069999999955
0
LINE
8
BLACK
6
CONTINUOUS
10
124.51488599999999
20
-69.3236069999999955
11
124.4263929999999903
21
-69.2351139999999958
0
LINE
8
BLACK
6
CONTINUOUS
10
124.4263929999999903
20
-69.2351139999999958
11
124.3695769999999925
21
-69.1236069999999927
0
LINE
8
BLACK
6
CONTINUOUS
10
124.3695769999999925
20
-69.1236069999999927
11
124.3499999999999943
21
-69.
0
LINE
8
BLACK
6
CONTINUOUS
10
124.3499999999999943
20
-69.
11
124.3695769999999925
21
-68.8763929999999931
0
LINE
8
BLACK
6
CONTINUOUS
10
124.3695769999999925
20
-68.8763929999999931
11
124.4263929999999903
21
-68.76488599999999
0
LINE
8
BLACK
6
CONTINUOUS
10
124.4263929999999903
20
-68.76488599999999
11
124.51488599999999
21
-68.6763929999999903
0
LINE
8
BLACK
6
CONTINUOUS
10
124.51488599999999
20
-68.6763929999999903
11
124.6263929999999931
21
-68.6195769999999925
0
LINE
8
BLACK
6
CONTINUOUS
10
124.6263929999999931
20
-68.6195769999999925
11
124.75
21
-68.5999999999999943
0
LINE
8
BLACK
6
CONTINUOUS
10
124.75
20
-68.5999999999999943
11
124.75
21
-63.3535539999999955
0
LINE
8
BLACK
6
CONTINUOUS
10
124.75
20
-63.3535539999999955
11
121.5732229999999987
21
-60.1767769999999942
0
LINE
8
BLACK
6
CONTINUOUS
10
121.5732229999999987
20
-60.1767769999999942
11
121.5421369999999968
21
-60.138897
0
LINE
8
BLACK
6
CONTINUOUS
10
121.5421369999999968
20
-60.138897
11
121.5421329999999926
21
-60.1388929999999959
0
LINE
8
BLACK
6
CONTINUOUS
10
121.5421329999999926
20
-60.1388929999999959
11
121.5048039999999929
21
-60.0487729999999971
0
LINE
8
BLACK
6
CONTINUOUS
10
121.5048039999999929
20
-60.0487729999999971
11
121.5
21
-60.
0
LINE
8
BLACK
6
CONTINUOUS
10
121.5
20
-60.
11
121.5
21
-56.25
0
LINE
8
BLACK
6
CONTINUOUS
10
121.5
20
-56.25
11
121.5048039999999929
21
-56.2012269999999958
0
LINE
8
BLACK
6
CONTINUOUS
10
121.5048039999999929
20
-56.2012269999999958
11
121.5421329999999926
21
-56.111106999999997
0
LINE
8
BLACK
6
CONTINUOUS
10
121.5421329999999926
20
-56.111106999999997
11
121.5421369999999968
21
-56.1111019999999954
0
LINE
8
BLACK
6
CONTINUOUS
10
121.5421369999999968
20
-56.1111019999999954
11
121.5732229999999987
21
-56.0732229999999987
0
LINE
8
BLACK
6
CONTINUOUS
10
121.5732229999999987
20
-56.0732229999999987
11
129.073223999999982
21
-48.5732229999999987
0
LINE
8
BLACK
6
CONTINUOUS
10
129.073223999999982
20
-48.5732229999999987
11
129.1111080000000015
21
-48.5421319999999952
0
LINE
8
BLACK
6
CONTINUOUS
10
129.1111080000000015
20
-48.5421319999999952
11
129.2012279999999862
21
-48.5048029999999954
0
LINE
8
BLACK
6
CONTINUOUS
10
129.2012279999999862
20
-48.5048029999999954
11
129.2012369999999919
21
-48.5048029999999954
0
LINE
8
BLACK
6
CONTINUOUS
10
129.2012369999999919
20
-48.5048029999999954
11
129.25
21
-48.5
0
LINE
8
BLACK
6
CONTINUOUS
10
129.25
20
-48.5
11
144.9412789999999802
21
-48.5
0
LINE
8
BLACK
6
CONTINUOUS
10
144.9412789999999802
20
-48.5
11
145.01488599999999
21
-48.4263929999999974
0
LINE
8
BLACK
6
CONTINUOUS
10
145.01488599999999
20
-48.4263929999999974
11
145.1263930000000073
21
-48.3695769999999996
0
LINE
8
BLACK
6
CONTINUOUS
10
145.1263930000000073
20
-48.3695769999999996
11
145.25
21
-48.3499999999999943
0
LINE
8
BLACK
6
CONTINUOUS
10
145.25
20
-48.3499999999999943
11
145.3736069999999927
21
-48.3695769999999996
0
LINE
8
BLACK
6
CONTINUOUS
10
150.9886070000000018
20
-51.5625769999999974
11
151.1001139999999907
21
-51.6193929999999952
0
LINE
8
BLACK
6
CONTINUOUS
10
151.1001139999999907
20
-51.6193929999999952
11
151.1737990000000025
21
-51.6930779999999999
0
LINE
8
BLACK
6
CONTINUOUS
10
151.1737990000000025
20
-51.6930779999999999
11
151.2217729999999847
21
-51.6978039999999979
0
LINE
8
BLACK
6
CONTINUOUS
10
151.2217729999999847
20
-51.6978039999999979
11
151.3118929999999978
21
-51.7351329999999976
0
LINE
8
BLACK
6
CONTINUOUS
10
151.3118929999999978
20
-51.7351329999999976
11
151.3118969999999877
21
-51.7351369999999946
0
LINE
8
BLACK
6
CONTINUOUS
10
151.3118969999999877
20
-51.7351369999999946
11
151.3497769999999889
21
-51.7662229999999965
0
LINE
8
BLACK
6
CONTINUOUS
10
151.3497769999999889
20
-51.7662229999999965
11
162.8335539999999924
21
-63.25
0
LINE
8
BLACK
6
CONTINUOUS
10
162.8335539999999924
20
-63.25
11
171.75
21
-63.25
0
LINE
8
BLACK
6
CONTINUOUS
10
171.75
20
-63.25
11
171.7987729999999829
21
-63.254804
0
LINE
8
BLACK
6
CONTINUOUS
10
171.7987729999999829
20
-63.254804
11
171.8888929999999959
21
-63.2921329999999998
0
LINE
8
BLACK
6
CONTINUOUS
10
171.8888929999999959
20
-63.2921329999999998
11
171.8888969999999858
21
-63.2921369999999968
0
LINE
8
BLACK
6
CONTINUOUS
10
171.8888969999999858
20
-63.2921369999999968
11
171.9267769999999871
21
-63.3232229999999987
0
LINE
8
BLACK
6
CONTINUOUS
10
171.9267769999999871
20
-63.3232229999999987
11
174.4392770000000041
21
-65.835723999999999
0
LINE
8
BLACK
6
CONTINUOUS
10
174.4392770000000041
20
-65.835723999999999
11
174.4703679999999792
21
-65.8736079999999902
0
LINE
8
BLACK
6
CONTINUOUS
10
174.4703679999999792
20
-65.8736079999999902
11
174.507696999999979
21
-65.9637280000000032
0
LINE
8
BLACK
6
CONTINUOUS
10
174.507696999999979
20
-65.9637280000000032
11
174.507696999999979
21
-65.9637369999999947
0
LINE
8
BLACK
6
CONTINUOUS
10
174.507696999999979
20
-65.9637369999999947
11
174.5124999999999886
21
-66.0125000000000028
0
LINE
8
BLACK
6
CONTINUOUS
10
174.5124999999999886
20
-66.0125000000000028
11
174.5124999999999886
21
-68.7037789999999973
0
LINE
8
BLACK
6
CONTINUOUS
10
174.5124999999999886
20
-68.7037789999999973
11
174.5736069999999813
21
-68.76488599999999
0
LINE
8
BLACK
6
CONTINUOUS
10
174.5736069999999813
20
-68.76488599999999
11
174.6304229999999791
21
-68.8763929999999931
0
LINE
8
BLACK
6
CONTINUOUS
10
174.6304229999999791
20
-68.8763929999999931
11
174.6500000000000057
21
-69.
0
LINE
8
BLACK
6
CONTINUOUS
10
174.6500000000000057
20
-69.
11
174.6304229999999791
21
-69.1236069999999927
0
LINE
8
BLACK
6
CONTINUOUS
10
174.6304229999999791
20
-69.1236069999999927
11
174.5736069999999813
21
-69.2351139999999958
0
LINE
8
BLACK
6
CONTINUOUS
10
174.5736069999999813
20
-69.2351139999999958
11
174.4851139999999816
21
-69.3236069999999955
0
LINE
8
BLACK
6
CONTINUOUS
10
174.4851139999999816
20
-69.3236069999999955
11
174.3736069999999927
21
-69.3804229999999933
0
LINE
8
BLACK
6
CONTINUOUS
10
174.3736069999999927
20
-69.3804229999999933
11
174.25
21
-69.3999999999999915
0
LINE
8
BLACK
6
CONTINUOUS
10
174.25
20
-69.3999999999999915
11
174.1263929999999789
21
-69.3804229999999933
0
LINE
8
BLACK
6
CONTINUOUS
10
174.1263929999999789
20
-69.3804229999999933
11
174.01488599999999
21
-69.3236069999999955
0
LINE
8
BLACK
6
CONTINUOUS
10
174.01488599999999
20
-69.3236069999999955
11
173.9263929999999903
21
-69.2351139999999958
0
LINE
8
BLACK
6
CONTINUOUS
10
173.9263929999999903
20
-69.2351139999999958
11
173.8695769999999925
21
-69.1236069999999927
0
LINE
8
BLACK
6
CONTINUOUS
10
173.8695769999999925
20
-69.1236069999999927
11
173.8499999999999943
21
-69.
0
LINE
8
BLACK
6
CONTINUOUS
10
173.8499999999999943
20
-69.
11
173.8695769999999925
21
-68.8763929999999931
0
LINE
8
BLACK
6
CONTINUOUS
10
173.8695769999999925
20
-68.8763929999999931
11
173.9263929999999903
21
-68.76488599999999
0
LINE
8
BLACK
6
CONTINUOUS
10
173.9263929999999903
20
-68.76488599999999
11
174.0124999999999886
21
-68.6787789999999916
0
LINE
8
BLACK
6
CONTINUOUS
10
174.0124999999999886
20
-68.6787789999999916
11
174.0124999999999886
21
-66.1160529999999937
0
LINE
8
BLACK
6
CONTINUOUS
10
174.0124999999999886
20
-66.1160529999999937
11
171.6464459999999974
21
-63.75
0
LINE
8
BLACK
6
CONTINUOUS
10
171.6464459999999974
20
-63.75
11
162.7299999999999898
21
-63.75
0
LINE
8
BLACK
6
CONTINUOUS
10
162.7299999999999898
20
-63.75
11
162.6812269999999785
21
-63.745196
0
LINE
8
BLACK
6
CONTINUOUS
10
162.6812269999999785
20
-63.745196
11
162.5911069999999938
21
-63.7078670000000002
0
LINE
8
BLACK
6
CONTINUOUS
10
162.5911069999999938
20
-63.7078670000000002
11
162.5911020000000065
21
-63.7078619999999987
0
LINE
8
BLACK
6
CONTINUOUS
10
162.5911020000000065
20
-63.7078619999999987
11
162.5532230000000027
21
-63.6767769999999942
0
LINE
8
BLACK
6
CONTINUOUS
10
162.5532230000000027
20
-63.6767769999999942
11
151.1215829999999869
21
-52.2451369999999997
0
LINE
8
BLACK
6
CONTINUOUS
10
151.1215829999999869
20
-52.2451369999999997
11
151.1001139999999907
21
-52.2666070000000005
0
LINE
8
BLACK
6
CONTINUOUS
10
151.1001139999999907
20
-52.2666070000000005
11
150.9886070000000018
21
-52.3234229999999982
0
LINE
8
BLACK
6
CONTINUOUS
10
150.9886070000000018
20
-52.3234229999999982
11
150.8649999999999807
21
-52.3429999999999964
0
LINE
8
BLACK
6
CONTINUOUS
10
150.8649999999999807
20
-52.3429999999999964
11
150.741392999999988
21
-52.3234229999999982
0
LINE
8
BLACK
6
CONTINUOUS
10
150.741392999999988
20
-52.3234229999999982
11
150.6298859999999991
21
-52.2666070000000005
0
LINE
8
BLACK
6
CONTINUOUS
10
150.6298859999999991
20
-52.2666070000000005
11
150.5413929999999993
21
-52.1781140000000008
0
LINE
8
BLACK
6
CONTINUOUS
10
150.5413929999999993
20
-52.1781140000000008
11
150.4845770000000016
21
-52.0666069999999976
0
LINE
8
BLACK
6
CONTINUOUS
10
150.4845770000000016
20
-52.0666069999999976
11
150.4650000000000034
21
-51.9429999999999978
0
LINE
8
BLACK
6
CONTINUOUS
10
150.4650000000000034
20
-51.9429999999999978
11
150.4845770000000016
21
-51.819392999999998
0
LINE
8
BLACK
6
CONTINUOUS
10
150.4845770000000016
20
-51.819392999999998
11
150.5413929999999993
21
-51.7078859999999949
0
LINE
8
BLACK
6
CONTINUOUS
10
150.5413929999999993
20
-51.7078859999999949
11
150.6298859999999991
21
-51.6193929999999952
0
LINE
8
BLACK
6
CONTINUOUS
10
150.6298859999999991
20
-51.6193929999999952
11
150.741392999999988
21
-51.5625769999999974
0
LINE
8
BLACK
6
CONTINUOUS
10
150.741392999999988
20
-51.5625769999999974
11
150.8649999999999807
21
-51.5429999999999993
0
LINE
8
BLACK
6
CONTINUOUS
10
150.8649999999999807
20
-51.5429999999999993
11
150.9886070000000018
21
-51.5625769999999974
0
LINE
8
BLACK
6
CONTINUOUS
10
135.3236069999999813
20
-68.219577000000001
11
135.4351139999999987
21
-68.2763929999999988
0
LINE
8
BLACK
6
CONTINUOUS
10
135.4351139999999987
20
-68.2763929999999988
11
135.5236069999999984
21
-68.3648859999999985
0
LINE
8
BLACK
6
CONTINUOUS
10
135.5236069999999984
20
-68.3648859999999985
11
135.5804229999999961
21
-68.4763930000000016
0
LINE
8
BLACK
6
CONTINUOUS
10
135.5804229999999961
20
-68.4763930000000016
11
135.5999999999999943
21
-68.5999999999999943
0
LINE
8
BLACK
6
CONTINUOUS
10
135.5999999999999943
20
-68.5999999999999943
11
135.5804229999999961
21
-68.7236070000000012
0
LINE
8
BLACK
6
CONTINUOUS
10
135.5804229999999961
20
-68.7236070000000012
11
135.5236069999999984
21
-68.8351139999999901
0
LINE
8
BLACK
6
CONTINUOUS
10
135.5236069999999984
20
-68.8351139999999901
11
135.4351139999999987
21
-68.9236069999999899
0
LINE
8
BLACK
6
CONTINUOUS
10
135.4351139999999987
20
-68.9236069999999899
11
135.3236069999999813
21
-68.9804230000000018
0
LINE
8
BLACK
6
CONTINUOUS
10
135.3236069999999813
20
-68.9804230000000018
11
135.1999999999999886
21
-69.
0
LINE
8
BLACK
6
CONTINUOUS
10
135.1999999999999886
20
-69.
11
135.0763929999999959
21
-68.9804230000000018
0
LINE
8
BLACK
6
CONTINUOUS
10
135.0763929999999959
20
-68.9804230000000018
11
134.964886000000007
21
-68.9236069999999899
0
LINE
8
BLACK
6
CONTINUOUS
10
134.964886000000007
20
-68.9236069999999899
11
134.8763930000000073
21
-68.8351139999999901
0
LINE
8
BLACK
6
CONTINUOUS
10
134.8763930000000073
20
-68.8351139999999901
11
134.8195769999999811
21
-68.7236070000000012
0
LINE
8
BLACK
6
CONTINUOUS
10
134.8195769999999811
20
-68.7236070000000012
11
134.7999999999999829
21
-68.5999999999999943
0
LINE
8
BLACK
6
CONTINUOUS
10
134.7999999999999829
20
-68.5999999999999943
11
134.8195769999999811
21
-68.4763930000000016
0
LINE
8
BLACK
6
CONTINUOUS
10
134.8195769999999811
20
-68.4763930000000016
11
134.8763930000000073
21
-68.3648859999999985
0
LINE
8
BLACK
6
CONTINUOUS
10
134.8763930000000073
20
-68.3648859999999985
11
134.964886000000007
21
-68.2763929999999988
0
LINE
8
BLACK
6
CONTINUOUS
10
134.964886000000007
20
-68.2763929999999988
11
135.0763929999999959
21
-68.219577000000001
0
LINE
8
BLACK
6
CONTINUOUS
10
135.0763929999999959
20
-68.219577000000001
11
135.1999999999999886
21
-68.2000000000000028
0
LINE
8
BLACK
6
CONTINUOUS
10
135.1999999999999886
20
-68.2000000000000028
11
135.3236069999999813
21
-68.219577000000001
0
LINE
8
BLACK
6
CONTINUOUS
10
164.3236069999999813
20
-67.6195769999999925
11
164.4351139999999987
21
-67.6763929999999903
0
LINE
8
BLACK
6
CONTINUOUS
10
164.4351139999999987
20
-67.6763929999999903
11
164.5236069999999984
21
-67.76488599999999
0
LINE
8
BLACK
6
CONTINUOUS
10
164.5236069999999984
20
-67.76488599999999
11
164.5804229999999961
21
-67.8763929999999931
0
LINE
8
BLACK
6
CONTINUOUS
10
164.5804229999999961
20
-67.8763929999999931
11
164.5999999999999943
21
-68.
0
LINE
8
BLACK
6
CONTINUOUS
10
164.5999999999999943
20
-68.
11
164.5804229999999961
21
-68.1236069999999927
0
LINE
8
BLACK
6
CONTINUOUS
10
164.5804229999999961
20
-68.1236069999999927
11
164.5236069999999984
21
-68.2351139999999958
0
LINE
8
BLACK
6
CONTINUOUS
10
164.5236069999999984
20
-68.2351139999999958
11
164.4351139999999987
21
-68.3236069999999955
0
LINE
8
BLACK
6
CONTINUOUS
10
164.4351139999999987
20
-68.3236069999999955
11
164.3236069999999813
21
-68.3804229999999933
0
LINE
8
BLACK
6
CONTINUOUS
10
164.3236069999999813
20
-68.3804229999999933
11
164.1999999999999886
21
-68.3999999999999915
0
LINE
8
BLACK
6
CONTINUOUS
10
164.1999999999999886
20
-68.3999999999999915
11
164.0763929999999959
21
-68.3804229999999933
0
LINE
8
BLACK
6
CONTINUOUS
10
164.0763929999999959
20
-68.3804229999999933
11
163.9648859999999786
21
-68.3236069999999955
0
LINE
8
BLACK
6
CONTINUOUS
10
163.9648859999999786
20
-68.3236069999999955
11
163.8763929999999789
21
-68.2351139999999958
0
LINE
8
BLACK
6
CONTINUOUS
10
163.8763929999999789
20
-68.2351139999999958
11
163.8195769999999811
21
-68.1236069999999927
0
LINE
8
BLACK
6
CONTINUOUS
10
163.8195769999999811
20
-68.1236069999999927
11
163.7999999999999829
21
-68.
0
LINE
8
BLACK
6
CONTINUOUS
10
163.7999999999999829
20
-68.
11
163.8195769999999811
21
-67.8763929999999931
0
LINE
8
BLACK
6
CONTINUOUS
10
163.8195769999999811
20
-67.8763929999999931
11
163.8763929999999789
21
-67.76488599999999
0
LINE
8
BLACK
6
CONTINUOUS
10
163.8763929999999789
20
-67.76488599999999
11
163.9648859999999786
21
-67.6763929999999903
0
LINE
8
BLACK
6
CONTINUOUS
10
163.9648859999999786
20
-67.6763929999999903
11
164.0763929999999959
21
-67.6195769999999925
0
LINE
8
BLACK
6
CONTINUOUS
10
164.0763929999999959
20
-67.6195769999999925
11
164.1999999999999886
21
-67.5999999999999943
0
LINE
8
BLACK
6
CONTINUOUS
10
164.1999999999999886
20
-67.5999999999999943
11
164.3236069999999813
21
-67.6195769999999925
0
LINE
8
BLACK
6
CONTINUOUS
10
120.3497079999999926
20
-67.2361839999999944
11
120.4694299999999885
21
-67.3131249999999994
0
LINE
8
BLACK
6
CONTINUOUS
10
120.4694299999999885
20
-67.3131249999999994
11
120.562626999999992
21
-67.4206799999999902
0
LINE
8
BLACK
6
CONTINUOUS
10
120.562626999999992
20
-67.4206799999999902
11
120.6217459999999875
21
-67.5501339999999999
0
LINE
8
BLACK
6
CONTINUOUS
10
120.6217459999999875
20
-67.5501339999999999
11
120.6419999999999959
21
-67.6910000000000025
0
LINE
8
BLACK
6
CONTINUOUS
10
120.6419999999999959
20
-67.6910000000000025
11
120.6217459999999875
21
-67.8318659999999909
0
LINE
8
BLACK
6
CONTINUOUS
10
120.6217459999999875
20
-67.8318659999999909
11
120.562626999999992
21
-67.9613200000000006
0
LINE
8
BLACK
6
CONTINUOUS
10
120.562626999999992
20
-67.9613200000000006
11
120.4694299999999885
21
-68.0688749999999914
0
LINE
8
BLACK
6
CONTINUOUS
10
120.4694299999999885
20
-68.0688749999999914
11
120.3497079999999926
21
-68.1458159999999964
0
LINE
8
BLACK
6
CONTINUOUS
10
120.3497079999999926
20
-68.1458159999999964
11
120.2131569999999954
21
-68.1859109999999902
0
LINE
8
BLACK
6
CONTINUOUS
10
120.2131569999999954
20
-68.1859109999999902
11
120.0708429999999964
21
-68.1859109999999902
0
LINE
8
BLACK
6
CONTINUOUS
10
120.0708429999999964
20
-68.1859109999999902
11
119.9342919999999992
21
-68.1458159999999964
0
LINE
8
BLACK
6
CONTINUOUS
10
119.9342919999999992
20
-68.1458159999999964
11
119.8145699999999891
21
-68.0688749999999914
0
LINE
8
BLACK
6
CONTINUOUS
10
119.8145699999999891
20
-68.0688749999999914
11
119.7213729999999998
21
-67.9613200000000006
0
LINE
8
BLACK
6
CONTINUOUS
10
119.7213729999999998
20
-67.9613200000000006
11
119.6622539999999901
21
-67.8318659999999909
0
LINE
8
BLACK
6
CONTINUOUS
10
119.6622539999999901
20
-67.8318659999999909
11
119.6419999999999959
21
-67.6910000000000025
0
LINE
8
BLACK
6
CONTINUOUS
10
119.6419999999999959
20
-67.6910000000000025
11
119.6622539999999901
21
-67.5501339999999999
0
LINE
8
BLACK
6
CONTINUOUS
10
119.6622539999999901
20
-67.5501339999999999
11
119.7213729999999998
21
-67.4206799999999902
0
LINE
8
BLACK
6
CONTINUOUS
10
119.7213729999999998
20
-67.4206799999999902
11
119.8145699999999891
21
-67.3131249999999994
0
LINE
8
BLACK
6
CONTINUOUS
10
119.8145699999999891
20
-67.3131249999999994
11
119.9342919999999992
21
-67.2361839999999944
0
LINE
8
BLACK
6
CONTINUOUS
10
119.9342919999999992
20
-67.2361839999999944
11
120.0708429999999964
21
-67.1960890000000006
0
LINE
8
BLACK
6
CONTINUOUS
10
120.0708429999999964
20
-67.1960890000000006
11
120.2131569999999954
21
-67.1960890000000006
0
LINE
8
BLACK
6
CONTINUOUS
10
120.2131569999999954
20
-67.1960890000000006
11
120.3497079999999926
21
-67.2361839999999944
0
LINE
8
BLACK
6
CONTINUOUS
10
179.1037079999999833
20
-67.2361839999999944
11
179.2234299999999791
21
-67.3131249999999994
0
LINE
8
BLACK
6
CONTINUOUS
10
179.2234299999999791
20
-67.3131249999999994
11
179.3166269999999827
21
-67.4206799999999902
0
LINE
8
BLACK
6
CONTINUOUS
10
179.3166269999999827
20
-67.4206799999999902
11
179.3757459999999924
21
-67.5501339999999999
0
LINE
8
BLACK
6
CONTINUOUS
10
179.3757459999999924
20
-67.5501339999999999
11
179.3959999999999866
21
-67.6910000000000025
0
LINE
8
BLACK
6
CONTINUOUS
10
179.3959999999999866
20
-67.6910000000000025
11
179.3757459999999924
21
-67.8318659999999909
0
LINE
8
BLACK
6
CONTINUOUS
10
179.3757459999999924
20
-67.8318659999999909
11
179.3166269999999827
21
-67.9613200000000006
0
LINE
8
BLACK
6
CONTINUOUS
10
179.3166269999999827
20
-67.9613200000000006
11
179.2234299999999791
21
-68.0688749999999914
0
LINE
8
BLACK
6
CONTINUOUS
10
179.2234299999999791
20
-68.0688749999999914
11
179.1037079999999833
21
-68.1458159999999964
0
LINE
8
BLACK
6
CONTINUOUS
10
179.1037079999999833
20
-68.1458159999999964
11
178.9671569999999861
21
-68.1859109999999902
0
LINE
8
BLACK
6
CONTINUOUS
10
178.9671569999999861
20
-68.1859109999999902
11
178.8248429999999871
21
-68.1859109999999902
0
LINE
8
BLACK
6
CONTINUOUS
10
178.8248429999999871
20
-68.1859109999999902
11
178.6882919999999899
21
-68.1458159999999964
0
LINE
8
BLACK
6
CONTINUOUS
10
178.6882919999999899
20
-68.1458159999999964
11
178.568569999999994
21
-68.0688749999999914
0
LINE
8
BLACK
6
CONTINUOUS
10
178.568569999999994
20
-68.0688749999999914
11
178.4753729999999905
21
-67.9613200000000006
0
LINE
8
BLACK
6
CONTINUOUS
10
178.4753729999999905
20
-67.9613200000000006
11
178.4162539999999808
21
-67.8318659999999909
0
LINE
8
BLACK
6
CONTINUOUS
10
178.4162539999999808
20
-67.8318659999999909
11
178.3959999999999866
21
-67.6910000000000025
0
LINE
8
BLACK
6
CONTINUOUS
10
178.3959999999999866
20
-67.6910000000000025
11
178.4162539999999808
21
-67.5501339999999999
0
LINE
8
BLACK
6
CONTINUOUS
10
178.4162539999999808
20
-67.5501339999999999
11
178.4753729999999905
21
-67.4206799999999902
0
LINE
8
BLACK
6
CONTINUOUS
10
178.4753729999999905
20
-67.4206799999999902
11
178.568569999999994
21
-67.3131249999999994
0
LINE
8
BLACK
6
CONTINUOUS
10
178.568569999999994
20
-67.3131249999999994
11
178.6882919999999899
21
-67.2361839999999944
0
LINE
8
BLACK
6
CONTINUOUS
10
178.6882919999999899
20
-67.2361839999999944
11
178.8248429999999871
21
-67.1960890000000006
0
LINE
8
BLACK
6
CONTINUOUS
10
178.8248429999999871
20
-67.1960890000000006
11
178.9671569999999861
21
-67.1960890000000006
0
LINE
8
BLACK
6
CONTINUOUS
10
178.9671569999999861
20
-67.1960890000000006
11
179.1037079999999833
21
-67.2361839999999944
0
LINE
8
BLACK
6
CONTINUOUS
10
160.9056070000000034
20
-67.1835769999999997
11
161.0171139999999923
21
-67.2403929999999974
0
LINE
8
BLACK
6
CONTINUOUS
10
161.0171139999999923
20
-67.2403929999999974
11
161.105606999999992
21
-67.3288859999999971
0
LINE
8
BLACK
6
CONTINUOUS
10
161.105606999999992
20
-67.3288859999999971
11
161.1624229999999898
21
-67.4403930000000003
0
LINE
8
BLACK
6
CONTINUOUS
10
161.1624229999999898
20
-67.4403930000000003
11
161.1819999999999879
21
-67.563999999999993
0
LINE
8
BLACK
6
CONTINUOUS
10
161.1819999999999879
20
-67.563999999999993
11
161.1624229999999898
21
-67.6876069999999999
0
LINE
8
BLACK
6
CONTINUOUS
10
161.1624229999999898
20
-67.6876069999999999
11
161.105606999999992
21
-67.799114000000003
0
LINE
8
BLACK
6
CONTINUOUS
10
161.105606999999992
20
-67.799114000000003
11
161.0171139999999923
21
-67.8876070000000027
0
LINE
8
BLACK
6
CONTINUOUS
10
161.0171139999999923
20
-67.8876070000000027
11
160.9056070000000034
21
-67.9444230000000005
0
LINE
8
BLACK
6
CONTINUOUS
10
160.9056070000000034
20
-67.9444230000000005
11
160.7819999999999823
21
-67.9639999999999986
0
LINE
8
BLACK
6
CONTINUOUS
10
160.7819999999999823
20
-67.9639999999999986
11
160.6583929999999896
21
-67.9444230000000005
0
LINE
8
BLACK
6
CONTINUOUS
10
160.6583929999999896
20
-67.9444230000000005
11
160.5468860000000006
21
-67.8876070000000027
0
LINE
8
BLACK
6
CONTINUOUS
10
160.5468860000000006
20
-67.8876070000000027
11
160.4583930000000009
21
-67.799114000000003
0
LINE
8
BLACK
6
CONTINUOUS
10
160.4583930000000009
20
-67.799114000000003
11
160.4015770000000032
21
-67.6876069999999999
0
LINE
8
BLACK
6
CONTINUOUS
10
160.4015770000000032
20
-67.6876069999999999
11
160.382000000000005
21
-67.563999999999993
0
LINE
8
BLACK
6
CONTINUOUS
10
160.382000000000005
20
-67.563999999999993
11
160.4015770000000032
21
-67.4403930000000003
0
LINE
8
BLACK
6
CONTINUOUS
10
160.4015770000000032
20
-67.4403930000000003
11
160.4583930000000009
21
-67.3288859999999971
0
LINE
8
BLACK
6
CONTINUOUS
10
160.4583930000000009
20
-67.3288859999999971
11
160.5468860000000006
21
-67.2403929999999974
0
LINE
8
BLACK
6
CONTINUOUS
10
160.5468860000000006
20
-67.2403929999999974
11
160.6583929999999896
21
-67.1835769999999997
0
LINE
8
BLACK
6
CONTINUOUS
10
160.6583929999999896
20
-67.1835769999999997
11
160.7819999999999823
21
-67.1640000000000015
0
LINE
8
BLACK
6
CONTINUOUS
10
160.7819999999999823
20
-67.1640000000000015
11
160.9056070000000034
21
-67.1835769999999997
0
LINE
8
BLACK
6
CONTINUOUS
10
120.6419999999999959
20
-66.9209999999999923
11
119.6419999999999959
21
-66.9209999999999923
0
LINE
8
BLACK
6
CONTINUOUS
10
119.6419999999999959
20
-66.9209999999999923
11
119.6419999999999959
21
-65.9209999999999923
0
LINE
8
BLACK
6
CONTINUOUS
10
119.6419999999999959
20
-65.9209999999999923
11
120.6419999999999959
21
-65.9209999999999923
0
LINE
8
BLACK
6
CONTINUOUS
10
120.6419999999999959
20
-65.9209999999999923
11
120.6419999999999959
21
-66.9209999999999923
0
LINE
8
BLACK
6
CONTINUOUS
10
179.3959999999999866
20
-66.9209999999999923
11
178.3959999999999866
21
-66.9209999999999923
0
LINE
8
BLACK
6
CONTINUOUS
10
178.3959999999999866
20
-66.9209999999999923
11
178.3959999999999866
21
-65.9209999999999923
0
LINE
8
BLACK
6
CONTINUOUS
10
178.3959999999999866
20
-65.9209999999999923
11
179.3959999999999866
21
-65.9209999999999923
0
LINE
8
BLACK
6
CONTINUOUS
10
179.3959999999999866
20
-65.9209999999999923
11
179.3959999999999866
21
-66.9209999999999923
0
LINE
8
BLACK
6
CONTINUOUS
10
128.3736069999999927
20
-66.1195769999999925
11
128.4851139999999816
21
-66.1763929999999903
0
LINE
8
BLACK
6
CONTINUOUS
10
128.4851139999999816
20
-66.1763929999999903
11
128.5736069999999813
21
-66.26488599999999
0
LINE
8
BLACK
6
CONTINUOUS
10
128.5736069999999813
20
-66.26488599999999
11
128.6304230000000075
21
-66.3763929999999931
0
LINE
8
BLACK
6
CONTINUOUS
10
128.6304230000000075
20
-66.3763929999999931
11
128.6500000000000057
21
-66.5
0
LINE
8
BLACK
6
CONTINUOUS
10
128.6500000000000057
20
-66.5
11
128.6304230000000075
21
-66.6236069999999927
0
LINE
8
BLACK
6
CONTINUOUS
10
128.6304230000000075
20
-66.6236069999999927
11
128.5736069999999813
21
-66.7351139999999958
0
LINE
8
BLACK
6
CONTINUOUS
10
128.5736069999999813
20
-66.7351139999999958
11
128.4851139999999816
21
-66.8236069999999955
0
LINE
8
BLACK
6
CONTINUOUS
10
128.4851139999999816
20
-66.8236069999999955
11
128.3736069999999927
21
-66.8804229999999933
0
LINE
8
BLACK
6
CONTINUOUS
10
128.3736069999999927
20
-66.8804229999999933
11
128.25
21
-66.8999999999999915
0
LINE
8
BLACK
6
CONTINUOUS
10
128.25
20
-66.8999999999999915
11
128.1263930000000073
21
-66.8804229999999933
0
LINE
8
BLACK
6
CONTINUOUS
10
128.1263930000000073
20
-66.8804229999999933
11
128.01488599999999
21
-66.8236069999999955
0
LINE
8
BLACK
6
CONTINUOUS
10
128.01488599999999
20
-66.8236069999999955
11
127.9263929999999903
21
-66.7351139999999958
0
LINE
8
BLACK
6
CONTINUOUS
10
127.9263929999999903
20
-66.7351139999999958
11
127.8695769999999925
21
-66.6236069999999927
0
LINE
8
BLACK
6
CONTINUOUS
10
127.8695769999999925
20
-66.6236069999999927
11
127.8499999999999943
21
-66.5
0
LINE
8
BLACK
6
CONTINUOUS
10
127.8499999999999943
20
-66.5
11
127.8695769999999925
21
-66.3763929999999931
0
LINE
8
BLACK
6
CONTINUOUS
10
127.8695769999999925
20
-66.3763929999999931
11
127.9263929999999903
21
-66.26488599999999
0
LINE
8
BLACK
6
CONTINUOUS
10
127.9263929999999903
20
-66.26488599999999
11
128.01488599999999
21
-66.1763929999999903
0
LINE
8
BLACK
6
CONTINUOUS
10
128.01488599999999
20
-66.1763929999999903
11
128.1263930000000073
21
-66.1195769999999925
0
LINE
8
BLACK
6
CONTINUOUS
10
128.1263930000000073
20
-66.1195769999999925
11
128.25
21
-66.0999999999999943
0
LINE
8
BLACK
6
CONTINUOUS
10
128.25
20
-66.0999999999999943
11
128.3736069999999927
21
-66.1195769999999925
0
LINE
8
BLACK
6
CONTINUOUS
10
129.8736069999999927
20
-66.1195769999999925
11
129.9851139999999816
21
-66.1763929999999903
0
LINE
8
BLACK
6
CONTINUOUS
10
129.9851139999999816
20
-66.1763929999999903
11
130.0736069999999813
21
-66.26488599999999
0
LINE
8
BLACK
6
CONTINUOUS
10
130.0736069999999813
20
-66.26488599999999
11
130.1304230000000075
21
-66.3763929999999931
0
LINE
8
BLACK
6
CONTINUOUS
10
130.1304230000000075
20
-66.3763929999999931
11
130.1500000000000057
21
-66.5
0
LINE
8
BLACK
6
CONTINUOUS
10
130.1500000000000057
20
-66.5
11
130.1304230000000075
21
-66.6236069999999927
0
LINE
8
BLACK
6
CONTINUOUS
10
130.1304230000000075
20
-66.6236069999999927
11
130.0736069999999813
21
-66.7351139999999958
0
LINE
8
BLACK
6
CONTINUOUS
10
130.0736069999999813
20
-66.7351139999999958
11
129.9851139999999816
21
-66.8236069999999955
0
LINE
8
BLACK
6
CONTINUOUS
10
129.9851139999999816
20
-66.8236069999999955
11
129.8736069999999927
21
-66.8804229999999933
0
LINE
8
BLACK
6
CONTINUOUS
10
129.8736069999999927
20
-66.8804229999999933
11
129.75
21
-66.8999999999999915
0
LINE
8
BLACK
6
CONTINUOUS
10
129.75
20
-66.8999999999999915
11
129.6263930000000073
21
-66.8804229999999933
0
LINE
8
BLACK
6
CONTINUOUS
10
129.6263930000000073
20
-66.8804229999999933
11
129.51488599999999
21
-66.8236069999999955
0
LINE
8
BLACK
6
CONTINUOUS
10
129.51488599999999
20
-66.8236069999999955
11
129.4263929999999903
21
-66.7351139999999958
0
LINE
8
BLACK
6
CONTINUOUS
10
129.4263929999999903
20
-66.7351139999999958
11
129.3695769999999925
21
-66.6236069999999927
0
LINE
8
BLACK
6
CONTINUOUS
10
129.3695769999999925
20
-66.6236069999999927
11
129.3499999999999943
21
-66.5
0
LINE
8
BLACK
6
CONTINUOUS
10
129.3499999999999943
20
-66.5
11
129.3695769999999925
21
-66.3763929999999931
0
LINE
8
BLACK
6
CONTINUOUS
10
129.3695769999999925
20
-66.3763929999999931
11
129.4263929999999903
21
-66.26488599999999
0
LINE
8
BLACK
6
CONTINUOUS
10
129.4263929999999903
20
-66.26488599999999
11
129.51488599999999
21
-66.1763929999999903
0
LINE
8
BLACK
6
CONTINUOUS
10
129.51488599999999
20
-66.1763929999999903
11
129.6263930000000073
21
-66.1195769999999925
0
LINE
8
BLACK
6
CONTINUOUS
10
129.6263930000000073
20
-66.1195769999999925
11
129.75
21
-66.0999999999999943
0
LINE
8
BLACK
6
CONTINUOUS
10
129.75
20
-66.0999999999999943
11
129.8736069999999927
21
-66.1195769999999925
0
LINE
8
BLACK
6
CONTINUOUS
10
171.1236069999999927
20
-66.1195769999999925
11
171.2351139999999816
21
-66.1763929999999903
0
LINE
8
BLACK
6
CONTINUOUS
10
171.2351139999999816
20
-66.1763929999999903
11
171.3236069999999813
21
-66.26488599999999
0
LINE
8
BLACK
6
CONTINUOUS
10
171.3236069999999813
20
-66.26488599999999
11
171.3804229999999791
21
-66.3763929999999931
0
LINE
8
BLACK
6
CONTINUOUS
10
171.3804229999999791
20
-66.3763929999999931
11
171.4000000000000057
21
-66.5
0
LINE
8
BLACK
6
CONTINUOUS
10
171.4000000000000057
20
-66.5
11
171.3804229999999791
21
-66.6236069999999927
0
LINE
8
BLACK
6
CONTINUOUS
10
171.3804229999999791
20
-66.6236069999999927
11
171.3236069999999813
21
-66.7351139999999958
0
LINE
8
BLACK
6
CONTINUOUS
10
171.3236069999999813
20
-66.7351139999999958
11
171.2351139999999816
21
-66.8236069999999955
0
LINE
8
BLACK
6
CONTINUOUS
10
171.2351139999999816
20
-66.8236069999999955
11
171.1236069999999927
21
-66.8804229999999933
0
LINE
8
BLACK
6
CONTINUOUS
10
171.1236069999999927
20
-66.8804229999999933
11
171.
21
-66.8999999999999915
0
LINE
8
BLACK
6
CONTINUOUS
10
171.
20
-66.8999999999999915
11
170.8763929999999789
21
-66.8804229999999933
0
LINE
8
BLACK
6
CONTINUOUS
10
170.8763929999999789
20
-66.8804229999999933
11
170.76488599999999
21
-66.8236069999999955
0
LINE
8
BLACK
6
CONTINUOUS
10
170.76488599999999
20
-66.8236069999999955
11
170.6763929999999903
21
-66.7351139999999958
0
LINE
8
BLACK
6
CONTINUOUS
10
170.6763929999999903
20
-66.7351139999999958
11
170.6195769999999925
21
-66.6236069999999927
0
LINE
8
BLACK
6
CONTINUOUS
10
170.6195769999999925
20
-66.6236069999999927
11
170.5999999999999943
21
-66.5
0
LINE
8
BLACK
6
CONTINUOUS
10
170.5999999999999943
20
-66.5
11
170.6195769999999925
21
-66.3763929999999931
0
LINE
8
BLACK
6
CONTINUOUS
10
170.6195769999999925
20
-66.3763929999999931
11
170.6763929999999903
21
-66.26488599999999
0
LINE
8
BLACK
6
CONTINUOUS
10
170.6763929999999903
20
-66.26488599999999
11
170.76488599999999
21
-66.1763929999999903
0
LINE
8
BLACK
6
CONTINUOUS
10
170.76488599999999
20
-66.1763929999999903
11
170.8763929999999789
21
-66.1195769999999925
0
LINE
8
BLACK
6
CONTINUOUS
10
170.8763929999999789
20
-66.1195769999999925
11
171.
21
-66.0999999999999943
0
LINE
8
BLACK
6
CONTINUOUS
10
171.
20
-66.0999999999999943
11
171.1236069999999927
21
-66.1195769999999925
0
LINE
8
BLACK
6
CONTINUOUS
10
139.8236069999999813
20
-65.6595769999999987
11
139.9351139999999987
21
-65.7163929999999965
0
LINE
8
BLACK
6
CONTINUOUS
10
139.9351139999999987
20
-65.7163929999999965
11
140.0236069999999984
21
-65.8048859999999962
0
LINE
8
BLACK
6
CONTINUOUS
10
140.0236069999999984
20
-65.8048859999999962
11
140.0804229999999961
21
-65.9163929999999993
0
LINE
8
BLACK
6
CONTINUOUS
10
140.0804229999999961
20
-65.9163929999999993
11
140.0999999999999943
21
-66.039999999999992
0
LINE
8
BLACK
6
CONTINUOUS
10
140.0999999999999943
20
-66.039999999999992
11
140.0804229999999961
21
-66.1636069999999989
0
LINE
8
BLACK
6
CONTINUOUS
10
140.0804229999999961
20
-66.1636069999999989
11
140.0236069999999984
21
-66.2751140000000021
0
LINE
8
BLACK
6
CONTINUOUS
10
140.0236069999999984
20
-66.2751140000000021
11
139.9351139999999987
21
-66.3636070000000018
0
LINE
8
BLACK
6
CONTINUOUS
10
139.9351139999999987
20
-66.3636070000000018
11
139.8236069999999813
21
-66.4204229999999995
0
LINE
8
BLACK
6
CONTINUOUS
10
139.8236069999999813
20
-66.4204229999999995
11
139.6999999999999886
21
-66.4399999999999977
0
LINE
8
BLACK
6
CONTINUOUS
10
139.6999999999999886
20
-66.4399999999999977
11
139.5763929999999959
21
-66.4204229999999995
0
LINE
8
BLACK
6
CONTINUOUS
10
139.5763929999999959
20
-66.4204229999999995
11
139.464886000000007
21
-66.3636070000000018
0
LINE
8
BLACK
6
CONTINUOUS
10
139.464886000000007
20
-66.3636070000000018
11
139.3763930000000073
21
-66.2751140000000021
0
LINE
8
BLACK
6
CONTINUOUS
10
139.3763930000000073
20
-66.2751140000000021
11
139.3195769999999811
21
-66.1636069999999989
0
LINE
8
BLACK
6
CONTINUOUS
10
139.3195769999999811
20
-66.1636069999999989
11
139.2999999999999829
21
-66.039999999999992
0
LINE
8
BLACK
6
CONTINUOUS
10
139.2999999999999829
20
-66.039999999999992
11
139.3195769999999811
21
-65.9163929999999993
0
LINE
8
BLACK
6
CONTINUOUS
10
139.3195769999999811
20
-65.9163929999999993
11
139.3763930000000073
21
-65.8048859999999962
0
LINE
8
BLACK
6
CONTINUOUS
10
139.3763930000000073
20
-65.8048859999999962
11
139.464886000000007
21
-65.7163929999999965
0
LINE
8
BLACK
6
CONTINUOUS
10
139.464886000000007
20
-65.7163929999999965
11
139.5763929999999959
21
-65.6595769999999987
0
LINE
8
BLACK
6
CONTINUOUS
10
139.5763929999999959
20
-65.6595769999999987
11
139.6999999999999886
21
-65.6400000000000006
0
LINE
8
BLACK
6
CONTINUOUS
10
139.6999999999999886
20
-65.6400000000000006
11
139.8236069999999813
21
-65.6595769999999987
0
LINE
8
BLACK
6
CONTINUOUS
10
158.1116069999999922
20
-65.1515770000000032
11
158.2231139999999812
21
-65.2083930000000009
0
LINE
8
BLACK
6
CONTINUOUS
10
158.2231139999999812
20
-65.2083930000000009
11
158.3116069999999809
21
-65.2968860000000006
0
LINE
8
BLACK
6
CONTINUOUS
10
158.3116069999999809
20
-65.2968860000000006
11
158.3684229999999786
21
-65.4083930000000038
0
LINE
8
BLACK
6
CONTINUOUS
10
158.3684229999999786
20
-65.4083930000000038
11
158.3880000000000052
21
-65.5319999999999965
0
LINE
8
BLACK
6
CONTINUOUS
10
158.3880000000000052
20
-65.5319999999999965
11
158.3684229999999786
21
-65.6556070000000034
0
LINE
8
BLACK
6
CONTINUOUS
10
158.3684229999999786
20
-65.6556070000000034
11
158.3116069999999809
21
-65.7671139999999923
0
LINE
8
BLACK
6
CONTINUOUS
10
158.3116069999999809
20
-65.7671139999999923
11
158.2231139999999812
21
-65.855606999999992
0
LINE
8
BLACK
6
CONTINUOUS
10
158.2231139999999812
20
-65.855606999999992
11
158.1116069999999922
21
-65.912423000000004
0
LINE
8
BLACK
6
CONTINUOUS
10
158.1116069999999922
20
-65.912423000000004
11
157.9879999999999995
21
-65.9320000000000022
0
LINE
8
BLACK
6
CONTINUOUS
10
157.9879999999999995
20
-65.9320000000000022
11
157.8643930000000069
21
-65.912423000000004
0
LINE
8
BLACK
6
CONTINUOUS
10
157.8643930000000069
20
-65.912423000000004
11
157.7528859999999895
21
-65.855606999999992
0
LINE
8
BLACK
6
CONTINUOUS
10
157.7528859999999895
20
-65.855606999999992
11
157.6643929999999898
21
-65.7671139999999923
0
LINE
8
BLACK
6
CONTINUOUS
10
157.6643929999999898
20
-65.7671139999999923
11
157.607576999999992
21
-65.6556070000000034
0
LINE
8
BLACK
6
CONTINUOUS
10
157.607576999999992
20
-65.6556070000000034
11
157.5879999999999939
21
-65.5319999999999965
0
LINE
8
BLACK
6
CONTINUOUS
10
157.5879999999999939
20
-65.5319999999999965
11
157.607576999999992
21
-65.4083930000000038
0
LINE
8
BLACK
6
CONTINUOUS
10
157.607576999999992
20
-65.4083930000000038
11
157.6643929999999898
21
-65.2968860000000006
0
LINE
8
BLACK
6
CONTINUOUS
10
157.6643929999999898
20
-65.2968860000000006
11
157.7528859999999895
21
-65.2083930000000009
0
LINE
8
BLACK
6
CONTINUOUS
10
157.7528859999999895
20
-65.2083930000000009
11
157.8643930000000069
21
-65.1515770000000032
0
LINE
8
BLACK
6
CONTINUOUS
10
157.8643930000000069
20
-65.1515770000000032
11
157.9879999999999995
21
-65.1319999999999908
0
LINE
8
BLACK
6
CONTINUOUS
10
157.9879999999999995
20
-65.1319999999999908
11
158.1116069999999922
21
-65.1515770000000032
0
LINE
8
BLACK
6
CONTINUOUS
10
156.3437729999999988
20
-50.639803999999998
11
156.4338929999999834
21
-50.6771329999999978
0
LINE
8
BLACK
6
CONTINUOUS
10
156.4338929999999834
20
-50.6771329999999978
11
156.4338970000000018
21
-50.6771369999999948
0
LINE
8
BLACK
6
CONTINUOUS
10
156.4338970000000018
20
-50.6771369999999948
11
156.471777000000003
21
-50.7082229999999967
0
LINE
8
BLACK
6
CONTINUOUS
10
156.471777000000003
20
-50.7082229999999967
11
159.3685370000000034
21
-53.6049829999999972
0
LINE
8
BLACK
6
CONTINUOUS
10
159.3685370000000034
20
-53.6049829999999972
11
159.4000000000000057
21
-53.5999999999999943
0
LINE
8
BLACK
6
CONTINUOUS
10
159.4000000000000057
20
-53.5999999999999943
11
159.5236069999999984
21
-53.6195769999999996
0
LINE
8
BLACK
6
CONTINUOUS
10
159.5236069999999984
20
-53.6195769999999996
11
159.6351139999999873
21
-53.6763929999999974
0
LINE
8
BLACK
6
CONTINUOUS
10
159.6351139999999873
20
-53.6763929999999974
11
159.723606999999987
21
-53.7648859999999971
0
LINE
8
BLACK
6
CONTINUOUS
10
159.723606999999987
20
-53.7648859999999971
11
159.7804229999999848
21
-53.8763930000000002
0
LINE
8
BLACK
6
CONTINUOUS
10
159.7804229999999848
20
-53.8763930000000002
11
159.7999999999999829
21
-54.
0
LINE
8
BLACK
6
CONTINUOUS
10
159.7999999999999829
20
-54.
11
159.7804229999999848
21
-54.1236069999999998
0
LINE
8
BLACK
6
CONTINUOUS
10
159.7804229999999848
20
-54.1236069999999998
11
159.723606999999987
21
-54.2351139999999958
0
LINE
8
BLACK
6
CONTINUOUS
10
159.723606999999987
20
-54.2351139999999958
11
159.6351139999999873
21
-54.3236069999999955
0
LINE
8
BLACK
6
CONTINUOUS
10
159.6351139999999873
20
-54.3236069999999955
11
159.5236069999999984
21
-54.3804230000000004
0
LINE
8
BLACK
6
CONTINUOUS
10
159.5236069999999984
20
-54.3804230000000004
11
159.4000000000000057
21
-54.3999999999999986
0
LINE
8
BLACK
6
CONTINUOUS
10
159.4000000000000057
20
-54.3999999999999986
11
159.2763929999999846
21
-54.3804230000000004
0
LINE
8
BLACK
6
CONTINUOUS
10
159.2763929999999846
20
-54.3804230000000004
11
159.1648859999999956
21
-54.3236069999999955
0
LINE
8
BLACK
6
CONTINUOUS
10
159.1648859999999956
20
-54.3236069999999955
11
159.0763929999999959
21
-54.2351139999999958
0
LINE
8
BLACK
6
CONTINUOUS
10
159.0763929999999959
20
-54.2351139999999958
11
159.0195769999999982
21
-54.1236069999999998
0
LINE
8
BLACK
6
CONTINUOUS
10
159.0195769999999982
20
-54.1236069999999998
11
159.
21
-54.
0
LINE
8
BLACK
6
CONTINUOUS
10
159.
20
-54.
11
159.0077169999999853
21
-53.9512709999999984
0
LINE
8
BLACK
6
CONTINUOUS
10
159.0077169999999853
20
-53.9512709999999984
11
156.1914459999999849
21
-51.134999999999998
0
LINE
8
BLACK
6
CONTINUOUS
10
156.1914459999999849
20
-51.134999999999998
11
150.6578930000000014
21
-51.134999999999998
0
LINE
8
BLACK
6
CONTINUOUS
10
150.6578930000000014
20
-51.134999999999998
11
141.688999999999993
21
-60.1038929999999993
0
LINE
8
BLACK
6
CONTINUOUS
10
141.688999999999993
20
-60.1038929999999993
11
141.688999999999993
21
-64.588279
0
LINE
8
BLACK
6
CONTINUOUS
10
141.688999999999993
20
-64.588279
11
141.7626070000000027
21
-64.6618859999999955
0
LINE
8
BLACK
6
CONTINUOUS
10
141.7626070000000027
20
-64.6618859999999955
11
141.8194230000000005
21
-64.7733929999999987
0
LINE
8
BLACK
6
CONTINUOUS
10
141.8194230000000005
20
-64.7733929999999987
11
141.8389999999999986
21
-64.8969999999999914
0
LINE
8
BLACK
6
CONTINUOUS
10
141.8389999999999986
20
-64.8969999999999914
11
141.8194230000000005
21
-65.0206069999999983
0
LINE
8
BLACK
6
CONTINUOUS
10
141.8194230000000005
20
-65.0206069999999983
11
141.7626070000000027
21
-65.1321140000000014
0
LINE
8
BLACK
6
CONTINUOUS
10
141.7626070000000027
20
-65.1321140000000014
11
141.674114000000003
21
-65.2206070000000011
0
LINE
8
BLACK
6
CONTINUOUS
10
141.674114000000003
20
-65.2206070000000011
11
141.5626069999999856
21
-65.2774229999999989
0
LINE
8
BLACK
6
CONTINUOUS
10
141.5626069999999856
20
-65.2774229999999989
11
141.438999999999993
21
-65.296999999999997
0
LINE
8
BLACK
6
CONTINUOUS
10
141.438999999999993
20
-65.296999999999997
11
141.3153930000000003
21
-65.2774229999999989
0
LINE
8
BLACK
6
CONTINUOUS
10
141.3153930000000003
20
-65.2774229999999989
11
141.2038859999999829
21
-65.2206070000000011
0
LINE
8
BLACK
6
CONTINUOUS
10
141.2038859999999829
20
-65.2206070000000011
11
141.1153929999999832
21
-65.1321140000000014
0
LINE
8
BLACK
6
CONTINUOUS
10
141.1153929999999832
20
-65.1321140000000014
11
141.0585769999999854
21
-65.0206069999999983
0
LINE
8
BLACK
6
CONTINUOUS
10
141.0585769999999854
20
-65.0206069999999983
11
141.0389999999999873
21
-64.8969999999999914
0
LINE
8
BLACK
6
CONTINUOUS
10
141.0389999999999873
20
-64.8969999999999914
11
141.0585769999999854
21
-64.7733929999999987
0
LINE
8
BLACK
6
CONTINUOUS
10
141.0585769999999854
20
-64.7733929999999987
11
141.1153929999999832
21
-64.6618859999999955
0
LINE
8
BLACK
6
CONTINUOUS
10
141.1153929999999832
20
-64.6618859999999955
11
141.188999999999993
21
-64.588279
0
LINE
8
BLACK
6
CONTINUOUS
10
141.188999999999993
20
-64.588279
11
141.188999999999993
21
-60.0003389999999968
0
LINE
8
BLACK
6
CONTINUOUS
10
141.188999999999993
20
-60.0003389999999968
11
141.1938040000000001
21
-59.9515659999999997
0
LINE
8
BLACK
6
CONTINUOUS
10
141.1938040000000001
20
-59.9515659999999997
11
141.2311329999999998
21
-59.8614460000000008
0
LINE
8
BLACK
6
CONTINUOUS
10
141.2311329999999998
20
-59.8614460000000008
11
141.2311369999999897
21
-59.8614409999999992
0
LINE
8
BLACK
6
CONTINUOUS
10
141.2311369999999897
20
-59.8614409999999992
11
141.2622230000000059
21
-59.8235619999999955
0
LINE
8
BLACK
6
CONTINUOUS
10
141.2622230000000059
20
-59.8235619999999955
11
150.3775619999999833
21
-50.7082229999999967
0
LINE
8
BLACK
6
CONTINUOUS
10
150.3775619999999833
20
-50.7082229999999967
11
150.4154409999999871
21
-50.6771369999999948
0
LINE
8
BLACK
6
CONTINUOUS
10
150.4154409999999871
20
-50.6771369999999948
11
150.4154460000000029
21
-50.6771329999999978
0
LINE
8
BLACK
6
CONTINUOUS
10
150.4154460000000029
20
-50.6771329999999978
11
150.5055659999999875
21
-50.639803999999998
0
LINE
8
BLACK
6
CONTINUOUS
10
150.5055659999999875
20
-50.639803999999998
11
150.5543389999999988
21
-50.634999999999998
0
LINE
8
BLACK
6
CONTINUOUS
10
150.5543389999999988
20
-50.634999999999998
11
156.2949999999999875
21
-50.634999999999998
0
LINE
8
BLACK
6
CONTINUOUS
10
156.2949999999999875
20
-50.634999999999998
11
156.3437729999999988
21
-50.639803999999998
0
LINE
8
BLACK
6
CONTINUOUS
10
137.6962910000000022
20
-63.9364449999999991
11
137.8409999999999798
21
-63.9963849999999965
0
LINE
8
BLACK
6
CONTINUOUS
10
137.8409999999999798
20
-63.9963849999999965
11
137.9652639999999906
21
-64.0917359999999974
0
LINE
8
BLACK
6
CONTINUOUS
10
137.9652639999999906
20
-64.0917359999999974
11
138.0606149999999843
21
-64.215999999999994
0
LINE
8
BLACK
6
CONTINUOUS
10
138.0606149999999843
20
-64.215999999999994
11
138.120554999999996
21
-64.3607089999999999
0
LINE
8
BLACK
6
CONTINUOUS
10
138.120554999999996
20
-64.3607089999999999
11
138.1409999999999911
21
-64.5159999999999911
0
LINE
8
BLACK
6
CONTINUOUS
10
138.1409999999999911
20
-64.5159999999999911
11
138.120554999999996
21
-64.6712909999999965
0
LINE
8
BLACK
6
CONTINUOUS
10
138.120554999999996
20
-64.6712909999999965
11
138.0606149999999843
21
-64.8160000000000025
0
LINE
8
BLACK
6
CONTINUOUS
10
138.0606149999999843
20
-64.8160000000000025
11
137.9652639999999906
21
-64.9402639999999991
0
LINE
8
BLACK
6
CONTINUOUS
10
137.9652639999999906
20
-64.9402639999999991
11
137.8409999999999798
21
-65.0356149999999928
0
LINE
8
BLACK
6
CONTINUOUS
10
137.8409999999999798
20
-65.0356149999999928
11
137.6962910000000022
21
-65.0955549999999903
0
LINE
8
BLACK
6
CONTINUOUS
10
137.6962910000000022
20
-65.0955549999999903
11
137.5409999999999968
21
-65.1159999999999997
0
LINE
8
BLACK
6
CONTINUOUS
10
137.5409999999999968
20
-65.1159999999999997
11
137.3857089999999914
21
-65.0955549999999903
0
LINE
8
BLACK
6
CONTINUOUS
10
137.3857089999999914
20
-65.0955549999999903
11
137.2409999999999854
21
-65.0356149999999928
0
LINE
8
BLACK
6
CONTINUOUS
10
137.2409999999999854
20
-65.0356149999999928
11
137.1167360000000031
21
-64.9402639999999991
0
LINE
8
BLACK
6
CONTINUOUS
10
137.1167360000000031
20
-64.9402639999999991
11
137.0213849999999809
21
-64.8160000000000025
0
LINE
8
BLACK
6
CONTINUOUS
10
137.0213849999999809
20
-64.8160000000000025
11
136.9614449999999977
21
-64.6712909999999965
0
LINE
8
BLACK
6
CONTINUOUS
10
136.9614449999999977
20
-64.6712909999999965
11
136.9410000000000025
21
-64.5159999999999911
0
LINE
8
BLACK
6
CONTINUOUS
10
136.9410000000000025
20
-64.5159999999999911
11
136.9614449999999977
21
-64.3607089999999999
0
LINE
8
BLACK
6
CONTINUOUS
10
136.9614449999999977
20
-64.3607089999999999
11
137.0213849999999809
21
-64.215999999999994
0
LINE
8
BLACK
6
CONTINUOUS
10
137.0213849999999809
20
-64.215999999999994
11
137.1167360000000031
21
-64.0917359999999974
0
LINE
8
BLACK
6
CONTINUOUS
10
137.1167360000000031
20
-64.0917359999999974
11
137.2409999999999854
21
-63.9963849999999965
0
LINE
8
BLACK
6
CONTINUOUS
10
137.2409999999999854
20
-63.9963849999999965
11
137.3857089999999914
21
-63.9364449999999991
0
LINE
8
BLACK
6
CONTINUOUS
10
137.3857089999999914
20
-63.9364449999999991
11
137.5409999999999968
21
-63.9159999999999968
0
LINE
8
BLACK
6
CONTINUOUS
10
137.5409999999999968
20
-63.9159999999999968
11
137.6962910000000022
21
-63.9364449999999991
0
LINE
8
BLACK
6
CONTINUOUS
10
142.4906069999999829
20
-63.2465769999999949
11
142.6021140000000003
21
-63.3033929999999998
0
LINE
8
BLACK
6
CONTINUOUS
10
142.6021140000000003
20
-63.3033929999999998
11
142.690607
21
-63.3918859999999995
0
LINE
8
BLACK
6
CONTINUOUS
10
142.690607
20
-63.3918859999999995
11
142.7474229999999977
21
-63.5033929999999955
0
LINE
8
BLACK
6
CONTINUOUS
10
142.7474229999999977
20
-63.5033929999999955
11
142.7669999999999959
21
-63.6269999999999953
0
LINE
8
BLACK
6
CONTINUOUS
10
142.7669999999999959
20
-63.6269999999999953
11
142.7474229999999977
21
-63.7506069999999951
0
LINE
8
BLACK
6
CONTINUOUS
10
142.7474229999999977
20
-63.7506069999999951
11
142.690607
21
-63.8621139999999983
0
LINE
8
BLACK
6
CONTINUOUS
10
142.690607
20
-63.8621139999999983
11
142.6021140000000003
21
-63.950606999999998
0
LINE
8
BLACK
6
CONTINUOUS
10
142.6021140000000003
20
-63.950606999999998
11
142.4906069999999829
21
-64.0074230000000028
0
LINE
8
BLACK
6
CONTINUOUS
10
142.4906069999999829
20
-64.0074230000000028
11
142.3669999999999902
21
-64.027000000000001
0
LINE
8
BLACK
6
CONTINUOUS
10
142.3669999999999902
20
-64.027000000000001
11
142.2433929999999975
21
-64.0074230000000028
0
LINE
8
BLACK
6
CONTINUOUS
10
142.2433929999999975
20
-64.0074230000000028
11
142.1318859999999802
21
-63.950606999999998
0
LINE
8
BLACK
6
CONTINUOUS
10
142.1318859999999802
20
-63.950606999999998
11
142.0433929999999805
21
-63.8621139999999983
0
LINE
8
BLACK
6
CONTINUOUS
10
142.0433929999999805
20
-63.8621139999999983
11
141.9865769999999827
21
-63.7506069999999951
0
LINE
8
BLACK
6
CONTINUOUS
10
141.9865769999999827
20
-63.7506069999999951
11
141.9669999999999845
21
-63.6269999999999953
0
LINE
8
BLACK
6
CONTINUOUS
10
141.9669999999999845
20
-63.6269999999999953
11
141.9865769999999827
21
-63.5033929999999955
0
LINE
8
BLACK
6
CONTINUOUS
10
141.9865769999999827
20
-63.5033929999999955
11
142.0433929999999805
21
-63.3918859999999995
0
LINE
8
BLACK
6
CONTINUOUS
10
142.0433929999999805
20
-63.3918859999999995
11
142.1318859999999802
21
-63.3033929999999998
0
LINE
8
BLACK
6
CONTINUOUS
10
142.1318859999999802
20
-63.3033929999999998
11
142.2433929999999975
21
-63.2465769999999949
0
LINE
8
BLACK
6
CONTINUOUS
10
142.2433929999999975
20
-63.2465769999999949
11
142.3669999999999902
21
-63.2269999999999968
0
LINE
8
BLACK
6
CONTINUOUS
10
142.3669999999999902
20
-63.2269999999999968
11
142.4906069999999829
21
-63.2465769999999949
0
LINE
8
BLACK
6
CONTINUOUS
10
139.0616069999999809
20
-62.1035769999999943
11
139.1731139999999982
21
-62.1603929999999991
0
LINE
8
BLACK
6
CONTINUOUS
10
139.1731139999999982
20
-62.1603929999999991
11
139.2616069999999979
21
-62.2488859999999988
0
LINE
8
BLACK
6
CONTINUOUS
10
139.2616069999999979
20
-62.2488859999999988
11
139.3184229999999957
21
-62.3603929999999949
0
LINE
8
BLACK
6
CONTINUOUS
10
139.3184229999999957
20
-62.3603929999999949
11
139.3379999999999939
21
-62.4839999999999947
0
LINE
8
BLACK
6
CONTINUOUS
10
139.3379999999999939
20
-62.4839999999999947
11
139.3184229999999957
21
-62.6076069999999945
0
LINE
8
BLACK
6
CONTINUOUS
10
139.3184229999999957
20
-62.6076069999999945
11
139.2616069999999979
21
-62.7191139999999976
0
LINE
8
BLACK
6
CONTINUOUS
10
139.2616069999999979
20
-62.7191139999999976
11
139.1731139999999982
21
-62.8076069999999973
0
LINE
8
BLACK
6
CONTINUOUS
10
139.1731139999999982
20
-62.8076069999999973
11
139.0616069999999809
21
-62.8644229999999951
0
LINE
8
BLACK
6
CONTINUOUS
10
139.0616069999999809
20
-62.8644229999999951
11
138.9379999999999882
21
-62.8840000000000003
0
LINE
8
BLACK
6
CONTINUOUS
10
138.9379999999999882
20
-62.8840000000000003
11
138.8143929999999955
21
-62.8644229999999951
0
LINE
8
BLACK
6
CONTINUOUS
10
138.8143929999999955
20
-62.8644229999999951
11
138.7028860000000066
21
-62.8076069999999973
0
LINE
8
BLACK
6
CONTINUOUS
10
138.7028860000000066
20
-62.8076069999999973
11
138.6143930000000069
21
-62.7191139999999976
0
LINE
8
BLACK
6
CONTINUOUS
10
138.6143930000000069
20
-62.7191139999999976
11
138.5575769999999807
21
-62.6076069999999945
0
LINE
8
BLACK
6
CONTINUOUS
10
138.5575769999999807
20
-62.6076069999999945
11
138.5379999999999825
21
-62.4839999999999947
0
LINE
8
BLACK
6
CONTINUOUS
10
138.5379999999999825
20
-62.4839999999999947
11
138.5575769999999807
21
-62.3603929999999949
0
LINE
8
BLACK
6
CONTINUOUS
10
138.5575769999999807
20
-62.3603929999999949
11
138.6143930000000069
21
-62.2488859999999988
0
LINE
8
BLACK
6
CONTINUOUS
10
138.6143930000000069
20
-62.2488859999999988
11
138.7028860000000066
21
-62.1603929999999991
0
LINE
8
BLACK
6
CONTINUOUS
10
138.7028860000000066
20
-62.1603929999999991
11
138.8143929999999955
21
-62.1035769999999943
0
LINE
8
BLACK
6
CONTINUOUS
10
138.8143929999999955
20
-62.1035769999999943
11
138.9379999999999882
21
-62.0839999999999961
0
LINE
8
BLACK
6
CONTINUOUS
10
138.9379999999999882
20
-62.0839999999999961
11
139.0616069999999809
21
-62.1035769999999943
0
LINE
8
BLACK
6
CONTINUOUS
10
144.6496070000000032
20
-61.8495769999999965
11
144.7611139999999921
21
-61.9063929999999942
0
LINE
8
BLACK
6
CONTINUOUS
10
144.7611139999999921
20
-61.9063929999999942
11
144.8496069999999918
21
-61.9948859999999939
0
LINE
8
BLACK
6
CONTINUOUS
10
144.8496069999999918
20
-61.9948859999999939
11
144.9064229999999895
21
-62.1063929999999971
0
LINE
8
BLACK
6
CONTINUOUS
10
144.9064229999999895
20
-62.1063929999999971
11
144.9259999999999877
21
-62.2299999999999969
0
LINE
8
BLACK
6
CONTINUOUS
10
144.9259999999999877
20
-62.2299999999999969
11
144.9064229999999895
21
-62.3536069999999967
0
LINE
8
BLACK
6
CONTINUOUS
10
144.9064229999999895
20
-62.3536069999999967
11
144.8496069999999918
21
-62.4651139999999998
0
LINE
8
BLACK
6
CONTINUOUS
10
144.8496069999999918
20
-62.4651139999999998
11
144.7611139999999921
21
-62.5536069999999995
0
LINE
8
BLACK
6
CONTINUOUS
10
144.7611139999999921
20
-62.5536069999999995
11
144.6496070000000032
21
-62.6104229999999973
0
LINE
8
BLACK
6
CONTINUOUS
10
144.6496070000000032
20
-62.6104229999999973
11
144.525999999999982
21
-62.6299999999999955
0
LINE
8
BLACK
6
CONTINUOUS
10
144.525999999999982
20
-62.6299999999999955
11
144.4023929999999893
21
-62.6104229999999973
0
LINE
8
BLACK
6
CONTINUOUS
10
144.4023929999999893
20
-62.6104229999999973
11
144.2908860000000004
21
-62.5536069999999995
0
LINE
8
BLACK
6
CONTINUOUS
10
144.2908860000000004
20
-62.5536069999999995
11
144.2023930000000007
21
-62.4651139999999998
0
LINE
8
BLACK
6
CONTINUOUS
10
144.2023930000000007
20
-62.4651139999999998
11
144.145577000000003
21
-62.3536069999999967
0
LINE
8
BLACK
6
CONTINUOUS
10
144.145577000000003
20
-62.3536069999999967
11
144.1260000000000048
21
-62.2299999999999969
0
LINE
8
BLACK
6
CONTINUOUS
10
144.1260000000000048
20
-62.2299999999999969
11
144.145577000000003
21
-62.1063929999999971
0
LINE
8
BLACK
6
CONTINUOUS
10
144.145577000000003
20
-62.1063929999999971
11
144.2023930000000007
21
-61.9948859999999939
0
LINE
8
BLACK
6
CONTINUOUS
10
144.2023930000000007
20
-61.9948859999999939
11
144.2908860000000004
21
-61.9063929999999942
0
LINE
8
BLACK
6
CONTINUOUS
10
144.2908860000000004
20
-61.9063929999999942
11
144.4023929999999893
21
-61.8495769999999965
0
LINE
8
BLACK
6
CONTINUOUS
10
144.4023929999999893
20
-61.8495769999999965
11
144.525999999999982
21
-61.8299999999999983
0
LINE
8
BLACK
6
CONTINUOUS
10
144.525999999999982
20
-61.8299999999999983
11
144.6496070000000032
21
-61.8495769999999965
0
LINE
8
BLACK
6
CONTINUOUS
10
145.6656069999999943
20
-61.8495769999999965
11
145.7771139999999832
21
-61.9063929999999942
0
LINE
8
BLACK
6
CONTINUOUS
10
145.7771139999999832
20
-61.9063929999999942
11
145.8656069999999829
21
-61.9948859999999939
0
LINE
8
BLACK
6
CONTINUOUS
10
145.8656069999999829
20
-61.9948859999999939
11
145.9224229999999807
21
-62.1063929999999971
0
LINE
8
BLACK
6
CONTINUOUS
10
145.9224229999999807
20
-62.1063929999999971
11
145.9420000000000073
21
-62.2299999999999969
0
LINE
8
BLACK
6
CONTINUOUS
10
145.9420000000000073
20
-62.2299999999999969
11
145.9224229999999807
21
-62.3536069999999967
0
LINE
8
BLACK
6
CONTINUOUS
10
145.9224229999999807
20
-62.3536069999999967
11
145.8656069999999829
21
-62.4651139999999998
0
LINE
8
BLACK
6
CONTINUOUS
10
145.8656069999999829
20
-62.4651139999999998
11
145.7771139999999832
21
-62.5536069999999995
0
LINE
8
BLACK
6
CONTINUOUS
10
145.7771139999999832
20
-62.5536069999999995
11
145.6656069999999943
21
-62.6104229999999973
0
LINE
8
BLACK
6
CONTINUOUS
10
145.6656069999999943
20
-62.6104229999999973
11
145.5420000000000016
21
-62.6299999999999955
0
LINE
8
BLACK
6
CONTINUOUS
10
145.5420000000000016
20
-62.6299999999999955
11
145.4183929999999805
21
-62.6104229999999973
0
LINE
8
BLACK
6
CONTINUOUS
10
145.4183929999999805
20
-62.6104229999999973
11
145.3068859999999916
21
-62.5536069999999995
0
LINE
8
BLACK
6
CONTINUOUS
10
145.3068859999999916
20
-62.5536069999999995
11
145.2183929999999918
21
-62.4651139999999998
0
LINE
8
BLACK
6
CONTINUOUS
10
145.2183929999999918
20
-62.4651139999999998
11
145.1615769999999941
21
-62.3536069999999967
0
LINE
8
BLACK
6
CONTINUOUS
10
145.1615769999999941
20
-62.3536069999999967
11
145.1419999999999959
21
-62.2299999999999969
0
LINE
8
BLACK
6
CONTINUOUS
10
145.1419999999999959
20
-62.2299999999999969
11
145.1615769999999941
21
-62.1063929999999971
0
LINE
8
BLACK
6
CONTINUOUS
10
145.1615769999999941
20
-62.1063929999999971
11
145.2183929999999918
21
-61.9948859999999939
0
LINE
8
BLACK
6
CONTINUOUS
10
145.2183929999999918
20
-61.9948859999999939
11
145.3068859999999916
21
-61.9063929999999942
0
LINE
8
BLACK
6
CONTINUOUS
10
145.3068859999999916
20
-61.9063929999999942
11
145.4183929999999805
21
-61.8495769999999965
0
LINE
8
BLACK
6
CONTINUOUS
10
145.4183929999999805
20
-61.8495769999999965
11
145.5420000000000016
21
-61.8299999999999983
0
LINE
8
BLACK
6
CONTINUOUS
10
145.5420000000000016
20
-61.8299999999999983
11
145.6656069999999943
21
-61.8495769999999965
0
LINE
8
BLACK
6
CONTINUOUS
10
150.8726069999999879
20
-61.8495769999999965
11
150.9841140000000053
21
-61.9063929999999942
0
LINE
8
BLACK
6
CONTINUOUS
10
150.9841140000000053
20
-61.9063929999999942
11
151.072607000000005
21
-61.9948859999999939
0
LINE
8
BLACK
6
CONTINUOUS
10
151.072607000000005
20
-61.9948859999999939
11
151.1294230000000027
21
-62.1063929999999971
0
LINE
8
BLACK
6
CONTINUOUS
10
151.1294230000000027
20
-62.1063929999999971
11
151.1490000000000009
21
-62.2299999999999969
0
LINE
8
BLACK
6
CONTINUOUS
10
151.1490000000000009
20
-62.2299999999999969
11
151.1294230000000027
21
-62.3536069999999967
0
LINE
8
BLACK
6
CONTINUOUS
10
151.1294230000000027
20
-62.3536069999999967
11
151.072607000000005
21
-62.4651139999999998
0
LINE
8
BLACK
6
CONTINUOUS
10
151.072607000000005
20
-62.4651139999999998
11
150.9841140000000053
21
-62.5536069999999995
0
LINE
8
BLACK
6
CONTINUOUS
10
150.9841140000000053
20
-62.5536069999999995
11
150.8726069999999879
21
-62.6104229999999973
0
LINE
8
BLACK
6
CONTINUOUS
10
150.8726069999999879
20
-62.6104229999999973
11
150.7489999999999952
21
-62.6299999999999955
0
LINE
8
BLACK
6
CONTINUOUS
10
150.7489999999999952
20
-62.6299999999999955
11
150.6253930000000025
21
-62.6104229999999973
0
LINE
8
BLACK
6
CONTINUOUS
10
150.6253930000000025
20
-62.6104229999999973
11
150.5138859999999852
21
-62.5536069999999995
0
LINE
8
BLACK
6
CONTINUOUS
10
150.5138859999999852
20
-62.5536069999999995
11
150.4253929999999855
21
-62.4651139999999998
0
LINE
8
BLACK
6
CONTINUOUS
10
150.4253929999999855
20
-62.4651139999999998
11
150.3685769999999877
21
-62.3536069999999967
0
LINE
8
BLACK
6
CONTINUOUS
10
150.3685769999999877
20
-62.3536069999999967
11
150.3489999999999895
21
-62.2299999999999969
0
LINE
8
BLACK
6
CONTINUOUS
10
150.3489999999999895
20
-62.2299999999999969
11
150.3685769999999877
21
-62.1063929999999971
0
LINE
8
BLACK
6
CONTINUOUS
10
150.3685769999999877
20
-62.1063929999999971
11
150.4253929999999855
21
-61.9948859999999939
0
LINE
8
BLACK
6
CONTINUOUS
10
150.4253929999999855
20
-61.9948859999999939
11
150.5138859999999852
21
-61.9063929999999942
0
LINE
8
BLACK
6
CONTINUOUS
10
150.5138859999999852
20
-61.9063929999999942
11
150.6253930000000025
21
-61.8495769999999965
0
LINE
8
BLACK
6
CONTINUOUS
10
150.6253930000000025
20
-61.8495769999999965
11
150.7489999999999952
21
-61.8299999999999983
0
LINE
8
BLACK
6
CONTINUOUS
10
150.7489999999999952
20
-61.8299999999999983
11
150.8726069999999879
21
-61.8495769999999965
0
LINE
8
BLACK
6
CONTINUOUS
10
152.5236069999999984
20
-61.8495769999999965
11
152.6351139999999873
21
-61.9063929999999942
0
LINE
8
BLACK
6
CONTINUOUS
10
152.6351139999999873
20
-61.9063929999999942
11
152.723606999999987
21
-61.9948859999999939
0
LINE
8
BLACK
6
CONTINUOUS
10
152.723606999999987
20
-61.9948859999999939
11
152.7804229999999848
21
-62.1063929999999971
0
LINE
8
BLACK
6
CONTINUOUS
10
152.7804229999999848
20
-62.1063929999999971
11
152.7999999999999829
21
-62.2299999999999969
0
LINE
8
BLACK
6
CONTINUOUS
10
152.7999999999999829
20
-62.2299999999999969
11
152.7804229999999848
21
-62.3536069999999967
0
LINE
8
BLACK
6
CONTINUOUS
10
152.7804229999999848
20
-62.3536069999999967
11
152.723606999999987
21
-62.4651139999999998
0
LINE
8
BLACK
6
CONTINUOUS
10
152.723606999999987
20
-62.4651139999999998
11
152.6351139999999873
21
-62.5536069999999995
0
LINE
8
BLACK
6
CONTINUOUS
10
152.6351139999999873
20
-62.5536069999999995
11
152.5236069999999984
21
-62.6104229999999973
0
LINE
8
BLACK
6
CONTINUOUS
10
152.5236069999999984
20
-62.6104229999999973
11
152.4000000000000057
21
-62.6299999999999955
0
LINE
8
BLACK
6
CONTINUOUS
10
152.4000000000000057
20
-62.6299999999999955
11
152.2763929999999846
21
-62.6104229999999973
0
LINE
8
BLACK
6
CONTINUOUS
10
152.2763929999999846
20
-62.6104229999999973
11
152.1648859999999956
21
-62.5536069999999995
0
LINE
8
BLACK
6
CONTINUOUS
10
152.1648859999999956
20
-62.5536069999999995
11
152.0763929999999959
21
-62.4651139999999998
0
LINE
8
BLACK
6
CONTINUOUS
10
152.0763929999999959
20
-62.4651139999999998
11
152.0195769999999982
21
-62.3536069999999967
0
LINE
8
BLACK
6
CONTINUOUS
10
152.0195769999999982
20
-62.3536069999999967
11
152.
21
-62.2299999999999969
0
LINE
8
BLACK
6
CONTINUOUS
10
152.
20
-62.2299999999999969
11
152.0195769999999982
21
-62.1063929999999971
0
LINE
8
BLACK
6
CONTINUOUS
10
152.0195769999999982
20
-62.1063929999999971
11
152.0763929999999959
21
-61.9948859999999939
0
LINE
8
BLACK
6
CONTINUOUS
10
152.0763929999999959
20
-61.9948859999999939
11
152.1648859999999956
21
-61.9063929999999942
0
LINE
8
BLACK
6
CONTINUOUS
10
152.1648859999999956
20
-61.9063929999999942
11
152.2763929999999846
21
-61.8495769999999965
0
LINE
8
BLACK
6
CONTINUOUS
10
152.2763929999999846
20
-61.8495769999999965
11
152.4000000000000057
21
-61.8299999999999983
0
LINE
8
BLACK
6
CONTINUOUS
10
152.4000000000000057
20
-61.8299999999999983
11
152.5236069999999984
21
-61.8495769999999965
0
LINE
8
BLACK
6
CONTINUOUS
10
147.8246069999999861
20
-61.722576999999994
11
147.9361140000000034
21
-61.7793929999999989
0
LINE
8
BLACK
6
CONTINUOUS
10
147.9361140000000034
20
-61.7793929999999989
11
148.0246070000000032
21
-61.8678859999999986
0
LINE
8
BLACK
6
CONTINUOUS
10
148.0246070000000032
20
-61.8678859999999986
11
148.0814230000000009
21
-61.9793929999999946
0
LINE
8
BLACK
6
CONTINUOUS
10
148.0814230000000009
20
-61.9793929999999946
11
148.1009999999999991
21
-62.1029999999999944
0
LINE
8
BLACK
6
CONTINUOUS
10
148.1009999999999991
20
-62.1029999999999944
11
148.0814230000000009
21
-62.2266069999999942
0
LINE
8
BLACK
6
CONTINUOUS
10
148.0814230000000009
20
-62.2266069999999942
11
148.0246070000000032
21
-62.3381139999999974
0
LINE
8
BLACK
6
CONTINUOUS
10
148.0246070000000032
20
-62.3381139999999974
11
147.9361140000000034
21
-62.4266069999999971
0
LINE
8
BLACK
6
CONTINUOUS
10
147.9361140000000034
20
-62.4266069999999971
11
147.8246069999999861
21
-62.4834229999999948
0
LINE
8
BLACK
6
CONTINUOUS
10
147.8246069999999861
20
-62.4834229999999948
11
147.7009999999999934
21
-62.5030000000000001
0
LINE
8
BLACK
6
CONTINUOUS
10
147.7009999999999934
20
-62.5030000000000001
11
147.5773930000000007
21
-62.4834229999999948
0
LINE
8
BLACK
6
CONTINUOUS
10
147.5773930000000007
20
-62.4834229999999948
11
147.4658859999999834
21
-62.4266069999999971
0
LINE
8
BLACK
6
CONTINUOUS
10
147.4658859999999834
20
-62.4266069999999971
11
147.3773929999999837
21
-62.3381139999999974
0
LINE
8
BLACK
6
CONTINUOUS
10
147.3773929999999837
20
-62.3381139999999974
11
147.3205769999999859
21
-62.2266069999999942
0
LINE
8
BLACK
6
CONTINUOUS
10
147.3205769999999859
20
-62.2266069999999942
11
147.3009999999999877
21
-62.1029999999999944
0
LINE
8
BLACK
6
CONTINUOUS
10
147.3009999999999877
20
-62.1029999999999944
11
147.3205769999999859
21
-61.9793929999999946
0
LINE
8
BLACK
6
CONTINUOUS
10
147.3205769999999859
20
-61.9793929999999946
11
147.3773929999999837
21
-61.8678859999999986
0
LINE
8
BLACK
6
CONTINUOUS
10
147.3773929999999837
20
-61.8678859999999986
11
147.4658859999999834
21
-61.7793929999999989
0
LINE
8
BLACK
6
CONTINUOUS
10
147.4658859999999834
20
-61.7793929999999989
11
147.5773930000000007
21
-61.722576999999994
0
LINE
8
BLACK
6
CONTINUOUS
10
147.5773930000000007
20
-61.722576999999994
11
147.7009999999999934
21
-61.7029999999999959
0
LINE
8
BLACK
6
CONTINUOUS
10
147.7009999999999934
20
-61.7029999999999959
11
147.8246069999999861
21
-61.722576999999994
0
LINE
8
BLACK
6
CONTINUOUS
10
146.6142930000000035
20
-61.5333489999999941
11
146.7257999999999925
21
-61.5901649999999989
0
LINE
8
BLACK
6
CONTINUOUS
10
146.7257999999999925
20
-61.5901649999999989
11
146.8142929999999922
21
-61.6786579999999987
0
LINE
8
BLACK
6
CONTINUOUS
10
146.8142929999999922
20
-61.6786579999999987
11
146.8711089999999899
21
-61.7901649999999947
0
LINE
8
BLACK
6
CONTINUOUS
10
146.8711089999999899
20
-61.7901649999999947
11
146.8906859999999881
21
-61.9137719999999945
0
LINE
8
BLACK
6
CONTINUOUS
10
146.8906859999999881
20
-61.9137719999999945
11
146.8711089999999899
21
-62.0373789999999943
0
LINE
8
BLACK
6
CONTINUOUS
10
146.8711089999999899
20
-62.0373789999999943
11
146.8142929999999922
21
-62.1488859999999974
0
LINE
8
BLACK
6
CONTINUOUS
10
146.8142929999999922
20
-62.1488859999999974
11
146.7257999999999925
21
-62.2373789999999971
0
LINE
8
BLACK
6
CONTINUOUS
10
146.7257999999999925
20
-62.2373789999999971
11
146.6142930000000035
21
-62.2941949999999949
0
LINE
8
BLACK
6
CONTINUOUS
10
146.6142930000000035
20
-62.2941949999999949
11
146.4906859999999824
21
-62.3137720000000002
0
LINE
8
BLACK
6
CONTINUOUS
10
146.4906859999999824
20
-62.3137720000000002
11
146.3670789999999897
21
-62.2941949999999949
0
LINE
8
BLACK
6
CONTINUOUS
10
146.3670789999999897
20
-62.2941949999999949
11
146.2555720000000008
21
-62.2373789999999971
0
LINE
8
BLACK
6
CONTINUOUS
10
146.2555720000000008
20
-62.2373789999999971
11
146.1670790000000011
21
-62.1488859999999974
0
LINE
8
BLACK
6
CONTINUOUS
10
146.1670790000000011
20
-62.1488859999999974
11
146.1102630000000033
21
-62.0373789999999943
0
LINE
8
BLACK
6
CONTINUOUS
10
146.1102630000000033
20
-62.0373789999999943
11
146.0906860000000052
21
-61.9137719999999945
0
LINE
8
BLACK
6
CONTINUOUS
10
146.0906860000000052
20
-61.9137719999999945
11
146.1102630000000033
21
-61.7901649999999947
0
LINE
8
BLACK
6
CONTINUOUS
10
146.1102630000000033
20
-61.7901649999999947
11
146.1670790000000011
21
-61.6786579999999987
0
LINE
8
BLACK
6
CONTINUOUS
10
146.1670790000000011
20
-61.6786579999999987
11
146.2555720000000008
21
-61.5901649999999989
0
LINE
8
BLACK
6
CONTINUOUS
10
146.2555720000000008
20
-61.5901649999999989
11
146.3670789999999897
21
-61.5333489999999941
0
LINE
8
BLACK
6
CONTINUOUS
10
146.3670789999999897
20
-61.5333489999999941
11
146.4906859999999824
21
-61.5137719999999959
0
LINE
8
BLACK
6
CONTINUOUS
10
146.4906859999999824
20
-61.5137719999999959
11
146.6142930000000035
21
-61.5333489999999941
0
LINE
8
BLACK
6
CONTINUOUS
10
133.7977080000000001
20
-60.4151839999999964
11
133.917429999999996
21
-60.4921249999999944
0
LINE
8
BLACK
6
CONTINUOUS
10
133.917429999999996
20
-60.4921249999999944
11
134.0106269999999995
21
-60.5996799999999993
0
LINE
8
BLACK
6
CONTINUOUS
10
134.0106269999999995
20
-60.5996799999999993
11
134.0697459999999808
21
-60.7291339999999948
0
LINE
8
BLACK
6
CONTINUOUS
10
134.0697459999999808
20
-60.7291339999999948
11
134.0900000000000034
21
-60.8699999999999974
0
LINE
8
BLACK
6
CONTINUOUS
10
134.0900000000000034
20
-60.8699999999999974
11
134.0697459999999808
21
-61.010866
0
LINE
8
BLACK
6
CONTINUOUS
10
134.0697459999999808
20
-61.010866
11
134.0106269999999995
21
-61.1403199999999956
0
LINE
8
BLACK
6
CONTINUOUS
10
134.0106269999999995
20
-61.1403199999999956
11
133.917429999999996
21
-61.2478750000000005
0
LINE
8
BLACK
6
CONTINUOUS
10
133.917429999999996
20
-61.2478750000000005
11
133.7977080000000001
21
-61.3248159999999984
0
LINE
8
BLACK
6
CONTINUOUS
10
133.7977080000000001
20
-61.3248159999999984
11
133.6611570000000029
21
-61.3649109999999993
0
LINE
8
BLACK
6
CONTINUOUS
10
133.6611570000000029
20
-61.3649109999999993
11
133.5188430000000039
21
-61.3649109999999993
0
LINE
8
BLACK
6
CONTINUOUS
10
133.5188430000000039
20
-61.3649109999999993
11
133.3822920000000067
21
-61.3248159999999984
0
LINE
8
BLACK
6
CONTINUOUS
10
133.3822920000000067
20
-61.3248159999999984
11
133.2625699999999824
21
-61.2478750000000005
0
LINE
8
BLACK
6
CONTINUOUS
10
133.2625699999999824
20
-61.2478750000000005
11
133.1693730000000073
21
-61.1403199999999956
0
LINE
8
BLACK
6
CONTINUOUS
10
133.1693730000000073
20
-61.1403199999999956
11
133.1102539999999976
21
-61.010866
0
LINE
8
BLACK
6
CONTINUOUS
10
133.1102539999999976
20
-61.010866
11
133.0900000000000034
21
-60.8699999999999974
0
LINE
8
BLACK
6
CONTINUOUS
10
133.0900000000000034
20
-60.8699999999999974
11
133.1102539999999976
21
-60.7291339999999948
0
LINE
8
BLACK
6
CONTINUOUS
10
133.1102539999999976
20
-60.7291339999999948
11
133.1693730000000073
21
-60.5996799999999993
0
LINE
8
BLACK
6
CONTINUOUS
10
133.1693730000000073
20
-60.5996799999999993
11
133.2625699999999824
21
-60.4921249999999944
0
LINE
8
BLACK
6
CONTINUOUS
10
133.2625699999999824
20
-60.4921249999999944
11
133.3822920000000067
21
-60.4151839999999964
0
LINE
8
BLACK
6
CONTINUOUS
10
133.3822920000000067
20
-60.4151839999999964
11
133.5188430000000039
21
-60.3750889999999956
0
LINE
8
BLACK
6
CONTINUOUS
10
133.5188430000000039
20
-60.3750889999999956
11
133.6611570000000029
21
-60.3750889999999956
0
LINE
8
BLACK
6
CONTINUOUS
10
133.6611570000000029
20
-60.3750889999999956
11
133.7977080000000001
21
-60.4151839999999964
0
LINE
8
BLACK
6
CONTINUOUS
10
135.0677079999999819
20
-60.4151839999999964
11
135.1874300000000062
21
-60.4921249999999944
0
LINE
8
BLACK
6
CONTINUOUS
10
135.1874300000000062
20
-60.4921249999999944
11
135.2806269999999813
21
-60.5996799999999993
0
LINE
8
BLACK
6
CONTINUOUS
10
135.2806269999999813
20
-60.5996799999999993
11
135.339745999999991
21
-60.7291339999999948
0
LINE
8
BLACK
6
CONTINUOUS
10
135.339745999999991
20
-60.7291339999999948
11
135.3599999999999852
21
-60.8699999999999974
0
LINE
8
BLACK
6
CONTINUOUS
10
135.3599999999999852
20
-60.8699999999999974
11
135.339745999999991
21
-61.010866
0
LINE
8
BLACK
6
CONTINUOUS
10
135.339745999999991
20
-61.010866
11
135.2806269999999813
21
-61.1403199999999956
0
LINE
8
BLACK
6
CONTINUOUS
10
135.2806269999999813
20
-61.1403199999999956
11
135.1874300000000062
21
-61.2478750000000005
0
LINE
8
BLACK
6
CONTINUOUS
10
135.1874300000000062
20
-61.2478750000000005
11
135.0677079999999819
21
-61.3248159999999984
0
LINE
8
BLACK
6
CONTINUOUS
10
135.0677079999999819
20
-61.3248159999999984
11
134.9311569999999847
21
-61.3649109999999993
0
LINE
8
BLACK
6
CONTINUOUS
10
134.9311569999999847
20
-61.3649109999999993
11
134.7888429999999858
21
-61.3649109999999993
0
LINE
8
BLACK
6
CONTINUOUS
10
134.7888429999999858
20
-61.3649109999999993
11
134.6522919999999885
21
-61.3248159999999984
0
LINE
8
BLACK
6
CONTINUOUS
10
134.6522919999999885
20
-61.3248159999999984
11
134.5325699999999927
21
-61.2478750000000005
0
LINE
8
BLACK
6
CONTINUOUS
10
134.5325699999999927
20
-61.2478750000000005
11
134.4393729999999891
21
-61.1403199999999956
0
LINE
8
BLACK
6
CONTINUOUS
10
134.4393729999999891
20
-61.1403199999999956
11
134.3802540000000079
21
-61.010866
0
LINE
8
BLACK
6
CONTINUOUS
10
134.3802540000000079
20
-61.010866
11
134.3599999999999852
21
-60.8699999999999974
0
LINE
8
BLACK
6
CONTINUOUS
10
134.3599999999999852
20
-60.8699999999999974
11
134.3802540000000079
21
-60.7291339999999948
0
LINE
8
BLACK
6
CONTINUOUS
10
134.3802540000000079
20
-60.7291339999999948
11
134.4393729999999891
21
-60.5996799999999993
0
LINE
8
BLACK
6
CONTINUOUS
10
134.4393729999999891
20
-60.5996799999999993
11
134.5325699999999927
21
-60.4921249999999944
0
LINE
8
BLACK
6
CONTINUOUS
10
134.5325699999999927
20
-60.4921249999999944
11
134.6522919999999885
21
-60.4151839999999964
0
LINE
8
BLACK
6
CONTINUOUS
10
134.6522919999999885
20
-60.4151839999999964
11
134.7888429999999858
21
-60.3750889999999956
0
LINE
8
BLACK
6
CONTINUOUS
10
134.7888429999999858
20
-60.3750889999999956
11
134.9311569999999847
21
-60.3750889999999956
0
LINE
8
BLACK
6
CONTINUOUS
10
134.9311569999999847
20
-60.3750889999999956
11
135.0677079999999819
21
-60.4151839999999964
0
LINE
8
BLACK
6
CONTINUOUS
10
136.3377079999999921
20
-60.4151839999999964
11
136.457429999999988
21
-60.4921249999999944
0
LINE
8
BLACK
6
CONTINUOUS
10
136.457429999999988
20
-60.4921249999999944
11
136.5506269999999915
21
-60.5996799999999993
0
LINE
8
BLACK
6
CONTINUOUS
10
136.5506269999999915
20
-60.5996799999999993
11
136.6097460000000012
21
-60.7291339999999948
0
LINE
8
BLACK
6
CONTINUOUS
10
136.6097460000000012
20
-60.7291339999999948
11
136.6299999999999955
21
-60.8699999999999974
0
LINE
8
BLACK
6
CONTINUOUS
10
136.6299999999999955
20
-60.8699999999999974
11
136.6097460000000012
21
-61.010866
0
LINE
8
BLACK
6
CONTINUOUS
10
136.6097460000000012
20
-61.010866
11
136.5506269999999915
21
-61.1403199999999956
0
LINE
8
BLACK
6
CONTINUOUS
10
136.5506269999999915
20
-61.1403199999999956
11
136.457429999999988
21
-61.2478750000000005
0
LINE
8
BLACK
6
CONTINUOUS
10
136.457429999999988
20
-61.2478750000000005
11
136.3377079999999921
21
-61.3248159999999984
0
LINE
8
BLACK
6
CONTINUOUS
10
136.3377079999999921
20
-61.3248159999999984
11
136.2011569999999949
21
-61.3649109999999993
0
LINE
8
BLACK
6
CONTINUOUS
10
136.2011569999999949
20
-61.3649109999999993
11
136.058842999999996
21
-61.3649109999999993
0
LINE
8
BLACK
6
CONTINUOUS
10
136.058842999999996
20
-61.3649109999999993
11
135.9222919999999988
21
-61.3248159999999984
0
LINE
8
BLACK
6
CONTINUOUS
10
135.9222919999999988
20
-61.3248159999999984
11
135.8025700000000029
21
-61.2478750000000005
0
LINE
8
BLACK
6
CONTINUOUS
10
135.8025700000000029
20
-61.2478750000000005
11
135.7093729999999994
21
-61.1403199999999956
0
LINE
8
BLACK
6
CONTINUOUS
10
135.7093729999999994
20
-61.1403199999999956
11
135.6502539999999897
21
-61.010866
0
LINE
8
BLACK
6
CONTINUOUS
10
135.6502539999999897
20
-61.010866
11
135.6299999999999955
21
-60.8699999999999974
0
LINE
8
BLACK
6
CONTINUOUS
10
135.6299999999999955
20
-60.8699999999999974
11
135.6502539999999897
21
-60.7291339999999948
0
LINE
8
BLACK
6
CONTINUOUS
10
135.6502539999999897
20
-60.7291339999999948
11
135.7093729999999994
21
-60.5996799999999993
0
LINE
8
BLACK
6
CONTINUOUS
10
135.7093729999999994
20
-60.5996799999999993
11
135.8025700000000029
21
-60.4921249999999944
0
LINE
8
BLACK
6
CONTINUOUS
10
135.8025700000000029
20
-60.4921249999999944
11
135.9222919999999988
21
-60.4151839999999964
0
LINE
8
BLACK
6
CONTINUOUS
10
135.9222919999999988
20
-60.4151839999999964
11
136.058842999999996
21
-60.3750889999999956
0
LINE
8
BLACK
6
CONTINUOUS
10
136.058842999999996
20
-60.3750889999999956
11
136.2011569999999949
21
-60.3750889999999956
0
LINE
8
BLACK
6
CONTINUOUS
10
136.2011569999999949
20
-60.3750889999999956
11
136.3377079999999921
21
-60.4151839999999964
0
LINE
8
BLACK
6
CONTINUOUS
10
137.6077080000000024
20
-60.4151839999999964
11
137.7274299999999982
21
-60.4921249999999944
0
LINE
8
BLACK
6
CONTINUOUS
10
137.7274299999999982
20
-60.4921249999999944
11
137.8206270000000018
21
-60.5996799999999993
0
LINE
8
BLACK
6
CONTINUOUS
10
137.8206270000000018
20
-60.5996799999999993
11
137.879745999999983
21
-60.7291339999999948
0
LINE
8
BLACK
6
CONTINUOUS
10
137.879745999999983
20
-60.7291339999999948
11
137.9000000000000057
21
-60.8699999999999974
0
LINE
8
BLACK
6
CONTINUOUS
10
137.9000000000000057
20
-60.8699999999999974
11
137.879745999999983
21
-61.010866
0
LINE
8
BLACK
6
CONTINUOUS
10
137.879745999999983
20
-61.010866
11
137.8206270000000018
21
-61.1403199999999956
0
LINE
8
BLACK
6
CONTINUOUS
10
137.8206270000000018
20
-61.1403199999999956
11
137.7274299999999982
21
-61.2478750000000005
0
LINE
8
BLACK
6
CONTINUOUS
10
137.7274299999999982
20
-61.2478750000000005
11
137.6077080000000024
21
-61.3248159999999984
0
LINE
8
BLACK
6
CONTINUOUS
10
137.6077080000000024
20
-61.3248159999999984
11
137.4711570000000052
21
-61.3649109999999993
0
LINE
8
BLACK
6
CONTINUOUS
10
137.4711570000000052
20
-61.3649109999999993
11
137.3288430000000062
21
-61.3649109999999993
0
LINE
8
BLACK
6
CONTINUOUS
10
137.3288430000000062
20
-61.3649109999999993
11
137.1922919999999806
21
-61.3248159999999984
0
LINE
8
BLACK
6
CONTINUOUS
10
137.1922919999999806
20
-61.3248159999999984
11
137.0725699999999847
21
-61.2478750000000005
0
LINE
8
BLACK
6
CONTINUOUS
10
137.0725699999999847
20
-61.2478750000000005
11
136.9793729999999812
21
-61.1403199999999956
0
LINE
8
BLACK
6
CONTINUOUS
10
136.9793729999999812
20
-61.1403199999999956
11
136.9202539999999999
21
-61.010866
0
LINE
8
BLACK
6
CONTINUOUS
10
136.9202539999999999
20
-61.010866
11
136.9000000000000057
21
-60.8699999999999974
0
LINE
8
BLACK
6
CONTINUOUS
10
136.9000000000000057
20
-60.8699999999999974
11
136.9202539999999999
21
-60.7291339999999948
0
LINE
8
BLACK
6
CONTINUOUS
10
136.9202539999999999
20
-60.7291339999999948
11
136.9793729999999812
21
-60.5996799999999993
0
LINE
8
BLACK
6
CONTINUOUS
10
136.9793729999999812
20
-60.5996799999999993
11
137.0725699999999847
21
-60.4921249999999944
0
LINE
8
BLACK
6
CONTINUOUS
10
137.0725699999999847
20
-60.4921249999999944
11
137.1922919999999806
21
-60.4151839999999964
0
LINE
8
BLACK
6
CONTINUOUS
10
137.1922919999999806
20
-60.4151839999999964
11
137.3288430000000062
21
-60.3750889999999956
0
LINE
8
BLACK
6
CONTINUOUS
10
137.3288430000000062
20
-60.3750889999999956
11
137.4711570000000052
21
-60.3750889999999956
0
LINE
8
BLACK
6
CONTINUOUS
10
137.4711570000000052
20
-60.3750889999999956
11
137.6077080000000024
21
-60.4151839999999964
0
LINE
8
BLACK
6
CONTINUOUS
10
138.8777079999999842
20
-60.4151839999999964
11
138.9974299999999801
21
-60.4921249999999944
0
LINE
8
BLACK
6
CONTINUOUS
10
138.9974299999999801
20
-60.4921249999999944
11
139.0906269999999836
21
-60.5996799999999993
0
LINE
8
BLACK
6
CONTINUOUS
10
139.0906269999999836
20
-60.5996799999999993
11
139.1497459999999933
21
-60.7291339999999948
0
LINE
8
BLACK
6
CONTINUOUS
10
139.1497459999999933
20
-60.7291339999999948
11
139.1699999999999875
21
-60.8699999999999974
0
LINE
8
BLACK
6
CONTINUOUS
10
139.1699999999999875
20
-60.8699999999999974
11
139.1497459999999933
21
-61.010866
0
LINE
8
BLACK
6
CONTINUOUS
10
139.1497459999999933
20
-61.010866
11
139.0906269999999836
21
-61.1403199999999956
0
LINE
8
BLACK
6
CONTINUOUS
10
139.0906269999999836
20
-61.1403199999999956
11
138.9974299999999801
21
-61.2478750000000005
0
LINE
8
BLACK
6
CONTINUOUS
10
138.9974299999999801
20
-61.2478750000000005
11
138.8777079999999842
21
-61.3248159999999984
0
LINE
8
BLACK
6
CONTINUOUS
10
138.8777079999999842
20
-61.3248159999999984
11
138.741156999999987
21
-61.3649109999999993
0
LINE
8
BLACK
6
CONTINUOUS
10
138.741156999999987
20
-61.3649109999999993
11
138.598842999999988
21
-61.3649109999999993
0
LINE
8
BLACK
6
CONTINUOUS
10
138.598842999999988
20
-61.3649109999999993
11
138.4622919999999908
21
-61.3248159999999984
0
LINE
8
BLACK
6
CONTINUOUS
10
138.4622919999999908
20
-61.3248159999999984
11
138.3425699999999949
21
-61.2478750000000005
0
LINE
8
BLACK
6
CONTINUOUS
10
138.3425699999999949
20
-61.2478750000000005
11
138.2493729999999914
21
-61.1403199999999956
0
LINE
8
BLACK
6
CONTINUOUS
10
138.2493729999999914
20
-61.1403199999999956
11
138.1902539999999817
21
-61.010866
0
LINE
8
BLACK
6
CONTINUOUS
10
138.1902539999999817
20
-61.010866
11
138.1699999999999875
21
-60.8699999999999974
0
LINE
8
BLACK
6
CONTINUOUS
10
138.1699999999999875
20
-60.8699999999999974
11
138.1902539999999817
21
-60.7291339999999948
0
LINE
8
BLACK
6
CONTINUOUS
10
138.1902539999999817
20
-60.7291339999999948
11
138.2493729999999914
21
-60.5996799999999993
0
LINE
8
BLACK
6
CONTINUOUS
10
138.2493729999999914
20
-60.5996799999999993
11
138.3425699999999949
21
-60.4921249999999944
0
LINE
8
BLACK
6
CONTINUOUS
10
138.3425699999999949
20
-60.4921249999999944
11
138.4622919999999908
21
-60.4151839999999964
0
LINE
8
BLACK
6
CONTINUOUS
10
138.4622919999999908
20
-60.4151839999999964
11
138.598842999999988
21
-60.3750889999999956
0
LINE
8
BLACK
6
CONTINUOUS
10
138.598842999999988
20
-60.3750889999999956
11
138.741156999999987
21
-60.3750889999999956
0
LINE
8
BLACK
6
CONTINUOUS
10
138.741156999999987
20
-60.3750889999999956
11
138.8777079999999842
21
-60.4151839999999964
0
LINE
8
BLACK
6
CONTINUOUS
10
153.2856069999999988
20
-60.5795770000000005
11
153.3971139999999878
21
-60.6363929999999982
0
LINE
8
BLACK
6
CONTINUOUS
10
153.3971139999999878
20
-60.6363929999999982
11
153.4856069999999875
21
-60.7248859999999979
0
LINE
8
BLACK
6
CONTINUOUS
10
153.4856069999999875
20
-60.7248859999999979
11
153.5424229999999852
21
-60.8363929999999939
0
LINE
8
BLACK
6
CONTINUOUS
10
153.5424229999999852
20
-60.8363929999999939
11
153.5619999999999834
21
-60.9599999999999937
0
LINE
8
BLACK
6
CONTINUOUS
10
153.5619999999999834
20
-60.9599999999999937
11
153.5424229999999852
21
-61.0836070000000007
0
LINE
8
BLACK
6
CONTINUOUS
10
153.5424229999999852
20
-61.0836070000000007
11
153.4856069999999875
21
-61.1951139999999967
0
LINE
8
BLACK
6
CONTINUOUS
10
153.4856069999999875
20
-61.1951139999999967
11
153.3971139999999878
21
-61.2836069999999964
0
LINE
8
BLACK
6
CONTINUOUS
10
153.3971139999999878
20
-61.2836069999999964
11
153.2856069999999988
21
-61.3404229999999941
0
LINE
8
BLACK
6
CONTINUOUS
10
153.2856069999999988
20
-61.3404229999999941
11
153.1620000000000061
21
-61.3599999999999994
0
LINE
8
BLACK
6
CONTINUOUS
10
153.1620000000000061
20
-61.3599999999999994
11
153.038392999999985
21
-61.3404229999999941
0
LINE
8
BLACK
6
CONTINUOUS
10
153.038392999999985
20
-61.3404229999999941
11
152.9268859999999961
21
-61.2836069999999964
0
LINE
8
BLACK
6
CONTINUOUS
10
152.9268859999999961
20
-61.2836069999999964
11
152.8383929999999964
21
-61.1951139999999967
0
LINE
8
BLACK
6
CONTINUOUS
10
152.8383929999999964
20
-61.1951139999999967
11
152.7815769999999986
21
-61.0836070000000007
0
LINE
8
BLACK
6
CONTINUOUS
10
152.7815769999999986
20
-61.0836070000000007
11
152.7620000000000005
21
-60.9599999999999937
0
LINE
8
BLACK
6
CONTINUOUS
10
152.7620000000000005
20
-60.9599999999999937
11
152.7815769999999986
21
-60.8363929999999939
0
LINE
8
BLACK
6
CONTINUOUS
10
152.7815769999999986
20
-60.8363929999999939
11
152.8383929999999964
21
-60.7248859999999979
0
LINE
8
BLACK
6
CONTINUOUS
10
152.8383929999999964
20
-60.7248859999999979
11
152.9268859999999961
21
-60.6363929999999982
0
LINE
8
BLACK
6
CONTINUOUS
10
152.9268859999999961
20
-60.6363929999999982
11
153.038392999999985
21
-60.5795770000000005
0
LINE
8
BLACK
6
CONTINUOUS
10
153.038392999999985
20
-60.5795770000000005
11
153.1620000000000061
21
-60.5599999999999952
0
LINE
8
BLACK
6
CONTINUOUS
10
153.1620000000000061
20
-60.5599999999999952
11
153.2856069999999988
21
-60.5795770000000005
0
LINE
8
BLACK
6
CONTINUOUS
10
147.1896069999999952
20
-59.6395769999999956
11
147.3011139999999841
21
-59.6963930000000005
0
LINE
8
BLACK
6
CONTINUOUS
10
147.3011139999999841
20
-59.6963930000000005
11
147.3896069999999838
21
-59.7848860000000002
0
LINE
8
BLACK
6
CONTINUOUS
10
147.3896069999999838
20
-59.7848860000000002
11
147.4464229999999816
21
-59.8963929999999962
0
LINE
8
BLACK
6
CONTINUOUS
10
147.4464229999999816
20
-59.8963929999999962
11
147.4659999999999798
21
-60.019999999999996
0
LINE
8
BLACK
6
CONTINUOUS
10
147.4659999999999798
20
-60.019999999999996
11
147.4464229999999816
21
-60.1436069999999958
0
LINE
8
BLACK
6
CONTINUOUS
10
147.4464229999999816
20
-60.1436069999999958
11
147.3896069999999838
21
-60.255113999999999
0
LINE
8
BLACK
6
CONTINUOUS
10
147.3896069999999838
20
-60.255113999999999
11
147.3011139999999841
21
-60.3436069999999987
0
LINE
8
BLACK
6
CONTINUOUS
10
147.3011139999999841
20
-60.3436069999999987
11
147.1896069999999952
21
-60.4004229999999964
0
LINE
8
BLACK
6
CONTINUOUS
10
147.1896069999999952
20
-60.4004229999999964
11
147.0660000000000025
21
-60.4199999999999946
0
LINE
8
BLACK
6
CONTINUOUS
10
147.0660000000000025
20
-60.4199999999999946
11
146.9423929999999814
21
-60.4004229999999964
0
LINE
8
BLACK
6
CONTINUOUS
10
146.9423929999999814
20
-60.4004229999999964
11
146.8308859999999925
21
-60.3436069999999987
0
LINE
8
BLACK
6
CONTINUOUS
10
146.8308859999999925
20
-60.3436069999999987
11
146.7423929999999928
21
-60.255113999999999
0
LINE
8
BLACK
6
CONTINUOUS
10
146.7423929999999928
20
-60.255113999999999
11
146.685576999999995
21
-60.1436069999999958
0
LINE
8
BLACK
6
CONTINUOUS
10
146.685576999999995
20
-60.1436069999999958
11
146.6659999999999968
21
-60.019999999999996
0
LINE
8
BLACK
6
CONTINUOUS
10
146.6659999999999968
20
-60.019999999999996
11
146.685576999999995
21
-59.8963929999999962
0
LINE
8
BLACK
6
CONTINUOUS
10
146.685576999999995
20
-59.8963929999999962
11
146.7423929999999928
21
-59.7848860000000002
0
LINE
8
BLACK
6
CONTINUOUS
10
146.7423929999999928
20
-59.7848860000000002
11
146.8308859999999925
21
-59.6963930000000005
0
LINE
8
BLACK
6
CONTINUOUS
10
146.8308859999999925
20
-59.6963930000000005
11
146.9423929999999814
21
-59.6395769999999956
0
LINE
8
BLACK
6
CONTINUOUS
10
146.9423929999999814
20
-59.6395769999999956
11
147.0660000000000025
21
-59.6199999999999974
0
LINE
8
BLACK
6
CONTINUOUS
10
147.0660000000000025
20
-59.6199999999999974
11
147.1896069999999952
21
-59.6395769999999956
0
LINE
8
BLACK
6
CONTINUOUS
10
134.0900000000000034
20
-60.0999999999999943
11
133.0900000000000034
21
-60.0999999999999943
0
LINE
8
BLACK
6
CONTINUOUS
10
133.0900000000000034
20
-60.0999999999999943
11
133.0900000000000034
21
-59.0999999999999943
0
LINE
8
BLACK
6
CONTINUOUS
10
133.0900000000000034
20
-59.0999999999999943
11
134.0900000000000034
21
-59.0999999999999943
0
LINE
8
BLACK
6
CONTINUOUS
10
134.0900000000000034
20
-59.0999999999999943
11
134.0900000000000034
21
-60.0999999999999943
0
LINE
8
BLACK
6
CONTINUOUS
10
135.0677079999999819
20
-59.1451840000000004
11
135.1874300000000062
21
-59.2221249999999984
0
LINE
8
BLACK
6
CONTINUOUS
10
135.1874300000000062
20
-59.2221249999999984
11
135.2806269999999813
21
-59.3296799999999962
0
LINE
8
BLACK
6
CONTINUOUS
10
135.2806269999999813
20
-59.3296799999999962
11
135.339745999999991
21
-59.4591339999999988
0
LINE
8
BLACK
6
CONTINUOUS
10
135.339745999999991
20
-59.4591339999999988
11
135.3599999999999852
21
-59.5999999999999943
0
LINE
8
BLACK
6
CONTINUOUS
10
135.3599999999999852
20
-59.5999999999999943
11
135.339745999999991
21
-59.7408659999999969
0
LINE
8
BLACK
6
CONTINUOUS
10
135.339745999999991
20
-59.7408659999999969
11
135.2806269999999813
21
-59.8703199999999995
0
LINE
8
BLACK
6
CONTINUOUS
10
135.2806269999999813
20
-59.8703199999999995
11
135.1874300000000062
21
-59.9778749999999974
0
LINE
8
BLACK
6
CONTINUOUS
10
135.1874300000000062
20
-59.9778749999999974
11
135.0677079999999819
21
-60.0548159999999953
0
LINE
8
BLACK
6
CONTINUOUS
10
135.0677079999999819
20
-60.0548159999999953
11
134.9311569999999847
21
-60.0949109999999962
0
LINE
8
BLACK
6
CONTINUOUS
10
134.9311569999999847
20
-60.0949109999999962
11
134.7888429999999858
21
-60.0949109999999962
0
LINE
8
BLACK
6
CONTINUOUS
10
134.7888429999999858
20
-60.0949109999999962
11
134.6522919999999885
21
-60.0548159999999953
0
LINE
8
BLACK
6
CONTINUOUS
10
134.6522919999999885
20
-60.0548159999999953
11
134.5325699999999927
21
-59.9778749999999974
0
LINE
8
BLACK
6
CONTINUOUS
10
134.5325699999999927
20
-59.9778749999999974
11
134.4393729999999891
21
-59.8703199999999995
0
LINE
8
BLACK
6
CONTINUOUS
10
134.4393729999999891
20
-59.8703199999999995
11
134.3802540000000079
21
-59.7408659999999969
0
LINE
8
BLACK
6
CONTINUOUS
10
134.3802540000000079
20
-59.7408659999999969
11
134.3599999999999852
21
-59.5999999999999943
0
LINE
8
BLACK
6
CONTINUOUS
10
134.3599999999999852
20
-59.5999999999999943
11
134.3802540000000079
21
-59.4591339999999988
0
LINE
8
BLACK
6
CONTINUOUS
10
134.3802540000000079
20
-59.4591339999999988
11
134.4393729999999891
21
-59.3296799999999962
0
LINE
8
BLACK
6
CONTINUOUS
10
134.4393729999999891
20
-59.3296799999999962
11
134.5325699999999927
21
-59.2221249999999984
0
LINE
8
BLACK
6
CONTINUOUS
10
134.5325699999999927
20
-59.2221249999999984
11
134.6522919999999885
21
-59.1451840000000004
0
LINE
8
BLACK
6
CONTINUOUS
10
134.6522919999999885
20
-59.1451840000000004
11
134.7888429999999858
21
-59.1050889999999995
0
LINE
8
BLACK
6
CONTINUOUS
10
134.7888429999999858
20
-59.1050889999999995
11
134.9311569999999847
21
-59.1050889999999995
0
LINE
8
BLACK
6
CONTINUOUS
10
134.9311569999999847
20
-59.1050889999999995
11
135.0677079999999819
21
-59.1451840000000004
0
LINE
8
BLACK
6
CONTINUOUS
10
136.3377079999999921
20
-59.1451840000000004
11
136.457429999999988
21
-59.2221249999999984
0
LINE
8
BLACK
6
CONTINUOUS
10
136.457429999999988
20
-59.2221249999999984
11
136.5506269999999915
21
-59.3296799999999962
0
LINE
8
BLACK
6
CONTINUOUS
10
136.5506269999999915
20
-59.3296799999999962
11
136.6097460000000012
21
-59.4591339999999988
0
LINE
8
BLACK
6
CONTINUOUS
10
136.6097460000000012
20
-59.4591339999999988
11
136.6299999999999955
21
-59.5999999999999943
0
LINE
8
BLACK
6
CONTINUOUS
10
136.6299999999999955
20
-59.5999999999999943
11
136.6097460000000012
21
-59.7408659999999969
0
LINE
8
BLACK
6
CONTINUOUS
10
136.6097460000000012
20
-59.7408659999999969
11
136.5506269999999915
21
-59.8703199999999995
0
LINE
8
BLACK
6
CONTINUOUS
10
136.5506269999999915
20
-59.8703199999999995
11
136.457429999999988
21
-59.9778749999999974
0
LINE
8
BLACK
6
CONTINUOUS
10
136.457429999999988
20
-59.9778749999999974
11
136.3377079999999921
21
-60.0548159999999953
0
LINE
8
BLACK
6
CONTINUOUS
10
136.3377079999999921
20
-60.0548159999999953
11
136.2011569999999949
21
-60.0949109999999962
0
LINE
8
BLACK
6
CONTINUOUS
10
136.2011569999999949
20
-60.0949109999999962
11
136.058842999999996
21
-60.0949109999999962
0
LINE
8
BLACK
6
CONTINUOUS
10
136.058842999999996
20
-60.0949109999999962
11
135.9222919999999988
21
-60.0548159999999953
0
LINE
8
BLACK
6
CONTINUOUS
10
135.9222919999999988
20
-60.0548159999999953
11
135.8025700000000029
21
-59.9778749999999974
0
LINE
8
BLACK
6
CONTINUOUS
10
135.8025700000000029
20
-59.9778749999999974
11
135.7093729999999994
21
-59.8703199999999995
0
LINE
8
BLACK
6
CONTINUOUS
10
135.7093729999999994
20
-59.8703199999999995
11
135.6502539999999897
21
-59.7408659999999969
0
LINE
8
BLACK
6
CONTINUOUS
10
135.6502539999999897
20
-59.7408659999999969
11
135.6299999999999955
21
-59.5999999999999943
0
LINE
8
BLACK
6
CONTINUOUS
10
135.6299999999999955
20
-59.5999999999999943
11
135.6502539999999897
21
-59.4591339999999988
0
LINE
8
BLACK
6
CONTINUOUS
10
135.6502539999999897
20
-59.4591339999999988
11
135.7093729999999994
21
-59.3296799999999962
0
LINE
8
BLACK
6
CONTINUOUS
10
135.7093729999999994
20
-59.3296799999999962
11
135.8025700000000029
21
-59.2221249999999984
0
LINE
8
BLACK
6
CONTINUOUS
10
135.8025700000000029
20
-59.2221249999999984
11
135.9222919999999988
21
-59.1451840000000004
0
LINE
8
BLACK
6
CONTINUOUS
10
135.9222919999999988
20
-59.1451840000000004
11
136.058842999999996
21
-59.1050889999999995
0
LINE
8
BLACK
6
CONTINUOUS
10
136.058842999999996
20
-59.1050889999999995
11
136.2011569999999949
21
-59.1050889999999995
0
LINE
8
BLACK
6
CONTINUOUS
10
136.2011569999999949
20
-59.1050889999999995
11
136.3377079999999921
21
-59.1451840000000004
0
LINE
8
BLACK
6
CONTINUOUS
10
137.6077080000000024
20
-59.1451840000000004
11
137.7274299999999982
21
-59.2221249999999984
0
LINE
8
BLACK
6
CONTINUOUS
10
137.7274299999999982
20
-59.2221249999999984
11
137.8206270000000018
21
-59.3296799999999962
0
LINE
8
BLACK
6
CONTINUOUS
10
137.8206270000000018
20
-59.3296799999999962
11
137.879745999999983
21
-59.4591339999999988
0
LINE
8
BLACK
6
CONTINUOUS
10
137.879745999999983
20
-59.4591339999999988
11
137.9000000000000057
21
-59.5999999999999943
0
LINE
8
BLACK
6
CONTINUOUS
10
137.9000000000000057
20
-59.5999999999999943
11
137.879745999999983
21
-59.7408659999999969
0
LINE
8
BLACK
6
CONTINUOUS
10
137.879745999999983
20
-59.7408659999999969
11
137.8206270000000018
21
-59.8703199999999995
0
LINE
8
BLACK
6
CONTINUOUS
10
137.8206270000000018
20
-59.8703199999999995
11
137.7274299999999982
21
-59.9778749999999974
0
LINE
8
BLACK
6
CONTINUOUS
10
137.7274299999999982
20
-59.9778749999999974
11
137.6077080000000024
21
-60.0548159999999953
0
LINE
8
BLACK
6
CONTINUOUS
10
137.6077080000000024
20
-60.0548159999999953
11
137.4711570000000052
21
-60.0949109999999962
0
LINE
8
BLACK
6
CONTINUOUS
10
137.4711570000000052
20
-60.0949109999999962
11
137.3288430000000062
21
-60.0949109999999962
0
LINE
8
BLACK
6
CONTINUOUS
10
137.3288430000000062
20
-60.0949109999999962
11
137.1922919999999806
21
-60.0548159999999953
0
LINE
8
BLACK
6
CONTINUOUS
10
137.1922919999999806
20
-60.0548159999999953
11
137.0725699999999847
21
-59.9778749999999974
0
LINE
8
BLACK
6
CONTINUOUS
10
137.0725699999999847
20
-59.9778749999999974
11
136.9793729999999812
21
-59.8703199999999995
0
LINE
8
BLACK
6
CONTINUOUS
10
136.9793729999999812
20
-59.8703199999999995
11
136.9202539999999999
21
-59.7408659999999969
0
LINE
8
BLACK
6
CONTINUOUS
10
136.9202539999999999
20
-59.7408659999999969
11
136.9000000000000057
21
-59.5999999999999943
0
LINE
8
BLACK
6
CONTINUOUS
10
136.9000000000000057
20
-59.5999999999999943
11
136.9202539999999999
21
-59.4591339999999988
0
LINE
8
BLACK
6
CONTINUOUS
10
136.9202539999999999
20
-59.4591339999999988
11
136.9793729999999812
21
-59.3296799999999962
0
LINE
8
BLACK
6
CONTINUOUS
10
136.9793729999999812
20
-59.3296799999999962
11
137.0725699999999847
21
-59.2221249999999984
0
LINE
8
BLACK
6
CONTINUOUS
10
137.0725699999999847
20
-59.2221249999999984
11
137.1922919999999806
21
-59.1451840000000004
0
LINE
8
BLACK
6
CONTINUOUS
10
137.1922919999999806
20
-59.1451840000000004
11
137.3288430000000062
21
-59.1050889999999995
0
LINE
8
BLACK
6
CONTINUOUS
10
137.3288430000000062
20
-59.1050889999999995
11
137.4711570000000052
21
-59.1050889999999995
0
LINE
8
BLACK
6
CONTINUOUS
10
137.4711570000000052
20
-59.1050889999999995
11
137.6077080000000024
21
-59.1451840000000004
0
LINE
8
BLACK
6
CONTINUOUS
10
138.8777079999999842
20
-59.1451840000000004
11
138.9974299999999801
21
-59.2221249999999984
0
LINE
8
BLACK
6
CONTINUOUS
10
138.9974299999999801
20
-59.2221249999999984
11
139.0906269999999836
21
-59.3296799999999962
0
LINE
8
BLACK
6
CONTINUOUS
10
139.0906269999999836
20
-59.3296799999999962
11
139.1497459999999933
21
-59.4591339999999988
0
LINE
8
BLACK
6
CONTINUOUS
10
139.1497459999999933
20
-59.4591339999999988
11
139.1699999999999875
21
-59.5999999999999943
0
LINE
8
BLACK
6
CONTINUOUS
10
139.1699999999999875
20
-59.5999999999999943
11
139.1497459999999933
21
-59.7408659999999969
0
LINE
8
BLACK
6
CONTINUOUS
10
139.1497459999999933
20
-59.7408659999999969
11
139.0906269999999836
21
-59.8703199999999995
0
LINE
8
BLACK
6
CONTINUOUS
10
139.0906269999999836
20
-59.8703199999999995
11
138.9974299999999801
21
-59.9778749999999974
0
LINE
8
BLACK
6
CONTINUOUS
10
138.9974299999999801
20
-59.9778749999999974
11
138.8777079999999842
21
-60.0548159999999953
0
LINE
8
BLACK
6
CONTINUOUS
10
138.8777079999999842
20
-60.0548159999999953
11
138.741156999999987
21
-60.0949109999999962
0
LINE
8
BLACK
6
CONTINUOUS
10
138.741156999999987
20
-60.0949109999999962
11
138.598842999999988
21
-60.0949109999999962
0
LINE
8
BLACK
6
CONTINUOUS
10
138.598842999999988
20
-60.0949109999999962
11
138.4622919999999908
21
-60.0548159999999953
0
LINE
8
BLACK
6
CONTINUOUS
10
138.4622919999999908
20
-60.0548159999999953
11
138.3425699999999949
21
-59.9778749999999974
0
LINE
8
BLACK
6
CONTINUOUS
10
138.3425699999999949
20
-59.9778749999999974
11
138.2493729999999914
21
-59.8703199999999995
0
LINE
8
BLACK
6
CONTINUOUS
10
138.2493729999999914
20
-59.8703199999999995
11
138.1902539999999817
21
-59.7408659999999969
0
LINE
8
BLACK
6
CONTINUOUS
10
138.1902539999999817
20
-59.7408659999999969
11
138.1699999999999875
21
-59.5999999999999943
0
LINE
8
BLACK
6
CONTINUOUS
10
138.1699999999999875
20
-59.5999999999999943
11
138.1902539999999817
21
-59.4591339999999988
0
LINE
8
BLACK
6
CONTINUOUS
10
138.1902539999999817
20
-59.4591339999999988
11
138.2493729999999914
21
-59.3296799999999962
0
LINE
8
BLACK
6
CONTINUOUS
10
138.2493729999999914
20
-59.3296799999999962
11
138.3425699999999949
21
-59.2221249999999984
0
LINE
8
BLACK
6
CONTINUOUS
10
138.3425699999999949
20
-59.2221249999999984
11
138.4622919999999908
21
-59.1451840000000004
0
LINE
8
BLACK
6
CONTINUOUS
10
138.4622919999999908
20
-59.1451840000000004
11
138.598842999999988
21
-59.1050889999999995
0
LINE
8
BLACK
6
CONTINUOUS
10
138.598842999999988
20
-59.1050889999999995
11
138.741156999999987
21
-59.1050889999999995
0
LINE
8
BLACK
6
CONTINUOUS
10
138.741156999999987
20
-59.1050889999999995
11
138.8777079999999842
21
-59.1451840000000004
0
LINE
8
BLACK
6
CONTINUOUS
10
153.2856069999999988
20
-58.8015769999999947
11
153.3971139999999878
21
-58.8583929999999995
0
LINE
8
BLACK
6
CONTINUOUS
10
153.3971139999999878
20
-58.8583929999999995
11
153.4856069999999875
21
-58.9468859999999992
0
LINE
8
BLACK
6
CONTINUOUS
10
153.4856069999999875
20
-58.9468859999999992
11
153.5424229999999852
21
-59.0583929999999953
0
LINE
8
BLACK
6
CONTINUOUS
10
153.5424229999999852
20
-59.0583929999999953
11
153.5619999999999834
21
-59.1819999999999951
0
LINE
8
BLACK
6
CONTINUOUS
10
153.5619999999999834
20
-59.1819999999999951
11
153.5424229999999852
21
-59.3056069999999949
0
LINE
8
BLACK
6
CONTINUOUS
10
153.5424229999999852
20
-59.3056069999999949
11
153.4856069999999875
21
-59.417113999999998
0
LINE
8
BLACK
6
CONTINUOUS
10
153.4856069999999875
20
-59.417113999999998
11
153.3971139999999878
21
-59.5056069999999977
0
LINE
8
BLACK
6
CONTINUOUS
10
153.3971139999999878
20
-59.5056069999999977
11
153.2856069999999988
21
-59.5624229999999955
0
LINE
8
BLACK
6
CONTINUOUS
10
153.2856069999999988
20
-59.5624229999999955
11
153.1620000000000061
21
-59.5820000000000007
0
LINE
8
BLACK
6
CONTINUOUS
10
153.1620000000000061
20
-59.5820000000000007
11
153.038392999999985
21
-59.5624229999999955
0
LINE
8
BLACK
6
CONTINUOUS
10
153.038392999999985
20
-59.5624229999999955
11
152.9268859999999961
21
-59.5056069999999977
0
LINE
8
BLACK
6
CONTINUOUS
10
152.9268859999999961
20
-59.5056069999999977
11
152.8383929999999964
21
-59.417113999999998
0
LINE
8
BLACK
6
CONTINUOUS
10
152.8383929999999964
20
-59.417113999999998
11
152.7815769999999986
21
-59.3056069999999949
0
LINE
8
BLACK
6
CONTINUOUS
10
152.7815769999999986
20
-59.3056069999999949
11
152.7620000000000005
21
-59.1819999999999951
0
LINE
8
BLACK
6
CONTINUOUS
10
152.7620000000000005
20
-59.1819999999999951
11
152.7815769999999986
21
-59.0583929999999953
0
LINE
8
BLACK
6
CONTINUOUS
10
152.7815769999999986
20
-59.0583929999999953
11
152.8383929999999964
21
-58.9468859999999992
0
LINE
8
BLACK
6
CONTINUOUS
10
152.8383929999999964
20
-58.9468859999999992
11
152.9268859999999961
21
-58.8583929999999995
0
LINE
8
BLACK
6
CONTINUOUS
10
152.9268859999999961
20
-58.8583929999999995
11
153.038392999999985
21
-58.8015769999999947
0
LINE
8
BLACK
6
CONTINUOUS
10
153.038392999999985
20
-58.8015769999999947
11
153.1620000000000061
21
-58.7819999999999965
0
LINE
8
BLACK
6
CONTINUOUS
10
153.1620000000000061
20
-58.7819999999999965
11
153.2856069999999988
21
-58.8015769999999947
0
LINE
8
BLACK
6
CONTINUOUS
10
142.1096069999999827
20
-57.023576999999996
11
142.221114
21
-57.0803930000000008
0
LINE
8
BLACK
6
CONTINUOUS
10
142.221114
20
-57.0803930000000008
11
142.3096069999999997
21
-57.1688860000000005
0
LINE
8
BLACK
6
CONTINUOUS
10
142.3096069999999997
20
-57.1688860000000005
11
142.3664229999999975
21
-57.2803929999999966
0
LINE
8
BLACK
6
CONTINUOUS
10
142.3664229999999975
20
-57.2803929999999966
11
142.3859999999999957
21
-57.4039999999999964
0
LINE
8
BLACK
6
CONTINUOUS
10
142.3859999999999957
20
-57.4039999999999964
11
142.3664229999999975
21
-57.5276069999999962
0
LINE
8
BLACK
6
CONTINUOUS
10
142.3664229999999975
20
-57.5276069999999962
11
142.3096069999999997
21
-57.6391139999999993
0
LINE
8
BLACK
6
CONTINUOUS
10
142.3096069999999997
20
-57.6391139999999993
11
142.221114
21
-57.727606999999999
0
LINE
8
BLACK
6
CONTINUOUS
10
142.221114
20
-57.727606999999999
11
142.1096069999999827
21
-57.7844229999999968
0
LINE
8
BLACK
6
CONTINUOUS
10
142.1096069999999827
20
-57.7844229999999968
11
141.98599999999999
21
-57.8039999999999949
0
LINE
8
BLACK
6
CONTINUOUS
10
141.98599999999999
20
-57.8039999999999949
11
141.8623929999999973
21
-57.7844229999999968
0
LINE
8
BLACK
6
CONTINUOUS
10
141.8623929999999973
20
-57.7844229999999968
11
141.75088599999998
21
-57.727606999999999
0
LINE
8
BLACK
6
CONTINUOUS
10
141.75088599999998
20
-57.727606999999999
11
141.6623929999999802
21
-57.6391139999999993
0
LINE
8
BLACK
6
CONTINUOUS
10
141.6623929999999802
20
-57.6391139999999993
11
141.6055769999999825
21
-57.5276069999999962
0
LINE
8
BLACK
6
CONTINUOUS
10
141.6055769999999825
20
-57.5276069999999962
11
141.5859999999999843
21
-57.4039999999999964
0
LINE
8
BLACK
6
CONTINUOUS
10
141.5859999999999843
20
-57.4039999999999964
11
141.6055769999999825
21
-57.2803929999999966
0
LINE
8
BLACK
6
CONTINUOUS
10
141.6055769999999825
20
-57.2803929999999966
11
141.6623929999999802
21
-57.1688860000000005
0
LINE
8
BLACK
6
CONTINUOUS
10
141.6623929999999802
20
-57.1688860000000005
11
141.75088599999998
21
-57.0803930000000008
0
LINE
8
BLACK
6
CONTINUOUS
10
141.75088599999998
20
-57.0803930000000008
11
141.8623929999999973
21
-57.023576999999996
0
LINE
8
BLACK
6
CONTINUOUS
10
141.8623929999999973
20
-57.023576999999996
11
141.98599999999999
21
-57.0039999999999978
0
LINE
8
BLACK
6
CONTINUOUS
10
141.98599999999999
20
-57.0039999999999978
11
142.1096069999999827
21
-57.023576999999996
0
LINE
8
BLACK
6
CONTINUOUS
10
153.2856069999999988
20
-55.8821409999999972
11
153.3971139999999878
21
-55.9389569999999949
0
LINE
8
BLACK
6
CONTINUOUS
10
153.3971139999999878
20
-55.9389569999999949
11
153.4856069999999875
21
-56.0274499999999946
0
LINE
8
BLACK
6
CONTINUOUS
10
153.4856069999999875
20
-56.0274499999999946
11
153.5424229999999852
21
-56.1389569999999978
0
LINE
8
BLACK
6
CONTINUOUS
10
153.5424229999999852
20
-56.1389569999999978
11
153.5619999999999834
21
-56.2625639999999976
0
LINE
8
BLACK
6
CONTINUOUS
10
153.5619999999999834
20
-56.2625639999999976
11
153.5424229999999852
21
-56.3861709999999974
0
LINE
8
BLACK
6
CONTINUOUS
10
153.5424229999999852
20
-56.3861709999999974
11
153.4856069999999875
21
-56.4976780000000005
0
LINE
8
BLACK
6
CONTINUOUS
10
153.4856069999999875
20
-56.4976780000000005
11
153.3971139999999878
21
-56.5861710000000002
0
LINE
8
BLACK
6
CONTINUOUS
10
153.3971139999999878
20
-56.5861710000000002
11
153.2856069999999988
21
-56.642986999999998
0
LINE
8
BLACK
6
CONTINUOUS
10
153.2856069999999988
20
-56.642986999999998
11
153.1620000000000061
21
-56.6625639999999962
0
LINE
8
BLACK
6
CONTINUOUS
10
153.1620000000000061
20
-56.6625639999999962
11
153.038392999999985
21
-56.642986999999998
0
LINE
8
BLACK
6
CONTINUOUS
10
153.038392999999985
20
-56.642986999999998
11
152.9268859999999961
21
-56.5861710000000002
0
LINE
8
BLACK
6
CONTINUOUS
10
152.9268859999999961
20
-56.5861710000000002
11
152.8383929999999964
21
-56.4976780000000005
0
LINE
8
BLACK
6
CONTINUOUS
10
152.8383929999999964
20
-56.4976780000000005
11
152.7815769999999986
21
-56.3861709999999974
0
LINE
8
BLACK
6
CONTINUOUS
10
152.7815769999999986
20
-56.3861709999999974
11
152.7620000000000005
21
-56.2625639999999976
0
LINE
8
BLACK
6
CONTINUOUS
10
152.7620000000000005
20
-56.2625639999999976
11
152.7815769999999986
21
-56.1389569999999978
0
LINE
8
BLACK
6
CONTINUOUS
10
152.7815769999999986
20
-56.1389569999999978
11
152.8383929999999964
21
-56.0274499999999946
0
LINE
8
BLACK
6
CONTINUOUS
10
152.8383929999999964
20
-56.0274499999999946
11
152.9268859999999961
21
-55.9389569999999949
0
LINE
8
BLACK
6
CONTINUOUS
10
152.9268859999999961
20
-55.9389569999999949
11
153.038392999999985
21
-55.8821409999999972
0
LINE
8
BLACK
6
CONTINUOUS
10
153.038392999999985
20
-55.8821409999999972
11
153.1620000000000061
21
-55.862563999999999
0
LINE
8
BLACK
6
CONTINUOUS
10
153.1620000000000061
20
-55.862563999999999
11
153.2856069999999988
21
-55.8821409999999972
0
LINE
8
BLACK
6
CONTINUOUS
10
159.9236070000000041
20
-55.8195769999999953
11
160.035113999999993
21
-55.8763930000000002
0
LINE
8
BLACK
6
CONTINUOUS
10
160.035113999999993
20
-55.8763930000000002
11
160.1236069999999927
21
-55.9648859999999999
0
LINE
8
BLACK
6
CONTINUOUS
10
160.1236069999999927
20
-55.9648859999999999
11
160.1804229999999905
21
-56.0763929999999959
0
LINE
8
BLACK
6
CONTINUOUS
10
160.1804229999999905
20
-56.0763929999999959
11
160.1999999999999886
21
-56.1999999999999957
0
LINE
8
BLACK
6
CONTINUOUS
10
160.1999999999999886
20
-56.1999999999999957
11
160.1804229999999905
21
-56.3236069999999955
0
LINE
8
BLACK
6
CONTINUOUS
10
160.1804229999999905
20
-56.3236069999999955
11
160.1236069999999927
21
-56.4351139999999987
0
LINE
8
BLACK
6
CONTINUOUS
10
160.1236069999999927
20
-56.4351139999999987
11
160.035113999999993
21
-56.5236069999999984
0
LINE
8
BLACK
6
CONTINUOUS
10
160.035113999999993
20
-56.5236069999999984
11
159.9236070000000041
21
-56.5804229999999961
0
LINE
8
BLACK
6
CONTINUOUS
10
159.9236070000000041
20
-56.5804229999999961
11
159.7999999999999829
21
-56.5999999999999943
0
LINE
8
BLACK
6
CONTINUOUS
10
159.7999999999999829
20
-56.5999999999999943
11
159.6763929999999903
21
-56.5804229999999961
0
LINE
8
BLACK
6
CONTINUOUS
10
159.6763929999999903
20
-56.5804229999999961
11
159.5648860000000013
21
-56.5236069999999984
0
LINE
8
BLACK
6
CONTINUOUS
10
159.5648860000000013
20
-56.5236069999999984
11
159.4763930000000016
21
-56.4351139999999987
0
LINE
8
BLACK
6
CONTINUOUS
10
159.4763930000000016
20
-56.4351139999999987
11
159.4195770000000039
21
-56.3236069999999955
0
LINE
8
BLACK
6
CONTINUOUS
10
159.4195770000000039
20
-56.3236069999999955
11
159.4000000000000057
21
-56.1999999999999957
0
LINE
8
BLACK
6
CONTINUOUS
10
159.4000000000000057
20
-56.1999999999999957
11
159.4195770000000039
21
-56.0763929999999959
0
LINE
8
BLACK
6
CONTINUOUS
10
159.4195770000000039
20
-56.0763929999999959
11
159.4763930000000016
21
-55.9648859999999999
0
LINE
8
BLACK
6
CONTINUOUS
10
159.4763930000000016
20
-55.9648859999999999
11
159.5648860000000013
21
-55.8763930000000002
0
LINE
8
BLACK
6
CONTINUOUS
10
159.5648860000000013
20
-55.8763930000000002
11
159.6763929999999903
21
-55.8195769999999953
0
LINE
8
BLACK
6
CONTINUOUS
10
159.6763929999999903
20
-55.8195769999999953
11
159.7999999999999829
21
-55.7999999999999972
0
LINE
8
BLACK
6
CONTINUOUS
10
159.7999999999999829
20
-55.7999999999999972
11
159.9236070000000041
21
-55.8195769999999953
0
LINE
8
BLACK
6
CONTINUOUS
10
147.4436069999999859
20
-55.7535769999999999
11
147.5551140000000032
21
-55.8103929999999977
0
LINE
8
BLACK
6
CONTINUOUS
10
147.5551140000000032
20
-55.8103929999999977
11
147.6436070000000029
21
-55.8988859999999974
0
LINE
8
BLACK
6
CONTINUOUS
10
147.6436070000000029
20
-55.8988859999999974
11
147.7004230000000007
21
-56.0103930000000005
0
LINE
8
BLACK
6
CONTINUOUS
10
147.7004230000000007
20
-56.0103930000000005
11
147.7199999999999989
21
-56.1340000000000003
0
LINE
8
BLACK
6
CONTINUOUS
10
147.7199999999999989
20
-56.1340000000000003
11
147.7004230000000007
21
-56.2576070000000001
0
LINE
8
BLACK
6
CONTINUOUS
10
147.7004230000000007
20
-56.2576070000000001
11
147.6436070000000029
21
-56.3691139999999962
0
LINE
8
BLACK
6
CONTINUOUS
10
147.6436070000000029
20
-56.3691139999999962
11
147.5551140000000032
21
-56.4576069999999959
0
LINE
8
BLACK
6
CONTINUOUS
10
147.5551140000000032
20
-56.4576069999999959
11
147.4436069999999859
21
-56.5144230000000007
0
LINE
8
BLACK
6
CONTINUOUS
10
147.4436069999999859
20
-56.5144230000000007
11
147.3199999999999932
21
-56.5339999999999989
0
LINE
8
BLACK
6
CONTINUOUS
10
147.3199999999999932
20
-56.5339999999999989
11
147.1963930000000005
21
-56.5144230000000007
0
LINE
8
BLACK
6
CONTINUOUS
10
147.1963930000000005
20
-56.5144230000000007
11
147.0848859999999831
21
-56.4576069999999959
0
LINE
8
BLACK
6
CONTINUOUS
10
147.0848859999999831
20
-56.4576069999999959
11
146.9963929999999834
21
-56.3691139999999962
0
LINE
8
BLACK
6
CONTINUOUS
10
146.9963929999999834
20
-56.3691139999999962
11
146.9395769999999857
21
-56.2576070000000001
0
LINE
8
BLACK
6
CONTINUOUS
10
146.9395769999999857
20
-56.2576070000000001
11
146.9199999999999875
21
-56.1340000000000003
0
LINE
8
BLACK
6
CONTINUOUS
10
146.9199999999999875
20
-56.1340000000000003
11
146.9395769999999857
21
-56.0103930000000005
0
LINE
8
BLACK
6
CONTINUOUS
10
146.9395769999999857
20
-56.0103930000000005
11
146.9963929999999834
21
-55.8988859999999974
0
LINE
8
BLACK
6
CONTINUOUS
10
146.9963929999999834
20
-55.8988859999999974
11
147.0848859999999831
21
-55.8103929999999977
0
LINE
8
BLACK
6
CONTINUOUS
10
147.0848859999999831
20
-55.8103929999999977
11
147.1963930000000005
21
-55.7535769999999999
0
LINE
8
BLACK
6
CONTINUOUS
10
147.1963930000000005
20
-55.7535769999999999
11
147.3199999999999932
21
-55.7339999999999947
0
LINE
8
BLACK
6
CONTINUOUS
10
147.3199999999999932
20
-55.7339999999999947
11
147.4436069999999859
21
-55.7535769999999999
0
LINE
8
BLACK
6
CONTINUOUS
10
162.1236069999999927
20
-54.4195769999999968
11
162.2351139999999816
21
-54.4763929999999945
0
LINE
8
BLACK
6
CONTINUOUS
10
162.2351139999999816
20
-54.4763929999999945
11
162.3236069999999813
21
-54.5648859999999942
0
LINE
8
BLACK
6
CONTINUOUS
10
162.3236069999999813
20
-54.5648859999999942
11
162.3804229999999791
21
-54.6763929999999974
0
LINE
8
BLACK
6
CONTINUOUS
10
162.3804229999999791
20
-54.6763929999999974
11
162.4000000000000057
21
-54.7999999999999972
0
LINE
8
BLACK
6
CONTINUOUS
10
162.4000000000000057
20
-54.7999999999999972
11
162.3804229999999791
21
-54.923606999999997
0
LINE
8
BLACK
6
CONTINUOUS
10
162.3804229999999791
20
-54.923606999999997
11
162.3236069999999813
21
-55.0351140000000001
0
LINE
8
BLACK
6
CONTINUOUS
10
162.3236069999999813
20
-55.0351140000000001
11
162.2351139999999816
21
-55.1236069999999998
0
LINE
8
BLACK
6
CONTINUOUS
10
162.2351139999999816
20
-55.1236069999999998
11
162.1236069999999927
21
-55.1804229999999976
0
LINE
8
BLACK
6
CONTINUOUS
10
162.1236069999999927
20
-55.1804229999999976
11
162.
21
-55.1999999999999957
0
LINE
8
BLACK
6
CONTINUOUS
10
162.
20
-55.1999999999999957
11
161.8763929999999789
21
-55.1804229999999976
0
LINE
8
BLACK
6
CONTINUOUS
10
161.8763929999999789
20
-55.1804229999999976
11
161.76488599999999
21
-55.1236069999999998
0
LINE
8
BLACK
6
CONTINUOUS
10
161.76488599999999
20
-55.1236069999999998
11
161.6763929999999903
21
-55.0351140000000001
0
LINE
8
BLACK
6
CONTINUOUS
10
161.6763929999999903
20
-55.0351140000000001
11
161.6195769999999925
21
-54.923606999999997
0
LINE
8
BLACK
6
CONTINUOUS
10
161.6195769999999925
20
-54.923606999999997
11
161.5999999999999943
21
-54.7999999999999972
0
LINE
8
BLACK
6
CONTINUOUS
10
161.5999999999999943
20
-54.7999999999999972
11
161.6195769999999925
21
-54.6763929999999974
0
LINE
8
BLACK
6
CONTINUOUS
10
161.6195769999999925
20
-54.6763929999999974
11
161.6763929999999903
21
-54.5648859999999942
0
LINE
8
BLACK
6
CONTINUOUS
10
161.6763929999999903
20
-54.5648859999999942
11
161.76488599999999
21
-54.4763929999999945
0
LINE
8
BLACK
6
CONTINUOUS
10
161.76488599999999
20
-54.4763929999999945
11
161.8763929999999789
21
-54.4195769999999968
0
LINE
8
BLACK
6
CONTINUOUS
10
161.8763929999999789
20
-54.4195769999999968
11
162.
21
-54.3999999999999986
0
LINE
8
BLACK
6
CONTINUOUS
10
162.
20
-54.3999999999999986
11
162.1236069999999927
21
-54.4195769999999968
0
LINE
8
BLACK
6
CONTINUOUS
10
144.098606999999987
20
-52.6376069999999956
11
144.2101140000000044
21
-52.6944230000000005
0
LINE
8
BLACK
6
CONTINUOUS
10
144.2101140000000044
20
-52.6944230000000005
11
144.2986070000000041
21
-52.7829160000000002
0
LINE
8
BLACK
6
CONTINUOUS
10
144.2986070000000041
20
-52.7829160000000002
11
144.3554230000000018
21
-52.8944229999999962
0
LINE
8
BLACK
6
CONTINUOUS
10
144.3554230000000018
20
-52.8944229999999962
11
144.375
21
-53.018029999999996
0
LINE
8
BLACK
6
CONTINUOUS
10
144.375
20
-53.018029999999996
11
144.3554230000000018
21
-53.1416369999999958
0
LINE
8
BLACK
6
CONTINUOUS
10
144.3554230000000018
20
-53.1416369999999958
11
144.2986070000000041
21
-53.2531439999999989
0
LINE
8
BLACK
6
CONTINUOUS
10
144.2986070000000041
20
-53.2531439999999989
11
144.2101140000000044
21
-53.3416369999999986
0
LINE
8
BLACK
6
CONTINUOUS
10
144.2101140000000044
20
-53.3416369999999986
11
144.098606999999987
21
-53.3984529999999964
0
LINE
8
BLACK
6
CONTINUOUS
10
144.098606999999987
20
-53.3984529999999964
11
143.9749999999999943
21
-53.4180299999999946
0
LINE
8
BLACK
6
CONTINUOUS
10
143.9749999999999943
20
-53.4180299999999946
11
143.8513930000000016
21
-53.3984529999999964
0
LINE
8
BLACK
6
CONTINUOUS
10
143.8513930000000016
20
-53.3984529999999964
11
143.7398859999999843
21
-53.3416369999999986
0
LINE
8
BLACK
6
CONTINUOUS
10
143.7398859999999843
20
-53.3416369999999986
11
143.6513929999999846
21
-53.2531439999999989
0
LINE
8
BLACK
6
CONTINUOUS
10
143.6513929999999846
20
-53.2531439999999989
11
143.5945769999999868
21
-53.1416369999999958
0
LINE
8
BLACK
6
CONTINUOUS
10
143.5945769999999868
20
-53.1416369999999958
11
143.5749999999999886
21
-53.018029999999996
0
LINE
8
BLACK
6
CONTINUOUS
10
143.5749999999999886
20
-53.018029999999996
11
143.5945769999999868
21
-52.8944229999999962
0
LINE
8
BLACK
6
CONTINUOUS
10
143.5945769999999868
20
-52.8944229999999962
11
143.6513929999999846
21
-52.7829160000000002
0
LINE
8
BLACK
6
CONTINUOUS
10
143.6513929999999846
20
-52.7829160000000002
11
143.7398859999999843
21
-52.6944230000000005
0
LINE
8
BLACK
6
CONTINUOUS
10
143.7398859999999843
20
-52.6944230000000005
11
143.8513930000000016
21
-52.6376069999999956
0
LINE
8
BLACK
6
CONTINUOUS
10
143.8513930000000016
20
-52.6376069999999956
11
143.9749999999999943
21
-52.6180299999999974
0
LINE
8
BLACK
6
CONTINUOUS
10
143.9749999999999943
20
-52.6180299999999974
11
144.098606999999987
21
-52.6376069999999956
0
LINE
8
BLACK
6
CONTINUOUS
10
142.3736069999999927
20
-51.1195769999999996
11
142.4851139999999816
21
-51.1763929999999974
0
LINE
8
BLACK
6
CONTINUOUS
10
142.4851139999999816
20
-51.1763929999999974
11
142.5736069999999813
21
-51.2648859999999971
0
LINE
8
BLACK
6
CONTINUOUS
10
142.5736069999999813
20
-51.2648859999999971
11
142.6304230000000075
21
-51.3763930000000002
0
LINE
8
BLACK
6
CONTINUOUS
10
142.6304230000000075
20
-51.3763930000000002
11
142.6500000000000057
21
-51.5
0
LINE
8
BLACK
6
CONTINUOUS
10
142.6500000000000057
20
-51.5
11
142.6304230000000075
21
-51.6236069999999998
0
LINE
8
BLACK
6
CONTINUOUS
10
142.6304230000000075
20
-51.6236069999999998
11
142.5736069999999813
21
-51.7351139999999958
0
LINE
8
BLACK
6
CONTINUOUS
10
142.5736069999999813
20
-51.7351139999999958
11
142.4851139999999816
21
-51.8236069999999955
0
LINE
8
BLACK
6
CONTINUOUS
10
142.4851139999999816
20
-51.8236069999999955
11
142.3736069999999927
21
-51.8804230000000004
0
LINE
8
BLACK
6
CONTINUOUS
10
142.3736069999999927
20
-51.8804230000000004
11
142.25
21
-51.8999999999999986
0
LINE
8
BLACK
6
CONTINUOUS
10
142.25
20
-51.8999999999999986
11
142.1263930000000073
21
-51.8804230000000004
0
LINE
8
BLACK
6
CONTINUOUS
10
142.1263930000000073
20
-51.8804230000000004
11
142.01488599999999
21
-51.8236069999999955
0
LINE
8
BLACK
6
CONTINUOUS
10
142.01488599999999
20
-51.8236069999999955
11
141.9263929999999903
21
-51.7351139999999958
0
LINE
8
BLACK
6
CONTINUOUS
10
141.9263929999999903
20
-51.7351139999999958
11
141.8695769999999925
21
-51.6236069999999998
0
LINE
8
BLACK
6
CONTINUOUS
10
141.8695769999999925
20
-51.6236069999999998
11
141.8499999999999943
21
-51.5
0
LINE
8
BLACK
6
CONTINUOUS
10
141.8499999999999943
20
-51.5
11
141.8695769999999925
21
-51.3763930000000002
0
LINE
8
BLACK
6
CONTINUOUS
10
141.8695769999999925
20
-51.3763930000000002
11
141.9263929999999903
21
-51.2648859999999971
0
LINE
8
BLACK
6
CONTINUOUS
10
141.9263929999999903
20
-51.2648859999999971
11
142.01488599999999
21
-51.1763929999999974
0
LINE
8
BLACK
6
CONTINUOUS
10
142.01488599999999
20
-51.1763929999999974
11
142.1263930000000073
21
-51.1195769999999996
0
LINE
8
BLACK
6
CONTINUOUS
10
142.1263930000000073
20
-51.1195769999999996
11
142.25
21
-51.0999999999999943
0
LINE
8
BLACK
6
CONTINUOUS
10
142.25
20
-51.0999999999999943
11
142.3736069999999927
21
-51.1195769999999996
0
LINE
8
BLACK
6
CONTINUOUS
10
148.7586069999999836
20
-49.9845769999999945
11
148.8701140000000009
21
-50.0413929999999993
0
LINE
8
BLACK
6
CONTINUOUS
10
148.8701140000000009
20
-50.0413929999999993
11
148.9586070000000007
21
-50.1298859999999991
0
LINE
8
BLACK
6
CONTINUOUS
10
148.9586070000000007
20
-50.1298859999999991
11
149.0154229999999984
21
-50.2413929999999951
0
LINE
8
BLACK
6
CONTINUOUS
10
149.0154229999999984
20
-50.2413929999999951
11
149.0349999999999966
21
-50.3649999999999949
0
LINE
8
BLACK
6
CONTINUOUS
10
149.0349999999999966
20
-50.3649999999999949
11
149.0154229999999984
21
-50.4886069999999947
0
LINE
8
BLACK
6
CONTINUOUS
10
149.0154229999999984
20
-50.4886069999999947
11
148.9586070000000007
21
-50.6001139999999978
0
LINE
8
BLACK
6
CONTINUOUS
10
148.9586070000000007
20
-50.6001139999999978
11
148.8701140000000009
21
-50.6886069999999975
0
LINE
8
BLACK
6
CONTINUOUS
10
148.8701140000000009
20
-50.6886069999999975
11
148.7586069999999836
21
-50.7454229999999953
0
LINE
8
BLACK
6
CONTINUOUS
10
148.7586069999999836
20
-50.7454229999999953
11
148.6349999999999909
21
-50.7650000000000006
0
LINE
8
BLACK
6
CONTINUOUS
10
148.6349999999999909
20
-50.7650000000000006
11
148.5113929999999982
21
-50.7454229999999953
0
LINE
8
BLACK
6
CONTINUOUS
10
148.5113929999999982
20
-50.7454229999999953
11
148.3998859999999809
21
-50.6886069999999975
0
LINE
8
BLACK
6
CONTINUOUS
10
148.3998859999999809
20
-50.6886069999999975
11
148.3113929999999812
21
-50.6001139999999978
0
LINE
8
BLACK
6
CONTINUOUS
10
148.3113929999999812
20
-50.6001139999999978
11
148.2545769999999834
21
-50.4886069999999947
0
LINE
8
BLACK
6
CONTINUOUS
10
148.2545769999999834
20
-50.4886069999999947
11
148.2349999999999852
21
-50.3649999999999949
0
LINE
8
BLACK
6
CONTINUOUS
10
148.2349999999999852
20
-50.3649999999999949
11
148.2545769999999834
21
-50.2413929999999951
0
LINE
8
BLACK
6
CONTINUOUS
10
148.2545769999999834
20
-50.2413929999999951
11
148.3113929999999812
21
-50.1298859999999991
0
LINE
8
BLACK
6
CONTINUOUS
10
148.3113929999999812
20
-50.1298859999999991
11
148.3998859999999809
21
-50.0413929999999993
0
LINE
8
BLACK
6
CONTINUOUS
10
148.3998859999999809
20
-50.0413929999999993
11
148.5113929999999982
21
-49.9845769999999945
0
LINE
8
BLACK
6
CONTINUOUS
10
148.5113929999999982
20
-49.9845769999999945
11
148.6349999999999909
21
-49.9649999999999963
0
LINE
8
BLACK
6
CONTINUOUS
10
148.6349999999999909
20
-49.9649999999999963
11
148.7586069999999836
21
-49.9845769999999945
0
LINE
8
BLACK
6
CONTINUOUS
10
153.8736069999999927
20
-48.6195769999999996
11
153.9851139999999816
21
-48.6763929999999974
0
LINE
8
BLACK
6
CONTINUOUS
10
153.9851139999999816
20
-48.6763929999999974
11
154.0736069999999813
21
-48.7648859999999971
0
LINE
8
BLACK
6
CONTINUOUS
10
154.0736069999999813
20
-48.7648859999999971
11
154.1304229999999791
21
-48.8763930000000002
0
LINE
8
BLACK
6
CONTINUOUS
10
154.1304229999999791
20
-48.8763930000000002
11
154.1500000000000057
21
-49.
0
LINE
8
BLACK
6
CONTINUOUS
10
154.1500000000000057
20
-49.
11
154.1304229999999791
21
-49.1236069999999998
0
LINE
8
BLACK
6
CONTINUOUS
10
154.1304229999999791
20
-49.1236069999999998
11
154.0736069999999813
21
-49.2351139999999958
0
LINE
8
BLACK
6
CONTINUOUS
10
154.0736069999999813
20
-49.2351139999999958
11
153.9851139999999816
21
-49.3236069999999955
0
LINE
8
BLACK
6
CONTINUOUS
10
153.9851139999999816
20
-49.3236069999999955
11
153.8736069999999927
21
-49.3804230000000004
0
LINE
8
BLACK
6
CONTINUOUS
10
153.8736069999999927
20
-49.3804230000000004
11
153.75
21
-49.3999999999999986
0
LINE
8
BLACK
6
CONTINUOUS
10
153.75
20
-49.3999999999999986
11
153.6263929999999789
21
-49.3804230000000004
0
LINE
8
BLACK
6
CONTINUOUS
10
153.6263929999999789
20
-49.3804230000000004
11
153.51488599999999
21
-49.3236069999999955
0
LINE
8
BLACK
6
CONTINUOUS
10
153.51488599999999
20
-49.3236069999999955
11
153.4263929999999903
21
-49.2351139999999958
0
LINE
8
BLACK
6
CONTINUOUS
10
153.4263929999999903
20
-49.2351139999999958
11
153.3695769999999925
21
-49.1236069999999998
0
LINE
8
BLACK
6
CONTINUOUS
10
153.3695769999999925
20
-49.1236069999999998
11
153.3499999999999943
21
-49.
0
LINE
8
BLACK
6
CONTINUOUS
10
153.3499999999999943
20
-49.
11
153.3695769999999925
21
-48.8763930000000002
0
LINE
8
BLACK
6
CONTINUOUS
10
153.3695769999999925
20
-48.8763930000000002
11
153.4263929999999903
21
-48.7648859999999971
0
LINE
8
BLACK
6
CONTINUOUS
10
153.4263929999999903
20
-48.7648859999999971
11
153.51488599999999
21
-48.6763929999999974
0
LINE
8
BLACK
6
CONTINUOUS
10
153.51488599999999
20
-48.6763929999999974
11
153.6263929999999789
21
-48.6195769999999996
0
LINE
8
BLACK
6
CONTINUOUS
10
153.6263929999999789
20
-48.6195769999999996
11
153.75
21
-48.5999999999999943
0
LINE
8
BLACK
6
CONTINUOUS
10
153.75
20
-48.5999999999999943
11
153.8736069999999927
21
-48.6195769999999996
0
CIRCLE
8
BLACK
10
135.1999999999999886
20
-68.5999999999999943
40
0.2
0
CIRCLE
8
BLACK
10
156.3369999999999891
20
-103.7590000000000003
40
0.2
0
CIRCLE
8
BLACK
10
160.7819999999999823
20
-67.563999999999993
40
0.2
0
CIRCLE
8
BLACK
10
149.0979999999999848
20
-70.3579999999999899
40
0.2
0
CIRCLE
8
BLACK
10
171.
20
-66.5
40
0.2
0
CIRCLE
8
BLACK
10
127.1149999999999949
20
-73.
40
0.2
0
CIRCLE
8
BLACK
10
147.828000000000003
20
-70.3579999999999899
40
0.2
0
CIRCLE
8
BLACK
10
164.2109999999999843
20
-100.2029999999999887
40
0.2
0
CIRCLE
8
BLACK
10
147.0660000000000025
20
-60.019999999999996
40
0.2
0
CIRCLE
8
BLACK
10
129.75
20
-66.5
40
0.2
0
CIRCLE
8
BLACK
10
150.367999999999995
20
-72.8979999999999961
40
0.2
0
CIRCLE
8
BLACK
10
153.1620000000000061
20
-59.1819999999999951
40
0.2
0
CIRCLE
8
BLACK
10
131.6056859999999915
20
-86.9022310000000004
40
0.2
0
CIRCLE
8
BLACK
10
165.8619999999999948
20
-92.2019999999999982
40
0.2
0
CIRCLE
8
BLACK
10
143.9749999999999943
20
-53.018029999999996
40
0.2
0
CIRCLE
8
BLACK
10
142.25
20
-51.5
40
0.2
0
CIRCLE
8
BLACK
10
168.1374999999999886
20
-73.6375000000000028
40
0.2
0
CIRCLE
8
BLACK
10
168.782999999999987
20
-89.6619999999999919
40
0.2
0
CIRCLE
8
BLACK
10
155.8624999999999829
20
-84.8875000000000028
40
0.2
0
CIRCLE
8
BLACK
10
132.9303309999999954
20
-72.1303309999999982
40
0.2
0
CIRCLE
8
BLACK
10
149.0979999999999848
20
-72.8979999999999961
40
0.2
0
CIRCLE
8
BLACK
10
170.8499999999999943
20
-93.9799999999999898
40
0.2
0
CIRCLE
8
BLACK
10
149.0979999999999848
20
-71.6280000000000001
40
0.2
0
CIRCLE
8
BLACK
10
172.1349999999999909
20
-72.8849999999999909
40
0.2
0
CIRCLE
8
BLACK
10
153.1620000000000061
20
-56.2625639999999976
40
0.2
0
CIRCLE
8
BLACK
10
153.1620000000000061
20
-60.9599999999999937
40
0.2
0
CIRCLE
8
BLACK
10
148.6349999999999909
20
-50.3649999999999949
40
0.2
0
CIRCLE
8
BLACK
10
150.367999999999995
20
-71.6280000000000001
40
0.2
0
CIRCLE
8
BLACK
10
150.367999999999995
20
-70.3579999999999899
40
0.2
0
CIRCLE
8
BLACK
10
158.1769999999999925
20
-83.25
40
0.2
0
CIRCLE
8
BLACK
10
147.828000000000003
20
-72.8979999999999961
40
0.2
0
CIRCLE
8
BLACK
10
167.90949999999998
20
-83.0904999999999916
40
0.2
0
CIRCLE
8
BLACK
10
147.828000000000003
20
-71.6280000000000001
40
0.2
0
CIRCLE
8
BLACK
10
128.25
20
-66.5
40
0.2
0
CIRCLE
8
BLACK
10
172.8079510000000028
20
-78.7072069999999968
40
0.2
0
CIRCLE
8
BLACK
10
126.25
20
-79.
40
0.2
0
CIRCLE
8
BLACK
10
135.382000000000005
20
-79.2479999999999905
40
0.2
0
CIRCLE
8
BLACK
10
173.25
20
-77.75
40
0.2
0
CIRCLE
8
BLACK
10
153.75
20
-49.
40
0.2
0
CIRCLE
8
BLACK
10
125.8449999999999989
20
-78.
40
0.2
0
CIRCLE
8
BLACK
10
141.98599999999999
20
-97.0279999999999916
40
0.2
0
CIRCLE
8
BLACK
10
140.0809999999999889
20
-89.027000000000001
40
0.2
0
CIRCLE
8
BLACK
10
159.6389999999999816
20
-79.6289999999999907
40
0.2
0
CIRCLE
8
BLACK
10
161.0360000000000014
20
-80.8990000000000009
40
0.2
0
CIRCLE
8
BLACK
10
131.5720000000000027
20
-92.0720000000000027
40
0.2
0
CIRCLE
8
BLACK
10
165.9947290000000066
20
-99.7900839999999931
40
0.2
0
CIRCLE
8
BLACK
10
165.353999999999985
20
-95.3769999999999953
40
0.2
0
CIRCLE
8
BLACK
10
139.6999999999999886
20
-66.039999999999992
40
0.2
0
CIRCLE
8
BLACK
10
155.7019999999999982
20
-79.2479999999999905
40
0.2
0
CIRCLE
8
BLACK
10
157.9879999999999995
20
-65.5319999999999965
40
0.2
0
CIRCLE
8
BLACK
10
133.7309999999999945
20
-77.4699999999999989
40
0.2
0
CIRCLE
8
BLACK
10
163.4150410000000022
20
-82.4569589999999977
40
0.2
0
CIRCLE
8
BLACK
10
152.4000000000000057
20
-62.2299999999999969
40
0.2
0
CIRCLE
8
BLACK
10
146.4906859999999824
20
-61.9137719999999945
40
0.2
0
CIRCLE
8
BLACK
10
128.
20
-94.25
40
0.2
0
CIRCLE
8
BLACK
10
150.7489999999999952
20
-62.2299999999999969
40
0.2
0
CIRCLE
8
BLACK
10
155.8874999999999886
20
-86.6124999999999972
40
0.2
0
CIRCLE
8
BLACK
10
166.3700000000000045
20
-101.0919999999999987
40
0.2
0
CIRCLE
8
BLACK
10
141.98599999999999
20
-57.4039999999999964
40
0.2
0
CIRCLE
8
BLACK
10
141.2239999999999895
20
-78.48599999999999
40
0.2
0
CIRCLE
8
BLACK
10
147.3199999999999932
20
-56.1340000000000003
40
0.2
0
CIRCLE
8
BLACK
10
168.1374999999999886
20
-75.3624999999999972
40
0.2
0
CIRCLE
8
BLACK
10
147.7009999999999934
20
-62.1029999999999944
40
0.2
0
CIRCLE
8
BLACK
10
138.9379999999999882
20
-62.4839999999999947
40
0.2
0
CIRCLE
8
BLACK
10
163.8649999999999807
20
-76.3849999999999909
40
0.2
0
CIRCLE
8
BLACK
10
158.6253229999999803
20
-75.2877539999999925
40
0.2
0
CIRCLE
8
BLACK
10
140.0140910000000076
20
-76.9904579999999896
40
0.2
0
CIRCLE
8
BLACK
10
154.686000000000007
20
-81.0259999999999962
40
0.2
0
CIRCLE
8
BLACK
10
156.75
20
-93.25
40
0.2
0
CIRCLE
8
BLACK
10
138.
20
-104.25
40
0.2
0
CIRCLE
8
BLACK
10
175.25
20
-75.25
40
0.2
0
CIRCLE
8
BLACK
10
174.25
20
-71.5
40
0.2
0
CIRCLE
8
BLACK
10
124.75
20
-69.
40
0.2
0
CIRCLE
8
BLACK
10
145.25
20
-48.75
40
0.2
0
CIRCLE
8
BLACK
10
174.25
20
-69.
40
0.2
0
CIRCLE
8
BLACK
10
150.8649999999999807
20
-51.9429999999999978
40
0.2
0
CIRCLE
8
BLACK
10
173.4124999999999943
20
-67.5874999999999915
40
0.2
0
CIRCLE
8
BLACK
10
139.8269999999999982
20
-71.3739999999999952
40
0.2
0
CIRCLE
8
BLACK
10
169.5
20
-66.
40
0.2
0
CIRCLE
8
BLACK
10
138.8924399999999935
20
-72.308250000000001
40
0.2
0
CIRCLE
8
BLACK
10
137.9333230000000015
20
-73.872045
40
0.2
0
CIRCLE
8
BLACK
10
141.75
20
-53.
40
0.2
0
CIRCLE
8
BLACK
10
142.25
20
-50.
40
0.2
0
CIRCLE
8
BLACK
10
138.
20
-72.7999999999999972
40
0.2
0
CIRCLE
8
BLACK
10
138.5055710000000033
20
-75.7527850000000029
40
0.2
0
CIRCLE
8
BLACK
10
132.0875000000000057
20
-67.5874999999999915
40
0.2
0
CIRCLE
8
BLACK
10
138.3954420000000027
20
-74.7588650000000001
40
0.2
0
CIRCLE
8
BLACK
10
125.9124999999999943
20
-67.5874999999999915
40
0.2
0
CIRCLE
8
BLACK
10
162.
20
-54.7999999999999972
40
0.2
0
CIRCLE
8
BLACK
10
144.525999999999982
20
-62.2299999999999969
40
0.2
0
CIRCLE
8
BLACK
10
167.6399999999999864
20
-71.8819999999999908
40
0.2
0
CIRCLE
8
BLACK
10
130.0625
20
-73.9375
40
0.2
0
CIRCLE
8
BLACK
10
163.220499999999987
20
-97.2284999999999968
40
0.2
0
CIRCLE
8
BLACK
10
139.4000000000000057
20
-76.2000000000000028
40
0.2
0
CIRCLE
8
BLACK
10
164.1999999999999886
20
-68.
40
0.2
0
CIRCLE
8
BLACK
10
169.9693670000000054
20
-73.5919260000000008
40
0.2
0
CIRCLE
8
BLACK
10
145.5420000000000016
20
-62.2299999999999969
40
0.2
0
CIRCLE
8
BLACK
10
136.5999999999999943
20
-72.5999999999999943
40
0.2
0
CIRCLE
8
BLACK
10
173.5865979999999809
20
-69.7482669999999985
40
0.2
0
CIRCLE
8
BLACK
10
159.7999999999999829
20
-56.1999999999999957
40
0.2
0
CIRCLE
8
BLACK
10
128.6999999999999886
20
-73.8999999999999915
40
0.2
0
CIRCLE
8
BLACK
10
163.1999999999999886
20
-70.7999999999999972
40
0.2
0
CIRCLE
8
BLACK
10
142.3669999999999902
20
-63.6269999999999953
40
0.2
0
CIRCLE
8
BLACK
10
141.438999999999993
20
-64.8969999999999914
40
0.2
0
CIRCLE
8
BLACK
10
159.4000000000000057
20
-54.
40
0.2
0
CIRCLE
8
BLACK
10
139.1920000000000073
20
-70.3579999999999899
40
0.2
0
CIRCLE
8
BLACK
10
133.7999999999999829
20
-69.5999999999999943
40
0.2
0
CIRCLE
8
BLACK
10
137.5409999999999968
20
-64.5159999999999911
40
0.5
0
LINE
8
BLACK
6
CONTINUOUS
10
144.2239999999999895
20
-110.2360019999999992
11
144.2239999999999895
21
-107.695999999999998
0
LINE
8
BLACK
6
CONTINUOUS
10
138.2239999999999895
20
-110.2360019999999992
11
138.2239999999999895
21
-107.695999999999998
0
ARC
8
BLACK
10
149.7159999999999798
20
-107.695999999999998
40
0.508
50
0.00000000
51
180.00000000
0
LINE
8
BLACK
6
CONTINUOUS
10
155.2079999999999984
20
-110.2360019999999992
11
155.2079999999999984
21
-107.695999999999998
0
ARC
8
BLACK
10
167.8951999999999884
20
-108.2038999999999902
40
2.032113002460493
50
-89.99687032
51
-0.00281952
0
ARC
8
BLACK
10
125.584699999999998
20
-99.3550999999999931
40
3.5051411604243556
50
-0.02447015
51
49.78951917
0
LINE
8
BLACK
6
CONTINUOUS
10
137.2079999999999984
20
-110.2360019999999992
11
137.2079999999999984
21
-107.695999999999998
0
ARC
8
BLACK
10
173.4279999999999973
20
-99.2545999999999964
40
3.5006870013163129
50
130.39494890
51
179.99842877
0
LINE
8
BLACK
6
CONTINUOUS
10
141.2239999999999895
20
-110.2360019999999992
11
143.2079999999999984
21
-110.2360019999999992
0
LINE
8
BLACK
6
CONTINUOUS
10
140.2079999999999984
20
-110.2360019999999992
11
140.2079999999999984
21
-107.695999999999998
0
LINE
8
BLACK
6
CONTINUOUS
10
129.0898589999999899
20
-99.3565969999999936
11
129.0898589999999899
21
-108.2039999999999935
0
LINE
8
BLACK
6
CONTINUOUS
10
150.2239999999999895
20
-110.2360019999999992
11
150.2239999999999895
21
-107.695999999999998
0
LINE
8
BLACK
6
CONTINUOUS
10
169.9273129999999981
20
-99.2545039999999972
11
169.9273129999999981
21
-108.2039999999999935
0
ARC
8
BLACK
10
149.4505020000000002
20
-71.0742959999999897
40
33.5
50
0.00000000
51
180.00000000
0
ARC
8
BLACK
10
140.7159999999999798
20
-107.695999999999998
40
0.508
50
0.00000000
51
180.00000000
0
LINE
8
BLACK
6
CONTINUOUS
10
144.2239999999999895
20
-110.2360019999999992
11
146.2079999999999984
21
-110.2360019999999992
0
ARC
8
BLACK
10
143.7159999999999798
20
-107.695999999999998
40
0.508
50
0.00000000
51
180.00000000
0
ARC
8
BLACK
10
137.7159999999999798
20
-107.695999999999998
40
0.508
50
0.00000000
51
180.00000000
0
ARC
8
BLACK
10
131.1218000000000075
20
-108.2040999999999968
40
2.0319020008565865
50
-180.00281976
51
-89.99833631
0
ARC
8
BLACK
10
149.4504799999999989
20
-71.0742800000000017
40
33.500022000003824
50
-49.60704241
51
-0.00002737
0
ARC
8
BLACK
10
149.4505000000000052
20
-71.0742999999999938
40
33.4999958740311001
50
-180.00000684
51
-130.15536454
0
LINE
8
BLACK
6
CONTINUOUS
10
137.2079999999999984
20
-110.2360019999999992
11
131.1218590000000006
21
-110.2360019999999992
0
ARC
8
BLACK
10
155.7159999999999798
20
-107.695999999999998
40
0.508
50
0.00000000
51
180.00000000
0
LINE
8
BLACK
6
CONTINUOUS
10
167.8953109999999924
20
-110.23599999999999
11
156.2239999999999895
21
-110.2360019999999992
0
LINE
8
BLACK
6
CONTINUOUS
10
149.2079999999999984
20
-110.2360019999999992
11
149.2079999999999984
21
-107.695999999999998
0
ARC
8
BLACK
10
146.7159999999999798
20
-107.695999999999998
40
0.508
50
0.00000000
51
180.00000000
0
LINE
8
BLACK
6
CONTINUOUS
10
143.2079999999999984
20
-110.2360019999999992
11
143.2079999999999984
21
-107.695999999999998
0
LINE
8
BLACK
6
CONTINUOUS
10
152.2079999999999984
20
-110.2360019999999992
11
152.2079999999999984
21
-107.695999999999998
0
LINE
8
BLACK
6
CONTINUOUS
10
153.2239999999999895
20
-110.2360019999999992
11
155.2079999999999984
21
-110.2360019999999992
0
LINE
8
BLACK
6
CONTINUOUS
10
147.2239999999999895
20
-110.2360019999999992
11
149.2079999999999984
21
-110.2360019999999992
0
ARC
8
BLACK
10
152.7159999999999798
20
-107.695999999999998
40
0.508
50
0.00000000
51
180.00000000
0
LINE
8
BLACK
6
CONTINUOUS
10
141.2239999999999895
20
-110.2360019999999992
11
141.2239999999999895
21
-107.695999999999998
0
LINE
8
BLACK
6
CONTINUOUS
10
156.2239999999999895
20
-110.2360019999999992
11
156.2239999999999895
21
-107.695999999999998
0
LINE
8
BLACK
6
CONTINUOUS
10
153.2239999999999895
20
-110.2360019999999992
11
153.2239999999999895
21
-107.695999999999998
0
LINE
8
BLACK
6
CONTINUOUS
10
147.2239999999999895
20
-110.2360019999999992
11
147.2239999999999895
21
-107.695999999999998
0
LINE
8
BLACK
6
CONTINUOUS
10
150.2239999999999895
20
-110.2360019999999992
11
152.2079999999999984
21
-110.2360019999999992
0
LINE
8
BLACK
6
CONTINUOUS
10
138.2239999999999895
20
-110.2360019999999992
11
140.2079999999999984
21
-110.2360019999999992
0
LINE
8
BLACK
6
CONTINUOUS
10
146.2079999999999984
20
-110.2360019999999992
11
146.2079999999999984
21
-107.695999999999998
  0
ENDSEC
  0
EOF
